0.0005753677468381914
-0.00014655593551538836
0.0006893556966834934
-0.0002551158877490094
0.0006025077348965967
-0.0002551158877490094
0.0004830917874396135
-0.0001899799164088368
0.0006676437062367693
-4.34239808934484e-05
0.0006893556966834934
-0.00036367583998263037
0.000531943765944743
-3.2567985670086304e-05
0.0005807957444498725
-9.770395701025892e-05
0.0006025077348965967
-4.885197850512946e-05
0.000754491668023666
-0.00024968789013732833
0.000428811811322803
-0.00026054388536069043
0.0004505238017695272
-7.056396895185366e-05
0.0005753677468381914
2.17119904467242e-05
0.0006567877110134072
-6.513597134017261e-05
0.000526515768333062
-0.00020626390924387994
0.0004885197850512946
-0.00022254790207892308
0.0006730717038484502
-7.59919665635347e-05
0.0005862237420615535
-0.00027139988058405253
0.000531943765944743
-0.00018455191879715574
0.0006893556966834934
-0.00011398794984530207
0.0005753677468381914
-0.00011941594745698312
0.0005862237420615535
-0.0002876838734190957
0.0005048037778863378
-0.00017912392118547466
0.000531943765944743
-0.0001736959235737936
0.0005699397492265104
-2.7139988058405254e-05
0.0007056396895185365
-0.0002442598925256473
0.0005699397492265104
-0.00010855995223362102
0.0006296477229550019
-0.00019540791402051784
0.0005048037778863378
-0.00011398794984530207
0.0007979156489171144
-0.00010855995223362102
0.0005753677468381914
-0.0001899799164088368
0.0005373717635564241
-2.7139988058405254e-05
0.0007436356728003039
-0.0002876838734190957
0.0007056396895185365
-0.0003419638495359062
0.0005590837540031483
-0.00017912392118547466
0.0006079357325082777
-0.0001628399283504315
0.000531943765944743
-8.141996417521576e-05
0.0006893556966834934
-0.00016826792596211256
0.0005482277587797862
-0.00021169190685556098
0.000645931715790045
-0.00010855995223362102
0.0005536557563914672
-0.00018455191879715574
0.0005210877707213809
-7.056396895185366e-05
0.0005427997611681051
-0.00014112793790370731
0.000640503718178364
-5.970797372849156e-05
0.0007436356728003039
-0.0001519839331270694
0.0005753677468381914
-7.59919665635347e-05
0.0004939477826629757
-0.00021169190685556098
0.0006622157086250881
-0.00017912392118547466
0.0006784997014601314
-0.0001899799164088368
0.0004885197850512946
-0.00014112793790370731
0.0006187917277316398
-0.00014655593551538836
0.0005916517396732346
-0.0003039678662541388
0.0005862237420615535
-0.000325679856700863
0.0005807957444498725
-0.0001519839331270694
0.00041252781848775987
-0.00039081582804103567
0.00028225587580741463
-0.0001736959235737936
0.000526515768333062
-0.0001736959235737936
0.0005753677468381914
-0.00011941594745698312
0.000428811811322803
-9.770395701025892e-05
0.0005807957444498725
-0.0001736959235737936
0.000645931715790045
-0.0001628399283504315
0.000651359713401726
-0.0002659718829723715
0.0005156597731096999
-0.00022797589969060413
0.00047766378982793246
-0.00014112793790370731
0.0007002116919068555
0.00010855995223362102
0.0005862237420615535
-0.0002985398686424578
0.0004505238017695272
-1.6283992835043152e-05
0.0007762036584703902
2.17119904467242e-05
0.000645931715790045
0.00013027194268034522
0.0005699397492265104
-0.00021169190685556098
0.0005536557563914672
-0.00012484394506866417
0.0007924876513054334
-0.00014112793790370731
0.0006947836942951744
-9.770395701025892e-05
0.000526515768333062
-0.00021711990446724203
0.0005807957444498725
-0.00028225587580741463
0.0006567877110134072
-0.00013027194268034522
0.0006947836942951744
-0.00017912392118547466
0.0006079357325082777
-0.00027139988058405253
0.0005862237420615535
-0.00023340389730228518
0.0005753677468381914
-0.00010855995223362102
0.0005373717635564241
-0.00012484394506866417
0.0005482277587797862
-0.00020626390924387994
0.0008196276393638386
-7.056396895185366e-05
0.0007219236823535797
-0.0003419638495359062
0.0005482277587797862
-0.00014112793790370731
0.0004505238017695272
-0.0002768278781957336
0.0006676437062367693
-0.00022254790207892308
0.0007436356728003039
-0.0001736959235737936
0.0005970797372849156
-0.00026054388536069043
0.0005862237420615535
-0.00021169190685556098
0.0006893556966834934
-0.0002985398686424578
0.0006567877110134072
-0.00022254790207892308
0.0006784997014601314
-5.427997611681051e-05
0.0007273516799652607
-7.056396895185366e-05
0.0004939477826629757
7.59919665635347e-05
0.0008033436465287955
-0.00014112793790370731
0.0004993757802746567
-0.00022254790207892308
0.0007762036584703902
-0.00013027194268034522
0.0007599196656353471
-2.7139988058405254e-05
0.0003853878304293546
-0.00014112793790370731
0.000531943765944743
-0.00014655593551538836
0.0006947836942951744
-0.00021711990446724203
0.000754491668023666
-0.00012484394506866417
0.0007599196656353471
-0.0001628399283504315
0.0006893556966834934
-0.00027139988058405253
0.0007219236823535797
-0.00023340389730228518
0.0004885197850512946
-1.6283992835043152e-05
0.0003799598328176736
-0.0003039678662541388
0.0005862237420615535
-8.68479617868968e-05
0.0006947836942951744
-5.970797372849156e-05
0.0005536557563914672
-0.00011398794984530207
0.0005536557563914672
-0.00014655593551538836
0.0005427997611681051
-0.00011398794984530207
0.0007653476632470281
-4.885197850512946e-05
0.0004830917874396135
-0.0002551158877490094
0.000651359713401726
-0.00010313195462193997
0.0006676437062367693
-0.0002442598925256473
0.0005699397492265104
-0.00020626390924387994
0.0007273516799652607
-5.427997611681051e-05
0.0006893556966834934
-0.0001899799164088368
0.0005916517396732346
-7.59919665635347e-05
0.0006133637301199588
-0.00020626390924387994
0.0005210877707213809
-7.59919665635347e-05
0.0006187917277316398
-0.00011941594745698312
0.0004722357922162514
-0.00023883189491396623
0.0007219236823535797
-9.227595939857787e-05
0.000531943765944743
-0.0001519839331270694
0.0007436356728003039
-0.0002659718829723715
0.0007436356728003039
-9.227595939857787e-05
0.0006296477229550019
-0.0002659718829723715
0.0007110676871302176
-0.00023883189491396623
0.0004885197850512946
-0.00010855995223362102
0.000640503718178364
-6.513597134017261e-05
0.00047766378982793246
-0.0001899799164088368
0.0005590837540031483
-5.970797372849156e-05
0.0005590837540031483
-9.227595939857787e-05
0.0006839276990718123
-0.00020626390924387994
0.0005807957444498725
-0.0001628399283504315
0.0007273516799652607
-8.141996417521576e-05
0.0006622157086250881
-3.2567985670086304e-05
0.000640503718178364
-0.00021711990446724203
0.0006133637301199588
-0.00013027194268034522
0.0006839276990718123
-0.0002551158877490094
0.0007273516799652607
-0.0001628399283504315
0.0005482277587797862
-4.885197850512946e-05
0.000651359713401726
-0.00011941594745698312
0.0005699397492265104
-5.970797372849156e-05
0.0005156597731096999
-0.0001736959235737936
0.0006622157086250881
-5.427997611681051e-05
0.0006784997014601314
-0.00021711990446724203
0.0007599196656353471
-4.34239808934484e-05
0.000738207675188623
-0.00020083591163219889
0.0006187917277316398
-0.0001899799164088368
0.0006567877110134072
-0.00012484394506866417
0.0005699397492265104
-1.08559952233621e-05
0.000635075720566683
-0.00010855995223362102
0.0006947836942951744
-0.00012484394506866417
0.0007002116919068555
-0.0002551158877490094
0.0007979156489171144
5.970797372849156e-05
0.0004993757802746567
-0.00014112793790370731
0.0006025077348965967
-9.227595939857787e-05
0.0005156597731096999
-1.08559952233621e-05
0.0006133637301199588
-8.141996417521576e-05
0.000651359713401726
-0.0001628399283504315
0.000640503718178364
-4.34239808934484e-05
0.0006025077348965967
-0.00020083591163219889
0.000738207675188623
5.42799761168105e-06
0.000645931715790045
-0.00016826792596211256
0.0006839276990718123
-0.0002551158877490094
0.0005970797372849156
-0.0002551158877490094
0.0007056396895185365
-0.00024968789013732833
0.000531943765944743
-7.59919665635347e-05
0.0007816316560820713
-0.0001899799164088368
0.0006296477229550019
-0.0002442598925256473
0.0005482277587797862
-0.00028225587580741463
0.0007653476632470281
-0.00014112793790370731
0.0005210877707213809
-1.08559952233621e-05
0.0005645117516148293
-4.885197850512946e-05
0.0006784997014601314
-0.00013569994029202626
0.000428811811322803
-1.08559952233621e-05
0.0004993757802746567
-0.0001899799164088368
0.00040167182326439777
-0.00012484394506866417
0.0005156597731096999
-0.00017912392118547466
0.0007219236823535797
-3.799598328176735e-05
0.000645931715790045
-0.00020626390924387994
0.0005862237420615535
-6.513597134017261e-05
0.000526515768333062
-0.00020083591163219889
0.0009607555772675459
-0.00016826792596211256
0.00047766378982793246
-0.0001628399283504315
0.0007599196656353471
-0.0001899799164088368
0.000526515768333062
-0.00016826792596211256
0.0005373717635564241
-0.0001519839331270694
0.0006296477229550019
-0.00021169190685556098
0.0006133637301199588
-0.00015741193073875046
0.0005645117516148293
-0.00012484394506866417
0.0004830917874396135
-8.141996417521576e-05
0.0006839276990718123
-0.00023340389730228518
0.0007056396895185365
-0.00027139988058405253
0.0007219236823535797
-0.00010313195462193997
0.0006947836942951744
3.799598328176735e-05
0.0007110676871302176
-0.00019540791402051784
0.000531943765944743
-0.00022797589969060413
0.0005645117516148293
-0.0002442598925256473
0.0005916517396732346
-0.00015741193073875046
0.0004396678065461651
-6.513597134017261e-05
0.000635075720566683
-0.00020083591163219889
0.0004179558160994409
-0.00019540791402051784
0.000645931715790045
-0.00020083591163219889
0.0006622157086250881
-0.00010313195462193997
0.0006025077348965967
-0.00018455191879715574
0.0006730717038484502
-0.0002551158877490094
0.0007273516799652607
-0.00011941594745698312
0.000651359713401726
-7.59919665635347e-05
0.0004939477826629757
-0.0002442598925256473
0.0006187917277316398
-0.00010855995223362102
0.000531943765944743
-0.00018455191879715574
0.000754491668023666
-7.056396895185366e-05
0.0005807957444498725
-0.00020083591163219889
0.0005645117516148293
-0.0001628399283504315
0.0005753677468381914
-5.970797372849156e-05
0.0005482277587797862
-7.056396895185366e-05
0.0004613797969928893
-0.00020626390924387994
0.000645931715790045
-7.056396895185366e-05
0.0006242197253433209
-0.00027139988058405253
0.0006025077348965967
-0.00013569994029202626
0.0006893556966834934
-0.00016826792596211256
0.0005210877707213809
-0.00010855995223362102
0.000645931715790045
-0.00022254790207892308
0.0005210877707213809
-9.770395701025892e-05
0.000635075720566683
-0.00014112793790370731
0.0004505238017695272
-0.0002551158877490094
0.0005699397492265104
-0.0001519839331270694
0.000635075720566683
-0.00012484394506866417
0.0005699397492265104
-0.00014112793790370731
0.0005970797372849156
-0.0002442598925256473
0.0005807957444498725
-0.0002985398686424578
0.0005699397492265104
-0.00022254790207892308
0.0006079357325082777
-9.227595939857787e-05
0.000863051620257287
-0.00023340389730228518
0.0006947836942951744
-0.00016826792596211256
0.0005645117516148293
-0.00018455191879715574
0.0007599196656353471
-5.427997611681051e-05
0.0006839276990718123
-0.00010313195462193997
0.0005699397492265104
-0.00024968789013732833
0.0005536557563914672
-0.0001519839331270694
0.0005970797372849156
-0.000320251859089182
0.0006784997014601314
-0.0001736959235737936
0.0007110676871302176
-9.770395701025892e-05
0.0005699397492265104
-0.00015741193073875046
0.0007002116919068555
-0.0001519839331270694
0.0005482277587797862
-0.0002876838734190957
0.0004722357922162514
-0.00016826792596211256
0.000645931715790045
-0.0001899799164088368
0.0004722357922162514
-0.00020626390924387994
0.0005862237420615535
-8.141996417521576e-05
0.000526515768333062
-0.00013027194268034522
0.0008413396298105628
-0.00010855995223362102
0.0006025077348965967
-0.00014112793790370731
0.0006133637301199588
-0.0001899799164088368
0.0006839276990718123
-0.00028225587580741463
0.0005156597731096999
-0.00023340389730228518
0.000526515768333062
-0.0003039678662541388
0.0008413396298105628
-0.00023340389730228518
0.0007707756608587092
-3.799598328176735e-05
0.0005102317754980188
-0.00035281984475926827
0.0005590837540031483
-0.0002659718829723715
0.0005753677468381914
-0.00014112793790370731
0.0004939477826629757
-0.00011941594745698312
0.0006622157086250881
-0.00011398794984530207
0.000635075720566683
-0.00026054388536069043
0.000640503718178364
-0.00021169190685556098
0.0004613797969928893
-0.00022254790207892308
0.0007164956847418986
-0.00012484394506866417
0.0005427997611681051
-0.00021711990446724203
0.0007110676871302176
-0.00023883189491396623
0.0004830917874396135
-0.00021169190685556098
0.0004939477826629757
-0.00014655593551538836
0.0007002116919068555
-0.00023883189491396623
0.0006784997014601314
-0.0001628399283504315
0.0006187917277316398
-0.0002442598925256473
0.0007436356728003039
-0.00013569994029202626
0.0007219236823535797
-0.0002442598925256473
0.0005373717635564241
-0.00026054388536069043
0.0005753677468381914
-0.00021169190685556098
0.000531943765944743
-0.00010313195462193997
0.0005210877707213809
-0.0003962438256527167
0.0005102317754980188
-0.00021169190685556098
0.0005645117516148293
-0.0001628399283504315
0.0006622157086250881
-0.00011398794984530207
0.0007110676871302176
-0.0003365358519242251
0.0005482277587797862
-0.0001519839331270694
0.00046680779460457037
-0.0003582478423709493
0.0007002116919068555
-0.00011398794984530207
0.0008684796178689681
-8.141996417521576e-05
0.0005807957444498725
-0.00023340389730228518
0.0007002116919068555
-0.0003365358519242251
0.0006730717038484502
-0.00021711990446724203
0.0007002116919068555
-0.0003311078543125441
0.0005916517396732346
-4.885197850512946e-05
0.0005699397492265104
-0.00010855995223362102
0.0005699397492265104
-0.00021169190685556098
0.0006187917277316398
-0.00028225587580741463
0.0006676437062367693
-0.0001519839331270694
0.000754491668023666
-0.00011398794984530207
0.0006676437062367693
-0.00010855995223362102
0.0007164956847418986
-0.0001736959235737936
0.0006187917277316398
-5.970797372849156e-05
0.0006242197253433209
-0.000320251859089182
0.000738207675188623
-0.00011941594745698312
0.0005970797372849156
-0.00015741193073875046
0.0007219236823535797
-0.00016826792596211256
0.0005699397492265104
-0.0002659718829723715
0.0005482277587797862
-0.00017912392118547466
0.0006567877110134072
-0.00020626390924387994
0.0005645117516148293
-0.00020083591163219889
0.00046680779460457037
-0.00022797589969060413
0.0005048037778863378
-0.0001519839331270694
0.0006839276990718123
-0.00023883189491396623
0.0005970797372849156
-0.00020083591163219889
0.0005048037778863378
-0.00018455191879715574
0.0007219236823535797
-5.42799761168105e-06
0.0007653476632470281
0.0
0.0008359116321988818
-0.0001519839331270694
0.00047766378982793246
-0.00021169190685556098
0.0005156597731096999
-0.00017912392118547466
0.0006187917277316398
-0.0001899799164088368
0.0005373717635564241
-0.0003365358519242251
0.0006947836942951744
-0.0002551158877490094
0.000645931715790045
-0.0001628399283504315
0.0006133637301199588
-9.227595939857787e-05
0.0005807957444498725
-0.00010855995223362102
0.000635075720566683
-0.00021711990446724203
0.0006784997014601314
-0.0001519839331270694
0.000738207675188623
1.08559952233621e-05
0.0005916517396732346
-0.00012484394506866417
0.0006676437062367693
-7.056396895185366e-05
0.0008250556369755197
-8.68479617868968e-05
0.000738207675188623
-0.00023883189491396623
0.000645931715790045
-0.0001628399283504315
0.000738207675188623
-0.00018455191879715574
0.0005482277587797862
-0.00013569994029202626
0.0008033436465287955
-2.17119904467242e-05
0.000635075720566683
-0.0001899799164088368
0.000738207675188623
-0.00017912392118547466
0.0008304836345872007
-0.00019540791402051784
0.000640503718178364
-0.00017912392118547466
0.0005970797372849156
-0.00026054388536069043
0.0007327796775769418
-3.799598328176735e-05
0.0007164956847418986
2.7139988058405254e-05
0.0007273516799652607
-5.970797372849156e-05
0.000640503718178364
-0.00011398794984530207
0.0006296477229550019
2.17119904467242e-05
0.0006730717038484502
-0.00021711990446724203
0.0008956196059273733
-0.00014655593551538836
0.0006839276990718123
-0.0001628399283504315
0.0004993757802746567
-0.0001519839331270694
0.000645931715790045
-0.00010855995223362102
0.000863051620257287
-0.00022254790207892308
0.0005373717635564241
-0.00019540791402051784
0.0007110676871302176
-7.056396895185366e-05
0.0007436356728003039
-0.00022797589969060413
0.0007327796775769418
-0.0003419638495359062
0.0007599196656353471
-7.59919665635347e-05
0.000754491668023666
-3.799598328176735e-05
0.00042338381371112197
-0.00016826792596211256
0.0005373717635564241
-0.00015741193073875046
0.0006025077348965967
-0.00015741193073875046
0.000738207675188623
-0.00024968789013732833
0.0006893556966834934
-0.00014112793790370731
0.0007653476632470281
-0.00011398794984530207
0.0005536557563914672
-0.0003365358519242251
0.0005102317754980188
-0.0001899799164088368
0.0006947836942951744
-0.0001899799164088368
0.0006784997014601314
-5.970797372849156e-05
0.0006676437062367693
-2.17119904467242e-05
0.0004939477826629757
-0.00024968789013732833
0.0006947836942951744
-4.34239808934484e-05
0.0006242197253433209
-0.00019540791402051784
0.0006242197253433209
-0.00011398794984530207
0.0006133637301199588
-7.056396895185366e-05
0.0007327796775769418
-0.00011941594745698312
0.0005373717635564241
-0.0003582478423709493
0.0005427997611681051
-0.00023340389730228518
0.000635075720566683
-7.056396895185366e-05
0.0007599196656353471
-0.00014112793790370731
0.0006133637301199588
-0.00024968789013732833
0.0005590837540031483
-0.00020626390924387994
0.0007870596536937523
-0.0002442598925256473
0.0005699397492265104
-1.08559952233621e-05
0.0006133637301199588
-0.00024968789013732833
0.0006676437062367693
-0.00022254790207892308
0.0006676437062367693
-0.0002659718829723715
0.0005427997611681051
-0.0002876838734190957
0.0006622157086250881
-0.0001899799164088368
0.0006622157086250881
-0.00026054388536069043
0.0005427997611681051
-0.00015741193073875046
0.000531943765944743
-0.00013027194268034522
0.0005862237420615535
-5.427997611681051e-05
0.0006730717038484502
-5.970797372849156e-05
0.0007653476632470281
-7.59919665635347e-05
0.0005536557563914672
1.08559952233621e-05
0.000640503718178364
-0.0002659718829723715
0.0006784997014601314
-0.00022254790207892308
0.0006784997014601314
1.6283992835043152e-05
0.0007870596536937523
-0.00011398794984530207
0.0008521956250339249
-0.00016826792596211256
0.0006622157086250881
-0.0002659718829723715
0.0005482277587797862
-0.0003039678662541388
0.0003799598328176736
-0.00020083591163219889
0.000640503718178364
-0.00014112793790370731
0.0007653476632470281
-0.00020626390924387994
0.0006025077348965967
-0.00013569994029202626
0.000635075720566683
-0.00014112793790370731
0.0005699397492265104
-0.0003148238614775009
0.0006622157086250881
-0.0003799598328176736
0.0005590837540031483
-0.00016826792596211256
0.0005699397492265104
-9.770395701025892e-05
0.0006567877110134072
-0.00021711990446724203
0.0004830917874396135
-0.00010313195462193997
0.0006839276990718123
-0.00014655593551538836
0.0007002116919068555
-0.0001736959235737936
0.0007816316560820713
-0.00014655593551538836
0.0007002116919068555
-0.0002876838734190957
0.0006622157086250881
-0.000325679856700863
0.0006025077348965967
-0.0002876838734190957
0.0006133637301199588
-0.0002985398686424578
0.0003799598328176736
-0.00022797589969060413
0.0005645117516148293
-0.0002768278781957336
0.0005427997611681051
-0.00011398794984530207
0.0007110676871302176
-0.00017912392118547466
0.0007599196656353471
-0.00016826792596211256
0.000635075720566683
-3.2567985670086304e-05
0.0005482277587797862
-0.00020083591163219889
0.0006296477229550019
-0.00027139988058405253
0.000635075720566683
-0.0001736959235737936
0.0007002116919068555
-7.59919665635347e-05
0.0005590837540031483
-0.00011941594745698312
0.0006893556966834934
-0.0001519839331270694
0.0007002116919068555
-8.141996417521576e-05
0.0006187917277316398
-7.59919665635347e-05
0.0005536557563914672
-0.00014112793790370731
0.0004179558160994409
-0.00012484394506866417
0.0006784997014601314
-0.0002768278781957336
0.0007762036584703902
-0.00011941594745698312
0.0007219236823535797
-8.141996417521576e-05
0.000645931715790045
-0.0002876838734190957
0.00039081582804103567
-0.00026054388536069043
0.0007056396895185365
-9.227595939857787e-05
0.0005970797372849156
-0.0001628399283504315
0.0006079357325082777
-0.00024968789013732833
0.00042338381371112197
-0.00016826792596211256
0.0006025077348965967
-0.00021711990446724203
0.0007870596536937523
-0.00014655593551538836
0.000651359713401726
-0.00017912392118547466
0.0005753677468381914
-9.770395701025892e-05
0.0005753677468381914
2.17119904467242e-05
0.0006079357325082777
-0.00018455191879715574
0.0006025077348965967
-0.0001736959235737936
0.0006784997014601314
-0.0001628399283504315
0.0007164956847418986
-0.00012484394506866417
0.0007273516799652607
7.056396895185366e-05
0.000645931715790045
-0.00016826792596211256
0.000635075720566683
-6.513597134017261e-05
0.0006947836942951744
-0.00013569994029202626
0.0007327796775769418
-7.056396895185366e-05
0.0007219236823535797
4.34239808934484e-05
0.000645931715790045
-0.00012484394506866417
0.0006730717038484502
-0.00021169190685556098
0.0005482277587797862
-5.427997611681051e-05
0.0006947836942951744
-0.0002442598925256473
0.0005536557563914672
-3.799598328176735e-05
0.0006296477229550019
-0.00010313195462193997
0.0006893556966834934
1.08559952233621e-05
0.0007816316560820713
-7.056396895185366e-05
0.0005482277587797862
-0.00010855995223362102
0.0006676437062367693
-0.00011398794984530207
0.0005862237420615535
-0.00017912392118547466
0.0005427997611681051
-0.0003365358519242251
0.0006622157086250881
-6.513597134017261e-05
0.0004885197850512946
-0.00020626390924387994
0.0007273516799652607
2.17119904467242e-05
0.0006296477229550019
-8.141996417521576e-05
0.0006567877110134072
-0.00014112793790370731
0.0006676437062367693
-6.513597134017261e-05
0.000857623622645606
-0.0002551158877490094
0.00046680779460457037
-0.00026054388536069043
0.0006296477229550019
-0.0003093958638658199
0.000645931715790045
-9.227595939857787e-05
0.0006187917277316398
-0.0003039678662541388
0.000645931715790045
-0.0003365358519242251
0.0005102317754980188
-0.00027139988058405253
0.0005102317754980188
3.799598328176735e-05
0.0006242197253433209
-0.00018455191879715574
0.0006242197253433209
-0.00016826792596211256
0.0005645117516148293
-0.00011941594745698312
0.0006676437062367693
-0.0002442598925256473
0.0006187917277316398
-0.00013569994029202626
0.0007653476632470281
-0.00021169190685556098
0.0006025077348965967
-0.00011941594745698312
0.0005753677468381914
-8.68479617868968e-05
0.0005482277587797862
-0.00026054388536069043
0.0005482277587797862
-0.00014655593551538836
0.0006784997014601314
-0.00023883189491396623
0.0005427997611681051
-0.0001519839331270694
0.0006025077348965967
-0.00020626390924387994
0.0005970797372849156
-0.00023340389730228518
0.0004396678065461651
-0.0001899799164088368
0.0005970797372849156
-0.00013569994029202626
0.0007056396895185365
-0.0001736959235737936
0.0007273516799652607
-0.00014655593551538836
0.0005210877707213809
-0.0002442598925256473
0.0006784997014601314
-0.00024968789013732833
0.0007327796775769418
-0.0003148238614775009
0.0005645117516148293
-0.0002442598925256473
0.0005048037778863378
-0.00013027194268034522
0.0005536557563914672
-0.0001628399283504315
0.000640503718178364
-0.00014655593551538836
0.0005645117516148293
-0.00014112793790370731
0.0005862237420615535
-0.00017912392118547466
0.0005590837540031483
-7.056396895185366e-05
0.0005645117516148293
-2.17119904467242e-05
0.0005102317754980188
-5.970797372849156e-05
0.0006133637301199588
-0.00010855995223362102
0.00040167182326439777
-0.00021711990446724203
0.0005590837540031483
-8.141996417521576e-05
0.0006025077348965967
-0.00022797589969060413
0.0006676437062367693
-0.00021169190685556098
0.000645931715790045
-0.00026054388536069043
0.0007164956847418986
-0.00026054388536069043
0.0005536557563914672
-0.00017912392118547466
0.0005862237420615535
-7.59919665635347e-05
0.0006622157086250881
-0.00021711990446724203
0.0006025077348965967
-0.00023340389730228518
0.0006079357325082777
-4.885197850512946e-05
0.000651359713401726
3.2567985670086304e-05
0.0006079357325082777
-6.513597134017261e-05
0.0006947836942951744
-5.970797372849156e-05
0.0005373717635564241
-0.00010855995223362102
0.0006296477229550019
-0.00012484394506866417
0.0003799598328176736
-0.00011398794984530207
0.0004939477826629757
-0.00022797589969060413
0.00047766378982793246
-0.00011941594745698312
0.0005210877707213809
-9.227595939857787e-05
0.0006133637301199588
-5.970797372849156e-05
0.0005862237420615535
-0.0001899799164088368
0.0006676437062367693
-0.00023340389730228518
0.0005916517396732346
-0.00013569994029202626
0.000645931715790045
-0.00018455191879715574
0.0007979156489171144
-6.513597134017261e-05
0.0007110676871302176
-0.00018455191879715574
0.0004505238017695272
-0.00011941594745698312
0.0006133637301199588
-0.00012484394506866417
0.000645931715790045
-0.0002768278781957336
0.0007273516799652607
-0.00013569994029202626
0.0005482277587797862
-0.00027139988058405253
0.0004939477826629757
-7.59919665635347e-05
0.0006839276990718123
-0.00013027194268034522
0.000749063670411985
-0.00022254790207892308
0.0005970797372849156
-8.68479617868968e-05
0.0006730717038484502
-5.427997611681051e-05
0.000645931715790045
-3.799598328176735e-05
0.000640503718178364
3.799598328176735e-05
0.0007002116919068555
-0.00021169190685556098
0.0006187917277316398
-0.0001519839331270694
0.0005753677468381914
-0.0001899799164088368
0.0005807957444498725
-0.00018455191879715574
0.0006893556966834934
-7.056396895185366e-05
0.0006242197253433209
-0.00027139988058405253
0.0005753677468381914
-0.00023883189491396623
0.0007924876513054334
-0.00012484394506866417
0.000645931715790045
-0.00019540791402051784
0.0006784997014601314
-0.00014655593551538836
0.0007164956847418986
-9.770395701025892e-05
0.0007219236823535797
-0.00014112793790370731
0.0004939477826629757
-0.0001519839331270694
0.0005210877707213809
-5.427997611681051e-05
0.0006187917277316398
0.0
0.0006187917277316398
-0.00013569994029202626
0.0006947836942951744
-0.00022254790207892308
0.000635075720566683
-0.0001899799164088368
0.00046680779460457037
-0.00024968789013732833
0.0005156597731096999
-0.00016826792596211256
0.000531943765944743
-0.00014655593551538836
0.0005590837540031483
-0.00011398794984530207
0.000635075720566683
-0.00017912392118547466
0.000651359713401726
-0.00012484394506866417
0.0006079357325082777
-0.0001736959235737936
0.0006676437062367693
-0.0003148238614775009
0.0008250556369755197
-5.42799761168105e-06
0.0006133637301199588
2.7139988058405254e-05
0.0005210877707213809
-0.00021711990446724203
0.000651359713401726
-0.0001519839331270694
0.0007056396895185365
-0.0003365358519242251
0.0007110676871302176
-0.00011941594745698312
0.0007002116919068555
-2.17119904467242e-05
0.0005862237420615535
-0.0003148238614775009
0.0005753677468381914
-0.0002551158877490094
0.0005807957444498725
-0.00022797589969060413
0.0005102317754980188
-9.770395701025892e-05
0.000531943765944743
-0.00014655593551538836
0.0007707756608587092
-0.00019540791402051784
0.000645931715790045
-8.68479617868968e-05
0.000749063670411985
-0.00011398794984530207
0.000738207675188623
-0.00012484394506866417
0.000635075720566683
-0.00022254790207892308
0.0007436356728003039
-2.7139988058405254e-05
0.0006133637301199588
-0.0001736959235737936
0.0007002116919068555
-0.0002876838734190957
0.0006622157086250881
-0.00026054388536069043
0.0005645117516148293
-0.00012484394506866417
0.0006839276990718123
-0.00028225587580741463
0.000526515768333062
-0.00018455191879715574
0.0006947836942951744
-0.00014655593551538836
0.0005916517396732346
-0.00018455191879715574
0.0005753677468381914
-0.0001519839331270694
0.0005916517396732346
-0.000320251859089182
0.0005156597731096999
-0.0002876838734190957
0.0005427997611681051
-0.0002551158877490094
0.0008196276393638386
-0.0001899799164088368
0.0005862237420615535
-0.00021711990446724203
0.0006296477229550019
5.42799761168105e-06
0.0005862237420615535
-0.00023340389730228518
0.0005916517396732346
-0.00013569994029202626
0.0006567877110134072
-6.513597134017261e-05
0.0005536557563914672
-0.0003853878304293546
0.000640503718178364
-0.00028225587580741463
0.0008141996417521576
-0.0001736959235737936
0.0006242197253433209
-0.0002442598925256473
0.0007599196656353471
-0.00020083591163219889
0.0007327796775769418
-0.00021711990446724203
0.0007002116919068555
-0.0001736959235737936
0.0005536557563914672
-0.00023883189491396623
0.0006947836942951744
-0.00015741193073875046
0.0007164956847418986
-0.00012484394506866417
0.0005807957444498725
-0.00010313195462193997
0.0005102317754980188
-0.00029311187103077673
0.000531943765944743
-0.0003039678662541388
0.0007816316560820713
-0.0002551158877490094
0.0006025077348965967
-0.0001736959235737936
0.0006784997014601314
-0.00022254790207892308
0.0005862237420615535
-0.0002659718829723715
0.00046680779460457037
-0.00018455191879715574
0.0006622157086250881
-0.0001736959235737936
0.0005645117516148293
-3.2567985670086304e-05
0.0006784997014601314
-9.227595939857787e-05
0.0007219236823535797
-0.0002768278781957336
0.00046680779460457037
-0.0002876838734190957
0.0006839276990718123
-0.00011398794984530207
0.0005862237420615535
-0.00013027194268034522
0.0007164956847418986
-0.0001628399283504315
0.0006296477229550019
-0.00010855995223362102
0.0006622157086250881
-8.141996417521576e-05
0.0006730717038484502
-0.00014112793790370731
0.0006079357325082777
-8.141996417521576e-05
0.0006622157086250881
-0.00014655593551538836
0.0005536557563914672
-0.00020626390924387994
0.0008250556369755197
-0.00014112793790370731
0.0007707756608587092
-8.141996417521576e-05
0.0007164956847418986
-7.056396895185366e-05
0.0006676437062367693
-0.0001736959235737936
0.000531943765944743
-3.799598328176735e-05
0.0004885197850512946
-0.00020083591163219889
0.000531943765944743
-0.0001899799164088368
0.0007164956847418986
-0.00018455191879715574
0.0007110676871302176
-0.00011941594745698312
0.0005427997611681051
-0.00013027194268034522
0.0006567877110134072
-0.00018455191879715574
0.000640503718178364
-0.0002659718829723715
0.0005427997611681051
-0.00014112793790370731
0.0007436356728003039
-0.000320251859089182
0.0005862237420615535
-1.08559952233621e-05
0.0005916517396732346
-0.00011398794984530207
0.0005862237420615535
-3.2567985670086304e-05
0.0006676437062367693
-0.00029311187103077673
0.0007653476632470281
-0.00018455191879715574
0.0006839276990718123
-0.00012484394506866417
0.0005048037778863378
-0.0003419638495359062
0.0005590837540031483
-0.00011398794984530207
0.0006133637301199588
-0.00023883189491396623
0.0005916517396732346
-0.00013569994029202626
0.0007002116919068555
-0.00019540791402051784
0.0006622157086250881
-0.00014655593551538836
0.0007273516799652607
-0.0001628399283504315
0.0007653476632470281
-0.00013027194268034522
0.0005970797372849156
-0.00015741193073875046
0.0005862237420615535
-0.00022254790207892308
0.000640503718178364
-0.0001736959235737936
0.000640503718178364
-0.0001736959235737936
0.000754491668023666
-9.770395701025892e-05
0.0006893556966834934
-0.00019540791402051784
0.0006893556966834934
-0.00013027194268034522
0.0005482277587797862
-0.0003148238614775009
0.0005645117516148293
-0.0002985398686424578
0.0005970797372849156
-0.00011398794984530207
0.0005210877707213809
-0.00028225587580741463
0.0005210877707213809
-0.00014112793790370731
0.0007273516799652607
-0.00010313195462193997
0.0007762036584703902
-0.0003093958638658199
0.0004722357922162514
1.08559952233621e-05
0.0005427997611681051
-0.0001736959235737936
0.000428811811322803
-0.00023340389730228518
0.0007219236823535797
-0.0001736959235737936
0.0008359116321988818
-0.00021169190685556098
0.0007164956847418986
0.0042664061227813055
0.01742387233349617
0.019122835585952343
0.0217988384085111
0.020441839005590837
0.022325354176844163
0.020268143082017045
0.022504478098029634
0.020235575096346957
0.022564186071758127
0.0203658470390273
0.022455626119524508
0.020523258969766055
0.02247191011235955
0.0203658470390273
0.022395918145796015
0.020387559029474027
0.022667318026380067
0.020436411007979157
0.02244477012430115
0.020468978993649245
0.022515334093252997
0.020360419041415622
0.02235249416490257
0.020414699017532432
0.02244477012430115
0.020561254953047822
0.022477338109971233
0.02039298702708571
0.02256961406936981
0.02050697497693101
0.022558758074146448
0.020409271019920752
0.02257504206698149
0.020550398957824456
0.022390490148184335
0.02044726700320252
0.022477338109971233
0.020468978993649245
0.022564186071758127
0.020327851055745534
0.022602182055039895
0.020468978993649245
0.02246105411713619
0.020485262986484287
0.022401346143407698
0.02045812299842588
0.022526190088476363
0.020414699017532432
0.02268360201921511
0.020387559029474027
0.022406774141019378
0.02039841502469739
0.02258047006459317
0.020539542962601097
0.02235249416490257
0.02059925093632959
0.02261846604787494
0.020463550996037562
0.022439342126689465
0.02057211094827118
0.022412202138631057
0.020425555012755794
0.022547902078923085
0.020441839005590837
0.022499050100417955
0.0204526950008142
0.022477338109971233
0.020550398957824456
0.022547902078923085
0.020414699017532432
0.022547902078923085
0.020387559029474027
0.022537046083699726
0.020544970960212777
0.022515334093252997
0.020208435108288552
0.022439342126689465
0.020463550996037562
0.022406774141019378
0.020387559029474027
0.02246105411713619
0.020414699017532432
0.022515334093252997
0.02042012701514411
0.022395918145796015
0.0203658470390273
0.022412202138631057
0.020436411007979157
0.02256961406936981
0.020441839005590837
0.022537046083699726
0.0203658470390273
0.022477338109971233
0.020430983010367477
0.02242305813385442
0.020430983010367477
0.022412202138631057
0.020414699017532432
0.02257504206698149
0.020496118981707646
0.022482766107582913
0.02050154697931933
0.022374206155349293
0.020333279053357214
0.022455626119524508
0.0203658470390273
0.02247191011235955
0.020333279053357214
0.022455626119524508
0.020322423058133855
0.022379634152960973
0.020311567062910492
0.022689030016826792
0.020425555012755794
0.022455626119524508
0.02042012701514411
0.022412202138631057
0.020306139065298812
0.022439342126689465
0.020496118981707646
0.022526190088476363
0.02040384302230907
0.022303642186397438
0.02034956304619226
0.022515334093252997
0.020430983010367477
0.022395918145796015
0.020414699017532432
0.022488194105194592
0.020544970960212777
0.022547902078923085
0.02044726700320252
0.022406774141019378
0.02034413504858058
0.022303642186397438
0.020175867122618468
0.022743309992943602
0.02045812299842588
0.022368778157737614
0.020262715084405362
0.0223144981816208
0.020213863105900235
0.022515334093252997
0.02045812299842588
0.022385062150572656
0.02042012701514411
0.022455626119524508
0.020159583129783422
0.02235792216251425
0.020425555012755794
0.022515334093252997
0.020327851055745534
0.02244477012430115
0.020425555012755794
0.022249362210280624
0.02039298702708571
0.02244477012430115
0.020268143082017045
0.0224284861314661
0.02034413504858058
0.022401346143407698
0.02039841502469739
0.022395918145796015
0.02024643109157032
0.022347066167290885
0.02034956304619226
0.022450198121912828
0.020262715084405362
0.02244477012430115
0.02034956304619226
0.022531618086088043
0.020311567062910492
0.022591326059816532
0.02030071106768713
0.022455626119524508
0.020208435108288552
0.02221679422461054
0.020322423058133855
0.022656462031156708
0.020409271019920752
0.022509906095641317
0.020523258969766055
0.022477338109971233
0.020262715084405362
0.022412202138631057
0.020327851055745534
0.022558758074146448
0.020251859089182003
0.022385062150572656
0.020409271019920752
0.022390490148184335
0.020387559029474027
0.022265646203115674
0.0203387070509689
0.02241763013624274
0.020371275036638985
0.022401346143407698
0.02031699506052217
0.02259675405742821
0.020485262986484287
0.022374206155349293
0.020289855072463767
0.022341638169679205
0.020360419041415622
0.022298214188785758
0.020485262986484287
0.022509906095641317
0.020175867122618468
0.022385062150572656
0.0203387070509689
0.022390490148184335
0.020219291103511915
0.022298214188785758
0.020387559029474027
0.022238506215057265
0.020284427074852087
0.0223144981816208
0.020409271019920752
0.02236335016012593
0.020382131031862347
0.022412202138631057
0.020327851055745534
0.022395918145796015
0.020262715084405362
0.022390490148184335
0.020311567062910492
0.022477338109971233
0.020360419041415622
0.022336210172067522
0.0203658470390273
0.02231992617923248
0.020224719101123594
0.022385062150572656
0.020306139065298812
0.022265646203115674
0.02039298702708571
0.022401346143407698
0.020387559029474027
0.022325354176844163
0.020273571079628724
0.022330782174455843
0.020327851055745534
0.022406774141019378
0.020132443141725017
0.02242305813385442
0.020468978993649245
0.022336210172067522
0.020371275036638985
0.02235792216251425
0.02034956304619226
0.02235792216251425
0.020181295120230147
0.022395918145796015
0.02045812299842588
0.022265646203115674
0.02029528307007545
0.022439342126689465
0.020127015144113337
0.02236335016012593
0.02019215111545351
0.022281930195950716
0.020159583129783422
0.022200510231775498
0.020430983010367477
0.022385062150572656
0.02020300711067687
0.022406774141019378
0.020213863105900235
0.02241763013624274
0.020268143082017045
0.022379634152960973
0.020387559029474027
0.022281930195950716
0.02014329913694838
0.022395918145796015
0.020354991043803942
0.02231992617923248
0.02024643109157032
0.02230907018400912
0.020463550996037562
0.0224284861314661
0.020360419041415622
0.022401346143407698
0.02044726700320252
0.02235249416490257
0.020268143082017045
0.02230907018400912
0.020224719101123594
0.022276502198339036
0.020360419041415622
0.02244477012430115
0.020284427074852087
0.022276502198339036
0.020371275036638985
0.022151658253270368
0.02019757911306519
0.02231992617923248
0.02029528307007545
0.022515334093252997
0.020468978993649245
0.022439342126689465
0.020241003093958636
0.0223144981816208
0.020278999077240404
0.022167942246105413
0.020116159148889975
0.022330782174455843
0.020181295120230147
0.02235249416490257
0.0203387070509689
0.022271074200727353
0.020186723117841827
0.02246648211474787
0.020289855072463767
0.022401346143407698
0.020278999077240404
0.022254790207892308
0.020425555012755794
0.02229278619117408
0.02020300711067687
0.02241763013624274
0.020241003093958636
0.02242305813385442
0.02024643109157032
0.022390490148184335
0.020333279053357214
0.02244477012430115
0.020257287086793682
0.022488194105194592
0.020311567062910492
0.022287358193562395
0.020306139065298812
0.022379634152960973
0.020165011127395105
0.022412202138631057
0.020262715084405362
0.022564186071758127
0.02029528307007545
0.022271074200727353
0.02014872713456006
0.022455626119524508
0.020241003093958636
0.0224284861314661
0.020371275036638985
0.0221136622699886
0.02008901916083157
0.022406774141019378
0.020224719101123594
0.022260218205503987
0.020333279053357214
0.022238506215057265
0.020230147098735277
0.022298214188785758
0.02019215111545351
0.02247191011235955
0.020241003093958636
0.022499050100417955
0.020224719101123594
0.02235249416490257
0.02009444715844325
0.02231992617923248
0.020165011127395105
0.022265646203115674
0.020289855072463767
0.022287358193562395
0.020311567062910492
0.02231992617923248
0.020099875156054933
0.022281930195950716
0.02024643109157032
0.022249362210280624
0.020257287086793682
0.0223144981816208
0.020333279053357214
0.022298214188785758
0.02029528307007545
0.022477338109971233
0.020262715084405362
0.02241763013624274
0.02024643109157032
0.022336210172067522
0.020224719101123594
0.02244477012430115
0.020371275036638985
0.02242305813385442
0.020333279053357214
0.02241763013624274
0.020170439125006785
0.022347066167290885
0.020262715084405362
0.022477338109971233
0.020235575096346957
0.022303642186397438
0.020414699017532432
0.022265646203115674
0.020262715084405362
0.022287358193562395
0.020523258969766055
0.02235249416490257
0.02019757911306519
0.022379634152960973
0.02024643109157032
0.022412202138631057
0.020371275036638985
0.02242305813385442
0.020284427074852087
0.022450198121912828
0.02020300711067687
0.022439342126689465
0.020186723117841827
0.022325354176844163
0.02019757911306519
0.022482766107582913
0.020262715084405362
0.022379634152960973
0.0203658470390273
0.022195082234163815
0.020273571079628724
0.02246648211474787
0.020468978993649245
0.02230907018400912
0.020175867122618468
0.022146230255658688
0.020127015144113337
0.02230907018400912
0.020327851055745534
0.022265646203115674
0.020235575096346957
0.022330782174455843
0.02034956304619226
0.02235792216251425
0.020387559029474027
0.02246648211474787
0.020235575096346957
0.022189654236552135
0.02020300711067687
0.022330782174455843
0.020165011127395105
0.022509906095641317
0.020333279053357214
0.02235249416490257
0.02030071106768713
0.022504478098029634
0.020154155132171742
0.022271074200727353
0.020251859089182003
0.022477338109971233
0.020278999077240404
0.022439342126689465
0.020251859089182003
0.022482766107582913
0.020306139065298812
0.02235249416490257
0.020072735167996524
0.022043098301036748
0.02014329913694838
0.022325354176844163
0.02030071106768713
0.02242305813385442
0.02034956304619226
0.022135374260435325
0.02019215111545351
0.022167942246105413
0.020159583129783422
0.022336210172067522
0.020268143082017045
0.022330782174455843
0.020208435108288552
0.022222222222222223
0.020251859089182003
0.022276502198339036
0.020414699017532432
0.022336210172067522
0.020306139065298812
0.022439342126689465
0.020241003093958636
0.022347066167290885
0.020175867122618468
0.02231992617923248
0.020045595179938123
0.022330782174455843
0.020165011127395105
0.022439342126689465
0.020268143082017045
0.02229278619117408
0.020132443141725017
0.022325354176844163
0.020165011127395105
0.022455626119524508
0.020165011127395105
0.02229278619117408
0.020322423058133855
0.02242305813385442
0.020268143082017045
0.022374206155349293
0.02020300711067687
0.022341638169679205
0.020251859089182003
0.022336210172067522
0.020262715084405362
0.022390490148184335
0.020262715084405362
0.02230907018400912
0.020257287086793682
0.022499050100417955
0.020284427074852087
0.022379634152960973
0.02008901916083157
0.0224284861314661
0.02031699506052217
0.022395918145796015
0.020241003093958636
0.022450198121912828
0.02031699506052217
0.022238506215057265
0.02020300711067687
0.022390490148184335
0.020354991043803942
0.022167942246105413
0.020154155132171742
0.022347066167290885
0.02031699506052217
0.022298214188785758
0.02034413504858058
0.022276502198339036
0.020186723117841827
0.022281930195950716
0.02020300711067687
0.022281930195950716
0.020273571079628724
0.022281930195950716
0.020251859089182003
0.022450198121912828
0.020268143082017045
0.022151658253270368
0.020224719101123594
0.022341638169679205
0.020322423058133855
0.02235249416490257
0.020170439125006785
0.02246105411713619
0.02008359116321989
0.022379634152960973
0.020175867122618468
0.022347066167290885
0.020219291103511915
0.022379634152960973
0.02008359116321989
0.022233078217445582
0.02014329913694838
0.022173370243717093
0.020186723117841827
0.022233078217445582
0.02024643109157032
0.022102806274765237
0.020067307170384845
0.022325354176844163
0.020061879172773165
0.022499050100417955
0.020241003093958636
0.022412202138631057
0.02011073115127829
0.022303642186397438
0.02029528307007545
0.022124518265211963
0.02031699506052217
0.022385062150572656
0.020099875156054933
0.0223144981816208
0.020241003093958636
0.02230907018400912
0.020219291103511915
0.022184226238940456
0.020121587146501658
0.022325354176844163
0.02019215111545351
0.02231992617923248
0.020170439125006785
0.022330782174455843
0.020186723117841827
0.022167942246105413
0.02014872713456006
0.022347066167290885
0.02019757911306519
0.022385062150572656
0.020251859089182003
0.02246105411713619
0.020127015144113337
0.022325354176844163
0.020175867122618468
0.02221679422461054
0.0201378711393367
0.0224284861314661
0.020235575096346957
0.02242305813385442
0.020371275036638985
0.022254790207892308
0.02024643109157032
0.022330782174455843
0.020208435108288552
0.02236335016012593
0.020181295120230147
0.02216251424849373
0.020127015144113337
0.022222222222222223
0.020159583129783422
0.022406774141019378
0.02019757911306519
0.02229278619117408
0.020213863105900235
0.022238506215057265
0.02014329913694838
0.022184226238940456
0.0201378711393367
0.022243934212668945
0.020159583129783422
0.02236335016012593
0.020273571079628724
0.022222222222222223
0.020224719101123594
0.02221679422461054
0.020181295120230147
0.02221136622699886
0.02034956304619226
0.022347066167290885
0.02034413504858058
0.022455626119524508
0.02014329913694838
0.022287358193562395
0.02024643109157032
0.02236335016012593
0.020175867122618468
0.022499050100417955
0.02042012701514411
0.022238506215057265
0.02020300711067687
0.022287358193562395
0.020132443141725017
0.02229278619117408
0.020230147098735277
0.022249362210280624
0.02019757911306519
0.022200510231775498
0.020099875156054933
0.022260218205503987
0.020284427074852087
0.022167942246105413
0.020284427074852087
0.022265646203115674
0.020165011127395105
0.022260218205503987
0.020116159148889975
0.022254790207892308
0.020289855072463767
0.02235249416490257
0.020257287086793682
0.022347066167290885
0.02019757911306519
0.022233078217445582
0.020251859089182003
0.022379634152960973
0.02024643109157032
0.022287358193562395
0.02009444715844325
0.02231992617923248
0.01999131520382131
0.02229278619117408
0.020051023177549802
0.02231992617923248
0.0203387070509689
0.022336210172067522
0.020132443141725017
0.02221679422461054
0.02030071106768713
0.022238506215057265
0.020327851055745534
0.022368778157737614
0.020127015144113337
0.02231992617923248
0.020241003093958636
0.02221136622699886
0.020154155132171742
0.022195082234163815
0.02011073115127829
0.022173370243717093
0.020029311187103077
0.02229278619117408
0.020257287086793682
0.02230907018400912
0.020333279053357214
0.02230907018400912
0.020170439125006785
0.022184226238940456
0.020132443141725017
0.022227650219833903
0.020186723117841827
0.022243934212668945
0.019958747218151225
0.022379634152960973
0.020018455191879714
0.02236335016012593
0.020284427074852087
0.02244477012430115
0.020018455191879714
0.022249362210280624
0.02019215111545351
0.022401346143407698
0.020045595179938123
0.022249362210280624
0.020289855072463767
0.022254790207892308
0.020327851055745534
0.022249362210280624
0.020186723117841827
0.022124518265211963
0.019975031210986267
0.022135374260435325
0.020273571079628724
0.022401346143407698
0.020186723117841827
0.022184226238940456
0.020121587146501658
0.022347066167290885
0.020186723117841827
0.022265646203115674
0.020262715084405362
0.022276502198339036
0.020154155132171742
0.0224284861314661
0.02019757911306519
0.022385062150572656
0.019985887206209627
0.022271074200727353
0.02024643109157032
0.022124518265211963
0.020072735167996524
0.022233078217445582
0.020105303153666612
0.022287358193562395
0.020154155132171742
0.022303642186397438
0.020224719101123594
0.022395918145796015
0.02011073115127829
0.02220593822938718
0.020159583129783422
0.022325354176844163
0.020175867122618468
0.02242305813385442
0.02030071106768713
0.022254790207892308
0.02024643109157032
0.022184226238940456
0.02031699506052217
0.022167942246105413
0.020078163165608207
0.022173370243717093
0.020175867122618468
0.022184226238940456
0.020159583129783422
0.022167942246105413
0.020154155132171742
0.022276502198339036
0.020241003093958636
0.022341638169679205
0.02014329913694838
0.022390490148184335
0.020430983010367477
0.02231992617923248
0.020251859089182003
0.022173370243717093
0.02011073115127829
0.022243934212668945
0.020230147098735277
0.02231992617923248
0.020175867122618468
0.022222222222222223
0.020181295120230147
0.022325354176844163
0.02019757911306519
0.02235249416490257
0.02011073115127829
0.022119090267600283
0.020354991043803942
0.02235249416490257
0.020284427074852087
0.02221136622699886
0.019926179232481137
0.022260218205503987
0.020121587146501658
0.022336210172067522
0.02008359116321989
0.022347066167290885
0.020159583129783422
0.02221679422461054
0.020116159148889975
0.02236335016012593
0.02014329913694838
0.022189654236552135
0.020224719101123594
0.022287358193562395
0.02020300711067687
0.022265646203115674
0.02019215111545351
0.02230907018400912
0.02019757911306519
0.022254790207892308
0.020056451175161482
0.022401346143407698
0.020224719101123594
0.02229278619117408
0.020186723117841827
0.022189654236552135
0.020306139065298812
0.022265646203115674
0.02019215111545351
0.022303642186397438
0.020278999077240404
0.02220593822938718
0.020213863105900235
0.022167942246105413
0.020284427074852087
0.022482766107582913
0.020023883189491394
0.02216251424849373
0.02014329913694838
0.022281930195950716
0.020056451175161482
0.022330782174455843
0.02024643109157032
0.022385062150572656
0.02019215111545351
0.02236335016012593
0.020425555012755794
0.022450198121912828
0.02011073115127829
0.02221679422461054
0.020045595179938123
0.0223144981816208
0.020159583129783422
0.022298214188785758
0.02009444715844325
0.022173370243717093
0.02019757911306519
0.022325354176844163
0.020056451175161482
0.022298214188785758
0.020121587146501658
0.02246105411713619
0.020186723117841827
0.022151658253270368
0.020078163165608207
0.0221136622699886
0.020235575096346957
0.02235792216251425
0.020186723117841827
0.022243934212668945
0.020333279053357214
0.02229278619117408
0.020219291103511915
0.02236335016012593
0.020241003093958636
0.022303642186397438
0.020257287086793682
0.022227650219833903
0.020154155132171742
0.022249362210280624
0.020425555012755794
0.022395918145796015
0.020268143082017045
0.022249362210280624
0.020224719101123594
0.022433914129077782
0.020219291103511915
0.022254790207892308
0.020099875156054933
0.02221136622699886
0.020121587146501658
0.022287358193562395
0.020322423058133855
0.022271074200727353
0.020306139065298812
0.022303642186397438
0.020213863105900235
0.022260218205503987
0.020235575096346957
0.022401346143407698
0.020230147098735277
0.0224284861314661
0.020078163165608207
0.022075666286706836
0.020013027194268035
0.022135374260435325
0.02009444715844325
0.022200510231775498
0.020251859089182003
0.022298214188785758
0.02008901916083157
0.022233078217445582
0.020072735167996524
0.022075666286706836
0.02019215111545351
0.022433914129077782
0.020099875156054933
0.022238506215057265
0.01989361124681105
0.022271074200727353
0.02008901916083157
0.022368778157737614
0.02014329913694838
0.022189654236552135
0.020170439125006785
0.022347066167290885
0.02011073115127829
0.02210823427237692
0.020333279053357214
0.022374206155349293
0.020208435108288552
0.022385062150572656
0.020322423058133855
0.022265646203115674
0.02020300711067687
0.022330782174455843
0.0201378711393367
0.022124518265211963
0.02014329913694838
0.022260218205503987
0.020273571079628724
0.022222222222222223
0.019958747218151225
0.022238506215057265
0.019926179232481137
0.022086522281930195
0.020186723117841827
0.022281930195950716
0.020175867122618468
0.022195082234163815
0.020099875156054933
0.022265646203115674
0.02030071106768713
0.02210823427237692
0.020284427074852087
0.02221679422461054
0.020127015144113337
0.022390490148184335
0.020121587146501658
0.022330782174455843
0.020067307170384845
0.022173370243717093
0.020186723117841827
0.0223144981816208
0.02024643109157032
0.022254790207892308
0.020116159148889975
0.022265646203115674
0.020165011127395105
0.02244477012430115
0.020099875156054933
0.022233078217445582
0.02011073115127829
0.022265646203115674
0.020268143082017045
0.022281930195950716
0.020105303153666612
0.022146230255658688
0.02008359116321989
0.022271074200727353
0.020170439125006785
0.022341638169679205
0.020273571079628724
0.022325354176844163
0.0201378711393367
0.022325354176844163
0.020170439125006785
0.02229278619117408
0.020078163165608207
0.022254790207892308
0.020045595179938123
0.022200510231775498
0.02014329913694838
0.02230907018400912
0.02009444715844325
0.022243934212668945
0.020257287086793682
0.022200510231775498
0.020116159148889975
0.022227650219833903
0.020213863105900235
0.022260218205503987
0.020127015144113337
0.022260218205503987
0.020056451175161482
0.022347066167290885
0.020013027194268035
0.02206481029148347
0.020127015144113337
0.022390490148184335
0.020170439125006785
0.022081094284318516
0.020235575096346957
0.02220593822938718
0.02029528307007545
0.02209195027954188
0.020078163165608207
0.02210823427237692
0.020029311187103077
0.022412202138631057
0.020105303153666612
0.022233078217445582
0.020273571079628724
0.022178798241328773
0.020262715084405362
0.022271074200727353
0.020078163165608207
0.022499050100417955
0.020013027194268035
0.022151658253270368
0.02014872713456006
0.022412202138631057
0.020224719101123594
0.022135374260435325
0.02019757911306519
0.02221679422461054
0.02014872713456006
0.02236335016012593
0.020208435108288552
0.02231992617923248
0.020007599196656352
0.022303642186397438
0.020213863105900235
0.022276502198339036
0.02008359116321989
0.022070238289095153
0.020099875156054933
0.022146230255658688
0.020257287086793682
0.02244477012430115
0.020154155132171742
0.022477338109971233
0.020241003093958636
0.0221136622699886
0.020322423058133855
0.022151658253270368
0.020013027194268035
0.022227650219833903
0.020289855072463767
0.022167942246105413
0.020121587146501658
0.022455626119524508
0.02019215111545351
0.022124518265211963
0.020029311187103077
0.022200510231775498
0.020132443141725017
0.022075666286706836
0.020056451175161482
0.022189654236552135
0.019980459208597947
0.02216251424849373
0.020251859089182003
0.022184226238940456
0.02014329913694838
0.022233078217445582
0.01999131520382131
0.022140802258047005
0.020175867122618468
0.022336210172067522
0.020273571079628724
0.022254790207892308
0.020121587146501658
0.022249362210280624
0.020067307170384845
0.022341638169679205
0.020224719101123594
0.022157086250882047
0.020132443141725017
0.022173370243717093
0.020219291103511915
0.022243934212668945
0.020029311187103077
0.022330782174455843
0.020105303153666612
0.022184226238940456
0.020018455191879714
0.02229278619117408
0.020159583129783422
0.022271074200727353
0.020175867122618468
0.022243934212668945
0.020186723117841827
0.022184226238940456
0.02014329913694838
0.022189654236552135
0.0201378711393367
0.022184226238940456
0.020208435108288552
0.022325354176844163
0.020121587146501658
0.022146230255658688
0.02020300711067687
0.022227650219833903
0.020132443141725017
0.022151658253270368
0.020165011127395105
0.022184226238940456
0.0203658470390273
0.022281930195950716
0.02014329913694838
0.022146230255658688
0.020181295120230147
0.022260218205503987
0.02014872713456006
0.022271074200727353
0.02008901916083157
0.022233078217445582
0.020219291103511915
0.022325354176844163
0.020127015144113337
0.02247191011235955
0.020051023177549802
0.022119090267600283
0.020165011127395105
0.022260218205503987
0.02003473918471476
0.022287358193562395
0.020268143082017045
0.02216251424849373
0.019926179232481137
0.022222222222222223
0.020186723117841827
0.022249362210280624
0.019915323237257775
0.022374206155349293
0.020159583129783422
0.022135374260435325
0.020029311187103077
0.02221679422461054
0.020159583129783422
0.022347066167290885
0.02014872713456006
0.022184226238940456
0.020121587146501658
0.022341638169679205
0.02008901916083157
0.022167942246105413
0.020067307170384845
0.022178798241328773
0.020051023177549802
0.022243934212668945
0.020181295120230147
0.022233078217445582
0.020154155132171742
0.02210823427237692
0.02009444715844325
0.022140802258047005
0.02009444715844325
0.02221679422461054
0.020333279053357214
0.022178798241328773
0.020257287086793682
0.022222222222222223
0.020170439125006785
0.022119090267600283
0.019909895239646095
0.022119090267600283
0.020165011127395105
0.022151658253270368
0.020170439125006785
0.0221136622699886
0.02020300711067687
0.02221679422461054
0.02004016718232644
0.022151658253270368
0.020072735167996524
0.022140802258047005
0.020007599196656352
0.022271074200727353
0.020186723117841827
0.022238506215057265
0.02029528307007545
0.02221679422461054
0.02014329913694838
0.022157086250882047
0.020213863105900235
0.022379634152960973
0.020213863105900235
0.022075666286706836
0.02011073115127829
0.022102806274765237
0.020078163165608207
0.022173370243717093
0.020219291103511915
0.022249362210280624
0.02004016718232644
0.022271074200727353
0.020273571079628724
0.02229278619117408
0.020170439125006785
0.0221136622699886
0.020121587146501658
0.022406774141019378
0.020072735167996524
0.022157086250882047
0.020165011127395105
0.02210823427237692
0.020181295120230147
0.022298214188785758
0.020175867122618468
0.022222222222222223
0.020219291103511915
0.022189654236552135
0.020262715084405362
0.022325354176844163
0.0201378711393367
0.022026814308201702
0.020241003093958636
0.022184226238940456
0.020099875156054933
0.0221136622699886
0.02009444715844325
0.022347066167290885
0.02024643109157032
0.022070238289095153
0.020170439125006785
0.022238506215057265
0.020018455191879714
0.022129946262823646
0.0199370352277045
0.02221136622699886
0.02008901916083157
0.022146230255658688
0.02019215111545351
0.022227650219833903
0.020127015144113337
0.022325354176844163
0.020306139065298812
0.022233078217445582
0.020219291103511915
0.022374206155349293
0.02014329913694838
0.022385062150572656
0.020045595179938123
0.022254790207892308
0.02009444715844325
0.02209195027954188
0.020061879172773165
0.02230907018400912
0.020175867122618468
0.022281930195950716
0.020023883189491394
0.022167942246105413
0.020061879172773165
0.022276502198339036
0.0201378711393367
0.022157086250882047
0.020257287086793682
0.022347066167290885
0.020219291103511915
0.022222222222222223
0.020127015144113337
0.022151658253270368
0.020159583129783422
0.022048526298648428
0.02011073115127829
0.02221136622699886
0.020262715084405362
0.022276502198339036
0.020132443141725017
0.02209195027954188
0.020311567062910492
0.022070238289095153
0.0199370352277045
0.022129946262823646
0.020181295120230147
0.022157086250882047
0.02014872713456006
0.022178798241328773
0.020251859089182003
0.02221679422461054
0.020121587146501658
0.022135374260435325
0.020170439125006785
0.022200510231775498
0.020284427074852087
0.022395918145796015
0.020018455191879714
0.02230907018400912
0.020051023177549802
0.0223144981816208
0.020241003093958636
0.022330782174455843
0.020170439125006785
0.022195082234163815
0.020116159148889975
0.022341638169679205
0.02014872713456006
0.022347066167290885
0.020213863105900235
0.022233078217445582
0.020251859089182003
0.022135374260435325
0.02009444715844325
0.02220593822938718
0.020170439125006785
0.022233078217445582
0.020241003093958636
0.022157086250882047
0.020045595179938123
0.022075666286706836
0.020241003093958636
0.022184226238940456
0.020127015144113337
0.02221136622699886
0.020132443141725017
0.022081094284318516
0.02014872713456006
0.022276502198339036
0.020078163165608207
0.022238506215057265
0.020219291103511915
0.022238506215057265
0.020105303153666612
0.022243934212668945
0.020175867122618468
0.022129946262823646
0.020241003093958636
0.02209195027954188
0.020018455191879714
0.022157086250882047
0.020273571079628724
0.022151658253270368
0.019817619280247518
0.02216251424849373
0.020186723117841827
0.022222222222222223
0.019931607230092817
0.022249362210280624
0.020159583129783422
0.022260218205503987
0.020208435108288552
0.022032242305813386
0.020072735167996524
0.022178798241328773
0.020289855072463767
0.02220593822938718
0.020116159148889975
0.022124518265211963
0.020132443141725017
0.0221136622699886
0.020251859089182003
0.022173370243717093
0.019969603213374584
0.022140802258047005
0.02011073115127829
0.022070238289095153
0.020007599196656352
0.022238506215057265
0.020099875156054933
0.022330782174455843
0.020072735167996524
0.0223144981816208
0.020186723117841827
0.02235792216251425
0.02011073115127829
0.022081094284318516
0.019996743201432993
0.02235249416490257
0.020121587146501658
0.0219996743201433
0.02029528307007545
0.022455626119524508
0.020186723117841827
0.022070238289095153
0.020127015144113337
0.022200510231775498
0.020023883189491394
0.022129946262823646
0.020067307170384845
0.022135374260435325
0.020127015144113337
0.02195082234163817
0.020154155132171742
0.022119090267600283
0.020023883189491394
0.022119090267600283
0.02008901916083157
0.022330782174455843
0.02008359116321989
0.022195082234163815
0.020219291103511915
0.022271074200727353
0.020002171199044672
0.022325354176844163
0.020219291103511915
0.022265646203115674
0.020268143082017045
0.02221679422461054
0.020165011127395105
0.022254790207892308
0.020186723117841827
0.022325354176844163
0.020219291103511915
0.022260218205503987
0.02014872713456006
0.022135374260435325
0.02014872713456006
0.022173370243717093
0.020078163165608207
0.022303642186397438
0.020099875156054933
0.022233078217445582
0.020072735167996524
0.022298214188785758
0.020078163165608207
0.022298214188785758
0.020056451175161482
0.022129946262823646
0.020175867122618468
0.022124518265211963
0.020278999077240404
0.022189654236552135
0.020224719101123594
0.022254790207892308
0.020116159148889975
0.022238506215057265
0.020159583129783422
0.02235249416490257
0.02014872713456006
0.022140802258047005
0.020230147098735277
0.022140802258047005
0.020132443141725017
0.022200510231775498
0.0203658470390273
0.02210823427237692
0.020327851055745534
0.02235792216251425
0.02014872713456006
0.022271074200727353
0.020154155132171742
0.022254790207892308
0.020251859089182003
0.022135374260435325
0.020051023177549802
0.022336210172067522
0.020099875156054933
0.02230907018400912
0.020165011127395105
0.022390490148184335
0.020154155132171742
0.022075666286706836
0.020208435108288552
0.02209195027954188
0.02019757911306519
0.02210823427237692
0.020230147098735277
0.0223144981816208
0.020311567062910492
0.022238506215057265
0.020175867122618468
0.022178798241328773
0.020235575096346957
0.022135374260435325
0.020154155132171742
0.022075666286706836
0.020007599196656352
0.02229278619117408
0.020213863105900235
0.022200510231775498
0.02003473918471476
0.022102806274765237
0.020251859089182003
0.022233078217445582
0.020029311187103077
0.022222222222222223
0.020208435108288552
0.022347066167290885
0.020105303153666612
0.022271074200727353
0.020072735167996524
0.022222222222222223
0.020154155132171742
0.022325354176844163
0.020175867122618468
0.022336210172067522
0.019975031210986267
0.022243934212668945
0.020023883189491394
0.022260218205503987
0.02030071106768713
0.02229278619117408
0.020235575096346957
0.022227650219833903
0.02008359116321989
0.022374206155349293
0.02031699506052217
0.022341638169679205
0.019915323237257775
0.022330782174455843
0.019958747218151225
0.022178798241328773
0.02009444715844325
0.022222222222222223
0.0201378711393367
0.022276502198339036
0.020023883189491394
0.022233078217445582
0.020078163165608207
0.02229278619117408
0.020241003093958636
0.02220593822938718
0.020327851055745534
0.022178798241328773
0.020278999077240404
0.022178798241328773
0.02019757911306519
0.022167942246105413
0.02020300711067687
0.022151658253270368
0.020165011127395105
0.022135374260435325
0.020213863105900235
0.02220593822938718
0.020165011127395105
0.022173370243717093
0.020061879172773165
0.022260218205503987
0.020061879172773165
0.022390490148184335
0.020165011127395105
0.022254790207892308
0.020013027194268035
0.02200510231775498
0.020262715084405362
0.022140802258047005
0.020273571079628724
0.022265646203115674
0.020132443141725017
0.022238506215057265
0.020121587146501658
0.022249362210280624
0.020127015144113337
0.022260218205503987
0.020230147098735277
0.02220593822938718
0.020121587146501658
0.022260218205503987
0.020105303153666612
0.022347066167290885
0.02011073115127829
0.02216251424849373
0.020061879172773165
0.022195082234163815
0.02004016718232644
0.02221679422461054
0.020067307170384845
0.022243934212668945
0.020154155132171742
0.02216251424849373
0.02020300711067687
0.022233078217445582
0.020425555012755794
0.022086522281930195
0.020002171199044672
0.022189654236552135
0.020257287086793682
0.022385062150572656
0.020045595179938123
0.02221679422461054
0.020241003093958636
0.022249362210280624
0.020061879172773165
0.02209195027954188
0.020278999077240404
0.022385062150572656
0.020208435108288552
0.022303642186397438
0.020262715084405362
0.022271074200727353
0.0203387070509689
0.022341638169679205
0.020061879172773165
0.022157086250882047
0.020023883189491394
0.022281930195950716
0.020208435108288552
0.02220593822938718
0.019964175215762905
0.022075666286706836
0.0199370352277045
0.022081094284318516
0.02003473918471476
0.022146230255658688
0.019985887206209627
0.022243934212668945
0.020127015144113337
0.022276502198339036
0.020067307170384845
0.02210823427237692
0.020154155132171742
0.022097378277153558
0.020230147098735277
0.022227650219833903
0.020061879172773165
0.022151658253270368
0.02014872713456006
0.022406774141019378
0.02020300711067687
0.022238506215057265
0.020213863105900235
0.0219996743201433
0.02008901916083157
0.022330782174455843
0.020132443141725017
0.022281930195950716
0.02014872713456006
0.022200510231775498
0.020072735167996524
0.022281930195950716
0.020154155132171742
0.02221136622699886
0.020067307170384845
0.022227650219833903
0.02011073115127829
0.022336210172067522
0.02029528307007545
0.02220593822938718
0.020230147098735277
0.02209195027954188
0.02011073115127829
0.022412202138631057
0.02003473918471476
0.0221136622699886
0.02020300711067687
0.022233078217445582
0.020257287086793682
0.022200510231775498
0.02014329913694838
0.022336210172067522
0.02019215111545351
0.022298214188785758
0.02024643109157032
0.022043098301036748
0.02008359116321989
0.022406774141019378
0.020116159148889975
0.022129946262823646
0.02003473918471476
0.022303642186397438
0.020154155132171742
0.022184226238940456
0.020159583129783422
0.022222222222222223
0.020045595179938123
0.022189654236552135
0.02009444715844325
0.022233078217445582
0.020099875156054933
0.02220593822938718
0.02009444715844325
0.022260218205503987
0.02019215111545351
0.022287358193562395
0.02031699506052217
0.022347066167290885
0.020127015144113337
0.022439342126689465
0.02003473918471476
0.022249362210280624
0.020224719101123594
0.022271074200727353
0.020170439125006785
0.022368778157737614
0.020127015144113337
0.022200510231775498
0.020241003093958636
0.022395918145796015
0.020289855072463767
0.022189654236552135
0.020121587146501658
0.022173370243717093
0.02004016718232644
0.022189654236552135
0.020018455191879714
0.022222222222222223
0.020186723117841827
0.022081094284318516
0.02009444715844325
0.022184226238940456
0.02014329913694838
0.02235249416490257
0.020072735167996524
0.02221136622699886
0.020251859089182003
0.02205395429626011
0.020127015144113337
0.02206481029148347
0.019975031210986267
0.022086522281930195
0.02011073115127829
0.022254790207892308
0.020230147098735277
0.022146230255658688
0.020230147098735277
0.022135374260435325
0.020127015144113337
0.02220593822938718
0.020007599196656352
0.022222222222222223
0.020099875156054933
0.022167942246105413
0.020230147098735277
0.022173370243717093
0.020099875156054933
0.022178798241328773
0.020186723117841827
0.022347066167290885
0.020208435108288552
0.022195082234163815
0.0203658470390273
0.02220593822938718
0.02004016718232644
0.022330782174455843
0.02003473918471476
0.02221136622699886
0.020262715084405362
0.022287358193562395
0.020127015144113337
0.022222222222222223
0.02031699506052217
0.022151658253270368
0.019931607230092817
0.022238506215057265
0.020116159148889975
0.022243934212668945
0.020230147098735277
0.022287358193562395
0.020078163165608207
0.022102806274765237
0.020132443141725017
0.022070238289095153
0.02008901916083157
0.022189654236552135
0.020235575096346957
0.022276502198339036
0.020116159148889975
0.022238506215057265
0.020165011127395105
0.022243934212668945
0.020127015144113337
0.022265646203115674
0.020023883189491394
0.022129946262823646
0.020213863105900235
0.022075666286706836
0.02020300711067687
0.022336210172067522
0.02004016718232644
0.022238506215057265
0.019953319220539542
0.022227650219833903
0.02014872713456006
0.022374206155349293
0.020251859089182003
0.022070238289095153
0.02019215111545351
0.02221136622699886
0.02014329913694838
0.022124518265211963
0.020273571079628724
0.022227650219833903
0.020186723117841827
0.022167942246105413
0.020154155132171742
0.022178798241328773
0.020235575096346957
0.022070238289095153
0.019964175215762905
0.022173370243717093
0.02009444715844325
0.022227650219833903
0.0201378711393367
0.022260218205503987
0.020208435108288552
0.022325354176844163
0.020235575096346957
0.022276502198339036
0.020061879172773165
0.022254790207892308
0.0201378711393367
0.022173370243717093
0.020306139065298812
0.022200510231775498
0.020132443141725017
0.022135374260435325
0.02030071106768713
0.02206481029148347
0.019915323237257775
0.022227650219833903
0.020186723117841827
0.022395918145796015
0.02019757911306519
0.022260218205503987
0.0201378711393367
0.022119090267600283
0.020181295120230147
0.02198881832491994
0.02009444715844325
0.022124518265211963
0.020067307170384845
0.022135374260435325
0.019964175215762905
0.022243934212668945
0.02003473918471476
0.022184226238940456
0.020235575096346957
0.022167942246105413
0.02014872713456006
0.022195082234163815
0.01988818324919937
0.022151658253270368
0.020132443141725017
0.02209195027954188
0.020213863105900235
0.022243934212668945
0.01999131520382131
0.022249362210280624
0.020067307170384845
0.022135374260435325
0.020186723117841827
0.022195082234163815
0.01988818324919937
0.022086522281930195
0.020224719101123594
0.022195082234163815
0.019980459208597947
0.022222222222222223
0.020002171199044672
0.022081094284318516
0.0201378711393367
0.022281930195950716
0.02024643109157032
0.022140802258047005
0.020327851055745534
0.022119090267600283
0.019969603213374584
0.022081094284318516
0.020078163165608207
0.022325354176844163
0.020170439125006785
0.022097378277153558
0.020262715084405362
0.022097378277153558
0.020219291103511915
0.022254790207892308
0.020159583129783422
0.022249362210280624
0.019969603213374584
0.022097378277153558
0.020002171199044672
0.022129946262823646
0.020154155132171742
0.0221136622699886
0.020284427074852087
0.022200510231775498
0.020045595179938123
0.022173370243717093
0.02004016718232644
0.02236335016012593
0.02009444715844325
0.022233078217445582
0.020051023177549802
0.022119090267600283
0.02011073115127829
0.022119090267600283
0.020116159148889975
0.022195082234163815
0.01994246322531618
0.022167942246105413
0.019975031210986267
0.022233078217445582
0.02020300711067687
0.022167942246105413
0.019953319220539542
0.022195082234163815
0.020116159148889975
0.022260218205503987
0.020002171199044672
0.022390490148184335
0.02003473918471476
0.022173370243717093
0.020023883189491394
0.022086522281930195
0.020116159148889975
0.02209195027954188
0.020056451175161482
0.022129946262823646
0.02011073115127829
0.022254790207892308
0.019985887206209627
0.022222222222222223
0.02014329913694838
0.022102806274765237
0.020132443141725017
0.022200510231775498
0.020099875156054933
0.022119090267600283
0.020018455191879714
0.022390490148184335
0.02008359116321989
0.022140802258047005
0.020056451175161482
0.02195625033924985
0.020116159148889975
0.02205395429626011
0.019953319220539542
0.02230907018400912
0.020002171199044672
0.02216251424849373
0.020002171199044672
0.02195625033924985
0.02008359116321989
0.02231992617923248
0.020159583129783422
0.022298214188785758
0.020105303153666612
0.022184226238940456
0.020051023177549802
0.022368778157737614
0.020067307170384845
0.02220593822938718
0.019947891222927863
0.022184226238940456
0.02011073115127829
0.022265646203115674
0.020121587146501658
0.022124518265211963
0.02003473918471476
0.02216251424849373
0.020078163165608207
0.022178798241328773
0.020208435108288552
0.022048526298648428
0.020121587146501658
0.022200510231775498
0.020208435108288552
0.022070238289095153
0.020154155132171742
0.02221136622699886
0.02020300711067687
0.02231992617923248
0.020056451175161482
0.02220593822938718
0.02020300711067687
0.022021386310590023
0.020159583129783422
0.022233078217445582
0.02011073115127829
0.022227650219833903
0.020099875156054933
0.022097378277153558
0.020105303153666612
0.022330782174455843
0.020181295120230147
0.02205938229387179
0.020051023177549802
0.02246105411713619
0.019947891222927863
0.022189654236552135
0.02009444715844325
0.0221136622699886
0.02019215111545351
0.022167942246105413
0.019975031210986267
0.022243934212668945
0.020116159148889975
0.022271074200727353
0.02014872713456006
0.022227650219833903
0.020099875156054933
0.022281930195950716
0.02014872713456006
0.022157086250882047
0.02014329913694838
0.021994246322531618
0.02008359116321989
0.022281930195950716
0.02008359116321989
0.022265646203115674
0.020181295120230147
0.022102806274765237
0.020121587146501658
0.022222222222222223
0.020072735167996524
0.022129946262823646
0.020045595179938123
0.02216251424849373
0.020213863105900235
0.022119090267600283
0.02003473918471476
0.022243934212668945
0.020099875156054933
0.022102806274765237
0.020007599196656352
0.022195082234163815
0.020072735167996524
0.02216251424849373
0.019964175215762905
0.022243934212668945
0.02004016718232644
0.022330782174455843
0.020127015144113337
0.022135374260435325
0.020121587146501658
0.022140802258047005
0.02008359116321989
0.022330782174455843
0.020219291103511915
0.022173370243717093
0.020132443141725017
0.022146230255658688
0.019871899256364327
0.02210823427237692
0.020105303153666612
0.02221679422461054
0.02039841502469739
0.022439342126689465
0.020056451175161482
0.022081094284318516
0.02020300711067687
0.02205395429626011
0.020029311187103077
0.02216251424849373
0.020154155132171742
0.02220593822938718
0.01994246322531618
0.022097378277153558
0.020007599196656352
0.022081094284318516
0.02008901916083157
0.022075666286706836
0.020170439125006785
0.022135374260435325
0.0201378711393367
0.021972534332084893
0.020105303153666612
0.02205938229387179
0.020241003093958636
0.02230907018400912
0.020289855072463767
0.02236335016012593
0.02019757911306519
0.02209195027954188
0.02011073115127829
0.022222222222222223
0.020013027194268035
0.022151658253270368
0.019985887206209627
0.02216251424849373
0.020257287086793682
0.022167942246105413
0.02011073115127829
0.022249362210280624
0.020056451175161482
0.022173370243717093
0.020213863105900235
0.022043098301036748
0.020067307170384845
0.02221679422461054
0.020013027194268035
0.022075666286706836
0.020007599196656352
0.022081094284318516
0.020154155132171742
0.022222222222222223
0.020099875156054933
0.022097378277153558
0.019980459208597947
0.022140802258047005
0.019915323237257775
0.022124518265211963
0.020045595179938123
0.022276502198339036
0.02003473918471476
0.02220593822938718
0.020278999077240404
0.022249362210280624
0.019909895239646095
0.022146230255658688
0.019931607230092817
0.022129946262823646
0.020132443141725017
0.022146230255658688
0.020116159148889975
0.022167942246105413
0.020165011127395105
0.02231992617923248
0.020029311187103077
0.022119090267600283
0.020007599196656352
0.022129946262823646
0.020078163165608207
0.022200510231775498
0.020023883189491394
0.022043098301036748
0.020116159148889975
0.02216251424849373
0.020002171199044672
0.022233078217445582
0.020181295120230147
0.02216251424849373
0.020072735167996524
0.022243934212668945
0.02008901916083157
0.022140802258047005
0.020061879172773165
0.02206481029148347
0.020078163165608207
0.02209195027954188
0.020132443141725017
0.022140802258047005
0.020061879172773165
0.022374206155349293
0.019909895239646095
0.022151658253270368
0.020023883189491394
0.02221679422461054
0.020213863105900235
0.022184226238940456
0.02020300711067687
0.022146230255658688
0.020029311187103077
0.021939966346414805
0.020018455191879714
0.021891114367909678
0.020105303153666612
0.02235249416490257
0.020213863105900235
0.022254790207892308
0.01989361124681105
0.022070238289095153
0.020072735167996524
0.022081094284318516
0.020013027194268035
0.022135374260435325
0.020230147098735277
0.02221679422461054
0.02004016718232644
0.022243934212668945
0.020013027194268035
0.02210823427237692
0.020208435108288552
0.022119090267600283
0.020078163165608207
0.022173370243717093
0.019980459208597947
0.022178798241328773
0.020023883189491394
0.022097378277153558
0.020067307170384845
0.022276502198339036
0.020099875156054933
0.022151658253270368
0.02014872713456006
0.02209195027954188
0.020219291103511915
0.022303642186397438
0.020105303153666612
0.022189654236552135
0.02019757911306519
0.02235249416490257
0.01994246322531618
0.022097378277153558
0.020132443141725017
0.02209195027954188
0.020099875156054933
0.022243934212668945
0.02004016718232644
0.022249362210280624
0.020121587146501658
0.02195625033924985
0.020029311187103077
0.022287358193562395
0.02008901916083157
0.022271074200727353
0.019975031210986267
0.022265646203115674
0.019980459208597947
0.022281930195950716
0.02008901916083157
0.022043098301036748
0.019958747218151225
0.0221136622699886
0.02003473918471476
0.022048526298648428
0.020175867122618468
0.02216251424849373
0.020078163165608207
0.022238506215057265
0.020127015144113337
0.022287358193562395
0.020023883189491394
0.022200510231775498
0.01999131520382131
0.022178798241328773
0.020165011127395105
0.022178798241328773
0.02004016718232644
0.02216251424849373
0.02011073115127829
0.022260218205503987
0.020013027194268035
0.022178798241328773
0.02009444715844325
0.022341638169679205
0.02009444715844325
0.02220593822938718
0.020007599196656352
0.022390490148184335
0.019980459208597947
0.022189654236552135
0.020219291103511915
0.02205938229387179
0.01994246322531618
0.022184226238940456
0.02004016718232644
0.022341638169679205
0.020181295120230147
0.022341638169679205
0.020013027194268035
0.02221679422461054
0.019975031210986267
0.022097378277153558
0.020121587146501658
0.022151658253270368
0.020154155132171742
0.02200510231775498
0.020013027194268035
0.02221679422461054
0.020067307170384845
0.02221136622699886
0.0199370352277045
0.022227650219833903
0.02014872713456006
0.0221136622699886
0.020018455191879714
0.022276502198339036
0.020099875156054933
0.022178798241328773
0.020121587146501658
0.022032242305813386
0.020170439125006785
0.02209195027954188
0.020159583129783422
0.022167942246105413
0.020132443141725017
0.02210823427237692
0.020078163165608207
0.022102806274765237
0.019920751234869458
0.022102806274765237
0.01988818324919937
0.022081094284318516
0.020072735167996524
0.022124518265211963
0.020056451175161482
0.022140802258047005
0.019915323237257775
0.022249362210280624
0.020121587146501658
0.022070238289095153
0.020208435108288552
0.02205395429626011
0.020029311187103077
0.02201053031536666
0.020159583129783422
0.022151658253270368
0.020002171199044672
0.022178798241328773
0.020127015144113337
0.022102806274765237
0.020235575096346957
0.022097378277153558
0.02011073115127829
0.02220593822938718
0.020224719101123594
0.022195082234163815
0.020061879172773165
0.02220593822938718
0.020132443141725017
0.022227650219833903
0.02008901916083157
0.02205395429626011
0.020099875156054933
0.022124518265211963
0.020056451175161482
0.022249362210280624
0.020132443141725017
0.022233078217445582
0.020257287086793682
0.022081094284318516
0.019947891222927863
0.022184226238940456
0.020099875156054933
0.0223144981816208
0.0201378711393367
0.022281930195950716
0.019844759268305923
0.022233078217445582
0.020213863105900235
0.022287358193562395
0.019964175215762905
0.022043098301036748
0.0201378711393367
0.022178798241328773
0.020056451175161482
0.022135374260435325
0.020072735167996524
0.022135374260435325
0.020105303153666612
0.022075666286706836
0.0201378711393367
0.02206481029148347
0.020116159148889975
0.02205395429626011
0.019958747218151225
0.022026814308201702
0.020007599196656352
0.022195082234163815
0.020175867122618468
0.022287358193562395
0.02003473918471476
0.02221136622699886
0.02011073115127829
0.022195082234163815
0.02008901916083157
0.022227650219833903
0.020224719101123594
0.022157086250882047
0.020018455191879714
0.022129946262823646
0.020116159148889975
0.022200510231775498
0.020224719101123594
0.0221136622699886
0.020029311187103077
0.022173370243717093
0.01999131520382131
0.022189654236552135
0.02008359116321989
0.022222222222222223
0.020105303153666612
0.022173370243717093
0.020056451175161482
0.022129946262823646
0.019871899256364327
0.022233078217445582
0.020116159148889975
0.022173370243717093
0.0201378711393367
0.022303642186397438
0.020116159148889975
0.022129946262823646
0.020056451175161482
0.022200510231775498
0.019899039244422732
0.02221679422461054
0.020116159148889975
0.0223144981816208
0.020078163165608207
0.022021386310590023
0.019980459208597947
0.022243934212668945
0.02003473918471476
0.022119090267600283
0.020013027194268035
0.022086522281930195
0.02014329913694838
0.02216251424849373
0.020051023177549802
0.022157086250882047
0.020132443141725017
0.022227650219833903
0.019931607230092817
0.02210823427237692
0.02008359116321989
0.022135374260435325
0.02009444715844325
0.022298214188785758
0.020067307170384845
0.022151658253270368
0.019985887206209627
0.02220593822938718
0.02019757911306519
0.022189654236552135
0.02009444715844325
0.02210823427237692
0.020241003093958636
0.02216251424849373
0.020186723117841827
0.022281930195950716
0.020045595179938123
0.022075666286706836
0.020072735167996524
0.022271074200727353
0.020235575096346957
0.02210823427237692
0.020072735167996524
0.022129946262823646
0.02009444715844325
0.022167942246105413
0.02014872713456006
0.022222222222222223
0.019871899256364327
0.022249362210280624
0.01999131520382131
0.022287358193562395
0.02004016718232644
0.02220593822938718
0.020067307170384845
0.02231992617923248
0.02003473918471476
0.02235249416490257
0.02004016718232644
0.0219996743201433
0.020105303153666612
0.022249362210280624
0.02008359116321989
0.02235792216251425
0.0201378711393367
0.022195082234163815
0.019980459208597947
0.022254790207892308
0.020078163165608207
0.022081094284318516
0.020165011127395105
0.022238506215057265
0.02019215111545351
0.022178798241328773
0.02020300711067687
0.022146230255658688
0.019909895239646095
0.022124518265211963
0.020278999077240404
0.021972534332084893
0.020132443141725017
0.022184226238940456
0.019947891222927863
0.022260218205503987
0.020132443141725017
0.02220593822938718
0.01994246322531618
0.022227650219833903
0.02008359116321989
0.02210823427237692
0.020127015144113337
0.022189654236552135
0.020023883189491394
0.022249362210280624
0.020013027194268035
0.0221136622699886
0.020127015144113337
0.022140802258047005
0.020105303153666612
0.022260218205503987
0.020241003093958636
0.022167942246105413
0.0201378711393367
0.022157086250882047
0.020127015144113337
0.02209195027954188
0.020219291103511915
0.022227650219833903
0.020121587146501658
0.022048526298648428
0.019953319220539542
0.022026814308201702
0.019985887206209627
0.02221136622699886
0.020013027194268035
0.02216251424849373
0.020018455191879714
0.022043098301036748
0.020002171199044672
0.022129946262823646
0.02014329913694838
0.021934538348803125
0.020023883189491394
0.022281930195950716
0.020306139065298812
0.022135374260435325
0.020072735167996524
0.022129946262823646
0.020105303153666612
0.0221136622699886
0.019975031210986267
0.02221136622699886
0.020072735167996524
0.022173370243717093
0.02009444715844325
0.022184226238940456
0.019980459208597947
0.02220593822938718
0.020165011127395105
0.022102806274765237
0.02019757911306519
0.022281930195950716
0.019926179232481137
0.02220593822938718
0.02020300711067687
0.022347066167290885
0.020018455191879714
0.022200510231775498
0.0201378711393367
0.022195082234163815
0.020072735167996524
0.02209195027954188
0.020078163165608207
0.022167942246105413
0.019975031210986267
0.022222222222222223
0.020170439125006785
0.022200510231775498
0.02004016718232644
0.022325354176844163
0.02019215111545351
0.02231992617923248
0.020078163165608207
0.022048526298648428
0.02031699506052217
0.022260218205503987
0.019904467242034415
0.022151658253270368
0.020078163165608207
0.0221136622699886
0.020219291103511915
0.022189654236552135
0.020132443141725017
0.02235249416490257
0.020072735167996524
0.02216251424849373
0.020067307170384845
0.022167942246105413
0.020154155132171742
0.022070238289095153
0.019996743201432993
0.022135374260435325
0.020002171199044672
0.022086522281930195
0.02014329913694838
0.022287358193562395
0.020078163165608207
0.0221136622699886
0.020061879172773165
0.022184226238940456
0.020051023177549802
0.022189654236552135
0.020235575096346957
0.022298214188785758
0.020018455191879714
0.022140802258047005
0.020099875156054933
0.022260218205503987
0.02003473918471476
0.022325354176844163
0.020023883189491394
0.022097378277153558
0.020132443141725017
0.0221136622699886
0.020072735167996524
0.02198881832491994
0.02009444715844325
0.022124518265211963
0.02008359116321989
0.022151658253270368
0.020327851055745534
0.022233078217445582
0.0201378711393367
0.02221679422461054
0.02003473918471476
0.02221136622699886
0.020029311187103077
0.022325354176844163
0.020116159148889975
0.022124518265211963
0.020105303153666612
0.022070238289095153
0.020072735167996524
0.022015958312978343
0.02011073115127829
0.0221136622699886
0.020159583129783422
0.02221679422461054
0.02014329913694838
0.021891114367909678
0.020230147098735277
0.02203767030342507
0.019947891222927863
0.022097378277153558
0.019947891222927863
0.022287358193562395
0.02008901916083157
0.022146230255658688
0.0199370352277045
0.02221679422461054
0.019996743201432993
0.022276502198339036
0.020105303153666612
0.022249362210280624
0.020051023177549802
0.022070238289095153
0.019920751234869458
0.02210823427237692
0.02008359116321989
0.022048526298648428
0.02008901916083157
0.02203767030342507
0.020045595179938123
0.022222222222222223
0.02008901916083157
0.022086522281930195
0.019915323237257775
0.022048526298648428
0.020029311187103077
0.022222222222222223
0.020186723117841827
0.022265646203115674
0.02009444715844325
0.022233078217445582
0.020051023177549802
0.022129946262823646
0.02009444715844325
0.022254790207892308
0.020007599196656352
0.022140802258047005
0.020029311187103077
0.022233078217445582
0.02019215111545351
0.022200510231775498
0.019969603213374584
0.022135374260435325
0.0199370352277045
0.022102806274765237
0.020023883189491394
0.022222222222222223
0.020056451175161482
0.022167942246105413
0.02003473918471476
0.0221136622699886
0.020116159148889975
0.022189654236552135
0.020121587146501658
0.022265646203115674
0.02011073115127829
0.022233078217445582
0.020061879172773165
0.02221136622699886
0.02011073115127829
0.02201053031536666
0.019953319220539542
0.022184226238940456
0.02014329913694838
0.022124518265211963
0.02009444715844325
0.0219996743201433
0.02011073115127829
0.022129946262823646
0.02014329913694838
0.02201053031536666
0.02014872713456006
0.022287358193562395
0.020213863105900235
0.022075666286706836
0.020165011127395105
0.022015958312978343
0.019958747218151225
0.022189654236552135
0.020045595179938123
0.022178798241328773
0.020241003093958636
0.022021386310590023
0.020061879172773165
0.02229278619117408
0.020116159148889975
0.022102806274765237
0.020002171199044672
0.022243934212668945
0.020013027194268035
0.022287358193562395
0.02009444715844325
0.02220593822938718
0.0199370352277045
0.022151658253270368
0.020105303153666612
0.022184226238940456
0.0201378711393367
0.022178798241328773
0.020127015144113337
0.022102806274765237
0.020056451175161482
0.02236335016012593
0.020213863105900235
0.022086522281930195
0.020235575096346957
0.022238506215057265
0.020061879172773165
0.022200510231775498
0.020045595179938123
0.02216251424849373
0.020105303153666612
0.022243934212668945
0.020078163165608207
0.02242305813385442
0.0201378711393367
0.022032242305813386
0.01999131520382131
0.022140802258047005
0.020018455191879714
0.022070238289095153
0.020165011127395105
0.02216251424849373
0.020105303153666612
0.022119090267600283
0.019996743201432993
0.02205395429626011
0.020284427074852087
0.022189654236552135
0.020165011127395105
0.02221136622699886
0.020121587146501658
0.022048526298648428
0.019855615263529282
0.022124518265211963
0.020127015144113337
0.021929110351191446
0.019969603213374584
0.02206481029148347
0.020170439125006785
0.022075666286706836
0.02020300711067687
0.0221136622699886
0.02003473918471476
0.022097378277153558
0.02019757911306519
0.022015958312978343
0.020127015144113337
0.022173370243717093
0.020051023177549802
0.022070238289095153
0.020072735167996524
0.022184226238940456
0.020023883189491394
0.022200510231775498
0.019964175215762905
0.022129946262823646
0.020175867122618468
0.02229278619117408
0.019964175215762905
0.022070238289095153
0.020224719101123594
0.022227650219833903
0.02019215111545351
0.022043098301036748
0.01999131520382131
0.022195082234163815
0.020045595179938123
0.022325354176844163
0.02019757911306519
0.022260218205503987
0.02004016718232644
0.02231992617923248
0.020154155132171742
0.022140802258047005
0.020159583129783422
0.022146230255658688
0.020029311187103077
0.022070238289095153
0.020061879172773165
0.022070238289095153
0.0201378711393367
0.02196167833686153
0.020067307170384845
0.022043098301036748
0.020078163165608207
0.022276502198339036
0.020099875156054933
0.02220593822938718
0.019996743201432993
0.02205395429626011
0.020165011127395105
0.022124518265211963
0.020121587146501658
0.022325354176844163
0.020007599196656352
0.02221679422461054
0.020116159148889975
0.02216251424849373
0.020029311187103077
0.02221679422461054
0.020251859089182003
0.02216251424849373
0.02008901916083157
0.02216251424849373
0.020056451175161482
0.022119090267600283
0.020159583129783422
0.02235792216251425
0.020056451175161482
0.022124518265211963
0.020154155132171742
0.022178798241328773
0.020159583129783422
0.0221136622699886
0.020262715084405362
0.022200510231775498
0.02008901916083157
0.0221136622699886
0.020013027194268035
0.02210823427237692
0.0201378711393367
0.02221136622699886
0.02014329913694838
0.022227650219833903
0.019969603213374584
0.022119090267600283
0.02014329913694838
0.02206481029148347
0.020067307170384845
0.022189654236552135
0.02020300711067687
0.022249362210280624
0.020078163165608207
0.022032242305813386
0.020045595179938123
0.022097378277153558
0.02020300711067687
0.02206481029148347
0.020186723117841827
0.022124518265211963
0.020159583129783422
0.022119090267600283
0.020029311187103077
0.02220593822938718
0.020099875156054933
0.02209195027954188
0.02008901916083157
0.022238506215057265
0.020078163165608207
0.022189654236552135
0.02019215111545351
0.022026814308201702
0.02004016718232644
0.022238506215057265
0.020067307170384845
0.022233078217445582
0.020045595179938123
0.022119090267600283
0.020105303153666612
0.022157086250882047
0.020127015144113337
0.022249362210280624
0.02008901916083157
0.0221136622699886
0.019958747218151225
0.02216251424849373
0.02014329913694838
0.022043098301036748
0.020007599196656352
0.022276502198339036
0.020002171199044672
0.022140802258047005
0.02019757911306519
0.022043098301036748
0.02014872713456006
0.02196167833686153
0.01999131520382131
0.022222222222222223
0.019958747218151225
0.022238506215057265
0.019958747218151225
0.022129946262823646
0.020105303153666612
0.022233078217445582
0.020078163165608207
0.022151658253270368
0.020154155132171742
0.022048526298648428
0.019964175215762905
0.022124518265211963
0.020116159148889975
0.022276502198339036
0.01999131520382131
0.02209195027954188
0.019969603213374584
0.022070238289095153
0.02008359116321989
0.02230907018400912
0.020061879172773165
0.022129946262823646
0.020061879172773165
0.022015958312978343
0.019964175215762905
0.02201053031536666
0.02009444715844325
0.022249362210280624
0.020268143082017045
0.022124518265211963
0.020013027194268035
0.022129946262823646
0.02031699506052217
0.022184226238940456
0.020116159148889975
0.02216251424849373
0.020154155132171742
0.022200510231775498
0.019985887206209627
0.02209195027954188
0.020154155132171742
0.022167942246105413
0.020007599196656352
0.022254790207892308
0.02008359116321989
0.022102806274765237
0.020105303153666612
0.02221136622699886
0.02014872713456006
0.022048526298648428
0.020061879172773165
0.022249362210280624
0.02020300711067687
0.022281930195950716
0.020056451175161482
0.0221136622699886
0.020224719101123594
0.022081094284318516
0.019996743201432993
0.022140802258047005
0.020023883189491394
0.022254790207892308
0.019985887206209627
0.022032242305813386
0.020002171199044672
0.022015958312978343
0.020132443141725017
0.022178798241328773
0.02014329913694838
0.022086522281930195
0.020013027194268035
0.02220593822938718
0.020023883189491394
0.022200510231775498
0.020213863105900235
0.0219996743201433
0.020072735167996524
0.02236335016012593
0.019996743201432993
0.022146230255658688
0.019953319220539542
0.022129946262823646
0.02011073115127829
0.022222222222222223
0.020078163165608207
0.02216251424849373
0.019926179232481137
0.022151658253270368
0.02024643109157032
0.022238506215057265
0.019953319220539542
0.022450198121912828
0.020045595179938123
0.022184226238940456
0.020121587146501658
0.022135374260435325
0.019926179232481137
0.02205395429626011
0.02014329913694838
0.0221136622699886
0.020116159148889975
0.022129946262823646
0.020099875156054933
0.02221136622699886
0.020241003093958636
0.022184226238940456
0.02024643109157032
0.02221136622699886
0.020018455191879714
0.02229278619117408
0.02008901916083157
0.022260218205503987
0.020067307170384845
0.022070238289095153
0.02008901916083157
0.02200510231775498
0.020181295120230147
0.022271074200727353
0.0199370352277045
0.022157086250882047
0.020224719101123594
0.022243934212668945
0.020175867122618468
0.022081094284318516
0.020072735167996524
0.022227650219833903
0.020116159148889975
0.022021386310590023
0.020121587146501658
0.02221679422461054
0.020127015144113337
0.022243934212668945
0.02009444715844325
0.02200510231775498
0.020067307170384845
0.02206481029148347
0.020051023177549802
0.022276502198339036
0.02034413504858058
0.022265646203115674
0.020067307170384845
0.022157086250882047
0.020116159148889975
0.022287358193562395
0.020175867122618468
0.022238506215057265
0.02014329913694838
0.022119090267600283
0.020002171199044672
0.022200510231775498
0.02009444715844325
0.022260218205503987
0.020018455191879714
0.022135374260435325
0.019985887206209627
0.022281930195950716
0.020018455191879714
0.02205395429626011
0.019964175215762905
0.02200510231775498
0.019926179232481137
0.021967106334473213
0.020078163165608207
0.022097378277153558
0.02011073115127829
0.022276502198339036
0.019996743201432993
0.021967106334473213
0.020029311187103077
0.02206481029148347
0.020007599196656352
0.022222222222222223
0.020002171199044672
0.022157086250882047
0.020007599196656352
0.0221136622699886
0.020078163165608207
0.022015958312978343
0.02020300711067687
0.022200510231775498
0.020002171199044672
0.022151658253270368
0.020072735167996524
0.022102806274765237
0.020099875156054933
0.022412202138631057
0.02020300711067687
0.022097378277153558
0.0201378711393367
0.022119090267600283
0.020045595179938123
0.022238506215057265
0.02014329913694838
0.022043098301036748
0.02011073115127829
0.022146230255658688
0.020067307170384845
0.022249362210280624
0.02014872713456006
0.022298214188785758
0.02009444715844325
0.022086522281930195
0.020327851055745534
0.022233078217445582
0.020067307170384845
0.022167942246105413
0.019964175215762905
0.022070238289095153
0.020061879172773165
0.02221136622699886
0.020029311187103077
0.022151658253270368
0.020127015144113337
0.022227650219833903
0.020045595179938123
0.022271074200727353
0.02004016718232644
0.022081094284318516
0.019975031210986267
0.0221136622699886
0.020121587146501658
0.02210823427237692
0.020007599196656352
0.022140802258047005
0.019964175215762905
0.022260218205503987
0.02019215111545351
0.022124518265211963
0.02019757911306519
0.022233078217445582
0.019953319220539542
0.022129946262823646
0.020007599196656352
0.022026814308201702
0.020056451175161482
0.022124518265211963
0.020116159148889975
0.022200510231775498
0.019931607230092817
0.022265646203115674
0.020099875156054933
0.02206481029148347
0.020121587146501658
0.022015958312978343
0.01988818324919937
0.022222222222222223
0.019985887206209627
0.022157086250882047
0.020099875156054933
0.022151658253270368
0.0199370352277045
0.022167942246105413
0.020105303153666612
0.0221136622699886
0.01999131520382131
0.02205938229387179
0.02004016718232644
0.022238506215057265
0.020061879172773165
0.022119090267600283
0.0201378711393367
0.022325354176844163
0.019996743201432993
0.02203767030342507
0.020061879172773165
0.022015958312978343
0.020186723117841827
0.022271074200727353
0.01994246322531618
0.022167942246105413
0.019996743201432993
0.022043098301036748
0.020067307170384845
0.022043098301036748
0.020029311187103077
0.02210823427237692
0.020056451175161482
0.022178798241328773
0.020013027194268035
0.022243934212668945
0.02004016718232644
0.022146230255658688
0.020099875156054933
0.02216251424849373
0.020002171199044672
0.022238506215057265
0.020018455191879714
0.02200510231775498
0.01994246322531618
0.022075666286706836
0.020067307170384845
0.022178798241328773
0.02020300711067687
0.02221136622699886
0.020051023177549802
0.022135374260435325
0.019953319220539542
0.022075666286706836
0.0199370352277045
0.022151658253270368
0.020029311187103077
0.022097378277153558
0.020045595179938123
0.022075666286706836
0.020029311187103077
0.022157086250882047
0.02011073115127829
0.022249362210280624
0.020175867122618468
0.022222222222222223
0.020251859089182003
0.022151658253270368
0.02019215111545351
0.02203767030342507
0.01994246322531618
0.022167942246105413
0.020078163165608207
0.022124518265211963
0.02019757911306519
0.02221136622699886
0.020013027194268035
0.022330782174455843
0.02008901916083157
0.022026814308201702
0.020056451175161482
0.022048526298648428
0.019980459208597947
0.022070238289095153
0.020056451175161482
0.022189654236552135
0.020013027194268035
0.022260218205503987
0.020241003093958636
0.022178798241328773
0.019909895239646095
0.022243934212668945
0.020045595179938123
0.022097378277153558
0.020007599196656352
0.022254790207892308
0.020045595179938123
0.022276502198339036
0.02014329913694838
0.02209195027954188
0.019980459208597947
0.022081094284318516
0.02008359116321989
0.022173370243717093
0.020165011127395105
0.022124518265211963
0.019866471258752648
0.022173370243717093
0.02003473918471476
0.022081094284318516
0.020013027194268035
0.022081094284318516
0.020007599196656352
0.022086522281930195
0.019980459208597947
0.02209195027954188
0.02008901916083157
0.022075666286706836
0.020072735167996524
0.022048526298648428
0.020013027194268035
0.022124518265211963
0.020061879172773165
0.022298214188785758
0.020159583129783422
0.022173370243717093
0.020045595179938123
0.02231992617923248
0.02014329913694838
0.022178798241328773
0.01989361124681105
0.022135374260435325
0.02004016718232644
0.022178798241328773
0.019964175215762905
0.022097378277153558
0.0201378711393367
0.022070238289095153
0.0201378711393367
0.0221136622699886
0.020105303153666612
0.022081094284318516
0.020099875156054933
0.022265646203115674
0.020219291103511915
0.02216251424849373
0.020154155132171742
0.02209195027954188
0.020235575096346957
0.022249362210280624
0.020061879172773165
0.02221136622699886
0.020268143082017045
0.022119090267600283
0.020072735167996524
0.022189654236552135
0.019915323237257775
0.022032242305813386
0.020165011127395105
0.022026814308201702
0.02009444715844325
0.022119090267600283
0.019920751234869458
0.022081094284318516
0.02014872713456006
0.02216251424849373
0.020099875156054933
0.02221679422461054
0.020170439125006785
0.022238506215057265
0.020224719101123594
0.022075666286706836
0.020007599196656352
0.022271074200727353
0.02014872713456006
0.022135374260435325
0.020116159148889975
0.022249362210280624
0.020045595179938123
0.022129946262823646
0.020121587146501658
0.02216251424849373
0.019975031210986267
0.022015958312978343
0.02008359116321989
0.022189654236552135
0.02009444715844325
0.0221136622699886
0.02004016718232644
0.022102806274765237
0.02020300711067687
0.022146230255658688
0.020078163165608207
0.02221136622699886
0.02003473918471476
0.02205395429626011
0.020023883189491394
0.022184226238940456
0.020051023177549802
0.02205938229387179
0.019969603213374584
0.022178798241328773
0.020072735167996524
0.022119090267600283
0.020154155132171742
0.022043098301036748
0.020067307170384845
0.02200510231775498
0.020099875156054933
0.022184226238940456
0.019975031210986267
0.02205938229387179
0.02003473918471476
0.022048526298648428
0.020002171199044672
0.02221679422461054
0.020023883189491394
0.022249362210280624
0.020175867122618468
0.022233078217445582
0.020013027194268035
0.022200510231775498
0.020121587146501658
0.02198881832491994
0.020159583129783422
0.022281930195950716
0.020013027194268035
0.022238506215057265
0.01994246322531618
0.022070238289095153
0.02003473918471476
0.022124518265211963
0.02009444715844325
0.022173370243717093
0.019980459208597947
0.02201053031536666
0.020029311187103077
0.02209195027954188
0.020078163165608207
0.02235792216251425
0.02003473918471476
0.022189654236552135
0.020181295120230147
0.022086522281930195
0.019985887206209627
0.02205395429626011
0.02011073115127829
0.022178798241328773
0.02014329913694838
0.022151658253270368
0.020078163165608207
0.022265646203115674
0.019953319220539542
0.022026814308201702
0.019975031210986267
0.022379634152960973
0.020289855072463767
0.022195082234163815
0.019947891222927863
0.022021386310590023
0.019969603213374584
0.022151658253270368
0.020170439125006785
0.02206481029148347
0.020306139065298812
0.02200510231775498
0.020029311187103077
0.022173370243717093
0.019931607230092817
0.022075666286706836
0.020213863105900235
0.022075666286706836
0.02008359116321989
0.022086522281930195
0.020154155132171742
0.02216251424849373
0.020121587146501658
0.022249362210280624
0.02008359116321989
0.02206481029148347
0.02009444715844325
0.022119090267600283
0.02014872713456006
0.022157086250882047
0.020132443141725017
0.022167942246105413
0.020278999077240404
0.022075666286706836
0.020061879172773165
0.022135374260435325
0.02008901916083157
0.022243934212668945
0.020023883189491394
0.022151658253270368
0.02003473918471476
0.02209195027954188
0.020061879172773165
0.022238506215057265
0.020056451175161482
0.022015958312978343
0.019964175215762905
0.021945394344026488
0.02003473918471476
0.022281930195950716
0.019975031210986267
0.02221679422461054
0.020154155132171742
0.022124518265211963
0.01999131520382131
0.022135374260435325
0.020132443141725017
0.022249362210280624
0.020186723117841827
0.022178798241328773
0.020067307170384845
0.022227650219833903
0.020165011127395105
0.021994246322531618
0.0201378711393367
0.0221136622699886
0.02019215111545351
0.02221136622699886
0.020181295120230147
0.022048526298648428
0.020067307170384845
0.02201053031536666
0.020116159148889975
0.022140802258047005
0.020230147098735277
0.022048526298648428
0.02004016718232644
0.022151658253270368
0.0201378711393367
0.02210823427237692
0.020061879172773165
0.022260218205503987
0.020213863105900235
0.022135374260435325
0.020159583129783422
0.02205395429626011
0.020213863105900235
0.022119090267600283
0.020181295120230147
0.022233078217445582
0.020067307170384845
0.02221679422461054
0.020099875156054933
0.022265646203115674
0.020311567062910492
0.022195082234163815
0.020116159148889975
0.022347066167290885
0.020116159148889975
0.022151658253270368
0.02009444715844325
0.022298214188785758
0.019975031210986267
0.022151658253270368
0.020105303153666612
0.02206481029148347
0.020105303153666612
0.022281930195950716
0.020121587146501658
0.022140802258047005
0.0201378711393367
0.02216251424849373
0.02019215111545351
0.022151658253270368
0.020056451175161482
0.02206481029148347
0.0201378711393367
0.022195082234163815
0.020051023177549802
0.02210823427237692
0.020056451175161482
0.022119090267600283
0.020018455191879714
0.022167942246105413
0.02014872713456006
0.022243934212668945
0.020061879172773165
0.022184226238940456
0.020257287086793682
0.022178798241328773
0.020181295120230147
0.022081094284318516
0.020051023177549802
0.022233078217445582
0.019996743201432993
0.022070238289095153
0.019958747218151225
0.022043098301036748
0.020262715084405362
0.02210823427237692
0.020105303153666612
0.022135374260435325
0.020007599196656352
0.022135374260435325
0.020186723117841827
0.022021386310590023
0.020219291103511915
0.022243934212668945
0.019926179232481137
0.022102806274765237
0.0201378711393367
0.02221679422461054
0.019964175215762905
0.02221136622699886
0.02008901916083157
0.022184226238940456
0.02008901916083157
0.022097378277153558
0.020235575096346957
0.02185311838462791
0.020213863105900235
0.022195082234163815
0.020056451175161482
0.02220593822938718
0.020013027194268035
0.022140802258047005
0.020045595179938123
0.022173370243717093
0.02014872713456006
0.022254790207892308
0.019947891222927863
0.022178798241328773
0.019915323237257775
0.022129946262823646
0.020165011127395105
0.02221679422461054
0.020219291103511915
0.022281930195950716
0.020099875156054933
0.022140802258047005
0.019996743201432993
0.022233078217445582
0.020165011127395105
0.022298214188785758
0.020154155132171742
0.022026814308201702
0.020072735167996524
0.022151658253270368
0.02008901916083157
0.021820550398957826
0.01999131520382131
0.022227650219833903
0.020056451175161482
0.022189654236552135
0.02009444715844325
0.021994246322531618
0.020051023177549802
0.022227650219833903
0.02020300711067687
0.022129946262823646
0.02019215111545351
0.02201053031536666
0.020056451175161482
0.022135374260435325
0.020175867122618468
0.02209195027954188
0.020224719101123594
0.022184226238940456
0.020127015144113337
0.022200510231775498
0.020208435108288552
0.022200510231775498
0.020099875156054933
0.02209195027954188
0.020289855072463767
0.022233078217445582
0.020116159148889975
0.022298214188785758
0.020018455191879714
0.02216251424849373
0.02020300711067687
0.022173370243717093
0.020235575096346957
0.02230907018400912
0.019926179232481137
0.022119090267600283
0.020051023177549802
0.022102806274765237
0.019844759268305923
0.022015958312978343
0.020045595179938123
0.022146230255658688
0.020175867122618468
0.02236335016012593
0.019926179232481137
0.022330782174455843
0.02030071106768713
0.022195082234163815
0.020045595179938123
0.022075666286706836
0.020165011127395105
0.022189654236552135
0.020105303153666612
0.022341638169679205
0.020165011127395105
0.022178798241328773
0.020051023177549802
0.02216251424849373
0.020165011127395105
0.022140802258047005
0.020029311187103077
0.02230907018400912
0.02004016718232644
0.022303642186397438
0.020159583129783422
0.022265646203115674
0.020051023177549802
0.022032242305813386
0.020007599196656352
0.02205395429626011
0.01994246322531618
0.022043098301036748
0.020072735167996524
0.02205938229387179
0.02014872713456006
0.022151658253270368
0.02014872713456006
0.022157086250882047
0.019980459208597947
0.0221136622699886
0.019958747218151225
0.02200510231775498
0.02024643109157032
0.022254790207892308
0.020072735167996524
0.02203767030342507
0.020159583129783422
0.0221136622699886
0.020186723117841827
0.022070238289095153
0.019909895239646095
0.022271074200727353
0.02011073115127829
0.02220593822938718
0.02008359116321989
0.02205938229387179
0.02004016718232644
0.02203767030342507
0.020002171199044672
0.022048526298648428
0.02011073115127829
0.022271074200727353
0.020067307170384845
0.02210823427237692
0.020181295120230147
0.022238506215057265
0.020159583129783422
0.022287358193562395
0.020268143082017045
0.0221136622699886
0.020165011127395105
0.022167942246105413
0.02014872713456006
0.022135374260435325
0.020078163165608207
0.022140802258047005
0.020067307170384845
0.022070238289095153
0.020132443141725017
0.022048526298648428
0.020045595179938123
0.022233078217445582
0.019969603213374584
0.02216251424849373
0.020257287086793682
0.022178798241328773
0.01994246322531618
0.022271074200727353
0.020165011127395105
0.022184226238940456
0.020224719101123594
0.022325354176844163
0.020078163165608207
0.022287358193562395
0.02011073115127829
0.02221679422461054
0.020186723117841827
0.022119090267600283
0.020273571079628724
0.021945394344026488
0.02014329913694838
0.022157086250882047
0.019975031210986267
0.022195082234163815
0.020186723117841827
0.022146230255658688
0.020002171199044672
0.022043098301036748
0.020072735167996524
0.022173370243717093
0.020273571079628724
0.022146230255658688
0.020045595179938123
0.022276502198339036
0.020013027194268035
0.0221136622699886
0.020018455191879714
0.022227650219833903
0.020230147098735277
0.02205938229387179
0.020170439125006785
0.022119090267600283
0.020121587146501658
0.022287358193562395
0.020170439125006785
0.022336210172067522
0.020170439125006785
0.0221136622699886
0.020018455191879714
0.02205395429626011
0.02014872713456006
0.022227650219833903
0.020105303153666612
0.022097378277153558
0.019969603213374584
0.022135374260435325
0.020061879172773165
0.022184226238940456
0.020105303153666612
0.022157086250882047
0.020127015144113337
0.022151658253270368
0.019996743201432993
0.0219996743201433
0.020230147098735277
0.022222222222222223
0.019958747218151225
0.02209195027954188
0.020056451175161482
0.022140802258047005
0.02014872713456006
0.022260218205503987
0.019980459208597947
0.022195082234163815
0.020056451175161482
0.022271074200727353
0.020230147098735277
0.022119090267600283
0.020018455191879714
0.022048526298648428
0.020067307170384845
0.022189654236552135
0.019975031210986267
0.021934538348803125
0.020181295120230147
0.022075666286706836
0.020072735167996524
0.022146230255658688
0.020029311187103077
0.022081094284318516
0.020061879172773165
0.022222222222222223
0.020099875156054933
0.022195082234163815
0.020132443141725017
0.02216251424849373
0.02019215111545351
0.022070238289095153
0.020175867122618468
0.022151658253270368
0.020099875156054933
0.021994246322531618
0.019996743201432993
0.022222222222222223
0.02004016718232644
0.022178798241328773
0.020170439125006785
0.022015958312978343
0.020067307170384845
0.022222222222222223
0.020072735167996524
0.022129946262823646
0.020121587146501658
0.0219996743201433
0.020132443141725017
0.0219996743201433
0.020072735167996524
0.022146230255658688
0.019915323237257775
0.02206481029148347
0.02011073115127829
0.022287358193562395
0.020127015144113337
0.022303642186397438
0.020078163165608207
0.022189654236552135
0.020121587146501658
0.02221679422461054
0.020002171199044672
0.021983390327308255
0.020127015144113337
0.022184226238940456
0.020002171199044672
0.022412202138631057
0.020002171199044672
0.022178798241328773
0.02009444715844325
0.022140802258047005
0.020116159148889975
0.022102806274765237
0.020127015144113337
0.02236335016012593
0.019985887206209627
0.022167942246105413
0.020132443141725017
0.022265646203115674
0.019926179232481137
0.022184226238940456
0.020023883189491394
0.022048526298648428
0.020099875156054933
0.022102806274765237
0.019931607230092817
0.02220593822938718
0.020121587146501658
0.022233078217445582
0.02008359116321989
0.022086522281930195
0.020072735167996524
0.02221136622699886
0.019996743201432993
0.022227650219833903
0.020181295120230147
0.02205395429626011
0.020013027194268035
0.02221679422461054
0.0201378711393367
0.022124518265211963
0.020072735167996524
0.022119090267600283
0.020072735167996524
0.022227650219833903
0.020029311187103077
0.022135374260435325
0.020165011127395105
0.022043098301036748
0.02020300711067687
0.022254790207892308
0.020116159148889975
0.022173370243717093
0.020007599196656352
0.022048526298648428
0.019958747218151225
0.0221136622699886
0.020013027194268035
0.022135374260435325
0.020045595179938123
0.022081094284318516
0.02014872713456006
0.022200510231775498
0.02008359116321989
0.02198881832491994
0.02004016718232644
0.022195082234163815
0.0201378711393367
0.022238506215057265
0.019953319220539542
0.02205938229387179
0.02014872713456006
0.021918254355968083
0.020007599196656352
0.022200510231775498
0.020170439125006785
0.022260218205503987
0.02019215111545351
0.022178798241328773
0.0201378711393367
0.022151658253270368
0.020056451175161482
0.022129946262823646
0.020170439125006785
0.022081094284318516
0.019920751234869458
0.022146230255658688
0.020105303153666612
0.02216251424849373
0.020067307170384845
0.02196167833686153
0.020116159148889975
0.022043098301036748
0.020056451175161482
0.022043098301036748
0.020051023177549802
0.02210823427237692
0.020067307170384845
0.02206481029148347
0.020154155132171742
0.022178798241328773
0.0201378711393367
0.02220593822938718
0.020181295120230147
0.022184226238940456
0.01988818324919937
0.022243934212668945
0.02004016718232644
0.022200510231775498
0.020045595179938123
0.022265646203115674
0.020018455191879714
0.021918254355968083
0.020056451175161482
0.021983390327308255
0.02014329913694838
0.022271074200727353
0.02011073115127829
0.021983390327308255
0.02008359116321989
0.022178798241328773
0.02011073115127829
0.022184226238940456
0.02020300711067687
0.02235792216251425
0.020072735167996524
0.022195082234163815
0.020116159148889975
0.02210823427237692
0.02009444715844325
0.021967106334473213
0.019969603213374584
0.022015958312978343
0.020159583129783422
0.022260218205503987
0.019812191282635835
0.022238506215057265
0.020165011127395105
0.022200510231775498
0.020154155132171742
0.022157086250882047
0.02014329913694838
0.022043098301036748
0.0199370352277045
0.022124518265211963
0.019899039244422732
0.022140802258047005
0.020121587146501658
0.022021386310590023
0.020045595179938123
0.02209195027954188
0.02004016718232644
0.02205395429626011
0.020029311187103077
0.022129946262823646
0.019975031210986267
0.02200510231775498
0.020159583129783422
0.022233078217445582
0.019861043261140965
0.022086522281930195
0.020127015144113337
0.022173370243717093
0.01999131520382131
0.021994246322531618
0.020067307170384845
0.022157086250882047
0.020213863105900235
0.02205395429626011
0.0201378711393367
0.022124518265211963
0.020018455191879714
0.022102806274765237
0.020105303153666612
0.022238506215057265
0.019996743201432993
0.022249362210280624
0.02024643109157032
0.022140802258047005
0.019980459208597947
0.022048526298648428
0.02003473918471476
0.022195082234163815
0.020072735167996524
0.022151658253270368
0.020002171199044672
0.02209195027954188
0.020230147098735277
0.022189654236552135
0.019964175215762905
0.022135374260435325
0.02008359116321989
0.022238506215057265
0.020181295120230147
0.022140802258047005
0.020023883189491394
0.022271074200727353
0.02014329913694838
0.02220593822938718
0.019985887206209627
0.022135374260435325
0.019904467242034415
0.022075666286706836
0.020175867122618468
0.022173370243717093
0.020181295120230147
0.02221136622699886
0.020165011127395105
0.022271074200727353
0.02019215111545351
0.022070238289095153
0.019899039244422732
0.022081094284318516
0.02008359116321989
0.022173370243717093
0.020105303153666612
0.022287358193562395
0.020219291103511915
0.022129946262823646
0.02008901916083157
0.022140802258047005
0.020105303153666612
0.02210823427237692
0.0201378711393367
0.022151658253270368
0.020002171199044672
0.02221136622699886
0.020013027194268035
0.022189654236552135
0.020051023177549802
0.022097378277153558
0.02009444715844325
0.02209195027954188
0.020067307170384845
0.02221136622699886
0.020170439125006785
0.022189654236552135
0.020159583129783422
0.022081094284318516
0.020132443141725017
0.022135374260435325
0.0199370352277045
0.02209195027954188
0.01999131520382131
0.02205938229387179
0.02014329913694838
0.022097378277153558
0.020165011127395105
0.022135374260435325
0.02011073115127829
0.0221136622699886
0.020067307170384845
0.022129946262823646
0.020121587146501658
0.022200510231775498
0.019947891222927863
0.022189654236552135
0.02024643109157032
0.022184226238940456
0.02008901916083157
0.02205938229387179
0.020056451175161482
0.022119090267600283
0.019964175215762905
0.022249362210280624
0.019958747218151225
0.022249362210280624
0.019931607230092817
0.022325354176844163
0.020116159148889975
0.022167942246105413
0.020116159148889975
0.022173370243717093
0.02008359116321989
0.022167942246105413
0.01989361124681105
0.02210823427237692
0.020235575096346957
0.022200510231775498
0.02003473918471476
0.02221136622699886
0.0201378711393367
0.022021386310590023
0.020121587146501658
0.021994246322531618
0.02003473918471476
0.022081094284318516
0.020023883189491394
0.022086522281930195
0.01983933127069424
0.022081094284318516
0.020072735167996524
0.02209195027954188
0.020132443141725017
0.022195082234163815
0.02008359116321989
0.022151658253270368
0.020175867122618468
0.022140802258047005
0.020116159148889975
0.022184226238940456
0.020181295120230147
0.022119090267600283
0.019980459208597947
0.022249362210280624
0.019980459208597947
0.02221136622699886
0.020045595179938123
0.022336210172067522
0.020078163165608207
0.022287358193562395
0.020018455191879714
0.022086522281930195
0.020165011127395105
0.022157086250882047
0.0199370352277045
0.02210823427237692
0.020067307170384845
0.022287358193562395
0.01999131520382131
0.022276502198339036
0.020213863105900235
0.02221679422461054
0.020213863105900235
0.022167942246105413
0.02020300711067687
0.022178798241328773
0.020099875156054933
0.022119090267600283
0.020045595179938123
0.02190739836074472
0.02008359116321989
0.022151658253270368
0.020230147098735277
0.022200510231775498
0.020045595179938123
0.022086522281930195
0.020051023177549802
0.022195082234163815
0.02011073115127829
0.022146230255658688
0.020262715084405362
0.022081094284318516
0.020159583129783422
0.022173370243717093
0.020072735167996524
0.022265646203115674
0.02003473918471476
0.022151658253270368
0.020121587146501658
0.02221136622699886
0.020061879172773165
0.022135374260435325
0.02003473918471476
0.022260218205503987
0.019980459208597947
0.022254790207892308
0.020278999077240404
0.022238506215057265
0.020132443141725017
0.022178798241328773
0.020002171199044672
0.021994246322531618
0.02003473918471476
0.02221136622699886
0.020029311187103077
0.02229278619117408
0.02020300711067687
0.022200510231775498
0.02024643109157032
0.022281930195950716
0.02008901916083157
0.022298214188785758
0.020186723117841827
0.02235249416490257
0.019953319220539542
0.02210823427237692
0.020029311187103077
0.021977962329696572
0.020051023177549802
0.02216251424849373
0.020127015144113337
0.022151658253270368
0.02004016718232644
0.0223144981816208
0.020045595179938123
0.022260218205503987
0.020067307170384845
0.022173370243717093
0.020045595179938123
0.022140802258047005
0.020018455191879714
0.022178798241328773
0.019926179232481137
0.022385062150572656
0.020061879172773165
0.022238506215057265
0.020268143082017045
0.022178798241328773
0.019964175215762905
0.022135374260435325
0.020121587146501658
0.022151658253270368
0.020099875156054933
0.022135374260435325
0.01999131520382131
0.022157086250882047
0.020029311187103077
0.022260218205503987
0.019964175215762905
0.022222222222222223
0.020007599196656352
0.02221679422461054
0.02003473918471476
0.022336210172067522
0.020262715084405362
0.022227650219833903
0.020116159148889975
0.022254790207892308
0.02008901916083157
0.02216251424849373
0.020159583129783422
0.022271074200727353
0.020181295120230147
0.022184226238940456
0.02004016718232644
0.02203767030342507
0.02009444715844325
0.022233078217445582
0.020175867122618468
0.022233078217445582
0.020127015144113337
0.022200510231775498
0.019980459208597947
0.0221136622699886
0.020045595179938123
0.02195082234163817
0.015507789176572761
0.004966617814688162
0.0007924876513054334
0.0010258915486077186
-0.00041252781848775987
0.0004993757802746567
-0.00020083591163219889
0.0003799598328176736
-0.000428811811322803
0.0004396678065461651
-0.0003691038375943115
0.0003311078543125441
-0.0005590837540031483
0.0003311078543125441
-0.0004939477826629757
0.0003962438256527167
-0.0004613797969928893
0.000320251859089182
-0.0005590837540031483
0.0003311078543125441
-0.0004505238017695272
0.00046680779460457037
-0.000640503718178364
0.00022797589969060413
-0.00046680779460457037
0.00021711990446724203
-0.0005590837540031483
0.0001899799164088368
-0.0005862237420615535
0.0002768278781957336
-0.00041252781848775987
0.00035281984475926827
-0.00043423980893448407
0.00020083591163219889
-0.0006784997014601314
0.00024968789013732833
-0.0004885197850512946
0.00016826792596211256
-0.0003365358519242251
0.0003311078543125441
-0.0005102317754980188
0.00021711990446724203
-0.0005536557563914672
0.0003419638495359062
-0.0004613797969928893
0.0001628399283504315
-0.0005645117516148293
0.000428811811322803
-0.0003853878304293546
0.00028225587580741463
-0.00040167182326439777
0.00022797589969060413
-0.0005699397492265104
0.00035281984475926827
-0.0005048037778863378
0.0003311078543125441
-0.0005210877707213809
0.00020626390924387994
-0.00044509580415784617
0.00014655593551538836
-0.0003473918471475872
0.0001519839331270694
-0.00039081582804103567
0.0002551158877490094
-0.0004885197850512946
0.00014112793790370731
-0.000531943765944743
0.0001736959235737936
-0.00042338381371112197
0.00027139988058405253
-0.0004505238017695272
0.00010313195462193997
-0.0004179558160994409
0.0002876838734190957
-0.0004885197850512946
0.00028225587580741463
-0.00041252781848775987
0.0002768278781957336
-0.0003039678662541388
0.0002876838734190957
-0.0003799598328176736
0.0001736959235737936
-0.0005590837540031483
0.00019540791402051784
-0.0005590837540031483
0.00013569994029202626
-0.0004993757802746567
0.0001899799164088368
-0.000531943765944743
0.00028225587580741463
-0.0003582478423709493
0.00020626390924387994
-0.0006133637301199588
0.0003039678662541388
-0.0005645117516148293
0.0003311078543125441
-0.000526515768333062
0.0
-0.00046680779460457037
0.0003745318352059925
-0.0004070998208760788
0.0004396678065461651
-0.0003962438256527167
0.00024968789013732833
-0.0005048037778863378
0.0002659718829723715
-0.00047766378982793246
0.00026054388536069043
-0.0003853878304293546
0.0003419638495359062
-0.00023883189491396623
0.0003419638495359062
-0.0004396678065461651
0.0004179558160994409
-0.0003745318352059925
0.00018455191879715574
-0.00035281984475926827
0.00023340389730228518
-0.0005156597731096999
0.0003093958638658199
-0.0004830917874396135
0.0004070998208760788
-0.0004993757802746567
0.000320251859089182
-0.0004505238017695272
0.0004505238017695272
-0.0004885197850512946
0.0003039678662541388
-0.0005373717635564241
0.0002659718829723715
-0.0005427997611681051
0.00010313195462193997
-0.0003799598328176736
0.0001519839331270694
-0.0002876838734190957
0.00028225587580741463
-0.00022797589969060413
0.00021711990446724203
-0.0005210877707213809
0.0003473918471475872
-0.0004613797969928893
0.0003311078543125441
-0.0003745318352059925
0.00044509580415784617
-0.0002659718829723715
0.00022254790207892308
-0.0003473918471475872
0.0003582478423709493
-0.0005590837540031483
0.0003799598328176736
-0.0004993757802746567
0.0004179558160994409
-0.0004722357922162514
0.00043423980893448407
-0.0004885197850512946
0.00023883189491396623
-0.0003691038375943115
0.00040167182326439777
-0.0003473918471475872
0.0001519839331270694
-0.00045595179938120827
0.0003148238614775009
-0.0005373717635564241
0.00023883189491396623
-0.0004830917874396135
0.0003799598328176736
-0.0004396678065461651
0.0004505238017695272
-0.0002551158877490094
0.00042338381371112197
-0.0005373717635564241
0.00016826792596211256
-0.0003148238614775009
0.0002985398686424578
-0.0004505238017695272
0.0002442598925256473
-0.000320251859089182
0.0003962438256527167
-0.0003799598328176736
0.0003799598328176736
-0.0004396678065461651
0.000320251859089182
-0.00041252781848775987
0.0002768278781957336
-0.0002659718829723715
0.0003799598328176736
-0.000531943765944743
0.0003419638495359062
-0.000531943765944743
0.00040167182326439777
-0.0005536557563914672
0.00036367583998263037
-0.0004613797969928893
0.00042338381371112197
-0.00044509580415784617
0.00014112793790370731
-0.00027139988058405253
0.00039081582804103567
-0.0005482277587797862
0.0003039678662541388
-0.00021169190685556098
0.00043423980893448407
-0.0003365358519242251
0.0002659718829723715
-0.000320251859089182
0.0003582478423709493
-0.00046680779460457037
0.00040167182326439777
-0.000320251859089182
0.0003853878304293546
-0.00046680779460457037
0.0003365358519242251
-0.00041252781848775987
0.0001899799164088368
-0.0004179558160994409
0.000320251859089182
-0.0004993757802746567
0.0002551158877490094
-0.00041252781848775987
0.00036367583998263037
-0.0003473918471475872
0.00014655593551538836
-0.0005210877707213809
0.0003582478423709493
-0.0004179558160994409
0.00042338381371112197
-0.0004179558160994409
0.00029311187103077673
-0.0003853878304293546
0.00042338381371112197
-0.000531943765944743
0.0004179558160994409
-0.0004179558160994409
0.0003582478423709493
-0.00040167182326439777
0.00020083591163219889
-0.00027139988058405253
0.0003148238614775009
-0.0003365358519242251
0.00040167182326439777
-0.000428811811322803
0.00021711990446724203
-0.00026054388536069043
0.0003093958638658199
-0.00020083591163219889
0.0003039678662541388
-0.0004993757802746567
0.00022797589969060413
-0.00043423980893448407
0.00043423980893448407
-0.00029311187103077673
0.0004396678065461651
-0.0005753677468381914
0.00024968789013732833
-0.0002659718829723715
0.0002985398686424578
-0.0005156597731096999
0.0003039678662541388
-0.0003745318352059925
0.00043423980893448407
-0.00029311187103077673
0.00029311187103077673
-0.00045595179938120827
0.0003745318352059925
-0.00041252781848775987
0.00028225587580741463
-0.00045595179938120827
0.00028225587580741463
-0.00047766378982793246
0.0004722357922162514
-0.00036367583998263037
0.0003582478423709493
-0.0004070998208760788
0.00017912392118547466
-0.00042338381371112197
0.0003093958638658199
-0.00036367583998263037
0.00023883189491396623
-0.0003799598328176736
0.0004070998208760788
-0.0004613797969928893
0.0003365358519242251
-0.0005645117516148293
0.00044509580415784617
-0.0003419638495359062
0.00029311187103077673
-0.0004939477826629757
0.0003365358519242251
-0.0003365358519242251
0.00044509580415784617
-0.0004179558160994409
0.00012484394506866417
-0.00028225587580741463
0.0003311078543125441
-0.0004396678065461651
0.00039081582804103567
-0.0003691038375943115
0.0003365358519242251
-0.0005753677468381914
0.0002768278781957336
-0.0004613797969928893
0.0003962438256527167
-0.0004613797969928893
0.00040167182326439777
-0.0003365358519242251
0.0003093958638658199
-0.0004396678065461651
0.0003039678662541388
-0.00024968789013732833
0.0006296477229550019
-0.000320251859089182
0.00027139988058405253
-0.00035281984475926827
0.0002442598925256473
-0.0002551158877490094
0.00024968789013732833
-0.00043423980893448407
0.000320251859089182
-0.0003962438256527167
0.0002985398686424578
-0.00039081582804103567
0.000526515768333062
-0.00042338381371112197
0.000428811811322803
-0.00039081582804103567
0.0003093958638658199
-0.00021169190685556098
0.000526515768333062
-0.0003365358519242251
0.0005156597731096999
-0.00043423980893448407
0.0002659718829723715
-0.0004070998208760788
0.0003148238614775009
-0.0003582478423709493
0.00039081582804103567
-0.0003962438256527167
0.0003853878304293546
-0.0004885197850512946
0.0003962438256527167
-0.0003799598328176736
0.00021711990446724203
-0.00027139988058405253
0.000320251859089182
-0.00026054388536069043
0.0006079357325082777
-0.00022254790207892308
0.00041252781848775987
-0.00020083591163219889
0.0003799598328176736
-0.00040167182326439777
0.0003853878304293546
-0.0003799598328176736
0.0003799598328176736
-0.0003962438256527167
0.0002768278781957336
-0.000320251859089182
0.0005156597731096999
-0.0004885197850512946
0.0003853878304293546
-0.0002442598925256473
0.0004613797969928893
-0.0002442598925256473
0.0004830917874396135
-0.0005590837540031483
0.0003365358519242251
-0.00036367583998263037
0.00035281984475926827
-0.0003745318352059925
0.0004993757802746567
-0.0003799598328176736
0.00041252781848775987
-0.00047766378982793246
0.0005048037778863378
-0.00040167182326439777
0.0004070998208760788
-0.00035281984475926827
0.00044509580415784617
-0.00039081582804103567
0.0003745318352059925
-0.00026054388536069043
0.00045595179938120827
-0.0004505238017695272
0.0003473918471475872
-0.0003745318352059925
0.00044509580415784617
-0.0004179558160994409
0.0003582478423709493
-0.0005102317754980188
0.0004070998208760788
-0.0002876838734190957
0.0004830917874396135
-0.00043423980893448407
0.0004396678065461651
-0.0005645117516148293
0.00042338381371112197
-0.00035281984475926827
0.0004885197850512946
-0.0004070998208760788
0.0005210877707213809
-0.0003582478423709493
0.00039081582804103567
-0.000531943765944743
0.00035281984475926827
-0.00027139988058405253
0.0004396678065461651
-0.0003582478423709493
0.0004396678065461651
-0.0003311078543125441
0.0004939477826629757
-0.00041252781848775987
0.0002876838734190957
-0.0004885197850512946
0.00022797589969060413
-0.00041252781848775987
0.00042338381371112197
-0.0005048037778863378
0.0004505238017695272
-0.0002768278781957336
0.0004396678065461651
-0.00027139988058405253
0.0005210877707213809
-0.0002659718829723715
0.0004070998208760788
-0.0004179558160994409
0.00022797589969060413
-0.0003799598328176736
0.0003691038375943115
-0.00045595179938120827
0.000320251859089182
-0.0003311078543125441
0.0004613797969928893
-0.00027139988058405253
0.00036367583998263037
-0.0003039678662541388
0.0003853878304293546
-0.000325679856700863
0.0005156597731096999
-0.00043423980893448407
0.0005048037778863378
-0.00021711990446724203
0.000531943765944743
-0.0004070998208760788
0.0004505238017695272
-0.0003745318352059925
0.000428811811322803
-0.0001628399283504315
0.0005970797372849156
-0.0003473918471475872
0.00036367583998263037
-0.0003745318352059925
0.00027139988058405253
-0.00028225587580741463
0.000320251859089182
-0.0003799598328176736
0.0005645117516148293
-0.0002876838734190957
0.0003311078543125441
-0.00044509580415784617
0.0002768278781957336
-0.0004993757802746567
0.0003419638495359062
-0.0004613797969928893
0.00043423980893448407
-0.000325679856700863
0.0003093958638658199
-0.0003148238614775009
0.0003745318352059925
-0.0003853878304293546
0.0003473918471475872
-0.00040167182326439777
0.0005048037778863378
-0.00041252781848775987
0.0004070998208760788
-0.0005210877707213809
0.0003093958638658199
-0.0003148238614775009
0.0001628399283504315
-0.00045595179938120827
0.0006025077348965967
-0.0003093958638658199
0.00041252781848775987
-0.0003039678662541388
0.0004505238017695272
-0.0003962438256527167
0.00022797589969060413
-0.0003039678662541388
0.0005102317754980188
-0.0002768278781957336
0.0003419638495359062
-0.0004613797969928893
0.0004993757802746567
-0.00040167182326439777
0.0002659718829723715
-0.0003419638495359062
0.0005862237420615535
-0.00022797589969060413
0.0005862237420615535
-0.00041252781848775987
0.00046680779460457037
-0.00011941594745698312
0.0002985398686424578
-0.0003582478423709493
0.0003473918471475872
-0.000320251859089182
0.0003419638495359062
-0.00017912392118547466
0.00040167182326439777
-0.000325679856700863
0.00035281984475926827
-0.00017912392118547466
0.0004722357922162514
-0.0003853878304293546
0.000428811811322803
-0.0003473918471475872
0.00043423980893448407
-0.00026054388536069043
0.00045595179938120827
-0.0003039678662541388
0.0004885197850512946
-0.0003093958638658199
0.0004613797969928893
-0.0003582478423709493
0.0002442598925256473
-0.00023883189491396623
0.00029311187103077673
-0.00027139988058405253
0.00045595179938120827
-0.0003365358519242251
0.0004939477826629757
-0.0002442598925256473
0.0005373717635564241
-0.00020626390924387994
0.000640503718178364
-9.227595939857787e-05
0.0005590837540031483
-0.00016826792596211256
0.0004396678065461651
-0.0002442598925256473
0.00042338381371112197
-0.00036367583998263037
0.0004070998208760788
-0.0004396678065461651
0.0004070998208760788
-0.00022797589969060413
0.0005156597731096999
-0.00029311187103077673
0.0005156597731096999
-0.0003799598328176736
0.0004830917874396135
-0.00023883189491396623
0.00044509580415784617
-0.0004179558160994409
0.0003473918471475872
-0.00022254790207892308
0.0003093958638658199
-0.0003691038375943115
0.0004396678065461651
-0.0001899799164088368
0.0002659718829723715
-0.0003365358519242251
0.0004885197850512946
-0.00044509580415784617
0.0005210877707213809
-0.000428811811322803
0.00047766378982793246
-0.00035281984475926827
0.00044509580415784617
-0.0003582478423709493
0.0005048037778863378
-0.0003093958638658199
0.0004396678065461651
-0.00029311187103077673
0.00039081582804103567
-0.00027139988058405253
0.0005699397492265104
-0.0002985398686424578
0.0004396678065461651
-0.00040167182326439777
0.0005427997611681051
-0.0003419638495359062
0.0002985398686424578
-0.00027139988058405253
0.00046680779460457037
-0.0004939477826629757
0.0003311078543125441
-0.0003311078543125441
0.00041252781848775987
-0.00045595179938120827
0.0005536557563914672
-0.0002442598925256473
0.0002876838734190957
-0.0002985398686424578
0.0005048037778863378
-0.00026054388536069043
0.0005590837540031483
-0.0003311078543125441
0.00040167182326439777
-0.00029311187103077673
0.0005482277587797862
-0.0002659718829723715
0.000428811811322803
-0.00028225587580741463
0.0005048037778863378
-0.00013027194268034522
0.00039081582804103567
-0.0002985398686424578
0.0005590837540031483
-0.000325679856700863
0.0003419638495359062
-0.00028225587580741463
0.0004830917874396135
-0.0005536557563914672
0.00042338381371112197
-0.00023883189491396623
0.00040167182326439777
-0.00027139988058405253
0.0005482277587797862
-0.00028225587580741463
0.0004885197850512946
-0.00014112793790370731
0.00042338381371112197
-0.00014655593551538836
0.0006296477229550019
-0.000320251859089182
0.00047766378982793246
-0.0003691038375943115
0.00039081582804103567
-0.0003093958638658199
0.00041252781848775987
-0.0003365358519242251
0.0002551158877490094
-0.00029311187103077673
0.0004722357922162514
-0.00014655593551538836
0.0003962438256527167
-0.00017912392118547466
0.0004613797969928893
-0.00035281984475926827
0.0005753677468381914
-0.0003582478423709493
0.0006187917277316398
-0.000325679856700863
0.0003365358519242251
-0.00041252781848775987
0.0004070998208760788
-0.0003582478423709493
0.000428811811322803
-0.0003799598328176736
0.0003691038375943115
-0.00020083591163219889
0.0003365358519242251
-0.0003148238614775009
0.00043423980893448407
-0.0003962438256527167
0.0005102317754980188
-0.00020626390924387994
0.00044509580415784617
-0.0003582478423709493
0.0005699397492265104
-0.0003148238614775009
0.00036367583998263037
-0.00041252781848775987
0.0005156597731096999
-0.00042338381371112197
0.0005590837540031483
-0.0003311078543125441
0.000531943765944743
-0.0004993757802746567
0.000531943765944743
-0.0001736959235737936
0.000531943765944743
-0.00017912392118547466
0.000640503718178364
-0.0002985398686424578
0.00035281984475926827
-0.00026054388536069043
0.000651359713401726
-0.00021711990446724203
0.0005807957444498725
-0.0003093958638658199
0.0006567877110134072
-0.0004179558160994409
0.00042338381371112197
-0.00012484394506866417
0.0004722357922162514
-0.00020083591163219889
0.0005862237420615535
-0.00018455191879715574
0.0003582478423709493
-0.0002659718829723715
0.00029311187103077673
-0.00026054388536069043
0.00040167182326439777
-0.00044509580415784617
0.0003419638495359062
-0.0003311078543125441
0.0003365358519242251
-0.00022797589969060413
0.000531943765944743
-0.00026054388536069043
0.0004939477826629757
-0.0002985398686424578
0.0003582478423709493
-0.0002551158877490094
0.00045595179938120827
-0.00024968789013732833
0.00035281984475926827
-0.00023883189491396623
0.00046680779460457037
-0.00021169190685556098
0.0005210877707213809
-0.00014655593551538836
0.0004396678065461651
-0.00040167182326439777
0.0003365358519242251
-0.00026054388536069043
0.0005699397492265104
-0.00024968789013732833
0.0004179558160994409
-0.0001519839331270694
0.0005373717635564241
-0.0003148238614775009
0.0003853878304293546
-0.00026054388536069043
0.0005156597731096999
-0.0003799598328176736
0.00039081582804103567
-0.0002442598925256473
0.0005048037778863378
-0.0002985398686424578
0.00026054388536069043
-0.00021711990446724203
0.0002768278781957336
-0.00039081582804103567
0.0004505238017695272
-0.00017912392118547466
0.0005862237420615535
-0.00035281984475926827
0.000428811811322803
-0.00022254790207892308
0.0003473918471475872
-7.056396895185366e-05
0.0005102317754980188
-0.00020626390924387994
0.0003365358519242251
-0.0002768278781957336
0.000531943765944743
-0.00026054388536069043
0.00043423980893448407
-0.00020626390924387994
0.0004722357922162514
-0.0003039678662541388
0.0005916517396732346
-0.0004613797969928893
0.0004993757802746567
-0.00021169190685556098
0.0006730717038484502
-0.00036367583998263037
0.0005807957444498725
-0.00028225587580741463
0.0003473918471475872
-0.0003311078543125441
0.0004505238017695272
-0.00022254790207892308
0.000526515768333062
-0.0002768278781957336
0.0005048037778863378
-0.0003745318352059925
0.00042338381371112197
-0.0003039678662541388
0.00047766378982793246
-0.000325679856700863
0.00041252781848775987
-0.0003093958638658199
0.0005699397492265104
-0.00021169190685556098
0.0006079357325082777
-0.0003311078543125441
0.0003962438256527167
-0.0002768278781957336
0.0004885197850512946
-0.00020626390924387994
0.0005862237420615535
-0.00023340389730228518
0.0005536557563914672
-0.00021711990446724203
0.0005753677468381914
-0.00042338381371112197
0.0005807957444498725
-0.00018455191879715574
0.0005482277587797862
-0.00018455191879715574
0.00044509580415784617
-0.00026054388536069043
0.0005048037778863378
-0.00026054388536069043
0.0002551158877490094
-0.00042338381371112197
0.0005699397492265104
-0.0003093958638658199
0.0004505238017695272
-0.00018455191879715574
0.0003691038375943115
-0.0002442598925256473
0.0003691038375943115
-0.00026054388536069043
0.0005753677468381914
-0.0004179558160994409
0.0004830917874396135
-0.0002551158877490094
0.0005048037778863378
-9.227595939857787e-05
0.00039081582804103567
-0.0002442598925256473
0.00040167182326439777
-0.0003039678662541388
0.0006296477229550019
-0.0004613797969928893
0.0005970797372849156
-0.00040167182326439777
0.0006622157086250881
-0.00020083591163219889
0.000531943765944743
-0.0001899799164088368
0.00016826792596211256
-0.0003093958638658199
0.0003799598328176736
-0.00022797589969060413
0.0005210877707213809
-0.0003311078543125441
0.000640503718178364
-0.000320251859089182
0.0002551158877490094
-0.0002985398686424578
0.000428811811322803
-0.00021711990446724203
0.0006025077348965967
-0.0003962438256527167
0.0005753677468381914
-0.00016826792596211256
0.0006025077348965967
-0.00013569994029202626
0.0005807957444498725
-0.0003799598328176736
0.0004885197850512946
-0.0001736959235737936
0.0004179558160994409
-0.00036367583998263037
0.00044509580415784617
-0.00029311187103077673
0.0006784997014601314
-0.00022254790207892308
0.0004830917874396135
-0.00013569994029202626
0.0006025077348965967
-0.00022254790207892308
0.0004993757802746567
-0.00036367583998263037
0.0004830917874396135
-0.0003419638495359062
0.000325679856700863
-0.000320251859089182
0.00046680779460457037
-0.00029311187103077673
0.00036367583998263037
-0.00010313195462193997
0.0004939477826629757
-0.00021169190685556098
0.0006025077348965967
-0.00020083591163219889
0.0005916517396732346
-0.00020083591163219889
0.0006242197253433209
-0.00020083591163219889
0.00039081582804103567
-0.00010313195462193997
0.0004830917874396135
-0.00021711990446724203
0.000651359713401726
-0.00011941594745698312
0.0004939477826629757
-0.0003691038375943115
0.0005048037778863378
-0.0003419638495359062
0.00045595179938120827
-0.00046680779460457037
0.0006187917277316398
-0.0002659718829723715
0.0005427997611681051
-0.0003148238614775009
0.000651359713401726
-0.0002659718829723715
0.0003745318352059925
-4.885197850512946e-05
0.0005536557563914672
-6.513597134017261e-05
0.00040167182326439777
-0.00011398794984530207
0.0004993757802746567
-0.0002442598925256473
0.00022797589969060413
-0.00024968789013732833
0.0005699397492265104
-0.00020626390924387994
0.0005699397492265104
-0.0003962438256527167
0.0004396678065461651
-0.00022797589969060413
0.0005048037778863378
-0.00028225587580741463
0.0004613797969928893
-0.00021711990446724203
0.000645931715790045
-0.0003473918471475872
0.0005102317754980188
-0.0003365358519242251
0.00046680779460457037
-0.00022797589969060413
0.0006296477229550019
-0.00016826792596211256
0.00039081582804103567
-0.00021711990446724203
0.0005048037778863378
-0.00013027194268034522
0.00046680779460457037
-0.00015741193073875046
0.0005590837540031483
-0.0001519839331270694
0.0006242197253433209
-0.0003365358519242251
0.00044509580415784617
-0.00022254790207892308
0.0005373717635564241
-0.0005048037778863378
0.00047766378982793246
-0.0003419638495359062
0.00046680779460457037
-0.000320251859089182
0.000635075720566683
-0.0003582478423709493
0.0006242197253433209
-0.00022254790207892308
0.0004505238017695272
-0.00021169190685556098
0.0005590837540031483
-0.00021711990446724203
0.000526515768333062
-0.0003148238614775009
0.00042338381371112197
-8.68479617868968e-05
0.0003473918471475872
-0.0003691038375943115
0.00041252781848775987
-0.0002768278781957336
0.0003799598328176736
-9.770395701025892e-05
0.00047766378982793246
-0.00021169190685556098
0.000640503718178364
-0.00029311187103077673
0.0005427997611681051
-0.00036367583998263037
0.00047766378982793246
-0.0003691038375943115
0.0005699397492265104
-0.000320251859089182
0.0005862237420615535
-0.0003365358519242251
0.0005753677468381914
-0.0003419638495359062
0.0005048037778863378
-7.59919665635347e-05
0.0003799598328176736
-0.00027139988058405253
0.0004505238017695272
-0.00019540791402051784
0.0006133637301199588
-0.00024968789013732833
0.0006133637301199588
-0.000320251859089182
0.00039081582804103567
-0.0002876838734190957
0.0005536557563914672
-0.00020626390924387994
0.0004722357922162514
-0.00024968789013732833
0.0005807957444498725
-0.0002768278781957336
0.0006730717038484502
-0.00021169190685556098
0.0003962438256527167
-0.0001736959235737936
0.0003745318352059925
-0.0003419638495359062
0.00035281984475926827
-0.00036367583998263037
0.0005807957444498725
-0.00026054388536069043
0.0004722357922162514
-0.0001628399283504315
0.00041252781848775987
-0.0003148238614775009
0.0003745318352059925
-0.00024968789013732833
0.0005048037778863378
-0.0002442598925256473
0.0005373717635564241
-0.0003419638495359062
0.0005373717635564241
-0.0003745318352059925
0.0004939477826629757
-0.0002876838734190957
0.0005916517396732346
-0.00020083591163219889
0.0007056396895185365
-0.00024968789013732833
0.0006676437062367693
-0.0002442598925256473
0.0005373717635564241
-0.0003039678662541388
0.0004179558160994409
-0.0002985398686424578
0.000531943765944743
-3.799598328176735e-05
0.0005156597731096999
-0.0002985398686424578
0.0005427997611681051
-0.0003148238614775009
0.000645931715790045
-0.00013569994029202626
0.0005536557563914672
-0.0002876838734190957
0.0005699397492265104
-0.00024968789013732833
0.0005373717635564241
-0.0003799598328176736
0.0003799598328176736
-0.00023883189491396623
0.0005645117516148293
-0.00027139988058405253
0.000526515768333062
-0.0003473918471475872
0.0006025077348965967
-0.00026054388536069043
0.0005536557563914672
-0.0003365358519242251
0.0005482277587797862
-0.0003365358519242251
0.0005590837540031483
-0.0003039678662541388
0.0005102317754980188
-0.00022797589969060413
0.00047766378982793246
-0.0001628399283504315
0.0005699397492265104
-0.00027139988058405253
0.000635075720566683
-0.00022254790207892308
0.00045595179938120827
-0.0001628399283504315
0.0005536557563914672
-0.00020626390924387994
0.0006784997014601314
-9.770395701025892e-05
0.00045595179938120827
-0.0002985398686424578
0.0005807957444498725
-0.00014112793790370731
0.0007056396895185365
-0.00027139988058405253
0.00044509580415784617
-0.00023340389730228518
0.00047766378982793246
-0.00035281984475926827
0.0006079357325082777
-0.0003365358519242251
0.0005102317754980188
-0.00028225587580741463
0.000428811811322803
-0.00020083591163219889
0.0005048037778863378
-0.00029311187103077673
0.00047766378982793246
-0.00024968789013732833
0.0006839276990718123
-0.00023883189491396623
0.0003691038375943115
-0.0003473918471475872
0.0006187917277316398
-0.00024968789013732833
0.0004179558160994409
-0.00026054388536069043
0.000531943765944743
-0.00036367583998263037
0.0004613797969928893
-5.427997611681051e-05
0.0005807957444498725
-0.00027139988058405253
0.0005210877707213809
-0.0002442598925256473
0.00047766378982793246
-0.00016826792596211256
0.0004179558160994409
-0.00028225587580741463
0.0004613797969928893
-0.00022797589969060413
0.0004993757802746567
-0.0003365358519242251
0.0004505238017695272
-0.00027139988058405253
0.0006567877110134072
-0.00018455191879715574
0.0006839276990718123
-0.00013569994029202626
0.000645931715790045
-0.00028225587580741463
0.000531943765944743
-0.00019540791402051784
0.000635075720566683
-0.00012484394506866417
0.0004993757802746567
-0.00021169190685556098
0.0004939477826629757
-3.799598328176735e-05
0.000325679856700863
-0.00014112793790370731
0.0005156597731096999
-0.0003311078543125441
0.0005482277587797862
-0.00022797589969060413
0.0004722357922162514
-0.00021711990446724203
0.0004396678065461651
-0.00021711990446724203
0.00045595179938120827
-0.00013569994029202626
0.0003311078543125441
-0.0002876838734190957
0.0006567877110134072
-0.0002768278781957336
0.0005645117516148293
-0.00023340389730228518
0.0003093958638658199
-8.68479617868968e-05
0.000526515768333062
-0.00017912392118547466
0.000526515768333062
-0.00020083591163219889
0.0004885197850512946
-0.00020083591163219889
0.000531943765944743
-0.00016826792596211256
0.0005156597731096999
-0.0001628399283504315
0.0006133637301199588
-0.00022254790207892308
0.0004070998208760788
-0.0003473918471475872
0.0006567877110134072
-6.513597134017261e-05
0.000645931715790045
-0.00022797589969060413
0.0004179558160994409
-0.0002551158877490094
0.0004993757802746567
-0.0002768278781957336
0.0004505238017695272
-0.0002659718829723715
0.0005753677468381914
-0.0002985398686424578
0.0005048037778863378
-0.0001736959235737936
0.00045595179938120827
-0.00017912392118547466
0.0005590837540031483
-0.00035281984475926827
0.0003799598328176736
-0.0002768278781957336
0.0006296477229550019
-0.0003039678662541388
0.0004722357922162514
-0.00018455191879715574
0.00044509580415784617
-0.0002442598925256473
0.0004179558160994409
-0.00024968789013732833
0.0005862237420615535
-0.00013569994029202626
0.0006079357325082777
-0.00013569994029202626
0.0006025077348965967
-0.00022254790207892308
0.0004722357922162514
-0.00013569994029202626
0.0005645117516148293
-0.00019540791402051784
0.0005373717635564241
-0.00017912392118547466
0.0003582478423709493
-0.00029311187103077673
0.000526515768333062
-0.00036367583998263037
0.0005427997611681051
-9.227595939857787e-05
0.0004505238017695272
-0.0002768278781957336
0.000526515768333062
-0.0001736959235737936
0.0004505238017695272
-0.00016826792596211256
0.0004505238017695272
-0.00022254790207892308
0.00041252781848775987
-0.00020083591163219889
0.00039081582804103567
-0.0003148238614775009
0.0006730717038484502
-0.00028225587580741463
0.0006187917277316398
-0.00024968789013732833
0.000526515768333062
-0.0003093958638658199
0.0005645117516148293
-0.00012484394506866417
0.0006730717038484502
-0.00021169190685556098
0.0005699397492265104
-0.0003093958638658199
0.0005482277587797862
-0.0001628399283504315
0.0006839276990718123
-0.0002876838734190957
0.0005102317754980188
-0.0004070998208760788
0.0003799598328176736
-0.00011941594745698312
0.0005862237420615535
-0.00021169190685556098
0.00035281984475926827
-0.0001628399283504315
0.0005536557563914672
-0.00021169190685556098
0.0005590837540031483
-0.0003473918471475872
0.0005048037778863378
-0.0002442598925256473
0.0005427997611681051
-0.00010855995223362102
0.000651359713401726
-0.00014655593551538836
0.00042338381371112197
-0.00014112793790370731
0.0007327796775769418
-0.0003419638495359062
0.0005373717635564241
-6.513597134017261e-05
0.0004722357922162514
-0.0003148238614775009
0.0003745318352059925
-0.00011398794984530207
0.0006242197253433209
-0.00020626390924387994
0.0005753677468381914
-0.0003039678662541388
0.00047766378982793246
-0.0003148238614775009
0.0004993757802746567
-0.0003745318352059925
0.0004613797969928893
-0.00019540791402051784
0.000531943765944743
-0.00020626390924387994
0.0003745318352059925
-0.0003093958638658199
0.0006242197253433209
-0.0002985398686424578
0.0005373717635564241
-0.0003039678662541388
0.0003365358519242251
-0.0003311078543125441
0.0004722357922162514
-0.0001899799164088368
0.0004396678065461651
-0.0002659718829723715
0.00041252781848775987
-0.0003148238614775009
0.0005373717635564241
-0.0002768278781957336
0.0006784997014601314
-0.0004179558160994409
0.0003745318352059925
-0.000325679856700863
0.0006567877110134072
-0.0001899799164088368
0.0004993757802746567
-0.00010855995223362102
0.000531943765944743
-0.00017912392118547466
0.0006133637301199588
-0.00021711990446724203
0.000531943765944743
-0.0002659718829723715
0.0006187917277316398
-0.00028225587580741463
0.0006242197253433209
-0.00023883189491396623
0.000428811811322803
-0.00046680779460457037
0.0004885197850512946
-0.00017912392118547466
0.0005645117516148293
-0.00047766378982793246
0.0006730717038484502
-0.0002659718829723715
0.0006187917277316398
-0.00023883189491396623
0.0006676437062367693
-9.227595939857787e-05
0.0006187917277316398
-0.0001899799164088368
0.0005373717635564241
-0.00021711990446724203
0.0005156597731096999
-0.00012484394506866417
0.00042338381371112197
-0.0002768278781957336
0.000651359713401726
-0.0003311078543125441
0.000754491668023666
-0.0001899799164088368
0.0004505238017695272
-5.427997611681051e-05
0.00040167182326439777
-0.0002551158877490094
0.0006187917277316398
-0.00014112793790370731
0.0006730717038484502
-0.00028225587580741463
0.0005156597731096999
-9.770395701025892e-05
0.0004505238017695272
-0.00016826792596211256
0.0006079357325082777
-0.00018455191879715574
0.0003473918471475872
-0.00021169190685556098
0.0003799598328176736
-0.0003148238614775009
0.0005210877707213809
-0.00028225587580741463
0.0004993757802746567
-0.000320251859089182
0.0004613797969928893
-0.00010313195462193997
0.0004722357922162514
-0.00029311187103077673
0.00042338381371112197
-0.00027139988058405253
0.00041252781848775987
-0.00027139988058405253
0.0006133637301199588
-0.00020083591163219889
0.0004722357922162514
-0.00024968789013732833
0.0005210877707213809
-0.0003039678662541388
0.00045595179938120827
-0.0003039678662541388
0.0005373717635564241
-0.000428811811322803
0.0003473918471475872
-0.00023883189491396623
0.0005807957444498725
-0.000325679856700863
0.0005102317754980188
-0.0001628399283504315
0.0006893556966834934
-0.0003962438256527167
0.0004885197850512946
-9.770395701025892e-05
0.0003311078543125441
-0.0003365358519242251
0.0005916517396732346
-9.227595939857787e-05
0.0005590837540031483
-0.0002768278781957336
0.0005156597731096999
-0.0001519839331270694
0.00042338381371112197
-0.00016826792596211256
0.0005862237420615535
-0.00022797589969060413
0.0006187917277316398
-0.0002442598925256473
0.00040167182326439777
-0.0003419638495359062
0.0005048037778863378
-0.00010313195462193997
0.0005536557563914672
-0.00021711990446724203
0.00046680779460457037
-0.0002876838734190957
0.0005699397492265104
-0.00020083591163219889
0.0005536557563914672
-8.141996417521576e-05
0.0006730717038484502
-0.00017912392118547466
0.0005862237420615535
-0.00017912392118547466
0.0005102317754980188
-0.00015741193073875046
0.0003582478423709493
-0.00017912392118547466
0.0005916517396732346
-0.0003473918471475872
0.00046680779460457037
-0.000325679856700863
0.0006839276990718123
-0.0003582478423709493
0.0005970797372849156
-0.00026054388536069043
0.00041252781848775987
-0.0001519839331270694
0.000651359713401726
-0.0003039678662541388
0.000531943765944743
-0.00023883189491396623
0.0005482277587797862
-0.00024968789013732833
0.0005970797372849156
-0.0002551158877490094
0.0005699397492265104
-0.00022797589969060413
0.0005916517396732346
-0.00028225587580741463
0.000320251859089182
-0.0003962438256527167
0.000531943765944743
-0.0002768278781957336
0.0004830917874396135
-0.00026054388536069043
0.0004993757802746567
-0.00024968789013732833
0.00020626390924387994
-0.0002768278781957336
0.0005048037778863378
-0.00021711990446724203
0.0005753677468381914
-0.0002876838734190957
0.00043423980893448407
-0.00028225587580741463
0.000531943765944743
-4.34239808934484e-05
0.0005645117516148293
-0.00012484394506866417
0.0004613797969928893
-0.00027139988058405253
0.0005862237420615535
-0.00014655593551538836
0.000640503718178364
-0.0003582478423709493
0.00043423980893448407
-0.00012484394506866417
0.00041252781848775987
-0.0002442598925256473
0.0005970797372849156
-0.00015741193073875046
0.0005699397492265104
-0.00023883189491396623
0.000526515768333062
-0.00020626390924387994
0.0005210877707213809
-0.00040167182326439777
0.0006079357325082777
-0.00020083591163219889
0.0005427997611681051
-0.000325679856700863
0.0005970797372849156
-0.00011398794984530207
0.0006567877110134072
-0.0001736959235737936
0.000428811811322803
-0.0002985398686424578
0.0003691038375943115
-0.00039081582804103567
0.0006947836942951744
-0.00021169190685556098
0.000651359713401726
-0.00012484394506866417
0.0003473918471475872
-0.00039081582804103567
0.0004070998208760788
-0.00020083591163219889
0.0006079357325082777
-8.68479617868968e-05
0.0004830917874396135
-0.00022797589969060413
0.0004939477826629757
-0.0001899799164088368
0.0005862237420615535
-0.0002659718829723715
0.0006025077348965967
-9.770395701025892e-05
0.00042338381371112197
-0.00017912392118547466
0.0006947836942951744
-0.000320251859089182
0.0005536557563914672
-5.42799761168105e-06
0.0005048037778863378
-0.0003148238614775009
0.00035281984475926827
-0.0002551158877490094
0.000526515768333062
-0.00021711990446724203
0.0004505238017695272
-0.00040167182326439777
0.0006296477229550019
-0.0001736959235737936
0.0005048037778863378
-0.00011941594745698312
0.000640503718178364
-0.00014112793790370731
0.000526515768333062
-0.0001519839331270694
0.0005862237420615535
-0.00024968789013732833
0.0006079357325082777
-0.0002442598925256473
0.0005156597731096999
-0.00010855995223362102
0.0007599196656353471
-0.0004070998208760788
0.0005807957444498725
-0.0003853878304293546
0.0005862237420615535
-0.00017912392118547466
0.0006242197253433209
-0.00021169190685556098
0.0005753677468381914
-0.00018455191879715574
0.0007816316560820713
4.885197850512946e-05
0.0008521956250339249
-0.00029311187103077673
0.0007327796775769418
-0.00019540791402051784
0.0006947836942951744
-0.00013027194268034522
0.0008684796178689681
-0.0001899799164088368
0.0005373717635564241
-0.00024968789013732833
0.0005645117516148293
-0.00019540791402051784
0.0005427997611681051
-4.885197850512946e-05
0.000635075720566683
-0.00036367583998263037
0.0005645117516148293
-0.00020083591163219889
0.0006839276990718123
-0.00011941594745698312
0.0005753677468381914
0.00011398794984530207
0.0005590837540031483
-0.00014112793790370731
0.000640503718178364
-0.0003039678662541388
0.0005156597731096999
-0.0002551158877490094
0.0004939477826629757
-0.00028225587580741463
0.000526515768333062
-4.34239808934484e-05
0.0004396678065461651
-0.00047766378982793246
0.00046680779460457037
-0.00023340389730228518
0.0006296477229550019
-6.513597134017261e-05
0.00044509580415784617
-0.00012484394506866417
0.0005916517396732346
-0.00027139988058405253
0.000640503718178364
-0.00013569994029202626
0.0004939477826629757
-0.0001628399283504315
0.0006242197253433209
-0.0002551158877490094
0.0006730717038484502
-0.00017912392118547466
0.000325679856700863
-0.0001899799164088368
0.0005210877707213809
-0.00022797589969060413
0.0004830917874396135
-0.00018455191879715574
0.0006187917277316398
-0.000325679856700863
0.0006242197253433209
-0.0003419638495359062
0.0004885197850512946
-0.0002985398686424578
0.00043423980893448407
-0.00014655593551538836
0.0005373717635564241
-0.000325679856700863
0.0005590837540031483
-0.00024968789013732833
0.0005210877707213809
-0.00027139988058405253
0.0006893556966834934
-0.00020626390924387994
0.0005645117516148293
-0.0003365358519242251
0.000645931715790045
-9.770395701025892e-05
0.0004179558160994409
-0.00028225587580741463
0.0005536557563914672
-0.0003148238614775009
0.00042338381371112197
-0.00016826792596211256
0.0006133637301199588
-0.00028225587580741463
0.0006784997014601314
-3.799598328176735e-05
0.00044509580415784617
-8.68479617868968e-05
0.0005102317754980188
-0.0003582478423709493
0.0005048037778863378
-4.885197850512946e-05
0.0006133637301199588
-0.00023340389730228518
0.0007870596536937523
-0.0002442598925256473
0.0005916517396732346
-0.0003148238614775009
0.0006784997014601314
-0.00011941594745698312
0.0004993757802746567
-8.68479617868968e-05
0.0005427997611681051
-0.00011398794984530207
0.0005645117516148293
-0.0003148238614775009
0.000526515768333062
-0.0002768278781957336
0.0005156597731096999
-0.00012484394506866417
0.0005536557563914672
-0.0003093958638658199
0.0004722357922162514
-0.00022254790207892308
0.000635075720566683
-0.00017912392118547466
0.0006893556966834934
-0.00017912392118547466
0.0005699397492265104
-0.00019540791402051784
0.0004396678065461651
-0.00014655593551538836
0.0006187917277316398
-0.00023883189491396623
0.0006839276990718123
-0.0002442598925256473
0.00045595179938120827
-0.0003365358519242251
0.0006730717038484502
-5.427997611681051e-05
0.0005699397492265104
-0.0002659718829723715
0.0004939477826629757
-0.0003691038375943115
0.0005916517396732346
-0.00014655593551538836
0.00047766378982793246
-0.0002659718829723715
0.0005862237420615535
-0.00044509580415784617
0.0004885197850512946
-0.0001736959235737936
0.0006242197253433209
-0.0001736959235737936
0.0004885197850512946
-0.00028225587580741463
0.0006676437062367693
-0.00022797589969060413
0.0006567877110134072
-0.00019540791402051784
0.0004993757802746567
-0.00022254790207892308
0.0006025077348965967
-0.00029311187103077673
0.0005753677468381914
-0.0003365358519242251
0.000640503718178364
-0.0002551158877490094
0.000738207675188623
-0.00013569994029202626
0.0005590837540031483
-0.00017912392118547466
0.0004993757802746567
-0.0002768278781957336
0.0003962438256527167
-0.00010855995223362102
0.0006242197253433209
-0.0003039678662541388
0.000531943765944743
-0.0002551158877490094
0.0004993757802746567
-0.0002768278781957336
0.0005536557563914672
-0.0002442598925256473
0.00039081582804103567
-0.0002551158877490094
0.0005482277587797862
-0.00020083591163219889
0.0005862237420615535
-0.00018455191879715574
0.00041252781848775987
-0.00020626390924387994
0.0006730717038484502
-0.0003148238614775009
0.0004885197850512946
-0.00020626390924387994
0.0005699397492265104
-0.00024968789013732833
0.0006025077348965967
-0.00018455191879715574
0.0006784997014601314
-0.00018455191879715574
0.0005210877707213809
-0.0003039678662541388
0.0006676437062367693
-0.00018455191879715574
0.0006079357325082777
-3.2567985670086304e-05
0.0007110676871302176
-0.00010855995223362102
0.000640503718178364
-0.00019540791402051784
0.000526515768333062
-0.00022797589969060413
0.0005970797372849156
-0.00029311187103077673
0.0006567877110134072
-6.513597134017261e-05
0.0005916517396732346
-0.0001519839331270694
0.0005807957444498725
-0.00010855995223362102
0.0006839276990718123
-0.0003419638495359062
0.0004885197850512946
-0.0001519839331270694
0.000749063670411985
-0.00026054388536069043
0.0003582478423709493
-0.00019540791402051784
0.0006025077348965967
-0.00022797589969060413
0.000738207675188623
-0.00029311187103077673
0.0005102317754980188
-0.00015741193073875046
0.00044509580415784617
-0.0003799598328176736
0.0006296477229550019
-0.0003148238614775009
0.0007056396895185365
-0.00012484394506866417
0.0003853878304293546
-0.00014655593551538836
0.000645931715790045
-0.00013569994029202626
0.0006784997014601314
-0.00023340389730228518
0.0007870596536937523
-0.00022254790207892308
0.000645931715790045
-0.00015741193073875046
0.0006187917277316398
-0.000320251859089182
0.0003799598328176736
-0.00023883189491396623
0.0007110676871302176
-7.056396895185366e-05
0.0006079357325082777
-0.000325679856700863
0.00040167182326439777
-0.00013569994029202626
0.0004939477826629757
-0.00013027194268034522
0.0006079357325082777
7.056396895185366e-05
0.0006079357325082777
-0.00018455191879715574
0.0005210877707213809
-0.0003148238614775009
0.0004993757802746567
-0.00018455191879715574
0.0006133637301199588
-0.0002551158877490094
0.0006133637301199588
-0.00020083591163219889
0.00043423980893448407
-0.0002442598925256473
0.0005102317754980188
-0.0001899799164088368
0.0005916517396732346
-0.00012484394506866417
0.00041252781848775987
-0.00023883189491396623
0.0005590837540031483
-0.0003311078543125441
0.0006187917277316398
-0.0001736959235737936
0.0005048037778863378
-0.0003691038375943115
0.000531943765944743
-0.00011941594745698312
0.000640503718178364
-9.770395701025892e-05
0.0005536557563914672
-0.00013569994029202626
0.0006242197253433209
-0.00011398794984530207
0.0005427997611681051
-0.00011398794984530207
0.0005373717635564241
-0.00018455191879715574
0.0007056396895185365
-0.00011941594745698312
0.0005753677468381914
-0.0002442598925256473
0.0005373717635564241
-0.00018455191879715574
0.0005645117516148293
-0.00010855995223362102
0.0005916517396732346
-0.00014655593551538836
0.0006893556966834934
-7.056396895185366e-05
0.000754491668023666
-0.00023883189491396623
0.00039081582804103567
-0.00014655593551538836
0.000651359713401726
-0.0003148238614775009
0.000531943765944743
-0.00015741193073875046
0.0005427997611681051
-0.00023883189491396623
0.0004885197850512946
-0.00021711990446724203
0.00035281984475926827
-0.00010313195462193997
0.0004179558160994409
-0.00021711990446724203
0.0005156597731096999
-0.0001628399283504315
0.00046680779460457037
-9.770395701025892e-05
0.0005699397492265104
-0.00012484394506866417
0.0006839276990718123
-0.0001736959235737936
0.0005970797372849156
-0.0002768278781957336
0.0005645117516148293
-8.141996417521576e-05
0.0006730717038484502
-0.00028225587580741463
0.0007653476632470281
-0.00027139988058405253
0.0007110676871302176
-0.00027139988058405253
0.0004939477826629757
-0.00024968789013732833
0.0004830917874396135
-0.00028225587580741463
0.0005970797372849156
-0.00020626390924387994
0.0005862237420615535
-0.00022254790207892308
0.0006676437062367693
-0.00019540791402051784
0.0006025077348965967
-0.00015741193073875046
0.0005427997611681051
-0.00012484394506866417
0.0006676437062367693
-0.00016826792596211256
0.0004830917874396135
-0.00028225587580741463
0.000651359713401726
-0.0001519839331270694
0.0005373717635564241
-0.0002659718829723715
0.0004885197850512946
-0.00018455191879715574
0.0005699397492265104
-4.885197850512946e-05
0.000738207675188623
1.08559952233621e-05
0.000749063670411985
-0.00021711990446724203
0.0004722357922162514
-0.00021711990446724203
0.0003799598328176736
-0.00024968789013732833
0.0004505238017695272
-0.0001628399283504315
0.0006676437062367693
-0.00014112793790370731
0.0004613797969928893
-9.227595939857787e-05
0.000754491668023666
-7.59919665635347e-05
0.000635075720566683
-0.00011398794984530207
0.00041252781848775987
-0.00014112793790370731
0.000645931715790045
-0.00020083591163219889
0.0004179558160994409
-0.00014112793790370731
0.0004885197850512946
-0.00011398794984530207
0.0007002116919068555
-0.0001519839331270694
0.0005482277587797862
-0.00023883189491396623
0.0004396678065461651
-0.00013569994029202626
0.0004993757802746567
-0.0001899799164088368
0.000640503718178364
-0.0001628399283504315
0.0007762036584703902
-0.00021711990446724203
0.0005102317754980188
-0.0003473918471475872
0.0006296477229550019
-8.68479617868968e-05
0.0006676437062367693
-0.00011941594745698312
0.0006947836942951744
-0.00014655593551538836
0.0004939477826629757
-0.00023340389730228518
0.000428811811322803
-8.68479617868968e-05
0.0005699397492265104
-3.2567985670086304e-05
0.0005699397492265104
-0.0001736959235737936
0.0005373717635564241
-0.0002551158877490094
0.0004885197850512946
1.6283992835043152e-05
0.0007327796775769418
-4.34239808934484e-05
0.0007436356728003039
-0.00017912392118547466
0.000526515768333062
-2.17119904467242e-05
0.000754491668023666
-0.0001519839331270694
0.00026054388536069043
-0.00019540791402051784
0.0005807957444498725
-0.00015741193073875046
0.00046680779460457037
-0.00011398794984530207
0.0005373717635564241
-0.00010855995223362102
0.0007002116919068555
-0.00015741193073875046
0.000640503718178364
-0.00020626390924387994
0.0004830917874396135
-0.0003093958638658199
0.0006133637301199588
-0.0001628399283504315
0.0005210877707213809
-4.885197850512946e-05
0.0006133637301199588
-0.00020626390924387994
0.0005210877707213809
-0.000320251859089182
0.0006079357325082777
-0.0003311078543125441
0.0006296477229550019
-0.00011398794984530207
0.000526515768333062
-0.00016826792596211256
0.0006025077348965967
-8.68479617868968e-05
0.0005156597731096999
-0.00026054388536069043
0.000526515768333062
-0.0002659718829723715
0.0004993757802746567
-0.00020083591163219889
0.0005102317754980188
-0.00013569994029202626
0.00045595179938120827
-0.00011941594745698312
0.0005753677468381914
-0.00023883189491396623
0.0006567877110134072
-0.000325679856700863
0.0006567877110134072
-7.056396895185366e-05
0.000526515768333062
-0.00021169190685556098
0.000526515768333062
-0.00024968789013732833
0.0006296477229550019
-0.00011398794984530207
0.000428811811322803
-0.00040167182326439777
0.0005970797372849156
-4.34239808934484e-05
0.0005482277587797862
-0.0001899799164088368
0.0005645117516148293
-8.68479617868968e-05
0.0004993757802746567
-0.00014655593551538836
0.0005373717635564241
-0.00016826792596211256
0.0006839276990718123
-0.00014112793790370731
0.0004722357922162514
-0.00010855995223362102
0.0005427997611681051
-0.0002985398686424578
0.0005156597731096999
-4.34239808934484e-05
0.000531943765944743
-0.00023340389730228518
0.0006079357325082777
-0.00012484394506866417
0.0005590837540031483
-0.0001736959235737936
0.0005753677468381914
-0.00020626390924387994
0.0007110676871302176
-0.00010313195462193997
0.0007056396895185365
-0.00018455191879715574
0.0005862237420615535
-0.0002876838734190957
0.0007056396895185365
-0.0002442598925256473
0.0006730717038484502
-0.00027139988058405253
0.0006622157086250881
-0.0003039678662541388
0.0006079357325082777
1.08559952233621e-05
0.0007870596536937523
-0.00023340389730228518
0.0005970797372849156
-0.00023883189491396623
0.0005482277587797862
-0.00022797589969060413
0.0004830917874396135
-0.00012484394506866417
0.0005807957444498725
-0.00011941594745698312
0.0007110676871302176
-0.00026054388536069043
0.0004939477826629757
-0.00023340389730228518
0.0005102317754980188
-0.0002551158877490094
0.0006730717038484502
-0.0002876838734190957
0.0005156597731096999
-0.00016826792596211256
0.0006730717038484502
-0.00027139988058405253
0.0005048037778863378
-0.00014112793790370731
0.000640503718178364
-0.0002768278781957336
0.0005970797372849156
-0.00015741193073875046
0.0006079357325082777
-0.00023883189491396623
0.0005102317754980188
-0.00015741193073875046
0.000526515768333062
-0.0002551158877490094
0.0005427997611681051
-0.00024968789013732833
0.0006784997014601314
-0.00021711990446724203
0.0007056396895185365
-0.0002876838734190957
0.0005916517396732346
-0.00014655593551538836
0.0005590837540031483
-0.0003365358519242251
0.0006025077348965967
-0.00022254790207892308
0.0005210877707213809
-0.00022797589969060413
0.000645931715790045
-0.00024968789013732833
0.0006296477229550019
-0.0001519839331270694
0.0005916517396732346
-0.00021711990446724203
0.0004993757802746567
-9.227595939857787e-05
0.00046680779460457037
-0.00013569994029202626
0.0007219236823535797
-0.0002985398686424578
0.0006676437062367693
-0.000325679856700863
0.0006187917277316398
-0.0002551158877490094
0.00046680779460457037
-0.0001899799164088368
0.0005210877707213809
-0.0002659718829723715
0.0007002116919068555
-0.00014112793790370731
0.0006839276990718123
-0.0001899799164088368
0.0006567877110134072
-0.00020626390924387994
0.0006839276990718123
-0.00023340389730228518
0.0005102317754980188
-0.00010855995223362102
0.0004396678065461651
-0.00023340389730228518
0.0005862237420615535
-0.00026054388536069043
0.0004993757802746567
-0.00010313195462193997
0.000531943765944743
-0.0003311078543125441
0.00043423980893448407
-0.00023340389730228518
0.0004396678065461651
-0.00022254790207892308
0.00042338381371112197
-0.00016826792596211256
0.0006296477229550019
-0.0003148238614775009
0.0005590837540031483
-0.0003039678662541388
0.0006893556966834934
-0.00011398794984530207
0.000754491668023666
-0.0001628399283504315
0.0006567877110134072
-0.00020083591163219889
0.0007653476632470281
-0.0003148238614775009
0.0005916517396732346
-0.0002659718829723715
0.0006296477229550019
-0.00022797589969060413
0.0008413396298105628
-0.0002768278781957336
0.00044509580415784617
-0.00014112793790370731
0.000640503718178364
-0.000320251859089182
0.0006296477229550019
-0.00013569994029202626
0.0004613797969928893
-0.00027139988058405253
0.0005048037778863378
9.227595939857787e-05
0.0005699397492265104
-0.00011398794984530207
0.0004722357922162514
-0.00026054388536069043
0.0005536557563914672
-0.00012484394506866417
0.0005862237420615535
-0.0003799598328176736
0.0006296477229550019
-0.00028225587580741463
0.0007056396895185365
-0.00011941594745698312
0.0006025077348965967
-0.00023340389730228518
0.0005645117516148293
-8.68479617868968e-05
0.000635075720566683
-0.00019540791402051784
0.0005373717635564241
-0.00023883189491396623
0.0007056396895185365
-0.00014112793790370731
0.0006622157086250881
-9.770395701025892e-05
0.000635075720566683
-0.0001628399283504315
0.0006242197253433209
-0.00017912392118547466
0.0006676437062367693
-0.00014112793790370731
0.0005645117516148293
-8.68479617868968e-05
0.0005373717635564241
-0.0003039678662541388
0.000531943765944743
-0.00014112793790370731
0.000640503718178364
-0.0002985398686424578
0.0006187917277316398
-0.00028225587580741463
0.000640503718178364
-0.00015741193073875046
0.00047766378982793246
-0.00020083591163219889
0.000320251859089182
-0.00027139988058405253
0.0005156597731096999
-0.00029311187103077673
0.000651359713401726
-0.00017912392118547466
0.0006296477229550019
-8.68479617868968e-05
0.0004993757802746567
-0.0001519839331270694
0.00046680779460457037
-0.0002442598925256473
0.0006187917277316398
-8.141996417521576e-05
0.000526515768333062
-0.0001628399283504315
0.000640503718178364
-0.00012484394506866417
0.0006187917277316398
-0.00020083591163219889
0.000651359713401726
-0.00016826792596211256
0.0005373717635564241
-0.00010855995223362102
0.0006784997014601314
5.970797372849156e-05
0.0006296477229550019
-0.00012484394506866417
0.0004885197850512946
-0.000320251859089182
0.00046680779460457037
-0.00020626390924387994
0.0007762036584703902
-6.513597134017261e-05
0.0007273516799652607
-0.00015741193073875046
0.000651359713401726
-0.0001899799164088368
0.0005753677468381914
-0.00011941594745698312
0.000651359713401726
-0.00016826792596211256
0.0005427997611681051
-0.00024968789013732833
0.0006784997014601314
-0.00022254790207892308
0.0005536557563914672
-0.00011941594745698312
0.0004885197850512946
-0.00015741193073875046
0.0006025077348965967
-0.00019540791402051784
0.0005156597731096999
-8.68479617868968e-05
0.000738207675188623
-0.00014112793790370731
0.0006133637301199588
-0.00024968789013732833
0.0006079357325082777
-0.00027139988058405253
0.0006296477229550019
-0.00011398794984530207
0.00047766378982793246
-0.0001628399283504315
0.000645931715790045
-0.00022797589969060413
0.0006133637301199588
-0.00016826792596211256
0.00046680779460457037
-0.00012484394506866417
0.0005645117516148293
-0.00010855995223362102
0.000645931715790045
-0.0003311078543125441
0.0004939477826629757
-0.00016826792596211256
0.0005807957444498725
-0.00029311187103077673
0.0007653476632470281
-0.0001736959235737936
0.0005536557563914672
-0.00022797589969060413
0.0005373717635564241
-7.59919665635347e-05
0.0004885197850512946
-0.00021169190685556098
0.0006947836942951744
-0.0002442598925256473
0.0006839276990718123
-0.00017912392118547466
0.0007164956847418986
-0.00018455191879715574
0.00047766378982793246
-0.000325679856700863
0.0006296477229550019
-7.59919665635347e-05
0.0005699397492265104
-0.00020083591163219889
0.0004830917874396135
-0.00023883189491396623
0.0006187917277316398
-0.0002768278781957336
0.0005699397492265104
-9.227595939857787e-05
0.0007056396895185365
-0.00016826792596211256
0.0004722357922162514
-0.00021711990446724203
0.00045595179938120827
-0.00021169190685556098
0.000526515768333062
-0.00015741193073875046
0.0004613797969928893
-0.00023340389730228518
0.0004179558160994409
-0.0003473918471475872
0.0007164956847418986
-0.00014655593551538836
0.0005210877707213809
-0.00021169190685556098
0.000645931715790045
-0.0003853878304293546
0.0005699397492265104
-0.0001736959235737936
0.0005156597731096999
-8.68479617868968e-05
0.0006025077348965967
-0.0003311078543125441
0.0006676437062367693
-0.00023340389730228518
0.0006025077348965967
-0.00022797589969060413
0.0004505238017695272
-0.0003093958638658199
0.0005753677468381914
-0.00022797589969060413
0.0005970797372849156
-0.0002551158877490094
0.00046680779460457037
-0.0002985398686424578
0.00046680779460457037
-0.00021169190685556098
0.00046680779460457037
-0.0003745318352059925
0.0007707756608587092
-0.0002551158877490094
0.0004993757802746567
-0.0003745318352059925
0.0006567877110134072
-0.0002768278781957336
0.0005699397492265104
-0.00019540791402051784
0.0004070998208760788
-0.00026054388536069043
0.0004179558160994409
-0.00012484394506866417
0.0006079357325082777
-0.00028225587580741463
0.000645931715790045
-0.0002442598925256473
0.0005536557563914672
-0.0003039678662541388
0.0004613797969928893
-0.00017912392118547466
0.0004993757802746567
-0.0001628399283504315
0.00044509580415784617
-0.0002985398686424578
0.00020626390924387994
-0.0003093958638658199
0.0005862237420615535
-0.0003039678662541388
0.0005427997611681051
-0.00014112793790370731
0.0004613797969928893
-0.0001736959235737936
0.0006676437062367693
-0.00020083591163219889
0.0007164956847418986
-0.0002876838734190957
0.0006242197253433209
-0.0002659718829723715
0.0006025077348965967
0.0
0.0007599196656353471
-0.0004179558160994409
0.0005590837540031483
-0.0001736959235737936
0.000635075720566683
-0.0003148238614775009
0.00047766378982793246
-0.00017912392118547466
0.0005753677468381914
-0.00011398794984530207
0.0008467676274222439
-0.00011398794984530207
0.0006079357325082777
-0.00026054388536069043
0.0004939477826629757
-0.00027139988058405253
0.0006133637301199588
-0.00027139988058405253
0.00047766378982793246
-0.0001899799164088368
0.0005427997611681051
-0.00024968789013732833
0.000754491668023666
-0.00013569994029202626
0.0004830917874396135
-0.0003799598328176736
0.0005970797372849156
-0.0004070998208760788
0.0005807957444498725
-0.00029311187103077673
0.0005536557563914672
-0.0001899799164088368
0.0007056396895185365
-0.00020083591163219889
0.000531943765944743
-0.0002768278781957336
0.000857623622645606
-0.00026054388536069043
0.0004396678065461651
-0.00027139988058405253
0.0007599196656353471
-0.0001899799164088368
0.0006187917277316398
-0.00018455191879715574
0.0004505238017695272
-8.141996417521576e-05
0.0005916517396732346
-0.00020083591163219889
0.0004070998208760788
-0.00022797589969060413
0.0006242197253433209
-0.0004885197850512946
0.0006730717038484502
-0.00016826792596211256
0.0005210877707213809
-0.00023340389730228518
0.0006730717038484502
-0.00023340389730228518
0.0006622157086250881
-0.0003799598328176736
0.0006025077348965967
-0.0001519839331270694
0.0005753677468381914
-0.00013569994029202626
0.0005427997611681051
-2.17119904467242e-05
0.0005970797372849156
-0.00020626390924387994
0.0005645117516148293
-0.00013569994029202626
0.0007327796775769418
-0.00018455191879715574
0.0005916517396732346
-0.0002442598925256473
0.000526515768333062
-0.00022254790207892308
0.0005156597731096999
-0.00029311187103077673
0.0003745318352059925
-0.00023340389730228518
0.0005373717635564241
-3.2567985670086304e-05
0.0005645117516148293
-0.0001736959235737936
0.000738207675188623
-0.000320251859089182
0.000635075720566683
-0.0001736959235737936
0.00045595179938120827
-0.00021169190685556098
0.0007653476632470281
-0.000325679856700863
0.0006296477229550019
-0.0002659718829723715
0.0004939477826629757
-0.0001519839331270694
0.0007273516799652607
-0.00018455191879715574
0.0005048037778863378
-0.00027139988058405253
0.0007164956847418986
-0.00023340389730228518
0.0007436356728003039
-0.00020626390924387994
0.0006025077348965967
-0.00023340389730228518
0.000531943765944743
-0.00017912392118547466
0.00043423980893448407
-0.0001628399283504315
0.0006025077348965967
-0.00020626390924387994
0.0005916517396732346
-0.00026054388536069043
0.0007219236823535797
-0.00017912392118547466
0.0004722357922162514
-0.0002768278781957336
0.0007816316560820713
-0.00021169190685556098
0.000635075720566683
-0.00023340389730228518
0.0005590837540031483
-0.00026054388536069043
0.00036367583998263037
-0.00011398794984530207
0.0006079357325082777
-0.00024968789013732833
0.0004939477826629757
-0.00039081582804103567
0.0006242197253433209
-0.00019540791402051784
0.0006893556966834934
-0.00011941594745698312
0.0007816316560820713
-0.00020626390924387994
0.000635075720566683
-0.00026054388536069043
0.0005916517396732346
-0.00020083591163219889
0.0006296477229550019
-0.0002985398686424578
0.0005916517396732346
-9.770395701025892e-05
0.0005916517396732346
-0.0003582478423709493
0.0005807957444498725
-0.00010313195462193997
0.0004396678065461651
-0.00023340389730228518
0.0006296477229550019
5.42799761168105e-06
0.0006947836942951744
-0.00018455191879715574
0.0007164956847418986
-0.0002442598925256473
0.000754491668023666
-0.0001899799164088368
0.0006676437062367693
-0.00015741193073875046
0.0005210877707213809
-0.00027139988058405253
0.00046680779460457037
-0.0002985398686424578
0.0006784997014601314
-0.00012484394506866417
0.0007110676871302176
-0.0001736959235737936
0.0005916517396732346
-0.0002442598925256473
0.0007653476632470281
-0.00023883189491396623
0.0006676437062367693
-0.00017912392118547466
0.000651359713401726
-0.0003853878304293546
0.00047766378982793246
-0.00020083591163219889
0.0005102317754980188
-0.0002768278781957336
0.0006187917277316398
-0.0003039678662541388
0.0005427997611681051
-0.00010855995223362102
0.0006133637301199588
-9.227595939857787e-05
0.0007002116919068555
-7.056396895185366e-05
0.0007110676871302176
-0.0003039678662541388
0.0006622157086250881
1.08559952233621e-05
0.0007002116919068555
-0.00019540791402051784
0.0005862237420615535
-0.00023340389730228518
0.0006242197253433209
-2.17119904467242e-05
0.0006296477229550019
-0.00017912392118547466
0.0005590837540031483
-0.00015741193073875046
0.0005427997611681051
-0.00015741193073875046
0.00040167182326439777
-0.00027139988058405253
0.0004613797969928893
-4.34239808934484e-05
0.0003799598328176736
-0.00020083591163219889
0.0005102317754980188
-0.00023883189491396623
0.0006567877110134072
-0.00010313195462193997
0.0005427997611681051
-0.00014655593551538836
0.000526515768333062
-0.00018455191879715574
0.0005048037778863378
-0.00023340389730228518
0.0006567877110134072
-0.0002768278781957336
0.00039081582804103567
-0.0002659718829723715
0.0007219236823535797
-0.00021169190685556098
0.0004993757802746567
-0.00020083591163219889
0.0005699397492265104
-0.00022254790207892308
0.0006947836942951744
-0.00036367583998263037
0.0006242197253433209
-0.00021169190685556098
0.0007002116919068555
-9.227595939857787e-05
0.0005210877707213809
-0.0003039678662541388
0.0007110676871302176
-0.00014112793790370731
0.0005048037778863378
-9.770395701025892e-05
0.0005645117516148293
-9.770395701025892e-05
0.00042338381371112197
-0.0002442598925256473
0.0005590837540031483
-0.00022254790207892308
0.0003799598328176736
-5.970797372849156e-05
0.000635075720566683
-0.0001519839331270694
0.0005645117516148293
-0.00023340389730228518
0.0007110676871302176
-4.885197850512946e-05
0.0006676437062367693
-0.00019540791402051784
0.0005482277587797862
-0.00023340389730228518
0.000651359713401726
-0.00020083591163219889
0.00044509580415784617
-0.00010855995223362102
0.0005427997611681051
-0.00016826792596211256
0.0003691038375943115
-0.00020083591163219889
0.0006676437062367693
-0.00011398794984530207
0.0005482277587797862
-0.00020083591163219889
0.0006676437062367693
-0.00015741193073875046
0.0005210877707213809
-0.0003039678662541388
0.0004885197850512946
-0.00020626390924387994
0.0005699397492265104
-0.00018455191879715574
0.0005590837540031483
-0.00014112793790370731
0.0005699397492265104
2.17119904467242e-05
0.0006133637301199588
-0.00019540791402051784
0.0007002116919068555
0.0
0.0007653476632470281
-0.00014112793790370731
0.0006947836942951744
-0.00011941594745698312
0.0004885197850512946
-0.0002442598925256473
0.0006296477229550019
-0.00016826792596211256
0.0005862237420615535
-0.00018455191879715574
0.0006296477229550019
-0.00024968789013732833
0.00046680779460457037
-0.00022254790207892308
0.0007870596536937523
-0.00012484394506866417
0.000526515768333062
-0.00029311187103077673
0.0006242197253433209
-9.770395701025892e-05
0.0005699397492265104
-0.00020626390924387994
0.0008250556369755197
-0.0003311078543125441
0.0006133637301199588
-6.513597134017261e-05
0.0007653476632470281
-0.00020083591163219889
0.0004722357922162514
-0.0002551158877490094
0.0006676437062367693
-0.00021169190685556098
0.000531943765944743
-0.0003691038375943115
0.000526515768333062
-0.00017912392118547466
0.0005862237420615535
-0.0003148238614775009
0.0007110676871302176
-0.00018455191879715574
0.0005753677468381914
-0.00022254790207892308
0.000754491668023666
-0.0002985398686424578
0.0006893556966834934
-0.0002442598925256473
0.0006187917277316398
-0.00027139988058405253
0.0006133637301199588
-0.0002659718829723715
0.00046680779460457037
-0.00014112793790370731
0.0006622157086250881
-0.0003311078543125441
0.000651359713401726
-0.00013569994029202626
0.0006187917277316398
-0.0002768278781957336
0.0004179558160994409
-0.00011941594745698312
0.0004505238017695272
-9.227595939857787e-05
0.0005699397492265104
-0.0003093958638658199
0.0007219236823535797
-0.00023883189491396623
0.00045595179938120827
-0.0002551158877490094
0.0005102317754980188
-0.00013569994029202626
0.0007599196656353471
-0.00021711990446724203
0.0005807957444498725
-0.0003148238614775009
0.000645931715790045
-0.00023340389730228518
0.0005427997611681051
-0.00040167182326439777
0.0007707756608587092
-0.00015741193073875046
0.0005645117516148293
-0.00024968789013732833
0.0007436356728003039
-0.00029311187103077673
0.000531943765944743
-0.00022797589969060413
0.0004830917874396135
-0.0002768278781957336
0.0005753677468381914
-7.59919665635347e-05
0.0006567877110134072
-0.0003148238614775009
0.0006730717038484502
-0.00013027194268034522
0.000754491668023666
-0.00023883189491396623
0.0005536557563914672
-0.00026054388536069043
0.000526515768333062
-0.00010855995223362102
0.0005699397492265104
-0.0002768278781957336
0.0008141996417521576
-0.0002551158877490094
0.0005645117516148293
-0.00017912392118547466
0.0005102317754980188
-0.00014112793790370731
0.0005753677468381914
-0.0002442598925256473
0.0006839276990718123
-7.59919665635347e-05
0.000640503718178364
-0.00016826792596211256
0.0007219236823535797
-0.00014655593551538836
0.0005862237420615535
-0.00016826792596211256
0.0006133637301199588
-0.00023340389730228518
0.0006893556966834934
-0.0001736959235737936
0.0005862237420615535
-0.00023340389730228518
0.0005699397492265104
-0.0003365358519242251
0.0005753677468381914
-0.00026054388536069043
0.0005427997611681051
-0.0001628399283504315
0.0005536557563914672
-0.00018455191879715574
0.0007056396895185365
-0.00021169190685556098
0.0005753677468381914
-0.00024968789013732833
0.0004830917874396135
-0.0002442598925256473
0.0004613797969928893
-0.00013027194268034522
0.0005536557563914672
-0.00018455191879715574
0.0006947836942951744
-0.00020083591163219889
0.000651359713401726
-9.227595939857787e-05
0.0005699397492265104
-0.00023340389730228518
0.0006242197253433209
-0.00015741193073875046
0.0007219236823535797
-0.00024968789013732833
0.0005970797372849156
-0.0003148238614775009
0.0004722357922162514
-0.00022254790207892308
0.0007979156489171144
-0.00018455191879715574
0.0006839276990718123
-0.00011398794984530207
0.0005590837540031483
-0.00016826792596211256
0.0004939477826629757
-0.0002659718829723715
0.0007327796775769418
-0.00015741193073875046
0.000651359713401726
-9.227595939857787e-05
0.0005210877707213809
-0.00022797589969060413
0.0007273516799652607
-0.0002659718829723715
0.0005427997611681051
-0.00017912392118547466
0.0007599196656353471
-0.00013027194268034522
0.000749063670411985
-0.00011398794984530207
0.0005536557563914672
-0.00027139988058405253
0.0006296477229550019
-0.0003093958638658199
0.000645931715790045
-0.00012484394506866417
0.0006784997014601314
-0.00020083591163219889
0.0005862237420615535
-0.00021711990446724203
0.0005427997611681051
-0.00020083591163219889
0.0006567877110134072
-0.00029311187103077673
0.000640503718178364
-0.00013569994029202626
0.0006025077348965967
-0.00029311187103077673
0.0004505238017695272
-0.0003473918471475872
0.0005156597731096999
-0.00010855995223362102
0.0006079357325082777
-0.0003093958638658199
0.0006567877110134072
-0.00027139988058405253
0.0006676437062367693
-0.00020083591163219889
0.0006622157086250881
-0.00019540791402051784
0.0004722357922162514
-0.0002876838734190957
0.0005482277587797862
-0.00017912392118547466
0.0006079357325082777
-5.970797372849156e-05
0.000635075720566683
-0.0001519839331270694
0.0006079357325082777
-0.0001628399283504315
0.0004505238017695272
-0.0001899799164088368
0.0005536557563914672
-4.34239808934484e-05
0.0006187917277316398
-0.00020083591163219889
0.0006730717038484502
-0.00013027194268034522
0.0005590837540031483
-0.0003419638495359062
0.0006947836942951744
-0.00022797589969060413
0.000754491668023666
-0.00014112793790370731
0.0007870596536937523
-0.0002551158877490094
0.00043423980893448407
1.6283992835043152e-05
0.000645931715790045
-0.00021169190685556098
0.0004885197850512946
-0.00024968789013732833
0.0007002116919068555
-0.00028225587580741463
0.0005536557563914672
-0.00024968789013732833
0.0006622157086250881
-0.00027139988058405253
0.000738207675188623
-0.00021711990446724203
0.0006296477229550019
-5.970797372849156e-05
0.0005210877707213809
-0.0003853878304293546
0.0005862237420615535
-0.00024968789013732833
0.0004722357922162514
-0.00014112793790370731
0.0006187917277316398
-0.00022797589969060413
0.0004993757802746567
-0.00013569994029202626
0.00042338381371112197
-0.00020083591163219889
0.0007219236823535797
-6.513597134017261e-05
0.0008033436465287955
-9.770395701025892e-05
0.0006839276990718123
-0.0003582478423709493
0.0005427997611681051
-0.0003853878304293546
0.00043423980893448407
-0.00011941594745698312
0.0005970797372849156
-0.0003365358519242251
0.0006567877110134072
-0.00021169190685556098
0.0005102317754980188
-0.00014112793790370731
0.0007327796775769418
-0.00017912392118547466
0.000640503718178364
-0.00022254790207892308
0.0005970797372849156
-0.0001899799164088368
0.0007164956847418986
-4.885197850512946e-05
0.0006242197253433209
-0.0001899799164088368
0.0005862237420615535
-0.00020626390924387994
0.0006730717038484502
-0.00014655593551538836
0.0007436356728003039
-0.00022254790207892308
0.0006187917277316398
-0.00011398794984530207
0.00041252781848775987
-0.00018455191879715574
0.000635075720566683
-0.00022797589969060413
0.0006676437062367693
-0.0002659718829723715
0.000645931715790045
-0.0001519839331270694
0.0006784997014601314
-0.0001519839331270694
0.0006242197253433209
-6.513597134017261e-05
0.000526515768333062
-0.0002442598925256473
0.0006133637301199588
-0.00011398794984530207
0.000635075720566683
-0.00016826792596211256
0.0006187917277316398
-0.00022254790207892308
0.0005807957444498725
-0.0001899799164088368
0.0007979156489171144
-0.0002551158877490094
0.0006784997014601314
-0.00022797589969060413
0.0005048037778863378
-9.227595939857787e-05
0.0006567877110134072
-0.0001519839331270694
0.0004885197850512946
-9.770395701025892e-05
0.0006622157086250881
-0.00014655593551538836
0.0006784997014601314
-0.00022254790207892308
0.0005536557563914672
-0.00010855995223362102
0.000640503718178364
-0.00026054388536069043
0.0005373717635564241
-0.00014112793790370731
0.0005048037778863378
-0.00011398794984530207
0.0007110676871302176
-0.00024968789013732833
0.0007056396895185365
-0.00022797589969060413
0.000526515768333062
-0.00022254790207892308
0.0004722357922162514
-0.00023340389730228518
0.000531943765944743
-0.0003419638495359062
0.0005699397492265104
-7.59919665635347e-05
0.0006730717038484502
-0.00021169190685556098
0.0007164956847418986
-0.00012484394506866417
0.0006187917277316398
-0.00015741193073875046
0.0005862237420615535
-0.00021169190685556098
0.000651359713401726
-0.0001628399283504315
0.0003365358519242251
-3.2567985670086304e-05
0.0007327796775769418
-0.0002659718829723715
0.0005373717635564241
-0.00014112793790370731
0.0006567877110134072
-0.0001899799164088368
0.0004993757802746567
-0.0002442598925256473
0.000526515768333062
-0.00027139988058405253
0.0003853878304293546
-0.00028225587580741463
0.0005970797372849156
-0.0003039678662541388
0.0005536557563914672
-0.00018455191879715574
0.0005590837540031483
-0.00020083591163219889
0.0007327796775769418
-0.0001899799164088368
0.0007164956847418986
-0.00028225587580741463
0.000640503718178364
-0.00022797589969060413
0.0007056396895185365
-8.68479617868968e-05
0.0003853878304293546
-0.00013569994029202626
0.0006079357325082777
-0.0001628399283504315
0.0004939477826629757
-0.00011398794984530207
0.0006133637301199588
-3.2567985670086304e-05
0.0005970797372849156
-0.0003093958638658199
0.000651359713401726
-0.00019540791402051784
0.000531943765944743
-0.00010855995223362102
0.0006730717038484502
-0.0001736959235737936
0.000645931715790045
-0.00028225587580741463
0.0006025077348965967
-0.00022254790207892308
0.00045595179938120827
-7.056396895185366e-05
0.000651359713401726
-0.00011941594745698312
0.0005916517396732346
-0.00012484394506866417
0.000738207675188623
-0.00018455191879715574
0.000531943765944743
-0.0002442598925256473
0.0005536557563914672
-9.770395701025892e-05
0.0005645117516148293
-0.00011398794984530207
0.0007002116919068555
-2.17119904467242e-05
0.0005699397492265104
-0.0003582478423709493
0.0006187917277316398
-0.00011941594745698312
0.0005102317754980188
-0.00021711990446724203
0.0007110676871302176
-0.00036367583998263037
0.0006025077348965967
-0.0001899799164088368
0.0006025077348965967
-5.42799761168105e-06
0.0005210877707213809
-0.00019540791402051784
0.0006133637301199588
-0.0002768278781957336
0.0005699397492265104
-0.0003148238614775009
0.0005156597731096999
-0.00013569994029202626
0.0005482277587797862
-0.00022797589969060413
0.0005156597731096999
-0.00017912392118547466
0.0003691038375943115
-0.00020083591163219889
0.00040167182326439777
-0.00010855995223362102
0.000651359713401726
-0.0003473918471475872
0.0005807957444498725
-0.00026054388536069043
0.0006622157086250881
-0.00018455191879715574
0.000635075720566683
-7.59919665635347e-05
0.0007002116919068555
-0.00010313195462193997
0.00047766378982793246
-0.00028225587580741463
0.0003039678662541388
-0.00021711990446724203
0.0005753677468381914
-0.00021711990446724203
0.00044509580415784617
-9.770395701025892e-05
0.0007599196656353471
-0.0001899799164088368
0.00047766378982793246
-7.59919665635347e-05
0.0006676437062367693
-8.68479617868968e-05
0.0006676437062367693
-0.00014112793790370731
0.0005482277587797862
-8.68479617868968e-05
0.0005916517396732346
-0.0001519839331270694
0.000738207675188623
-0.00026054388536069043
0.0006079357325082777
-8.141996417521576e-05
0.0006839276990718123
-0.0001899799164088368
0.000651359713401726
-0.0001519839331270694
0.0006187917277316398
-0.00010855995223362102
0.0006784997014601314
-9.227595939857787e-05
0.0004505238017695272
-0.0002442598925256473
0.0005590837540031483
-0.00023883189491396623
0.0005807957444498725
-0.00019540791402051784
0.0007002116919068555
-0.0002442598925256473
0.0005699397492265104
-0.00014655593551538836
0.0006676437062367693
-0.00029311187103077673
0.0005210877707213809
-9.770395701025892e-05
0.000645931715790045
-0.0002768278781957336
0.0004722357922162514
-0.0003311078543125441
0.0005699397492265104
-2.17119904467242e-05
0.0005916517396732346
-0.0001736959235737936
0.0005699397492265104
-0.00011398794984530207
0.0005970797372849156
-0.00020083591163219889
0.0005590837540031483
-0.0002442598925256473
0.0005482277587797862
-0.0001519839331270694
0.0006187917277316398
-0.00017912392118547466
0.0006839276990718123
0.0
0.000526515768333062
-0.0003311078543125441
0.0007110676871302176
-0.0002985398686424578
0.0006947836942951744
-2.7139988058405254e-05
0.0004396678065461651
-2.7139988058405254e-05
0.000428811811322803
-0.000325679856700863
0.0006296477229550019
-0.0001899799164088368
0.0006730717038484502
-0.0001736959235737936
0.0006133637301199588
-0.00026054388536069043
0.0004939477826629757
-9.227595939857787e-05
0.0005102317754980188
-0.00019540791402051784
0.0005753677468381914
-0.00020626390924387994
0.0006079357325082777
-0.00011398794984530207
0.0008847636107040112
-0.00024968789013732833
0.0006133637301199588
-0.00012484394506866417
0.0006133637301199588
-0.0001628399283504315
0.0005699397492265104
-0.00015741193073875046
0.0006025077348965967
-0.00021711990446724203
0.0005699397492265104
-0.00019540791402051784
0.0006187917277316398
-0.00021169190685556098
0.0007056396895185365
-0.0002876838734190957
0.000635075720566683
-0.00023340389730228518
0.0005102317754980188
-0.00012484394506866417
0.0007653476632470281
-0.0002551158877490094
0.0005807957444498725
-0.00010855995223362102
0.00044509580415784617
-0.00010313195462193997
0.000640503718178364
-0.0001736959235737936
0.000645931715790045
-0.00023340389730228518
0.0005753677468381914
-0.00021169190685556098
0.0004885197850512946
-0.00013027194268034522
0.0005427997611681051
-0.00015741193073875046
0.0007002116919068555
-0.00020083591163219889
0.0006079357325082777
-0.00012484394506866417
0.0004830917874396135
-6.513597134017261e-05
0.0004396678065461651
-0.0001519839331270694
0.0007924876513054334
-0.00021711990446724203
0.0007219236823535797
-0.0001899799164088368
0.0006893556966834934
-3.799598328176735e-05
0.0005210877707213809
-0.0004179558160994409
0.0006730717038484502
-0.0001519839331270694
0.00043423980893448407
-0.0001736959235737936
0.0005102317754980188
-0.0002551158877490094
0.0007327796775769418
-0.00023883189491396623
0.0005590837540031483
3.799598328176735e-05
0.0006296477229550019
-0.00023883189491396623
0.0005102317754980188
-0.00022797589969060413
0.0003473918471475872
-0.0003039678662541388
0.0006839276990718123
-0.00026054388536069043
0.000645931715790045
-0.00010313195462193997
0.0007110676871302176
-0.00010313195462193997
0.0005645117516148293
-0.00019540791402051784
0.0005807957444498725
-8.68479617868968e-05
0.0005482277587797862
-0.0002659718829723715
0.0006025077348965967
-0.0003365358519242251
0.0004722357922162514
-0.00014112793790370731
0.0006242197253433209
-0.00019540791402051784
0.0005590837540031483
-0.00015741193073875046
0.0005156597731096999
-0.0001899799164088368
0.0006296477229550019
-0.00013569994029202626
0.0006676437062367693
-0.0002659718829723715
0.0005807957444498725
-0.0001519839331270694
0.0004885197850512946
-0.00019540791402051784
0.000645931715790045
-0.0003365358519242251
0.0007816316560820713
-4.34239808934484e-05
0.0005102317754980188
-0.0001899799164088368
0.00046680779460457037
-0.00014112793790370731
0.0006784997014601314
-0.00014655593551538836
0.0006567877110134072
-0.00019540791402051784
0.0007273516799652607
-0.00015741193073875046
0.0006133637301199588
-0.00026054388536069043
0.0004885197850512946
-0.0003311078543125441
0.0007273516799652607
-0.00023883189491396623
0.0006622157086250881
-7.59919665635347e-05
0.0005862237420615535
2.7139988058405254e-05
0.0006730717038484502
-0.00022797589969060413
0.0006079357325082777
-0.00012484394506866417
0.000749063670411985
-0.0002442598925256473
0.0006187917277316398
-0.00014655593551538836
0.0006893556966834934
-0.00013569994029202626
0.0005645117516148293
-0.00014655593551538836
0.00046680779460457037
-0.0001519839331270694
0.0005590837540031483
-0.00022797589969060413
0.0004613797969928893
-0.00017912392118547466
0.0006242197253433209
-0.00011398794984530207
0.0006947836942951744
-0.0002442598925256473
0.0005645117516148293
-0.00013027194268034522
0.0007327796775769418
-0.00016826792596211256
0.0005102317754980188
-0.0001519839331270694
0.0008413396298105628
-0.0001899799164088368
0.0004396678065461651
-9.770395701025892e-05
0.000645931715790045
-0.00011941594745698312
0.000645931715790045
-0.00036367583998263037
0.0007707756608587092
-0.00026054388536069043
0.0006622157086250881
-0.0002768278781957336
0.0007707756608587092
-5.427997611681051e-05
0.0007002116919068555
-0.0001736959235737936
0.0005156597731096999
-0.0001899799164088368
0.0006893556966834934
-7.59919665635347e-05
0.0006893556966834934
-0.0003365358519242251
0.0005862237420615535
-0.00026054388536069043
0.0006839276990718123
-0.0003039678662541388
0.00035281984475926827
-0.00015741193073875046
0.0005482277587797862
-0.0001899799164088368
0.0007056396895185365
0.0
0.00040167182326439777
-0.0002876838734190957
0.0005916517396732346
-0.0002551158877490094
0.0004830917874396135
-0.00029311187103077673
0.0004722357922162514
-0.0002985398686424578
0.000651359713401726
-5.970797372849156e-05
0.0003799598328176736
-0.00011398794984530207
0.0005645117516148293
-9.770395701025892e-05
0.0007056396895185365
-0.00023340389730228518
0.0007110676871302176
-0.00020083591163219889
0.0006025077348965967
-0.00017912392118547466
0.0005753677468381914
-0.0002768278781957336
0.0006784997014601314
-0.00015741193073875046
0.0006622157086250881
-0.00014112793790370731
0.0003419638495359062
-0.0002442598925256473
0.0005048037778863378
-0.000325679856700863
0.0007707756608587092
-0.000320251859089182
0.0005862237420615535
-0.00022797589969060413
0.0007870596536937523
-0.00021169190685556098
0.0003962438256527167
-0.0002768278781957336
0.0007164956847418986
-3.2567985670086304e-05
0.0005699397492265104
-0.00021711990446724203
0.00045595179938120827
-0.00023883189491396623
0.0006622157086250881
-0.0003473918471475872
0.000526515768333062
-0.00028225587580741463
0.000526515768333062
-0.00022254790207892308
0.0005048037778863378
-8.141996417521576e-05
0.0006730717038484502
-8.141996417521576e-05
0.0005373717635564241
-0.0001736959235737936
0.000738207675188623
-0.00040167182326439777
0.0006784997014601314
-7.59919665635347e-05
0.00046680779460457037
-0.00027139988058405253
0.0006025077348965967
-0.00022797589969060413
0.0007002116919068555
-0.00017912392118547466
0.0005807957444498725
-0.00027139988058405253
0.000526515768333062
-0.0003148238614775009
0.0004830917874396135
-0.00010313195462193997
0.0005156597731096999
-0.0003365358519242251
0.0005210877707213809
-0.0002659718829723715
0.0005210877707213809
-0.00020626390924387994
0.0007002116919068555
2.17119904467242e-05
0.0006676437062367693
-0.0003473918471475872
0.0005102317754980188
-0.00024968789013732833
0.000738207675188623
-0.0003148238614775009
0.0006893556966834934
-0.0001899799164088368
0.0005970797372849156
-9.770395701025892e-05
0.0007327796775769418
-0.0001628399283504315
0.0007002116919068555
-0.0003093958638658199
0.0006079357325082777
-0.0003093958638658199
0.0006893556966834934
-0.0002876838734190957
0.0006242197253433209
-0.00012484394506866417
0.0003419638495359062
-0.0001736959235737936
0.0006567877110134072
-7.056396895185366e-05
0.0003853878304293546
-0.00011941594745698312
0.0006622157086250881
-0.0002876838734190957
0.0007164956847418986
-0.00020626390924387994
0.0005862237420615535
-0.0002768278781957336
0.0005590837540031483
-3.799598328176735e-05
0.0005699397492265104
-0.00020083591163219889
0.0007599196656353471
-0.00035281984475926827
0.0006079357325082777
-0.0001519839331270694
0.0005210877707213809
1.08559952233621e-05
0.0006947836942951744
-0.0002442598925256473
0.0006025077348965967
-0.00017912392118547466
0.0004993757802746567
-0.00023883189491396623
0.0006133637301199588
-0.0002551158877490094
0.0006893556966834934
-0.00019540791402051784
0.0005699397492265104
-0.00024968789013732833
0.0005590837540031483
-0.0003582478423709493
0.0005862237420615535
-0.0001628399283504315
0.0006187917277316398
-0.0002985398686424578
0.0007002116919068555
-0.00010855995223362102
0.000531943765944743
-0.0002659718829723715
0.0005536557563914672
-0.0003582478423709493
0.0006784997014601314
-0.0003365358519242251
0.0006133637301199588
-0.0001899799164088368
0.0005753677468381914
-0.00022797589969060413
0.0006567877110134072
-0.0003311078543125441
0.0005862237420615535
-7.59919665635347e-05
0.0004613797969928893
-0.00022797589969060413
0.0004885197850512946
-0.0002442598925256473
0.0005102317754980188
-8.68479617868968e-05
0.0006133637301199588
-0.00013027194268034522
0.0007056396895185365
-0.0001736959235737936
0.0006079357325082777
-0.000320251859089182
0.0006079357325082777
-0.0003799598328176736
0.000531943765944743
-0.00015741193073875046
0.000635075720566683
-0.000320251859089182
0.0006296477229550019
-0.00027139988058405253
0.0005916517396732346
-0.00021711990446724203
0.00043423980893448407
-0.00023883189491396623
0.0006079357325082777
-0.00045595179938120827
0.0006567877110134072
-0.00013569994029202626
0.0006893556966834934
-0.0002442598925256473
0.0005536557563914672
-0.00021169190685556098
0.0008413396298105628
-0.00022797589969060413
0.0006296477229550019
-0.00023883189491396623
0.0003799598328176736
-0.0001519839331270694
0.0006622157086250881
-0.0002876838734190957
0.0007056396895185365
-0.00036367583998263037
0.0006079357325082777
0.0
0.0005590837540031483
-0.00011941594745698312
0.0006947836942951744
-0.0002442598925256473
0.0006947836942951744
-0.00023340389730228518
0.0007219236823535797
-0.0001899799164088368
0.0006242197253433209
-0.00028225587580741463
0.0006079357325082777
-0.0001736959235737936
0.0005699397492265104
-0.00019540791402051784
0.00043423980893448407
-0.00010313195462193997
0.0007273516799652607
-0.0003093958638658199
0.0006839276990718123
-7.59919665635347e-05
0.0004396678065461651
-0.00021169190685556098
0.0006133637301199588
-0.00021711990446724203
0.0003853878304293546
-0.0003419638495359062
0.0005536557563914672
-0.00021711990446724203
0.0005970797372849156
-0.00023883189491396623
0.0006187917277316398
-0.0003473918471475872
0.0006567877110134072
-0.00021711990446724203
0.0005645117516148293
-0.00023340389730228518
0.0006079357325082777
-0.0002551158877490094
0.0004830917874396135
-0.00010855995223362102
0.000635075720566683
-0.00040167182326439777
0.0005427997611681051
-0.00016826792596211256
0.0005916517396732346
-0.00029311187103077673
0.0006567877110134072
-0.0002876838734190957
0.0007327796775769418
-0.00013569994029202626
0.0006947836942951744
-0.00014112793790370731
0.0005590837540031483
-0.0003148238614775009
0.0006622157086250881
-2.17119904467242e-05
0.00047766378982793246
-0.0001899799164088368
0.00046680779460457037
-0.0003691038375943115
0.000651359713401726
-0.00020626390924387994
0.0006025077348965967
-0.00021711990446724203
0.000749063670411985
-0.00011398794984530207
0.000531943765944743
-0.0001736959235737936
0.0007056396895185365
-0.00014655593551538836
0.0004830917874396135
-0.00026054388536069043
0.0005210877707213809
-0.00018455191879715574
0.0005862237420615535
-0.000320251859089182
0.0006784997014601314
-0.00020083591163219889
0.0006187917277316398
-5.970797372849156e-05
0.000526515768333062
-0.0003093958638658199
0.0005427997611681051
-0.00019540791402051784
0.0005753677468381914
-0.00018455191879715574
0.000526515768333062
-0.0003365358519242251
0.0007056396895185365
-0.00013569994029202626
0.0007110676871302176
-0.000320251859089182
0.0006296477229550019
-0.00020626390924387994
0.0005427997611681051
-0.00013027194268034522
0.0006187917277316398
-0.00022254790207892308
0.0007436356728003039
-0.0001628399283504315
0.000635075720566683
-0.0003039678662541388
0.0005210877707213809
-0.0002551158877490094
0.0005536557563914672
-0.00022254790207892308
0.0006893556966834934
-0.0002551158877490094
0.0006676437062367693
-0.00023883189491396623
0.0006567877110134072
-0.0002985398686424578
0.0005373717635564241
-0.00012484394506866417
0.0005862237420615535
-1.08559952233621e-05
0.0004505238017695272
-0.00024968789013732833
0.0006187917277316398
-0.00014112793790370731
0.000738207675188623
-0.00016826792596211256
0.0005753677468381914
-0.00021169190685556098
0.0006242197253433209
-0.00022797589969060413
0.0007436356728003039
-0.0002442598925256473
0.0006296477229550019
-8.141996417521576e-05
0.0006133637301199588
-0.00026054388536069043
0.0006839276990718123
-9.227595939857787e-05
0.0005699397492265104
-9.227595939857787e-05
0.0005807957444498725
-0.00016826792596211256
0.000754491668023666
-0.00017912392118547466
0.0005482277587797862
-0.0003148238614775009
0.0004885197850512946
-0.00022254790207892308
0.0006025077348965967
-0.00022254790207892308
0.00047766378982793246
-0.00023883189491396623
0.0005916517396732346
5.42799761168105e-06
0.0007002116919068555
-0.0002442598925256473
0.0007816316560820713
-0.0003473918471475872
0.0006784997014601314
-0.0001736959235737936
0.000645931715790045
-0.0002659718829723715
0.0006947836942951744
-2.17119904467242e-05
0.0007002116919068555
-0.00028225587580741463
0.0005156597731096999
-0.0001899799164088368
0.0006187917277316398
-0.00019540791402051784
0.0007002116919068555
-0.00023340389730228518
0.0007002116919068555
-0.00019540791402051784
0.00047766378982793246
-0.00021711990446724203
0.000640503718178364
-0.0003473918471475872
0.00043423980893448407
-0.00012484394506866417
0.0005156597731096999
-0.0003311078543125441
0.0006025077348965967
-0.00010855995223362102
0.000531943765944743
-0.0003148238614775009
0.0005210877707213809
-4.34239808934484e-05
0.0006187917277316398
-0.00021711990446724203
0.0006622157086250881
-0.0001736959235737936
0.0006133637301199588
-0.00011941594745698312
0.0008033436465287955
-0.0003582478423709493
0.0005482277587797862
-0.00026054388536069043
0.0007762036584703902
-0.00022254790207892308
0.0005862237420615535
-0.00015741193073875046
0.0007110676871302176
-0.0001519839331270694
0.0005536557563914672
-0.00027139988058405253
0.0007002116919068555
-0.00023340389730228518
0.0005807957444498725
-0.00023883189491396623
0.0006296477229550019
-8.68479617868968e-05
0.0006622157086250881
-0.00017912392118547466
0.0006133637301199588
-0.00015741193073875046
0.000526515768333062
-0.0003853878304293546
0.0005373717635564241
-0.00017912392118547466
0.0006567877110134072
-0.0001736959235737936
0.0008359116321988818
-0.0001736959235737936
0.0005862237420615535
-0.00021169190685556098
0.0007436356728003039
-3.2567985670086304e-05
0.0005102317754980188
-0.00010313195462193997
0.000645931715790045
-0.00013569994029202626
0.0006622157086250881
-0.00014112793790370731
0.0006947836942951744
-0.00035281984475926827
0.0006079357325082777
-0.0003093958638658199
0.0004179558160994409
-0.0002768278781957336
0.00043423980893448407
-0.00018455191879715574
0.0006893556966834934
-0.00018455191879715574
0.0006187917277316398
-0.0002442598925256473
0.0005373717635564241
-0.00013027194268034522
0.0005482277587797862
-9.227595939857787e-05
0.0005970797372849156
-0.00022254790207892308
0.000738207675188623
-0.00024968789013732833
0.0005916517396732346
-0.0003039678662541388
0.000635075720566683
-0.0002876838734190957
0.00047766378982793246
-8.68479617868968e-05
0.0006839276990718123
-0.00028225587580741463
0.0006079357325082777
-7.59919665635347e-05
0.0006133637301199588
-0.00021169190685556098
0.000645931715790045
-0.00021711990446724203
0.0006676437062367693
-0.00018455191879715574
0.0005916517396732346
-0.00020626390924387994
0.0005373717635564241
-0.00015741193073875046
0.0006784997014601314
-0.00023883189491396623
0.0006296477229550019
-0.00011941594745698312
0.0004179558160994409
-0.0001899799164088368
0.0004993757802746567
-0.000320251859089182
0.0007870596536937523
-0.00017912392118547466
0.0006187917277316398
-0.0002768278781957336
0.0006242197253433209
-0.00023883189491396623
0.0007599196656353471
-9.227595939857787e-05
0.0006784997014601314
-0.0001628399283504315
0.0006784997014601314
-7.59919665635347e-05
0.000640503718178364
-0.00019540791402051784
0.000640503718178364
-0.0004505238017695272
0.0007002116919068555
-0.00010855995223362102
0.0007653476632470281
-0.00039081582804103567
0.0005753677468381914
-0.0001519839331270694
0.0005210877707213809
-0.00029311187103077673
0.0005807957444498725
-0.00011941594745698312
0.0003745318352059925
-0.0002551158877490094
0.0004885197850512946
-0.00029311187103077673
0.0004939477826629757
-0.00023340389730228518
0.000531943765944743
-0.00010313195462193997
0.0006567877110134072
-0.00019540791402051784
0.00047766378982793246
-0.0003039678662541388
0.000531943765944743
-0.0002551158877490094
0.0008087716441404765
-8.68479617868968e-05
0.0006079357325082777
-0.0001899799164088368
0.0005156597731096999
-0.00020083591163219889
0.0007436356728003039
-0.00019540791402051784
0.0005807957444498725
-0.0001628399283504315
0.0006622157086250881
-0.00021169190685556098
0.0005048037778863378
-0.0003039678662541388
0.000526515768333062
-0.0003039678662541388
0.0005970797372849156
-0.0003365358519242251
0.0006730717038484502
-0.00021169190685556098
0.0005753677468381914
-0.00022254790207892308
0.0005862237420615535
-0.000320251859089182
0.000526515768333062
-0.00022254790207892308
0.0004830917874396135
-0.00021711990446724203
0.0006025077348965967
-0.00020626390924387994
0.0005156597731096999
-0.00014655593551538836
0.0005645117516148293
-0.00021711990446724203
0.000651359713401726
-0.00022254790207892308
0.0005590837540031483
-0.0001899799164088368
0.000645931715790045
-4.34239808934484e-05
0.000738207675188623
-0.00010855995223362102
0.0007599196656353471
-4.34239808934484e-05
0.0005807957444498725
1.08559952233621e-05
0.000531943765944743
-9.770395701025892e-05
0.0006839276990718123
-0.00020626390924387994
0.0005156597731096999
-0.00014112793790370731
0.000645931715790045
-0.00012484394506866417
0.00044509580415784617
-0.00023340389730228518
0.0005482277587797862
-0.00012484394506866417
0.0007164956847418986
-0.00012484394506866417
0.0007273516799652607
-0.00016826792596211256
0.000645931715790045
-0.0002659718829723715
0.0004939477826629757
-0.00021169190685556098
0.000428811811322803
-0.00014655593551538836
0.0005210877707213809
-0.0001736959235737936
0.0005210877707213809
-0.0003311078543125441
0.0004396678065461651
-0.0001899799164088368
0.0004939477826629757
-0.00014655593551538836
0.0005427997611681051
-0.00016826792596211256
0.0006947836942951744
-0.00026054388536069043
0.0007327796775769418
-7.59919665635347e-05
0.0005862237420615535
-0.0004070998208760788
0.0006242197253433209
-0.00020083591163219889
0.0005210877707213809
-1.6283992835043152e-05
0.000635075720566683
-0.0002442598925256473
0.0005970797372849156
-0.00022254790207892308
0.0006079357325082777
-0.00040167182326439777
0.000635075720566683
-0.00022254790207892308
0.0007599196656353471
-0.000325679856700863
0.0005536557563914672
-0.00020083591163219889
0.000635075720566683
-0.0002768278781957336
0.0005862237420615535
-8.141996417521576e-05
0.000645931715790045
-0.0001519839331270694
0.0005916517396732346
-0.00014112793790370731
0.0007056396895185365
-0.00010855995223362102
0.000635075720566683
-0.0003093958638658199
0.0006839276990718123
-4.885197850512946e-05
0.0007870596536937523
-0.0002768278781957336
0.0004993757802746567
-0.0001736959235737936
0.000738207675188623
-0.00022797589969060413
0.0007056396895185365
-0.00017912392118547466
0.0004830917874396135
-0.0003691038375943115
0.00045595179938120827
-0.00029311187103077673
0.000531943765944743
-9.770395701025892e-05
0.000754491668023666
-0.00014112793790370731
0.0004830917874396135
-0.000320251859089182
0.000749063670411985
-0.00028225587580741463
0.0006730717038484502
-0.00013569994029202626
0.0008141996417521576
-0.00010855995223362102
0.0005699397492265104
-0.00014655593551538836
0.0007002116919068555
5.427997611681051e-05
0.0006839276990718123
-0.0002551158877490094
0.0006025077348965967
-0.00022254790207892308
0.000645931715790045
-0.0001628399283504315
0.0006784997014601314
-0.00023883189491396623
0.00047766378982793246
-0.00012484394506866417
0.0007816316560820713
-0.00014112793790370731
0.0005699397492265104
-0.00023340389730228518
0.0005536557563914672
-0.0002876838734190957
0.0006567877110134072
-2.7139988058405254e-05
0.0009281875915974596
-0.0001628399283504315
0.0008359116321988818
-5.427997611681051e-05
0.0006296477229550019
-0.00010855995223362102
0.0008250556369755197
-0.0001899799164088368
0.0006730717038484502
-0.00024968789013732833
0.0007327796775769418
-4.885197850512946e-05
0.0005482277587797862
-0.00013569994029202626
0.0007056396895185365
-0.00012484394506866417
0.000640503718178364
-0.0002768278781957336
0.00044509580415784617
-0.00035281984475926827
0.0006079357325082777
-0.00023883189491396623
0.0005048037778863378
-0.0003745318352059925
0.0005373717635564241
-0.0003039678662541388
0.0005482277587797862
-0.0002876838734190957
0.0007219236823535797
-0.00024968789013732833
0.0006893556966834934
-0.00016826792596211256
0.0007002116919068555
-0.00022254790207892308
0.0006133637301199588
-0.00013027194268034522
0.000651359713401726
-9.770395701025892e-05
0.0004993757802746567
-0.00017912392118547466
0.0008684796178689681
-0.00011941594745698312
0.0004939477826629757
-0.00015741193073875046
0.0006676437062367693
-2.7139988058405254e-05
0.0005753677468381914
-0.0001736959235737936
0.0006947836942951744
-8.68479617868968e-05
0.0007273516799652607
-0.0001899799164088368
0.0005645117516148293
-0.0003093958638658199
0.0006079357325082777
-0.00019540791402051784
0.0006079357325082777
-0.00017912392118547466
0.0005102317754980188
-0.00021169190685556098
0.000749063670411985
-0.0003148238614775009
0.0005373717635564241
-0.00014655593551538836
0.0006947836942951744
-0.00023340389730228518
0.0005427997611681051
-0.00019540791402051784
0.0003962438256527167
-0.0003473918471475872
0.0005699397492265104
-2.17119904467242e-05
0.0006296477229550019
-0.00011398794984530207
0.0005590837540031483
-5.970797372849156e-05
0.0006079357325082777
-0.00029311187103077673
0.0006839276990718123
-0.000325679856700863
0.0005645117516148293
5.42799761168105e-06
0.0006567877110134072
-0.00028225587580741463
0.0005156597731096999
-0.0001899799164088368
0.0005807957444498725
-0.0002659718829723715
0.0006025077348965967
-0.0001628399283504315
0.0005373717635564241
-7.056396895185366e-05
0.0006025077348965967
-6.513597134017261e-05
0.0007110676871302176
-0.00011941594745698312
0.000640503718178364
-0.0002659718829723715
0.0007816316560820713
-0.00023340389730228518
0.0007707756608587092
-0.0001899799164088368
0.00046680779460457037
-0.00014655593551538836
0.0007327796775769418
-5.970797372849156e-05
0.0006893556966834934
-0.0004179558160994409
0.0004722357922162514
-0.0002551158877490094
0.0006676437062367693
-0.00013027194268034522
0.0006025077348965967
-0.0003148238614775009
0.0005916517396732346
-0.00023883189491396623
0.0006839276990718123
-0.00013027194268034522
0.0006079357325082777
-0.00023883189491396623
0.0007762036584703902
-0.00012484394506866417
0.0006893556966834934
-0.0002876838734190957
0.000651359713401726
-0.0002985398686424578
0.000651359713401726
-8.141996417521576e-05
0.0005970797372849156
-0.00028225587580741463
0.0006242197253433209
-0.00029311187103077673
0.0006242197253433209
-0.0003093958638658199
0.0004830917874396135
-0.0003365358519242251
0.0005753677468381914
5.42799761168105e-06
0.0008196276393638386
-0.00020083591163219889
0.0006893556966834934
-0.00024968789013732833
0.0004613797969928893
-0.00018455191879715574
0.0007002116919068555
-0.00020083591163219889
0.0006567877110134072
-0.00021169190685556098
0.00047766378982793246
-0.0003148238614775009
0.000645931715790045
-0.00028225587580741463
0.0007002116919068555
-0.00036367583998263037
0.0004830917874396135
-0.0002768278781957336
0.0005916517396732346
-0.0003419638495359062
0.000526515768333062
-0.00010855995223362102
0.0006567877110134072
-1.6283992835043152e-05
0.000635075720566683
-0.00026054388536069043
0.000526515768333062
-0.0003473918471475872
0.0006947836942951744
-0.0002659718829723715
0.0007599196656353471
-0.0001519839331270694
0.0007164956847418986
-0.00016826792596211256
0.0007056396895185365
-0.0003093958638658199
0.0004396678065461651
-0.00014655593551538836
0.000749063670411985
-0.00020626390924387994
0.0007707756608587092
-0.0002442598925256473
0.000749063670411985
-0.0002551158877490094
0.0006079357325082777
-0.00014112793790370731
0.0008196276393638386
-0.00029311187103077673
0.0005156597731096999
-0.0001628399283504315
0.0007273516799652607
-0.0001736959235737936
0.0007002116919068555
-0.00010855995223362102
0.0006622157086250881
-0.00022254790207892308
0.0005753677468381914
-0.00012484394506866417
0.0005156597731096999
-0.00022797589969060413
0.0005862237420615535
-0.00021169190685556098
0.0006947836942951744
-0.00022797589969060413
0.000651359713401726
-0.000325679856700863
0.0005482277587797862
-0.0001628399283504315
0.0004722357922162514
-5.970797372849156e-05
0.0006784997014601314
-3.799598328176735e-05
0.0007002116919068555
-0.00014655593551538836
0.0004885197850512946
-7.59919665635347e-05
0.0004993757802746567
-0.00023883189491396623
0.0006025077348965967
-0.00019540791402051784
0.000651359713401726
-0.0002659718829723715
0.0007110676871302176
-0.0001519839331270694
0.00047766378982793246
-0.00013569994029202626
0.0007653476632470281
-0.00021711990446724203
0.0006079357325082777
-0.00027139988058405253
0.0007816316560820713
-0.00019540791402051784
0.0007056396895185365
-0.00013569994029202626
0.0005590837540031483
-0.00014112793790370731
0.0008359116321988818
-0.0002442598925256473
0.0006133637301199588
-8.68479617868968e-05
0.0007219236823535797
-0.0003365358519242251
0.00047766378982793246
-0.00020626390924387994
0.0007219236823535797
-0.00022254790207892308
0.000738207675188623
-0.0001899799164088368
0.0007870596536937523
-0.00017912392118547466
0.0008087716441404765
-0.00018455191879715574
0.0005970797372849156
-7.056396895185366e-05
0.0006784997014601314
-0.0002551158877490094
0.0005916517396732346
-0.00043423980893448407
0.0005862237420615535
-0.00021711990446724203
0.0006187917277316398
-0.00026054388536069043
0.0005916517396732346
-0.00021169190685556098
0.0006622157086250881
-0.0002876838734190957
0.0007219236823535797
-0.00023340389730228518
0.0005699397492265104
-0.00023883189491396623
0.00039081582804103567
-0.0002551158877490094
0.000640503718178364
-0.0003148238614775009
0.0005970797372849156
-0.00023883189491396623
0.000645931715790045
-0.00015741193073875046
0.0005699397492265104
-0.00023340389730228518
0.0007110676871302176
-0.00021711990446724203
0.0007599196656353471
-0.0003799598328176736
0.0007436356728003039
-0.0002768278781957336
0.00047766378982793246
-0.000320251859089182
0.0006893556966834934
-0.00012484394506866417
0.000640503718178364
-0.0002442598925256473
0.0007056396895185365
-0.0002659718829723715
0.0005753677468381914
-0.0003039678662541388
0.0007002116919068555
-0.00011398794984530207
0.0006676437062367693
-0.0002442598925256473
0.0006947836942951744
-0.0001736959235737936
0.000635075720566683
-0.00018455191879715574
0.0006730717038484502
-0.00013027194268034522
0.0006947836942951744
-0.00010313195462193997
0.0005699397492265104
-0.00010855995223362102
0.0005916517396732346
-0.0004070998208760788
0.0006187917277316398
-0.00010313195462193997
0.0005862237420615535
-0.00014655593551538836
0.000531943765944743
-0.00018455191879715574
0.0005590837540031483
-0.000320251859089182
0.0007979156489171144
-0.00021711990446724203
0.0007924876513054334
-0.00010313195462193997
0.0007110676871302176
-0.0003148238614775009
0.0006893556966834934
-0.0002551158877490094
0.0004722357922162514
-0.00023340389730228518
0.0005210877707213809
-0.00018455191879715574
0.0007219236823535797
-0.00029311187103077673
0.0006839276990718123
-0.00024968789013732833
0.0007056396895185365
-0.00013569994029202626
0.0005373717635564241
-4.34239808934484e-05
0.0007762036584703902
-0.00014655593551538836
0.0005916517396732346
-0.0003148238614775009
0.0006893556966834934
-0.00021169190685556098
0.0006133637301199588
-0.0001899799164088368
0.0005536557563914672
-0.00024968789013732833
0.000531943765944743
-0.00035281984475926827
0.0007219236823535797
-0.0002985398686424578
0.0008033436465287955
-0.00014655593551538836
0.0006676437062367693
-0.00022797589969060413
0.00047766378982793246
-0.00021711990446724203
0.0006296477229550019
-0.0003473918471475872
0.0006893556966834934
-0.00020083591163219889
0.0007056396895185365
-0.00023340389730228518
0.0007762036584703902
-0.0004830917874396135
0.0005156597731096999
-0.00019540791402051784
0.000640503718178364
-0.0003745318352059925
0.0007599196656353471
-0.0003039678662541388
0.0007599196656353471
-0.0002551158877490094
0.0005970797372849156
-0.00020626390924387994
0.0005482277587797862
-0.00014655593551538836
0.0006567877110134072
-0.00010313195462193997
0.0005753677468381914
-0.0001519839331270694
0.000651359713401726
-0.000320251859089182
0.0007219236823535797
-0.0003093958638658199
0.0006676437062367693
-6.513597134017261e-05
0.0006622157086250881
-0.00021711990446724203
0.0005699397492265104
-0.0003419638495359062
0.0006079357325082777
-0.00040167182326439777
0.0006079357325082777
-0.000325679856700863
0.0005699397492265104
-0.00022254790207892308
0.0006187917277316398
-0.00022254790207892308
0.0005916517396732346
-0.00020626390924387994
0.0005590837540031483
-0.0003691038375943115
0.0005699397492265104
-0.00026054388536069043
0.0005482277587797862
-0.00013027194268034522
0.0007164956847418986
-0.00039081582804103567
0.000526515768333062
-0.00014112793790370731
0.0006567877110134072
-0.0002768278781957336
0.0008250556369755197
-0.00013569994029202626
0.0006839276990718123
-0.00027139988058405253
0.0007816316560820713
-0.0003691038375943115
0.0005427997611681051
-0.00020626390924387994
0.0005536557563914672
-0.00022254790207892308
0.0006187917277316398
-0.0001628399283504315
0.0005482277587797862
-0.00021169190685556098
0.0005807957444498725
-0.000325679856700863
0.0005536557563914672
-0.00010313195462193997
0.000754491668023666
-0.0001628399283504315
0.0007762036584703902
-0.00021711990446724203
0.0008304836345872007
-0.00010855995223362102
0.0006676437062367693
-0.00023883189491396623
0.0007924876513054334
1.08559952233621e-05
0.0006567877110134072
-0.00013569994029202626
0.0005536557563914672
-0.00015741193073875046
0.0004396678065461651
-0.00014112793790370731
0.0007653476632470281
-0.0001736959235737936
0.0007273516799652607
-0.00023340389730228518
0.0006079357325082777
-0.00021711990446724203
0.0008141996417521576
-0.00020626390924387994
0.00045595179938120827
-0.00010313195462193997
0.0005645117516148293
-0.0003365358519242251
0.0006947836942951744
-0.00012484394506866417
0.0003582478423709493
-0.0003745318352059925
0.0003582478423709493
-0.00021711990446724203
0.0007110676871302176
-0.00027139988058405253
0.0007002116919068555
-0.0003419638495359062
0.0005373717635564241
-0.0001899799164088368
0.0006242197253433209
-9.227595939857787e-05
0.0005970797372849156
-0.00023340389730228518
0.0005699397492265104
-0.00026054388536069043
0.000651359713401726
-0.00022797589969060413
0.000640503718178364
-0.00014655593551538836
0.0006947836942951744
-0.0001519839331270694
0.0006622157086250881
-0.0001628399283504315
0.0004830917874396135
-0.0001736959235737936
0.0006839276990718123
-0.00024968789013732833
0.0006622157086250881
-0.00020626390924387994
0.0005916517396732346
-0.00040167182326439777
0.0006242197253433209
-0.0001628399283504315
0.000635075720566683
-0.00012484394506866417
0.0006187917277316398
-0.0001899799164088368
0.0008413396298105628
-0.00017912392118547466
0.0005156597731096999
-0.00024968789013732833
0.0006839276990718123
-7.59919665635347e-05
0.0005210877707213809
-0.00020626390924387994
0.0003853878304293546
-0.0002768278781957336
0.0007219236823535797
-0.00018455191879715574
0.0007110676871302176
-0.00023883189491396623
0.0003582478423709493
-0.0002768278781957336
0.0005916517396732346
-0.00021169190685556098
0.0006133637301199588
-0.00028225587580741463
0.000526515768333062
-6.513597134017261e-05
0.0006567877110134072
-0.00014112793790370731
0.0007219236823535797
-0.00014112793790370731
0.0006133637301199588
-0.00013027194268034522
0.0007056396895185365
-0.00020083591163219889
0.0005210877707213809
-0.00018455191879715574
0.00040167182326439777
-0.0003365358519242251
0.0006242197253433209
-0.00016826792596211256
0.000635075720566683
-0.0001628399283504315
0.0007436356728003039
-9.770395701025892e-05
0.0007979156489171144
-0.0001736959235737936
0.0005102317754980188
-0.00013569994029202626
0.0007436356728003039
-8.68479617868968e-05
0.0006025077348965967
-9.770395701025892e-05
0.0006730717038484502
-9.770395701025892e-05
0.000526515768333062
-0.00013569994029202626
0.0006893556966834934
-0.00021711990446724203
0.0006730717038484502
-0.00027139988058405253
0.00041252781848775987
-9.770395701025892e-05
0.000645931715790045
-0.00012484394506866417
0.0005753677468381914
-0.00029311187103077673
0.0008196276393638386
-0.0002659718829723715
0.0005970797372849156
-0.0001899799164088368
0.00046680779460457037
-0.00013027194268034522
0.0007599196656353471
-0.00011941594745698312
0.0009119035987624165
-1.08559952233621e-05
0.0005807957444498725
-9.770395701025892e-05
0.0006784997014601314
-0.0001899799164088368
0.0006187917277316398
-0.00022797589969060413
0.00046680779460457037
-9.227595939857787e-05
0.0006242197253433209
-0.0001628399283504315
0.0006133637301199588
-0.00022797589969060413
0.0006567877110134072
-0.00022797589969060413
0.0005156597731096999
-0.00013569994029202626
0.0005427997611681051
-0.00029311187103077673
0.0006242197253433209
-0.00017912392118547466
0.0005156597731096999
-0.00014655593551538836
0.000531943765944743
-0.00028225587580741463
0.000754491668023666
-0.00016826792596211256
0.0007273516799652607
-8.141996417521576e-05
0.0008467676274222439
-0.00020626390924387994
0.0007327796775769418
-0.0001628399283504315
0.0005482277587797862
-9.770395701025892e-05
0.0004939477826629757
-0.00022797589969060413
0.0006296477229550019
-0.0001899799164088368
0.0006947836942951744
-0.0003039678662541388
0.000738207675188623
-0.00026054388536069043
0.0006025077348965967
-0.0001628399283504315
0.0005482277587797862
-0.00023883189491396623
0.000635075720566683
-0.00017912392118547466
0.0005699397492265104
-2.17119904467242e-05
0.0005210877707213809
-0.0002985398686424578
0.0005427997611681051
-0.00012484394506866417
0.000531943765944743
-0.00022254790207892308
0.0006025077348965967
3.2567985670086304e-05
0.0007002116919068555
-4.34239808934484e-05
0.000645931715790045
-0.0001899799164088368
0.0006133637301199588
-0.00021711990446724203
0.0006079357325082777
-0.0003311078543125441
0.0005645117516148293
-0.0002768278781957336
0.0004885197850512946
-0.0001736959235737936
0.000526515768333062
-0.00039081582804103567
0.0006296477229550019
-0.00023340389730228518
0.000526515768333062
-0.0002876838734190957
0.0006242197253433209
-0.0002768278781957336
0.0007327796775769418
-0.00023883189491396623
0.0005862237420615535
-0.0001736959235737936
0.0006242197253433209
-0.0001736959235737936
0.0005156597731096999
-0.0001736959235737936
0.0005862237420615535
-0.00024968789013732833
0.0005645117516148293
-0.0002768278781957336
0.000635075720566683
-0.0003962438256527167
0.0006730717038484502
-0.00022254790207892308
0.000640503718178364
-0.00011941594745698312
0.000526515768333062
-0.00010313195462193997
0.0005156597731096999
-0.00027139988058405253
0.00046680779460457037
-0.00011398794984530207
0.000738207675188623
-0.0002876838734190957
0.000531943765944743
-0.00019540791402051784
0.0005699397492265104
-0.00019540791402051784
0.0005807957444498725
-6.513597134017261e-05
0.0006187917277316398
-0.00023883189491396623
0.0003853878304293546
-0.00024968789013732833
0.000651359713401726
-3.799598328176735e-05
0.0007979156489171144
3.799598328176735e-05
0.0004722357922162514
-0.00022797589969060413
0.000531943765944743
-0.0002442598925256473
0.000645931715790045
-0.00020626390924387994
0.000526515768333062
-9.770395701025892e-05
0.0005807957444498725
-0.00024968789013732833
0.0004722357922162514
-0.00014655593551538836
0.0005590837540031483
-0.00011398794984530207
0.0006242197253433209
-0.00020626390924387994
0.00047766378982793246
-0.00017912392118547466
0.0006242197253433209
-0.00010313195462193997
0.0005427997611681051
-0.00020083591163219889
0.0004396678065461651
-0.00013027194268034522
0.0007164956847418986
-0.00028225587580741463
0.0004613797969928893
-0.00020083591163219889
0.0005916517396732346
-0.00013027194268034522
0.0003148238614775009
-0.00010313195462193997
0.0006730717038484502
-0.0001899799164088368
0.0005156597731096999
-0.00020626390924387994
0.0004396678065461651
-0.0001736959235737936
0.0005590837540031483
-0.00021169190685556098
0.0006839276990718123
-0.00011941594745698312
0.0007219236823535797
-0.00018455191879715574
0.000640503718178364
-8.68479617868968e-05
0.000738207675188623
-0.00018455191879715574
0.0006133637301199588
-0.00012484394506866417
0.0007056396895185365
-0.0003365358519242251
0.0005590837540031483
-0.00026054388536069043
0.000645931715790045
-0.00015741193073875046
0.0005862237420615535
-0.00010313195462193997
0.0005807957444498725
-9.770395701025892e-05
0.0004613797969928893
-6.513597134017261e-05
0.0007056396895185365
-3.2567985670086304e-05
0.0005373717635564241
-5.970797372849156e-05
0.0005807957444498725
-0.00026054388536069043
0.0006567877110134072
-0.0001899799164088368
0.0005970797372849156
-4.885197850512946e-05
0.0005916517396732346
-0.00010855995223362102
0.0006567877110134072
-8.68479617868968e-05
0.000640503718178364
-0.00023883189491396623
0.0008304836345872007
-5.970797372849156e-05
0.0005156597731096999
-7.056396895185366e-05
0.0004830917874396135
-6.513597134017261e-05
0.0005373717635564241
-0.00013569994029202626
0.000526515768333062
-0.0003093958638658199
0.000531943765944743
-0.00021169190685556098
0.000738207675188623
-7.056396895185366e-05
0.0006133637301199588
-0.0002876838734190957
0.0007653476632470281
-5.42799761168105e-06
0.0005970797372849156
-0.00014112793790370731
0.000635075720566683
-0.00020626390924387994
0.0005210877707213809
-0.00020626390924387994
0.000526515768333062
-0.00022797589969060413
0.0004613797969928893
-0.00023883189491396623
0.0006839276990718123
-0.0002985398686424578
0.000640503718178364
-0.0001519839331270694
0.0006133637301199588
-0.00013569994029202626
0.000651359713401726
-0.0002442598925256473
0.00046680779460457037
-0.0003093958638658199
0.0004993757802746567
-0.0002876838734190957
0.0008250556369755197
-0.0002551158877490094
0.0005102317754980188
-0.00023340389730228518
0.0005536557563914672
-0.00021169190685556098
0.0006676437062367693
-0.00011941594745698312
0.0005916517396732346
4.34239808934484e-05
0.0005427997611681051
-0.00040167182326439777
0.000635075720566683
-0.0002551158877490094
0.0005482277587797862
-0.00011941594745698312
0.000640503718178364
-0.00021711990446724203
0.00046680779460457037
-0.00018455191879715574
0.0007273516799652607
-0.00012484394506866417
0.0006187917277316398
-0.0003148238614775009
0.0005699397492265104
-0.00020083591163219889
0.00045595179938120827
-0.00021169190685556098
0.0006730717038484502
-0.00021169190685556098
0.000531943765944743
-0.0001736959235737936
0.0006784997014601314
-0.0001519839331270694
0.0007002116919068555
-0.00018455191879715574
0.00045595179938120827
-0.00015741193073875046
0.0005048037778863378
-0.00022254790207892308
0.0006079357325082777
-0.0001519839331270694
0.0006187917277316398
-0.00021169190685556098
0.0004939477826629757
-0.0002442598925256473
0.0004885197850512946
-0.0001736959235737936
0.0007924876513054334
-0.0002768278781957336
0.0006676437062367693
-0.0002985398686424578
0.0007436356728003039
-0.00023340389730228518
0.0007924876513054334
-0.00028225587580741463
0.0006242197253433209
-0.0003093958638658199
0.0006730717038484502
-0.00013569994029202626
0.0007002116919068555
-0.00018455191879715574
0.0005916517396732346
-8.68479617868968e-05
0.0005970797372849156
-0.0003093958638658199
0.0005590837540031483
-0.00019540791402051784
0.0006296477229550019
-8.68479617868968e-05
0.0005536557563914672
-0.00013027194268034522
0.00046680779460457037
-0.00020626390924387994
0.0005048037778863378
-0.00022254790207892308
0.0007707756608587092
-0.00023340389730228518
0.0006893556966834934
-0.00016826792596211256
0.0006567877110134072
-0.0001519839331270694
0.0004885197850512946
-0.00020626390924387994
0.0007762036584703902
-7.056396895185366e-05
0.0004830917874396135
-0.0002551158877490094
0.0008901916083156923
-2.17119904467242e-05
0.0006784997014601314
-0.00022254790207892308
0.000754491668023666
-0.0002442598925256473
0.0006187917277316398
-0.00027139988058405253
0.0006242197253433209
-0.00028225587580741463
0.000635075720566683
-0.00010855995223362102
0.0004613797969928893
-0.0002442598925256473
0.0008087716441404765
-0.0001736959235737936
0.0006025077348965967
-7.056396895185366e-05
0.000749063670411985
-0.0001519839331270694
0.0006676437062367693
-3.799598328176735e-05
0.0006025077348965967
-0.000325679856700863
0.0005590837540031483
-0.00023340389730228518
0.000526515768333062
-0.0002442598925256473
0.0005645117516148293
-0.00019540791402051784
0.0005373717635564241
-9.227595939857787e-05
0.0005699397492265104
-0.00013569994029202626
0.0008413396298105628
-0.0002985398686424578
0.0007924876513054334
-0.0001899799164088368
0.0007924876513054334
-0.0002551158877490094
0.000526515768333062
-0.0002768278781957336
0.0005590837540031483
-0.00019540791402051784
0.0007002116919068555
-0.0001736959235737936
0.0006730717038484502
-0.00016826792596211256
0.0005590837540031483
-0.00021711990446724203
0.0006893556966834934
-0.0002442598925256473
0.0006947836942951744
-0.0001628399283504315
0.000645931715790045
-9.227595939857787e-05
0.000651359713401726
-0.0003365358519242251
0.000857623622645606
-0.00020083591163219889
0.0006187917277316398
-6.513597134017261e-05
0.0009281875915974596
-0.00023883189491396623
0.0006676437062367693
-1.08559952233621e-05
0.0006730717038484502
-0.00023883189491396623
0.0004885197850512946
-0.0001628399283504315
0.0005753677468381914
-0.00022254790207892308
0.0007599196656353471
-0.0002442598925256473
0.0007002116919068555
3.2567985670086304e-05
0.0005970797372849156
-0.00026054388536069043
0.0006784997014601314
-4.34239808934484e-05
0.0005970797372849156
-0.00018455191879715574
0.0006133637301199588
-0.0003093958638658199
0.0005048037778863378
-0.00020626390924387994
0.0005807957444498725
-0.0003148238614775009
0.0005807957444498725
-0.00026054388536069043
0.0004885197850512946
-0.00011941594745698312
0.0007816316560820713
-0.00014112793790370731
0.0007870596536937523
-0.00014655593551538836
0.000635075720566683
-0.0001899799164088368
0.0005753677468381914
-0.00018455191879715574
0.000640503718178364
-0.0002442598925256473
0.0007056396895185365
-0.00016826792596211256
0.0006893556966834934
-0.00011398794984530207
0.0006622157086250881
-0.00022797589969060413
0.00036367583998263037
-7.59919665635347e-05
0.00047766378982793246
-0.00016826792596211256
0.0007219236823535797
-0.00014655593551538836
0.0007056396895185365
-0.00013569994029202626
0.0008521956250339249
-0.00017912392118547466
0.0005807957444498725
-0.0002551158877490094
0.0007273516799652607
-0.00022254790207892308
0.0007870596536937523
-0.00016826792596211256
0.0006784997014601314
-0.00016826792596211256
0.0004070998208760788
-0.00022797589969060413
0.0006133637301199588
-0.00022254790207892308
0.0006025077348965967
-0.0001519839331270694
0.0005536557563914672
-0.00013027194268034522
0.0005916517396732346
-7.056396895185366e-05
0.0006893556966834934
-0.00023883189491396623
0.0004885197850512946
-0.00024968789013732833
0.0004613797969928893
-0.00011398794984530207
0.0005699397492265104
-0.00026054388536069043
0.0006839276990718123
-0.00022797589969060413
0.0006296477229550019
-6.513597134017261e-05
0.0005536557563914672
-0.0001736959235737936
0.0005916517396732346
-0.00022797589969060413
0.0006187917277316398
-0.00022254790207892308
0.0004613797969928893
-9.227595939857787e-05
0.0005482277587797862
-0.00019540791402051784
0.000531943765944743
-0.0001519839331270694
0.0006893556966834934
-0.00020083591163219889
0.0008196276393638386
-0.000320251859089182
0.000640503718178364
-0.00021169190685556098
0.0005536557563914672
-9.227595939857787e-05
0.0005156597731096999
-0.00023340389730228518
0.0006025077348965967
-0.00011398794984530207
0.0008033436465287955
-0.00010313195462193997
0.0004830917874396135
-0.0002876838734190957
0.0005970797372849156
-0.0002442598925256473
0.0007110676871302176
-0.00016826792596211256
0.0006133637301199588
-0.00024968789013732833
0.000640503718178364
-0.0001628399283504315
0.0006025077348965967
-0.00023883189491396623
0.0005645117516148293
-0.00021711990446724203
0.0009390435868208217
2.17119904467242e-05
0.0006296477229550019
-0.00011398794984530207
0.000635075720566683
-4.34239808934484e-05
0.0005970797372849156
-0.00012484394506866417
0.0005753677468381914
-0.0003311078543125441
0.0007273516799652607
-0.00011398794984530207
0.0005373717635564241
-0.0001628399283504315
0.0006133637301199588
-0.00014655593551538836
0.0005916517396732346
-4.34239808934484e-05
0.0007002116919068555
-0.000325679856700863
0.0007219236823535797
-0.00013569994029202626
0.0006133637301199588
-0.00012484394506866417
0.0006784997014601314
-0.0003311078543125441
0.0005970797372849156
-0.00016826792596211256
0.000651359713401726
-0.00021169190685556098
0.000640503718178364
-0.0003799598328176736
0.0002876838734190957
-9.770395701025892e-05
0.0004396678065461651
-0.00015741193073875046
0.0006079357325082777
3.799598328176735e-05
0.0006839276990718123
-0.00026054388536069043
0.0007436356728003039
-0.0001899799164088368
0.0005862237420615535
-0.00014112793790370731
0.0005753677468381914
-0.00028225587580741463
0.0006296477229550019
-0.00013027194268034522
0.0004613797969928893
-0.00024968789013732833
0.0003853878304293546
-0.00014112793790370731
0.0006079357325082777
-0.0001899799164088368
0.0005210877707213809
-0.0002551158877490094
0.0006187917277316398
-0.00022254790207892308
0.0006079357325082777
-8.141996417521576e-05
0.000640503718178364
-0.00018455191879715574
0.0005427997611681051
-0.00012484394506866417
0.0005210877707213809
-0.0002768278781957336
0.0006242197253433209
-0.00018455191879715574
0.0007816316560820713
-3.799598328176735e-05
0.0004613797969928893
-0.0002768278781957336
0.0004830917874396135
-6.513597134017261e-05
0.000531943765944743
-0.00019540791402051784
0.0006025077348965967
-7.59919665635347e-05
0.000635075720566683
-0.00017912392118547466
0.0004939477826629757
-8.141996417521576e-05
0.0006079357325082777
-0.00011941594745698312
0.000531943765944743
-0.00017912392118547466
0.0006784997014601314
-0.00014112793790370731
0.0004396678065461651
-8.68479617868968e-05
0.000635075720566683
-0.00013569994029202626
0.0006187917277316398
-9.770395701025892e-05
0.0006730717038484502
-0.0002551158877490094
0.000635075720566683
-0.00020083591163219889
0.0004993757802746567
-0.0001628399283504315
0.0005970797372849156
-0.00023883189491396623
0.0007002116919068555
-9.227595939857787e-05
0.0005482277587797862
-0.00026054388536069043
0.0006079357325082777
-0.0003691038375943115
0.0007002116919068555
9.227595939857787e-05
0.0005699397492265104
-0.0002768278781957336
0.000526515768333062
-0.00024968789013732833
0.0004613797969928893
-0.00020083591163219889
0.0005156597731096999
-0.00021711990446724203
0.0007273516799652607
-0.00014655593551538836
0.000635075720566683
-0.00016826792596211256
0.0006296477229550019
-0.00021711990446724203
0.0006839276990718123
-0.00017912392118547466
0.0004885197850512946
-0.00018455191879715574
0.0006242197253433209
-0.00010313195462193997
0.000738207675188623
-0.00016826792596211256
0.00043423980893448407
-0.00021169190685556098
0.000531943765944743
-0.000325679856700863
0.000651359713401726
-0.0001519839331270694
0.0005862237420615535
-0.00021711990446724203
0.0005590837540031483
-0.00019540791402051784
0.000640503718178364
-0.00023883189491396623
0.0005916517396732346
-0.00027139988058405253
0.0006025077348965967
-0.0002659718829723715
0.0006893556966834934
-0.00015741193073875046
0.0005482277587797862
-0.00010855995223362102
0.000635075720566683
-9.770395701025892e-05
0.000640503718178364
-0.0003148238614775009
0.0005048037778863378
-0.00020626390924387994
0.000531943765944743
-0.00029311187103077673
0.0006025077348965967
-0.00014112793790370731
0.0005916517396732346
-0.00020626390924387994
0.0006025077348965967
-0.0002985398686424578
0.0005536557563914672
-9.227595939857787e-05
0.0005753677468381914
-0.0001519839331270694
0.0005753677468381914
-0.00013569994029202626
0.0006567877110134072
-9.227595939857787e-05
0.0005590837540031483
-0.0003093958638658199
0.000651359713401726
-0.00014112793790370731
0.0005699397492265104
-0.00021169190685556098
0.0006622157086250881
-0.00017912392118547466
0.0005536557563914672
-0.00016826792596211256
0.0006133637301199588
-0.00013027194268034522
0.0008033436465287955
-9.770395701025892e-05
0.0006242197253433209
-0.00022254790207892308
0.0007056396895185365
-0.00018455191879715574
0.0003582478423709493
-9.227595939857787e-05
0.0006567877110134072
-0.00010855995223362102
0.0007707756608587092
-0.00011398794984530207
0.0006187917277316398
-0.0001628399283504315
0.0003039678662541388
-0.00019540791402051784
0.0006025077348965967
-0.00019540791402051784
0.0006242197253433209
-0.00010855995223362102
0.0006025077348965967
-0.00026054388536069043
0.0006133637301199588
-0.0003473918471475872
0.000531943765944743
-0.00016826792596211256
0.0007436356728003039
-0.0002551158877490094
0.0005427997611681051
-9.770395701025892e-05
0.0008033436465287955
-7.59919665635347e-05
0.0005373717635564241
-0.00017912392118547466
0.0007327796775769418
-0.00011398794984530207
0.0005916517396732346
-0.0002551158877490094
0.0004179558160994409
-0.00017912392118547466
0.0006622157086250881
-0.0001899799164088368
0.0007327796775769418
-0.00029311187103077673
0.0006893556966834934
-0.0002659718829723715
0.0004830917874396135
-5.42799761168105e-06
0.0006730717038484502
-0.00014112793790370731
0.0006784997014601314
-4.885197850512946e-05
0.0006676437062367693
-0.00020626390924387994
0.0006242197253433209
-0.00022254790207892308
0.0006839276990718123
-0.00019540791402051784
0.0006947836942951744
-0.00020626390924387994
0.0007273516799652607
-1.6283992835043152e-05
0.0006893556966834934
-0.00012484394506866417
0.0007056396895185365
-0.0001519839331270694
0.0005427997611681051
-0.00015741193073875046
0.0009010476035390544
-0.00022797589969060413
0.0005699397492265104
-0.00010855995223362102
0.000651359713401726
-0.0003311078543125441
0.0005970797372849156
-0.0002442598925256473
0.0003962438256527167
-5.427997611681051e-05
0.0005862237420615535
-0.00020083591163219889
0.0007110676871302176
-6.513597134017261e-05
0.000645931715790045
-0.0001519839331270694
0.0003365358519242251
-0.00021169190685556098
0.0007599196656353471
-0.00022254790207892308
0.0005970797372849156
-0.00012484394506866417
0.000651359713401726
-0.0002876838734190957
0.0005482277587797862
-0.00022797589969060413
0.0005048037778863378
-0.0001628399283504315
0.0004939477826629757
-0.0001899799164088368
0.0005753677468381914
-0.00016826792596211256
0.0004722357922162514
-0.0002442598925256473
0.0005536557563914672
-0.00011941594745698312
0.0006025077348965967
-5.427997611681051e-05
0.0007599196656353471
-0.00019540791402051784
0.0007273516799652607
-0.00021711990446724203
0.0007056396895185365
-0.00014112793790370731
0.0005427997611681051
-8.68479617868968e-05
0.00047766378982793246
-0.00021169190685556098
0.0007002116919068555
-9.770395701025892e-05
0.000749063670411985
-0.00010313195462193997
0.0007002116919068555
-3.2567985670086304e-05
0.0006839276990718123
-8.141996417521576e-05
0.0006242197253433209
-0.00020626390924387994
0.00041252781848775987
-5.970797372849156e-05
0.00046680779460457037
-0.00015741193073875046
0.0005156597731096999
-0.00014112793790370731
0.0005156597731096999
-0.0002551158877490094
0.0004993757802746567
-0.00020626390924387994
0.0006242197253433209
-0.00021711990446724203
0.0007056396895185365
-0.00021169190685556098
0.000635075720566683
-0.0001736959235737936
0.0006839276990718123
-9.227595939857787e-05
0.0007056396895185365
-9.770395701025892e-05
0.000526515768333062
-0.00012484394506866417
0.0007110676871302176
-0.00021711990446724203
0.0005590837540031483
-0.00011398794984530207
0.000640503718178364
-8.68479617868968e-05
0.0005102317754980188
-0.0002985398686424578
0.0004993757802746567
-0.00027139988058405253
0.00041252781848775987
-0.00023883189491396623
0.0005482277587797862
-0.00010313195462193997
0.000651359713401726
-0.00022254790207892308
0.000645931715790045
-0.0002442598925256473
0.0004885197850512946
-0.0002659718829723715
0.0004885197850512946
-0.00021169190685556098
0.0005970797372849156
-7.59919665635347e-05
0.0007327796775769418
-0.00014112793790370731
0.0005048037778863378
-0.00023883189491396623
0.0005156597731096999
-0.0002876838734190957
0.0005916517396732346
-0.0001899799164088368
0.000531943765944743
-0.00012484394506866417
0.0004613797969928893
-9.227595939857787e-05
0.000645931715790045
-0.00016826792596211256
0.0005645117516148293
-0.00028225587580741463
0.0008087716441404765
-8.141996417521576e-05
0.0006839276990718123
-2.17119904467242e-05
0.0006025077348965967
-0.00026054388536069043
0.0005373717635564241
-0.00023340389730228518
0.0004885197850512946
-0.00018455191879715574
0.0007219236823535797
-0.00020626390924387994
0.0006242197253433209
-0.0002442598925256473
0.0006839276990718123
-0.00022254790207892308
0.0005807957444498725
-0.0002659718829723715
0.000531943765944743
-0.00018455191879715574
0.000526515768333062
-0.0001628399283504315
0.0007273516799652607
-5.970797372849156e-05
0.0005807957444498725
-0.0002551158877490094
0.0006133637301199588
-8.68479617868968e-05
0.0005970797372849156
-0.0001899799164088368
0.0006784997014601314
-7.59919665635347e-05
0.0007002116919068555
-0.00019540791402051784
0.0006839276990718123
-0.00020626390924387994
0.0005427997611681051
-0.00023883189491396623
0.0007273516799652607
-4.885197850512946e-05
0.000645931715790045
-0.00021169190685556098
0.0005753677468381914
-9.770395701025892e-05
0.0004505238017695272
-0.00017912392118547466
0.0005590837540031483
5.42799761168105e-06
0.0005807957444498725
-0.00017912392118547466
0.0004613797969928893
-0.00015741193073875046
0.0007327796775769418
1.08559952233621e-05
0.00043423980893448407
-3.2567985670086304e-05
0.0005536557563914672
5.427997611681051e-05
0.0005482277587797862
-0.00013569994029202626
0.0005590837540031483
-0.00023883189491396623
0.0004722357922162514
-3.2567985670086304e-05
0.0007436356728003039
-0.00016826792596211256
0.000645931715790045
-0.00014112793790370731
0.000640503718178364
-7.59919665635347e-05
0.0007924876513054334
-0.00011941594745698312
0.000738207675188623
-0.00017912392118547466
0.0007653476632470281
-0.00026054388536069043
0.0006079357325082777
-0.00014112793790370731
0.0006296477229550019
-9.227595939857787e-05
0.0007979156489171144
-0.00013027194268034522
0.0007599196656353471
-7.056396895185366e-05
0.0006133637301199588
-0.00021711990446724203
0.0007219236823535797
-0.00014655593551538836
0.0006133637301199588
-0.0001899799164088368
0.0006622157086250881
-0.000320251859089182
0.0006242197253433209
-0.00015741193073875046
0.000651359713401726
-0.0001628399283504315
0.000651359713401726
-0.00010313195462193997
0.0007002116919068555
-0.00021711990446724203
0.0006296477229550019
-0.00022797589969060413
0.0008359116321988818
-7.59919665635347e-05
0.000635075720566683
-0.0004722357922162514
0.0007056396895185365
-0.0001628399283504315
0.000635075720566683
-0.00017912392118547466
0.000640503718178364
-0.00014112793790370731
0.0006025077348965967
-0.0001628399283504315
0.000645931715790045
-5.970797372849156e-05
0.000635075720566683
-0.00014655593551538836
0.0006079357325082777
-0.00014655593551538836
0.0005210877707213809
-0.00019540791402051784
0.0005970797372849156
-0.00020083591163219889
0.0005427997611681051
-0.00015741193073875046
0.0006296477229550019
-0.0002551158877490094
0.000526515768333062
-0.0001736959235737936
0.0006676437062367693
-0.00011398794984530207
0.0007002116919068555
-0.0001899799164088368
0.0005590837540031483
-0.0001519839331270694
0.0008033436465287955
-0.00013569994029202626
0.0004993757802746567
-0.000325679856700863
0.000645931715790045
-0.0002659718829723715
0.0006567877110134072
-4.885197850512946e-05
0.0006242197253433209
-0.000320251859089182
0.000526515768333062
-0.0002876838734190957
0.0006839276990718123
-0.00014112793790370731
0.0006784997014601314
-0.00020626390924387994
0.0008196276393638386
-0.00019540791402051784
0.0006133637301199588
-0.0003093958638658199
0.0005482277587797862
-0.00014655593551538836
0.0008521956250339249
-0.0003311078543125441
0.0005807957444498725
-0.00019540791402051784
0.000640503718178364
-0.00011398794984530207
0.0007327796775769418
-0.00010855995223362102
0.0007762036584703902
-0.00013569994029202626
0.000526515768333062
-0.0001628399283504315
0.0008196276393638386
-0.0003148238614775009
0.0006079357325082777
-0.0001519839331270694
0.0007002116919068555
-7.59919665635347e-05
0.0008467676274222439
1.6283992835043152e-05
0.0005210877707213809
-0.00022797589969060413
0.0005427997611681051
-0.00021711990446724203
0.0007002116919068555
-0.00016826792596211256
0.0006947836942951744
-0.00022797589969060413
0.0007110676871302176
-0.00011941594745698312
0.0006079357325082777
-0.00011398794984530207
0.0005048037778863378
-9.227595939857787e-05
0.000531943765944743
-0.00013027194268034522
0.0005862237420615535
-0.00015741193073875046
0.0005916517396732346
-0.0002876838734190957
0.0006296477229550019
-7.056396895185366e-05
0.0006784997014601314
-0.0002442598925256473
0.0006893556966834934
-7.59919665635347e-05
0.0005753677468381914
-0.00016826792596211256
0.0008141996417521576
-0.00020626390924387994
0.0005970797372849156
-0.00021711990446724203
0.0005048037778863378
-0.00013569994029202626
0.0006893556966834934
-0.00018455191879715574
0.0006676437062367693
-0.00022797589969060413
0.0006079357325082777
-0.0001628399283504315
0.0005970797372849156
-0.00022254790207892308
0.00047766378982793246
-0.00028225587580741463
0.0004396678065461651
-3.2567985670086304e-05
0.0005102317754980188
-0.0002551158877490094
0.0006839276990718123
-0.00020626390924387994
0.0005482277587797862
-0.00011398794984530207
0.0006839276990718123
-0.00019540791402051784
0.0006622157086250881
-8.141996417521576e-05
0.0006839276990718123
-7.59919665635347e-05
0.0006730717038484502
-0.0002659718829723715
0.0006133637301199588
-5.427997611681051e-05
0.0004885197850512946
-0.00026054388536069043
0.0004993757802746567
-0.00020626390924387994
0.0006025077348965967
-4.885197850512946e-05
0.0005102317754980188
-5.970797372849156e-05
0.0005048037778863378
-0.00024968789013732833
0.0003853878304293546
-9.227595939857787e-05
0.0007110676871302176
-0.00010313195462193997
0.0006133637301199588
5.427997611681051e-05
0.0005753677468381914
-0.00024968789013732833
0.0005590837540031483
-9.227595939857787e-05
0.0005482277587797862
-0.00027139988058405253
0.0007707756608587092
-5.427997611681051e-05
0.000531943765944743
-6.513597134017261e-05
0.00046680779460457037
-0.00017912392118547466
0.0007273516799652607
-0.0002442598925256473
0.0005970797372849156
-0.00020083591163219889
0.0005156597731096999
-0.00014112793790370731
0.0005590837540031483
-4.885197850512946e-05
0.0006079357325082777
-0.00011398794984530207
0.0007924876513054334
-0.00017912392118547466
0.0006893556966834934
-0.00020083591163219889
0.0005102317754980188
-2.7139988058405254e-05
0.0005482277587797862
-0.0002876838734190957
0.0006296477229550019
-8.141996417521576e-05
0.0006622157086250881
-0.00014655593551538836
0.0006893556966834934
-0.000325679856700863
0.0007002116919068555
-3.799598328176735e-05
0.000531943765944743
-0.0001899799164088368
0.0006025077348965967
-0.00010855995223362102
0.0005916517396732346
-0.00022254790207892308
0.0006133637301199588
-0.00021711990446724203
0.0006839276990718123
-0.00013569994029202626
0.0005970797372849156
-0.00017912392118547466
0.0004613797969928893
-0.00043423980893448407
0.0006676437062367693
-0.00014655593551538836
0.0007056396895185365
-0.00023883189491396623
0.00044509580415784617
-0.00023883189491396623
0.0005645117516148293
-0.00017912392118547466
0.0005482277587797862
-0.00010313195462193997
0.0004939477826629757
-0.00020083591163219889
0.0006784997014601314
-0.00013569994029202626
0.0006730717038484502
-0.0003691038375943115
0.0007327796775769418
-0.00012484394506866417
0.000635075720566683
-0.00019540791402051784
0.0004722357922162514
-0.00020083591163219889
0.0003962438256527167
-0.00019540791402051784
0.0005699397492265104
-0.00016826792596211256
0.0005210877707213809
-0.00013027194268034522
0.0008087716441404765
-0.0002985398686424578
0.000651359713401726
-0.0002768278781957336
0.0005807957444498725
-0.00020626390924387994
0.0006025077348965967
-0.00014655593551538836
0.00044509580415784617
-0.0002442598925256473
0.0007762036584703902
-0.00018455191879715574
0.0006893556966834934
-0.00013027194268034522
0.000749063670411985
-0.00026054388536069043
0.0007164956847418986
-0.00026054388536069043
0.0004885197850512946
-0.0002659718829723715
0.0005699397492265104
-5.427997611681051e-05
0.0007870596536937523
-0.00012484394506866417
0.0005916517396732346
-0.00011941594745698312
0.0007002116919068555
-7.056396895185366e-05
0.0004505238017695272
-0.00013569994029202626
0.0006676437062367693
-5.427997611681051e-05
0.0005156597731096999
-2.17119904467242e-05
0.0005427997611681051
-0.0001899799164088368
0.0006567877110134072
-8.141996417521576e-05
0.0006676437062367693
-0.0001899799164088368
0.0005970797372849156
-0.00023340389730228518
0.00043423980893448407
-0.00014655593551538836
0.0005102317754980188
-0.0003799598328176736
0.0007110676871302176
-4.34239808934484e-05
0.0008141996417521576
-0.00013569994029202626
0.0004070998208760788
-0.0002768278781957336
0.000651359713401726
-9.770395701025892e-05
0.000526515768333062
-0.00020083591163219889
0.0008196276393638386
-0.00011941594745698312
0.0006079357325082777
-9.227595939857787e-05
0.0004505238017695272
-0.0001736959235737936
0.0006784997014601314
-4.34239808934484e-05
0.0007219236823535797
-0.00015741193073875046
0.0007924876513054334
-0.00011398794984530207
0.0006730717038484502
-0.00010313195462193997
0.000645931715790045
-0.00014655593551538836
0.0005427997611681051
-0.00019540791402051784
0.0006730717038484502
-0.00013569994029202626
0.000640503718178364
-0.00020083591163219889
0.0007599196656353471
-0.00011941594745698312
0.0006622157086250881
-0.00023883189491396623
0.000526515768333062
-0.00017912392118547466
0.0007273516799652607
-0.00016826792596211256
0.0007327796775769418
-0.00018455191879715574
0.0006730717038484502
-0.00016826792596211256
0.000526515768333062
-9.770395701025892e-05
0.0005916517396732346
-0.00024968789013732833
0.0004830917874396135
-0.00010313195462193997
0.0005645117516148293
-0.00013569994029202626
0.0005970797372849156
-0.0001519839331270694
0.0005373717635564241
-0.0002768278781957336
0.0006187917277316398
-0.0001628399283504315
0.0007762036584703902
-0.00011941594745698312
0.0004885197850512946
-0.00029311187103077673
0.0006296477229550019
-0.00015741193073875046
0.0005482277587797862
-5.427997611681051e-05
0.0006676437062367693
-0.0003799598328176736
0.0005753677468381914
-4.885197850512946e-05
0.0006947836942951744
-0.00021169190685556098
0.0004722357922162514
-0.00014655593551538836
0.0005970797372849156
-0.00021169190685556098
0.0005210877707213809
-0.00011941594745698312
0.0008087716441404765
-0.00019540791402051784
0.0006622157086250881
1.08559952233621e-05
0.0005916517396732346
-0.00017912392118547466
0.0005862237420615535
-0.0001628399283504315
0.0006079357325082777
-0.00023883189491396623
0.0008250556369755197
-0.0002985398686424578
0.0006947836942951744
-4.885197850512946e-05
0.0006187917277316398
-0.0003039678662541388
0.0008033436465287955
-0.00010313195462193997
0.0005590837540031483
-0.0001899799164088368
0.0006025077348965967
-0.0003691038375943115
0.0006893556966834934
-9.227595939857787e-05
0.0005645117516148293
-0.00021711990446724203
0.000640503718178364
-0.00022254790207892308
0.0005373717635564241
-0.00016826792596211256
0.0007056396895185365
-0.00021169190685556098
0.000635075720566683
-0.0001736959235737936
0.0005753677468381914
-0.00024968789013732833
0.0004396678065461651
-0.0002659718829723715
0.0005590837540031483
-0.0001899799164088368
0.0005102317754980188
-0.0002659718829723715
0.0003799598328176736
-0.00011941594745698312
0.0006242197253433209
-0.00013027194268034522
0.000645931715790045
-0.00011398794984530207
0.00047766378982793246
-8.141996417521576e-05
0.0005210877707213809
-0.00019540791402051784
0.0005156597731096999
-0.00019540791402051784
0.000531943765944743
-0.0002768278781957336
0.0003691038375943115
-4.885197850512946e-05
0.0004939477826629757
-7.056396895185366e-05
0.0005210877707213809
-0.0003311078543125441
0.0006187917277316398
-3.799598328176735e-05
0.0004613797969928893
-0.00023340389730228518
0.00042338381371112197
-0.00016826792596211256
0.000651359713401726
-0.00022254790207892308
0.0005916517396732346
-9.770395701025892e-05
0.0005862237420615535
-0.00020083591163219889
0.0007599196656353471
-0.00023340389730228518
0.0005373717635564241
-0.00020083591163219889
0.0006567877110134072
-2.7139988058405254e-05
0.0006730717038484502
-0.00018455191879715574
0.0006622157086250881
-3.799598328176735e-05
0.0007979156489171144
-0.00013569994029202626
0.0004885197850512946
-0.00022254790207892308
0.0004993757802746567
-8.68479617868968e-05
0.0006242197253433209
-0.00012484394506866417
0.0007924876513054334
-0.000320251859089182
0.0005102317754980188
-6.513597134017261e-05
0.0005427997611681051
-0.000320251859089182
0.0008467676274222439
-0.0001899799164088368
0.0007219236823535797
-0.00022254790207892308
0.0007979156489171144
-0.00017912392118547466
0.000428811811322803
-0.0003745318352059925
0.00047766378982793246
-6.513597134017261e-05
0.0005427997611681051
-0.00011941594745698312
0.0005427997611681051
-9.770395701025892e-05
0.0005102317754980188
-0.00021169190685556098
0.000651359713401726
-0.0002551158877490094
0.0005210877707213809
-6.513597134017261e-05
0.0007219236823535797
-0.00011941594745698312
0.0007164956847418986
-0.00011941594745698312
0.0006025077348965967
-8.141996417521576e-05
0.0006296477229550019
-0.00020626390924387994
0.0004993757802746567
-6.513597134017261e-05
0.0007002116919068555
-5.970797372849156e-05
0.0007002116919068555
-0.0001519839331270694
0.0005156597731096999
5.42799761168105e-06
0.0004179558160994409
-0.00017912392118547466
0.0005536557563914672
-5.427997611681051e-05
0.0005862237420615535
-0.00010313195462193997
0.000635075720566683
-0.00014112793790370731
0.000526515768333062
-0.00023883189491396623
0.00035281984475926827
-5.427997611681051e-05
0.0005807957444498725
-0.0001736959235737936
0.00047766378982793246
-0.00020626390924387994
0.0006296477229550019
-9.227595939857787e-05
0.0005699397492265104
-0.00010313195462193997
0.0007273516799652607
-0.0001519839331270694
0.0005916517396732346
-0.00013569994029202626
0.0006187917277316398
-0.00023883189491396623
0.0006242197253433209
-0.00011398794984530207
0.000749063670411985
-0.00010855995223362102
0.0005645117516148293
-0.00014112793790370731
0.0005753677468381914
-0.00016826792596211256
0.0004939477826629757
-0.00017912392118547466
0.0006947836942951744
-0.00027139988058405253
0.0006187917277316398
-0.00011941594745698312
0.0005156597731096999
-0.00017912392118547466
0.0005970797372849156
-0.00013027194268034522
0.0006133637301199588
-0.00024968789013732833
0.0005645117516148293
-7.056396895185366e-05
0.000645931715790045
-0.00022254790207892308
0.0005807957444498725
-0.00014655593551538836
0.0007219236823535797
-0.00010855995223362102
0.0005970797372849156
-1.08559952233621e-05
0.0006079357325082777
-0.00020626390924387994
0.0004993757802746567
-0.00016826792596211256
0.0005427997611681051
-3.799598328176735e-05
0.0006079357325082777
-0.00010855995223362102
0.0006025077348965967
-0.00022797589969060413
0.0007653476632470281
-0.00014655593551538836
0.0006622157086250881
-0.00016826792596211256
0.000645931715790045
-0.0002985398686424578
0.000428811811322803
-0.00019540791402051784
0.0005536557563914672
-9.770395701025892e-05
0.000651359713401726
-0.00010313195462193997
0.0007273516799652607
-0.0001628399283504315
0.0005210877707213809
-0.00012484394506866417
0.0006622157086250881
-0.00014112793790370731
0.0004993757802746567
-0.00028225587580741463
0.0006839276990718123
-3.2567985670086304e-05
0.0006676437062367693
-0.00018455191879715574
0.0006187917277316398
-0.00014112793790370731
0.0004939477826629757
-0.00010313195462193997
0.0006079357325082777
-0.0001736959235737936
0.000645931715790045
-0.00017912392118547466
0.0007816316560820713
-5.970797372849156e-05
0.0008467676274222439
-0.00028225587580741463
0.0006079357325082777
3.799598328176735e-05
0.0006567877110134072
-8.141996417521576e-05
0.0005102317754980188
-0.00014655593551538836
0.0007924876513054334
-0.00015741193073875046
0.0003473918471475872
-0.0002659718829723715
0.0006839276990718123
-0.00020626390924387994
0.0006296477229550019
-0.00012484394506866417
0.0006622157086250881
-8.68479617868968e-05
0.0006296477229550019
-8.141996417521576e-05
0.000635075720566683
-0.00023340389730228518
0.0008196276393638386
-0.00015741193073875046
0.0004505238017695272
-0.00021169190685556098
0.0007110676871302176
-0.00019540791402051784
0.0005970797372849156
-0.0002659718829723715
0.0005807957444498725
-0.00010855995223362102
0.0005645117516148293
-0.00013027194268034522
0.0005536557563914672
-0.00020626390924387994
0.000635075720566683
-0.00010855995223362102
0.0007707756608587092
-0.00016826792596211256
0.0004505238017695272
-0.00016826792596211256
0.0006676437062367693
-0.0003691038375943115
0.000531943765944743
-0.00021169190685556098
0.000651359713401726
-0.0003473918471475872
0.0006242197253433209
-0.00020083591163219889
0.0006242197253433209
-0.00012484394506866417
0.0005699397492265104
-0.00023340389730228518
0.0005807957444498725
-0.00011398794984530207
0.0007816316560820713
-0.00022254790207892308
0.0006676437062367693
-8.141996417521576e-05
0.0005156597731096999
-0.0001628399283504315
0.0007436356728003039
-0.00013027194268034522
0.0006567877110134072
-7.056396895185366e-05
0.0006025077348965967
-0.00035281984475926827
0.0006947836942951744
4.34239808934484e-05
0.000640503718178364
-0.00027139988058405253
0.0007599196656353471
-0.000320251859089182
0.0004070998208760788
-0.00011398794984530207
0.0007327796775769418
-0.00014655593551538836
0.0004885197850512946
-0.00015741193073875046
0.000651359713401726
-0.00014655593551538836
0.0006025077348965967
-9.770395701025892e-05
0.0005536557563914672
-0.00010313195462193997
0.0006296477229550019
-0.00023340389730228518
0.00040167182326439777
-0.00019540791402051784
0.0005970797372849156
-0.0003039678662541388
0.0005482277587797862
-0.00016826792596211256
0.000640503718178364
-0.00012484394506866417
0.0006187917277316398
-0.0001519839331270694
0.000526515768333062
-0.00011941594745698312
0.0005373717635564241
-9.770395701025892e-05
0.0005536557563914672
-9.227595939857787e-05
0.000635075720566683
-0.00023340389730228518
0.000526515768333062
-0.000325679856700863
0.0007219236823535797
-0.00027139988058405253
0.0005916517396732346
-0.0002768278781957336
0.0006242197253433209
-0.00014112793790370731
0.0004613797969928893
-0.0002985398686424578
0.0005862237420615535
-7.59919665635347e-05
0.0006730717038484502
-0.00010855995223362102
0.000635075720566683
-0.00012484394506866417
0.0004885197850512946
-0.00017912392118547466
0.000645931715790045
-0.00020083591163219889
0.0008304836345872007
-0.00023340389730228518
0.0006133637301199588
1.08559952233621e-05
0.000645931715790045
-7.59919665635347e-05
0.0005427997611681051
-0.00011398794984530207
0.0005699397492265104
-0.00019540791402051784
0.0006567877110134072
-0.00014112793790370731
0.0007110676871302176
-4.34239808934484e-05
0.000749063670411985
-0.00022254790207892308
0.0005536557563914672
-0.00020083591163219889
0.0004613797969928893
3.799598328176735e-05
0.0006730717038484502
-0.00021711990446724203
0.0005970797372849156
-0.0001519839331270694
0.0005699397492265104
-0.0002442598925256473
0.0006839276990718123
-0.0001628399283504315
0.0005753677468381914
-0.00013569994029202626
0.000651359713401726
-0.00011398794984530207
0.00041252781848775987
-0.00026054388536069043
0.0006730717038484502
-0.00020083591163219889
0.0006839276990718123
-0.00013027194268034522
0.0005862237420615535
-8.141996417521576e-05
0.0006079357325082777
-0.00022254790207892308
0.0006242197253433209
-0.0001899799164088368
0.0006296477229550019
-0.00023883189491396623
0.0005970797372849156
-0.00012484394506866417
0.0006025077348965967
-0.00016826792596211256
0.0008359116321988818
-0.00020626390924387994
0.0006839276990718123
-5.427997611681051e-05
0.0005590837540031483
-0.00018455191879715574
0.0006079357325082777
-0.00021711990446724203
0.0004830917874396135
-5.427997611681051e-05
0.0005916517396732346
-0.00017912392118547466
0.000651359713401726
-0.00013569994029202626
0.0005210877707213809
-0.00010313195462193997
0.0006947836942951744
-0.00020626390924387994
0.0006676437062367693
-0.00023340389730228518
0.0006676437062367693
-3.2567985670086304e-05
0.0006133637301199588
-0.00010313195462193997
0.0005156597731096999
-0.0001899799164088368
0.0005862237420615535
-0.00011398794984530207
0.0006187917277316398
-3.2567985670086304e-05
0.0005862237420615535
-0.0002659718829723715
0.0005590837540031483
-0.00021711990446724203
0.0007924876513054334
-7.59919665635347e-05
0.0006676437062367693
-0.0002442598925256473
0.0007816316560820713
-0.0002768278781957336
0.0005916517396732346
-9.227595939857787e-05
0.0005862237420615535
-9.770395701025892e-05
0.0006567877110134072
-0.0003799598328176736
0.0007056396895185365
-0.00018455191879715574
0.00044509580415784617
-7.056396895185366e-05
0.0006296477229550019
-0.00015741193073875046
0.0006079357325082777
-0.0002876838734190957
0.000645931715790045
-0.00023883189491396623
0.0006079357325082777
-0.0002442598925256473
0.00039081582804103567
-0.00011941594745698312
0.0005970797372849156
-0.00011941594745698312
0.0005645117516148293
-0.0003365358519242251
0.0006242197253433209
-0.00022254790207892308
0.0007002116919068555
-0.00010313195462193997
0.0006839276990718123
-2.7139988058405254e-05
0.0003311078543125441
-0.00023340389730228518
0.0006133637301199588
-0.0001628399283504315
0.0006187917277316398
-0.0003799598328176736
0.0005536557563914672
-0.0001899799164088368
0.0005373717635564241
-5.42799761168105e-06
0.0006839276990718123
-6.513597134017261e-05
0.0005862237420615535
-4.34239808934484e-05
0.0005699397492265104
-0.00011941594745698312
0.0005536557563914672
-0.0001628399283504315
0.0004993757802746567
-6.513597134017261e-05
0.0006242197253433209
-0.00024968789013732833
0.0005427997611681051
-0.00014112793790370731
0.0003853878304293546
-0.00026054388536069043
0.0007327796775769418
-0.00015741193073875046
0.000635075720566683
-0.00027139988058405253
0.000754491668023666
-0.00010313195462193997
0.0006567877110134072
-0.00028225587580741463
0.0006242197253433209
-0.0002876838734190957
0.000651359713401726
-0.0001899799164088368
0.0005645117516148293
-0.0002442598925256473
0.000428811811322803
-0.00020626390924387994
0.0005536557563914672
-0.00017912392118547466
0.000640503718178364
-0.00011941594745698312
0.0005862237420615535
-0.00016826792596211256
0.0005427997611681051
-0.00015741193073875046
0.000645931715790045
-0.00027139988058405253
0.0006079357325082777
-0.00023883189491396623
0.0005970797372849156
-4.34239808934484e-05
0.0005156597731096999
-0.00012484394506866417
0.0007110676871302176
-0.00013569994029202626
0.0005373717635564241
-0.0004179558160994409
0.0007653476632470281
-8.141996417521576e-05
0.0004613797969928893
-0.00013569994029202626
0.0005590837540031483
-0.00022797589969060413
0.000635075720566683
-0.00023883189491396623
0.000428811811322803
-0.00017912392118547466
0.0005210877707213809
-0.0003093958638658199
0.0006622157086250881
-9.227595939857787e-05
0.000635075720566683
-0.0001519839331270694
0.0007327796775769418
-0.000320251859089182
0.00047766378982793246
-9.227595939857787e-05
0.0004830917874396135
-0.00011398794984530207
0.0006676437062367693
-0.0001628399283504315
0.0005862237420615535
-0.00014655593551538836
0.0006133637301199588
-0.00015741193073875046
0.0007707756608587092
-7.59919665635347e-05
0.0006839276990718123
-9.227595939857787e-05
0.00036367583998263037
-0.00013569994029202626
0.0007110676871302176
-0.00014655593551538836
0.0006296477229550019
-7.59919665635347e-05
0.000640503718178364
-0.00036367583998263037
0.0005916517396732346
-0.00023340389730228518
0.0007110676871302176
-0.00027139988058405253
0.0006133637301199588
-0.0001899799164088368
0.0006025077348965967
-0.00022797589969060413
0.0004993757802746567
-0.00023883189491396623
0.0005753677468381914
0.00010313195462193997
0.000754491668023666
-0.00013027194268034522
0.0005916517396732346
-0.00021169190685556098
0.0003745318352059925
-4.34239808934484e-05
0.0006079357325082777
-0.00023340389730228518
0.0006025077348965967
-0.00010313195462193997
0.0005916517396732346
-5.970797372849156e-05
0.0007219236823535797
-0.00013569994029202626
0.0005536557563914672
-0.0002768278781957336
0.000651359713401726
-0.0001519839331270694
0.0005645117516148293
-7.59919665635347e-05
0.000645931715790045
-7.59919665635347e-05
0.0004396678065461651
-0.00020626390924387994
0.0006730717038484502
-0.0003365358519242251
0.0006567877110134072
-0.00015741193073875046
0.0005645117516148293
-8.68479617868968e-05
0.0005590837540031483
-0.00021711990446724203
0.000738207675188623
-4.885197850512946e-05
0.0005482277587797862
-7.59919665635347e-05
0.0007056396895185365
-0.0002876838734190957
0.0007653476632470281
-0.0001628399283504315
0.0006025077348965967
-0.00021711990446724203
0.0005156597731096999
-0.00013569994029202626
0.0005048037778863378
-0.00016826792596211256
0.0006839276990718123
-0.00015741193073875046
0.0006784997014601314
-0.0001736959235737936
0.0007110676871302176
-2.7139988058405254e-05
0.0005645117516148293
-0.00018455191879715574
0.0006784997014601314
-0.0001899799164088368
0.0007164956847418986
-0.00029311187103077673
0.0006296477229550019
-0.00015741193073875046
0.0007273516799652607
-0.0001519839331270694
0.0005210877707213809
-0.00015741193073875046
0.0005916517396732346
-0.00019540791402051784
0.0005753677468381914
-0.00013027194268034522
0.0006947836942951744
-0.00017912392118547466
0.0004830917874396135
-0.00023883189491396623
0.000635075720566683
-0.00021169190685556098
0.0007110676871302176
-0.00011941594745698312
0.0006567877110134072
-0.00021169190685556098
0.0006133637301199588
-0.00022797589969060413
0.0004830917874396135
-0.00018455191879715574
0.0006839276990718123
-9.227595939857787e-05
0.0005210877707213809
-7.056396895185366e-05
0.0004830917874396135
-0.00024968789013732833
0.0005970797372849156
-0.0001736959235737936
0.0005427997611681051
-0.00029311187103077673
0.0005482277587797862
-0.00029311187103077673
0.0005807957444498725
-0.00021711990446724203
0.0006567877110134072
-0.00023340389730228518
0.0006296477229550019
-0.00014655593551538836
0.0007002116919068555
-0.00020083591163219889
0.0004993757802746567
-0.00022797589969060413
0.0006567877110134072
-0.00012484394506866417
0.0006079357325082777
-0.0003039678662541388
0.0005048037778863378
-0.00015741193073875046
0.000645931715790045
-4.34239808934484e-05
0.000651359713401726
-0.0003093958638658199
0.0005590837540031483
-0.0001519839331270694
0.0005427997611681051
-0.0002768278781957336
0.0007762036584703902
-0.0001899799164088368
0.0008739076154806491
-0.0002551158877490094
0.0004396678065461651
-0.00020083591163219889
0.0007164956847418986
-0.00017912392118547466
0.0005156597731096999
-0.00011398794984530207
0.0004885197850512946
-0.00020083591163219889
0.0005807957444498725
-0.00022254790207892308
0.0006079357325082777
-0.00029311187103077673
0.0004396678065461651
-9.770395701025892e-05
0.0007327796775769418
-0.00026054388536069043
0.0006025077348965967
-0.00022254790207892308
0.0004722357922162514
-0.00010313195462193997
0.0006730717038484502
-0.00026054388536069043
0.000640503718178364
-3.799598328176735e-05
0.0004939477826629757
-0.00026054388536069043
0.0005699397492265104
-3.799598328176735e-05
0.0006296477229550019
-0.00027139988058405253
0.0003853878304293546
-0.0003093958638658199
0.0006079357325082777
-0.00019540791402051784
0.0005916517396732346
-0.0002985398686424578
0.000531943765944743
-0.00013027194268034522
0.000738207675188623
1.08559952233621e-05
0.000635075720566683
-0.00020626390924387994
0.000526515768333062
-0.00016826792596211256
0.0007870596536937523
-0.0002442598925256473
0.0007599196656353471
-6.513597134017261e-05
0.000531943765944743
-0.0001736959235737936
0.000645931715790045
-0.00014655593551538836
0.000635075720566683
-7.59919665635347e-05
0.0007924876513054334
-0.00018455191879715574
0.0008521956250339249
-0.00024968789013732833
0.0008250556369755197
-0.0002659718829723715
0.0007164956847418986
-0.0002551158877490094
0.0007762036584703902
-0.0002442598925256473
0.0007924876513054334
-0.0002442598925256473
0.0007273516799652607
-0.00010313195462193997
0.0005916517396732346
-0.0002551158877490094
0.0006296477229550019
-0.00021711990446724203
0.0006784997014601314
-0.00014655593551538836
0.0007273516799652607
-0.000325679856700863
0.000635075720566683
-0.00011398794984530207
0.0006784997014601314
-0.00015741193073875046
0.0006567877110134072
-0.0003365358519242251
0.0004613797969928893
-0.00020626390924387994
0.000526515768333062
-0.00021169190685556098
0.0007219236823535797
-0.00010313195462193997
0.0006676437062367693
-0.0002442598925256473
0.0005102317754980188
-0.0001628399283504315
0.0005807957444498725
-9.227595939857787e-05
0.0006730717038484502
-0.0001736959235737936
0.0005699397492265104
-9.227595939857787e-05
0.0004070998208760788
-0.00028225587580741463
0.0005102317754980188
-6.513597134017261e-05
0.0005427997611681051
-0.00016826792596211256
0.0007056396895185365
-0.00020083591163219889
0.0007110676871302176
-0.00028225587580741463
0.0005536557563914672
-5.427997611681051e-05
0.0006133637301199588
-4.885197850512946e-05
0.0006676437062367693
-0.00035281984475926827
0.0005482277587797862
-0.0001899799164088368
0.0006676437062367693
-0.0001736959235737936
0.0006730717038484502
-4.885197850512946e-05
0.0005807957444498725
-0.00022797589969060413
0.000651359713401726
-9.770395701025892e-05
0.0007327796775769418
-0.0004070998208760788
0.000857623622645606
-0.00013027194268034522
0.0006839276990718123
-9.227595939857787e-05
0.0006242197253433209
-0.00021711990446724203
0.0004505238017695272
-0.00020626390924387994
0.0006893556966834934
-0.0001899799164088368
0.0005645117516148293
-0.00021169190685556098
0.0005536557563914672
-0.00014655593551538836
0.0006567877110134072
-9.770395701025892e-05
0.0006025077348965967
-0.0003473918471475872
0.0005645117516148293
-0.00012484394506866417
0.000749063670411985
-0.00010855995223362102
0.0006187917277316398
-0.00028225587580741463
0.000526515768333062
-0.00013569994029202626
0.000651359713401726
2.17119904467242e-05
0.0007816316560820713
-0.00010313195462193997
0.0006947836942951744
-0.00014112793790370731
0.0008467676274222439
-0.00015741193073875046
0.0006025077348965967
-0.00023883189491396623
0.0005645117516148293
-9.770395701025892e-05
0.0006079357325082777
-0.0001519839331270694
0.000645931715790045
-0.00022797589969060413
0.0007979156489171144
-0.00011941594745698312
0.0004885197850512946
-0.0003691038375943115
0.0006839276990718123
-0.00019540791402051784
0.0007164956847418986
-0.00021711990446724203
0.000754491668023666
-0.00022797589969060413
0.0005536557563914672
-8.141996417521576e-05
0.0006296477229550019
-0.0001628399283504315
0.0006622157086250881
-0.0002551158877490094
0.000645931715790045
-0.0002659718829723715
0.0005862237420615535
2.7139988058405254e-05
0.0005862237420615535
-0.0003148238614775009
0.0006730717038484502
-0.00022797589969060413
0.0005970797372849156
-7.056396895185366e-05
0.000754491668023666
-0.0001736959235737936
0.0006133637301199588
-2.7139988058405254e-05
0.0005916517396732346
-0.00024968789013732833
0.0004993757802746567
-0.0003039678662541388
0.0006784997014601314
-0.00020626390924387994
0.0008033436465287955
-0.0003311078543125441
0.0007056396895185365
-0.0003311078543125441
0.0006187917277316398
-0.0002876838734190957
0.0007219236823535797
-0.00026054388536069043
0.0006784997014601314
-0.0002768278781957336
0.0006622157086250881
-0.0002659718829723715
0.0005862237420615535
-0.00013569994029202626
0.000738207675188623
-0.00023883189491396623
0.000526515768333062
-0.00022797589969060413
0.0005210877707213809
-2.17119904467242e-05
0.000749063670411985
-0.0001736959235737936
0.0006839276990718123
-0.0001736959235737936
0.0006839276990718123
-0.000325679856700863
0.0005156597731096999
-0.0002659718829723715
0.0005862237420615535
-0.00024968789013732833
0.0006893556966834934
-0.00017912392118547466
0.000531943765944743
-0.00016826792596211256
0.0006079357325082777
-7.056396895185366e-05
0.0005862237420615535
-0.00026054388536069043
0.0005482277587797862
-0.0002768278781957336
0.0008467676274222439
-0.00016826792596211256
0.0007653476632470281
-5.970797372849156e-05
0.0005862237420615535
-0.00011398794984530207
0.0006133637301199588
-0.00018455191879715574
0.0005156597731096999
-9.770395701025892e-05
0.0005482277587797862
-0.00016826792596211256
0.0006133637301199588
-0.00020083591163219889
0.0005807957444498725
-0.00020626390924387994
0.000651359713401726
-0.0003311078543125441
0.0005916517396732346
0.0
0.0005862237420615535
-0.00011398794984530207
0.000738207675188623
-7.056396895185366e-05
0.0004939477826629757
-0.0001899799164088368
0.0005156597731096999
-0.00012484394506866417
0.00045595179938120827
-0.00018455191879715574
0.0005970797372849156
-0.0001628399283504315
0.0006242197253433209
-0.00016826792596211256
0.0006893556966834934
-5.427997611681051e-05
0.0007110676871302176
-0.00015741193073875046
0.0007816316560820713
-0.00018455191879715574
0.0005156597731096999
-0.00022254790207892308
0.000738207675188623
-7.59919665635347e-05
0.0006133637301199588
-0.0001628399283504315
0.0005427997611681051
-0.0002876838734190957
0.0004396678065461651
1.6283992835043152e-05
0.0007653476632470281
-0.0002659718829723715
0.0007110676871302176
-6.513597134017261e-05
0.0004179558160994409
-9.227595939857787e-05
0.0007056396895185365
-0.0002876838734190957
0.0006242197253433209
-0.00026054388536069043
0.0005862237420615535
-0.0001519839331270694
0.0008359116321988818
-4.34239808934484e-05
0.0007056396895185365
-0.00015741193073875046
0.0004993757802746567
-0.00010855995223362102
0.0005916517396732346
-0.00029311187103077673
0.0006622157086250881
-0.0003039678662541388
0.0005807957444498725
-0.00013569994029202626
0.000651359713401726
-4.885197850512946e-05
0.0006784997014601314
-4.885197850512946e-05
0.00044509580415784617
-0.00017912392118547466
0.000863051620257287
-0.0001628399283504315
0.0004505238017695272
-5.427997611681051e-05
0.000640503718178364
-0.00010855995223362102
0.0005645117516148293
-9.770395701025892e-05
0.00042338381371112197
-0.00011941594745698312
0.0006947836942951744
-0.00015741193073875046
0.0008196276393638386
-0.00020083591163219889
0.0006622157086250881
-9.227595939857787e-05
0.00040167182326439777
-0.00022254790207892308
0.0005862237420615535
-0.00014655593551538836
0.0006730717038484502
-0.00020626390924387994
0.000738207675188623
-0.00018455191879715574
0.0005536557563914672
-0.00020626390924387994
0.0005482277587797862
-0.00018455191879715574
0.000635075720566683
-0.00019540791402051784
0.000645931715790045
-0.00027139988058405253
0.0007219236823535797
-3.2567985670086304e-05
0.0006133637301199588
-0.00022254790207892308
0.0005807957444498725
-0.00010313195462193997
0.00039081582804103567
-0.00013569994029202626
0.0005427997611681051
-8.68479617868968e-05
0.0007002116919068555
0.0
0.0005645117516148293
-0.00021169190685556098
0.000645931715790045
-0.0001899799164088368
0.0006025077348965967
-0.00017912392118547466
0.0007110676871302176
-0.00023883189491396623
0.0006242197253433209
-6.513597134017261e-05
0.0007762036584703902
-0.00017912392118547466
0.0006079357325082777
-0.00023883189491396623
0.0007002116919068555
-9.770395701025892e-05
0.000738207675188623
-0.00027139988058405253
0.0006947836942951744
-8.141996417521576e-05
0.0005753677468381914
-0.00020083591163219889
0.0006567877110134072
-0.00015741193073875046
0.0005645117516148293
-0.0003365358519242251
0.000531943765944743
-0.0001899799164088368
0.0006567877110134072
-0.00026054388536069043
0.0004070998208760788
-0.0001736959235737936
0.0005373717635564241
-0.00021711990446724203
0.000640503718178364
-0.00020083591163219889
0.0006622157086250881
-9.227595939857787e-05
0.000640503718178364
-0.00013027194268034522
0.000635075720566683
-0.0003419638495359062
0.0006187917277316398
-0.0002768278781957336
0.0004885197850512946
-0.00015741193073875046
0.0007707756608587092
-0.00022254790207892308
0.000754491668023666
-2.7139988058405254e-05
0.0006676437062367693
-0.00020626390924387994
0.0006187917277316398
-0.0001628399283504315
0.0005970797372849156
-3.799598328176735e-05
0.0006839276990718123
-0.0003148238614775009
0.0005102317754980188
-0.00026054388536069043
0.0008250556369755197
-3.799598328176735e-05
0.0007924876513054334
-0.00017912392118547466
0.000738207675188623
-8.68479617868968e-05
0.0007002116919068555
-0.0001628399283504315
0.0005807957444498725
-0.00020626390924387994
0.0006567877110134072
-0.0001899799164088368
0.000651359713401726
-0.00026054388536069043
0.000531943765944743
-0.00024968789013732833
0.0008250556369755197
-3.2567985670086304e-05
0.0007924876513054334
-0.00016826792596211256
0.0007273516799652607
-0.00029311187103077673
0.0005373717635564241
-0.00015741193073875046
0.000428811811322803
-0.0001628399283504315
0.0004722357922162514
-0.00021711990446724203
0.0007110676871302176
-0.00010855995223362102
0.0005807957444498725
-0.00024968789013732833
0.0007327796775769418
-0.00014112793790370731
0.0006784997014601314
-0.00017912392118547466
0.0006947836942951744
-0.00021711990446724203
0.0005699397492265104
-6.513597134017261e-05
0.0005753677468381914
-0.00018455191879715574
0.0006296477229550019
-0.00017912392118547466
0.0006242197253433209
-0.0002985398686424578
0.0007653476632470281
-0.00012484394506866417
0.0005590837540031483
-0.00016826792596211256
0.0006242197253433209
-0.00010313195462193997
0.0005970797372849156
-0.00023340389730228518
0.0005970797372849156
-9.227595939857787e-05
0.0006025077348965967
-0.0002985398686424578
0.000640503718178364
-0.00020083591163219889
0.0005156597731096999
-0.0002551158877490094
0.00046680779460457037
-0.00011941594745698312
0.0005699397492265104
-2.7139988058405254e-05
0.0007870596536937523
-0.00016826792596211256
0.0006676437062367693
-7.056396895185366e-05
0.0005482277587797862
-4.34239808934484e-05
0.000635075720566683
-0.00011398794984530207
0.00042338381371112197
-0.0003039678662541388
0.0004830917874396135
-0.00024968789013732833
0.0007056396895185365
-0.00020626390924387994
0.0006730717038484502
-0.0002551158877490094
0.0006730717038484502
-0.00014655593551538836
0.00044509580415784617
1.6283992835043152e-05
0.0007653476632470281
-0.00017912392118547466
0.0007219236823535797
-0.0001899799164088368
0.0006730717038484502
-0.00016826792596211256
0.0006784997014601314
0.0
0.0005916517396732346
-8.68479617868968e-05
0.0006025077348965967
-0.00011941594745698312
0.0005862237420615535
-0.00024968789013732833
0.0005970797372849156
-8.141996417521576e-05
0.0005048037778863378
-0.00011398794984530207
0.000651359713401726
-0.00010855995223362102
0.0007002116919068555
-0.00021169190685556098
0.00046680779460457037
-0.00018455191879715574
0.0006079357325082777
-0.00023340389730228518
0.0005373717635564241
-0.00020626390924387994
0.0005807957444498725
-0.00019540791402051784
0.0006676437062367693
-0.00010313195462193997
0.0006025077348965967
-0.00015741193073875046
0.0006730717038484502
-0.00017912392118547466
0.0005916517396732346
-0.00012484394506866417
0.0006676437062367693
-0.00011398794984530207
0.0005699397492265104
-0.00013569994029202626
0.0006133637301199588
-0.00020083591163219889
0.0006079357325082777
-0.00018455191879715574
0.0007327796775769418
-0.00014112793790370731
0.0005536557563914672
-0.00011398794984530207
0.0005699397492265104
-0.00011398794984530207
0.0006296477229550019
-0.00023340389730228518
0.0005970797372849156
-0.0003093958638658199
0.0006025077348965967
-0.00024968789013732833
0.0006784997014601314
-7.59919665635347e-05
0.0008033436465287955
-0.00022254790207892308
0.000749063670411985
-0.00029311187103077673
0.0006187917277316398
-0.0002551158877490094
0.0004505238017695272
-0.0002659718829723715
0.0005970797372849156
-0.00023883189491396623
0.000640503718178364
-0.0002659718829723715
0.0004722357922162514
-0.00015741193073875046
0.0005373717635564241
-0.00017912392118547466
0.0006187917277316398
-0.0001736959235737936
0.0007653476632470281
-0.00020083591163219889
0.0004885197850512946
-0.00023883189491396623
0.000645931715790045
-0.00018455191879715574
0.0006784997014601314
-0.00020083591163219889
0.0006730717038484502
-9.227595939857787e-05
0.0005482277587797862
-8.141996417521576e-05
0.0005482277587797862
-0.00013569994029202626
0.000635075720566683
-7.056396895185366e-05
0.0004505238017695272
-2.7139988058405254e-05
0.0004830917874396135
-0.00016826792596211256
0.00039081582804103567
-0.00023340389730228518
0.0006622157086250881
-1.6283992835043152e-05
0.0005699397492265104
-0.0001628399283504315
0.0005970797372849156
-0.00021711990446724203
0.0005862237420615535
-3.2567985670086304e-05
0.0005970797372849156
-4.34239808934484e-05
0.0007653476632470281
-0.00021711990446724203
0.0007002116919068555
-7.59919665635347e-05
0.0005482277587797862
-0.00014655593551538836
0.0005427997611681051
-0.00022797589969060413
0.0005645117516148293
-0.00024968789013732833
0.0006839276990718123
-0.00013027194268034522
0.0005482277587797862
-5.970797372849156e-05
0.0005536557563914672
-6.513597134017261e-05
0.0007110676871302176
1.6283992835043152e-05
0.000749063670411985
-0.00010313195462193997
0.0007056396895185365
-0.00024968789013732833
0.000635075720566683
-0.00013569994029202626
0.000526515768333062
-9.227595939857787e-05
0.0006839276990718123
-0.00029311187103077673
0.0006784997014601314
-0.00012484394506866417
0.000645931715790045
-6.513597134017261e-05
0.0006187917277316398
-0.00013027194268034522
0.000531943765944743
-5.970797372849156e-05
0.0006622157086250881
-0.0002551158877490094
0.0005862237420615535
-0.0001899799164088368
0.0004939477826629757
-0.00020083591163219889
0.0005970797372849156
-0.00011941594745698312
0.0005156597731096999
-5.42799761168105e-06
0.0005699397492265104
-0.00013027194268034522
0.0008250556369755197
-0.0003039678662541388
0.000635075720566683
-0.00010313195462193997
0.0006567877110134072
2.17119904467242e-05
0.0006839276990718123
-5.427997611681051e-05
0.0007002116919068555
-0.00021711990446724203
0.000651359713401726
-4.34239808934484e-05
0.000531943765944743
3.2567985670086304e-05
0.000754491668023666
-0.00013027194268034522
0.0006947836942951744
-0.00017912392118547466
0.0007762036584703902
-4.885197850512946e-05
0.0003691038375943115
-8.68479617868968e-05
0.0008359116321988818
-0.00021711990446724203
0.0006567877110134072
-0.0002768278781957336
0.0005048037778863378
-0.00020083591163219889
0.0005862237420615535
-9.770395701025892e-05
0.000754491668023666
-0.00023340389730228518
0.000738207675188623
-0.00023340389730228518
0.0005645117516148293
-1.6283992835043152e-05
0.000635075720566683
-0.0001519839331270694
0.0005210877707213809
-0.00011398794984530207
0.000526515768333062
-0.00010313195462193997
0.0007436356728003039
-0.00021711990446724203
0.0007653476632470281
-0.00020083591163219889
0.0003582478423709493
-0.0001519839331270694
0.0006079357325082777
-3.2567985670086304e-05
0.0005807957444498725
-0.0002442598925256473
0.000651359713401726
-2.7139988058405254e-05
0.000526515768333062
-0.00013027194268034522
0.0006676437062367693
-5.427997611681051e-05
0.0006676437062367693
-7.59919665635347e-05
0.0004830917874396135
-0.00022254790207892308
0.0007273516799652607
5.42799761168105e-06
0.0007436356728003039
-6.513597134017261e-05
0.0005373717635564241
-0.00010855995223362102
0.0007002116919068555
-4.34239808934484e-05
0.0004722357922162514
-5.427997611681051e-05
0.0006567877110134072
-0.0003311078543125441
0.0006839276990718123
-0.0001628399283504315
0.0006622157086250881
-0.0003311078543125441
0.0005373717635564241
-0.00011941594745698312
0.0006296477229550019
-0.0002768278781957336
0.000645931715790045
-0.00021169190685556098
0.0005482277587797862
-0.00013027194268034522
0.0006187917277316398
-9.227595939857787e-05
0.0006133637301199588
-0.00027139988058405253
0.0006839276990718123
-0.00013027194268034522
0.00045595179938120827
-0.00021169190685556098
0.0007273516799652607
-7.056396895185366e-05
0.0007110676871302176
-0.00022797589969060413
0.0006676437062367693
-0.00021169190685556098
0.0006947836942951744
-0.000325679856700863
0.000651359713401726
-0.00014112793790370731
0.0005590837540031483
-0.0003148238614775009
0.0005916517396732346
-0.00026054388536069043
0.00045595179938120827
-0.0002985398686424578
0.0005699397492265104
-8.68479617868968e-05
0.0005862237420615535
-0.00022254790207892308
0.00045595179938120827
-0.00022797589969060413
0.0005753677468381914
-0.0002551158877490094
0.000635075720566683
-3.2567985670086304e-05
0.0005753677468381914
-0.00014655593551538836
0.0005156597731096999
-0.00036367583998263037
0.0008413396298105628
-0.00023340389730228518
0.0005862237420615535
-0.0001519839331270694
0.0005427997611681051
-0.0001628399283504315
0.0004885197850512946
-0.00023340389730228518
0.0005048037778863378
-0.00013569994029202626
0.0005916517396732346
-0.00020626390924387994
0.0005373717635564241
-0.00022254790207892308
0.0006730717038484502
-0.0001736959235737936
0.0006133637301199588
-9.227595939857787e-05
0.0007707756608587092
-0.00016826792596211256
0.000754491668023666
-0.00021711990446724203
0.0004613797969928893
-0.00023340389730228518
0.0005862237420615535
-8.141996417521576e-05
0.0005427997611681051
-0.00026054388536069043
0.0006947836942951744
-0.00021169190685556098
0.0006893556966834934
-0.00014112793790370731
0.0004993757802746567
-0.0001736959235737936
0.0006567877110134072
-0.00014655593551538836
0.0006839276990718123
-0.00012484394506866417
0.0004722357922162514
-0.0002768278781957336
0.0006567877110134072
-5.970797372849156e-05
0.0004505238017695272
-9.227595939857787e-05
0.0006839276990718123
-0.0002442598925256473
0.0006079357325082777
-4.885197850512946e-05
0.0005427997611681051
-0.00021169190685556098
0.0005048037778863378
-0.0002551158877490094
0.0006730717038484502
-7.59919665635347e-05
0.0005590837540031483
-0.00021169190685556098
0.0005970797372849156
-9.227595939857787e-05
0.0006187917277316398
-0.00012484394506866417
0.0006947836942951744
5.42799761168105e-06
0.0006676437062367693
-0.00015741193073875046
0.0007110676871302176
-0.00026054388536069043
0.0005427997611681051
-7.59919665635347e-05
0.0006784997014601314
-0.0001628399283504315
0.0005210877707213809
-0.00016826792596211256
0.0006242197253433209
-0.00021169190685556098
0.0004722357922162514
-0.00016826792596211256
0.0005862237420615535
-0.00021711990446724203
0.0005536557563914672
-0.00015741193073875046
0.0006676437062367693
-0.00010313195462193997
0.000640503718178364
-0.00029311187103077673
0.0005156597731096999
-0.00021169190685556098
0.0004939477826629757
-8.141996417521576e-05
0.0007110676871302176
-0.00015741193073875046
0.0007056396895185365
-5.970797372849156e-05
0.0006296477229550019
-9.227595939857787e-05
0.0005753677468381914
-0.0002551158877490094
0.0006730717038484502
-0.00020083591163219889
0.0006079357325082777
-0.00021711990446724203
0.0004505238017695272
-0.00014112793790370731
0.000635075720566683
-0.0002442598925256473
0.0007219236823535797
-0.0002551158877490094
0.0005807957444498725
-0.0002551158877490094
0.0008141996417521576
-6.513597134017261e-05
0.0005427997611681051
-0.00011941594745698312
0.0006947836942951744
-0.0002768278781957336
0.0004070998208760788
-0.0003093958638658199
0.0006839276990718123
-0.00017912392118547466
0.000526515768333062
-0.0002442598925256473
0.0005156597731096999
-0.00013569994029202626
0.0006133637301199588
-0.0003148238614775009
0.0006730717038484502
-0.00027139988058405253
0.0003962438256527167
-0.00013027194268034522
0.0005807957444498725
-0.00021711990446724203
0.0006133637301199588
3.2567985670086304e-05
0.0005373717635564241
-8.68479617868968e-05
0.0007436356728003039
-8.68479617868968e-05
0.0005102317754980188
-0.00027139988058405253
0.0005536557563914672
-0.00013569994029202626
0.0003582478423709493
-7.056396895185366e-05
0.000738207675188623
-6.513597134017261e-05
0.0006622157086250881
-0.00013027194268034522
0.0005590837540031483
-7.056396895185366e-05
0.0005482277587797862
-0.00024968789013732833
0.0005048037778863378
-0.00017912392118547466
0.000635075720566683
-0.0001519839331270694
0.0006676437062367693
-0.00021711990446724203
0.0005699397492265104
-0.00011398794984530207
0.000640503718178364
4.34239808934484e-05
0.0005373717635564241
-7.056396895185366e-05
0.0006133637301199588
-0.00010855995223362102
0.0006839276990718123
-0.00023340389730228518
0.0004396678065461651
-3.2567985670086304e-05
0.0004993757802746567
-0.00020626390924387994
0.0005753677468381914
-0.00011941594745698312
0.0005699397492265104
-0.0001899799164088368
0.0004070998208760788
-0.00019540791402051784
0.0005156597731096999
-0.00013569994029202626
0.0006079357325082777
-0.00020083591163219889
0.0005753677468381914
-0.000325679856700863
0.0004070998208760788
-7.056396895185366e-05
0.0006622157086250881
-3.2567985670086304e-05
0.0006187917277316398
-0.00024968789013732833
0.000645931715790045
-0.00014112793790370731
0.0004993757802746567
-0.00022797589969060413
0.0006187917277316398
-0.00011398794984530207
0.0006079357325082777
-0.0002659718829723715
0.00042338381371112197
-9.770395701025892e-05
0.0005916517396732346
-0.00028225587580741463
0.0008359116321988818
4.34239808934484e-05
0.0005482277587797862
-0.00010855995223362102
0.0006133637301199588
-0.00026054388536069043
0.0004939477826629757
-0.0002442598925256473
0.0004993757802746567
-0.00016826792596211256
0.0007110676871302176
-3.799598328176735e-05
0.000635075720566683
-0.00020626390924387994
0.00039081582804103567
-0.00022254790207892308
0.0003745318352059925
-9.770395701025892e-05
0.0006567877110134072
-0.00027139988058405253
0.0005156597731096999
-0.0001899799164088368
0.0006567877110134072
-8.141996417521576e-05
0.000754491668023666
-0.0001519839331270694
0.0006025077348965967
-7.056396895185366e-05
0.0005753677468381914
-7.056396895185366e-05
0.000645931715790045
-0.00022254790207892308
0.000640503718178364
-0.00020626390924387994
0.0006025077348965967
-7.056396895185366e-05
0.0005699397492265104
-2.17119904467242e-05
0.0005699397492265104
-0.00019540791402051784
0.0007164956847418986
-1.08559952233621e-05
0.0006676437062367693
-0.00020083591163219889
0.0006784997014601314
-0.00013027194268034522
0.0006242197253433209
-0.00023883189491396623
0.000635075720566683
-0.00010313195462193997
0.0005048037778863378
-4.34239808934484e-05
0.0006893556966834934
-0.00015741193073875046
0.000635075720566683
-0.00010313195462193997
0.0006133637301199588
-0.00028225587580741463
0.0004993757802746567
-0.0002768278781957336
0.0004830917874396135
-0.00014655593551538836
0.0005536557563914672
-0.00013569994029202626
0.000526515768333062
-6.513597134017261e-05
0.0006242197253433209
-0.00014112793790370731
0.0005916517396732346
-3.799598328176735e-05
0.0004722357922162514
-0.00013569994029202626
0.0004993757802746567
-0.0001628399283504315
0.0005916517396732346
-0.0001736959235737936
0.000645931715790045
-0.000325679856700863
0.0007164956847418986
-0.00014655593551538836
0.0004885197850512946
-0.00020626390924387994
0.0006947836942951744
-0.00015741193073875046
0.0006947836942951744
-0.0001899799164088368
0.0006025077348965967
-0.00010855995223362102
0.0007056396895185365
4.34239808934484e-05
0.0006187917277316398
-9.227595939857787e-05
0.0006622157086250881
-0.00014655593551538836
0.0006296477229550019
-0.00010855995223362102
0.0005645117516148293
-7.056396895185366e-05
0.0006676437062367693
-0.00015741193073875046
0.0007273516799652607
-1.08559952233621e-05
0.0006784997014601314
-0.00013569994029202626
0.0005373717635564241
-8.68479617868968e-05
0.0006893556966834934
-0.00013569994029202626
0.000635075720566683
-0.00011941594745698312
0.0008033436465287955
-0.0001628399283504315
0.0006622157086250881
-0.00019540791402051784
0.0004939477826629757
-6.513597134017261e-05
0.0006079357325082777
-2.17119904467242e-05
0.0006296477229550019
-0.0002551158877490094
0.0007110676871302176
-0.00012484394506866417
0.0005807957444498725
-0.0001628399283504315
0.0005482277587797862
-0.00021711990446724203
0.000635075720566683
-0.0002551158877490094
0.0004830917874396135
-0.00020083591163219889
0.000635075720566683
-0.00022254790207892308
0.0004722357922162514
-0.000320251859089182
0.0005482277587797862
-0.00020083591163219889
0.0005645117516148293
-0.0001899799164088368
0.0005427997611681051
-9.227595939857787e-05
0.0005373717635564241
-0.00023340389730228518
0.0005699397492265104
-0.00010313195462193997
0.0004505238017695272
-0.00020083591163219889
0.00047766378982793246
-0.00011398794984530207
0.000738207675188623
-0.00011398794984530207
0.0005590837540031483
-0.00014112793790370731
0.0005807957444498725
-5.427997611681051e-05
0.000651359713401726
-0.00010855995223362102
0.0005536557563914672
-0.00013569994029202626
0.0005590837540031483
-0.0001519839331270694
0.0006730717038484502
0.0
0.0006893556966834934
-9.770395701025892e-05
0.0004939477826629757
-0.00014655593551538836
0.000531943765944743
-0.00021169190685556098
0.0006133637301199588
-0.00022254790207892308
0.000640503718178364
-0.00021711990446724203
0.0005210877707213809
-0.00023340389730228518
0.0005916517396732346
-0.00013569994029202626
0.0005970797372849156
-8.68479617868968e-05
0.0005753677468381914
-0.00013569994029202626
0.0006079357325082777
-4.34239808934484e-05
0.0006133637301199588
-0.00020626390924387994
0.0007599196656353471
-0.00024968789013732833
0.0005862237420615535
-0.00020626390924387994
0.0007056396895185365
-7.59919665635347e-05
0.0007056396895185365
-0.00020083591163219889
0.0005590837540031483
-4.885197850512946e-05
0.0007273516799652607
-0.00011941594745698312
0.0005645117516148293
-0.00021711990446724203
0.0006242197253433209
-0.00012484394506866417
0.0006730717038484502
0.00013027194268034522
0.0007327796775769418
-4.885197850512946e-05
0.0007164956847418986
-0.00020083591163219889
0.0006187917277316398
-0.00023340389730228518
0.0006622157086250881
-0.00028225587580741463
0.0007056396895185365
-3.2567985670086304e-05
0.0007164956847418986
-0.0003039678662541388
0.0005645117516148293
-0.0002768278781957336
0.0005862237420615535
-0.0001736959235737936
0.0008521956250339249
-0.00019540791402051784
0.0006676437062367693
-0.00017912392118547466
0.0005699397492265104
-0.0001736959235737936
0.0006025077348965967
-0.0002876838734190957
0.0005590837540031483
-0.0002985398686424578
0.0007110676871302176
-0.00023883189491396623
0.0005482277587797862
-0.00022797589969060413
0.0006242197253433209
-0.0002659718829723715
0.0005807957444498725
-0.00017912392118547466
0.0006676437062367693
-0.00022254790207892308
0.0005807957444498725
-0.00024968789013732833
0.0005807957444498725
-0.0003093958638658199
0.0007816316560820713
-0.0003691038375943115
0.000738207675188623
-0.00021169190685556098
0.0005482277587797862
0.0
0.0005156597731096999
-7.59919665635347e-05
0.0007327796775769418
-0.00010313195462193997
0.0006187917277316398
-0.00018455191879715574
0.0003962438256527167
-0.00018455191879715574
0.0006730717038484502
-8.68479617868968e-05
0.0006947836942951744
-8.141996417521576e-05
0.0007436356728003039
-4.34239808934484e-05
0.0005645117516148293
-0.00018455191879715574
0.0005102317754980188
-0.00015741193073875046
0.0004396678065461651
-0.00023340389730228518
0.000531943765944743
-0.00014112793790370731
0.0005373717635564241
-0.00012484394506866417
0.0005048037778863378
-0.00014655593551538836
0.0007002116919068555
-0.00023340389730228518
0.0004722357922162514
-7.59919665635347e-05
0.0006622157086250881
-0.00027139988058405253
0.0005645117516148293
-5.427997611681051e-05
0.0006025077348965967
-0.0001519839331270694
0.000754491668023666
-0.0001519839331270694
0.0006025077348965967
-0.00019540791402051784
0.0006025077348965967
-0.00029311187103077673
0.0005699397492265104
-0.00015741193073875046
0.0005536557563914672
-0.0002442598925256473
0.0006839276990718123
8.141996417521576e-05
0.0005916517396732346
-0.00010855995223362102
0.000640503718178364
-0.0003039678662541388
0.0008141996417521576
-0.0002768278781957336
0.000635075720566683
-0.0001628399283504315
0.0004830917874396135
-0.00014655593551538836
0.0004830917874396135
-4.34239808934484e-05
0.0006187917277316398
-0.00024968789013732833
0.000754491668023666
-0.0003745318352059925
0.0004722357922162514
-0.00014655593551538836
0.0006947836942951744
-0.00013569994029202626
0.000754491668023666
-0.00013569994029202626
0.0005807957444498725
-0.0001628399283504315
0.00039081582804103567
-0.00011941594745698312
0.0005970797372849156
-0.0002659718829723715
0.0006622157086250881
-5.427997611681051e-05
0.0006079357325082777
-0.00010313195462193997
0.0006187917277316398
-0.00011941594745698312
0.0007436356728003039
-0.0002768278781957336
0.0006893556966834934
-0.00012484394506866417
0.00047766378982793246
-0.0003039678662541388
0.0006133637301199588
-0.0003039678662541388
0.0004993757802746567
-0.00012484394506866417
0.0006947836942951744
-0.0001628399283504315
0.0006187917277316398
-0.0002442598925256473
0.00047766378982793246
-0.00016826792596211256
0.000738207675188623
-0.00014655593551538836
0.0006242197253433209
-0.00019540791402051784
0.0006187917277316398
-0.00026054388536069043
0.0006567877110134072
-7.59919665635347e-05
0.0006567877110134072
-7.056396895185366e-05
0.0005590837540031483
-0.0003093958638658199
0.000635075720566683
-0.00020083591163219889
0.0006784997014601314
-0.00011941594745698312
0.0006676437062367693
-0.00020626390924387994
0.0004396678065461651
-0.00014112793790370731
0.0005156597731096999
-0.00021169190685556098
0.000531943765944743
-0.00021711990446724203
0.0005210877707213809
-7.59919665635347e-05
0.000754491668023666
-0.00024968789013732833
0.000531943765944743
-0.0002876838734190957
0.0007327796775769418
-0.00010313195462193997
0.0008087716441404765
-0.00023340389730228518
0.000738207675188623
-4.885197850512946e-05
0.0006025077348965967
-3.799598328176735e-05
0.0006676437062367693
1.6283992835043152e-05
0.00042338381371112197
-5.427997611681051e-05
0.0005590837540031483
-0.000428811811322803
0.0005970797372849156
-0.00021711990446724203
0.0006893556966834934
-0.00013569994029202626
0.000640503718178364
-0.00021169190685556098
0.0007599196656353471
-0.00010855995223362102
0.0006784997014601314
-0.0003039678662541388
0.0004993757802746567
-0.00021711990446724203
0.0007273516799652607
-0.0002768278781957336
0.000531943765944743
-0.00019540791402051784
0.0006567877110134072
-0.00012484394506866417
0.0005753677468381914
-6.513597134017261e-05
0.000754491668023666
-0.00011398794984530207
0.0007002116919068555
-0.00015741193073875046
0.0006567877110134072
-0.00014655593551538836
0.0004505238017695272
-0.00013569994029202626
0.0006079357325082777
-0.00014655593551538836
0.0006893556966834934
-0.00021169190685556098
0.000651359713401726
-0.0002551158877490094
0.00043423980893448407
-7.056396895185366e-05
0.000531943765944743
-5.970797372849156e-05
0.0006567877110134072
-0.00016826792596211256
0.000526515768333062
-0.00010855995223362102
0.0006133637301199588
-0.00013027194268034522
0.0006296477229550019
-0.000320251859089182
0.0004939477826629757
-0.0002876838734190957
0.0004613797969928893
-0.00020083591163219889
0.0004993757802746567
-2.17119904467242e-05
0.0008739076154806491
-0.0001736959235737936
0.000635075720566683
-4.885197850512946e-05
0.0005156597731096999
-0.0001628399283504315
0.000738207675188623
-0.00022797589969060413
0.0005753677468381914
-0.00020083591163219889
0.0005699397492265104
-0.000325679856700863
0.0005807957444498725
-0.0001519839331270694
0.0006079357325082777
-0.0001519839331270694
0.000749063670411985
-0.0002659718829723715
0.0007110676871302176
-0.0002876838734190957
0.0006676437062367693
-0.00014112793790370731
0.000640503718178364
-0.00013569994029202626
0.0005699397492265104
-0.00010313195462193997
0.0005862237420615535
-0.00023883189491396623
0.0006622157086250881
-0.0001899799164088368
0.0007816316560820713
-0.00023883189491396623
0.0005482277587797862
-0.000320251859089182
0.0005373717635564241
-0.0002876838734190957
0.00045595179938120827
-0.0002442598925256473
0.000640503718178364
-0.00024968789013732833
0.0007056396895185365
-1.08559952233621e-05
0.0006133637301199588
-0.0001736959235737936
0.0006187917277316398
-8.68479617868968e-05
0.0005753677468381914
-0.00020083591163219889
0.0006730717038484502
1.6283992835043152e-05
0.000640503718178364
-7.056396895185366e-05
0.0004885197850512946
-7.056396895185366e-05
0.0004505238017695272
-0.00010855995223362102
0.0006187917277316398
-0.00012484394506866417
0.0005862237420615535
-0.00022797589969060413
0.00046680779460457037
-0.00012484394506866417
0.000645931715790045
-7.59919665635347e-05
0.0005048037778863378
-4.34239808934484e-05
0.0006133637301199588
-0.00021169190685556098
0.0006622157086250881
-0.00023340389730228518
0.0006947836942951744
-0.0003148238614775009
0.0006784997014601314
-0.00015741193073875046
0.0005645117516148293
3.799598328176735e-05
0.0006622157086250881
-0.0001519839331270694
0.0006187917277316398
-0.00016826792596211256
0.0006784997014601314
-9.770395701025892e-05
0.0007599196656353471
-0.00012484394506866417
0.0006079357325082777
-0.0002876838734190957
0.0005645117516148293
-0.00014655593551538836
0.0007056396895185365
-0.00011398794984530207
0.0006242197253433209
-0.00014655593551538836
0.0007653476632470281
-8.141996417521576e-05
0.0005373717635564241
-0.00022797589969060413
0.0008467676274222439
2.7139988058405254e-05
0.000645931715790045
-0.00024968789013732833
0.0005373717635564241
-9.227595939857787e-05
0.0005699397492265104
-0.00021169190685556098
0.000645931715790045
-8.141996417521576e-05
0.0006676437062367693
-0.00029311187103077673
0.000531943765944743
-3.2567985670086304e-05
0.0007273516799652607
-0.00020626390924387994
0.0007110676871302176
-0.00020083591163219889
0.0005427997611681051
-0.00014655593551538836
0.0007110676871302176
-0.0002551158877490094
0.000635075720566683
-0.00014112793790370731
0.0006079357325082777
-0.00021169190685556098
0.0005482277587797862
-0.00018455191879715574
0.0005210877707213809
-7.59919665635347e-05
0.00045595179938120827
-0.00027139988058405253
0.0006242197253433209
-0.00011941594745698312
0.000526515768333062
-0.00035281984475926827
0.0005862237420615535
-7.056396895185366e-05
0.000635075720566683
-0.00022254790207892308
0.0005753677468381914
-0.00014112793790370731
0.0006242197253433209
-0.00016826792596211256
0.0006242197253433209
-0.0001519839331270694
0.0005699397492265104
-0.00021169190685556098
0.000749063670411985
-0.0002442598925256473
0.000754491668023666
-0.00022254790207892308
0.0007653476632470281
-0.00018455191879715574
0.0005590837540031483
-0.00022254790207892308
0.0007924876513054334
-5.970797372849156e-05
0.0005373717635564241
-0.00019540791402051784
0.0005210877707213809
-0.0003148238614775009
0.0005916517396732346
-0.00028225587580741463
0.0005427997611681051
-5.970797372849156e-05
0.0006893556966834934
-0.00015741193073875046
0.0004939477826629757
-0.00014655593551538836
0.0005482277587797862
-0.00011398794984530207
0.0006784997014601314
-0.00011398794984530207
0.0006187917277316398
-0.00018455191879715574
0.0007219236823535797
-0.00022254790207892308
0.0004505238017695272
-0.00012484394506866417
0.0005210877707213809
-0.0003039678662541388
0.0005699397492265104
-0.0001736959235737936
0.0006025077348965967
-0.0001628399283504315
0.0006133637301199588
-0.00012484394506866417
0.0006079357325082777
-0.0002551158877490094
0.000754491668023666
-9.227595939857787e-05
0.0005970797372849156
-4.34239808934484e-05
0.0006242197253433209
-0.0003311078543125441
0.00045595179938120827
-0.00022254790207892308
0.0005590837540031483
-0.00015741193073875046
0.0005916517396732346
3.799598328176735e-05
0.000754491668023666
-8.141996417521576e-05
0.0005862237420615535
-0.00015741193073875046
0.000635075720566683
-0.0002985398686424578
0.0004885197850512946
-0.00019540791402051784
0.0007164956847418986
-4.885197850512946e-05
0.0006296477229550019
-0.00013569994029202626
0.0007002116919068555
-0.00022254790207892308
0.0005645117516148293
-0.00021169190685556098
0.000428811811322803
-8.68479617868968e-05
0.0007816316560820713
-0.00015741193073875046
0.0004722357922162514
-0.00017912392118547466
0.0005427997611681051
-7.59919665635347e-05
0.000635075720566683
-0.00027139988058405253
0.0005482277587797862
-0.00012484394506866417
0.0006730717038484502
-0.00015741193073875046
0.0006296477229550019
-4.34239808934484e-05
0.0003745318352059925
-7.59919665635347e-05
0.0005482277587797862
-0.0001519839331270694
0.0007164956847418986
-0.00014655593551538836
0.0004939477826629757
-0.0001736959235737936
0.000645931715790045
-0.0001628399283504315
0.0006839276990718123
-2.17119904467242e-05
0.0004885197850512946
-0.00020626390924387994
0.0005862237420615535
-8.141996417521576e-05
0.000531943765944743
-0.00019540791402051784
0.0005373717635564241
-3.799598328176735e-05
0.0007219236823535797
-0.00017912392118547466
0.0003799598328176736
-8.141996417521576e-05
0.0005427997611681051
-0.00017912392118547466
0.0007870596536937523
-0.00014112793790370731
0.000645931715790045
-6.513597134017261e-05
0.000531943765944743
-0.0001628399283504315
0.0005645117516148293
-0.0001519839331270694
0.0005753677468381914
-5.427997611681051e-05
0.0006079357325082777
-0.00019540791402051784
0.0006676437062367693
-0.0001628399283504315
0.0004722357922162514
-5.427997611681051e-05
0.000640503718178364
-7.59919665635347e-05
0.0004070998208760788
-2.17119904467242e-05
0.0007002116919068555
-0.00021169190685556098
0.0006242197253433209
-8.68479617868968e-05
0.0005753677468381914
-0.00020626390924387994
0.0006187917277316398
-9.770395701025892e-05
0.0007056396895185365
-0.00020083591163219889
0.0007979156489171144
-0.0003365358519242251
0.0007219236823535797
-0.00022797589969060413
0.0007816316560820713
-0.00027139988058405253
0.0006730717038484502
-0.0003093958638658199
0.0008413396298105628
-3.2567985670086304e-05
0.0007002116919068555
-0.0001899799164088368
0.0006947836942951744
-0.00012484394506866417
0.000635075720566683
-9.770395701025892e-05
0.0006296477229550019
-0.0001519839331270694
0.0007164956847418986
-0.00010855995223362102
0.000645931715790045
-0.00036367583998263037
0.0007110676871302176
-0.00013027194268034522
0.0005862237420615535
-8.68479617868968e-05
0.0007870596536937523
-8.68479617868968e-05
0.0005373717635564241
-0.00026054388536069043
0.0006025077348965967
-0.0002442598925256473
0.0006187917277316398
-0.00022797589969060413
0.0008467676274222439
-0.00027139988058405253
0.0006242197253433209
-0.00016826792596211256
0.0005970797372849156
-0.00014655593551538836
0.0006947836942951744
-0.00013569994029202626
0.0007219236823535797
-0.0002985398686424578
0.0006676437062367693
-3.799598328176735e-05
0.0007164956847418986
-0.00018455191879715574
0.0004939477826629757
-7.056396895185366e-05
0.0006187917277316398
-0.00011398794984530207
0.0008304836345872007
-0.0002659718829723715
0.0005210877707213809
-0.0001736959235737936
0.0005048037778863378
-0.00027139988058405253
0.0006025077348965967
-0.00023340389730228518
0.0008413396298105628
-0.0001519839331270694
0.000651359713401726
-0.00018455191879715574
0.0005807957444498725
-7.59919665635347e-05
0.0005862237420615535
-0.0001628399283504315
0.0004830917874396135
-0.00012484394506866417
0.0005482277587797862
-0.0002551158877490094
0.0004505238017695272
-0.00011398794984530207
0.0006079357325082777
-9.227595939857787e-05
0.0006242197253433209
-0.0003582478423709493
0.000738207675188623
-0.00014112793790370731
0.000651359713401726
-3.2567985670086304e-05
0.0006893556966834934
-0.00023340389730228518
0.00043423980893448407
-0.00022797589969060413
0.0006567877110134072
-0.00022797589969060413
0.0006730717038484502
-8.68479617868968e-05
0.0005645117516148293
-0.00011941594745698312
0.0004885197850512946
-0.00013569994029202626
0.0005482277587797862
-0.0002876838734190957
0.000738207675188623
-0.0001519839331270694
0.0007707756608587092
-0.00019540791402051784
0.0006676437062367693
-0.0003853878304293546
0.0006025077348965967
-0.00018455191879715574
0.0005862237420615535
-0.00013027194268034522
0.0006784997014601314
-0.0001736959235737936
0.0006025077348965967
-0.00021169190685556098
0.0005156597731096999
-0.00026054388536069043
0.0005916517396732346
-0.00026054388536069043
0.0006839276990718123
-5.970797372849156e-05
0.0005699397492265104
-0.00023340389730228518
0.0004993757802746567
-0.00013569994029202626
0.0007164956847418986
-0.00036367583998263037
0.0006133637301199588
-0.00020083591163219889
0.0004939477826629757
-0.00019540791402051784
0.0006784997014601314
-0.00023340389730228518
0.0004939477826629757
5.427997611681051e-05
0.0006079357325082777
-0.00026054388536069043
0.0006622157086250881
-0.00013027194268034522
0.0005427997611681051
-3.2567985670086304e-05
0.0006133637301199588
-0.00014655593551538836
0.0005970797372849156
-0.00021169190685556098
0.0007762036584703902
-0.00014112793790370731
0.0004939477826629757
-0.00016826792596211256
0.000635075720566683
-0.0001519839331270694
0.0006622157086250881
-0.0001628399283504315
0.000863051620257287
-0.00020626390924387994
0.0007273516799652607
-0.00022797589969060413
0.0008359116321988818
-3.799598328176735e-05
0.0006839276990718123
-8.68479617868968e-05
0.0007110676871302176
-0.00018455191879715574
0.0006187917277316398
-0.00011398794984530207
0.000531943765944743
-0.00011398794984530207
0.0006947836942951744
-0.00011941594745698312
0.0007327796775769418
-0.00021169190685556098
0.0006784997014601314
-0.0001628399283504315
0.0008033436465287955
-3.2567985670086304e-05
0.0004885197850512946
-0.00013569994029202626
0.0007110676871302176
-0.0002442598925256473
0.000531943765944743
-0.00021711990446724203
0.000651359713401726
-0.00012484394506866417
0.0007327796775769418
-0.00013569994029202626
0.000863051620257287
-0.00011398794984530207
0.0004613797969928893
-0.00022254790207892308
0.00044509580415784617
-0.0002442598925256473
0.0008033436465287955
-0.00020083591163219889
0.0006242197253433209
-0.00011398794984530207
0.0007164956847418986
-0.00011398794984530207
0.0005590837540031483
-0.00011941594745698312
0.0005102317754980188
-0.00018455191879715574
0.000635075720566683
-0.0003093958638658199
0.000640503718178364
-0.00019540791402051784
0.000749063670411985
-0.00014112793790370731
0.0007219236823535797
-0.00011941594745698312
0.0007762036584703902
-5.427997611681051e-05
0.0007436356728003039
-8.68479617868968e-05
0.0007327796775769418
-0.0001736959235737936
0.0005807957444498725
-0.0001899799164088368
0.0004613797969928893
-7.056396895185366e-05
0.0004830917874396135
-0.00017912392118547466
0.0005970797372849156
-0.0003853878304293546
0.0005373717635564241
-0.00020626390924387994
0.0006622157086250881
-0.00020626390924387994
0.0008304836345872007
-3.799598328176735e-05
0.0005645117516148293
-0.0001736959235737936
0.0006839276990718123
-0.00041252781848775987
0.0006187917277316398
-0.000325679856700863
0.0007599196656353471
-0.0001519839331270694
0.0007164956847418986
-0.00020083591163219889
0.0006676437062367693
-0.00042338381371112197
0.0006784997014601314
-3.799598328176735e-05
0.0005102317754980188
-0.0002985398686424578
0.0005373717635564241
-0.00020083591163219889
0.0006784997014601314
-7.59919665635347e-05
0.0007002116919068555
-0.00026054388536069043
0.000749063670411985
-0.00020626390924387994
0.0005048037778863378
-0.00028225587580741463
0.0006187917277316398
-0.00011398794984530207
0.0006187917277316398
-0.00014655593551538836
0.0005916517396732346
-0.0001736959235737936
0.0005807957444498725
-0.00014655593551538836
0.0007599196656353471
-0.00011941594745698312
0.0005482277587797862
-0.0002768278781957336
0.0004939477826629757
-0.00017912392118547466
0.000857623622645606
-0.0002551158877490094
0.0006947836942951744
-0.00029311187103077673
0.0005373717635564241
-0.00021711990446724203
0.0005590837540031483
-9.770395701025892e-05
0.0008521956250339249
-0.00018455191879715574
0.0006784997014601314
-4.885197850512946e-05
0.0007002116919068555
-0.00022797589969060413
0.0006079357325082777
-0.0001628399283504315
0.0006242197253433209
-0.0001736959235737936
0.0006947836942951744
-8.68479617868968e-05
0.0007762036584703902
-0.0002985398686424578
0.0007327796775769418
-0.0003093958638658199
0.0005427997611681051
-0.00013569994029202626
0.000738207675188623
-0.00021169190685556098
0.0006242197253433209
-0.00013027194268034522
0.0004993757802746567
-0.00026054388536069043
0.000651359713401726
-0.00019540791402051784
0.0005862237420615535
-5.427997611681051e-05
0.0008141996417521576
-0.00011941594745698312
0.0006296477229550019
-0.00017912392118547466
0.000738207675188623
-0.00014655593551538836
0.0005048037778863378
-0.0002659718829723715
0.0005645117516148293
-0.00015741193073875046
0.0007762036584703902
-0.00014655593551538836
0.0006622157086250881
-0.00012484394506866417
0.0005862237420615535
-0.0003148238614775009
0.0007056396895185365
-0.00013027194268034522
0.000531943765944743
-0.0001899799164088368
0.0005807957444498725
-0.00021169190685556098
0.000531943765944743
-0.0002768278781957336
0.000651359713401726
-0.0002659718829723715
0.000526515768333062
-0.00029311187103077673
0.0005699397492265104
-0.00017912392118547466
0.0006296477229550019
-0.0003148238614775009
0.0007327796775769418
-0.0003365358519242251
0.000526515768333062
-0.00021169190685556098
0.0005590837540031483
-0.00023340389730228518
0.000651359713401726
-0.00015741193073875046
0.0006025077348965967
-0.0002442598925256473
0.0005753677468381914
-0.00021169190685556098
0.0006079357325082777
-0.0001899799164088368
0.0005645117516148293
-0.0002876838734190957
0.0005373717635564241
-0.00027139988058405253
0.0006676437062367693
-0.0002551158877490094
0.0005699397492265104
-0.0002551158877490094
0.0006296477229550019
-0.00023883189491396623
0.0005427997611681051
-0.0001628399283504315
0.00046680779460457037
-0.00013027194268034522
0.0006730717038484502
-0.00018455191879715574
0.0005645117516148293
-0.00022254790207892308
0.0005862237420615535
-0.00019540791402051784
0.0006839276990718123
-0.00016826792596211256
0.0005482277587797862
-0.00015741193073875046
0.0007164956847418986
-0.00023883189491396623
0.0005590837540031483
-0.00013027194268034522
0.0005590837540031483
-0.00023883189491396623
0.0006839276990718123
-0.00023883189491396623
0.0006079357325082777
-0.00036367583998263037
0.0006567877110134072
-0.00018455191879715574
0.0005590837540031483
-0.00018455191879715574
0.0006676437062367693
-0.000320251859089182
0.0007002116919068555
-0.0001899799164088368
0.0007816316560820713
-0.0001519839331270694
0.000635075720566683
-0.00027139988058405253
0.000640503718178364
-0.0003365358519242251
0.0005590837540031483
-0.00013027194268034522
0.000754491668023666
-0.0002768278781957336
0.0005427997611681051
-0.0002985398686424578
0.00046680779460457037
-0.00020626390924387994
0.0005862237420615535
-0.00019540791402051784
0.0006567877110134072
-0.00035281984475926827
0.0006839276990718123
-0.00010855995223362102
0.00047766378982793246
-0.00011398794984530207
0.0006296477229550019
-0.00020083591163219889
0.0005048037778863378
-8.68479617868968e-05
0.0005699397492265104
-0.00024968789013732833
0.0004613797969928893
-0.00022254790207892308
0.00045595179938120827
-0.00029311187103077673
0.0006676437062367693
-0.00023340389730228518
0.0005970797372849156
-0.00022797589969060413
0.0006296477229550019
1.6283992835043152e-05
0.0007327796775769418
-0.00023340389730228518
0.0005373717635564241
-6.513597134017261e-05
0.0007327796775769418
-0.00014655593551538836
0.0006839276990718123
-7.056396895185366e-05
0.0007273516799652607
2.7139988058405254e-05
0.0006025077348965967
-0.00018455191879715574
0.0005048037778863378
-0.00013027194268034522
0.0005373717635564241
-7.056396895185366e-05
0.000651359713401726
-0.00013027194268034522
0.000754491668023666
-0.0001519839331270694
0.0004885197850512946
-0.00010855995223362102
0.000526515768333062
-3.799598328176735e-05
0.0007436356728003039
-0.00028225587580741463
0.0008033436465287955
-0.00015741193073875046
0.0005590837540031483
-8.68479617868968e-05
0.000754491668023666
-8.68479617868968e-05
0.0006079357325082777
5.970797372849156e-05
0.0006025077348965967
-0.0001736959235737936
0.0008304836345872007
-0.0002659718829723715
0.0004885197850512946
-0.00010313195462193997
0.0006025077348965967
-2.17119904467242e-05
0.0005970797372849156
-8.68479617868968e-05
0.0007164956847418986
-0.0001899799164088368
0.0006730717038484502
1.6283992835043152e-05
0.0006187917277316398
-0.00017912392118547466
0.0008087716441404765
-0.00013569994029202626
0.0006676437062367693
-2.17119904467242e-05
0.0005645117516148293
-0.00023883189491396623
0.0006079357325082777
-0.00011941594745698312
0.0005645117516148293
-0.00023340389730228518
0.0005916517396732346
-0.00022254790207892308
0.0004939477826629757
-0.00013569994029202626
0.000749063670411985
-0.00022254790207892308
0.0007273516799652607
-0.00021169190685556098
0.0006296477229550019
-0.00014655593551538836
0.0004993757802746567
-0.00013027194268034522
0.0005807957444498725
-0.00013027194268034522
0.0005699397492265104
-0.00017912392118547466
0.0005156597731096999
-0.00013027194268034522
0.000754491668023666
-0.0002985398686424578
0.0006839276990718123
-8.141996417521576e-05
0.0003745318352059925
-0.00011941594745698312
0.0005916517396732346
-5.427997611681051e-05
0.0006187917277316398
-0.00027139988058405253
0.0004993757802746567
-0.0001899799164088368
0.0004939477826629757
-0.0002659718829723715
0.0006133637301199588
-0.0001519839331270694
0.0006079357325082777
-0.00013569994029202626
0.0007219236823535797
-0.0001899799164088368
0.0006133637301199588
-0.00013027194268034522
0.0007219236823535797
-3.799598328176735e-05
0.0006242197253433209
-0.00013569994029202626
0.0008033436465287955
-0.00013569994029202626
0.0006296477229550019
-0.00013569994029202626
0.0006730717038484502
-0.00020626390924387994
0.0006296477229550019
-9.227595939857787e-05
0.0004885197850512946
-0.00028225587580741463
0.000754491668023666
-0.0001628399283504315
0.0006025077348965967
-0.00026054388536069043
0.0007219236823535797
-0.00014655593551538836
0.0005156597731096999
-0.00024968789013732833
0.0008521956250339249
-0.00022254790207892308
0.000645931715790045
-0.00021169190685556098
0.0007056396895185365
-0.00012484394506866417
0.0006567877110134072
-0.00013569994029202626
0.0005807957444498725
-0.0002442598925256473
0.0005807957444498725
-0.00018455191879715574
0.000749063670411985
-0.00017912392118547466
0.0007816316560820713
-4.34239808934484e-05
0.0007653476632470281
-0.0002876838734190957
0.0005753677468381914
-0.000320251859089182
0.0006133637301199588
-0.00015741193073875046
0.0008521956250339249
-0.00022797589969060413
0.000738207675188623
-0.00013027194268034522
0.0006893556966834934
-0.0001899799164088368
0.0006242197253433209
-0.00020626390924387994
0.0006242197253433209
-0.0001736959235737936
0.0008793356130923302
-9.770395701025892e-05
0.0007870596536937523
-0.0002768278781957336
0.0006784997014601314
-0.00011398794984530207
0.0006187917277316398
-0.000325679856700863
0.0006622157086250881
-0.00012484394506866417
0.00045595179938120827
-0.00015741193073875046
0.0006296477229550019
-8.68479617868968e-05
0.0006730717038484502
-1.6283992835043152e-05
0.0005482277587797862
-0.0001736959235737936
0.0006242197253433209
-0.00016826792596211256
0.0005156597731096999
-0.0002985398686424578
0.0008467676274222439
-5.427997611681051e-05
0.0007707756608587092
-0.00010855995223362102
0.00045595179938120827
-0.00021711990446724203
0.000749063670411985
-0.00020083591163219889
0.0007164956847418986
-0.00015741193073875046
0.0006242197253433209
-0.00011941594745698312
0.0006079357325082777
-0.00018455191879715574
0.0005156597731096999
-0.00013569994029202626
0.0005807957444498725
-1.6283992835043152e-05
0.0006187917277316398
-8.68479617868968e-05
0.0006242197253433209
-7.59919665635347e-05
0.0006296477229550019
-0.00017912392118547466
0.0005862237420615535
-0.00012484394506866417
0.000651359713401726
-0.00027139988058405253
0.0007164956847418986
-0.00022254790207892308
0.000526515768333062
-0.00020626390924387994
0.0005590837540031483
-0.0001736959235737936
0.0007870596536937523
-0.00013569994029202626
0.0005645117516148293
-0.00022254790207892308
0.0006296477229550019
-0.00027139988058405253
0.0005916517396732346
-9.770395701025892e-05
0.0009010476035390544
-9.770395701025892e-05
0.0005645117516148293
-7.056396895185366e-05
0.0005916517396732346
-9.770395701025892e-05
0.0008304836345872007
-0.00021711990446724203
0.0006079357325082777
-0.00014112793790370731
0.0005590837540031483
-0.00024968789013732833
0.0006296477229550019
-0.0001899799164088368
0.0006567877110134072
-6.513597134017261e-05
0.0007110676871302176
-0.0002985398686424578
0.0005807957444498725
-0.00021711990446724203
0.0006133637301199588
-0.00015741193073875046
0.000645931715790045
-9.227595939857787e-05
0.0004722357922162514
-7.59919665635347e-05
0.0006133637301199588
-9.770395701025892e-05
0.0008467676274222439
-5.42799761168105e-06
0.0006187917277316398
-2.17119904467242e-05
0.0005699397492265104
-0.00027139988058405253
0.0005699397492265104
-6.513597134017261e-05
0.0005970797372849156
-0.00023340389730228518
0.0007762036584703902
-0.0002985398686424578
0.0005590837540031483
-0.00017912392118547466
0.0005048037778863378
-1.08559952233621e-05
0.0005699397492265104
-0.0001899799164088368
0.000635075720566683
-0.00023340389730228518
0.0006947836942951744
-0.00023340389730228518
0.0005210877707213809
-0.00010855995223362102
0.0005373717635564241
-0.00027139988058405253
0.0006622157086250881
-0.0003039678662541388
0.0006676437062367693
-7.056396895185366e-05
0.0005753677468381914
-0.00013569994029202626
0.0006133637301199588
-4.34239808934484e-05
0.0006676437062367693
-0.00010313195462193997
0.0006567877110134072
-0.00018455191879715574
0.0006839276990718123
-0.00022797589969060413
0.000645931715790045
-0.00013569994029202626
0.0006893556966834934
-0.00018455191879715574
0.0005862237420615535
-0.0002659718829723715
0.0005807957444498725
-0.00015741193073875046
0.0008359116321988818
7.59919665635347e-05
0.0006622157086250881
-0.00013569994029202626
0.0006893556966834934
-0.0003039678662541388
0.0005916517396732346
-4.885197850512946e-05
0.0005753677468381914
-0.0003039678662541388
0.0006567877110134072
-1.6283992835043152e-05
0.0007219236823535797
-3.799598328176735e-05
0.0006567877110134072
-0.00016826792596211256
0.000640503718178364
-8.141996417521576e-05
0.0005970797372849156
-7.59919665635347e-05
0.000857623622645606
-0.00020083591163219889
0.0006676437062367693
-0.00012484394506866417
0.0005048037778863378
-0.00017912392118547466
0.0007164956847418986
-0.00011398794984530207
0.0006784997014601314
-7.59919665635347e-05
0.0006025077348965967
-0.00010313195462193997
0.0006730717038484502
-3.2567985670086304e-05
0.0007164956847418986
-0.00016826792596211256
0.0007327796775769418
-0.00014655593551538836
0.0005916517396732346
-0.00018455191879715574
0.0007219236823535797
-0.00015741193073875046
0.000640503718178364
-0.00010855995223362102
0.0005373717635564241
-0.00011398794984530207
0.0006187917277316398
-9.227595939857787e-05
0.0006242197253433209
-8.68479617868968e-05
0.0005970797372849156
-0.00010855995223362102
0.0007002116919068555
-4.885197850512946e-05
0.000635075720566683
-0.0001519839331270694
0.000526515768333062
-0.00010855995223362102
0.0005427997611681051
-0.00010313195462193997
0.0006676437062367693
-0.00010313195462193997
0.0006567877110134072
-0.00018455191879715574
0.000526515768333062
-0.0001899799164088368
0.000651359713401726
-1.6283992835043152e-05
0.0007599196656353471
-0.00022797589969060413
0.0004070998208760788
-0.00018455191879715574
0.0006242197253433209
-0.0001519839331270694
0.000749063670411985
-0.0001899799164088368
0.0007327796775769418
-0.00014655593551538836
0.0007327796775769418
-0.00013569994029202626
0.000640503718178364
-0.00020626390924387994
0.0007707756608587092
-0.00013027194268034522
0.000640503718178364
-8.68479617868968e-05
0.0007219236823535797
-0.00015741193073875046
0.0007219236823535797
-0.0001519839331270694
0.0007219236823535797
-0.0002985398686424578
0.0008359116321988818
-0.00013569994029202626
0.0005048037778863378
-0.0001899799164088368
0.0005970797372849156
-0.0002551158877490094
0.000857623622645606
-0.000325679856700863
0.0007273516799652607
-0.00014655593551538836
0.0006622157086250881
-7.056396895185366e-05
0.000738207675188623
-3.799598328176735e-05
0.0007110676871302176
-0.000320251859089182
0.000754491668023666
-8.141996417521576e-05
0.000645931715790045
-0.0002442598925256473
0.000325679856700863
-0.00022254790207892308
0.0005862237420615535
-0.00010855995223362102
0.000651359713401726
-0.0001899799164088368
0.0006025077348965967
-0.00021711990446724203
0.00046680779460457037
-0.00015741193073875046
0.0007273516799652607
-0.0001519839331270694
0.0005645117516148293
-0.00026054388536069043
0.0006242197253433209
-7.59919665635347e-05
0.0006025077348965967
-1.6283992835043152e-05
0.000640503718178364
-0.00010313195462193997
0.0006893556966834934
-0.00021711990446724203
0.0005590837540031483
-0.00027139988058405253
0.0004939477826629757
-0.00023883189491396623
0.00046680779460457037
-0.00014112793790370731
0.0006784997014601314
-0.0003039678662541388
0.000640503718178364
-7.056396895185366e-05
0.0006784997014601314
-0.00011941594745698312
0.0004939477826629757
-0.00018455191879715574
0.0005807957444498725
-0.00016826792596211256
0.000651359713401726
-8.141996417521576e-05
0.000754491668023666
-0.00013027194268034522
0.0005156597731096999
-0.00011941594745698312
0.0006893556966834934
-0.0001519839331270694
0.000640503718178364
-1.08559952233621e-05
0.0007002116919068555
-0.00022797589969060413
0.0006242197253433209
-6.513597134017261e-05
0.0005970797372849156
-7.59919665635347e-05
0.0005916517396732346
-0.00011941594745698312
0.000526515768333062
3.799598328176735e-05
0.0004830917874396135
-0.00018455191879715574
0.0006784997014601314
-1.6283992835043152e-05
0.000428811811322803
-0.00010855995223362102
0.0006567877110134072
-0.00013569994029202626
0.000645931715790045
-0.00014112793790370731
0.0006567877110134072
-0.000320251859089182
0.00046680779460457037
-0.00021711990446724203
0.0006242197253433209
-0.0001519839331270694
0.0006730717038484502
-0.00018455191879715574
0.000531943765944743
1.6283992835043152e-05
0.0006784997014601314
-0.00012484394506866417
0.0006079357325082777
1.08559952233621e-05
0.0007273516799652607
-0.00021711990446724203
0.0007327796775769418
-0.00021169190685556098
0.000531943765944743
-0.00014655593551538836
0.000754491668023666
-0.00018455191879715574
0.0007436356728003039
-5.970797372849156e-05
0.0004993757802746567
-0.00022797589969060413
0.0008250556369755197
-0.00010855995223362102
0.0006839276990718123
-0.00027139988058405253
0.000857623622645606
-0.00020083591163219889
0.0007002116919068555
-0.0003039678662541388
0.0007002116919068555
-9.770395701025892e-05
0.000640503718178364
1.08559952233621e-05
0.0007273516799652607
-0.00029311187103077673
0.0008521956250339249
-2.17119904467242e-05
0.0006947836942951744
-0.00020083591163219889
0.0007327796775769418
-0.00021711990446724203
0.0007436356728003039
-0.0003039678662541388
0.0005590837540031483
-4.885197850512946e-05
0.0008087716441404765
-9.227595939857787e-05
0.0005970797372849156
-0.00010313195462193997
0.0006784997014601314
-0.00022797589969060413
0.0007653476632470281
-0.00018455191879715574
0.000645931715790045
-0.00010313195462193997
0.000651359713401726
-0.00021169190685556098
0.0006296477229550019
-6.513597134017261e-05
0.0005970797372849156
-0.00019540791402051784
0.0006676437062367693
-0.00021711990446724203
0.0005699397492265104
-0.0002985398686424578
0.0008033436465287955
-0.00029311187103077673
0.0007273516799652607
-5.970797372849156e-05
0.0007707756608587092
-0.0002442598925256473
0.0006296477229550019
-0.00014112793790370731
0.0006242197253433209
-0.0002985398686424578
0.0007653476632470281
-0.00022254790207892308
0.0005916517396732346
-8.68479617868968e-05
0.000651359713401726
-4.885197850512946e-05
0.0006839276990718123
-0.0001519839331270694
0.0006730717038484502
-0.0001519839331270694
0.0006242197253433209
-7.056396895185366e-05
0.0004993757802746567
-0.00010855995223362102
0.0007327796775769418
-0.00011941594745698312
0.0005536557563914672
-0.0002442598925256473
0.0004179558160994409
-0.00010313195462193997
0.0006079357325082777
-0.00022254790207892308
0.0007327796775769418
-0.00010313195462193997
0.000651359713401726
-0.0003419638495359062
0.0005102317754980188
-0.00026054388536069043
0.0005753677468381914
-5.427997611681051e-05
0.000635075720566683
-0.0001628399283504315
0.0006242197253433209
-0.000325679856700863
0.0005970797372849156
-0.00024968789013732833
0.0005862237420615535
-0.00028225587580741463
0.0005482277587797862
-0.00011941594745698312
0.0005427997611681051
-0.00014655593551538836
0.000645931715790045
-0.00022254790207892308
0.0004993757802746567
-0.00021169190685556098
0.0006296477229550019
-8.141996417521576e-05
0.0006296477229550019
-0.00026054388536069043
0.0005862237420615535
-0.00019540791402051784
0.0006947836942951744
-0.00018455191879715574
0.0007816316560820713
-0.00013027194268034522
0.0005427997611681051
-0.0003365358519242251
0.0005048037778863378
-0.0003093958638658199
0.000645931715790045
-0.00019540791402051784
0.0007870596536937523
-0.00016826792596211256
0.0007653476632470281
-0.00014655593551538836
0.0005970797372849156
-0.00019540791402051784
0.000635075720566683
-0.00020626390924387994
0.0007002116919068555
-0.00016826792596211256
0.0006025077348965967
-0.0001519839331270694
0.00046680779460457037
-0.00023883189491396623
0.0006839276990718123
-3.2567985670086304e-05
0.0006242197253433209
-0.00020083591163219889
0.0007273516799652607
-0.00026054388536069043
0.000635075720566683
0.0
0.0005862237420615535
-0.00020626390924387994
0.0008521956250339249
-0.0002551158877490094
0.0006079357325082777
2.7139988058405254e-05
0.0007219236823535797
-0.0001736959235737936
0.0007599196656353471
-4.885197850512946e-05
0.000738207675188623
-7.59919665635347e-05
0.0005536557563914672
-0.00017912392118547466
0.0005970797372849156
-6.513597134017261e-05
0.00044509580415784617
-0.0003365358519242251
0.000857623622645606
-9.770395701025892e-05
0.0007164956847418986
-0.00023883189491396623
0.0007816316560820713
-0.00013569994029202626
0.0005645117516148293
-0.00011398794984530207
0.0007056396895185365
-0.0003093958638658199
0.0006079357325082777
-3.799598328176735e-05
0.0007762036584703902
-0.00023340389730228518
0.0007273516799652607
-0.00012484394506866417
0.0007002116919068555
-0.00015741193073875046
0.0006839276990718123
-0.0003093958638658199
0.0006893556966834934
-0.00015741193073875046
0.0005645117516148293
-0.00012484394506866417
0.000754491668023666
-0.0001519839331270694
0.0005753677468381914
-0.0001899799164088368
0.000749063670411985
-0.0003148238614775009
0.0008196276393638386
-4.885197850512946e-05
0.0007002116919068555
-0.0001899799164088368
0.0006622157086250881
-0.00013569994029202626
0.0004939477826629757
-0.00019540791402051784
0.0007327796775769418
-8.141996417521576e-05
0.0007436356728003039
-9.227595939857787e-05
0.0005645117516148293
-0.00021169190685556098
0.0005862237420615535
-0.0002876838734190957
0.0004939477826629757
-8.141996417521576e-05
0.0005862237420615535
-0.0002876838734190957
0.0006676437062367693
-0.00027139988058405253
0.000651359713401726
-0.00017912392118547466
0.000651359713401726
-0.00014112793790370731
0.0005753677468381914
-1.6283992835043152e-05
0.0007164956847418986
-0.00010855995223362102
0.0007653476632470281
-0.00020083591163219889
0.0007273516799652607
-9.227595939857787e-05
0.000651359713401726
-0.00010855995223362102
0.0008141996417521576
-1.6283992835043152e-05
0.0005048037778863378
-0.00026054388536069043
0.0005645117516148293
-5.970797372849156e-05
0.0006242197253433209
-0.0003148238614775009
0.0005753677468381914
-0.00027139988058405253
0.0005645117516148293
-0.00019540791402051784
0.0006242197253433209
-0.00021169190685556098
0.0007816316560820713
-0.00012484394506866417
0.0007816316560820713
-0.00011941594745698312
0.000651359713401726
-0.00023883189491396623
0.0006676437062367693
-0.0002442598925256473
0.0007979156489171144
-0.00018455191879715574
0.0006025077348965967
-0.00019540791402051784
0.0004993757802746567
-0.0003093958638658199
0.0005916517396732346
-0.00011398794984530207
0.0006296477229550019
-0.0001899799164088368
0.0006025077348965967
-0.00011398794984530207
0.0007979156489171144
-0.00020083591163219889
0.0007816316560820713
-0.00015741193073875046
0.000738207675188623
-5.427997611681051e-05
0.000640503718178364
-0.00016826792596211256
0.000754491668023666
-0.0001736959235737936
0.0008684796178689681
-0.0002442598925256473
0.0007002116919068555
-0.00020083591163219889
0.0007219236823535797
-0.00012484394506866417
0.0006784997014601314
-0.0001736959235737936
0.0007164956847418986
-0.0001899799164088368
0.0007219236823535797
-7.056396895185366e-05
0.0007110676871302176
-8.68479617868968e-05
0.0006839276990718123
-0.00017912392118547466
0.0006567877110134072
-5.427997611681051e-05
0.0007653476632470281
-7.056396895185366e-05
0.0005753677468381914
-0.00018455191879715574
0.00045595179938120827
-0.00023883189491396623
0.0006079357325082777
-0.00022254790207892308
0.0005645117516148293
-7.59919665635347e-05
0.0006730717038484502
-5.970797372849156e-05
0.000640503718178364
-0.0002985398686424578
0.0007164956847418986
-0.00021169190685556098
0.0007056396895185365
-0.0001736959235737936
0.0007924876513054334
-0.00021711990446724203
0.0005753677468381914
-0.00023340389730228518
0.0006296477229550019
-0.00015741193073875046
0.0006242197253433209
-0.00019540791402051784
0.0006025077348965967
-0.0001628399283504315
0.0007327796775769418
-0.00022797589969060413
0.0009010476035390544
-3.799598328176735e-05
0.0007164956847418986
-0.00010855995223362102
0.0006676437062367693
-0.00021169190685556098
0.0007762036584703902
-0.00044509580415784617
0.000635075720566683
-3.799598328176735e-05
0.000754491668023666
-0.0003311078543125441
0.0008033436465287955
-1.08559952233621e-05
0.0005427997611681051
-0.0001628399283504315
0.0005970797372849156
-0.00020083591163219889
0.000754491668023666
-4.34239808934484e-05
0.0008087716441404765
-0.000320251859089182
0.0005427997611681051
-7.59919665635347e-05
0.0006079357325082777
-0.00018455191879715574
0.0005102317754980188
-0.00022797589969060413
0.0006784997014601314
-0.0001899799164088368
0.0006079357325082777
-0.00011398794984530207
0.0006893556966834934
-0.00020626390924387994
0.0006839276990718123
-0.00020626390924387994
0.0007924876513054334
-0.00012484394506866417
0.0006567877110134072
-4.885197850512946e-05
0.0006025077348965967
-3.2567985670086304e-05
0.0007219236823535797
-8.68479617868968e-05
0.0007002116919068555
-0.00023883189491396623
0.0005590837540031483
-0.00016826792596211256
0.0004885197850512946
5.42799761168105e-06
0.0006133637301199588
-0.0003039678662541388
0.0007924876513054334
-0.00017912392118547466
0.0006242197253433209
-0.0001899799164088368
0.0005807957444498725
-0.00011941594745698312
0.000651359713401726
-9.227595939857787e-05
0.0008196276393638386
-0.00021169190685556098
0.0007979156489171144
-7.59919665635347e-05
0.0006893556966834934
-0.00010855995223362102
0.0005590837540031483
3.2567985670086304e-05
0.0006947836942951744
-0.00020626390924387994
0.0006296477229550019
-0.0002985398686424578
0.0006730717038484502
5.42799761168105e-06
0.0006296477229550019
-0.00016826792596211256
0.0006296477229550019
-0.0001519839331270694
0.000645931715790045
-0.00017912392118547466
0.0006296477229550019
-9.770395701025892e-05
0.0006839276990718123
-0.0002442598925256473
0.0005536557563914672
-0.00015741193073875046
0.0006676437062367693
-0.0002876838734190957
0.0006187917277316398
-0.0001899799164088368
0.000863051620257287
-0.00022254790207892308
0.0006025077348965967
-0.0001519839331270694
0.0008684796178689681
-0.00011941594745698312
0.0006622157086250881
-0.00013027194268034522
0.0007599196656353471
-0.00021711990446724203
0.0007056396895185365
-0.00022254790207892308
0.0005645117516148293
-8.141996417521576e-05
0.0007327796775769418
-0.00014112793790370731
0.0007110676871302176
-0.00019540791402051784
0.00046680779460457037
-0.00018455191879715574
0.0004396678065461651
-0.00018455191879715574
0.0007056396895185365
-0.00014655593551538836
0.0008467676274222439
3.799598328176735e-05
0.000640503718178364
-0.0002442598925256473
0.0006079357325082777
-0.00013569994029202626
0.0007327796775769418
-0.00013027194268034522
0.000635075720566683
-0.00014655593551538836
0.0006242197253433209
-0.00020626390924387994
0.0005916517396732346
-5.427997611681051e-05
0.0006025077348965967
1.08559952233621e-05
0.000754491668023666
-8.68479617868968e-05
0.000857623622645606
-0.0001736959235737936
0.0006893556966834934
-0.0001628399283504315
0.000857623622645606
-9.770395701025892e-05
0.0007056396895185365
-0.00013027194268034522
0.0005753677468381914
-0.0003311078543125441
0.0006025077348965967
-0.0001628399283504315
0.0005916517396732346
-0.00023340389730228518
0.0005699397492265104
-9.770395701025892e-05
0.000749063670411985
-3.799598328176735e-05
0.0005753677468381914
-0.0001628399283504315
0.0005916517396732346
-1.08559952233621e-05
0.0005699397492265104
-0.0001519839331270694
0.0005373717635564241
-0.00021169190685556098
0.0004885197850512946
-0.00023883189491396623
0.0006893556966834934
-9.770395701025892e-05
0.0007002116919068555
-0.0002768278781957336
0.0005645117516148293
-0.00024968789013732833
0.0005645117516148293
-0.0001736959235737936
0.0006133637301199588
-0.00011941594745698312
0.0006839276990718123
-0.0001628399283504315
0.0006296477229550019
-0.0001628399283504315
0.0006622157086250881
-0.00017912392118547466
0.0006676437062367693
-0.00011941594745698312
0.000645931715790045
-0.0002768278781957336
0.0007219236823535797
-0.0003039678662541388
0.0007707756608587092
-3.799598328176735e-05
0.0007436356728003039
-0.00017912392118547466
0.0006784997014601314
5.970797372849156e-05
0.0007707756608587092
-0.00014655593551538836
0.0005427997611681051
-0.00028225587580741463
0.0005970797372849156
-0.00010313195462193997
0.0008141996417521576
-0.00023340389730228518
0.0006567877110134072
-0.00021711990446724203
0.0005427997611681051
-0.00020626390924387994
0.000651359713401726
-4.34239808934484e-05
0.000754491668023666
-0.00022254790207892308
0.000645931715790045
-0.0001736959235737936
0.0007273516799652607
-0.0002551158877490094
0.0006676437062367693
-0.0003799598328176736
0.0006079357325082777
-4.885197850512946e-05
0.000738207675188623
-0.0002985398686424578
0.0007653476632470281
-0.00014655593551538836
0.0006025077348965967
-0.00022254790207892308
0.000738207675188623
-7.056396895185366e-05
0.000749063670411985
-0.0001519839331270694
0.0006730717038484502
-7.59919665635347e-05
0.0006784997014601314
-0.0001736959235737936
0.0006893556966834934
-0.00023340389730228518
0.0007219236823535797
-2.17119904467242e-05
0.0007436356728003039
-0.00026054388536069043
0.0008359116321988818
-6.513597134017261e-05
0.0005048037778863378
-0.00015741193073875046
0.0007870596536937523
-0.00022797589969060413
0.0005862237420615535
-9.770395701025892e-05
0.0007816316560820713
-0.00011398794984530207
0.0008033436465287955
-0.00020626390924387994
0.0008250556369755197
-0.0003148238614775009
0.0007707756608587092
-9.227595939857787e-05
0.0005916517396732346
-0.00018455191879715574
0.0007273516799652607
-9.770395701025892e-05
0.0007870596536937523
3.2567985670086304e-05
0.0006025077348965967
-0.00011398794984530207
0.00047766378982793246
1.08559952233621e-05
0.0005699397492265104
-0.00014112793790370731
0.0007273516799652607
-0.0002551158877490094
0.0005753677468381914
-0.00011941594745698312
0.0006676437062367693
-2.17119904467242e-05
0.0007164956847418986
-8.68479617868968e-05
0.0006079357325082777
-0.00011941594745698312
0.0005862237420615535
-0.00022254790207892308
0.000754491668023666
-4.885197850512946e-05
0.0008793356130923302
-1.6283992835043152e-05
0.0005102317754980188
-0.00022797589969060413
0.0005699397492265104
-0.0002551158877490094
0.0006079357325082777
-5.970797372849156e-05
0.00039081582804103567
-5.42799761168105e-06
0.000531943765944743
-0.00018455191879715574
0.0008250556369755197
-0.00024968789013732833
0.0008304836345872007
-8.68479617868968e-05
0.0008033436465287955
-0.00021169190685556098
0.0006784997014601314
-0.00013569994029202626
0.0007816316560820713
-0.0003799598328176736
0.0006133637301199588
-0.0001899799164088368
0.0006567877110134072
-7.59919665635347e-05
0.0005590837540031483
-0.00024968789013732833
0.000640503718178364
-0.00013569994029202626
0.0006893556966834934
-2.7139988058405254e-05
0.0006676437062367693
-0.00020626390924387994
0.000526515768333062
-0.00019540791402051784
0.0005916517396732346
-0.00011941594745698312
0.0008250556369755197
-4.885197850512946e-05
0.0005970797372849156
-5.427997611681051e-05
0.0007219236823535797
-0.0001736959235737936
0.000738207675188623
-0.0001519839331270694
0.0005862237420615535
-0.00020626390924387994
0.0007707756608587092
-0.00021169190685556098
0.0005753677468381914
-0.0003039678662541388
0.0005156597731096999
-0.00014112793790370731
0.000635075720566683
-0.0002551158877490094
0.0007273516799652607
-0.00013569994029202626
0.0005807957444498725
-0.00010855995223362102
0.0005048037778863378
-0.00011398794984530207
0.0007056396895185365
-9.227595939857787e-05
0.000651359713401726
-0.00013027194268034522
0.0005807957444498725
-0.00014112793790370731
0.0006567877110134072
-0.00022254790207892308
0.0006893556966834934
-0.00011398794984530207
0.0006730717038484502
-0.00039081582804103567
0.0005210877707213809
-5.970797372849156e-05
0.0006567877110134072
-7.59919665635347e-05
0.000857623622645606
-0.00010313195462193997
0.0007653476632470281
-0.00015741193073875046
0.0007762036584703902
-0.0003039678662541388
0.0006296477229550019
-0.00019540791402051784
0.0005970797372849156
-0.00016826792596211256
0.000645931715790045
-0.00010313195462193997
0.000863051620257287
-0.00014655593551538836
0.0006133637301199588
-8.141996417521576e-05
0.000635075720566683
-0.00011941594745698312
0.000640503718178364
-0.00016826792596211256
0.0007762036584703902
-3.2567985670086304e-05
0.0006567877110134072
-8.141996417521576e-05
0.0007056396895185365
-0.00018455191879715574
0.0007164956847418986
-0.00011398794984530207
0.0005373717635564241
-4.885197850512946e-05
0.000531943765944743
-9.227595939857787e-05
0.0006133637301199588
-0.0002768278781957336
0.0004939477826629757
-0.0002551158877490094
0.0006079357325082777
-0.00029311187103077673
0.0006242197253433209
-0.00016826792596211256
0.0006676437062367693
-4.885197850512946e-05
0.0007653476632470281
-0.00020626390924387994
0.0005048037778863378
-0.00011398794984530207
0.0004939477826629757
-0.0003691038375943115
0.0005862237420615535
-0.0002551158877490094
0.000749063670411985
-0.0002551158877490094
0.0006187917277316398
-3.799598328176735e-05
0.0005916517396732346
-2.17119904467242e-05
0.0007056396895185365
-3.2567985670086304e-05
0.0005482277587797862
-0.0001899799164088368
0.0006187917277316398
-0.00020626390924387994
0.0007110676871302176
-7.59919665635347e-05
0.0005807957444498725
-0.0003039678662541388
0.000651359713401726
-0.0001736959235737936
0.0006079357325082777
-0.0002768278781957336
0.0006567877110134072
-0.0001736959235737936
0.0006622157086250881
-0.0003039678662541388
0.0007164956847418986
-8.68479617868968e-05
0.0006893556966834934
-0.0002768278781957336
0.0006730717038484502
-0.00011398794984530207
0.0005699397492265104
-0.00010855995223362102
0.0007599196656353471
-0.00013027194268034522
0.0005699397492265104
-0.00018455191879715574
0.0005807957444498725
-0.00010313195462193997
0.0007599196656353471
-0.00011941594745698312
0.0006676437062367693
-0.0001628399283504315
0.0007599196656353471
-0.00027139988058405253
0.000635075720566683
-0.00013027194268034522
0.0005210877707213809
-0.00023883189491396623
0.0007327796775769418
-1.08559952233621e-05
0.0007110676871302176
-0.00020626390924387994
0.0006730717038484502
-0.0001519839331270694
0.0006893556966834934
-0.00021711990446724203
0.0005916517396732346
-1.6283992835043152e-05
0.0007924876513054334
-0.00013027194268034522
0.000531943765944743
-0.00018455191879715574
0.0005590837540031483
-0.00021169190685556098
0.0007599196656353471
-0.00020626390924387994
0.00040167182326439777
-0.0002442598925256473
0.0005916517396732346
-0.00021169190685556098
0.0004830917874396135
-4.34239808934484e-05
0.000651359713401726
-0.00014112793790370731
0.0006676437062367693
-0.00021711990446724203
0.0004993757802746567
-0.00015741193073875046
0.0005427997611681051
-0.00022254790207892308
0.0006893556966834934
-7.59919665635347e-05
0.0006242197253433209
-0.00013569994029202626
0.0007327796775769418
-8.141996417521576e-05
0.0005156597731096999
-0.00011398794984530207
0.0007056396895185365
-3.799598328176735e-05
0.0006567877110134072
-0.0001736959235737936
0.0006947836942951744
-5.427997611681051e-05
0.0006025077348965967
-0.0001628399283504315
0.0007436356728003039
-0.00020083591163219889
0.000738207675188623
-0.00027139988058405253
0.0005482277587797862
-8.68479617868968e-05
0.0004885197850512946
-7.056396895185366e-05
0.00047766378982793246
-0.00024968789013732833
0.0005427997611681051
-0.00017912392118547466
0.0006296477229550019
-0.00024968789013732833
0.0005156597731096999
-0.00022254790207892308
0.0005970797372849156
-0.00014655593551538836
0.0005699397492265104
-0.00029311187103077673
0.0004179558160994409
-7.59919665635347e-05
0.0007273516799652607
-0.0002442598925256473
0.0006567877110134072
-0.00019540791402051784
0.0005645117516148293
-0.00017912392118547466
0.0007870596536937523
-0.00020083591163219889
0.0007164956847418986
-0.0001736959235737936
0.0007327796775769418
-0.0001628399283504315
0.0008087716441404765
-0.0001628399283504315
0.0008901916083156923
-0.00015741193073875046
0.0005048037778863378
-0.00014112793790370731
0.0006622157086250881
-0.0001736959235737936
0.000651359713401726
-7.59919665635347e-05
0.0006947836942951744
-0.0001899799164088368
0.0007110676871302176
-7.59919665635347e-05
0.0007164956847418986
-2.7139988058405254e-05
0.0007327796775769418
-0.00013027194268034522
0.000738207675188623
-0.000325679856700863
0.0005807957444498725
-0.00014655593551538836
0.0007164956847418986
-5.427997611681051e-05
0.0005916517396732346
-0.0003691038375943115
0.00042338381371112197
3.2567985670086304e-05
0.0005916517396732346
-4.34239808934484e-05
0.000651359713401726
-0.0001519839331270694
0.0005916517396732346
-0.00013569994029202626
0.0006187917277316398
-0.00011398794984530207
0.0007002116919068555
-0.00013027194268034522
0.0007273516799652607
-0.00011941594745698312
0.0006676437062367693
-0.00021711990446724203
0.0006676437062367693
-0.0003039678662541388
0.0006947836942951744
2.17119904467242e-05
0.0006730717038484502
0.0
0.0006676437062367693
-0.0001519839331270694
0.0005536557563914672
-0.00013027194268034522
0.0006296477229550019
-9.770395701025892e-05
0.0006947836942951744
-7.59919665635347e-05
0.0005536557563914672
-9.227595939857787e-05
0.0005753677468381914
-0.00011941594745698312
0.0004722357922162514
-0.00017912392118547466
0.0005753677468381914
-4.885197850512946e-05
0.0008196276393638386
-0.0002768278781957336
0.000640503718178364
-0.00014655593551538836
0.0007056396895185365
-7.59919665635347e-05
0.0006133637301199588
-0.00023340389730228518
0.0006893556966834934
-0.00020626390924387994
0.0007870596536937523
-2.7139988058405254e-05
0.000651359713401726
-0.00020626390924387994
0.0006296477229550019
-0.00013027194268034522
0.0006730717038484502
-0.00020083591163219889
0.0004939477826629757
-0.0003039678662541388
0.0007002116919068555
-0.00020083591163219889
0.0008087716441404765
-0.0001736959235737936
0.0007002116919068555
-0.00020626390924387994
0.0006839276990718123
-5.42799761168105e-06
0.0005427997611681051
-0.00019540791402051784
0.0007002116919068555
-0.00023340389730228518
0.0007056396895185365
-0.0001519839331270694
0.0005970797372849156
-0.0001736959235737936
0.0006079357325082777
-7.056396895185366e-05
0.0008304836345872007
-0.0001519839331270694
0.0007599196656353471
-0.0001736959235737936
0.0006947836942951744
-0.00010855995223362102
0.0008087716441404765
-0.0002876838734190957
0.0006079357325082777
-0.00011941594745698312
0.000651359713401726
-0.00014655593551538836
0.0007707756608587092
-0.00028225587580741463
0.0005807957444498725
-0.0002551158877490094
0.0007219236823535797
-0.00014655593551538836
0.0006079357325082777
-0.00014655593551538836
0.000635075720566683
-0.0001519839331270694
0.0007707756608587092
-0.0002551158877490094
0.0008793356130923302
-0.00019540791402051784
0.000645931715790045
-8.68479617868968e-05
0.0006079357325082777
4.34239808934484e-05
0.0006676437062367693
-6.513597134017261e-05
0.0004885197850512946
-5.970797372849156e-05
0.0009119035987624165
-0.00027139988058405253
0.0006242197253433209
-3.799598328176735e-05
0.0006784997014601314
-0.0002768278781957336
0.0006730717038484502
-6.513597134017261e-05
0.0006187917277316398
-0.00015741193073875046
0.0006187917277316398
-0.0001736959235737936
0.000645931715790045
-0.00017912392118547466
0.000754491668023666
-6.513597134017261e-05
0.0006676437062367693
-0.00020083591163219889
0.0006187917277316398
-0.0002551158877490094
0.0006187917277316398
-0.0001736959235737936
0.000635075720566683
-0.0001519839331270694
0.000645931715790045
-5.427997611681051e-05
0.0005753677468381914
-0.0003148238614775009
0.0007599196656353471
-0.0001736959235737936
0.000645931715790045
-0.0002985398686424578
0.0008793356130923302
-9.770395701025892e-05
0.0007110676871302176
-0.0002442598925256473
0.0006839276990718123
-1.6283992835043152e-05
0.0007924876513054334
-0.00021169190685556098
0.0006893556966834934
-0.0001899799164088368
0.0007110676871302176
-0.00011941594745698312
0.0006839276990718123
-0.00016826792596211256
0.0007164956847418986
-9.770395701025892e-05
0.0007219236823535797
-0.0001899799164088368
0.000645931715790045
-0.0001628399283504315
0.000640503718178364
-0.00023883189491396623
0.0007002116919068555
-0.0002659718829723715
0.0006025077348965967
-0.0001628399283504315
0.0008087716441404765
-0.00014112793790370731
0.0006187917277316398
7.59919665635347e-05
0.000738207675188623
-0.00015741193073875046
0.0007762036584703902
-2.17119904467242e-05
0.000640503718178364
-0.0001628399283504315
0.0004722357922162514
-8.68479617868968e-05
0.0007056396895185365
2.7139988058405254e-05
0.0006025077348965967
-0.00022797589969060413
0.0005373717635564241
-9.770395701025892e-05
0.0005753677468381914
-0.00014655593551538836
0.0005373717635564241
-0.0001899799164088368
0.000526515768333062
-0.00015741193073875046
0.000645931715790045
-0.0002876838734190957
0.0008413396298105628
-0.00021711990446724203
0.0006947836942951744
-0.00014112793790370731
0.000749063670411985
-0.00023883189491396623
0.0005156597731096999
1.08559952233621e-05
0.0006242197253433209
-8.141996417521576e-05
0.0007273516799652607
-0.0002442598925256473
0.0006784997014601314
-0.00015741193073875046
0.0005807957444498725
-0.0002551158877490094
0.000526515768333062
-0.00029311187103077673
0.0006947836942951744
-4.885197850512946e-05
0.0006730717038484502
-0.00015741193073875046
0.0006133637301199588
-0.00019540791402051784
0.0005373717635564241
-0.00015741193073875046
0.0006622157086250881
7.056396895185366e-05
0.0005807957444498725
-0.00013027194268034522
0.000428811811322803
-0.0002659718829723715
0.0005373717635564241
-5.427997611681051e-05
0.0005970797372849156
-0.00021169190685556098
0.000645931715790045
-0.0001628399283504315
0.0006079357325082777
-0.0001899799164088368
0.0006296477229550019
-0.0001628399283504315
0.0006622157086250881
-8.68479617868968e-05
0.000754491668023666
-0.0003148238614775009
0.0005699397492265104
-0.00010313195462193997
0.0007219236823535797
-0.0002659718829723715
0.0006567877110134072
-0.00016826792596211256
0.0008250556369755197
-0.00015741193073875046
0.000645931715790045
-0.00010313195462193997
0.000531943765944743
-0.00021169190685556098
0.0007979156489171144
-0.00013569994029202626
0.000531943765944743
4.885197850512946e-05
0.000749063670411985
-0.00017912392118547466
0.0005482277587797862
-0.00017912392118547466
0.00047766378982793246
-0.00014112793790370731
0.0006079357325082777
-0.00020083591163219889
0.0006839276990718123
-0.00017912392118547466
0.0004722357922162514
-0.0002551158877490094
0.0006133637301199588
-0.00022254790207892308
0.000531943765944743
-5.42799761168105e-06
0.000651359713401726
-0.0003148238614775009
0.0007056396895185365
-0.0001736959235737936
0.000651359713401726
-0.00011398794984530207
0.00046680779460457037
-0.00014655593551538836
0.0005862237420615535
-0.0001628399283504315
0.000749063670411985
-0.00011398794984530207
0.0006133637301199588
-0.00017912392118547466
0.000640503718178364
-0.00011398794984530207
0.0005645117516148293
-0.00021169190685556098
0.0006730717038484502
-0.0001736959235737936
0.0008087716441404765
-0.00016826792596211256
0.0006839276990718123
-0.00013569994029202626
0.0006893556966834934
-0.00029311187103077673
0.0006025077348965967
-0.00022254790207892308
0.0007273516799652607
-0.00026054388536069043
0.0008521956250339249
-0.00027139988058405253
0.0005916517396732346
-0.00012484394506866417
0.0006839276990718123
-0.00020083591163219889
0.0008467676274222439
-6.513597134017261e-05
0.000640503718178364
-0.00021711990446724203
0.0005482277587797862
-0.00015741193073875046
0.00041252781848775987
-0.00018455191879715574
0.000645931715790045
-0.00011941594745698312
0.0006730717038484502
-0.00026054388536069043
0.0006839276990718123
-0.00013027194268034522
0.0005536557563914672
-0.0003039678662541388
0.0005645117516148293
-0.00023340389730228518
0.0006242197253433209
-0.00014655593551538836
0.0006296477229550019
-0.00013569994029202626
0.0005482277587797862
-0.00017912392118547466
0.0005753677468381914
-6.513597134017261e-05
0.0007164956847418986
-0.00022254790207892308
0.0005699397492265104
-0.0001519839331270694
0.0007653476632470281
-0.0003093958638658199
0.00045595179938120827
-9.227595939857787e-05
0.000635075720566683
-0.00029311187103077673
0.0007056396895185365
-0.00016826792596211256
0.0006893556966834934
-2.17119904467242e-05
0.0005645117516148293
-0.000320251859089182
0.0003962438256527167
-0.00012484394506866417
0.0006242197253433209
-9.227595939857787e-05
0.0005373717635564241
-0.00020083591163219889
0.0006025077348965967
-7.056396895185366e-05
0.0007164956847418986
-0.00024968789013732833
0.0005753677468381914
-0.00015741193073875046
0.0006676437062367693
-0.0001628399283504315
0.000645931715790045
-0.00018455191879715574
0.0005699397492265104
-0.00018455191879715574
0.0006676437062367693
-0.00010313195462193997
0.0006187917277316398
-1.08559952233621e-05
0.0008033436465287955
-0.00015741193073875046
0.0007599196656353471
-0.00011398794984530207
0.0004070998208760788
-0.0002768278781957336
0.000531943765944743
-0.00022254790207892308
0.0005807957444498725
5.42799761168105e-06
0.0007273516799652607
-0.00015741193073875046
0.0006242197253433209
-7.59919665635347e-05
0.000635075720566683
-0.00014655593551538836
0.0007110676871302176
-0.00010855995223362102
0.0006730717038484502
-0.00013569994029202626
0.000749063670411985
-0.00012484394506866417
0.0006567877110134072
-0.00011398794984530207
0.0005807957444498725
-0.00022254790207892308
0.0006676437062367693
-0.00014655593551538836
0.0006567877110134072
-0.00013569994029202626
0.0008413396298105628
-0.00021711990446724203
0.0007219236823535797
-5.970797372849156e-05
0.0006893556966834934
-0.00010855995223362102
0.0004993757802746567
-0.00023340389730228518
0.0005862237420615535
-3.2567985670086304e-05
0.0006296477229550019
-0.00015741193073875046
0.0007762036584703902
3.2567985670086304e-05
0.0006676437062367693
-0.0002876838734190957
0.00040167182326439777
-0.00019540791402051784
0.0005156597731096999
-4.34239808934484e-05
0.0007816316560820713
-0.00022254790207892308
0.0005156597731096999
-0.00021711990446724203
0.0006567877110134072
-0.0001519839331270694
0.000645931715790045
-0.00016826792596211256
0.00044509580415784617
-9.227595939857787e-05
0.0006296477229550019
-0.0001899799164088368
0.0007110676871302176
-0.00017912392118547466
0.0005482277587797862
-0.00020626390924387994
0.0005210877707213809
-0.00010313195462193997
0.0005536557563914672
-0.00035281984475926827
0.0006187917277316398
-0.00022254790207892308
0.0005807957444498725
-0.00020083591163219889
0.0007870596536937523
-0.00015741193073875046
0.00047766378982793246
-0.00016826792596211256
0.0007653476632470281
-0.00010855995223362102
