0.0008451392281387396
6.839276990718124e-05
0.0009184171958964338
0.00010258915486077186
0.0009233023937469467
9.77039570102589e-06
0.0008549096238397655
-6.839276990718124e-05
0.0007962872496336101
5.37371763556424e-05
0.000810942843185149
-0.00010258915486077186
0.0008842208109428432
-8.793356130923302e-05
0.0008549096238397655
2.9311187103077675e-05
0.0007816316560820713
9.281875915974596e-05
0.0009086468001954079
-0.00013678553981436248
0.000903761602344895
8.304836345872008e-05
0.0008011724474841231
-7.327796775769418e-05
0.0009526135808500244
0.00012212994626282364
0.0006936980947728383
-1.954079140205178e-05
0.0010307767464582316
5.37371763556424e-05
0.0009330727894479727
4.396678065461651e-05
0.0009672691744015633
0.00010258915486077186
0.0007767464582315583
-0.0002344894968246214
0.0007327796775769418
7.327796775769418e-05
0.0009574987787005373
-4.396678065461651e-05
0.000991695163654128
7.816316560820712e-05
0.0009526135808500244
5.862237420615535e-05
0.000810942843185149
1.4655593551538837e-05
0.0008451392281387396
0.0001074743527112848
0.0007914020517830972
0.0
0.0007914020517830972
3.419638495359062e-05
0.0009623839765510503
-2.442598925256473e-05
0.0008451392281387396
-4.396678065461651e-05
0.0007669760625305325
0.00019052271617000488
0.0009330727894479727
-7.816316560820712e-05
0.0008011724474841231
-1.954079140205178e-05
0.0009330727894479727
3.908158280410356e-05
0.0008011724474841231
-9.281875915974596e-05
0.000898876404494382
1.954079140205178e-05
0.0008500244259892526
0.0001074743527112848
0.0007620908646800195
-0.0001074743527112848
0.0009086468001954079
-2.442598925256473e-05
0.0008549096238397655
3.419638495359062e-05
0.0007669760625305325
3.908158280410356e-05
0.0008793356130923302
4.885197850512946e-05
0.0007767464582315583
-4.885197850512945e-06
0.0009965803615046408
-1.954079140205178e-05
0.0010454323400097703
9.281875915974596e-05
0.0010014655593551538
1.4655593551538837e-05
0.0008597948216902784
1.4655593551538837e-05
0.000893991206643869
-8.304836345872008e-05
0.0008500244259892526
9.77039570102589e-06
0.0008842208109428432
9.770395701025892e-05
0.0008695652173913043
0.0001612115290669272
0.0008549096238397655
6.839276990718124e-05
0.0007767464582315583
8.304836345872008e-05
0.0007425500732779677
0.00015144113336590132
0.000898876404494382
-4.396678065461651e-05
0.0009428431851489985
-2.442598925256473e-05
0.0009721543722520762
8.793356130923302e-05
0.0007327796775769418
8.793356130923302e-05
0.000903761602344895
-0.00013678553981436248
0.0009721543722520762
-8.793356130923302e-05
0.0009428431851489985
1.954079140205178e-05
0.0008207132388861749
5.862237420615535e-05
0.0008646800195407913
1.4655593551538837e-05
0.000815828041035662
2.9311187103077675e-05
0.0007425500732779677
-0.00019052271617000488
0.0009721543722520762
-1.4655593551538837e-05
0.0006985832926233512
-4.885197850512945e-06
0.0007767464582315583
-8.793356130923302e-05
0.00071323888617489
5.37371763556424e-05
0.0009086468001954079
-5.37371763556424e-05
0.0009574987787005373
0.0
0.0010503175378602833
-4.885197850512946e-05
0.0007376648754274548
0.00015632633121641425
0.0007669760625305325
0.0001074743527112848
0.0006888128969223254
3.419638495359062e-05
0.0008695652173913043
-3.908158280410356e-05
0.0010258915486077186
1.954079140205178e-05
0.0006888128969223254
9.770395701025892e-05
0.0008695652173913043
-4.885197850512945e-06
0.0010258915486077186
2.442598925256473e-05
0.0007865168539325843
6.35075720566683e-05
0.0010063507572056667
4.396678065461651e-05
0.0007816316560820713
2.9311187103077675e-05
0.0009184171958964338
4.885197850512945e-06
0.0007962872496336101
4.885197850512946e-05
0.000898876404494382
-0.00019052271617000488
0.000898876404494382
6.839276990718124e-05
0.0008646800195407913
0.0
0.0009281875915974596
-3.908158280410356e-05
0.0008402540302882267
0.00011235955056179774
0.0009086468001954079
0.00020517830972154372
0.0008842208109428432
0.0
0.0007523204689789937
-0.00013678553981436248
0.0008646800195407913
8.304836345872008e-05
0.0009428431851489985
8.304836345872008e-05
0.0010210063507572057
0.00026380068392769905
0.000806057645334636
0.00013190034196384952
0.0009281875915974596
-9.77039570102589e-06
0.0008646800195407913
3.908158280410356e-05
0.0007181240840254031
4.885197850512945e-06
0.000815828041035662
-8.304836345872008e-05
0.0007914020517830972
6.839276990718124e-05
0.0009233023937469467
-4.885197850512945e-06
0.0008255984367366878
0.0
0.0008695652173913043
0.00011235955056179774
0.0008549096238397655
3.419638495359062e-05
0.000981924767953102
4.885197850512945e-06
0.0007523204689789937
-1.4655593551538837e-05
0.000815828041035662
-9.281875915974596e-05
0.0008695652173913043
-0.0002344894968246214
0.0008646800195407913
0.00010258915486077186
0.0008549096238397655
-4.396678065461651e-05
0.0007718612603810454
-5.37371763556424e-05
0.0008500244259892526
5.37371763556424e-05
0.0008353688324377137
4.885197850512946e-05
0.000893991206643869
0.00011235955056179774
0.0011284807034684903
-4.885197850512945e-06
0.0009965803615046408
-0.0001612115290669272
0.0008744504152418173
-7.327796775769418e-05
0.0009086468001954079
-0.0001074743527112848
0.0008695652173913043
-0.0001172447484123107
0.0008549096238397655
-3.908158280410356e-05
0.0008793356130923302
-1.954079140205178e-05
0.0009623839765510503
-1.4655593551538837e-05
0.0009379579872984856
4.396678065461651e-05
0.001089399120664387
-0.00012212994626282364
0.0008255984367366878
5.862237420615535e-05
0.000903761602344895
3.419638495359062e-05
0.0008842208109428432
4.396678065461651e-05
0.000815828041035662
-3.908158280410356e-05
0.0007327796775769418
-6.839276990718124e-05
0.0009574987787005373
-0.000180752320468979
0.0008353688324377137
0.0001172447484123107
0.0008597948216902784
-1.4655593551538837e-05
0.0008011724474841231
-0.0001709819247679531
0.0008695652173913043
1.4655593551538837e-05
0.0008549096238397655
1.4655593551538837e-05
0.000981924767953102
-4.885197850512946e-05
0.000806057645334636
-0.00014655593551538836
0.0009379579872984856
-3.419638495359062e-05
0.000986809965803615
6.35075720566683e-05
0.0010014655593551538
-4.396678065461651e-05
0.000815828041035662
4.885197850512946e-05
0.0010454323400097703
-4.885197850512946e-05
0.0008744504152418173
-3.908158280410356e-05
0.0008744504152418173
1.4655593551538837e-05
0.0009574987787005373
-3.419638495359062e-05
0.0009281875915974596
-4.396678065461651e-05
0.0007865168539325843
-7.816316560820712e-05
0.0007718612603810454
-0.0001172447484123107
0.0009135319980459208
2.442598925256473e-05
0.0008451392281387396
4.885197850512945e-06
0.0009965803615046408
2.442598925256473e-05
0.0009135319980459208
-0.00013190034196384952
0.0008549096238397655
-7.816316560820712e-05
0.0008402540302882267
-0.00015632633121641425
0.0009379579872984856
3.908158280410356e-05
0.000815828041035662
-0.00017586712261846604
0.0006741573033707865
5.862237420615535e-05
0.0010063507572056667
7.327796775769418e-05
0.0009477283829995114
-6.35075720566683e-05
0.0010356619443087445
-9.281875915974596e-05
0.0007523204689789937
-3.908158280410356e-05
0.0008646800195407913
-2.442598925256473e-05
0.0008695652173913043
-0.0002149487054225696
0.000986809965803615
3.908158280410356e-05
0.0006936980947728383
4.396678065461651e-05
0.0007865168539325843
-4.396678065461651e-05
0.0008744504152418173
4.396678065461651e-05
0.0009623839765510503
-0.00011235955056179774
0.000810942843185149
-0.0001074743527112848
0.000981924767953102
-0.00014167073766487544
0.0006985832926233512
0.00014655593551538836
0.0008207132388861749
-9.77039570102589e-06
0.0009526135808500244
5.862237420615535e-05
0.0008793356130923302
4.885197850512945e-06
0.0009526135808500244
-3.908158280410356e-05
0.0008646800195407913
2.9311187103077675e-05
0.0007620908646800195
-0.00013678553981436248
0.000981924767953102
-0.00014655593551538836
0.0009086468001954079
1.4655593551538837e-05
0.0010307767464582316
-4.885197850512946e-05
0.0009379579872984856
-0.00012212994626282364
0.0010063507572056667
-0.00017586712261846604
0.000815828041035662
-6.839276990718124e-05
0.0008011724474841231
1.4655593551538837e-05
0.000903761602344895
-0.00019052271617000488
0.0009672691744015633
-8.304836345872008e-05
0.0009233023937469467
0.0
0.0008207132388861749
-1.4655593551538837e-05
0.0006741573033707865
-0.00011235955056179774
0.0008353688324377137
-2.9311187103077675e-05
0.0007572056668295066
-1.4655593551538837e-05
0.0007816316560820713
-2.9311187103077675e-05
0.0007816316560820713
-4.885197850512945e-06
0.0008353688324377137
0.0
0.0008744504152418173
-0.00012212994626282364
0.0007865168539325843
-4.885197850512946e-05
0.000981924767953102
-7.327796775769418e-05
0.0008646800195407913
-7.816316560820712e-05
0.0009330727894479727
-6.35075720566683e-05
0.0007278944797264289
-8.793356130923302e-05
0.0010112359550561798
2.442598925256473e-05
0.0008255984367366878
4.396678065461651e-05
0.0007669760625305325
-6.839276990718124e-05
0.0010307767464582316
-9.770395701025892e-05
0.0008549096238397655
-9.770395701025892e-05
0.0008011724474841231
-4.396678065461651e-05
0.0009623839765510503
4.396678065461651e-05
0.0009526135808500244
-4.885197850512946e-05
0.0009770395701025891
-9.77039570102589e-06
0.0009623839765510503
-3.419638495359062e-05
0.0007474352711284806
-9.281875915974596e-05
0.000893991206643869
0.0
0.0008304836345872007
-3.908158280410356e-05
0.000991695163654128
0.0001172447484123107
0.0009281875915974596
-6.839276990718124e-05
0.0009135319980459208
-0.00013678553981436248
0.0008255984367366878
-8.793356130923302e-05
0.000981924767953102
-8.304836345872008e-05
0.0009721543722520762
-1.954079140205178e-05
0.0009281875915974596
-0.00011235955056179774
0.0009623839765510503
8.304836345872008e-05
0.000903761602344895
-6.35075720566683e-05
0.0010454323400097703
-1.4655593551538837e-05
0.0008891060087933561
-3.419638495359062e-05
0.0009184171958964338
9.77039570102589e-06
0.0007523204689789937
4.396678065461651e-05
0.0008207132388861749
8.793356130923302e-05
0.0008646800195407913
-9.77039570102589e-06
0.0011382510991695164
3.419638495359062e-05
0.0008744504152418173
3.908158280410356e-05
0.0009330727894479727
6.35075720566683e-05
0.0009135319980459208
0.0001074743527112848
0.000815828041035662
1.4655593551538837e-05
0.001079628724963361
-6.35075720566683e-05
0.0008451392281387396
-2.442598925256473e-05
0.0008255984367366878
-9.281875915974596e-05
0.0010503175378602833
-0.00016609672691744016
0.0007572056668295066
-9.77039570102589e-06
0.000898876404494382
-9.770395701025892e-05
0.000893991206643869
-8.793356130923302e-05
0.0009184171958964338
-3.908158280410356e-05
0.0010747435271128481
-9.77039570102589e-06
0.000893991206643869
-0.00011235955056179774
0.0006936980947728383
-2.9311187103077675e-05
0.000986809965803615
-8.304836345872008e-05
0.0009721543722520762
-6.35075720566683e-05
0.000815828041035662
-0.00010258915486077186
0.0009379579872984856
-5.37371763556424e-05
0.0009330727894479727
2.9311187103077675e-05
0.0008402540302882267
-5.37371763556424e-05
0.0009330727894479727
9.77039570102589e-06
0.0009233023937469467
3.908158280410356e-05
0.0009330727894479727
-0.0001074743527112848
0.0008842208109428432
-9.770395701025892e-05
0.0009770395701025891
0.00011235955056179774
0.0009428431851489985
0.0001074743527112848
0.00071323888617489
0.0001172447484123107
0.0009623839765510503
-7.816316560820712e-05
0.0009623839765510503
5.862237420615535e-05
0.0009770395701025891
4.885197850512945e-06
0.001079628724963361
0.00010258915486077186
0.0009379579872984856
-9.281875915974596e-05
0.0008597948216902784
-2.442598925256473e-05
0.0009965803615046408
0.0001270151441133366
0.0008842208109428432
-9.281875915974596e-05
0.0008549096238397655
4.885197850512946e-05
0.0010161211529066928
9.281875915974596e-05
0.0008207132388861749
-0.0001270151441133366
0.000898876404494382
-3.419638495359062e-05
0.0009233023937469467
9.77039570102589e-06
0.0008842208109428432
2.442598925256473e-05
0.000806057645334636
-8.304836345872008e-05
0.000815828041035662
2.442598925256473e-05
0.0007767464582315583
0.0
0.0009428431851489985
-0.00020029311187103076
0.000810942843185149
-7.816316560820712e-05
0.0008402540302882267
-3.419638495359062e-05
0.0009233023937469467
-9.770395701025892e-05
0.0008500244259892526
2.9311187103077675e-05
0.0007376648754274548
-8.304836345872008e-05
0.0008646800195407913
9.770395701025892e-05
0.0010307767464582316
5.37371763556424e-05
0.0008646800195407913
-0.0001074743527112848
0.0007816316560820713
6.35075720566683e-05
0.0008695652173913043
-8.793356130923302e-05
0.0007865168539325843
-2.9311187103077675e-05
0.000981924767953102
5.862237420615535e-05
0.0009526135808500244
-2.9311187103077675e-05
0.000810942843185149
1.4655593551538837e-05
0.0010258915486077186
-8.793356130923302e-05
0.0008597948216902784
-5.862237420615535e-05
0.0008793356130923302
-4.885197850512945e-06
0.0007962872496336101
-0.0001270151441133366
0.0009233023937469467
1.4655593551538837e-05
0.000893991206643869
0.0
0.0008891060087933561
-3.908158280410356e-05
0.0009330727894479727
3.908158280410356e-05
0.0009574987787005373
-0.00020517830972154372
0.0008793356130923302
2.9311187103077675e-05
0.0007962872496336101
-9.770395701025892e-05
0.0009770395701025891
6.839276990718124e-05
0.0007523204689789937
-0.00014655593551538836
0.0010112359550561798
-0.0001270151441133366
0.0008891060087933561
9.77039570102589e-06
0.0009135319980459208
8.304836345872008e-05
0.000806057645334636
-9.77039570102589e-06
0.000898876404494382
-5.37371763556424e-05
0.0008011724474841231
1.4655593551538837e-05
0.0008793356130923302
1.954079140205178e-05
0.0009428431851489985
-1.954079140205178e-05
0.0009184171958964338
6.35075720566683e-05
0.0008207132388861749
0.00015144113336590132
0.0010698583292623352
-0.0001172447484123107
0.0009672691744015633
0.00013190034196384952
0.0008451392281387396
-5.37371763556424e-05
0.0008402540302882267
4.885197850512945e-06
0.0009233023937469467
5.37371763556424e-05
0.0006936980947728383
-4.885197850512945e-06
0.0010112359550561798
7.816316560820712e-05
0.0009086468001954079
-7.327796775769418e-05
0.0008597948216902784
4.885197850512945e-06
0.0008304836345872007
-7.327796775769418e-05
0.0009965803615046408
-9.770395701025892e-05
0.0009477283829995114
9.281875915974596e-05
0.0010063507572056667
-0.00013678553981436248
0.0010405471421592574
1.4655593551538837e-05
0.0009233023937469467
-7.327796775769418e-05
0.0007914020517830972
-4.396678065461651e-05
0.0007767464582315583
0.00010258915486077186
0.0008255984367366878
1.954079140205178e-05
0.0009135319980459208
-4.396678065461651e-05
0.0008402540302882267
-7.816316560820712e-05
0.0008402540302882267
8.304836345872008e-05
0.0009574987787005373
-4.885197850512945e-06
0.0007914020517830972
0.00010258915486077186
0.000898876404494382
-0.00014167073766487544
0.0007816316560820713
4.885197850512945e-06
0.0007669760625305325
-0.000180752320468979
0.000806057645334636
2.9311187103077675e-05
0.0007523204689789937
-7.816316560820712e-05
0.0008353688324377137
-9.77039570102589e-06
0.0007962872496336101
-5.37371763556424e-05
0.0008255984367366878
-9.281875915974596e-05
0.0008353688324377137
-9.281875915974596e-05
0.0009477283829995114
-9.770395701025892e-05
0.0007523204689789937
-3.419638495359062e-05
0.0008744504152418173
-1.4655593551538837e-05
0.0008695652173913043
-0.0001270151441133366
0.0010698583292623352
0.00010258915486077186
0.000815828041035662
-1.4655593551538837e-05
0.0009233023937469467
7.327796775769418e-05
0.0007718612603810454
6.839276990718124e-05
0.0008353688324377137
-9.281875915974596e-05
0.0009330727894479727
0.0001074743527112848
0.0009184171958964338
-9.770395701025892e-05
0.0009770395701025891
-0.00010258915486077186
0.0008891060087933561
-6.839276990718124e-05
0.0008793356130923302
-0.00015144113336590132
0.000815828041035662
1.4655593551538837e-05
0.0009379579872984856
0.00013190034196384952
0.0009281875915974596
6.35075720566683e-05
0.0007181240840254031
2.9311187103077675e-05
0.0007376648754274548
8.793356130923302e-05
0.000893991206643869
8.304836345872008e-05
0.0009965803615046408
-0.0001074743527112848
0.0009623839765510503
7.327796775769418e-05
0.0008793356130923302
0.0001074743527112848
0.0010161211529066928
-4.885197850512945e-06
0.000810942843185149
4.885197850512946e-05
0.0007523204689789937
-5.37371763556424e-05
0.0009379579872984856
-3.908158280410356e-05
0.0009135319980459208
0.00015144113336590132
0.0008353688324377137
-7.327796775769418e-05
0.0008500244259892526
3.419638495359062e-05
0.0009330727894479727
2.442598925256473e-05
0.000815828041035662
-0.0002540302882266732
0.0007474352711284806
-7.816316560820712e-05
0.000898876404494382
-4.885197850512946e-05
0.0008646800195407913
6.35075720566683e-05
0.000903761602344895
8.304836345872008e-05
0.0008353688324377137
-5.37371763556424e-05
0.0008255984367366878
-2.442598925256473e-05
0.000986809965803615
7.816316560820712e-05
0.0006790425012212994
7.816316560820712e-05
0.0010014655593551538
-7.816316560820712e-05
0.0009477283829995114
-8.793356130923302e-05
0.0008646800195407913
-0.00013190034196384952
0.0008353688324377137
-3.908158280410356e-05
0.0006888128969223254
-9.770395701025892e-05
0.0007572056668295066
-9.77039570102589e-06
0.0007523204689789937
-1.4655593551538837e-05
0.0011040547142159257
-9.770395701025892e-05
0.0009233023937469467
0.0001172447484123107
0.0009281875915974596
-3.908158280410356e-05
0.0007425500732779677
-0.00016609672691744016
0.0008646800195407913
8.304836345872008e-05
0.000893991206643869
-2.9311187103077675e-05
0.0009672691744015633
-0.0001074743527112848
0.0007278944797264289
3.908158280410356e-05
0.0008842208109428432
-6.839276990718124e-05
0.0010747435271128481
-7.327796775769418e-05
0.0008402540302882267
4.885197850512945e-06
0.0009135319980459208
-4.885197850512945e-06
0.0007669760625305325
3.908158280410356e-05
0.0008255984367366878
7.327796775769418e-05
0.0009281875915974596
7.327796775769418e-05
0.00063019052271617
0.00015144113336590132
0.000903761602344895
-7.816316560820712e-05
0.0008402540302882267
-2.442598925256473e-05
0.0008255984367366878
-2.442598925256473e-05
0.0008255984367366878
-1.4655593551538837e-05
0.0007278944797264289
9.770395701025892e-05
0.0009184171958964338
-0.00018563751831949193
0.0007474352711284806
0.00013678553981436248
0.000903761602344895
0.0
0.0008842208109428432
-8.304836345872008e-05
0.0009574987787005373
0.00013190034196384952
0.0008744504152418173
-6.839276990718124e-05
0.0009770395701025891
1.4655593551538837e-05
0.0009477283829995114
-7.816316560820712e-05
0.0010307767464582316
-1.954079140205178e-05
0.0008695652173913043
-0.00012212994626282364
0.0008451392281387396
-3.908158280410356e-05
0.0009428431851489985
-2.9311187103077675e-05
0.0008207132388861749
4.396678065461651e-05
0.0008207132388861749
9.281875915974596e-05
0.0008500244259892526
-2.9311187103077675e-05
0.0008842208109428432
-4.885197850512946e-05
0.0008842208109428432
0.00011235955056179774
0.0008304836345872007
-7.327796775769418e-05
0.0010210063507572057
-0.00015144113336590132
0.0008255984367366878
-0.0001172447484123107
0.0009281875915974596
-5.37371763556424e-05
0.0009233023937469467
6.35075720566683e-05
0.0005471421592574499
-0.00013678553981436248
0.000815828041035662
-3.419638495359062e-05
0.000898876404494382
-2.442598925256473e-05
0.0008353688324377137
-1.954079140205178e-05
0.0008402540302882267
9.281875915974596e-05
0.001089399120664387
-0.0002247191011235955
0.0006985832926233512
-4.396678065461651e-05
0.000806057645334636
9.281875915974596e-05
0.0008549096238397655
-8.793356130923302e-05
0.0009184171958964338
3.419638495359062e-05
0.0009086468001954079
6.35075720566683e-05
0.0008597948216902784
-6.35075720566683e-05
0.0008744504152418173
-0.00015632633121641425
0.0008793356130923302
-5.862237420615535e-05
0.0008207132388861749
4.885197850512945e-06
0.0009428431851489985
4.885197850512945e-06
0.0009233023937469467
0.0001612115290669272
0.0006936980947728383
-0.00011235955056179774
0.0010600879335613091
-2.9311187103077675e-05
0.0008549096238397655
0.00016609672691744016
0.0009526135808500244
0.00014655593551538836
0.0009281875915974596
9.770395701025892e-05
0.0008451392281387396
-6.839276990718124e-05
0.0007474352711284806
-0.00026380068392769905
0.0008451392281387396
4.396678065461651e-05
0.0007572056668295066
-2.9311187103077675e-05
0.0006985832926233512
1.4655593551538837e-05
0.000898876404494382
3.908158280410356e-05
0.0010161211529066928
9.77039570102589e-06
0.0007962872496336101
-2.9311187103077675e-05
0.0008793356130923302
-5.862237420615535e-05
0.0010112359550561798
-0.00018563751831949193
0.0008402540302882267
0.00015144113336590132
0.0009965803615046408
5.37371763556424e-05
0.0008695652173913043
-1.954079140205178e-05
0.0008695652173913043
-8.304836345872008e-05
0.0009330727894479727
-5.37371763556424e-05
0.0009672691744015633
6.35075720566683e-05
0.0007181240840254031
-2.9311187103077675e-05
0.0009135319980459208
2.9311187103077675e-05
0.0009086468001954079
-3.419638495359062e-05
0.0009184171958964338
-9.281875915974596e-05
0.0007767464582315583
4.885197850512946e-05
0.0008695652173913043
0.00012212994626282364
0.000898876404494382
-4.885197850512945e-06
0.0009526135808500244
-2.9311187103077675e-05
0.0009770395701025891
3.419638495359062e-05
0.0010014655593551538
-7.816316560820712e-05
0.0008500244259892526
-8.793356130923302e-05
0.0009770395701025891
3.908158280410356e-05
0.000981924767953102
-0.0001270151441133366
0.0010063507572056667
0.00014167073766487544
0.0008842208109428432
0.00012212994626282364
0.0008353688324377137
1.954079140205178e-05
0.0008011724474841231
-1.954079140205178e-05
0.0008695652173913043
0.0
0.0008549096238397655
4.396678065461651e-05
0.0009135319980459208
-5.37371763556424e-05
0.0007034684904738642
-0.00014655593551538836
0.0010307767464582316
3.908158280410356e-05
0.0008842208109428432
4.885197850512945e-06
0.0008842208109428432
-9.770395701025892e-05
0.0008549096238397655
5.862237420615535e-05
0.0009428431851489985
1.954079140205178e-05
0.0009330727894479727
6.839276990718124e-05
0.000810942843185149
-0.00015632633121641425
0.0009428431851489985
9.770395701025892e-05
0.000635075720566683
-9.77039570102589e-06
0.0008842208109428432
0.00015632633121641425
0.0010405471421592574
-9.770395701025892e-05
0.0007083536883243771
-5.862237420615535e-05
0.001079628724963361
4.885197850512945e-06
0.0010210063507572057
0.0001172447484123107
0.0010698583292623352
-2.9311187103077675e-05
0.000986809965803615
0.0002344894968246214
0.0010161211529066928
0.00015144113336590132
0.0007914020517830972
4.885197850512946e-05
0.0007816316560820713
-7.816316560820712e-05
0.0009330727894479727
1.954079140205178e-05
0.000981924767953102
-4.885197850512945e-06
0.0010063507572056667
0.00011235955056179774
0.000815828041035662
0.0001270151441133366
0.0008402540302882267
7.816316560820712e-05
0.0009721543722520762
-2.442598925256473e-05
0.0009672691744015633
0.00015632633121641425
0.0008500244259892526
6.839276990718124e-05
0.0008646800195407913
6.839276990718124e-05
0.0010258915486077186
-8.793356130923302e-05
0.0008695652173913043
-1.954079140205178e-05
0.0007425500732779677
-4.885197850512946e-05
0.0008451392281387396
6.35075720566683e-05
0.000893991206643869
-3.419638495359062e-05
0.0007962872496336101
0.00013190034196384952
0.0008891060087933561
-0.00022960429897410844
0.0009086468001954079
0.00010258915486077186
0.0009428431851489985
1.4655593551538837e-05
0.0009330727894479727
-0.00016609672691744016
0.0009574987787005373
0.0001074743527112848
0.0007865168539325843
-5.862237420615535e-05
0.0011529066927210552
-5.37371763556424e-05
0.0008597948216902784
-3.908158280410356e-05
0.0009574987787005373
-0.00016609672691744016
0.0007767464582315583
-0.0001270151441133366
0.0009672691744015633
-8.304836345872008e-05
0.0010014655593551538
0.00017586712261846604
0.000903761602344895
6.839276990718124e-05
0.0008207132388861749
0.00014655593551538836
0.0009233023937469467
-0.0001172447484123107
0.001084513922813874
1.4655593551538837e-05
0.0009672691744015633
0.0001270151441133366
0.0008304836345872007
-9.281875915974596e-05
0.0007962872496336101
-5.37371763556424e-05
0.0008793356130923302
-7.816316560820712e-05
0.000815828041035662
4.885197850512945e-06
0.0010210063507572057
7.327796775769418e-05
0.0008744504152418173
-7.327796775769418e-05
0.0008597948216902784
-7.327796775769418e-05
0.0010161211529066928
-8.793356130923302e-05
0.000898876404494382
-5.862237420615535e-05
0.0008500244259892526
-5.37371763556424e-05
0.0009477283829995114
5.37371763556424e-05
0.000991695163654128
-0.0001074743527112848
0.0008744504152418173
0.0001172447484123107
0.0009428431851489985
-4.885197850512946e-05
0.0009477283829995114
-6.35075720566683e-05
0.0008451392281387396
-9.77039570102589e-06
0.0007181240840254031
-0.00010258915486077186
0.0008011724474841231
2.442598925256473e-05
0.0008353688324377137
2.442598925256473e-05
0.0009721543722520762
-9.77039570102589e-06
0.0008744504152418173
0.0001074743527112848
0.000806057645334636
-1.4655593551538837e-05
0.0008744504152418173
1.4655593551538837e-05
0.0009379579872984856
2.442598925256473e-05
0.0009233023937469467
0.0002247191011235955
0.0008695652173913043
7.816316560820712e-05
0.000981924767953102
1.4655593551538837e-05
0.0008695652173913043
0.00013678553981436248
0.0010210063507572057
0.0
0.000986809965803615
-7.327796775769418e-05
0.0009135319980459208
-8.793356130923302e-05
0.0009721543722520762
-1.4655593551538837e-05
0.0008646800195407913
0.0001172447484123107
0.0009526135808500244
-2.442598925256473e-05
0.0007767464582315583
-7.816316560820712e-05
0.0010161211529066928
-3.908158280410356e-05
0.0007767464582315583
4.885197850512945e-06
0.0009330727894479727
-0.00014167073766487544
0.0009623839765510503
1.4655593551538837e-05
0.0009233023937469467
-7.327796775769418e-05
0.0009281875915974596
0.00026380068392769905
0.000903761602344895
0.0001172447484123107
0.000806057645334636
7.816316560820712e-05
0.0008255984367366878
-0.0001612115290669272
0.0009281875915974596
8.304836345872008e-05
0.0009526135808500244
6.839276990718124e-05
0.0008353688324377137
-1.954079140205178e-05
0.0008304836345872007
1.4655593551538837e-05
0.0008304836345872007
8.793356130923302e-05
0.0010307767464582316
-0.00019052271617000488
0.0008842208109428432
-0.00016609672691744016
0.0008500244259892526
-0.00013678553981436248
0.0009672691744015633
2.9311187103077675e-05
0.0009086468001954079
-3.419638495359062e-05
0.0010747435271128481
-4.885197850512945e-06
0.0007278944797264289
-4.396678065461651e-05
0.0009721543722520762
-2.442598925256473e-05
0.0008207132388861749
0.0001074743527112848
0.0009330727894479727
-2.442598925256473e-05
0.000903761602344895
-5.862237420615535e-05
0.0009721543722520762
-4.396678065461651e-05
0.0009281875915974596
-0.00013190034196384952
0.0008500244259892526
-5.862237420615535e-05
0.0009477283829995114
-4.885197850512945e-06
0.0009526135808500244
6.35075720566683e-05
0.0009477283829995114
1.4655593551538837e-05
0.000981924767953102
-0.00014655593551538836
0.0009330727894479727
-9.281875915974596e-05
0.0009428431851489985
-6.839276990718124e-05
0.0007767464582315583
9.77039570102589e-06
0.000991695163654128
0.0001074743527112848
0.0009233023937469467
-4.885197850512945e-06
0.000893991206643869
1.4655593551538837e-05
0.0009477283829995114
-0.000180752320468979
0.0010503175378602833
3.419638495359062e-05
0.0010307767464582316
-3.908158280410356e-05
0.0010112359550561798
7.327796775769418e-05
0.0008695652173913043
0.00013190034196384952
0.000806057645334636
4.396678065461651e-05
0.0009428431851489985
6.35075720566683e-05
0.000893991206643869
0.0
0.0009477283829995114
-6.35075720566683e-05
0.0008500244259892526
-1.954079140205178e-05
0.0008891060087933561
-2.442598925256473e-05
0.0010258915486077186
-4.885197850512945e-06
0.0009184171958964338
3.908158280410356e-05
0.000815828041035662
-1.4655593551538837e-05
0.0008402540302882267
-1.954079140205178e-05
0.0010356619443087445
6.839276990718124e-05
0.000986809965803615
2.9311187103077675e-05
0.0010014655593551538
-4.396678065461651e-05
0.0009281875915974596
-0.00014167073766487544
0.000723009281875916
-0.00021006350757205668
0.000806057645334636
-0.00011235955056179774
0.0010356619443087445
-5.862237420615535e-05
0.000981924767953102
-9.77039570102589e-06
0.0009721543722520762
4.885197850512946e-05
0.000893991206643869
-2.442598925256473e-05
0.0011284807034684903
4.885197850512945e-06
0.0009965803615046408
6.35075720566683e-05
0.0008011724474841231
4.885197850512945e-06
0.0008891060087933561
-1.4655593551538837e-05
0.0009184171958964338
0.00014655593551538836
0.0009233023937469467
-4.885197850512945e-06
0.0008695652173913043
-1.4655593551538837e-05
0.0008207132388861749
-7.327796775769418e-05
0.001084513922813874
-4.396678065461651e-05
0.0008304836345872007
8.304836345872008e-05
0.0008891060087933561
-0.0001074743527112848
0.0007620908646800195
0.00014655593551538836
0.0009135319980459208
-8.304836345872008e-05
0.0005911089399120664
9.77039570102589e-06
0.0008255984367366878
4.396678065461651e-05
0.0009623839765510503
-6.35075720566683e-05
0.0010600879335613091
-4.885197850512945e-06
0.0010014655593551538
0.0001172447484123107
0.0009672691744015633
0.0001074743527112848
0.0007669760625305325
8.793356130923302e-05
0.000903761602344895
1.954079140205178e-05
0.0008695652173913043
-1.954079140205178e-05
0.0007327796775769418
0.0
0.0007572056668295066
1.954079140205178e-05
0.0008842208109428432
0.00012212994626282364
0.0009135319980459208
-7.327796775769418e-05
0.000893991206643869
6.839276990718124e-05
0.0010161211529066928
-9.281875915974596e-05
0.0008597948216902784
-4.885197850512945e-06
0.0010356619443087445
2.9311187103077675e-05
0.0009623839765510503
-6.35075720566683e-05
0.0009086468001954079
-3.908158280410356e-05
0.0008549096238397655
3.419638495359062e-05
0.0008793356130923302
4.885197850512945e-06
0.000903761602344895
0.0001612115290669272
0.0008695652173913043
-0.00010258915486077186
0.0008597948216902784
7.327796775769418e-05
0.000903761602344895
-1.954079140205178e-05
0.0008207132388861749
-3.419638495359062e-05
0.0007914020517830972
-3.419638495359062e-05
0.0008744504152418173
-7.816316560820712e-05
0.0008207132388861749
0.00020517830972154372
0.0009428431851489985
-5.37371763556424e-05
0.0009135319980459208
-4.885197850512946e-05
0.0007914020517830972
0.0
0.0008304836345872007
-0.0001270151441133366
0.000981924767953102
-1.4655593551538837e-05
0.000986809965803615
-7.816316560820712e-05
0.0007523204689789937
9.77039570102589e-06
0.000810942843185149
5.37371763556424e-05
0.0008793356130923302
-6.35075720566683e-05
0.0009428431851489985
-4.885197850512945e-06
0.0009770395701025891
0.0
0.0007278944797264289
-2.9311187103077675e-05
0.0008891060087933561
-4.885197850512945e-06
0.0008353688324377137
-7.327796775769418e-05
0.0008549096238397655
-4.885197850512946e-05
0.000898876404494382
2.9311187103077675e-05
0.0008255984367366878
5.37371763556424e-05
0.0007523204689789937
1.954079140205178e-05
0.0007914020517830972
4.885197850512946e-05
0.0007572056668295066
-0.004416218856863703
-0.014738641914997557
-0.019027845627747925
-0.018646800195407914
-0.020122129946262824
-0.018949682462139718
-0.01988275525158769
-0.019037616023448948
-0.020009770395701024
-0.018954567659990228
-0.01997068881289692
-0.019066927210552028
-0.020205178309721544
-0.019340498290180752
-0.020014655593551537
-0.01907669760625305
-0.020136785539814364
-0.019047386419149978
-0.020039081582804107
-0.01904250122129946
-0.020136785539814364
-0.019125549584758185
-0.020156326331216414
-0.019272105520273572
-0.020239374694675134
-0.01914020517830972
-0.02010258915486077
-0.01902296042989741
-0.020263800683927698
-0.018944797264289204
-0.02008304836345872
-0.01910600879335613
-0.020097703957010257
-0.019154860771861258
-0.020161211529066927
-0.01921836834391793
-0.020205178309721544
-0.01918905715681485
-0.020097703957010257
-0.019130434782608695
-0.020029311187103077
-0.019062042012701515
-0.02013190034196385
-0.019115779189057155
-0.020092818759159744
-0.01907181240840254
-0.020097703957010257
-0.01915974596971177
-0.020087933561309234
-0.019013190034196385
-0.020180752320468977
-0.019057156814851
-0.020078163165608207
-0.01907669760625305
-0.020341963849535905
-0.019135319980459208
-0.020224719101123598
-0.019081582804103565
-0.020092818759159744
-0.019096238397655105
-0.02016609672691744
-0.0191695163654128
-0.020175867122618464
-0.019081582804103565
-0.02025403028822667
-0.01908646800195408
-0.020107474352711284
-0.019081582804103565
-0.020156326331216414
-0.019062042012701515
-0.02006350757205667
-0.019262335124572545
-0.020156326331216414
-0.019018075232046898
-0.02013190034196385
-0.01904250122129946
-0.020205178309721544
-0.01916463116756229
-0.02023448949682462
-0.0191695163654128
-0.020224719101123598
-0.01915974596971177
-0.020175867122618464
-0.01914020517830972
-0.020219833903273084
-0.019120664386907668
-0.02006350757205667
-0.01897410845139228
-0.020263800683927698
-0.01909135319980459
-0.020112359550561797
-0.019115779189057155
-0.020302882266731805
-0.019213483146067415
-0.020293111871030778
-0.0192085979482169
-0.02008304836345872
-0.018964338055691254
-0.02027845627747924
-0.019120664386907668
-0.020112359550561797
-0.019257449926722032
-0.02017098192476795
-0.01902296042989741
-0.02018563751831949
-0.019125549584758185
-0.02016609672691744
-0.019125549584758185
-0.020263800683927698
-0.018935026868588178
-0.020175867122618464
-0.019057156814851
-0.02028334147532975
-0.019066927210552028
-0.020190522716170004
-0.019057156814851
-0.020141670737664878
-0.01892525647288715
-0.020122129946262824
-0.019115779189057155
-0.0201514411333659
-0.01909135319980459
-0.02016609672691744
-0.01907181240840254
-0.020092818759159744
-0.019145090376160235
-0.020053737176355644
-0.018930141670737664
-0.020156326331216414
-0.019047386419149978
-0.020097703957010257
-0.019032730825598435
-0.0201514411333659
-0.018886174890083048
-0.020073277967757694
-0.01907669760625305
-0.02027845627747924
-0.018998534440644844
-0.02006350757205667
-0.019018075232046898
-0.020244259892525648
-0.01918417195896434
-0.020073277967757694
-0.019013190034196385
-0.020112359550561797
-0.019135319980459208
-0.020219833903273084
-0.01909135319980459
-0.02016609672691744
-0.019101123595505618
-0.02006350757205667
-0.01914997557401075
-0.020092818759159744
-0.019120664386907668
-0.020122129946262824
-0.01907181240840254
-0.020161211529066927
-0.018954567659990228
-0.020229604298974108
-0.018910600879335614
-0.020029311187103077
-0.019066927210552028
-0.020136785539814364
-0.018983878847093308
-0.020136785539814364
-0.019066927210552028
-0.020029311187103077
-0.01908646800195408
-0.020127015144113337
-0.018998534440644844
-0.020258915486077184
-0.019013190034196385
-0.02006839276990718
-0.01916463116756229
-0.02019540791402052
-0.018949682462139718
-0.020097703957010257
-0.019062042012701515
-0.020219833903273084
-0.019062042012701515
-0.020087933561309234
-0.01907669760625305
-0.020112359550561797
-0.01914020517830972
-0.020175867122618464
-0.019032730825598435
-0.020117244748412314
-0.019047386419149978
-0.020112359550561797
-0.019047386419149978
-0.020073277967757694
-0.019047386419149978
-0.020180752320468977
-0.019003419638495358
-0.02016609672691744
-0.01921836834391793
-0.020097703957010257
-0.01915974596971177
-0.020156326331216414
-0.01900830483634587
-0.020024425989252564
-0.01915974596971177
-0.020039081582804107
-0.01887151929653151
-0.02018563751831949
-0.01907669760625305
-0.020127015144113337
-0.01904250122129946
-0.020043966780654617
-0.019130434782608695
-0.02008304836345872
-0.019135319980459208
-0.020127015144113337
-0.01904250122129946
-0.020175867122618464
-0.019057156814851
-0.01995114802149487
-0.018954567659990228
-0.020156326331216414
-0.018935026868588178
-0.020097703957010257
-0.019013190034196385
-0.02019540791402052
-0.01902296042989741
-0.02010258915486077
-0.019027845627747925
-0.020161211529066927
-0.018969223253541768
-0.020127015144113337
-0.018954567659990228
-0.020146555935515387
-0.019081582804103565
-0.020024425989252564
-0.019003419638495358
-0.020156326331216414
-0.019223253541768442
-0.020141670737664878
-0.01907669760625305
-0.020146555935515387
-0.019135319980459208
-0.020078163165608207
-0.01887640449438202
-0.020073277967757694
-0.018915486077186124
-0.020107474352711284
-0.01898876404494382
-0.020029311187103077
-0.01899364924279433
-0.020058622374206157
-0.019130434782608695
-0.020092818759159744
-0.019120664386907668
-0.020156326331216414
-0.019013190034196385
-0.02013190034196385
-0.01909135319980459
-0.019990229604298974
-0.019013190034196385
-0.020127015144113337
-0.01887151929653151
-0.01998534440644846
-0.019062042012701515
-0.02026868588177821
-0.01907181240840254
-0.020014655593551537
-0.01892525647288715
-0.02006350757205667
-0.018983878847093308
-0.020092818759159744
-0.01898876404494382
-0.01996580361504641
-0.019062042012701515
-0.02001954079140205
-0.018754274548119197
-0.020112359550561797
-0.019066927210552028
-0.020039081582804107
-0.01897410845139228
-0.020004885197850514
-0.018910600879335614
-0.01998534440644846
-0.01900830483634587
-0.01998534440644846
-0.018935026868588178
-0.020034196384953587
-0.01892525647288715
-0.02008304836345872
-0.01892525647288715
-0.02016609672691744
-0.018866634098680998
-0.019980459208597947
-0.01885686370297997
-0.020073277967757694
-0.01900830483634587
-0.02006839276990718
-0.019032730825598435
-0.020058622374206157
-0.018744504152418174
-0.020014655593551537
-0.018920371275036638
-0.01985344406448461
-0.01895945285784074
-0.02006350757205667
-0.01897410845139228
-0.02010258915486077
-0.019047386419149978
-0.019921836834391794
-0.01904250122129946
-0.02004885197850513
-0.018969223253541768
-0.02001954079140205
-0.019032730825598435
-0.02004885197850513
-0.01909135319980459
-0.020004885197850514
-0.01893991206643869
-0.02004885197850513
-0.01907669760625305
-0.020058622374206157
-0.019066927210552028
-0.019990229604298974
-0.01887151929653151
-0.02
-0.01897410845139228
-0.020039081582804107
-0.01895945285784074
-0.01998534440644846
-0.01895945285784074
-0.020073277967757694
-0.018954567659990228
-0.019946262823644357
-0.018935026868588178
-0.020039081582804107
-0.018978993649242795
-0.020029311187103077
-0.018964338055691254
-0.020073277967757694
-0.019018075232046898
-0.020004885197850514
-0.0191695163654128
-0.01996580361504641
-0.01898876404494382
-0.020043966780654617
-0.01898876404494382
-0.020009770395701024
-0.018935026868588178
-0.020034196384953587
-0.01898876404494382
-0.020004885197850514
-0.01887151929653151
-0.020024425989252564
-0.019066927210552028
-0.020004885197850514
-0.018920371275036638
-0.020112359550561797
-0.018978993649242795
-0.020092818759159744
-0.018964338055691254
-0.02018563751831949
-0.018930141670737664
-0.020014655593551537
-0.018886174890083048
-0.02008304836345872
-0.018886174890083048
-0.02006839276990718
-0.019081582804103565
-0.020004885197850514
-0.01893991206643869
-0.02016609672691744
-0.01892525647288715
-0.019912066438690767
-0.018954567659990228
-0.020073277967757694
-0.01917440156326331
-0.02001954079140205
-0.01900830483634587
-0.019960918417195897
-0.018978993649242795
-0.020117244748412314
-0.018886174890083048
-0.02010258915486077
-0.018969223253541768
-0.019995114802149487
-0.019145090376160235
-0.01998534440644846
-0.019096238397655105
-0.02001954079140205
-0.018983878847093308
-0.02008304836345872
-0.018998534440644844
-0.02
-0.01900830483634587
-0.020009770395701024
-0.018944797264289204
-0.020058622374206157
-0.01908646800195408
-0.02006350757205667
-0.01909135319980459
-0.020092818759159744
-0.01897410845139228
-0.020117244748412314
-0.01919394235466536
-0.020122129946262824
-0.019120664386907668
-0.020087933561309234
-0.01884220810942843
-0.01996580361504641
-0.01884220810942843
-0.020117244748412314
-0.019018075232046898
-0.01996580361504641
-0.01887640449438202
-0.02008304836345872
-0.01893991206643869
-0.020029311187103077
-0.019101123595505618
-0.020107474352711284
-0.018895945285784074
-0.020112359550561797
-0.01889106008793356
-0.019956033219345384
-0.018930141670737664
-0.020009770395701024
-0.019013190034196385
-0.020136785539814364
-0.018978993649242795
-0.020117244748412314
-0.019018075232046898
-0.01993649242794333
-0.01884220810942843
-0.02001954079140205
-0.01908646800195408
-0.020092818759159744
-0.0189057156814851
-0.02004885197850513
-0.01902296042989741
-0.020112359550561797
-0.018969223253541768
-0.02008304836345872
-0.018847093307278944
-0.02
-0.018895945285784074
-0.020122129946262824
-0.018964338055691254
-0.02004885197850513
-0.019018075232046898
-0.020078163165608207
-0.01907669760625305
-0.020117244748412314
-0.018895945285784074
-0.019980459208597947
-0.018749389350268687
-0.020112359550561797
-0.018978993649242795
-0.020043966780654617
-0.01889106008793356
-0.019926722032242307
-0.018817782120175867
-0.020058622374206157
-0.018837322911577917
-0.02006350757205667
-0.018851978505129457
-0.019956033219345384
-0.018983878847093308
-0.02016609672691744
-0.018969223253541768
-0.020156326331216414
-0.019027845627747925
-0.020087933561309234
-0.01902296042989741
-0.019995114802149487
-0.018983878847093308
-0.02013190034196385
-0.018964338055691254
-0.02006839276990718
-0.01899364924279433
-0.020107474352711284
-0.019037616023448948
-0.020043966780654617
-0.018944797264289204
-0.02006350757205667
-0.018954567659990228
-0.019990229604298974
-0.018930141670737664
-0.019980459208597947
-0.018920371275036638
-0.019975574010747434
-0.019052271617000488
-0.020097703957010257
-0.018983878847093308
-0.01998534440644846
-0.01900830483634587
-0.020107474352711284
-0.0189057156814851
-0.020039081582804107
-0.018949682462139718
-0.019975574010747434
-0.018847093307278944
-0.019960918417195897
-0.019013190034196385
-0.020097703957010257
-0.0189057156814851
-0.020029311187103077
-0.019110893991206645
-0.020078163165608207
-0.018915486077186124
-0.020034196384953587
-0.018920371275036638
-0.019921836834391794
-0.01900830483634587
-0.019872984855886663
-0.019003419638495358
-0.019990229604298974
-0.018998534440644844
-0.02010258915486077
-0.01895945285784074
-0.02006350757205667
-0.018881289692232534
-0.020087933561309234
-0.01897410845139228
-0.019960918417195897
-0.019018075232046898
-0.020014655593551537
-0.01892525647288715
-0.020146555935515387
-0.01895945285784074
-0.019975574010747434
-0.018944797264289204
-0.020112359550561797
-0.019032730825598435
-0.020097703957010257
-0.018983878847093308
-0.019995114802149487
-0.018886174890083048
-0.020029311187103077
-0.019027845627747925
-0.020043966780654617
-0.01887640449438202
-0.020029311187103077
-0.018915486077186124
-0.020117244748412314
-0.01892525647288715
-0.01996580361504641
-0.018895945285784074
-0.02006839276990718
-0.018915486077186124
-0.019990229604298974
-0.018886174890083048
-0.020024425989252564
-0.018935026868588178
-0.01995114802149487
-0.019135319980459208
-0.02001954079140205
-0.019003419638495358
-0.020034196384953587
-0.01899364924279433
-0.02001954079140205
-0.01892525647288715
-0.020024425989252564
-0.01870542256961407
-0.02
-0.018920371275036638
-0.019980459208597947
-0.018978993649242795
-0.019995114802149487
-0.01885686370297997
-0.02006839276990718
-0.019032730825598435
-0.01996580361504641
-0.018749389350268687
-0.020092818759159744
-0.01900830483634587
-0.019990229604298974
-0.019018075232046898
-0.019843673668783587
-0.018964338055691254
-0.020024425989252564
-0.018866634098680998
-0.02
-0.01878847093307279
-0.01991695163654128
-0.018837322911577917
-0.02006350757205667
-0.018949682462139718
-0.020014655593551537
-0.018847093307278944
-0.019956033219345384
-0.019081582804103565
-0.020092818759159744
-0.01880801172447484
-0.020146555935515387
-0.01907181240840254
-0.020087933561309234
-0.018935026868588178
-0.020039081582804107
-0.018910600879335614
-0.020034196384953587
-0.018768930141670737
-0.020078163165608207
-0.018900830483634588
-0.020009770395701024
-0.018900830483634588
-0.02006839276990718
-0.01898876404494382
-0.020136785539814364
-0.01900830483634587
-0.02
-0.019052271617000488
-0.020034196384953587
-0.01898876404494382
-0.019995114802149487
-0.01898876404494382
-0.019956033219345384
-0.01900830483634587
-0.019897410845139227
-0.019018075232046898
-0.019960918417195897
-0.018935026868588178
-0.01991695163654128
-0.018778700537371764
-0.020029311187103077
-0.019062042012701515
-0.019814362481680507
-0.01882266731802638
-0.020039081582804107
-0.01902296042989741
-0.019941377625793844
-0.018832437713727404
-0.02024914509037616
-0.019047386419149978
-0.01998534440644846
-0.018930141670737664
-0.020043966780654617
-0.018935026868588178
-0.01996580361504641
-0.01895945285784074
-0.02
-0.018920371275036638
-0.01997068881289692
-0.018861748900830484
-0.020073277967757694
-0.018812896922325354
-0.020014655593551537
-0.019013190034196385
-0.020024425989252564
-0.018964338055691254
-0.019941377625793844
-0.01885686370297997
-0.020097703957010257
-0.01895945285784074
-0.0197361993160723
-0.01897410845139228
-0.019975574010747434
-0.018969223253541768
-0.019960918417195897
-0.019003419638495358
-0.01996580361504641
-0.019003419638495358
-0.019946262823644357
-0.01898876404494382
-0.020004885197850514
-0.018910600879335614
-0.01997068881289692
-0.018866634098680998
-0.020087933561309234
-0.018915486077186124
-0.019926722032242307
-0.019027845627747925
-0.019794821690278457
-0.018900830483634588
-0.019946262823644357
-0.019003419638495358
-0.019892525647288713
-0.018847093307278944
-0.020058622374206157
-0.018944797264289204
-0.020014655593551537
-0.01889106008793356
-0.019980459208597947
-0.01895945285784074
-0.01995114802149487
-0.019013190034196385
-0.01995114802149487
-0.01893991206643869
-0.020029311187103077
-0.019135319980459208
-0.019975574010747434
-0.01904250122129946
-0.02
-0.01887151929653151
-0.019780166096726916
-0.018847093307278944
-0.01996580361504641
-0.019145090376160235
-0.019926722032242307
-0.01889106008793356
-0.01990229604298974
-0.018998534440644844
-0.01997068881289692
-0.01885686370297997
-0.019960918417195897
-0.018949682462139718
-0.019960918417195897
-0.01898876404494382
-0.019921836834391794
-0.019047386419149978
-0.02004885197850513
-0.018895945285784074
-0.01997068881289692
-0.01885686370297997
-0.020014655593551537
-0.01889106008793356
-0.019946262823644357
-0.018920371275036638
-0.019926722032242307
-0.01887151929653151
-0.020097703957010257
-0.018817782120175867
-0.020039081582804107
-0.01884220810942843
-0.019980459208597947
-0.01887151929653151
-0.02008304836345872
-0.01902296042989741
-0.020073277967757694
-0.018915486077186124
-0.01993649242794333
-0.018910600879335614
-0.02
-0.018812896922325354
-0.019941377625793844
-0.01893991206643869
-0.020092818759159744
-0.018935026868588178
-0.019921836834391794
-0.018954567659990228
-0.01993649242794333
-0.018764044943820224
-0.02004885197850513
-0.018866634098680998
-0.019877870053737177
-0.01885686370297997
-0.019990229604298974
-0.018778700537371764
-0.01981924767953102
-0.018847093307278944
-0.01998534440644846
-0.01887640449438202
-0.0198485588666341
-0.01872496336101612
-0.019863214460185637
-0.018969223253541768
-0.020122129946262824
-0.018954567659990228
-0.020078163165608207
-0.018881289692232534
-0.019975574010747434
-0.018881289692232534
-0.02001954079140205
-0.0189057156814851
-0.020039081582804107
-0.018969223253541768
-0.01995114802149487
-0.01899364924279433
-0.01998534440644846
-0.018978993649242795
-0.02017098192476795
-0.01887640449438202
-0.019975574010747434
-0.018944797264289204
-0.01993649242794333
-0.018935026868588178
-0.01998534440644846
-0.018944797264289204
-0.020004885197850514
-0.018978993649242795
-0.019912066438690767
-0.019018075232046898
-0.020043966780654617
-0.01875915974596971
-0.019897410845139227
-0.018915486077186124
-0.019897410845139227
-0.01897410845139228
-0.020024425989252564
-0.018915486077186124
-0.019921836834391794
-0.0189057156814851
-0.020039081582804107
-0.018881289692232534
-0.019838788470933073
-0.019018075232046898
-0.01991695163654128
-0.01895945285784074
-0.01988275525158769
-0.0187933561309233
-0.019921836834391794
-0.01897410845139228
-0.02006350757205667
-0.01893991206643869
-0.020009770395701024
-0.0189057156814851
-0.019980459208597947
-0.018866634098680998
-0.01988275525158769
-0.01893991206643869
-0.020009770395701024
-0.01885686370297997
-0.020112359550561797
-0.018783585735222277
-0.019926722032242307
-0.018827552515876894
-0.019980459208597947
-0.018886174890083048
-0.019941377625793844
-0.01900830483634587
-0.019838788470933073
-0.01867122618466048
-0.020039081582804107
-0.0187933561309233
-0.019755740107474353
-0.018881289692232534
-0.02006839276990718
-0.01902296042989741
-0.02001954079140205
-0.018983878847093308
-0.020004885197850514
-0.018866634098680998
-0.020043966780654617
-0.018837322911577917
-0.019995114802149487
-0.01895945285784074
-0.02004885197850513
-0.0189057156814851
-0.02
-0.0189057156814851
-0.019877870053737177
-0.018812896922325354
-0.02004885197850513
-0.018915486077186124
-0.019892525647288713
-0.01900830483634587
-0.020004885197850514
-0.01893991206643869
-0.01996580361504641
-0.01878847093307279
-0.019843673668783587
-0.018900830483634588
-0.020029311187103077
-0.018861748900830484
-0.01981924767953102
-0.018812896922325354
-0.019926722032242307
-0.0189057156814851
-0.01996580361504641
-0.018949682462139718
-0.01986809965803615
-0.01877381533952125
-0.019897410845139227
-0.018910600879335614
-0.019975574010747434
-0.01885686370297997
-0.020029311187103077
-0.01884220810942843
-0.020092818759159744
-0.018920371275036638
-0.02006839276990718
-0.01895945285784074
-0.019941377625793844
-0.018895945285784074
-0.019892525647288713
-0.0187933561309233
-0.019863214460185637
-0.018851978505129457
-0.01995114802149487
-0.018964338055691254
-0.020078163165608207
-0.018847093307278944
-0.02
-0.01884220810942843
-0.019956033219345384
-0.01902296042989741
-0.020039081582804107
-0.01897410845139228
-0.019912066438690767
-0.01893991206643869
-0.019897410845139227
-0.019037616023448948
-0.020053737176355644
-0.01900830483634587
-0.01979970688812897
-0.018930141670737664
-0.020078163165608207
-0.018861748900830484
-0.019960918417195897
-0.018930141670737664
-0.019877870053737177
-0.01899364924279433
-0.020078163165608207
-0.018886174890083048
-0.019838788470933073
-0.018900830483634588
-0.020029311187103077
-0.0187933561309233
-0.01995114802149487
-0.019018075232046898
-0.019921836834391794
-0.018949682462139718
-0.019960918417195897
-0.018930141670737664
-0.01998534440644846
-0.019037616023448948
-0.020034196384953587
-0.01887151929653151
-0.020043966780654617
-0.018915486077186124
-0.01995114802149487
-0.0186419149975574
-0.019995114802149487
-0.018798241328773814
-0.019892525647288713
-0.018983878847093308
-0.019921836834391794
-0.018910600879335614
-0.019887640449438203
-0.01895945285784074
-0.019960918417195897
-0.018798241328773814
-0.019980459208597947
-0.018930141670737664
-0.019775280898876403
-0.018812896922325354
-0.020029311187103077
-0.018837322911577917
-0.019956033219345384
-0.018866634098680998
-0.019975574010747434
-0.018964338055691254
-0.01998534440644846
-0.018832437713727404
-0.02006350757205667
-0.018881289692232534
-0.01985344406448461
-0.01884220810942843
-0.019877870053737177
-0.019027845627747925
-0.020097703957010257
-0.018886174890083048
-0.020034196384953587
-0.01889106008793356
-0.019863214460185637
-0.018983878847093308
-0.020058622374206157
-0.018700537371763557
-0.019995114802149487
-0.018827552515876894
-0.01988275525158769
-0.019013190034196385
-0.01983390327308256
-0.01873961895456766
-0.019892525647288713
-0.0189057156814851
-0.019897410845139227
-0.018798241328773814
-0.020039081582804107
-0.018837322911577917
-0.01995114802149487
-0.018949682462139718
-0.019960918417195897
-0.018837322911577917
-0.01988275525158769
-0.0189057156814851
-0.019863214460185637
-0.01877381533952125
-0.019946262823644357
-0.018827552515876894
-0.01993649242794333
-0.018832437713727404
-0.01981924767953102
-0.018817782120175867
-0.01977039570102589
-0.01878847093307279
-0.01998534440644846
-0.01885686370297997
-0.02006350757205667
-0.018954567659990228
-0.019931607230092817
-0.018764044943820224
-0.01991695163654128
-0.018832437713727404
-0.01991695163654128
-0.018949682462139718
-0.020058622374206157
-0.018915486077186124
-0.019912066438690767
-0.018949682462139718
-0.020014655593551537
-0.01887640449438202
-0.01981924767953102
-0.018783585735222277
-0.01990229604298974
-0.018778700537371764
-0.01993649242794333
-0.018847093307278944
-0.01990229604298974
-0.018729848558866634
-0.019956033219345384
-0.01897410845139228
-0.019941377625793844
-0.018900830483634588
-0.01993649242794333
-0.018930141670737664
-0.019926722032242307
-0.01884220810942843
-0.019960918417195897
-0.01902296042989741
-0.019892525647288713
-0.01885686370297997
-0.019877870053737177
-0.01873961895456766
-0.020004885197850514
-0.018832437713727404
-0.019907181240840253
-0.01895945285784074
-0.019931607230092817
-0.018861748900830484
-0.020009770395701024
-0.018881289692232534
-0.020034196384953587
-0.018817782120175867
-0.01997068881289692
-0.018935026868588178
-0.020014655593551537
-0.01898876404494382
-0.019990229604298974
-0.018978993649242795
-0.02017098192476795
-0.018783585735222277
-0.019858329262335123
-0.01900830483634587
-0.019887640449438203
-0.018978993649242795
-0.020029311187103077
-0.01889106008793356
-0.019956033219345384
-0.018944797264289204
-0.019814362481680507
-0.018832437713727404
-0.019775280898876403
-0.019027845627747925
-0.01975085490962384
-0.01895945285784074
-0.02001954079140205
-0.018812896922325354
-0.019990229604298974
-0.01892525647288715
-0.019931607230092817
-0.018886174890083048
-0.01996580361504641
-0.018827552515876894
-0.019863214460185637
-0.018920371275036638
-0.019912066438690767
-0.01899364924279433
-0.01993649242794333
-0.01898876404494382
-0.019946262823644357
-0.018817782120175867
-0.02008304836345872
-0.019003419638495358
-0.019946262823644357
-0.019057156814851
-0.01998534440644846
-0.018920371275036638
-0.020004885197850514
-0.018895945285784074
-0.020004885197850514
-0.01897410845139228
-0.019941377625793844
-0.019003419638495358
-0.019912066438690767
-0.01902296042989741
-0.01986809965803615
-0.018881289692232534
-0.01993649242794333
-0.01899364924279433
-0.019990229604298974
-0.0189057156814851
-0.020107474352711284
-0.01878847093307279
-0.019858329262335123
-0.018886174890083048
-0.019995114802149487
-0.018798241328773814
-0.020029311187103077
-0.01892525647288715
-0.01995114802149487
-0.018866634098680998
-0.020058622374206157
-0.01873961895456766
-0.019872984855886663
-0.01897410845139228
-0.01998534440644846
-0.018861748900830484
-0.01996580361504641
-0.01887640449438202
-0.019980459208597947
-0.01897410845139228
-0.020043966780654617
-0.01875915974596971
-0.019863214460185637
-0.01893991206643869
-0.019877870053737177
-0.018847093307278944
-0.01995114802149487
-0.01898876404494382
-0.019926722032242307
-0.019057156814851
-0.019960918417195897
-0.018832437713727404
-0.019995114802149487
-0.018827552515876894
-0.01991695163654128
-0.01877381533952125
-0.020053737176355644
-0.018964338055691254
-0.019946262823644357
-0.018944797264289204
-0.020034196384953587
-0.01889106008793356
-0.01996580361504641
-0.018764044943820224
-0.019829018075232047
-0.018886174890083048
-0.019872984855886663
-0.018983878847093308
-0.019745969711773326
-0.01889106008793356
-0.02001954079140205
-0.018910600879335614
-0.020053737176355644
-0.018817782120175867
-0.0198485588666341
-0.018837322911577917
-0.02001954079140205
-0.01908646800195408
-0.019931607230092817
-0.01895945285784074
-0.020097703957010257
-0.0187933561309233
-0.0198485588666341
-0.018764044943820224
-0.01993649242794333
-0.018920371275036638
-0.019863214460185637
-0.018866634098680998
-0.019872984855886663
-0.018754274548119197
-0.020039081582804107
-0.01884220810942843
-0.020004885197850514
-0.01887640449438202
-0.019956033219345384
-0.018949682462139718
-0.019975574010747434
-0.018920371275036638
-0.019990229604298974
-0.01875915974596971
-0.01996580361504641
-0.018783585735222277
-0.02006839276990718
-0.01899364924279433
-0.020009770395701024
-0.01887151929653151
-0.01990229604298974
-0.018900830483634588
-0.01996580361504641
-0.01878847093307279
-0.019912066438690767
-0.01873961895456766
-0.019980459208597947
-0.018964338055691254
-0.019931607230092817
-0.018812896922325354
-0.019926722032242307
-0.01882266731802638
-0.02006839276990718
-0.01878847093307279
-0.0201514411333659
-0.01875915974596971
-0.019897410845139227
-0.018944797264289204
-0.01996580361504641
-0.018978993649242795
-0.019941377625793844
-0.019101123595505618
-0.019975574010747434
-0.018749389350268687
-0.02
-0.018886174890083048
-0.01993649242794333
-0.01885686370297997
-0.019872984855886663
-0.018978993649242795
-0.02
-0.018910600879335614
-0.019809477283829993
-0.01875915974596971
-0.02004885197850513
-0.018851978505129457
-0.019760625305324866
-0.018920371275036638
-0.019931607230092817
-0.01878847093307279
-0.020014655593551537
-0.018930141670737664
-0.02
-0.018895945285784074
-0.019960918417195897
-0.018866634098680998
-0.020092818759159744
-0.018861748900830484
-0.019863214460185637
-0.018798241328773814
-0.019990229604298974
-0.018895945285784074
-0.01993649242794333
-0.018812896922325354
-0.019980459208597947
-0.01889106008793356
-0.020004885197850514
-0.018803126526624327
-0.020034196384953587
-0.018915486077186124
-0.019980459208597947
-0.018866634098680998
-0.019980459208597947
-0.018900830483634588
-0.01997068881289692
-0.01895945285784074
-0.019892525647288713
-0.018817782120175867
-0.019892525647288713
-0.018832437713727404
-0.01991695163654128
-0.018720078163165607
-0.020024425989252564
-0.018881289692232534
-0.020004885197850514
-0.01872496336101612
-0.01988275525158769
-0.0189057156814851
-0.01990229604298974
-0.018915486077186124
-0.019975574010747434
-0.018944797264289204
-0.020004885197850514
-0.018861748900830484
-0.019863214460185637
-0.018983878847093308
-0.019872984855886663
-0.01887151929653151
-0.02001954079140205
-0.01872496336101612
-0.019926722032242307
-0.01885686370297997
-0.019877870053737177
-0.01887151929653151
-0.02006839276990718
-0.018930141670737664
-0.019960918417195897
-0.018895945285784074
-0.020009770395701024
-0.019003419638495358
-0.01995114802149487
-0.018861748900830484
-0.019760625305324866
-0.018778700537371764
-0.020117244748412314
-0.018803126526624327
-0.019975574010747434
-0.01895945285784074
-0.019863214460185637
-0.01887151929653151
-0.020039081582804107
-0.018915486077186124
-0.019931607230092817
-0.018930141670737664
-0.019980459208597947
-0.01875915974596971
-0.019980459208597947
-0.018803126526624327
-0.01983390327308256
-0.018920371275036638
-0.019897410845139227
-0.018749389350268687
-0.01981924767953102
-0.01870542256961407
-0.019912066438690767
-0.01884220810942843
-0.01983390327308256
-0.018749389350268687
-0.019990229604298974
-0.01880801172447484
-0.01998534440644846
-0.018837322911577917
-0.01995114802149487
-0.018847093307278944
-0.019912066438690767
-0.01882266731802638
-0.019960918417195897
-0.018764044943820224
-0.019960918417195897
-0.018930141670737664
-0.020004885197850514
-0.0189057156814851
-0.01986809965803615
-0.018715192965315094
-0.01991695163654128
-0.018729848558866634
-0.01979970688812897
-0.018900830483634588
-0.019921836834391794
-0.018646800195407914
-0.019912066438690767
-0.018851978505129457
-0.01991695163654128
-0.018861748900830484
-0.02001954079140205
-0.01877381533952125
-0.01990229604298974
-0.01870542256961407
-0.019990229604298974
-0.018837322911577917
-0.019921836834391794
-0.018944797264289204
-0.01991695163654128
-0.018827552515876894
-0.019814362481680507
-0.018954567659990228
-0.019872984855886663
-0.018886174890083048
-0.019980459208597947
-0.018817782120175867
-0.0198485588666341
-0.0189057156814851
-0.019995114802149487
-0.019003419638495358
-0.019838788470933073
-0.018944797264289204
-0.019921836834391794
-0.018734733756717147
-0.019941377625793844
-0.018935026868588178
-0.019975574010747434
-0.018851978505129457
-0.019804592085979483
-0.01878847093307279
-0.01988275525158769
-0.018832437713727404
-0.019814362481680507
-0.018881289692232534
-0.01985344406448461
-0.018881289692232534
-0.01983390327308256
-0.018744504152418174
-0.01975085490962384
-0.018920371275036638
-0.01995114802149487
-0.018700537371763557
-0.020009770395701024
-0.018935026868588178
-0.020034196384953587
-0.01898876404494382
-0.019858329262335123
-0.018866634098680998
-0.019775280898876403
-0.018930141670737664
-0.019941377625793844
-0.01877381533952125
-0.019892525647288713
-0.0189057156814851
-0.020043966780654617
-0.01877381533952125
-0.020092818759159744
-0.01898876404494382
-0.019960918417195897
-0.018851978505129457
-0.01996580361504641
-0.018837322911577917
-0.01977039570102589
-0.018895945285784074
-0.01990229604298974
-0.018851978505129457
-0.01981924767953102
-0.018949682462139718
-0.02001954079140205
-0.018978993649242795
-0.019838788470933073
-0.01877381533952125
-0.01996580361504641
-0.01884220810942843
-0.019892525647288713
-0.018969223253541768
-0.01986809965803615
-0.018944797264289204
-0.01995114802149487
-0.01885686370297997
-0.019975574010747434
-0.01884220810942843
-0.019863214460185637
-0.018915486077186124
-0.019863214460185637
-0.01875915974596971
-0.019829018075232047
-0.018920371275036638
-0.01990229604298974
-0.018764044943820224
-0.019941377625793844
-0.018710307767464584
-0.019931607230092817
-0.018778700537371764
-0.019931607230092817
-0.018847093307278944
-0.019941377625793844
-0.018847093307278944
-0.019877870053737177
-0.018817782120175867
-0.019941377625793844
-0.018851978505129457
-0.01988275525158769
-0.018978993649242795
-0.019931607230092817
-0.018910600879335614
-0.019814362481680507
-0.018886174890083048
-0.019863214460185637
-0.018798241328773814
-0.019829018075232047
-0.01895945285784074
-0.01993649242794333
-0.018861748900830484
-0.019912066438690767
-0.018715192965315094
-0.020004885197850514
-0.018895945285784074
-0.01988275525158769
-0.01869076697606253
-0.019980459208597947
-0.01884220810942843
-0.019931607230092817
-0.018832437713727404
-0.020014655593551537
-0.018817782120175867
-0.019931607230092817
-0.01889106008793356
-0.01988275525158769
-0.018837322911577917
-0.019960918417195897
-0.01878847093307279
-0.019858329262335123
-0.018847093307278944
-0.019863214460185637
-0.018837322911577917
-0.01993649242794333
-0.01878847093307279
-0.020024425989252564
-0.018778700537371764
-0.019824132877381533
-0.018744504152418174
-0.01991695163654128
-0.018895945285784074
-0.01998534440644846
-0.018930141670737664
-0.01995114802149487
-0.01898876404494382
-0.01998534440644846
-0.01887151929653151
-0.01997068881289692
-0.01880801172447484
-0.019941377625793844
-0.01884220810942843
-0.019960918417195897
-0.018861748900830484
-0.020058622374206157
-0.018920371275036638
-0.020087933561309234
-0.018803126526624327
-0.020073277967757694
-0.0189057156814851
-0.019960918417195897
-0.018827552515876894
-0.01988275525158769
-0.018851978505129457
-0.019990229604298974
-0.0189057156814851
-0.019804592085979483
-0.018798241328773814
-0.01993649242794333
-0.0187933561309233
-0.019877870053737177
-0.01893991206643869
-0.019921836834391794
-0.01885686370297997
-0.019912066438690767
-0.01887640449438202
-0.019946262823644357
-0.01873961895456766
-0.02004885197850513
-0.018729848558866634
-0.019863214460185637
-0.018803126526624327
-0.019897410845139227
-0.018832437713727404
-0.01996580361504641
-0.018910600879335614
-0.020058622374206157
-0.01877381533952125
-0.020043966780654617
-0.018812896922325354
-0.01988275525158769
-0.018803126526624327
-0.01997068881289692
-0.01887151929653151
-0.019990229604298974
-0.01902296042989741
-0.020034196384953587
-0.018895945285784074
-0.019995114802149487
-0.01897410845139228
-0.01998534440644846
-0.018949682462139718
-0.01997068881289692
-0.01884220810942843
-0.019892525647288713
-0.018998534440644844
-0.01988275525158769
-0.018768930141670737
-0.019995114802149487
-0.018978993649242795
-0.019863214460185637
-0.019013190034196385
-0.019877870053737177
-0.01873961895456766
-0.019941377625793844
-0.018969223253541768
-0.019975574010747434
-0.01884220810942843
-0.019912066438690767
-0.018847093307278944
-0.020014655593551537
-0.01878847093307279
-0.019975574010747434
-0.01882266731802638
-0.020004885197850514
-0.01887640449438202
-0.020004885197850514
-0.01873961895456766
-0.020087933561309234
-0.018685881778212017
-0.019980459208597947
-0.018803126526624327
-0.019931607230092817
-0.01877381533952125
-0.020078163165608207
-0.018895945285784074
-0.019946262823644357
-0.018768930141670737
-0.01998534440644846
-0.018964338055691254
-0.01977039570102589
-0.019047386419149978
-0.019941377625793844
-0.01889106008793356
-0.019956033219345384
-0.01884220810942843
-0.02008304836345872
-0.018969223253541768
-0.019780166096726916
-0.018910600879335614
-0.019980459208597947
-0.018861748900830484
-0.01996580361504641
-0.018920371275036638
-0.019941377625793844
-0.018900830483634588
-0.01990229604298974
-0.018895945285784074
-0.01997068881289692
-0.01887640449438202
-0.01995114802149487
-0.018949682462139718
-0.01997068881289692
-0.01877381533952125
-0.019960918417195897
-0.018920371275036638
-0.020004885197850514
-0.01877381533952125
-0.020073277967757694
-0.018886174890083048
-0.01990229604298974
-0.018866634098680998
-0.019946262823644357
-0.01898876404494382
-0.01983390327308256
-0.01899364924279433
-0.01998534440644846
-0.018817782120175867
-0.019912066438690767
-0.018661455788959454
-0.01985344406448461
-0.01904250122129946
-0.019956033219345384
-0.018744504152418174
-0.019863214460185637
-0.018949682462139718
-0.019946262823644357
-0.018881289692232534
-0.019946262823644357
-0.01887151929653151
-0.01981924767953102
-0.019135319980459208
-0.01995114802149487
-0.018935026868588178
-0.019887640449438203
-0.018881289692232534
-0.019892525647288713
-0.01869076697606253
-0.020004885197850514
-0.01872496336101612
-0.019921836834391794
-0.01875915974596971
-0.01991695163654128
-0.018832437713727404
-0.019877870053737177
-0.018944797264289204
-0.01993649242794333
-0.018812896922325354
-0.01996580361504641
-0.01873961895456766
-0.019941377625793844
-0.018881289692232534
-0.020029311187103077
-0.01887151929653151
-0.01986809965803615
-0.01884220810942843
-0.019960918417195897
-0.018783585735222277
-0.019887640449438203
-0.018720078163165607
-0.01990229604298974
-0.018910600879335614
-0.01981924767953102
-0.01900830483634587
-0.019921836834391794
-0.018949682462139718
-0.01991695163654128
-0.018637029799706887
-0.019980459208597947
-0.01880801172447484
-0.019995114802149487
-0.018920371275036638
-0.019897410845139227
-0.018915486077186124
-0.019809477283829993
-0.018851978505129457
-0.01998534440644846
-0.01885686370297997
-0.019907181240840253
-0.018749389350268687
-0.019941377625793844
-0.018744504152418174
-0.02
-0.018817782120175867
-0.019980459208597947
-0.018910600879335614
-0.020043966780654617
-0.01884220810942843
-0.01981924767953102
-0.018778700537371764
-0.01977039570102589
-0.01892525647288715
-0.019789936492427943
-0.018861748900830484
-0.019980459208597947
-0.018964338055691254
-0.01998534440644846
-0.018861748900830484
-0.01995114802149487
-0.018685881778212017
-0.019912066438690767
-0.018866634098680998
-0.019921836834391794
-0.018847093307278944
-0.019921836834391794
-0.018881289692232534
-0.01991695163654128
-0.019003419638495358
-0.019921836834391794
-0.01884220810942843
-0.019858329262335123
-0.019066927210552028
-0.01998534440644846
-0.018847093307278944
-0.020014655593551537
-0.018803126526624327
-0.01983390327308256
-0.018866634098680998
-0.01993649242794333
-0.019120664386907668
-0.01985344406448461
-0.01887640449438202
-0.019809477283829993
-0.01892525647288715
-0.019907181240840253
-0.018817782120175867
-0.01990229604298974
-0.018861748900830484
-0.019863214460185637
-0.019013190034196385
-0.01976551050317538
-0.018910600879335614
-0.020092818759159744
-0.018920371275036638
-0.02008304836345872
-0.01892525647288715
-0.01997068881289692
-0.018954567659990228
-0.019975574010747434
-0.018851978505129457
-0.019990229604298974
-0.018866634098680998
-0.020034196384953587
-0.01893991206643869
-0.01993649242794333
-0.018847093307278944
-0.019892525647288713
-0.01884220810942843
-0.020024425989252564
-0.018715192965315094
-0.01983390327308256
-0.01885686370297997
-0.019829018075232047
-0.018964338055691254
-0.019926722032242307
-0.018964338055691254
-0.019897410845139227
-0.01875915974596971
-0.019829018075232047
-0.018812896922325354
-0.02001954079140205
-0.018935026868588178
-0.02016609672691744
-0.018978993649242795
-0.019858329262335123
-0.01908646800195408
-0.019921836834391794
-0.01867122618466048
-0.01985344406448461
-0.018978993649242795
-0.01993649242794333
-0.01885686370297997
-0.019677576941866146
-0.018803126526624327
-0.020004885197850514
-0.018949682462139718
-0.019843673668783587
-0.01887151929653151
-0.01985344406448461
-0.018803126526624327
-0.02004885197850513
-0.018930141670737664
-0.01993649242794333
-0.0187933561309233
-0.019824132877381533
-0.01892525647288715
-0.019941377625793844
-0.018744504152418174
-0.019863214460185637
-0.018881289692232534
-0.01981924767953102
-0.018978993649242795
-0.019843673668783587
-0.018729848558866634
-0.019941377625793844
-0.018949682462139718
-0.01991695163654128
-0.018851978505129457
-0.02001954079140205
-0.0186419149975574
-0.01998534440644846
-0.018935026868588178
-0.020053737176355644
-0.0189057156814851
-0.019926722032242307
-0.01878847093307279
-0.02
-0.01870542256961407
-0.019897410845139227
-0.018812896922325354
-0.01991695163654128
-0.0189057156814851
-0.019887640449438203
-0.018798241328773814
-0.019877870053737177
-0.01877381533952125
-0.01991695163654128
-0.018861748900830484
-0.019926722032242307
-0.018710307767464584
-0.01995114802149487
-0.018803126526624327
-0.01991695163654128
-0.01869076697606253
-0.019941377625793844
-0.01880801172447484
-0.019804592085979483
-0.01899364924279433
-0.019956033219345384
-0.01872496336101612
-0.019872984855886663
-0.01902296042989741
-0.019921836834391794
-0.018935026868588178
-0.01986809965803615
-0.018881289692232534
-0.0198485588666341
-0.018812896922325354
-0.02001954079140205
-0.018915486077186124
-0.020034196384953587
-0.01877381533952125
-0.019892525647288713
-0.01884220810942843
-0.019995114802149487
-0.018817782120175867
-0.01993649242794333
-0.01875915974596971
-0.019926722032242307
-0.018866634098680998
-0.020024425989252564
-0.018847093307278944
-0.01986809965803615
-0.01878847093307279
-0.019872984855886663
-0.01895945285784074
-0.019975574010747434
-0.018881289692232534
-0.019941377625793844
-0.01872496336101612
-0.01995114802149487
-0.018720078163165607
-0.019931607230092817
-0.018832437713727404
-0.01985344406448461
-0.018861748900830484
-0.019892525647288713
-0.018783585735222277
-0.01997068881289692
-0.018964338055691254
-0.019960918417195897
-0.018895945285784074
-0.020078163165608207
-0.018812896922325354
-0.019892525647288713
-0.018827552515876894
-0.019887640449438203
-0.01884220810942843
-0.019907181240840253
-0.018754274548119197
-0.019809477283829993
-0.01882266731802638
-0.01981924767953102
-0.018900830483634588
-0.01996580361504641
-0.018729848558866634
-0.019887640449438203
-0.018720078163165607
-0.01998534440644846
-0.018783585735222277
-0.01986809965803615
-0.018895945285784074
-0.019745969711773326
-0.018847093307278944
-0.01998534440644846
-0.018695652173913044
-0.019872984855886663
-0.018764044943820224
-0.020004885197850514
-0.01873961895456766
-0.019931607230092817
-0.018881289692232534
-0.019892525647288713
-0.0187933561309233
-0.019926722032242307
-0.018969223253541768
-0.019907181240840253
-0.01878847093307279
-0.019872984855886663
-0.018729848558866634
-0.0198485588666341
-0.01884220810942843
-0.01993649242794333
-0.0187933561309233
-0.019907181240840253
-0.01885686370297997
-0.019775280898876403
-0.018817782120175867
-0.0197361993160723
-0.01885686370297997
-0.01995114802149487
-0.018812896922325354
-0.01991695163654128
-0.018851978505129457
-0.01996580361504641
-0.01877381533952125
-0.019741084513922813
-0.018700537371763557
-0.019858329262335123
-0.01887151929653151
-0.020043966780654617
-0.018710307767464584
-0.019926722032242307
-0.018803126526624327
-0.01990229604298974
-0.01892525647288715
-0.019990229604298974
-0.01875915974596971
-0.01986809965803615
-0.018597948216902783
-0.019814362481680507
-0.01877381533952125
-0.01993649242794333
-0.01875915974596971
-0.019863214460185637
-0.018983878847093308
-0.01983390327308256
-0.018812896922325354
-0.019921836834391794
-0.018812896922325354
-0.019829018075232047
-0.01882266731802638
-0.01991695163654128
-0.018847093307278944
-0.019824132877381533
-0.01869076697606253
-0.019941377625793844
-0.018817782120175867
-0.019907181240840253
-0.01885686370297997
-0.01983390327308256
-0.01892525647288715
-0.019990229604298974
-0.018754274548119197
-0.019990229604298974
-0.018729848558866634
-0.01991695163654128
-0.018861748900830484
-0.019872984855886663
-0.018817782120175867
-0.019892525647288713
-0.018920371275036638
-0.019877870053737177
-0.018720078163165607
-0.02
-0.018729848558866634
-0.019941377625793844
-0.018954567659990228
-0.01996580361504641
-0.018734733756717147
-0.020014655593551537
-0.01887640449438202
-0.01985344406448461
-0.018881289692232534
-0.019980459208597947
-0.018881289692232534
-0.01993649242794333
-0.018837322911577917
-0.019872984855886663
-0.018734733756717147
-0.01991695163654128
-0.01878847093307279
-0.01986809965803615
-0.018866634098680998
-0.01996580361504641
-0.018812896922325354
-0.020039081582804107
-0.018851978505129457
-0.019921836834391794
-0.018866634098680998
-0.01986809965803615
-0.018915486077186124
-0.019990229604298974
-0.018920371275036638
-0.019892525647288713
-0.01884220810942843
-0.019809477283829993
-0.018866634098680998
-0.019931607230092817
-0.018954567659990228
-0.019990229604298974
-0.018949682462139718
-0.0197361993160723
-0.018900830483634588
-0.0198485588666341
-0.018930141670737664
-0.019926722032242307
-0.01884220810942843
-0.019872984855886663
-0.018827552515876894
-0.019804592085979483
-0.018749389350268687
-0.01988275525158769
-0.018886174890083048
-0.01988275525158769
-0.018734733756717147
-0.019814362481680507
-0.01878847093307279
-0.019892525647288713
-0.018915486077186124
-0.019946262823644357
-0.018803126526624327
-0.01977039570102589
-0.019003419638495358
-0.019887640449438203
-0.018866634098680998
-0.019838788470933073
-0.018910600879335614
-0.01996580361504641
-0.018837322911577917
-0.019887640449438203
-0.018695652173913044
-0.01995114802149487
-0.018778700537371764
-0.019912066438690767
-0.018764044943820224
-0.019794821690278457
-0.018764044943820224
-0.019926722032242307
-0.01877381533952125
-0.019907181240840253
-0.01902296042989741
-0.01996580361504641
-0.018803126526624327
-0.019907181240840253
-0.018930141670737664
-0.01997068881289692
-0.01885686370297997
-0.019995114802149487
-0.018881289692232534
-0.019794821690278457
-0.018812896922325354
-0.01986809965803615
-0.018749389350268687
-0.02004885197850513
-0.018930141670737664
-0.0198485588666341
-0.01880801172447484
-0.019838788470933073
-0.018803126526624327
-0.01998534440644846
-0.018930141670737664
-0.019843673668783587
-0.018734733756717147
-0.020014655593551537
-0.01887640449438202
-0.019892525647288713
-0.018837322911577917
-0.01986809965803615
-0.01867611138251099
-0.019863214460185637
-0.018886174890083048
-0.01991695163654128
-0.018847093307278944
-0.019912066438690767
-0.018661455788959454
-0.019731314118221786
-0.018646800195407914
-0.01996580361504641
-0.0187933561309233
-0.019858329262335123
-0.019013190034196385
-0.019995114802149487
-0.018754274548119197
-0.019843673668783587
-0.018895945285784074
-0.019931607230092817
-0.018778700537371764
-0.020034196384953587
-0.01884220810942843
-0.01995114802149487
-0.018817782120175867
-0.01985344406448461
-0.018866634098680998
-0.019990229604298974
-0.018886174890083048
-0.019789936492427943
-0.018715192965315094
-0.019931607230092817
-0.018861748900830484
-0.01988275525158769
-0.018847093307278944
-0.01979970688812897
-0.018837322911577917
-0.019931607230092817
-0.018886174890083048
-0.019872984855886663
-0.018964338055691254
-0.019804592085979483
-0.018881289692232534
-0.019960918417195897
-0.01873961895456766
-0.019921836834391794
-0.019125549584758185
-0.01988275525158769
-0.018964338055691254
-0.019897410845139227
-0.018983878847093308
-0.020180752320468977
-0.018832437713727404
-0.01976551050317538
-0.01882266731802638
-0.019921836834391794
-0.018812896922325354
-0.0198485588666341
-0.01882266731802638
-0.019926722032242307
-0.018798241328773814
-0.019887640449438203
-0.018720078163165607
-0.019745969711773326
-0.018744504152418174
-0.01991695163654128
-0.01877381533952125
-0.019956033219345384
-0.018637029799706887
-0.01983390327308256
-0.018700537371763557
-0.019907181240840253
-0.018602833414753297
-0.019960918417195897
-0.01878847093307279
-0.01995114802149487
-0.01884220810942843
-0.020078163165608207
-0.01887151929653151
-0.019887640449438203
-0.018646800195407914
-0.019780166096726916
-0.018827552515876894
-0.01983390327308256
-0.018935026868588178
-0.019809477283829993
-0.018837322911577917
-0.019887640449438203
-0.018915486077186124
-0.019794821690278457
-0.018729848558866634
-0.019941377625793844
-0.01887640449438202
-0.019872984855886663
-0.018851978505129457
-0.019956033219345384
-0.018817782120175867
-0.019829018075232047
-0.018969223253541768
-0.01997068881289692
-0.018920371275036638
-0.019887640449438203
-0.01880801172447484
-0.01983390327308256
-0.018866634098680998
-0.01988275525158769
-0.018734733756717147
-0.019912066438690767
-0.018798241328773814
-0.019921836834391794
-0.01884220810942843
-0.020029311187103077
-0.01884220810942843
-0.019775280898876403
-0.018749389350268687
-0.019887640449438203
-0.018900830483634588
-0.019956033219345384
-0.01897410845139228
-0.019745969711773326
-0.018710307767464584
-0.01990229604298974
-0.01875915974596971
-0.01997068881289692
-0.018851978505129457
-0.01988275525158769
-0.018920371275036638
-0.019960918417195897
-0.018935026868588178
-0.01991695163654128
-0.018710307767464584
-0.019897410845139227
-0.018798241328773814
-0.019760625305324866
-0.01869076697606253
-0.019829018075232047
-0.018812896922325354
-0.019921836834391794
-0.018729848558866634
-0.019897410845139227
-0.01878847093307279
-0.019872984855886663
-0.018768930141670737
-0.019809477283829993
-0.01875915974596971
-0.020024425989252564
-0.0189057156814851
-0.019824132877381533
-0.018749389350268687
-0.019721543722520763
-0.01865657059110894
-0.019760625305324866
-0.018568637029799707
-0.019809477283829993
-0.018861748900830484
-0.019960918417195897
-0.01872496336101612
-0.01991695163654128
-0.01889106008793356
-0.019956033219345384
-0.01885686370297997
-0.01986809965803615
-0.018729848558866634
-0.01986809965803615
-0.018832437713727404
-0.01997068881289692
-0.01878847093307279
-0.019809477283829993
-0.01875915974596971
-0.01986809965803615
-0.018827552515876894
-0.019926722032242307
-0.018729848558866634
-0.019643380556912556
-0.018827552515876894
-0.01985344406448461
-0.01882266731802638
-0.019843673668783587
-0.01880801172447484
-0.01993649242794333
-0.018729848558866634
-0.020029311187103077
-0.018744504152418174
-0.019843673668783587
-0.018827552515876894
-0.019858329262335123
-0.018832437713727404
-0.019956033219345384
-0.018803126526624327
-0.019892525647288713
-0.018881289692232534
-0.0198485588666341
-0.018803126526624327
-0.01985344406448461
-0.018803126526624327
-0.01995114802149487
-0.01877381533952125
-0.01993649242794333
-0.01882266731802638
-0.020053737176355644
-0.018680996580361504
-0.019921836834391794
-0.018783585735222277
-0.019887640449438203
-0.018866634098680998
-0.019887640449438203
-0.018881289692232534
-0.019926722032242307
-0.018861748900830484
-0.019794821690278457
-0.018866634098680998
-0.019887640449438203
-0.018915486077186124
-0.019838788470933073
-0.018827552515876894
-0.019775280898876403
-0.018734733756717147
-0.019829018075232047
-0.018768930141670737
-0.019775280898876403
-0.018817782120175867
-0.019872984855886663
-0.018881289692232534
-0.01996580361504641
-0.018832437713727404
-0.019946262823644357
-0.018783585735222277
-0.019804592085979483
-0.018734733756717147
-0.019858329262335123
-0.018798241328773814
-0.019809477283829993
-0.018700537371763557
-0.019804592085979483
-0.01867611138251099
-0.01985344406448461
-0.018895945285784074
-0.019872984855886663
-0.018817782120175867
-0.019990229604298974
-0.018978993649242795
-0.019941377625793844
-0.018900830483634588
-0.02001954079140205
-0.018895945285784074
-0.019755740107474353
-0.018803126526624327
-0.019912066438690767
-0.01884220810942843
-0.01977039570102589
-0.018817782120175867
-0.019980459208597947
-0.018837322911577917
-0.020058622374206157
-0.0187933561309233
-0.01997068881289692
-0.018930141670737664
-0.020009770395701024
-0.01885686370297997
-0.019843673668783587
-0.01875915974596971
-0.019946262823644357
-0.018685881778212017
-0.019838788470933073
-0.018866634098680998
-0.019926722032242307
-0.01884220810942843
-0.019814362481680507
-0.018729848558866634
-0.019843673668783587
-0.018886174890083048
-0.020043966780654617
-0.0187933561309233
-0.019907181240840253
-0.0187933561309233
-0.019843673668783587
-0.01878847093307279
-0.019946262823644357
-0.018817782120175867
-0.019863214460185637
-0.01880801172447484
-0.01998534440644846
-0.018783585735222277
-0.01985344406448461
-0.01887151929653151
-0.01988275525158769
-0.018729848558866634
-0.0198485588666341
-0.018837322911577917
-0.019829018075232047
-0.01878847093307279
-0.019877870053737177
-0.0189057156814851
-0.01977039570102589
-0.018817782120175867
-0.01990229604298974
-0.018734733756717147
-0.01990229604298974
-0.01885686370297997
-0.01981924767953102
-0.018700537371763557
-0.01978505129457743
-0.018632144601856374
-0.01988275525158769
-0.01873961895456766
-0.019897410845139227
-0.01887640449438202
-0.01993649242794333
-0.018661455788959454
-0.019941377625793844
-0.01880801172447484
-0.01981924767953102
-0.0189057156814851
-0.019990229604298974
-0.01895945285784074
-0.019892525647288713
-0.018812896922325354
-0.020107474352711284
-0.018900830483634588
-0.019858329262335123
-0.018915486077186124
-0.019741084513922813
-0.018637029799706887
-0.019931607230092817
-0.018847093307278944
-0.019838788470933073
-0.018812896922325354
-0.019926722032242307
-0.018768930141670737
-0.019843673668783587
-0.018851978505129457
-0.01990229604298974
-0.018710307767464584
-0.019789936492427943
-0.018729848558866634
-0.01976551050317538
-0.018768930141670737
-0.01998534440644846
-0.018944797264289204
-0.0198485588666341
-0.018798241328773814
-0.019975574010747434
-0.01887151929653151
-0.01986809965803615
-0.018710307767464584
-0.01991695163654128
-0.01867611138251099
-0.019838788470933073
-0.01885686370297997
-0.019990229604298974
-0.018754274548119197
-0.02001954079140205
-0.018744504152418174
-0.019872984855886663
-0.018715192965315094
-0.019809477283829993
-0.01884220810942843
-0.01979970688812897
-0.01873961895456766
-0.02006350757205667
-0.018920371275036638
-0.020014655593551537
-0.01875915974596971
-0.01997068881289692
-0.018710307767464584
-0.019897410845139227
-0.018754274548119197
-0.019863214460185637
-0.01869076697606253
-0.019897410845139227
-0.01875915974596971
-0.019804592085979483
-0.01872496336101612
-0.01986809965803615
-0.01877381533952125
-0.019956033219345384
-0.018744504152418174
-0.019804592085979483
-0.018881289692232534
-0.019804592085979483
-0.018720078163165607
-0.019926722032242307
-0.01867122618466048
-0.019789936492427943
-0.01869076697606253
-0.01981924767953102
-0.0189057156814851
-0.020112359550561797
-0.01887151929653151
-0.0198485588666341
-0.018866634098680998
-0.019877870053737177
-0.018895945285784074
-0.019907181240840253
-0.018812896922325354
-0.01988275525158769
-0.018783585735222277
-0.01996580361504641
-0.018837322911577917
-0.01978505129457743
-0.018798241328773814
-0.01990229604298974
-0.01887640449438202
-0.01976551050317538
-0.018866634098680998
-0.020034196384953587
-0.018783585735222277
-0.019980459208597947
-0.01892525647288715
-0.02001954079140205
-0.01885686370297997
-0.019960918417195897
-0.018768930141670737
-0.019975574010747434
-0.01892525647288715
-0.019960918417195897
-0.01877381533952125
-0.019877870053737177
-0.01867611138251099
-0.019863214460185637
-0.01885686370297997
-0.019931607230092817
-0.018978993649242795
-0.01991695163654128
-0.0187933561309233
-0.019960918417195897
-0.01878847093307279
-0.01977039570102589
-0.018969223253541768
-0.019824132877381533
-0.01878847093307279
-0.01976551050317538
-0.018768930141670737
-0.019892525647288713
-0.01889106008793356
-0.01981924767953102
-0.018949682462139718
-0.01979970688812897
-0.01893991206643869
-0.01975085490962384
-0.018832437713727404
-0.01990229604298974
-0.018720078163165607
-0.01986809965803615
-0.018803126526624327
-0.01988275525158769
-0.018754274548119197
-0.019780166096726916
-0.0189057156814851
-0.01977039570102589
-0.01877381533952125
-0.019907181240840253
-0.01869076697606253
-0.02006350757205667
-0.0186419149975574
-0.01978505129457743
-0.01878847093307279
-0.01990229604298974
-0.018910600879335614
-0.02001954079140205
-0.01875915974596971
-0.019980459208597947
-0.01867611138251099
-0.0198485588666341
-0.01873961895456766
-0.01985344406448461
-0.018798241328773814
-0.019863214460185637
-0.018768930141670737
-0.019921836834391794
-0.018715192965315094
-0.019887640449438203
-0.018900830483634588
-0.019931607230092817
-0.018803126526624327
-0.01991695163654128
-0.0187933561309233
-0.019863214460185637
-0.018832437713727404
-0.01991695163654128
-0.018798241328773814
-0.019995114802149487
-0.018930141670737664
-0.01979970688812897
-0.018798241328773814
-0.019956033219345384
-0.018734733756717147
-0.019760625305324866
-0.018915486077186124
-0.01986809965803615
-0.01882266731802638
-0.019872984855886663
-0.018783585735222277
-0.019741084513922813
-0.018827552515876894
-0.019946262823644357
-0.01875915974596971
-0.019912066438690767
-0.018729848558866634
-0.020053737176355644
-0.018798241328773814
-0.019975574010747434
-0.018729848558866634
-0.019926722032242307
-0.018827552515876894
-0.01991695163654128
-0.018803126526624327
-0.019931607230092817
-0.018920371275036638
-0.019931607230092817
-0.018861748900830484
-0.020058622374206157
-0.01867611138251099
-0.0198485588666341
-0.018754274548119197
-0.019980459208597947
-0.01887151929653151
-0.020058622374206157
-0.018895945285784074
-0.01986809965803615
-0.018749389350268687
-0.01986809965803615
-0.018803126526624327
-0.019824132877381533
-0.01882266731802638
-0.019877870053737177
-0.018915486077186124
-0.019858329262335123
-0.01885686370297997
-0.01991695163654128
-0.018710307767464584
-0.02
-0.018930141670737664
-0.01996580361504641
-0.018710307767464584
-0.01996580361504641
-0.01869076697606253
-0.019887640449438203
-0.018900830483634588
-0.019926722032242307
-0.018661455788959454
-0.01990229604298974
-0.01865657059110894
-0.019838788470933073
-0.018646800195407914
-0.01993649242794333
-0.0187933561309233
-0.019926722032242307
-0.0187933561309233
-0.019824132877381533
-0.018764044943820224
-0.01985344406448461
-0.018798241328773814
-0.019926722032242307
-0.01889106008793356
-0.01993649242794333
-0.018866634098680998
-0.01993649242794333
-0.018803126526624327
-0.019789936492427943
-0.018744504152418174
-0.019897410845139227
-0.018749389350268687
-0.019858329262335123
-0.018720078163165607
-0.019887640449438203
-0.018832437713727404
-0.01995114802149487
-0.018837322911577917
-0.019789936492427943
-0.018900830483634588
-0.019980459208597947
-0.018754274548119197
-0.019872984855886663
-0.01885686370297997
-0.01985344406448461
-0.01867611138251099
-0.019897410845139227
-0.018764044943820224
-0.01995114802149487
-0.01873961895456766
-0.01985344406448461
-0.01884220810942843
-0.019941377625793844
-0.018851978505129457
-0.019912066438690767
-0.018695652173913044
-0.019921836834391794
-0.018764044943820224
-0.01990229604298974
-0.018617489008304837
-0.019804592085979483
-0.018749389350268687
-0.019858329262335123
-0.018861748900830484
-0.01983390327308256
-0.01884220810942843
-0.019872984855886663
-0.018949682462139718
-0.019956033219345384
-0.018729848558866634
-0.019775280898876403
-0.01878847093307279
-0.01986809965803615
-0.01865657059110894
-0.019931607230092817
-0.01875915974596971
-0.01985344406448461
-0.018915486077186124
-0.019872984855886663
-0.018637029799706887
-0.019960918417195897
-0.018764044943820224
-0.019926722032242307
-0.018749389350268687
-0.019980459208597947
-0.01889106008793356
-0.019921836834391794
-0.01887151929653151
-0.020014655593551537
-0.018646800195407914
-0.01990229604298974
-0.018803126526624327
-0.01988275525158769
-0.018754274548119197
-0.020009770395701024
-0.018954567659990228
-0.019941377625793844
-0.018827552515876894
-0.019872984855886663
-0.018900830483634588
-0.019838788470933073
-0.018749389350268687
-0.019863214460185637
-0.0187933561309233
-0.019794821690278457
-0.01887151929653151
-0.01988275525158769
-0.018832437713727404
-0.019838788470933073
-0.0187933561309233
-0.019926722032242307
-0.018861748900830484
-0.019931607230092817
-0.018729848558866634
-0.019892525647288713
-0.01877381533952125
-0.019887640449438203
-0.018710307767464584
-0.01981924767953102
-0.018900830483634588
-0.019907181240840253
-0.018900830483634588
-0.01996580361504641
-0.018861748900830484
-0.019960918417195897
-0.01867122618466048
-0.019912066438690767
-0.018900830483634588
-0.01985344406448461
-0.018847093307278944
-0.01985344406448461
-0.018861748900830484
-0.01988275525158769
-0.018778700537371764
-0.019921836834391794
-0.018895945285784074
-0.01986809965803615
-0.018881289692232534
-0.0198485588666341
-0.018817782120175867
-0.019829018075232047
-0.018812896922325354
-0.019931607230092817
-0.018783585735222277
-0.019858329262335123
-0.018749389350268687
-0.019946262823644357
-0.018812896922325354
-0.019926722032242307
-0.018847093307278944
-0.019809477283829993
-0.01872496336101612
-0.01979970688812897
-0.01878847093307279
-0.019780166096726916
-0.018832437713727404
-0.01993649242794333
-0.01892525647288715
-0.01977039570102589
-0.018969223253541768
-0.01977039570102589
-0.018812896922325354
-0.019829018075232047
-0.018900830483634588
-0.019829018075232047
-0.01885686370297997
-0.019863214460185637
-0.01880801172447484
-0.019921836834391794
-0.018837322911577917
-0.019931607230092817
-0.018837322911577917
-0.01986809965803615
-0.018720078163165607
-0.01998534440644846
-0.018754274548119197
-0.019780166096726916
-0.018817782120175867
-0.019887640449438203
-0.018998534440644844
-0.019907181240840253
-0.0189057156814851
-0.019838788470933073
-0.01878847093307279
-0.019907181240840253
-0.01884220810942843
-0.019760625305324866
-0.018715192965315094
-0.019975574010747434
-0.0189057156814851
-0.01995114802149487
-0.018832437713727404
-0.019941377625793844
-0.01887640449438202
-0.019780166096726916
-0.018832437713727404
-0.019824132877381533
-0.018920371275036638
-0.019956033219345384
-0.018886174890083048
-0.01993649242794333
-0.01882266731802638
-0.019858329262335123
-0.018827552515876894
-0.019956033219345384
-0.01884220810942843
-0.01979970688812897
-0.018881289692232534
-0.01988275525158769
-0.018803126526624327
-0.019892525647288713
-0.01878847093307279
-0.01990229604298974
-0.0189057156814851
-0.019941377625793844
-0.018778700537371764
-0.019760625305324866
-0.018920371275036638
-0.019946262823644357
-0.018827552515876894
-0.019872984855886663
-0.018803126526624327
-0.019726428920371276
-0.01882266731802638
-0.019858329262335123
-0.018749389350268687
-0.019926722032242307
-0.018900830483634588
-0.019975574010747434
-0.018895945285784074
-0.019877870053737177
-0.01889106008793356
-0.01983390327308256
-0.018964338055691254
-0.019838788470933073
-0.018998534440644844
-0.019731314118221786
-0.018837322911577917
-0.019863214460185637
-0.018915486077186124
-0.01971665852467025
-0.018783585735222277
-0.019794821690278457
-0.018783585735222277
-0.019931607230092817
-0.01877381533952125
-0.01995114802149487
-0.018680996580361504
-0.01997068881289692
-0.018597948216902783
-0.020043966780654617
-0.018861748900830484
-0.019921836834391794
-0.018930141670737664
-0.019824132877381533
-0.018798241328773814
-0.019814362481680507
-0.018729848558866634
-0.01986809965803615
-0.01885686370297997
-0.020043966780654617
-0.018734733756717147
-0.019872984855886663
-0.01877381533952125
-0.01985344406448461
-0.018729848558866634
-0.019897410845139227
-0.01870542256961407
-0.01983390327308256
-0.01873961895456766
-0.019838788470933073
-0.01885686370297997
-0.019838788470933073
-0.01889106008793356
-0.01991695163654128
-0.018827552515876894
-0.019907181240840253
-0.01887640449438202
-0.019863214460185637
-0.018930141670737664
-0.020053737176355644
-0.01889106008793356
-0.01986809965803615
-0.018851978505129457
-0.01978505129457743
-0.018886174890083048
-0.019858329262335123
-0.01878847093307279
-0.019858329262335123
-0.018851978505129457
-0.019877870053737177
-0.018749389350268687
-0.019726428920371276
-0.018920371275036638
-0.0197361993160723
-0.018861748900830484
-0.02006839276990718
-0.019027845627747925
-0.019946262823644357
-0.018817782120175867
-0.02004885197850513
-0.01877381533952125
-0.019926722032242307
-0.018920371275036638
-0.0198485588666341
-0.018768930141670737
-0.020034196384953587
-0.01884220810942843
-0.019887640449438203
-0.018744504152418174
-0.019872984855886663
-0.01875915974596971
-0.019872984855886663
-0.018827552515876894
-0.01993649242794333
-0.018812896922325354
-0.019892525647288713
-0.018851978505129457
-0.019755740107474353
-0.01873961895456766
-0.019858329262335123
-0.018861748900830484
-0.019824132877381533
-0.01877381533952125
-0.019814362481680507
-0.018744504152418174
-0.01985344406448461
-0.01895945285784074
-0.019892525647288713
-0.018969223253541768
-0.019858329262335123
-0.01884220810942843
-0.01990229604298974
-0.018832437713727404
-0.019921836834391794
-0.018749389350268687
-0.019931607230092817
-0.018886174890083048
-0.019926722032242307
-0.01887640449438202
-0.020024425989252564
-0.018847093307278944
-0.0197361993160723
-0.018851978505129457
-0.01991695163654128
-0.01882266731802638
-0.01985344406448461
-0.018837322911577917
-0.01977039570102589
-0.018666340986809967
-0.019960918417195897
-0.018783585735222277
-0.019789936492427943
-0.018832437713727404
-0.019926722032242307
-0.01887640449438202
-0.019956033219345384
-0.018812896922325354
-0.019824132877381533
-0.018744504152418174
-0.019990229604298974
-0.0189057156814851
-0.01986809965803615
-0.018817782120175867
-0.01983390327308256
-0.018749389350268687
-0.019946262823644357
-0.018768930141670737
-0.01981924767953102
-0.018764044943820224
-0.019794821690278457
-0.018783585735222277
-0.01983390327308256
-0.01884220810942843
-0.019921836834391794
-0.018715192965315094
-0.019755740107474353
-0.018768930141670737
-0.019829018075232047
-0.01875915974596971
-0.019946262823644357
-0.018720078163165607
-0.019858329262335123
-0.018783585735222277
-0.019931607230092817
-0.01875915974596971
-0.019931607230092817
-0.018851978505129457
-0.01986809965803615
-0.018680996580361504
-0.019907181240840253
-0.018734733756717147
-0.01975085490962384
-0.01869076697606253
-0.019872984855886663
-0.018720078163165607
-0.019931607230092817
-0.01885686370297997
-0.019843673668783587
-0.0187933561309233
-0.019912066438690767
-0.018637029799706887
-0.01986809965803615
-0.01889106008793356
-0.019814362481680507
-0.01880801172447484
-0.01995114802149487
-0.018812896922325354
-0.019858329262335123
-0.018881289692232534
-0.019921836834391794
-0.018749389350268687
-0.019887640449438203
-0.01878847093307279
-0.019863214460185637
-0.018637029799706887
-0.020009770395701024
-0.018754274548119197
-0.019990229604298974
-0.018768930141670737
-0.01983390327308256
-0.018764044943820224
-0.019897410845139227
-0.018832437713727404
-0.019892525647288713
-0.018715192965315094
-0.019921836834391794
-0.018768930141670737
-0.019760625305324866
-0.0187933561309233
-0.019794821690278457
-0.018710307767464584
-0.01991695163654128
-0.018832437713727404
-0.019946262823644357
-0.01878847093307279
-0.019760625305324866
-0.018895945285784074
-0.019843673668783587
-0.01885686370297997
-0.019809477283829993
-0.01869076697606253
-0.01981924767953102
-0.01884220810942843
-0.01993649242794333
-0.018744504152418174
-0.019809477283829993
-0.018832437713727404
-0.01990229604298974
-0.018627259404005864
-0.019858329262335123
-0.018910600879335614
-0.019829018075232047
-0.018783585735222277
-0.019975574010747434
-0.018978993649242795
-0.019858329262335123
-0.018964338055691254
-0.019804592085979483
-0.018729848558866634
-0.019858329262335123
-0.01893991206643869
-0.01986809965803615
-0.01873961895456766
-0.019892525647288713
-0.018695652173913044
-0.019941377625793844
-0.01884220810942843
-0.019956033219345384
-0.018803126526624327
-0.019907181240840253
-0.018851978505129457
-0.01991695163654128
-0.01878847093307279
-0.019809477283829993
-0.01887640449438202
-0.01993649242794333
-0.018764044943820224
-0.019980459208597947
-0.018881289692232534
-0.01981924767953102
-0.018783585735222277
-0.01985344406448461
-0.018930141670737664
-0.019892525647288713
-0.018627259404005864
-0.019897410845139227
-0.01882266731802638
-0.019838788470933073
-0.018680996580361504
-0.01983390327308256
-0.01875915974596971
-0.019897410845139227
-0.018666340986809967
-0.019921836834391794
-0.018817782120175867
-0.019741084513922813
-0.018851978505129457
-0.019804592085979483
-0.01882266731802638
-0.019921836834391794
-0.01884220810942843
-0.019780166096726916
-0.01885686370297997
-0.02006839276990718
-0.018851978505129457
-0.019912066438690767
-0.018715192965315094
-0.019975574010747434
-0.018832437713727404
-0.01991695163654128
-0.018710307767464584
-0.01985344406448461
-0.01877381533952125
-0.019926722032242307
-0.018768930141670737
-0.01990229604298974
-0.018798241328773814
-0.01978505129457743
-0.01878847093307279
-0.01990229604298974
-0.01870542256961407
-0.019789936492427943
-0.01873961895456766
-0.019858329262335123
-0.01882266731802638
-0.01991695163654128
-0.01889106008793356
-0.019897410845139227
-0.01878847093307279
-0.01981924767953102
-0.01880801172447484
-0.019731314118221786
-0.018744504152418174
-0.019858329262335123
-0.018827552515876894
-0.019990229604298974
-0.018812896922325354
-0.019887640449438203
-0.018920371275036638
-0.019863214460185637
-0.018861748900830484
-0.019858329262335123
-0.018798241328773814
-0.0198485588666341
-0.018783585735222277
-0.019804592085979483
-0.018827552515876894
-0.0198485588666341
-0.018685881778212017
-0.019760625305324866
-0.018700537371763557
-0.019814362481680507
-0.018944797264289204
-0.019887640449438203
-0.01875915974596971
-0.01981924767953102
-0.018886174890083048
-0.01979970688812897
-0.018915486077186124
-0.019926722032242307
-0.018812896922325354
-0.020014655593551537
-0.01873961895456766
-0.019843673668783587
-0.018847093307278944
-0.019809477283829993
-0.018895945285784074
-0.019995114802149487
-0.0187933561309233
-0.02
-0.01877381533952125
-0.019741084513922813
-0.018778700537371764
-0.019804592085979483
-0.0186419149975574
-0.019809477283829993
-0.018886174890083048
-0.019829018075232047
-0.01875915974596971
-0.019877870053737177
-0.018749389350268687
-0.019872984855886663
-0.018700537371763557
-0.0198485588666341
-0.018754274548119197
-0.019843673668783587
-0.018754274548119197
-0.01985344406448461
-0.018612603810454324
-0.01979970688812897
-0.018778700537371764
-0.019726428920371276
-0.018861748900830484
-0.019990229604298974
-0.01887151929653151
-0.01990229604298974
-0.018827552515876894
-0.02001954079140205
-0.0187933561309233
-0.019921836834391794
-0.01860771861260381
-0.019829018075232047
-0.018803126526624327
-0.01991695163654128
-0.01859306301905227
-0.019921836834391794
-0.018778700537371764
-0.019960918417195897
-0.018661455788959454
-0.019858329262335123
-0.018812896922325354
-0.019926722032242307
-0.0187933561309233
-0.019897410845139227
-0.018817782120175867
-0.019897410845139227
-0.018900830483634588
-0.019824132877381533
-0.018851978505129457
-0.01983390327308256
-0.018827552515876894
-0.019838788470933073
-0.018627259404005864
-0.019887640449438203
-0.01885686370297997
-0.01979970688812897
-0.018661455788959454
-0.019897410845139227
-0.01877381533952125
-0.019887640449438203
-0.018798241328773814
-0.019745969711773326
-0.018764044943820224
-0.019843673668783587
-0.01872496336101612
-0.019741084513922813
-0.0189057156814851
-0.0198485588666341
-0.018881289692232534
-0.019960918417195897
-0.018764044943820224
-0.01983390327308256
-0.01884220810942843
-0.0198485588666341
-0.018720078163165607
-0.01975085490962384
-0.018754274548119197
-0.019863214460185637
-0.018764044943820224
-0.019995114802149487
-0.01889106008793356
-0.01988275525158769
-0.01873961895456766
-0.019780166096726916
-0.018886174890083048
-0.019931607230092817
-0.018861748900830484
-0.019858329262335123
-0.018744504152418174
-0.01991695163654128
-0.018744504152418174
-0.019941377625793844
-0.018803126526624327
-0.019956033219345384
-0.01875915974596971
-0.01993649242794333
-0.018837322911577917
-0.019775280898876403
-0.01872496336101612
-0.019921836834391794
-0.0187933561309233
-0.019824132877381533
-0.018910600879335614
-0.01991695163654128
-0.018817782120175867
-0.01978505129457743
-0.01885686370297997
-0.019931607230092817
-0.018700537371763557
-0.019838788470933073
-0.018881289692232534
-0.019941377625793844
-0.01869076697606253
-0.01985344406448461
-0.01875915974596971
-0.019907181240840253
-0.01878847093307279
-0.01988275525158769
-0.0187933561309233
-0.02
-0.018837322911577917
-0.019789936492427943
-0.018695652173913044
-0.019995114802149487
-0.018764044943820224
-0.019926722032242307
-0.01892525647288715
-0.019789936492427943
-0.01884220810942843
-0.019926722032242307
-0.01872496336101612
-0.01975085490962384
-0.018798241328773814
-0.019975574010747434
-0.018700537371763557
-0.01983390327308256
-0.018915486077186124
-0.019897410845139227
-0.01877381533952125
-0.019990229604298974
-0.018881289692232534
-0.019926722032242307
-0.018798241328773814
-0.01986809965803615
-0.018710307767464584
-0.019926722032242307
-0.018930141670737664
-0.019814362481680507
-0.01887151929653151
-0.0198485588666341
-0.01867122618466048
-0.01991695163654128
-0.01872496336101612
-0.01988275525158769
-0.018861748900830484
-0.01993649242794333
-0.018851978505129457
-0.01981924767953102
-0.01872496336101612
-0.019907181240840253
-0.018837322911577917
-0.019814362481680507
-0.018881289692232534
-0.01981924767953102
-0.018930141670737664
-0.019780166096726916
-0.018881289692232534
-0.019809477283829993
-0.018749389350268687
-0.019892525647288713
-0.018700537371763557
-0.01981924767953102
-0.018827552515876894
-0.020073277967757694
-0.018861748900830484
-0.019921836834391794
-0.018778700537371764
-0.019912066438690767
-0.01875915974596971
-0.020034196384953587
-0.018764044943820224
-0.019829018075232047
-0.018832437713727404
-0.019941377625793844
-0.018803126526624327
-0.019824132877381533
-0.018886174890083048
-0.01978505129457743
-0.01885686370297997
-0.019838788470933073
-0.018764044943820224
-0.019892525647288713
-0.01878847093307279
-0.019907181240840253
-0.018768930141670737
-0.019838788470933073
-0.01870542256961407
-0.019814362481680507
-0.01898876404494382
-0.019843673668783587
-0.018729848558866634
-0.01991695163654128
-0.018720078163165607
-0.019956033219345384
-0.019003419638495358
-0.019975574010747434
-0.019027845627747925
-0.019692232535417683
-0.01877381533952125
-0.019872984855886663
-0.01867122618466048
-0.019780166096726916
-0.018764044943820224
-0.019907181240840253
-0.01898876404494382
-0.01993649242794333
-0.01887640449438202
-0.019872984855886663
-0.01880801172447484
-0.019907181240840253
-0.01867611138251099
-0.01985344406448461
-0.018851978505129457
-0.01986809965803615
-0.018978993649242795
-0.019794821690278457
-0.018895945285784074
-0.019804592085979483
-0.018744504152418174
-0.019887640449438203
-0.018895945285784074
-0.019912066438690767
-0.018803126526624327
-0.02
-0.018764044943820224
-0.019877870053737177
-0.018851978505129457
-0.019872984855886663
-0.018827552515876894
-0.019941377625793844
-0.018715192965315094
-0.019789936492427943
-0.018910600879335614
-0.019892525647288713
-0.01885686370297997
-0.01983390327308256
-0.018827552515876894
-0.01995114802149487
-0.018729848558866634
-0.019780166096726916
-0.018900830483634588
-0.019809477283829993
-0.01887640449438202
-0.019912066438690767
-0.018764044943820224
-0.01978505129457743
-0.018832437713727404
-0.01985344406448461
-0.018754274548119197
-0.01988275525158769
-0.018803126526624327
-0.019892525647288713
-0.018768930141670737
-0.020024425989252564
-0.018881289692232534
-0.01990229604298974
-0.018754274548119197
-0.01985344406448461
-0.018798241328773814
-0.019877870053737177
-0.01884220810942843
-0.01993649242794333
-0.018881289692232534
-0.019877870053737177
-0.01880801172447484
-0.019843673668783587
-0.018866634098680998
-0.019892525647288713
-0.0187933561309233
-0.019960918417195897
-0.01885686370297997
-0.019887640449438203
-0.018812896922325354
-0.019892525647288713
-0.01880801172447484
-0.019877870053737177
-0.018886174890083048
-0.019872984855886663
-0.01889106008793356
-0.01993649242794333
-0.01872496336101612
-0.019809477283829993
-0.018881289692232534
-0.019892525647288713
-0.018695652173913044
-0.019897410845139227
-0.018861748900830484
-0.019838788470933073
-0.01884220810942843
-0.01996580361504641
-0.0187933561309233
-0.019926722032242307
-0.01875915974596971
-0.02
-0.018886174890083048
-0.019946262823644357
-0.01877381533952125
-0.019877870053737177
-0.018778700537371764
-0.019858329262335123
-0.01889106008793356
-0.01981924767953102
-0.0189057156814851
-0.019912066438690767
-0.0187933561309233
-0.01993649242794333
-0.018749389350268687
-0.019877870053737177
-0.01872496336101612
-0.019814362481680507
-0.01878847093307279
-0.019912066438690767
-0.018803126526624327
-0.01991695163654128
-0.0189057156814851
-0.01995114802149487
-0.01870542256961407
-0.01988275525158769
-0.01872496336101612
-0.01993649242794333
-0.018861748900830484
-0.019745969711773326
-0.018768930141670737
-0.01975085490962384
-0.018837322911577917
-0.019829018075232047
-0.01884220810942843
-0.019877870053737177
-0.018866634098680998
-0.019858329262335123
-0.018861748900830484
-0.01979970688812897
-0.018949682462139718
-0.019872984855886663
-0.018798241328773814
-0.01997068881289692
-0.018837322911577917
-0.019975574010747434
-0.018646800195407914
-0.019941377625793844
-0.018832437713727404
-0.019838788470933073
-0.018778700537371764
-0.019872984855886663
-0.018817782120175867
-0.019921836834391794
-0.01895945285784074
-0.01990229604298974
-0.018803126526624327
-0.02001954079140205
-0.018798241328773814
-0.01996580361504641
-0.01872496336101612
-0.01991695163654128
-0.01878847093307279
-0.019824132877381533
-0.018895945285784074
-0.01978505129457743
-0.01887151929653151
-0.019926722032242307
-0.01887151929653151
-0.019863214460185637
-0.01887151929653151
-0.0198485588666341
-0.0187933561309233
-0.019956033219345384
-0.018866634098680998
-0.019872984855886663
-0.018827552515876894
-0.019956033219345384
-0.01877381533952125
-0.01975085490962384
-0.018949682462139718
-0.019956033219345384
-0.018734733756717147
-0.019892525647288713
-0.01878847093307279
-0.019907181240840253
-0.018749389350268687
-0.019980459208597947
-0.018695652173913044
-0.01985344406448461
-0.018847093307278944
-0.019941377625793844
-0.01880801172447484
-0.01988275525158769
-0.01878847093307279
-0.019794821690278457
-0.018837322911577917
-0.01985344406448461
-0.018817782120175867
-0.019912066438690767
-0.018783585735222277
-0.02
-0.018832437713727404
-0.01988275525158769
-0.018837322911577917
-0.01993649242794333
-0.01885686370297997
-0.019829018075232047
-0.019013190034196385
-0.01985344406448461
-0.01887151929653151
-0.019980459208597947
-0.018847093307278944
-0.0198485588666341
-0.01887151929653151
-0.019877870053737177
-0.018685881778212017
-0.01986809965803615
-0.018783585735222277
-0.019741084513922813
-0.018720078163165607
-0.019931607230092817
-0.018920371275036638
-0.019921836834391794
-0.018886174890083048
-0.019897410845139227
-0.018910600879335614
-0.019956033219345384
-0.018847093307278944
-0.019858329262335123
-0.01885686370297997
-0.019858329262335123
-0.0189057156814851
-0.020043966780654617
-0.018778700537371764
-0.019887640449438203
-0.01887640449438202
-0.019907181240840253
-0.018720078163165607
-0.02
-0.018866634098680998
-0.019892525647288713
-0.0189057156814851
-0.019907181240840253
-0.018749389350268687
-0.01986809965803615
-0.018685881778212017
-0.019863214460185637
-0.018685881778212017
-0.019858329262335123
-0.018847093307278944
-0.019926722032242307
-0.018764044943820224
-0.01990229604298974
-0.018817782120175867
-0.01986809965803615
-0.018900830483634588
-0.019990229604298974
-0.018783585735222277
-0.019892525647288713
-0.018710307767464584
-0.01981924767953102
-0.0187933561309233
-0.019814362481680507
-0.01867122618466048
-0.019843673668783587
-0.018812896922325354
-0.019897410845139227
-0.018866634098680998
-0.0197361993160723
-0.0187933561309233
-0.019990229604298974
-0.018778700537371764
-0.01979970688812897
-0.018700537371763557
-0.019829018075232047
-0.018803126526624327
-0.01981924767953102
-0.01884220810942843
-0.019872984855886663
-0.018764044943820224
-0.019628724963361016
-0.018827552515876894
-0.01983390327308256
-0.018920371275036638
-0.01971665852467025
-0.01889106008793356
-0.019858329262335123
-0.018685881778212017
-0.01988275525158769
-0.018949682462139718
-0.019863214460185637
-0.01884220810942843
-0.019921836834391794
-0.018817782120175867
-0.019897410845139227
-0.018886174890083048
-0.019897410845139227
-0.01872496336101612
-0.019804592085979483
-0.01875915974596971
-0.019863214460185637
-0.018744504152418174
-0.019926722032242307
-0.018803126526624327
-0.019872984855886663
-0.0187933561309233
-0.019780166096726916
-0.018915486077186124
-0.019741084513922813
-0.018715192965315094
-0.0198485588666341
-0.018783585735222277
-0.019907181240840253
-0.01898876404494382
-0.019711773326819736
-0.01877381533952125
-0.019946262823644357
-0.0187933561309233
-0.019794821690278457
-0.0187933561309233
-0.019926722032242307
-0.018886174890083048
-0.01976551050317538
-0.018783585735222277
-0.019946262823644357
-0.018832437713727404
-0.019921836834391794
-0.018866634098680998
-0.019926722032242307
-0.018764044943820224
-0.019858329262335123
-0.018778700537371764
-0.01996580361504641
-0.01887151929653151
-0.0198485588666341
-0.018832437713727404
-0.01986809965803615
-0.018578407425500734
-0.01998534440644846
-0.01880801172447484
-0.019877870053737177
-0.018764044943820224
-0.0198485588666341
-0.018803126526624327
-0.01993649242794333
-0.018895945285784074
-0.01990229604298974
-0.018749389350268687
-0.019760625305324866
-0.018720078163165607
-0.019804592085979483
-0.01885686370297997
-0.019877870053737177
-0.01875915974596971
-0.019858329262335123
-0.018881289692232534
-0.020009770395701024
-0.01877381533952125
-0.01985344406448461
-0.018783585735222277
-0.019907181240840253
-0.01882266731802638
-0.019897410845139227
-0.01885686370297997
-0.019824132877381533
-0.018837322911577917
-0.019921836834391794
-0.018812896922325354
-0.01991695163654128
-0.0189057156814851
-0.02001954079140205
-0.018920371275036638
-0.020029311187103077
-0.018920371275036638
-0.019941377625793844
-0.018710307767464584
-0.02
-0.018754274548119197
-0.019946262823644357
-0.018851978505129457
-0.019858329262335123
-0.018964338055691254
-0.019980459208597947
-0.018900830483634588
-0.019921836834391794
-0.018851978505129457
-0.019829018075232047
-0.01885686370297997
-0.019897410845139227
-0.018764044943820224
-0.019829018075232047
-0.018764044943820224
-0.019838788470933073
-0.01878847093307279
-0.01975085490962384
-0.018915486077186124
-0.01991695163654128
-0.01884220810942843
-0.01985344406448461
-0.0189057156814851
-0.019824132877381533
-0.01887151929653151
-0.019960918417195897
-0.018764044943820224
-0.019843673668783587
-0.018710307767464584
-0.019887640449438203
-0.018768930141670737
-0.01979970688812897
-0.018832437713727404
-0.01998534440644846
-0.018827552515876894
-0.019897410845139227
-0.018861748900830484
-0.01979970688812897
-0.01877381533952125
-0.019877870053737177
-0.01878847093307279
-0.019804592085979483
-0.018837322911577917
-0.019877870053737177
-0.018768930141670737
-0.019838788470933073
-0.01893991206643869
-0.019858329262335123
-0.018832437713727404
-0.019946262823644357
-0.01887151929653151
-0.019745969711773326
-0.018812896922325354
-0.01983390327308256
-0.018798241328773814
-0.019775280898876403
-0.01884220810942843
-0.019638495359062043
-0.018715192965315094
-0.019829018075232047
-0.0186419149975574
-0.019658036150464093
-0.018661455788959454
-0.01978505129457743
-0.018944797264289204
-0.01966780654616512
-0.018866634098680998
-0.01985344406448461
-0.018817782120175867
-0.019863214460185637
-0.01875915974596971
-0.019775280898876403
-0.018798241328773814
-0.01985344406448461
-0.018920371275036638
-0.01988275525158769
-0.018910600879335614
-0.01983390327308256
-0.018881289692232534
-0.01997068881289692
-0.018910600879335614
-0.019858329262335123
-0.01889106008793356
-0.01997068881289692
-0.01887151929653151
-0.019741084513922813
-0.0187933561309233
-0.019824132877381533
-0.018881289692232534
-0.019912066438690767
-0.018803126526624327
-0.019780166096726916
-0.018817782120175867
-0.019814362481680507
-0.0189057156814851
-0.019907181240840253
-0.01878847093307279
-0.01979970688812897
-0.018783585735222277
-0.01993649242794333
-0.018827552515876894
-0.019824132877381533
-0.01884220810942843
-0.01991695163654128
-0.01884220810942843
-0.019829018075232047
-0.01878847093307279
-0.019931607230092817
-0.01884220810942843
-0.019960918417195897
-0.018817782120175867
-0.01986809965803615
-0.018744504152418174
-0.019721543722520763
-0.018803126526624327
-0.019897410845139227
-0.01870542256961407
-0.019838788470933073
-0.018851978505129457
-0.019921836834391794
-0.01884220810942843
-0.0198485588666341
-0.018837322911577917
-0.019721543722520763
-0.018895945285784074
-0.019877870053737177
-0.01889106008793356
-0.01971665852467025
-0.0189057156814851
-0.0198485588666341
-0.018768930141670737
-0.019794821690278457
-0.018754274548119197
-0.019872984855886663
-0.018881289692232534
-0.019872984855886663
-0.01893991206643869
-0.01978505129457743
-0.018827552515876894
-0.01983390327308256
-0.018817782120175867
-0.019926722032242307
-0.0189057156814851
-0.01996580361504641
-0.01882266731802638
-0.01977039570102589
-0.018895945285784074
-0.01986809965803615
-0.01877381533952125
-0.019872984855886663
-0.01877381533952125
-0.01981924767953102
-0.018812896922325354
-0.01986809965803615
-0.01877381533952125
-0.019931607230092817
-0.018783585735222277
-0.01986809965803615
-0.018627259404005864
-0.01993649242794333
-0.018915486077186124
-0.019794821690278457
-0.01882266731802638
-0.01993649242794333
-0.018734733756717147
-0.019809477283829993
-0.018886174890083048
-0.019794821690278457
-0.018803126526624327
-0.019863214460185637
-0.018861748900830484
-0.019692232535417683
-0.018832437713727404
-0.01986809965803615
-0.018778700537371764
-0.01997068881289692
-0.018812896922325354
-0.01978505129457743
-0.018935026868588178
-0.01991695163654128
-0.018837322911577917
-0.019863214460185637
-0.01887640449438202
-0.01981924767953102
-0.018812896922325354
-0.019858329262335123
-0.01892525647288715
-0.01996580361504641
-0.018783585735222277
-0.019877870053737177
-0.01878847093307279
-0.01977039570102589
-0.01865657059110894
-0.019892525647288713
-0.018895945285784074
-0.01991695163654128
-0.018837322911577917
-0.020053737176355644
-0.01873961895456766
-0.019960918417195897
-0.01873961895456766
-0.01993649242794333
-0.01875915974596971
-0.01998534440644846
-0.018700537371763557
-0.01996580361504641
-0.018944797264289204
-0.019858329262335123
-0.018832437713727404
-0.01993649242794333
-0.01867611138251099
-0.019814362481680507
-0.01873961895456766
-0.019946262823644357
-0.018812896922325354
-0.019838788470933073
-0.01882266731802638
-0.01990229604298974
-0.018553981436248167
-0.019887640449438203
-0.01885686370297997
-0.019912066438690767
-0.018817782120175867
-0.020009770395701024
-0.01877381533952125
-0.01985344406448461
-0.0189057156814851
-0.01997068881289692
-0.01872496336101612
-0.019897410845139227
-0.01877381533952125
-0.01986809965803615
-0.018768930141670737
-0.019990229604298974
-0.018895945285784074
-0.01983390327308256
-0.019003419638495358
-0.019980459208597947
-0.018812896922325354
-0.019931607230092817
-0.018695652173913044
-0.01995114802149487
-0.01887640449438202
-0.019892525647288713
-0.018832437713727404
-0.019824132877381533
-0.018949682462139718
-0.019814362481680507
-0.018817782120175867
-0.019897410845139227
-0.018734733756717147
-0.019941377625793844
-0.01887151929653151
-0.01996580361504641
-0.018768930141670737
-0.019843673668783587
-0.018866634098680998
-0.01979970688812897
-0.018851978505129457
-0.019760625305324866
-0.018715192965315094
-0.019814362481680507
-0.018764044943820224
-0.0198485588666341
-0.018764044943820224
-0.019838788470933073
-0.018803126526624327
-0.01993649242794333
-0.01885686370297997
-0.019907181240840253
-0.018778700537371764
-0.0197361993160723
-0.01882266731802638
-0.019780166096726916
-0.018798241328773814
-0.019912066438690767
-0.018710307767464584
-0.019912066438690767
-0.018754274548119197
-0.01995114802149487
-0.01885686370297997
-0.019794821690278457
-0.018754274548119197
-0.02001954079140205
-0.018754274548119197
-0.019897410845139227
-0.018910600879335614
-0.020078163165608207
-0.01870542256961407
-0.019931607230092817
-0.018827552515876894
-0.019824132877381533
-0.018754274548119197
-0.019775280898876403
-0.018944797264289204
-0.019956033219345384
-0.019018075232046898
-0.019921836834391794
-0.01877381533952125
-0.019975574010747434
-0.018637029799706887
-0.019921836834391794
-0.018768930141670737
-0.019897410845139227
-0.018680996580361504
-0.019877870053737177
-0.018861748900830484
-0.019921836834391794
-0.01869076697606253
-0.019804592085979483
-0.01887640449438202
-0.019858329262335123
-0.018861748900830484
-0.019956033219345384
-0.01878847093307279
-0.019912066438690767
-0.018764044943820224
-0.019887640449438203
-0.018812896922325354
-0.01990229604298974
-0.018695652173913044
-0.01981924767953102
-0.018886174890083048
-0.019931607230092817
-0.01877381533952125
-0.019941377625793844
-0.018895945285784074
-0.01988275525158769
-0.018964338055691254
-0.019887640449438203
-0.01887640449438202
-0.019858329262335123
-0.01899364924279433
-0.019946262823644357
-0.018949682462139718
-0.019941377625793844
-0.018847093307278944
-0.019892525647288713
-0.01893991206643869
-0.01983390327308256
-0.018680996580361504
-0.019921836834391794
-0.018734733756717147
-0.019946262823644357
-0.01875915974596971
-0.019814362481680507
-0.018935026868588178
-0.019843673668783587
-0.018764044943820224
-0.019858329262335123
-0.018729848558866634
-0.01991695163654128
-0.01877381533952125
-0.019838788470933073
-0.01882266731802638
-0.019863214460185637
-0.018695652173913044
-0.019794821690278457
-0.018778700537371764
-0.019897410845139227
-0.018778700537371764
-0.019755740107474353
-0.018754274548119197
-0.019897410845139227
-0.018695652173913044
-0.019931607230092817
-0.018915486077186124
-0.01996580361504641
-0.018666340986809967
-0.019931607230092817
-0.018768930141670737
-0.01985344406448461
-0.018847093307278944
-0.01985344406448461
-0.018754274548119197
-0.019892525647288713
-0.018764044943820224
-0.019843673668783587
-0.018847093307278944
-0.02004885197850513
-0.018832437713727404
-0.01983390327308256
-0.018666340986809967
-0.019926722032242307
-0.018783585735222277
-0.01988275525158769
-0.018832437713727404
-0.019975574010747434
-0.018632144601856374
-0.019809477283829993
-0.01865657059110894
-0.01985344406448461
-0.018935026868588178
-0.01978505129457743
-0.018851978505129457
-0.019804592085979483
-0.018895945285784074
-0.019926722032242307
-0.018680996580361504
-0.019946262823644357
-0.01873961895456766
-0.019907181240840253
-0.01884220810942843
-0.01981924767953102
-0.018695652173913044
-0.0197361993160723
-0.018847093307278944
-0.019941377625793844
-0.018803126526624327
-0.019892525647288713
-0.01882266731802638
-0.019858329262335123
-0.018661455788959454
-0.019877870053737177
-0.018729848558866634
-0.01977039570102589
-0.01882266731802638
-0.019995114802149487
-0.018778700537371764
-0.01991695163654128
-0.01900830483634587
-0.019946262823644357
-0.01882266731802638
-0.01996580361504641
-0.0187933561309233
-0.019706888128969223
-0.018700537371763557
-0.019897410845139227
-0.018720078163165607
-0.01981924767953102
-0.01867611138251099
-0.01988275525158769
-0.018646800195407914
-0.019921836834391794
-0.018720078163165607
-0.019946262823644357
-0.018915486077186124
-0.019726428920371276
-0.018900830483634588
-0.019926722032242307
-0.018812896922325354
-0.019863214460185637
-0.01889106008793356
-0.01986809965803615
-0.018710307767464584
-0.019872984855886663
-0.01877381533952125
-0.01986809965803615
-0.01880801172447484
-0.019980459208597947
-0.018729848558866634
-0.01985344406448461
-0.018695652173913044
-0.01976551050317538
-0.018798241328773814
-0.019858329262335123
-0.018900830483634588
-0.019877870053737177
-0.01875915974596971
-0.01988275525158769
-0.018783585735222277
-0.019755740107474353
-0.018695652173913044
-0.019907181240840253
-0.018851978505129457
-0.019804592085979483
-0.018983878847093308
-0.019912066438690767
-0.018900830483634588
-0.01997068881289692
-0.01873961895456766
-0.01998534440644846
-0.018837322911577917
-0.019921836834391794
-0.018749389350268687
-0.020009770395701024
-0.018881289692232534
-0.019872984855886663
-0.01877381533952125
-0.020029311187103077
-0.018720078163165607
-0.019838788470933073
-0.01884220810942843
-0.019775280898876403
-0.018881289692232534
-0.01985344406448461
-0.018920371275036638
-0.019926722032242307
-0.018817782120175867
-0.019872984855886663
-0.018832437713727404
-0.01990229604298974
-0.018900830483634588
-0.019926722032242307
-0.018778700537371764
-0.0198485588666341
-0.01892525647288715
-0.019956033219345384
-0.01878847093307279
-0.019804592085979483
-0.01865657059110894
-0.015891548607718613
-0.0036638983878847092
-0.0011040547142159257
0.0004592085979482169
0.00029311187103077673
0.0010161211529066928
7.816316560820712e-05
0.0010454323400097703
1.954079140205178e-05
0.001162677088422081
0.0002540302882266732
0.0012212994626282364
0.0002589154860771861
0.0010552027357107962
0.00015144113336590132
0.0012164142647777235
0.00032730825598436733
0.0012799218368343918
0.00030288226673180264
0.0012066438690766976
0.00026868588177821203
0.0012212994626282364
0.00033707865168539324
0.0012261846604787493
0.00021006350757205668
0.0013238886174890083
0.000356619443087445
0.0011773326819736198
0.00023937469467513433
0.0013629702002931118
0.0002149487054225696
0.0010161211529066928
0.0003321934538348803
0.0013141182217879825
0.00026380068392769905
0.0012945774303859306
0.00040058622374206153
0.0013873961895456766
0.00020029311187103076
0.0012799218368343918
0.0004054714215925745
0.0012799218368343918
0.0002784562774792379
0.0012994626282364435
0.000449438202247191
0.001172447484123107
0.0002784562774792379
0.0013385442110405471
0.00026380068392769905
0.001250610649731314
0.0003224230581338544
0.0011235955056179774
0.00017586712261846604
0.0012945774303859306
0.0002491450903761602
0.0013141182217879825
0.0002344894968246214
0.0013190034196384954
0.00017586712261846604
0.0013238886174890083
0.00039081582804103567
0.0012310698583292623
0.00017586712261846604
0.0014362481680508061
0.00030776746458231557
0.0013287738153395213
0.00030288226673180264
0.0013971665852467025
0.00018563751831949193
0.0013238886174890083
0.00019540791402051784
0.001162677088422081
0.0002344894968246214
0.0012115290669272106
0.0003126526624328285
0.001162677088422081
0.00026868588177821203
0.0011822178798241328
6.35075720566683e-05
0.0012359550561797752
0.00012212994626282364
0.0013092330239374693
0.00013678553981436248
0.0012799218368343918
0.0001709819247679531
0.001162677088422081
0.00021006350757205668
0.0010552027357107962
0.0002247191011235955
0.0013873961895456766
0.00013678553981436248
0.001348314606741573
0.0003175378602833415
0.0013336590131900342
0.00039081582804103567
0.0011822178798241328
0.00021983390327308256
0.0012115290669272106
0.00028334147532975087
0.0011138251099169516
0.0004298974108451392
0.0010210063507572057
0.0001709819247679531
0.0011577918905715681
0.00023937469467513433
0.0011235955056179774
0.00018563751831949193
0.0012554958475818271
0.00032730825598436733
0.0011968734733756718
0.000180752320468979
0.0011529066927210552
0.00023937469467513433
0.0010600879335613091
8.304836345872008e-05
0.0011919882755251588
0.00027357107962872496
0.0011431362970200293
0.0002540302882266732
0.0012408402540302881
0.00021983390327308256
0.0012164142647777235
0.0003419638495359062
0.001162677088422081
0.0003321934538348803
0.0012945774303859306
0.0002491450903761602
0.0011773326819736198
0.00029311187103077673
0.0012848070346849047
0.00015632633121641425
0.0013043478260869564
0.00015632633121641425
0.0011773326819736198
0.00026868588177821203
0.001084513922813874
0.00026380068392769905
0.0011529066927210552
0.00026868588177821203
0.0012408402540302881
0.00030288226673180264
0.0012408402540302881
0.00027357107962872496
0.0012896922325354176
0.0001709819247679531
0.0011822178798241328
0.00021983390327308256
0.0012310698583292623
0.0002882266731802638
0.001245725451880801
0.00020029311187103076
0.001167562286272594
0.00012212994626282364
0.0011773326819736198
0.00017586712261846604
0.0010210063507572057
0.00014655593551538836
0.0011577918905715681
9.281875915974596e-05
0.0011284807034684903
0.0002979970688812897
0.001172447484123107
6.35075720566683e-05
0.0010552027357107962
0.00026380068392769905
0.0011431362970200293
0.00030288226673180264
0.00134342940889106
0.0002442598925256473
0.0011284807034684903
0.0002247191011235955
0.001270151441133366
0.0002491450903761602
0.0011577918905715681
0.00037127503663898385
0.0011968734733756718
0.00037616023448949683
0.0011529066927210552
9.770395701025892e-05
0.0012212994626282364
8.304836345872008e-05
0.001172447484123107
0.00033707865168539324
0.0012017586712261847
0.00020029311187103076
0.0011089399120664386
0.0002540302882266732
0.0012554958475818271
0.00021983390327308256
0.001270151441133366
4.396678065461651e-05
0.00134342940889106
0.00013190034196384952
0.0011822178798241328
0.00018563751831949193
0.0010942843185148998
0.00019052271617000488
0.0012848070346849047
0.00032730825598436733
0.0010454323400097703
8.793356130923302e-05
0.0012212994626282364
0.00011235955056179774
0.0012554958475818271
0.00016609672691744016
0.0010454323400097703
0.000180752320468979
0.0011822178798241328
0.00016609672691744016
0.0012310698583292623
0.0003175378602833415
0.0012848070346849047
0.0002589154860771861
0.0012310698583292623
0.00019540791402051784
0.0011871030776746457
0.00022960429897410844
0.0010991695163654128
6.839276990718124e-05
0.0010258915486077186
0.0001612115290669272
0.001089399120664387
7.816316560820712e-05
0.0012066438690766976
7.327796775769418e-05
0.0009770395701025891
0.00029311187103077673
0.0011773326819736198
0.00027357107962872496
0.0011871030776746457
0.0002589154860771861
0.001162677088422081
0.00017586712261846604
0.0011089399120664386
4.396678065461651e-05
0.0011382510991695164
0.00021006350757205668
0.001172447484123107
0.0003126526624328285
0.0010942843185148998
0.0002442598925256473
0.001162677088422081
7.327796775769418e-05
0.0012359550561797752
0.00015632633121641425
0.0011382510991695164
0.00026868588177821203
0.0012066438690766976
0.00027357107962872496
0.0012554958475818271
0.00015632633121641425
0.001162677088422081
0.0001612115290669272
0.0012115290669272106
0.0002540302882266732
0.0011187103077674645
0.00021006350757205668
0.0012896922325354176
0.00015632633121641425
0.0010307767464582316
0.00026868588177821203
0.0011431362970200293
0.00021983390327308256
0.0010942843185148998
9.281875915974596e-05
0.0010698583292623352
0.00020029311187103076
0.0011529066927210552
0.0002344894968246214
0.0012994626282364435
6.839276990718124e-05
0.0012261846604787493
0.0002247191011235955
0.0009721543722520762
0.0002442598925256473
0.0009623839765510503
0.0001172447484123107
0.001270151441133366
0.0001074743527112848
0.0011040547142159257
0.0002784562774792379
0.0011431362970200293
0.0002979970688812897
0.0010063507572056667
0.00021983390327308256
0.0013043478260869564
0.00014167073766487544
0.0011871030776746457
0.000180752320468979
0.0012164142647777235
0.00026380068392769905
0.0011187103077674645
0.0001612115290669272
0.0011480214948705423
3.419638495359062e-05
0.0010991695163654128
0.00015144113336590132
0.0011089399120664386
5.37371763556424e-05
0.0011577918905715681
0.0002491450903761602
0.001265266243282853
0.00013678553981436248
0.001064973131411822
0.00018563751831949193
0.0010747435271128481
0.00015632633121641425
0.0011431362970200293
6.35075720566683e-05
0.0011138251099169516
0.0002247191011235955
0.0010210063507572057
0.00011235955056179774
0.0011138251099169516
0.00010258915486077186
0.0011333659013190035
0.00015144113336590132
0.0012359550561797752
0.0001612115290669272
0.0012896922325354176
0.00011235955056179774
0.0011284807034684903
7.816316560820712e-05
0.000986809965803615
9.770395701025892e-05
0.0012017586712261847
0.0002589154860771861
0.0012066438690766976
0.00017586712261846604
0.001172447484123107
0.00015632633121641425
0.0011480214948705423
0.00019052271617000488
0.001245725451880801
8.304836345872008e-05
0.0010600879335613091
0.0003175378602833415
0.0011382510991695164
9.77039570102589e-06
0.0012115290669272106
0.0002149487054225696
0.0011138251099169516
0.0002589154860771861
0.0010063507572056667
0.00019540791402051784
0.0011529066927210552
9.281875915974596e-05
0.0009526135808500244
0.00022960429897410844
0.0011089399120664386
0.00019052271617000488
0.0009770395701025891
2.9311187103077675e-05
0.0012994626282364435
0.0002149487054225696
0.0009526135808500244
0.00014167073766487544
0.001162677088422081
2.9311187103077675e-05
0.0010747435271128481
0.0003321934538348803
0.001270151441133366
9.77039570102589e-06
0.0010747435271128481
0.00018563751831949193
0.0011773326819736198
0.0001709819247679531
0.001084513922813874
0.00014655593551538836
0.0011333659013190035
0.0003321934538348803
0.001079628724963361
0.00026380068392769905
0.001265266243282853
0.00015632633121641425
0.000981924767953102
0.00030776746458231557
0.0010405471421592574
0.0001709819247679531
0.0008402540302882267
0.00033707865168539324
0.0011480214948705423
0.0002344894968246214
0.0010503175378602833
0.00026380068392769905
0.001089399120664387
8.304836345872008e-05
0.0010503175378602833
0.00020517830972154372
0.0009623839765510503
8.304836345872008e-05
0.0012310698583292623
6.35075720566683e-05
0.0011382510991695164
0.00021983390327308256
0.0009526135808500244
0.0002344894968246214
0.0010552027357107962
9.770395701025892e-05
0.0011284807034684903
0.00011235955056179774
0.0011529066927210552
0.00013678553981436248
0.0009672691744015633
0.0002491450903761602
0.0009965803615046408
3.908158280410356e-05
0.0010210063507572057
8.304836345872008e-05
0.0010600879335613091
0.00021983390327308256
0.0011089399120664386
0.00021983390327308256
0.001162677088422081
0.00017586712261846604
0.001079628724963361
0.00010258915486077186
0.0012164142647777235
-3.908158280410356e-05
0.0009770395701025891
0.00015144113336590132
0.0010991695163654128
1.954079140205178e-05
0.001162677088422081
0.00019540791402051784
0.0012359550561797752
0.00020029311187103076
0.0010991695163654128
0.0002442598925256473
0.0010552027357107962
0.00013190034196384952
0.0010014655593551538
0.0003175378602833415
0.0010258915486077186
0.00013190034196384952
0.0011138251099169516
0.0002491450903761602
0.001167562286272594
5.862237420615535e-05
0.0012945774303859306
0.0002247191011235955
0.0010991695163654128
0.0001612115290669272
0.0011040547142159257
0.0002784562774792379
0.0010014655593551538
0.0001074743527112848
0.000981924767953102
9.281875915974596e-05
0.001245725451880801
0.0002149487054225696
0.0010600879335613091
8.793356130923302e-05
0.0010698583292623352
6.839276990718124e-05
0.0008695652173913043
8.793356130923302e-05
0.0011235955056179774
3.419638495359062e-05
0.0011333659013190035
9.281875915974596e-05
0.001167562286272594
0.00021006350757205668
0.0010112359550561798
3.419638495359062e-05
0.0011480214948705423
0.0002784562774792379
0.0010258915486077186
5.37371763556424e-05
0.0010942843185148998
0.0002149487054225696
0.0009281875915974596
0.0002247191011235955
0.0009428431851489985
0.0002442598925256473
0.0010942843185148998
3.908158280410356e-05
0.0011138251099169516
0.0001709819247679531
0.0011773326819736198
0.00017586712261846604
0.0011138251099169516
0.0001270151441133366
0.0010698583292623352
0.00014655593551538836
0.0010161211529066928
0.0001612115290669272
0.0011529066927210552
0.00016609672691744016
0.0011235955056179774
0.0
0.001172447484123107
0.0002540302882266732
0.001172447484123107
0.00026380068392769905
0.0010454323400097703
0.0
0.001079628724963361
0.00014167073766487544
0.0011187103077674645
8.304836345872008e-05
0.0010991695163654128
0.0001270151441133366
0.0011284807034684903
0.00021006350757205668
0.0010356619443087445
8.793356130923302e-05
0.0010698583292623352
4.885197850512946e-05
0.0011871030776746457
0.00017586712261846604
0.0011187103077674645
0.00021006350757205668
0.0011138251099169516
9.281875915974596e-05
0.0011382510991695164
0.0001270151441133366
0.0012359550561797752
0.00011235955056179774
0.0010210063507572057
0.0001172447484123107
0.001084513922813874
0.00016609672691744016
0.0010991695163654128
6.839276990718124e-05
0.000903761602344895
0.00013678553981436248
0.0009623839765510503
0.00010258915486077186
0.0010503175378602833
0.00032730825598436733
0.000981924767953102
0.00020029311187103076
0.0011089399120664386
0.0002344894968246214
0.0011138251099169516
0.00028334147532975087
0.001089399120664387
0.00014655593551538836
0.0009672691744015633
0.0001709819247679531
0.0008891060087933561
0.00019052271617000488
0.0010307767464582316
0.0001709819247679531
0.0011480214948705423
0.0001709819247679531
0.0011138251099169516
7.816316560820712e-05
0.0011187103077674645
0.00010258915486077186
0.001064973131411822
0.00013678553981436248
0.0010112359550561798
9.770395701025892e-05
0.0010405471421592574
0.00030288226673180264
0.000991695163654128
0.00026380068392769905
0.0011333659013190035
0.00020517830972154372
0.0010405471421592574
-2.442598925256473e-05
0.0011040547142159257
0.00013190034196384952
0.0009526135808500244
6.35075720566683e-05
0.0012408402540302881
0.00011235955056179774
0.0009184171958964338
5.37371763556424e-05
0.0011235955056179774
0.00023937469467513433
0.0012017586712261847
0.0002784562774792379
0.0011382510991695164
6.839276990718124e-05
0.001162677088422081
7.327796775769418e-05
0.0010503175378602833
0.00012212994626282364
0.0009526135808500244
-4.396678065461651e-05
0.0010503175378602833
0.00013190034196384952
0.0008842208109428432
9.770395701025892e-05
0.0009281875915974596
0.00012212994626282364
0.0011089399120664386
6.35075720566683e-05
0.0008793356130923302
9.281875915974596e-05
0.000981924767953102
0.00013678553981436248
0.0010747435271128481
4.396678065461651e-05
0.001079628724963361
8.793356130923302e-05
0.0012164142647777235
0.00014655593551538836
0.001064973131411822
8.793356130923302e-05
0.000893991206643869
0.00014167073766487544
0.0009721543722520762
-9.77039570102589e-06
0.0010112359550561798
0.00017586712261846604
0.0012115290669272106
0.00023937469467513433
0.0010405471421592574
8.793356130923302e-05
0.0010991695163654128
7.816316560820712e-05
0.0009965803615046408
8.304836345872008e-05
0.0009281875915974596
0.00012212994626282364
0.001084513922813874
0.00014655593551538836
0.000991695163654128
5.862237420615535e-05
0.0009721543722520762
7.327796775769418e-05
0.0010063507572056667
9.281875915974596e-05
0.0009330727894479727
0.0003663898387884709
0.001172447484123107
9.281875915974596e-05
0.0010014655593551538
0.00026868588177821203
0.000986809965803615
2.442598925256473e-05
0.0012164142647777235
0.00014167073766487544
0.001162677088422081
7.327796775769418e-05
0.0011187103077674645
0.00020029311187103076
0.0010210063507572057
0.00015632633121641425
0.001064973131411822
1.4655593551538837e-05
0.0009281875915974596
9.77039570102589e-06
0.000986809965803615
4.885197850512945e-06
0.000893991206643869
4.885197850512945e-06
0.001089399120664387
0.00020517830972154372
0.0008549096238397655
0.00013190034196384952
0.0010552027357107962
0.00016609672691744016
0.0010014655593551538
0.00017586712261846604
0.0009526135808500244
5.862237420615535e-05
0.000981924767953102
0.00021983390327308256
0.0009184171958964338
-3.419638495359062e-05
0.0011431362970200293
0.0002247191011235955
0.0011480214948705423
2.442598925256473e-05
0.0011382510991695164
0.00015144113336590132
0.0011919882755251588
3.419638495359062e-05
0.0011773326819736198
0.00017586712261846604
0.0008549096238397655
5.37371763556424e-05
0.0011187103077674645
4.885197850512946e-05
0.0010698583292623352
0.0002149487054225696
0.0012017586712261847
-9.77039570102589e-06
0.0011235955056179774
0.0001270151441133366
0.0009281875915974596
0.00014655593551538836
0.0010014655593551538
0.0002979970688812897
0.0011284807034684903
0.00014167073766487544
0.0010600879335613091
9.77039570102589e-06
0.0011577918905715681
7.327796775769418e-05
0.0009428431851489985
0.00011235955056179774
0.0010161211529066928
-8.304836345872008e-05
0.0011040547142159257
7.816316560820712e-05
0.0010307767464582316
0.00019540791402051784
0.0011333659013190035
0.00014167073766487544
0.0011284807034684903
0.0001172447484123107
0.0010063507572056667
0.00013678553981436248
0.001089399120664387
6.35075720566683e-05
0.0009672691744015633
0.0001270151441133366
0.0010991695163654128
-3.908158280410356e-05
0.0009721543722520762
7.816316560820712e-05
0.0010258915486077186
4.885197850512946e-05
0.0010405471421592574
4.396678065461651e-05
0.0010356619443087445
3.908158280410356e-05
0.000986809965803615
0.00013678553981436248
0.0010258915486077186
0.0001612115290669272
0.0010307767464582316
3.908158280410356e-05
0.001084513922813874
0.00013678553981436248
0.001079628724963361
7.327796775769418e-05
0.0011577918905715681
0.00012212994626282364
0.0011822178798241328
0.0002149487054225696
0.001162677088422081
1.4655593551538837e-05
0.0010161211529066928
7.327796775769418e-05
0.0009721543722520762
7.816316560820712e-05
0.0011577918905715681
0.0001074743527112848
0.001079628724963361
-4.885197850512945e-06
0.0009330727894479727
8.793356130923302e-05
0.0009184171958964338
0.0001612115290669272
0.0010210063507572057
0.00019540791402051784
0.0010405471421592574
0.00020029311187103076
0.0010063507572056667
0.00028334147532975087
0.0010210063507572057
0.000180752320468979
0.0010112359550561798
0.00014655593551538836
0.0011968734733756718
8.793356130923302e-05
0.001079628724963361
6.839276990718124e-05
0.0009379579872984856
0.0001074743527112848
0.0011089399120664386
0.00017586712261846604
0.001079628724963361
0.0002979970688812897
0.0010747435271128481
0.00021006350757205668
0.0010014655593551538
0.00014655593551538836
0.0009281875915974596
2.442598925256473e-05
0.001079628724963361
2.9311187103077675e-05
0.0008597948216902784
-8.793356130923302e-05
0.000903761602344895
4.885197850512946e-05
0.0010991695163654128
5.862237420615535e-05
0.0009184171958964338
0.00029311187103077673
0.0009233023937469467
6.839276990718124e-05
0.0009526135808500244
0.00010258915486077186
0.0009526135808500244
0.00017586712261846604
0.0010503175378602833
0.00016609672691744016
0.0010991695163654128
0.00011235955056179774
0.001089399120664387
-0.00016609672691744016
0.0010307767464582316
0.00011235955056179774
0.0010161211529066928
6.35075720566683e-05
0.000981924767953102
0.0001612115290669272
0.0010063507572056667
9.77039570102589e-06
0.0011529066927210552
-0.00010258915486077186
0.0010210063507572057
5.862237420615535e-05
0.0011431362970200293
6.35075720566683e-05
0.000986809965803615
-7.816316560820712e-05
0.0009574987787005373
0.0001709819247679531
0.0010405471421592574
-3.908158280410356e-05
0.0009770395701025891
0.0002247191011235955
0.0010747435271128481
2.9311187103077675e-05
0.0009965803615046408
0.0001074743527112848
0.0009477283829995114
4.885197850512946e-05
0.0010991695163654128
6.839276990718124e-05
0.001265266243282853
0.0001270151441133366
0.0010552027357107962
0.00023937469467513433
0.001089399120664387
0.00015144113336590132
0.000991695163654128
0.00022960429897410844
0.0011040547142159257
8.793356130923302e-05
0.0009330727894479727
0.00016609672691744016
0.0009623839765510503
8.793356130923302e-05
0.000903761602344895
8.304836345872008e-05
0.001084513922813874
0.00019540791402051784
0.0009721543722520762
-7.327796775769418e-05
0.0010698583292623352
1.4655593551538837e-05
0.0009574987787005373
0.00020029311187103076
0.000981924767953102
-7.327796775769418e-05
0.0009086468001954079
7.816316560820712e-05
0.0009477283829995114
1.954079140205178e-05
0.0012164142647777235
0.0001172447484123107
0.0010503175378602833
-2.442598925256473e-05
0.001084513922813874
4.396678065461651e-05
0.0009574987787005373
0.0001709819247679531
0.0010698583292623352
-9.770395701025892e-05
0.000903761602344895
9.77039570102589e-06
0.0011284807034684903
4.396678065461651e-05
0.000903761602344895
9.281875915974596e-05
0.0009623839765510503
1.4655593551538837e-05
0.0010210063507572057
0.00014167073766487544
0.001064973131411822
-4.885197850512946e-05
0.0009379579872984856
5.37371763556424e-05
0.0009428431851489985
-2.442598925256473e-05
0.0009623839765510503
0.0002247191011235955
0.0011773326819736198
0.00012212994626282364
0.0010161211529066928
1.4655593551538837e-05
0.0010356619443087445
7.816316560820712e-05
0.001089399120664387
0.0001172447484123107
0.0010600879335613091
7.327796775769418e-05
0.000991695163654128
2.9311187103077675e-05
0.0010112359550561798
7.327796775769418e-05
0.0009526135808500244
8.793356130923302e-05
0.001167562286272594
-0.00012212994626282364
0.0010600879335613091
0.00012212994626282364
0.0010210063507572057
7.327796775769418e-05
0.0009623839765510503
4.885197850512946e-05
0.0010014655593551538
9.770395701025892e-05
0.0008793356130923302
0.00014655593551538836
0.0008744504152418173
0.00010258915486077186
0.0009770395701025891
4.885197850512946e-05
0.0010112359550561798
0.0001612115290669272
0.0009574987787005373
-0.0001612115290669272
0.0010747435271128481
0.0001172447484123107
0.0009623839765510503
9.770395701025892e-05
0.0011871030776746457
-2.9311187103077675e-05
0.0009672691744015633
-1.954079140205178e-05
0.000981924767953102
0.000180752320468979
0.0009574987787005373
4.396678065461651e-05
0.0009477283829995114
0.00021006350757205668
0.0011040547142159257
3.419638495359062e-05
0.0010356619443087445
0.00012212994626282364
0.0010356619443087445
0.00014655593551538836
0.0009623839765510503
0.00013678553981436248
0.000893991206643869
0.0001709819247679531
0.0011040547142159257
3.419638495359062e-05
0.0010698583292623352
0.00014655593551538836
0.0008011724474841231
-9.281875915974596e-05
0.0010063507572056667
7.327796775769418e-05
0.0009721543722520762
0.00012212994626282364
0.000903761602344895
0.00015144113336590132
0.001084513922813874
9.770395701025892e-05
0.000898876404494382
0.00010258915486077186
0.0010161211529066928
-5.37371763556424e-05
0.0011822178798241328
1.4655593551538837e-05
0.0009477283829995114
0.0002784562774792379
0.0008500244259892526
8.793356130923302e-05
0.0010600879335613091
-5.37371763556424e-05
0.0009672691744015633
0.00019540791402051784
0.0011431362970200293
0.00012212994626282364
0.0010600879335613091
3.419638495359062e-05
0.001089399120664387
4.885197850512946e-05
0.0009379579872984856
-3.908158280410356e-05
0.0009184171958964338
5.862237420615535e-05
0.001084513922813874
0.00019052271617000488
0.0010307767464582316
-6.839276990718124e-05
0.0009184171958964338
0.00014655593551538836
0.0009184171958964338
-4.885197850512946e-05
0.0012359550561797752
0.00010258915486077186
0.0010503175378602833
-4.885197850512946e-05
0.0009574987787005373
2.442598925256473e-05
0.0010356619443087445
0.00015144113336590132
0.0010356619443087445
0.0001172447484123107
0.0010405471421592574
0.0001172447484123107
0.0008695652173913043
-2.9311187103077675e-05
0.0009770395701025891
8.304836345872008e-05
0.000903761602344895
5.862237420615535e-05
0.001084513922813874
7.327796775769418e-05
0.0010063507572056667
3.419638495359062e-05
0.0010503175378602833
0.00019052271617000488
0.0011480214948705423
2.442598925256473e-05
0.0010161211529066928
0.00020517830972154372
0.000986809965803615
1.4655593551538837e-05
0.0009379579872984856
9.281875915974596e-05
0.0011138251099169516
-9.77039570102589e-06
0.0010307767464582316
0.0001612115290669272
0.0009477283829995114
0.0001172447484123107
0.000893991206643869
-1.954079140205178e-05
0.0009672691744015633
9.770395701025892e-05
0.0010503175378602833
9.77039570102589e-06
0.0009428431851489985
-2.9311187103077675e-05
0.0010454323400097703
5.862237420615535e-05
0.000991695163654128
-6.35075720566683e-05
0.0010112359550561798
0.00010258915486077186
0.0008549096238397655
7.816316560820712e-05
0.0009672691744015633
2.442598925256473e-05
0.0010063507572056667
3.419638495359062e-05
0.000898876404494382
0.0001172447484123107
0.0010356619443087445
1.954079140205178e-05
0.0008451392281387396
-9.77039570102589e-06
0.0007376648754274548
-2.9311187103077675e-05
0.0009526135808500244
0.00013190034196384952
0.0010991695163654128
5.862237420615535e-05
0.0009770395701025891
0.00015144113336590132
0.0009135319980459208
-5.862237420615535e-05
0.0010503175378602833
0.0001172447484123107
0.0010552027357107962
0.0
0.0007962872496336101
0.00012212994626282364
0.0011089399120664386
0.00020517830972154372
0.0010942843185148998
0.00021983390327308256
0.000898876404494382
-1.954079140205178e-05
0.0011235955056179774
0.0
0.0010063507572056667
7.816316560820712e-05
0.0011040547142159257
-9.281875915974596e-05
0.0007914020517830972
4.396678065461651e-05
0.0010210063507572057
-2.442598925256473e-05
0.001089399120664387
9.281875915974596e-05
0.0009184171958964338
4.396678065461651e-05
0.000991695163654128
0.00015632633121641425
0.0010405471421592574
0.00021006350757205668
0.0009379579872984856
1.4655593551538837e-05
0.0010405471421592574
-3.908158280410356e-05
0.0009721543722520762
3.908158280410356e-05
0.000893991206643869
-6.839276990718124e-05
0.0008500244259892526
7.327796775769418e-05
0.0009770395701025891
-4.885197850512946e-05
0.000991695163654128
3.419638495359062e-05
0.0008304836345872007
1.4655593551538837e-05
0.0009623839765510503
0.00015144113336590132
0.0009086468001954079
0.0002784562774792379
0.0009965803615046408
-5.37371763556424e-05
0.0011529066927210552
6.35075720566683e-05
0.0010503175378602833
0.00020517830972154372
0.001162677088422081
6.839276990718124e-05
0.0008500244259892526
0.00020029311187103076
0.001079628724963361
9.77039570102589e-06
0.0009965803615046408
1.4655593551538837e-05
0.0008353688324377137
1.954079140205178e-05
0.0009623839765510503
0.000180752320468979
0.0008842208109428432
0.00017586712261846604
0.0009623839765510503
3.908158280410356e-05
0.0011089399120664386
0.0002247191011235955
0.0012554958475818271
5.862237420615535e-05
0.0011431362970200293
0.00015144113336590132
0.0008793356130923302
5.37371763556424e-05
0.0011187103077674645
-2.442598925256473e-05
0.0012164142647777235
-1.954079140205178e-05
0.0008304836345872007
-1.954079140205178e-05
0.0010112359550561798
-5.862237420615535e-05
0.0009428431851489985
6.839276990718124e-05
0.0010991695163654128
4.396678065461651e-05
0.0009281875915974596
8.304836345872008e-05
0.0011138251099169516
-0.0001709819247679531
0.000981924767953102
0.00014167073766487544
0.000893991206643869
0.00014167073766487544
0.0009574987787005373
-2.442598925256473e-05
0.0010258915486077186
0.00030288226673180264
0.0008207132388861749
0.00013190034196384952
0.0010112359550561798
4.396678065461651e-05
0.0010503175378602833
0.0001172447484123107
0.0010063507572056667
7.327796775769418e-05
0.0008500244259892526
0.0002589154860771861
0.0010991695163654128
0.0001172447484123107
0.0008695652173913043
0.00020029311187103076
0.000981924767953102
0.0001172447484123107
0.0010258915486077186
0.00010258915486077186
0.001079628724963361
1.4655593551538837e-05
0.0010405471421592574
-9.77039570102589e-06
0.0010356619443087445
6.839276990718124e-05
0.0011138251099169516
-5.862237420615535e-05
0.0009672691744015633
4.885197850512946e-05
0.0009526135808500244
0.0002149487054225696
0.0008402540302882267
5.862237420615535e-05
0.0010161211529066928
0.00011235955056179774
0.0011235955056179774
8.304836345872008e-05
0.0009965803615046408
7.816316560820712e-05
0.0011529066927210552
1.4655593551538837e-05
0.000991695163654128
0.00012212994626282364
0.000981924767953102
0.0001270151441133366
0.0011577918905715681
7.816316560820712e-05
0.001064973131411822
0.0002442598925256473
0.0010503175378602833
0.00020517830972154372
0.0010747435271128481
0.00019540791402051784
0.000981924767953102
3.419638495359062e-05
0.0010307767464582316
0.00018563751831949193
0.0010747435271128481
0.00017586712261846604
0.0011089399120664386
0.00011235955056179774
0.0010307767464582316
1.954079140205178e-05
0.0009526135808500244
0.00012212994626282364
0.0008597948216902784
0.0
0.0010942843185148998
5.862237420615535e-05
0.001064973131411822
0.0001172447484123107
0.001064973131411822
0.00012212994626282364
0.0010552027357107962
1.954079140205178e-05
0.0010112359550561798
0.0001270151441133366
0.001064973131411822
2.9311187103077675e-05
0.0010991695163654128
6.35075720566683e-05
0.0009477283829995114
0.00023937469467513433
0.0007718612603810454
9.770395701025892e-05
0.001064973131411822
1.4655593551538837e-05
0.000981924767953102
-1.954079140205178e-05
0.0009770395701025891
9.281875915974596e-05
0.0008891060087933561
-4.885197850512945e-06
0.0008304836345872007
0.00016609672691744016
0.000893991206643869
-1.954079140205178e-05
0.0009428431851489985
0.00021006350757205668
0.0010991695163654128
8.304836345872008e-05
0.0009281875915974596
0.0002442598925256473
0.0010454323400097703
8.793356130923302e-05
0.0009135319980459208
0.00019052271617000488
0.0010014655593551538
9.770395701025892e-05
0.0009428431851489985
0.00018563751831949193
0.0008891060087933561
6.35075720566683e-05
0.0009379579872984856
0.00018563751831949193
0.0010063507572056667
3.419638495359062e-05
0.0010503175378602833
2.9311187103077675e-05
0.0010063507572056667
5.37371763556424e-05
0.0010014655593551538
0.0001172447484123107
0.000815828041035662
0.0002149487054225696
0.0010014655593551538
5.37371763556424e-05
0.0010991695163654128
9.77039570102589e-06
0.0011333659013190035
0.000180752320468979
0.0010454323400097703
0.00027357107962872496
0.0010356619443087445
0.00015632633121641425
0.0010405471421592574
9.770395701025892e-05
0.0009428431851489985
9.770395701025892e-05
0.0010356619443087445
0.00016609672691744016
0.0010307767464582316
2.9311187103077675e-05
0.0009965803615046408
0.0001612115290669272
0.0009965803615046408
0.00012212994626282364
0.0008451392281387396
2.442598925256473e-05
0.0010161211529066928
0.0
0.0010063507572056667
0.00012212994626282364
0.000986809965803615
-1.4655593551538837e-05
0.0010356619443087445
4.885197850512945e-06
0.0010014655593551538
6.35075720566683e-05
0.0010210063507572057
9.770395701025892e-05
0.0008353688324377137
1.954079140205178e-05
0.0010063507572056667
2.442598925256473e-05
0.0007523204689789937
-3.908158280410356e-05
0.0008255984367366878
0.0
0.0010698583292623352
1.4655593551538837e-05
0.0009721543722520762
0.0001270151441133366
0.0007523204689789937
1.954079140205178e-05
0.0011235955056179774
6.839276990718124e-05
0.0010698583292623352
0.00012212994626282364
0.0009184171958964338
9.281875915974596e-05
0.000898876404494382
7.327796775769418e-05
0.0009184171958964338
4.885197850512945e-06
0.0006985832926233512
7.816316560820712e-05
0.0010405471421592574
1.954079140205178e-05
0.000991695163654128
0.0001612115290669272
0.0009965803615046408
0.00014167073766487544
0.0009135319980459208
7.327796775769418e-05
0.0010552027357107962
1.4655593551538837e-05
0.000903761602344895
0.0001612115290669272
0.0009526135808500244
9.77039570102589e-06
0.0009184171958964338
0.00015144113336590132
0.0010161211529066928
-4.396678065461651e-05
0.0007327796775769418
4.885197850512946e-05
0.0009330727894479727
8.304836345872008e-05
0.0009330727894479727
9.770395701025892e-05
0.000815828041035662
3.908158280410356e-05
0.0009526135808500244
-2.442598925256473e-05
0.0010552027357107962
3.908158280410356e-05
0.000986809965803615
5.862237420615535e-05
0.0009574987787005373
8.304836345872008e-05
0.0010112359550561798
6.35075720566683e-05
0.0009721543722520762
8.793356130923302e-05
0.0007865168539325843
0.0001172447484123107
0.0010503175378602833
6.35075720566683e-05
0.0010356619443087445
0.00010258915486077186
0.0011040547142159257
-9.281875915974596e-05
0.0010210063507572057
0.00014655593551538836
0.0009721543722520762
7.327796775769418e-05
0.0008793356130923302
0.0001270151441133366
0.0010942843185148998
3.419638495359062e-05
0.0010405471421592574
-8.304836345872008e-05
0.001089399120664387
0.0001074743527112848
0.000898876404494382
0.00013190034196384952
0.0010210063507572057
5.37371763556424e-05
0.0011089399120664386
0.0001172447484123107
0.0010503175378602833
0.0001709819247679531
0.0009281875915974596
5.37371763556424e-05
0.000986809965803615
7.816316560820712e-05
0.000981924767953102
0.00030776746458231557
0.0010014655593551538
7.816316560820712e-05
0.0009965803615046408
0.0001270151441133366
0.0008695652173913043
9.281875915974596e-05
0.0009330727894479727
0.0002149487054225696
0.000898876404494382
-6.35075720566683e-05
0.0010698583292623352
9.281875915974596e-05
0.0009086468001954079
-1.954079140205178e-05
0.0010942843185148998
7.816316560820712e-05
0.0008353688324377137
0.0001270151441133366
0.000981924767953102
0.00014167073766487544
0.0008744504152418173
0.00014167073766487544
0.0008793356130923302
7.327796775769418e-05
0.0009721543722520762
-1.954079140205178e-05
0.0009574987787005373
2.442598925256473e-05
0.0010600879335613091
9.77039570102589e-06
0.0010405471421592574
-9.77039570102589e-06
0.001079628724963361
0.00011235955056179774
0.0008500244259892526
9.770395701025892e-05
0.0009086468001954079
0.0001709819247679531
0.0010258915486077186
0.0001709819247679531
0.0009477283829995114
0.00017586712261846604
0.0011529066927210552
9.770395701025892e-05
0.0008891060087933561
-3.908158280410356e-05
0.0009623839765510503
7.816316560820712e-05
0.000898876404494382
1.954079140205178e-05
0.000986809965803615
0.0001612115290669272
0.001079628724963361
3.419638495359062e-05
0.0011040547142159257
5.862237420615535e-05
0.0010356619443087445
0.0
0.001079628724963361
0.00021006350757205668
0.0009770395701025891
-9.77039570102589e-06
0.001079628724963361
0.00013678553981436248
0.0011235955056179774
4.885197850512946e-05
0.0008353688324377137
-0.00012212994626282364
0.0011040547142159257
3.908158280410356e-05
0.0009721543722520762
-0.0001074743527112848
0.0009428431851489985
7.816316560820712e-05
0.0009477283829995114
1.4655593551538837e-05
0.0009672691744015633
0.0001074743527112848
0.000981924767953102
4.396678065461651e-05
0.0009086468001954079
2.442598925256473e-05
0.000893991206643869
0.00014655593551538836
0.0010112359550561798
0.00020517830972154372
0.0010014655593551538
0.00012212994626282364
0.001079628724963361
-3.419638495359062e-05
0.001084513922813874
0.00017586712261846604
0.0009379579872984856
3.419638495359062e-05
0.0009965803615046408
7.327796775769418e-05
0.0008500244259892526
0.00014655593551538836
0.0011382510991695164
0.00015144113336590132
0.0010258915486077186
5.862237420615535e-05
0.0009428431851489985
0.0001172447484123107
0.0008597948216902784
0.0001172447484123107
0.0009574987787005373
0.0001709819247679531
0.0009184171958964338
0.0001074743527112848
0.0011187103077674645
2.9311187103077675e-05
0.000981924767953102
0.00015632633121641425
0.0012115290669272106
5.37371763556424e-05
0.0008500244259892526
0.0002149487054225696
0.0009770395701025891
4.396678065461651e-05
0.0009135319980459208
1.954079140205178e-05
0.0010210063507572057
0.0002442598925256473
0.000893991206643869
4.396678065461651e-05
0.0008549096238397655
0.0001172447484123107
0.0010063507572056667
0.00012212994626282364
0.0009672691744015633
0.0002491450903761602
0.0011138251099169516
9.281875915974596e-05
0.0008891060087933561
1.954079140205178e-05
0.0009672691744015633
8.304836345872008e-05
0.0009526135808500244
4.396678065461651e-05
0.0008646800195407913
0.00012212994626282364
0.001079628724963361
0.0001074743527112848
0.0009379579872984856
8.304836345872008e-05
0.0010552027357107962
6.35075720566683e-05
0.0009184171958964338
3.908158280410356e-05
0.000981924767953102
0.0001172447484123107
0.0009526135808500244
0.00012212994626282364
0.0010942843185148998
0.0001612115290669272
0.0007718612603810454
3.908158280410356e-05
0.0010356619443087445
-1.4655593551538837e-05
0.0010991695163654128
2.9311187103077675e-05
0.0010356619443087445
7.816316560820712e-05
0.001064973131411822
1.4655593551538837e-05
0.0007669760625305325
1.4655593551538837e-05
0.0010161211529066928
7.816316560820712e-05
0.0009526135808500244
0.00015632633121641425
0.0010112359550561798
6.839276990718124e-05
0.0009574987787005373
0.00010258915486077186
0.0008597948216902784
3.419638495359062e-05
0.0010454323400097703
0.0001270151441133366
0.0009574987787005373
9.281875915974596e-05
0.0008549096238397655
0.00015632633121641425
0.0010600879335613091
-2.442598925256473e-05
0.0009233023937469467
0.0001074743527112848
0.0008695652173913043
9.281875915974596e-05
0.001064973131411822
-7.816316560820712e-05
0.0009721543722520762
2.9311187103077675e-05
0.000981924767953102
0.00021006350757205668
0.000806057645334636
0.0002247191011235955
0.0009770395701025891
4.396678065461651e-05
0.0009477283829995114
0.00011235955056179774
0.0009623839765510503
0.00021983390327308256
0.0011871030776746457
-2.442598925256473e-05
0.0008549096238397655
0.0001172447484123107
0.000981924767953102
-9.77039570102589e-06
0.0010747435271128481
3.908158280410356e-05
0.0008353688324377137
0.00019540791402051784
0.0010112359550561798
0.0
0.0009721543722520762
4.396678065461651e-05
0.000898876404494382
-5.37371763556424e-05
0.001079628724963361
0.00016609672691744016
0.0009526135808500244
9.770395701025892e-05
0.0009330727894479727
0.00019052271617000488
0.0008255984367366878
-3.908158280410356e-05
0.0009184171958964338
6.839276990718124e-05
0.0009623839765510503
0.0002149487054225696
0.0009233023937469467
-9.77039570102589e-06
0.0009233023937469467
8.304836345872008e-05
0.0010600879335613091
1.954079140205178e-05
0.0010356619443087445
6.35075720566683e-05
0.0008451392281387396
1.954079140205178e-05
0.0009770395701025891
0.00017586712261846604
0.0011919882755251588
0.00012212994626282364
0.0007669760625305325
0.0001270151441133366
0.0008891060087933561
3.908158280410356e-05
0.001079628724963361
-6.35075720566683e-05
0.000991695163654128
0.0002979970688812897
0.0009233023937469467
0.00011235955056179774
0.0008500244259892526
-6.839276990718124e-05
0.0009330727894479727
3.908158280410356e-05
0.0009770395701025891
0.00015144113336590132
0.0009965803615046408
0.0
0.0010405471421592574
-4.885197850512945e-06
0.0008304836345872007
-4.396678065461651e-05
0.0008842208109428432
-7.327796775769418e-05
0.0010063507572056667
9.770395701025892e-05
0.0007962872496336101
4.885197850512946e-05
0.0008744504152418173
-0.00014655593551538836
0.000806057645334636
0.0002149487054225696
0.0011333659013190035
0.0001074743527112848
0.0009330727894479727
8.304836345872008e-05
0.0010552027357107962
7.327796775769418e-05
0.001079628724963361
0.00012212994626282364
0.001079628724963361
0.00014167073766487544
0.0010356619443087445
-5.862237420615535e-05
0.0008402540302882267
0.0002344894968246214
0.0009477283829995114
0.0001074743527112848
0.000981924767953102
5.862237420615535e-05
0.0010454323400097703
0.0001172447484123107
0.0009086468001954079
1.954079140205178e-05
0.000986809965803615
0.0001074743527112848
0.0010503175378602833
0.00010258915486077186
0.0008891060087933561
0.0001709819247679531
0.0009672691744015633
0.00026380068392769905
0.0011138251099169516
1.4655593551538837e-05
0.0009965803615046408
-4.885197850512945e-06
0.0009965803615046408
0.00013678553981436248
0.0009477283829995114
-3.419638495359062e-05
0.0008744504152418173
-5.37371763556424e-05
0.0009330727894479727
-2.442598925256473e-05
0.0008451392281387396
0.00013678553981436248
0.0008744504152418173
5.862237420615535e-05
0.0009233023937469467
-1.954079140205178e-05
0.000981924767953102
1.954079140205178e-05
0.0009330727894479727
-1.4655593551538837e-05
0.0009428431851489985
3.419638495359062e-05
0.001172447484123107
4.885197850512945e-06
0.0010161211529066928
3.419638495359062e-05
0.0008793356130923302
5.862237420615535e-05
0.0007914020517830972
4.396678065461651e-05
0.0009574987787005373
6.35075720566683e-05
0.0010014655593551538
-6.839276990718124e-05
0.000898876404494382
-0.00011235955056179774
0.000810942843185149
6.35075720566683e-05
0.0008793356130923302
3.908158280410356e-05
0.0009672691744015633
0.00020029311187103076
0.0010454323400097703
-6.35075720566683e-05
0.0010747435271128481
3.908158280410356e-05
0.0007816316560820713
5.862237420615535e-05
0.0010112359550561798
8.793356130923302e-05
0.0009965803615046408
0.00016609672691744016
0.0010600879335613091
0.00014655593551538836
0.000991695163654128
-2.9311187103077675e-05
0.001079628724963361
4.396678065461651e-05
0.0009623839765510503
-9.281875915974596e-05
0.0007718612603810454
0.0002491450903761602
0.0010405471421592574
0.0001270151441133366
0.0012115290669272106
5.37371763556424e-05
0.0010112359550561798
9.770395701025892e-05
0.0011040547142159257
-5.862237420615535e-05
0.0009086468001954079
6.35075720566683e-05
0.0008842208109428432
9.77039570102589e-06
0.000903761602344895
-3.908158280410356e-05
0.000981924767953102
-2.442598925256473e-05
0.0010063507572056667
-0.00010258915486077186
0.001079628724963361
8.304836345872008e-05
0.000903761602344895
0.00014167073766487544
0.0009184171958964338
0.0002589154860771861
0.0009281875915974596
5.862237420615535e-05
0.0008744504152418173
4.396678065461651e-05
0.0009086468001954079
4.885197850512946e-05
0.0009574987787005373
-9.770395701025892e-05
0.0010112359550561798
-0.00014167073766487544
0.0009623839765510503
0.0001172447484123107
0.0009184171958964338
-0.0001270151441133366
0.0008597948216902784
0.00013678553981436248
0.0009135319980459208
0.00013190034196384952
0.000986809965803615
9.77039570102589e-06
0.000903761602344895
1.4655593551538837e-05
0.0008842208109428432
2.442598925256473e-05
0.0009233023937469467
-1.4655593551538837e-05
0.000810942843185149
6.839276990718124e-05
0.0009574987787005373
0.00014167073766487544
0.0007767464582315583
1.4655593551538837e-05
0.0009233023937469467
0.00011235955056179774
0.0009184171958964338
8.304836345872008e-05
0.000981924767953102
-2.9311187103077675e-05
0.000986809965803615
0.00014167073766487544
0.000986809965803615
0.00021006350757205668
0.0008597948216902784
-9.77039570102589e-06
0.000991695163654128
9.770395701025892e-05
0.0009281875915974596
0.00012212994626282364
0.0010210063507572057
9.77039570102589e-06
0.0007669760625305325
6.35075720566683e-05
0.0010258915486077186
4.885197850512946e-05
0.0010503175378602833
-7.327796775769418e-05
0.0009526135808500244
2.9311187103077675e-05
0.0009526135808500244
-4.885197850512946e-05
0.0008402540302882267
0.00014655593551538836
0.0010747435271128481
-4.885197850512945e-06
0.0009184171958964338
-0.00010258915486077186
0.0009135319980459208
2.442598925256473e-05
0.0009281875915974596
9.77039570102589e-06
0.0007865168539325843
-2.9311187103077675e-05
0.0011284807034684903
-6.35075720566683e-05
0.0010552027357107962
0.0
0.0010161211529066928
0.00016609672691744016
0.0009770395701025891
-4.885197850512946e-05
0.0010063507572056667
-5.862237420615535e-05
0.0010503175378602833
-7.816316560820712e-05
0.0009721543722520762
7.327796775769418e-05
0.0009184171958964338
4.885197850512945e-06
0.0009526135808500244
4.885197850512945e-06
0.0008304836345872007
6.35075720566683e-05
0.0010063507572056667
7.816316560820712e-05
0.0011333659013190035
-3.419638495359062e-05
0.0009770395701025891
-1.954079140205178e-05
0.0010307767464582316
-0.00017586712261846604
0.0007669760625305325
9.77039570102589e-06
0.0010600879335613091
-0.00012212994626282364
0.0010747435271128481
-9.77039570102589e-06
0.000903761602344895
-4.885197850512946e-05
0.0007669760625305325
4.885197850512946e-05
0.0008597948216902784
0.00012212994626282364
0.0009281875915974596
-0.00021006350757205668
0.0009721543722520762
9.770395701025892e-05
0.0007767464582315583
-9.77039570102589e-06
0.0010063507572056667
9.77039570102589e-06
0.0008402540302882267
4.396678065461651e-05
0.000903761602344895
-3.419638495359062e-05
0.0009184171958964338
0.0001172447484123107
0.0010112359550561798
8.793356130923302e-05
0.0008744504152418173
-8.304836345872008e-05
0.0008500244259892526
0.0002540302882266732
0.0009330727894479727
3.419638495359062e-05
0.0008353688324377137
0.0001709819247679531
0.0007914020517830972
-9.77039570102589e-06
0.000810942843185149
-3.908158280410356e-05
0.0009233023937469467
4.396678065461651e-05
0.0008549096238397655
0.0
0.0008891060087933561
6.839276990718124e-05
0.000991695163654128
-5.862237420615535e-05
0.0009428431851489985
3.419638495359062e-05
0.0009086468001954079
0.00014655593551538836
0.0009184171958964338
8.793356130923302e-05
0.0009721543722520762
-1.4655593551538837e-05
0.0007278944797264289
0.00013678553981436248
0.000898876404494382
-6.35075720566683e-05
0.0010600879335613091
8.304836345872008e-05
0.0011529066927210552
6.35075720566683e-05
0.000986809965803615
5.37371763556424e-05
0.000806057645334636
0.0001270151441133366
0.0009623839765510503
-2.9311187103077675e-05
0.0010307767464582316
3.419638495359062e-05
0.0008207132388861749
0.0
0.0009526135808500244
4.885197850512946e-05
0.0010991695163654128
-4.885197850512945e-06
0.0007425500732779677
6.839276990718124e-05
0.0008353688324377137
2.9311187103077675e-05
0.0010356619443087445
0.00017586712261846604
0.0008695652173913043
6.35075720566683e-05
0.0009184171958964338
-9.77039570102589e-06
0.0009086468001954079
-3.419638495359062e-05
0.0010552027357107962
0.00016609672691744016
0.0007669760625305325
0.00013678553981436248
0.0009281875915974596
0.00015632633121641425
0.000903761602344895
-0.00012212994626282364
0.001089399120664387
0.00011235955056179774
0.0008695652173913043
7.327796775769418e-05
0.0008891060087933561
3.908158280410356e-05
0.0008891060087933561
3.908158280410356e-05
0.000893991206643869
2.442598925256473e-05
0.0008500244259892526
4.396678065461651e-05
0.0008207132388861749
7.816316560820712e-05
0.000903761602344895
-0.0001074743527112848
0.0008891060087933561
0.00011235955056179774
0.000815828041035662
0.00019052271617000488
0.0008353688324377137
9.281875915974596e-05
0.0010356619443087445
6.839276990718124e-05
0.0009770395701025891
2.442598925256473e-05
0.0009135319980459208
4.396678065461651e-05
0.0009574987787005373
-2.9311187103077675e-05
0.0009428431851489985
1.4655593551538837e-05
0.000806057645334636
0.0001172447484123107
0.0009379579872984856
-0.0002589154860771861
0.0010161211529066928
0.0001074743527112848
0.0009135319980459208
-9.281875915974596e-05
0.0009965803615046408
-0.00011235955056179774
0.0007962872496336101
-5.37371763556424e-05
0.000893991206643869
8.304836345872008e-05
0.0008646800195407913
6.35075720566683e-05
0.0009281875915974596
0.0001172447484123107
0.0008353688324377137
-3.908158280410356e-05
0.0007669760625305325
9.77039570102589e-06
0.0009135319980459208
0.0001172447484123107
0.0009721543722520762
9.281875915974596e-05
0.0011138251099169516
1.4655593551538837e-05
0.0009233023937469467
-9.770395701025892e-05
0.0010161211529066928
0.00010258915486077186
0.0008891060087933561
-4.396678065461651e-05
0.001064973131411822
3.908158280410356e-05
0.0011529066927210552
3.419638495359062e-05
0.001064973131411822
1.954079140205178e-05
0.0008207132388861749
9.77039570102589e-06
0.0008695652173913043
2.442598925256473e-05
0.0011040547142159257
-7.327796775769418e-05
0.0008597948216902784
0.00015632633121641425
0.0008842208109428432
5.862237420615535e-05
0.0009574987787005373
8.304836345872008e-05
0.0010356619443087445
9.77039570102589e-06
0.0008646800195407913
-4.885197850512946e-05
0.000810942843185149
0.0001172447484123107
0.0009721543722520762
0.0002149487054225696
0.0009330727894479727
0.00012212994626282364
0.0008891060087933561
0.00013678553981436248
0.0010063507572056667
3.419638495359062e-05
0.0007718612603810454
0.00012212994626282364
0.0008402540302882267
-9.77039570102589e-06
0.0009330727894479727
9.77039570102589e-06
0.000986809965803615
0.0001172447484123107
0.0009526135808500244
0.0001270151441133366
0.000893991206643869
2.442598925256473e-05
0.0008304836345872007
0.00019052271617000488
0.0008402540302882267
7.816316560820712e-05
0.0010210063507572057
-6.35075720566683e-05
0.0009477283829995114
3.908158280410356e-05
0.0010161211529066928
0.0001074743527112848
0.0008744504152418173
5.862237420615535e-05
0.0008402540302882267
8.793356130923302e-05
0.0009379579872984856
7.327796775769418e-05
0.000893991206643869
0.0001270151441133366
0.000893991206643869
9.281875915974596e-05
0.000986809965803615
4.396678065461651e-05
0.000903761602344895
6.839276990718124e-05
0.0010258915486077186
3.419638495359062e-05
0.001064973131411822
6.35075720566683e-05
0.0010405471421592574
-6.35075720566683e-05
0.0009477283829995114
4.885197850512945e-06
0.0008451392281387396
-4.885197850512945e-06
0.000981924767953102
-0.00015144113336590132
0.0010258915486077186
4.885197850512945e-06
0.000903761602344895
-2.9311187103077675e-05
0.0008793356130923302
7.816316560820712e-05
0.0009770395701025891
0.00019540791402051784
0.0009721543722520762
3.908158280410356e-05
0.0009721543722520762
-9.77039570102589e-06
0.0009086468001954079
9.77039570102589e-06
0.0009721543722520762
-2.9311187103077675e-05
0.000986809965803615
5.862237420615535e-05
0.000893991206643869
-1.4655593551538837e-05
0.0008695652173913043
6.35075720566683e-05
0.0008597948216902784
-9.77039570102589e-06
0.0009428431851489985
6.839276990718124e-05
0.0010112359550561798
-2.9311187103077675e-05
0.000991695163654128
-1.4655593551538837e-05
0.0009233023937469467
4.885197850512946e-05
0.0010698583292623352
2.442598925256473e-05
0.0007767464582315583
-8.304836345872008e-05
0.0008402540302882267
0.00013190034196384952
0.0009281875915974596
0.0001270151441133366
0.000898876404494382
-4.885197850512946e-05
0.0008597948216902784
0.00018563751831949193
0.0008451392281387396
-9.77039570102589e-06
0.0010161211529066928
0.00013678553981436248
0.0010258915486077186
-5.37371763556424e-05
0.0009574987787005373
1.954079140205178e-05
0.0007425500732779677
7.816316560820712e-05
0.000903761602344895
2.9311187103077675e-05
0.0008793356130923302
9.281875915974596e-05
0.0009721543722520762
-9.77039570102589e-06
0.0009623839765510503
7.327796775769418e-05
0.0010112359550561798
2.442598925256473e-05
0.0010112359550561798
6.839276990718124e-05
0.0008353688324377137
4.396678065461651e-05
0.001079628724963361
4.885197850512946e-05
0.0009233023937469467
6.35075720566683e-05
0.0007034684904738642
4.885197850512946e-05
0.0007962872496336101
0.00014167073766487544
0.0008744504152418173
8.793356130923302e-05
0.0007914020517830972
-0.0001270151441133366
0.0010063507572056667
4.885197850512946e-05
0.0008891060087933561
0.000180752320468979
0.000815828041035662
7.327796775769418e-05
0.0008793356130923302
4.396678065461651e-05
0.0009379579872984856
-0.00013678553981436248
0.0009281875915974596
-6.35075720566683e-05
0.0008744504152418173
4.396678065461651e-05
0.0009281875915974596
-5.37371763556424e-05
0.000810942843185149
0.00014167073766487544
0.0007034684904738642
-0.0001172447484123107
0.0009184171958964338
0.0001172447484123107
0.0007865168539325843
8.793356130923302e-05
0.0008402540302882267
2.442598925256473e-05
0.0010747435271128481
0.0001270151441133366
0.0011480214948705423
-4.885197850512945e-06
0.0008793356130923302
9.770395701025892e-05
0.0009477283829995114
9.77039570102589e-06
0.0009428431851489985
9.770395701025892e-05
0.000806057645334636
0.000180752320468979
0.0009428431851489985
0.0002882266731802638
0.0010063507572056667
0.0001172447484123107
0.0009184171958964338
-2.442598925256473e-05
0.0009281875915974596
5.37371763556424e-05
0.0009086468001954079
0.00026380068392769905
0.000893991206643869
4.885197850512945e-06
0.0008011724474841231
3.908158280410356e-05
0.0008500244259892526
7.816316560820712e-05
0.0010210063507572057
5.37371763556424e-05
0.0007425500732779677
-5.862237420615535e-05
0.0008597948216902784
8.793356130923302e-05
0.0009770395701025891
0.00015632633121641425
0.000815828041035662
-7.327796775769418e-05
0.0009526135808500244
5.37371763556424e-05
0.0009477283829995114
8.304836345872008e-05
0.0009770395701025891
0.00015632633121641425
0.0009574987787005373
0.0001612115290669272
0.0008695652173913043
7.816316560820712e-05
0.0010161211529066928
7.816316560820712e-05
0.0007865168539325843
6.35075720566683e-05
0.0010552027357107962
-2.9311187103077675e-05
0.0010698583292623352
5.37371763556424e-05
0.000810942843185149
0.0001172447484123107
0.0009623839765510503
0.00012212994626282364
0.000986809965803615
4.885197850512946e-05
0.0007523204689789937
4.885197850512946e-05
0.0007865168539325843
0.0001612115290669272
0.0009184171958964338
-2.442598925256473e-05
0.0010356619443087445
-2.9311187103077675e-05
0.0008207132388861749
3.908158280410356e-05
0.0009770395701025891
-6.35075720566683e-05
0.0009574987787005373
0.00015144113336590132
0.0008891060087933561
0.00014655593551538836
0.0009526135808500244
0.0001172447484123107
0.0008891060087933561
6.35075720566683e-05
0.0008304836345872007
-1.4655593551538837e-05
0.0009770395701025891
0.00011235955056179774
0.0007767464582315583
-0.0001612115290669272
0.0009526135808500244
7.816316560820712e-05
0.0011235955056179774
8.304836345872008e-05
0.000991695163654128
-7.816316560820712e-05
0.0010014655593551538
1.4655593551538837e-05
0.0009623839765510503
0.0
0.0007718612603810454
-3.419638495359062e-05
0.0008744504152418173
8.304836345872008e-05
0.0009770395701025891
1.954079140205178e-05
0.0010014655593551538
0.00015144113336590132
0.0008842208109428432
-4.396678065461651e-05
0.0008304836345872007
-4.885197850512946e-05
0.0008011724474841231
1.4655593551538837e-05
0.0008402540302882267
0.0001612115290669272
0.000893991206643869
-4.396678065461651e-05
0.0010942843185148998
0.0001172447484123107
0.0007816316560820713
-3.908158280410356e-05
0.0010014655593551538
-8.793356130923302e-05
0.0010112359550561798
5.862237420615535e-05
0.0009135319980459208
9.77039570102589e-06
0.0009428431851489985
8.793356130923302e-05
0.0010600879335613091
0.0001172447484123107
0.0007914020517830972
3.908158280410356e-05
0.0008695652173913043
-8.304836345872008e-05
0.0007425500732779677
4.396678065461651e-05
0.0008597948216902784
-1.4655593551538837e-05
0.0008549096238397655
3.419638495359062e-05
0.0009330727894479727
0.00015144113336590132
0.0008793356130923302
-3.419638495359062e-05
0.0007572056668295066
3.419638495359062e-05
0.0008597948216902784
-5.37371763556424e-05
0.0008597948216902784
2.442598925256473e-05
0.0008695652173913043
0.00013190034196384952
0.0011138251099169516
6.839276990718124e-05
0.0009770395701025891
0.0001172447484123107
0.000893991206643869
-7.327796775769418e-05
0.000810942843185149
5.37371763556424e-05
0.0010307767464582316
4.885197850512946e-05
0.0009184171958964338
2.9311187103077675e-05
0.0008451392281387396
-4.885197850512946e-05
0.0008793356130923302
-7.816316560820712e-05
0.0009281875915974596
1.954079140205178e-05
0.0009086468001954079
2.442598925256473e-05
0.0010161211529066928
2.9311187103077675e-05
0.000986809965803615
0.000180752320468979
0.0009428431851489985
8.304836345872008e-05
0.0009428431851489985
0.00019052271617000488
0.001064973131411822
3.908158280410356e-05
0.0009086468001954079
-3.419638495359062e-05
0.0009770395701025891
2.9311187103077675e-05
0.0008304836345872007
8.304836345872008e-05
0.0009477283829995114
-2.442598925256473e-05
0.000898876404494382
-5.37371763556424e-05
0.0009477283829995114
8.793356130923302e-05
0.000893991206643869
-3.908158280410356e-05
0.0009330727894479727
0.00010258915486077186
0.0010014655593551538
-9.77039570102589e-06
0.0008011724474841231
-3.419638495359062e-05
0.0010161211529066928
6.839276990718124e-05
0.0007376648754274548
6.839276990718124e-05
0.0008500244259892526
4.885197850512946e-05
0.0009574987787005373
9.770395701025892e-05
0.000815828041035662
9.770395701025892e-05
0.0010307767464582316
-2.442598925256473e-05
0.0009428431851489985
9.77039570102589e-06
0.000898876404494382
-0.00012212994626282364
0.0008744504152418173
-7.327796775769418e-05
0.0006985832926233512
4.396678065461651e-05
0.000903761602344895
3.419638495359062e-05
0.0010405471421592574
8.793356130923302e-05
0.0008353688324377137
0.00012212994626282364
0.0008500244259892526
-1.954079140205178e-05
0.0008695652173913043
0.00014167073766487544
0.0009477283829995114
-2.9311187103077675e-05
0.0009086468001954079
8.304836345872008e-05
0.0008207132388861749
-2.442598925256473e-05
0.0008255984367366878
-4.885197850512945e-06
0.0008842208109428432
0.00013678553981436248
0.0006839276990718123
1.954079140205178e-05
0.0008695652173913043
-1.954079140205178e-05
0.0008793356130923302
4.885197850512946e-05
0.0009233023937469467
0.00013190034196384952
0.0008402540302882267
-0.0001270151441133366
0.0008207132388861749
-6.839276990718124e-05
0.0009770395701025891
7.816316560820712e-05
0.0007425500732779677
7.327796775769418e-05
0.0008500244259892526
0.000180752320468979
0.000815828041035662
2.442598925256473e-05
0.0008646800195407913
6.35075720566683e-05
0.0010063507572056667
0.0001172447484123107
0.0009233023937469467
0.00013190034196384952
0.0009770395701025891
-0.0001270151441133366
0.0009770395701025891
0.0001172447484123107
0.0010356619443087445
-1.4655593551538837e-05
0.000903761602344895
0.00012212994626282364
0.0009233023937469467
5.37371763556424e-05
0.0008500244259892526
0.00015144113336590132
0.0010258915486077186
-2.442598925256473e-05
0.0009428431851489985
-0.00011235955056179774
0.0007914020517830972
7.816316560820712e-05
0.0008793356130923302
0.00013190034196384952
0.0008646800195407913
3.908158280410356e-05
0.000981924767953102
-4.885197850512945e-06
0.0009379579872984856
6.35075720566683e-05
0.0008500244259892526
6.35075720566683e-05
0.0009672691744015633
2.9311187103077675e-05
0.0010942843185148998
0.0001612115290669272
0.0008304836345872007
4.396678065461651e-05
0.0008549096238397655
-0.00016609672691744016
0.0010063507572056667
0.000180752320468979
0.000893991206643869
-0.0001270151441133366
0.0008793356130923302
7.327796775769418e-05
0.0008891060087933561
0.00012212994626282364
0.0006936980947728383
9.770395701025892e-05
0.0010600879335613091
0.0001270151441133366
0.0009281875915974596
3.908158280410356e-05
0.0009965803615046408
-2.442598925256473e-05
0.0010112359550561798
7.816316560820712e-05
0.0009623839765510503
-9.77039570102589e-06
0.0008353688324377137
-9.281875915974596e-05
0.0010600879335613091
5.862237420615535e-05
0.000903761602344895
7.327796775769418e-05
0.0007181240840254031
-1.4655593551538837e-05
0.0010161211529066928
-0.00011235955056179774
0.0010014655593551538
7.327796775769418e-05
0.000991695163654128
8.304836345872008e-05
0.0007865168539325843
0.00011235955056179774
0.000986809965803615
3.908158280410356e-05
0.000991695163654128
-9.77039570102589e-06
0.000898876404494382
7.327796775769418e-05
0.000893991206643869
2.442598925256473e-05
0.0008744504152418173
1.954079140205178e-05
0.0008793356130923302
1.954079140205178e-05
0.001064973131411822
7.816316560820712e-05
0.0008842208109428432
-5.37371763556424e-05
0.0009379579872984856
0.00015632633121641425
0.000981924767953102
1.954079140205178e-05
0.0009281875915974596
-9.77039570102589e-06
0.0009086468001954079
4.885197850512946e-05
0.0009623839765510503
0.0001270151441133366
0.000986809965803615
-0.00012212994626282364
0.0009086468001954079
-4.396678065461651e-05
0.0008402540302882267
0.00013190034196384952
0.000991695163654128
-8.304836345872008e-05
0.000893991206643869
-4.885197850512945e-06
0.000981924767953102
3.419638495359062e-05
0.0009574987787005373
-2.9311187103077675e-05
0.0009623839765510503
5.37371763556424e-05
0.0008646800195407913
9.770395701025892e-05
0.0009574987787005373
6.35075720566683e-05
0.000981924767953102
2.9311187103077675e-05
0.0010991695163654128
7.816316560820712e-05
0.0008353688324377137
2.442598925256473e-05
0.0009184171958964338
9.281875915974596e-05
0.0008891060087933561
2.442598925256473e-05
0.0010112359550561798
-0.00011235955056179774
0.0010942843185148998
4.885197850512945e-06
0.0009721543722520762
3.908158280410356e-05
0.0008793356130923302
-2.9311187103077675e-05
0.0010405471421592574
0.0002589154860771861
0.0009233023937469467
-1.954079140205178e-05
0.000810942843185149
4.396678065461651e-05
0.0009379579872984856
0.00015632633121641425
0.0010698583292623352
9.770395701025892e-05
0.0009086468001954079
4.885197850512945e-06
0.0007962872496336101
-1.4655593551538837e-05
0.0009428431851489985
-4.885197850512945e-06
0.0007816316560820713
-4.885197850512946e-05
0.0009330727894479727
2.9311187103077675e-05
0.0009330727894479727
7.816316560820712e-05
0.0009135319980459208
-5.37371763556424e-05
0.0010356619443087445
5.862237420615535e-05
0.0009477283829995114
-6.35075720566683e-05
0.0008500244259892526
0.0001612115290669272
0.0009574987787005373
7.816316560820712e-05
0.0008549096238397655
-1.954079140205178e-05
0.000723009281875916
4.396678065461651e-05
0.0006057645334636053
4.885197850512945e-06
0.0006985832926233512
-3.908158280410356e-05
0.0009477283829995114
4.885197850512946e-05
0.0009281875915974596
-2.9311187103077675e-05
0.0011089399120664386
-3.419638495359062e-05
0.0007620908646800195
-4.885197850512945e-06
0.0008353688324377137
5.862237420615535e-05
0.0008451392281387396
-5.862237420615535e-05
0.000981924767953102
0.0001612115290669272
0.0009281875915974596
0.00011235955056179774
0.0009672691744015633
4.396678065461651e-05
0.0010161211529066928
-4.885197850512945e-06
0.000903761602344895
6.35075720566683e-05
0.0007816316560820713
1.4655593551538837e-05
0.0008646800195407913
0.00011235955056179774
0.000815828041035662
2.9311187103077675e-05
0.0009086468001954079
-8.304836345872008e-05
0.0008402540302882267
1.954079140205178e-05
0.0008793356130923302
4.396678065461651e-05
0.0008646800195407913
-6.35075720566683e-05
0.0009135319980459208
-9.281875915974596e-05
0.0010161211529066928
3.908158280410356e-05
0.0008255984367366878
1.4655593551538837e-05
0.0009721543722520762
0.0
0.0009672691744015633
4.885197850512946e-05
0.0009477283829995114
9.770395701025892e-05
0.0010258915486077186
7.327796775769418e-05
0.0009233023937469467
2.442598925256473e-05
0.000815828041035662
-1.4655593551538837e-05
0.000903761602344895
9.77039570102589e-06
0.0008597948216902784
-7.327796775769418e-05
0.0007767464582315583
-0.00019052271617000488
0.0010258915486077186
0.0001270151441133366
0.000806057645334636
-2.442598925256473e-05
0.0010991695163654128
4.885197850512945e-06
0.0008597948216902784
0.00014655593551538836
0.0009233023937469467
-2.442598925256473e-05
0.00071323888617489
2.9311187103077675e-05
0.000903761602344895
4.396678065461651e-05
0.0006643869076697606
-2.9311187103077675e-05
0.0009770395701025891
-3.908158280410356e-05
0.001079628724963361
5.37371763556424e-05
0.0010356619443087445
9.77039570102589e-06
0.0009330727894479727
-0.00013190034196384952
0.0010405471421592574
8.304836345872008e-05
0.0008695652173913043
7.327796775769418e-05
0.0009379579872984856
-0.0001074743527112848
0.0010063507572056667
2.9311187103077675e-05
0.0008646800195407913
-8.304836345872008e-05
0.0010356619443087445
9.770395701025892e-05
0.0006692721055202736
5.862237420615535e-05
0.0008793356130923302
9.77039570102589e-06
0.001089399120664387
-0.0001074743527112848
0.0008597948216902784
6.35075720566683e-05
0.0009184171958964338
6.839276990718124e-05
0.0009428431851489985
0.00011235955056179774
0.0009526135808500244
6.35075720566683e-05
0.000986809965803615
0.00010258915486077186
0.0009330727894479727
-2.9311187103077675e-05
0.0007669760625305325
-5.862237420615535e-05
0.0008451392281387396
-6.839276990718124e-05
0.0010014655593551538
9.281875915974596e-05
0.0010210063507572057
9.77039570102589e-06
0.0007669760625305325
0.0001612115290669272
0.0010503175378602833
-2.9311187103077675e-05
0.0010503175378602833
5.37371763556424e-05
0.000893991206643869
6.839276990718124e-05
0.0009770395701025891
2.9311187103077675e-05
0.001089399120664387
3.419638495359062e-05
0.0009281875915974596
2.442598925256473e-05
0.0008842208109428432
-0.0001172447484123107
0.0009721543722520762
-4.885197850512945e-06
0.0008451392281387396
-2.442598925256473e-05
0.0009623839765510503
-3.908158280410356e-05
0.0009135319980459208
9.77039570102589e-06
0.0011529066927210552
-5.862237420615535e-05
0.0009965803615046408
0.00010258915486077186
0.0009428431851489985
0.0001270151441133366
0.000806057645334636
-4.396678065461651e-05
0.000903761602344895
-4.885197850512945e-06
0.0008646800195407913
-1.4655593551538837e-05
0.000898876404494382
-0.00014167073766487544
0.0010698583292623352
-0.00016609672691744016
0.0011382510991695164
-0.00010258915486077186
0.0009770395701025891
-4.885197850512946e-05
0.0009721543722520762
-2.9311187103077675e-05
0.0009330727894479727
-1.4655593551538837e-05
0.0008695652173913043
3.419638495359062e-05
0.000893991206643869
-8.793356130923302e-05
0.0008891060087933561
7.327796775769418e-05
0.0009672691744015633
-1.954079140205178e-05
0.0008744504152418173
-0.00030776746458231557
0.0010161211529066928
-3.908158280410356e-05
0.000815828041035662
-6.35075720566683e-05
0.0009233023937469467
-4.885197850512945e-06
0.0009379579872984856
-5.862237420615535e-05
0.0009721543722520762
4.396678065461651e-05
0.0008353688324377137
0.00015632633121641425
0.0009672691744015633
5.37371763556424e-05
0.0008695652173913043
-0.0001612115290669272
0.0007767464582315583
-8.304836345872008e-05
0.0008793356130923302
-4.885197850512946e-05
0.000893991206643869
0.0001172447484123107
0.0007816316560820713
5.37371763556424e-05
0.0008891060087933561
-2.442598925256473e-05
0.0008255984367366878
6.35075720566683e-05
0.0008597948216902784
-4.396678065461651e-05
0.0009770395701025891
9.77039570102589e-06
0.0007962872496336101
6.35075720566683e-05
0.0008402540302882267
7.816316560820712e-05
0.000903761602344895
-0.0001074743527112848
0.0008353688324377137
-2.442598925256473e-05
0.00071323888617489
2.9311187103077675e-05
0.0008207132388861749
-0.00014167073766487544
0.000810942843185149
-2.442598925256473e-05
0.0008011724474841231
8.793356130923302e-05
0.0009623839765510503
4.396678065461651e-05
0.0009086468001954079
0.00012212994626282364
0.0009428431851489985
8.793356130923302e-05
0.000893991206643869
-9.77039570102589e-06
0.000810942843185149
2.9311187103077675e-05
0.0009574987787005373
4.885197850512945e-06
0.0009281875915974596
8.793356130923302e-05
0.000991695163654128
5.37371763556424e-05
0.0010161211529066928
0.00013678553981436248
0.0008255984367366878
9.770395701025892e-05
0.0009770395701025891
7.816316560820712e-05
0.0007523204689789937
0.00020517830972154372
0.0008304836345872007
0.00011235955056179774
0.0008646800195407913
9.770395701025892e-05
0.0009526135808500244
7.816316560820712e-05
0.000810942843185149
0.0
0.0010698583292623352
4.885197850512946e-05
0.000815828041035662
7.816316560820712e-05
0.0008695652173913043
1.4655593551538837e-05
0.0007278944797264289
0.00012212994626282364
0.0009379579872984856
0.00013678553981436248
0.001162677088422081
0.00021983390327308256
0.0008255984367366878
1.4655593551538837e-05
0.0008549096238397655
-9.77039570102589e-06
0.0007962872496336101
-2.442598925256473e-05
0.0007474352711284806
-2.442598925256473e-05
0.0009086468001954079
0.00015144113336590132
0.0008695652173913043
-1.4655593551538837e-05
0.0009135319980459208
0.0001172447484123107
0.0008597948216902784
4.885197850512946e-05
0.0010454323400097703
-1.954079140205178e-05
0.0011089399120664386
-5.862237420615535e-05
0.0007327796775769418
0.0001074743527112848
0.0009477283829995114
6.839276990718124e-05
0.0008500244259892526
-0.00014167073766487544
0.0009086468001954079
-4.396678065461651e-05
0.000903761602344895
-2.9311187103077675e-05
0.0009184171958964338
0.00016609672691744016
0.0009721543722520762
-3.419638495359062e-05
0.0008011724474841231
6.839276990718124e-05
0.000806057645334636
0.0001270151441133366
0.0009281875915974596
9.281875915974596e-05
0.0009721543722520762
8.793356130923302e-05
0.000903761602344895
-0.0001172447484123107
0.0008744504152418173
0.0001074743527112848
0.0009281875915974596
1.4655593551538837e-05
0.0010258915486077186
5.37371763556424e-05
0.0009428431851489985
-4.885197850512946e-05
0.0009184171958964338
8.793356130923302e-05
0.0008011724474841231
3.419638495359062e-05
0.0009233023937469467
-5.37371763556424e-05
0.0008695652173913043
4.396678065461651e-05
0.0008304836345872007
6.839276990718124e-05
0.0008402540302882267
-1.4655593551538837e-05
0.0008891060087933561
-3.419638495359062e-05
0.0009965803615046408
-0.0001270151441133366
0.0008207132388861749
2.442598925256473e-05
0.0007620908646800195
1.954079140205178e-05
0.0009233023937469467
-5.37371763556424e-05
0.0009086468001954079
2.9311187103077675e-05
0.0007816316560820713
6.839276990718124e-05
0.0009135319980459208
-7.327796775769418e-05
0.0010747435271128481
2.9311187103077675e-05
0.0007962872496336101
8.304836345872008e-05
0.0007572056668295066
7.327796775769418e-05
0.000806057645334636
-1.4655593551538837e-05
0.0011284807034684903
6.35075720566683e-05
0.0008744504152418173
2.9311187103077675e-05
0.0009721543722520762
-1.954079140205178e-05
0.0008793356130923302
-9.77039570102589e-06
0.0010698583292623352
6.35075720566683e-05
0.0009526135808500244
9.77039570102589e-06
0.000991695163654128
-4.396678065461651e-05
0.0009281875915974596
1.4655593551538837e-05
0.0007425500732779677
0.0002247191011235955
0.0010454323400097703
-4.885197850512946e-05
0.0010161211529066928
0.00018563751831949193
0.0011333659013190035
0.00010258915486077186
0.0009770395701025891
0.00019540791402051784
0.0008255984367366878
7.327796775769418e-05
0.0011871030776746457
2.442598925256473e-05
0.0009379579872984856
6.839276990718124e-05
0.0007816316560820713
0.00013190034196384952
0.0007914020517830972
8.304836345872008e-05
0.000898876404494382
8.793356130923302e-05
0.0010356619443087445
-5.37371763556424e-05
0.0008793356130923302
-4.396678065461651e-05
0.0008549096238397655
-0.00011235955056179774
0.0009721543722520762
-5.37371763556424e-05
0.000815828041035662
-9.77039570102589e-06
0.0007620908646800195
-8.304836345872008e-05
0.0007620908646800195
8.304836345872008e-05
0.000815828041035662
2.442598925256473e-05
0.0010161211529066928
-4.885197850512945e-06
0.0009721543722520762
2.9311187103077675e-05
0.0009086468001954079
3.908158280410356e-05
0.0009135319980459208
-4.396678065461651e-05
0.0009428431851489985
0.0
0.0009379579872984856
-9.281875915974596e-05
0.0009770395701025891
0.0001074743527112848
0.0009184171958964338
3.419638495359062e-05
0.000903761602344895
0.00013678553981436248
0.0009184171958964338
0.00013190034196384952
0.0010307767464582316
4.885197850512945e-06
0.000815828041035662
0.00013678553981436248
0.000903761602344895
5.37371763556424e-05
0.001089399120664387
0.00014655593551538836
0.000806057645334636
8.304836345872008e-05
0.0010503175378602833
5.862237420615535e-05
0.0008255984367366878
9.281875915974596e-05
0.0009086468001954079
-4.885197850512945e-06
0.000903761602344895
5.37371763556424e-05
0.0008500244259892526
9.770395701025892e-05
0.0007083536883243771
0.00010258915486077186
0.0008891060087933561
7.816316560820712e-05
0.0010405471421592574
-3.908158280410356e-05
0.000815828041035662
-1.954079140205178e-05
0.0008744504152418173
-0.00019540791402051784
0.0008011724474841231
-2.442598925256473e-05
0.0009965803615046408
0.0001612115290669272
0.000981924767953102
-4.885197850512945e-06
0.0008597948216902784
0.00012212994626282364
0.000893991206643869
-6.35075720566683e-05
0.0009477283829995114
0.0
0.0007083536883243771
0.00010258915486077186
0.0008744504152418173
0.0001172447484123107
0.0010405471421592574
8.793356130923302e-05
0.0008500244259892526
-9.770395701025892e-05
0.0008255984367366878
-9.77039570102589e-06
0.0008597948216902784
-4.885197850512946e-05
0.0010503175378602833
2.442598925256473e-05
0.0007523204689789937
2.442598925256473e-05
0.000903761602344895
0.0
0.0011919882755251588
1.954079140205178e-05
0.000898876404494382
-6.839276990718124e-05
0.0007962872496336101
1.4655593551538837e-05
0.0008646800195407913
3.908158280410356e-05
0.0009623839765510503
-9.281875915974596e-05
0.0006399609184171959
-4.885197850512946e-05
0.0009281875915974596
-6.839276990718124e-05
0.0007718612603810454
1.954079140205178e-05
0.0010210063507572057
-4.396678065461651e-05
0.0007767464582315583
-8.793356130923302e-05
0.0008646800195407913
-0.00014167073766487544
0.0009330727894479727
0.00012212994626282364
0.000981924767953102
5.37371763556424e-05
0.0009574987787005373
0.0001172447484123107
0.0009965803615046408
-0.00012212994626282364
0.0008304836345872007
0.0001172447484123107
0.0010698583292623352
1.4655593551538837e-05
0.0008353688324377137
9.77039570102589e-06
0.0009477283829995114
0.0001074743527112848
0.0007620908646800195
0.00010258915486077186
0.0008793356130923302
3.419638495359062e-05
0.0008304836345872007
-9.770395701025892e-05
0.0008793356130923302
9.770395701025892e-05
0.001079628724963361
6.35075720566683e-05
0.0008891060087933561
9.281875915974596e-05
0.0009623839765510503
6.839276990718124e-05
0.0007914020517830972
-5.862237420615535e-05
0.0009526135808500244
-2.442598925256473e-05
0.0009721543722520762
0.00014167073766487544
0.0007620908646800195
-9.77039570102589e-06
0.0007376648754274548
6.839276990718124e-05
0.000806057645334636
-0.000180752320468979
0.0009135319980459208
-0.0001074743527112848
0.0008695652173913043
-5.862237420615535e-05
0.0009526135808500244
-9.77039570102589e-06
0.0009330727894479727
-3.908158280410356e-05
0.0009184171958964338
-9.770395701025892e-05
0.0007327796775769418
-9.77039570102589e-06
0.0009184171958964338
4.396678065461651e-05
0.001089399120664387
-5.862237420615535e-05
0.0008744504152418173
4.885197850512946e-05
0.0008597948216902784
0.0001612115290669272
0.0010552027357107962
-5.37371763556424e-05
0.0008304836345872007
7.816316560820712e-05
0.0009428431851489985
3.908158280410356e-05
0.0010210063507572057
-1.954079140205178e-05
0.0008451392281387396
3.908158280410356e-05
0.0008402540302882267
-4.885197850512946e-05
0.0009574987787005373
-1.954079140205178e-05
0.0009233023937469467
2.9311187103077675e-05
0.0009477283829995114
-2.9311187103077675e-05
0.0010161211529066928
0.00013678553981436248
0.0009574987787005373
-0.00013678553981436248
0.0010063507572056667
-2.442598925256473e-05
0.0010014655593551538
0.0001074743527112848
0.0008500244259892526
0.00020029311187103076
0.0007669760625305325
0.00015144113336590132
0.0008255984367366878
-1.954079140205178e-05
0.0008646800195407913
-3.908158280410356e-05
0.000810942843185149
-2.9311187103077675e-05
0.0009233023937469467
-2.9311187103077675e-05
0.0009086468001954079
-1.954079140205178e-05
0.0008402540302882267
-9.281875915974596e-05
0.000991695163654128
4.885197850512945e-06
0.0008549096238397655
4.396678065461651e-05
0.0008402540302882267
-0.00010258915486077186
0.0008451392281387396
-5.37371763556424e-05
0.0009623839765510503
2.442598925256473e-05
0.000898876404494382
1.954079140205178e-05
0.0009428431851489985
-5.37371763556424e-05
0.0010600879335613091
-0.00014167073766487544
0.0009330727894479727
-5.862237420615535e-05
0.0008842208109428432
-1.954079140205178e-05
0.0009526135808500244
0.0001172447484123107
0.0009379579872984856
-6.35075720566683e-05
0.0010258915486077186
3.419638495359062e-05
0.0010356619443087445
0.0
0.0008695652173913043
-0.00012212994626282364
0.0006448461162677088
-0.00015632633121641425
0.000986809965803615
2.9311187103077675e-05
0.0010307767464582316
8.304836345872008e-05
0.0007962872496336101
-6.839276990718124e-05
0.000898876404494382
-0.00011235955056179774
0.0010307767464582316
-6.839276990718124e-05
0.0010356619443087445
3.908158280410356e-05
0.000815828041035662
-0.00011235955056179774
0.001079628724963361
0.0001074743527112848
0.0011382510991695164
6.35075720566683e-05
0.0008793356130923302
-4.885197850512946e-05
0.0009233023937469467
0.00016609672691744016
0.0009721543722520762
0.0001270151441133366
0.0008353688324377137
7.327796775769418e-05
0.0009281875915974596
1.954079140205178e-05
0.000893991206643869
6.839276990718124e-05
0.0009379579872984856
-3.908158280410356e-05
0.0010112359550561798
5.37371763556424e-05
0.0009672691744015633
9.281875915974596e-05
0.000893991206643869
-1.954079140205178e-05
0.000898876404494382
5.37371763556424e-05
0.0008451392281387396
0.0001172447484123107
0.0008793356130923302
4.885197850512946e-05
0.0009330727894479727
-0.00010258915486077186
0.0008451392281387396
0.0001074743527112848
0.0009184171958964338
1.954079140205178e-05
0.0008744504152418173
0.0001074743527112848
0.000893991206643869
-9.77039570102589e-06
0.000903761602344895
0.00015144113336590132
0.0009086468001954079
-2.9311187103077675e-05
0.0009770395701025891
9.770395701025892e-05
0.0008207132388861749
-1.4655593551538837e-05
0.0010356619443087445
-3.908158280410356e-05
0.0009379579872984856
0.00011235955056179774
0.0009477283829995114
0.0
0.0008597948216902784
3.908158280410356e-05
0.0008695652173913043
6.35075720566683e-05
0.0008549096238397655
1.954079140205178e-05
0.0009330727894479727
-0.0001074743527112848
0.0009526135808500244
-9.77039570102589e-06
0.0010552027357107962
0.00013190034196384952
0.0009184171958964338
6.35075720566683e-05
0.000893991206643869
5.37371763556424e-05
0.0010747435271128481
7.816316560820712e-05
0.0009281875915974596
5.37371763556424e-05
0.0011040547142159257
-0.00013678553981436248
0.0007425500732779677
-0.00011235955056179774
0.0007962872496336101
-3.908158280410356e-05
0.000903761602344895
2.442598925256473e-05
0.0008646800195407913
-1.4655593551538837e-05
0.0008597948216902784
-1.4655593551538837e-05
0.0010063507572056667
6.35075720566683e-05
0.0009574987787005373
-5.37371763556424e-05
0.000893991206643869
5.862237420615535e-05
0.0007523204689789937
-0.0001709819247679531
0.000806057645334636
0.00010258915486077186
0.000903761602344895
-7.327796775769418e-05
0.0007620908646800195
-1.4655593551538837e-05
0.0008744504152418173
-0.00014167073766487544
0.0008842208109428432
-5.862237420615535e-05
0.0008549096238397655
0.00019540791402051784
0.0009721543722520762
3.908158280410356e-05
0.0008597948216902784
1.954079140205178e-05
0.0008207132388861749
-4.885197850512945e-06
0.0008597948216902784
-0.00012212994626282364
0.0009281875915974596
0.0001172447484123107
0.000986809965803615
-8.793356130923302e-05
0.0009086468001954079
5.862237420615535e-05
0.0009135319980459208
-3.419638495359062e-05
0.0008842208109428432
7.816316560820712e-05
0.0008891060087933561
9.77039570102589e-06
0.0009184171958964338
5.862237420615535e-05
0.0008011724474841231
-8.304836345872008e-05
0.0007962872496336101
3.908158280410356e-05
0.000893991206643869
-9.77039570102589e-06
0.0008597948216902784
-3.908158280410356e-05
0.0008304836345872007
0.00014167073766487544
0.0009672691744015633
9.77039570102589e-06
0.0007767464582315583
0.0
0.0009281875915974596
-4.396678065461651e-05
0.001079628724963361
0.00011235955056179774
0.000981924767953102
9.281875915974596e-05
0.0007669760625305325
3.908158280410356e-05
0.0008646800195407913
8.793356130923302e-05
0.0008011724474841231
-7.816316560820712e-05
0.000903761602344895
-5.37371763556424e-05
0.000991695163654128
-5.862237420615535e-05
0.0009379579872984856
-9.770395701025892e-05
0.000903761602344895
-2.442598925256473e-05
0.0009965803615046408
0.0001074743527112848
0.0010356619443087445
-1.954079140205178e-05
0.0009184171958964338
-2.9311187103077675e-05
0.0009379579872984856
2.442598925256473e-05
0.000898876404494382
0.0001172447484123107
0.0009574987787005373
-4.885197850512945e-06
0.001089399120664387
2.9311187103077675e-05
0.0008646800195407913
-0.00018563751831949193
0.000991695163654128
8.304836345872008e-05
0.000810942843185149
-9.770395701025892e-05
0.0010258915486077186
3.419638495359062e-05
0.0007816316560820713
6.35075720566683e-05
0.0007865168539325843
6.839276990718124e-05
0.0009526135808500244
-6.839276990718124e-05
0.0007620908646800195
5.862237420615535e-05
0.0009281875915974596
3.419638495359062e-05
0.0009672691744015633
0.0
0.0009965803615046408
-0.0001172447484123107
0.0010210063507572057
6.839276990718124e-05
0.0010503175378602833
-7.327796775769418e-05
0.0009477283829995114
-8.304836345872008e-05
0.0008744504152418173
8.304836345872008e-05
0.0009477283829995114
4.396678065461651e-05
0.0009526135808500244
-1.4655593551538837e-05
0.0008255984367366878
7.327796775769418e-05
0.0008549096238397655
9.77039570102589e-06
0.0009379579872984856
-9.77039570102589e-06
0.0008597948216902784
5.37371763556424e-05
0.0009184171958964338
-9.77039570102589e-06
0.0009574987787005373
0.0
0.000981924767953102
2.442598925256473e-05
0.0009379579872984856
-1.4655593551538837e-05
0.0008597948216902784
1.954079140205178e-05
0.0009477283829995114
8.793356130923302e-05
0.0008891060087933561
0.00010258915486077186
0.0010014655593551538
0.00018563751831949193
0.0009379579872984856
-1.4655593551538837e-05
0.0010161211529066928
8.304836345872008e-05
0.0009721543722520762
0.0001612115290669272
0.0008304836345872007
8.793356130923302e-05
0.0011919882755251588
-5.37371763556424e-05
0.0009379579872984856
5.37371763556424e-05
0.0009623839765510503
-3.908158280410356e-05
0.0008597948216902784
-8.304836345872008e-05
0.000806057645334636
-5.862237420615535e-05
0.0009526135808500244
-6.35075720566683e-05
0.000815828041035662
-1.4655593551538837e-05
0.00071323888617489
-0.00014167073766487544
0.0009574987787005373
-7.816316560820712e-05
0.0009330727894479727
9.770395701025892e-05
0.0008451392281387396
-2.442598925256473e-05
0.000898876404494382
1.4655593551538837e-05
0.0009086468001954079
-6.35075720566683e-05
0.0008842208109428432
-9.77039570102589e-06
0.0009135319980459208
-1.954079140205178e-05
0.0009574987787005373
1.954079140205178e-05
0.0009477283829995114
8.793356130923302e-05
0.0008451392281387396
-0.0001172447484123107
0.0009135319980459208
-3.908158280410356e-05
0.0009379579872984856
9.770395701025892e-05
0.0009184171958964338
-9.770395701025892e-05
0.0010552027357107962
0.0001172447484123107
0.000903761602344895
7.327796775769418e-05
0.0008304836345872007
0.00012212994626282364
0.0008842208109428432
5.37371763556424e-05
0.000991695163654128
-5.862237420615535e-05
0.000981924767953102
-1.4655593551538837e-05
0.000903761602344895
-5.37371763556424e-05
0.0009428431851489985
-7.816316560820712e-05
0.0010454323400097703
5.37371763556424e-05
0.0009330727894479727
-1.954079140205178e-05
0.000981924767953102
-1.954079140205178e-05
0.0009086468001954079
-8.304836345872008e-05
0.0008549096238397655
4.885197850512945e-06
0.0009184171958964338
9.770395701025892e-05
0.000893991206643869
-0.0001270151441133366
0.000903761602344895
-1.954079140205178e-05
0.0008353688324377137
-5.37371763556424e-05
0.0008842208109428432
0.00011235955056179774
0.0008646800195407913
6.839276990718124e-05
0.0010210063507572057
-5.37371763556424e-05
0.001084513922813874
6.839276990718124e-05
0.0009721543722520762
9.77039570102589e-06
0.000893991206643869
9.77039570102589e-06
0.0008402540302882267
-0.0001270151441133366
0.0008695652173913043
-2.9311187103077675e-05
0.0009281875915974596
6.839276990718124e-05
0.0010112359550561798
-9.77039570102589e-06
0.000981924767953102
0.00018563751831949193
0.0009477283829995114
-0.00011235955056179774
0.0010503175378602833
-2.442598925256473e-05
0.0011284807034684903
-4.396678065461651e-05
0.0009623839765510503
-5.37371763556424e-05
0.0008011724474841231
-4.885197850512946e-05
0.0010307767464582316
-0.0002540302882266732
0.000981924767953102
-4.885197850512945e-06
0.0010307767464582316
9.281875915974596e-05
0.0008255984367366878
-7.816316560820712e-05
0.0008011724474841231
9.77039570102589e-06
0.0009233023937469467
0.00015144113336590132
0.0010405471421592574
0.0
0.0009233023937469467
5.37371763556424e-05
0.0009526135808500244
8.304836345872008e-05
0.0011284807034684903
0.0001270151441133366
0.0009233023937469467
0.00012212994626282364
0.000991695163654128
9.77039570102589e-06
0.0010063507572056667
6.839276990718124e-05
0.0009721543722520762
-6.35075720566683e-05
0.0009526135808500244
-7.327796775769418e-05
0.0009672691744015633
8.304836345872008e-05
0.0008891060087933561
0.0
0.0009477283829995114
9.770395701025892e-05
0.0010210063507572057
1.954079140205178e-05
0.0007718612603810454
-2.9311187103077675e-05
0.0009135319980459208
-6.35075720566683e-05
0.0008549096238397655
-0.0001172447484123107
0.0009135319980459208
4.396678065461651e-05
0.000986809965803615
-0.00010258915486077186
0.0009086468001954079
4.885197850512946e-05
0.0008793356130923302
4.396678065461651e-05
0.0008011724474841231
-8.304836345872008e-05
0.000893991206643869
0.00021983390327308256
0.0008646800195407913
7.816316560820712e-05
0.0010698583292623352
1.954079140205178e-05
0.0010210063507572057
2.9311187103077675e-05
0.0008500244259892526
4.396678065461651e-05
0.0009233023937469467
0.00018563751831949193
0.001064973131411822
0.00020029311187103076
0.0011235955056179774
-3.419638495359062e-05
0.0009672691744015633
-0.00010258915486077186
0.0009526135808500244
9.281875915974596e-05
0.0007962872496336101
0.00010258915486077186
0.0011284807034684903
-0.0001172447484123107
0.0009086468001954079
-1.4655593551538837e-05
0.0009721543722520762
0.00019540791402051784
0.0010112359550561798
-6.839276990718124e-05
0.000893991206643869
-5.862237420615535e-05
0.0010112359550561798
-8.793356130923302e-05
0.000986809965803615
-2.442598925256473e-05
0.0008304836345872007
0.00015144113336590132
0.0009086468001954079
-3.908158280410356e-05
0.0010503175378602833
-6.839276990718124e-05
0.0007718612603810454
-2.9311187103077675e-05
0.0009233023937469467
0.0001074743527112848
0.0008402540302882267
0.0001074743527112848
0.001084513922813874
0.0
0.0007327796775769418
4.396678065461651e-05
0.0011382510991695164
5.862237420615535e-05
0.0009233023937469467
-1.954079140205178e-05
0.0008549096238397655
9.770395701025892e-05
0.000898876404494382
-2.442598925256473e-05
0.0009965803615046408
4.885197850512946e-05
0.0010258915486077186
9.281875915974596e-05
0.0009379579872984856
-2.9311187103077675e-05
0.0009135319980459208
5.37371763556424e-05
0.0009965803615046408
0.00014167073766487544
0.0010405471421592574
9.281875915974596e-05
0.0010210063507572057
3.419638495359062e-05
0.0009330727894479727
-5.37371763556424e-05
0.0010698583292623352
4.885197850512946e-05
0.0008207132388861749
1.954079140205178e-05
0.0008500244259892526
4.885197850512945e-06
0.0008549096238397655
0.00014655593551538836
0.0008500244259892526
4.885197850512945e-06
0.0009477283829995114
-7.816316560820712e-05
0.0009379579872984856
0.00010258915486077186
0.0009672691744015633
-4.885197850512946e-05
0.0009135319980459208
-1.4655593551538837e-05
0.0008500244259892526
-4.885197850512945e-06
0.0008207132388861749
-1.954079140205178e-05
0.0008402540302882267
-6.839276990718124e-05
0.000893991206643869
0.0001074743527112848
0.0009281875915974596
5.37371763556424e-05
0.0010210063507572057
1.4655593551538837e-05
0.000810942843185149
1.4655593551538837e-05
0.0008646800195407913
-1.4655593551538837e-05
0.0008744504152418173
4.885197850512945e-06
0.000991695163654128
-1.4655593551538837e-05
0.0008255984367366878
-7.816316560820712e-05
0.0009477283829995114
0.0001612115290669272
0.0008842208109428432
0.00010258915486077186
0.0009526135808500244
3.908158280410356e-05
0.0010600879335613091
-9.77039570102589e-06
0.0008402540302882267
8.304836345872008e-05
0.0007572056668295066
-4.396678065461651e-05
0.0010600879335613091
-5.862237420615535e-05
0.0009086468001954079
9.281875915974596e-05
0.0009770395701025891
6.35075720566683e-05
0.0009526135808500244
3.419638495359062e-05
0.0008304836345872007
-4.396678065461651e-05
0.000903761602344895
-0.00010258915486077186
0.0009477283829995114
-2.442598925256473e-05
0.000893991206643869
0.0001270151441133366
0.0008744504152418173
2.9311187103077675e-05
0.0010014655593551538
-8.304836345872008e-05
0.0008646800195407913
-1.954079140205178e-05
0.0010014655593551538
-0.00010258915486077186
0.0009086468001954079
-5.862237420615535e-05
0.000806057645334636
-2.9311187103077675e-05
0.0006790425012212994
-3.908158280410356e-05
0.0009281875915974596
3.419638495359062e-05
0.0010112359550561798
-1.4655593551538837e-05
0.0008891060087933561
-4.885197850512945e-06
0.0009721543722520762
3.419638495359062e-05
0.000903761602344895
-5.37371763556424e-05
0.0010210063507572057
4.396678065461651e-05
0.0009477283829995114
9.77039570102589e-06
0.0010405471421592574
-3.419638495359062e-05
0.0009526135808500244
0.0001074743527112848
0.0009965803615046408
0.0001612115290669272
0.000991695163654128
0.00015632633121641425
0.0009526135808500244
1.4655593551538837e-05
0.0009281875915974596
-4.396678065461651e-05
0.000986809965803615
-7.816316560820712e-05
0.0007620908646800195
0.00018563751831949193
0.0009623839765510503
-2.9311187103077675e-05
0.0011235955056179774
9.77039570102589e-06
0.0007767464582315583
2.9311187103077675e-05
0.0009526135808500244
-4.396678065461651e-05
0.0008500244259892526
-6.35075720566683e-05
0.0008793356130923302
-3.908158280410356e-05
0.0009965803615046408
0.0001270151441133366
0.0007572056668295066
-4.885197850512945e-06
0.0009233023937469467
-1.4655593551538837e-05
0.0008304836345872007
-1.4655593551538837e-05
0.0009184171958964338
-9.77039570102589e-06
0.001084513922813874
1.954079140205178e-05
0.0008695652173913043
-0.00011235955056179774
0.0008255984367366878
5.862237420615535e-05
0.0010991695163654128
1.954079140205178e-05
0.0010063507572056667
0.00016609672691744016
0.0008011724474841231
-5.862237420615535e-05
0.0009623839765510503
9.77039570102589e-06
0.0009184171958964338
9.770395701025892e-05
0.0009233023937469467
-4.396678065461651e-05
0.0011040547142159257
-4.885197850512946e-05
0.000898876404494382
-3.908158280410356e-05
0.0010503175378602833
0.00020029311187103076
0.000981924767953102
-8.793356130923302e-05
0.0010014655593551538
5.862237420615535e-05
0.0011284807034684903
0.0
0.0010600879335613091
3.419638495359062e-05
0.0007620908646800195
-6.35075720566683e-05
0.0008891060087933561
0.00011235955056179774
0.0008304836345872007
-0.0001172447484123107
0.0009428431851489985
6.35075720566683e-05
0.0008304836345872007
4.396678065461651e-05
0.0008842208109428432
4.396678065461651e-05
0.0009233023937469467
-0.00010258915486077186
0.0010454323400097703
2.9311187103077675e-05
0.0011333659013190035
-8.304836345872008e-05
0.0010503175378602833
-0.00012212994626282364
0.0008402540302882267
0.0001270151441133366
0.0010991695163654128
-4.396678065461651e-05
0.0009721543722520762
-2.442598925256473e-05
0.0008793356130923302
-3.908158280410356e-05
0.000903761602344895
-5.37371763556424e-05
0.0007572056668295066
2.9311187103077675e-05
0.0008793356130923302
-7.816316560820712e-05
0.0009477283829995114
0.0
0.0009477283829995114
-0.0001172447484123107
0.0009526135808500244
4.396678065461651e-05
0.0008353688324377137
0.00013190034196384952
0.0006790425012212994
6.839276990718124e-05
0.0008891060087933561
5.37371763556424e-05
0.0009477283829995114
-4.885197850512946e-05
0.001079628724963361
-0.00014167073766487544
0.0009965803615046408
-1.4655593551538837e-05
0.0008402540302882267
1.4655593551538837e-05
0.0009770395701025891
0.0001172447484123107
0.0009281875915974596
3.419638495359062e-05
0.0009965803615046408
4.885197850512945e-06
0.0008011724474841231
-6.839276990718124e-05
0.0008597948216902784
9.77039570102589e-06
0.0008793356130923302
-5.37371763556424e-05
0.0010356619443087445
-0.0001074743527112848
0.0008842208109428432
4.885197850512945e-06
0.000903761602344895
-5.862237420615535e-05
0.0008255984367366878
-2.442598925256473e-05
0.000893991206643869
8.304836345872008e-05
0.0008500244259892526
6.839276990718124e-05
0.000986809965803615
2.9311187103077675e-05
0.0007718612603810454
4.885197850512945e-06
0.0008597948216902784
-3.419638495359062e-05
0.0007767464582315583
5.37371763556424e-05
0.0009526135808500244
-9.770395701025892e-05
0.0007718612603810454
-1.954079140205178e-05
0.0007914020517830972
-0.00016609672691744016
0.000893991206643869
-4.885197850512945e-06
0.0008451392281387396
1.954079140205178e-05
0.0007034684904738642
-4.885197850512945e-06
0.0008255984367366878
-2.9311187103077675e-05
0.0008842208109428432
-6.839276990718124e-05
0.0008842208109428432
-3.419638495359062e-05
0.0009672691744015633
-0.0001074743527112848
0.000898876404494382
-3.419638495359062e-05
0.0009721543722520762
-4.885197850512946e-05
0.0008793356130923302
-5.862237420615535e-05
0.0008744504152418173
1.4655593551538837e-05
0.0007865168539325843
0.0
0.0009477283829995114
4.885197850512945e-06
0.0008842208109428432
-0.0001172447484123107
0.0009770395701025891
7.816316560820712e-05
0.0009184171958964338
6.35075720566683e-05
0.0010063507572056667
-9.770395701025892e-05
0.0009526135808500244
5.37371763556424e-05
0.0009086468001954079
-9.77039570102589e-06
0.0008500244259892526
-9.281875915974596e-05
0.0007034684904738642
-0.0001074743527112848
0.0007669760625305325
-5.37371763556424e-05
0.0008402540302882267
5.37371763556424e-05
0.0009379579872984856
-3.908158280410356e-05
0.000893991206643869
-0.00012212994626282364
0.0008549096238397655
3.908158280410356e-05
0.0007914020517830972
9.770395701025892e-05
0.0008597948216902784
-7.327796775769418e-05
0.0009574987787005373
0.00017586712261846604
0.000991695163654128
-0.00019540791402051784
0.0008695652173913043
3.419638495359062e-05
0.0007425500732779677
8.304836345872008e-05
0.0010942843185148998
0.0
0.0008842208109428432
0.0001270151441133366
0.0008500244259892526
9.281875915974596e-05
0.0010307767464582316
7.816316560820712e-05
0.0008695652173913043
0.00011235955056179774
0.000991695163654128
-1.954079140205178e-05
0.0008255984367366878
0.00014655593551538836
0.000815828041035662
2.9311187103077675e-05
0.0008304836345872007
0.00010258915486077186
0.0010063507572056667
-7.816316560820712e-05
0.001064973131411822
3.908158280410356e-05
0.0007669760625305325
-0.00012212994626282364
0.0009526135808500244
0.0
0.001084513922813874
-6.839276990718124e-05
0.0009379579872984856
7.327796775769418e-05
0.001064973131411822
-1.954079140205178e-05
0.0010258915486077186
0.00013678553981436248
0.0007865168539325843
-4.885197850512946e-05
0.0010552027357107962
-1.954079140205178e-05
0.000810942843185149
-8.793356130923302e-05
0.0007865168539325843
-8.304836345872008e-05
0.001084513922813874
4.885197850512946e-05
0.001079628724963361
9.770395701025892e-05
0.0009672691744015633
-9.770395701025892e-05
0.0008695652173913043
0.0001709819247679531
0.0008646800195407913
-1.954079140205178e-05
0.000815828041035662
6.35075720566683e-05
0.000893991206643869
7.327796775769418e-05
0.0008842208109428432
0.00019052271617000488
0.0007767464582315583
-8.304836345872008e-05
0.0010112359550561798
6.35075720566683e-05
0.0009477283829995114
1.954079140205178e-05
0.0008597948216902784
1.954079140205178e-05
0.0007767464582315583
4.396678065461651e-05
0.0010991695163654128
8.304836345872008e-05
0.0008255984367366878
-1.954079140205178e-05
0.0009330727894479727
9.770395701025892e-05
0.0009477283829995114
6.839276990718124e-05
0.0008695652173913043
4.885197850512946e-05
0.000893991206643869
0.0001074743527112848
0.0009135319980459208
8.304836345872008e-05
0.000903761602344895
9.77039570102589e-06
0.0009623839765510503
7.816316560820712e-05
0.001064973131411822
-4.885197850512945e-06
0.0009623839765510503
-9.77039570102589e-06
0.0009379579872984856
-0.00014167073766487544
0.0009526135808500244
-3.908158280410356e-05
0.0008304836345872007
9.281875915974596e-05
0.000810942843185149
-3.908158280410356e-05
0.0008500244259892526
-4.885197850512946e-05
0.0009965803615046408
-2.9311187103077675e-05
0.0010698583292623352
-6.839276990718124e-05
0.0008353688324377137
-0.00012212994626282364
0.0008549096238397655
-8.793356130923302e-05
0.0008793356130923302
-2.442598925256473e-05
0.0010356619443087445
-9.281875915974596e-05
0.0008011724474841231
4.885197850512945e-06
0.0008353688324377137
-9.77039570102589e-06
0.0007425500732779677
9.77039570102589e-06
0.0009428431851489985
2.442598925256473e-05
0.0009574987787005373
-4.885197850512946e-05
0.0007718612603810454
8.304836345872008e-05
0.0009526135808500244
-9.281875915974596e-05
0.0008793356130923302
-8.304836345872008e-05
0.0010454323400097703
7.816316560820712e-05
0.0009233023937469467
-5.862237420615535e-05
0.0007376648754274548
3.908158280410356e-05
0.0008891060087933561
2.442598925256473e-05
0.0011089399120664386
0.00012212994626282364
0.0009135319980459208
0.0002540302882266732
0.0010014655593551538
-2.442598925256473e-05
0.0009233023937469467
-1.4655593551538837e-05
0.000981924767953102
-9.77039570102589e-06
0.0010112359550561798
0.0
0.0008695652173913043
-3.419638495359062e-05
0.0008011724474841231
-2.442598925256473e-05
0.0007572056668295066
-0.00012212994626282364
0.0008597948216902784
-0.0002589154860771861
0.0010112359550561798
-0.00013190034196384952
0.0008255984367366878
6.839276990718124e-05
0.0009428431851489985
4.396678065461651e-05
0.0007865168539325843
-6.35075720566683e-05
0.0007523204689789937
-4.885197850512946e-05
0.0009477283829995114
-0.00021983390327308256
0.0008011724474841231
0.0
0.0008891060087933561
-0.00020029311187103076
0.0010503175378602833
-9.281875915974596e-05
0.000981924767953102
8.304836345872008e-05
0.0009770395701025891
-5.862237420615535e-05
0.000815828041035662
-2.442598925256473e-05
0.0010747435271128481
-0.00014167073766487544
0.0008891060087933561
-0.00015144113336590132
0.0008207132388861749
-9.770395701025892e-05
0.0008402540302882267
9.77039570102589e-06
0.0007865168539325843
-4.396678065461651e-05
0.0008695652173913043
-0.0001709819247679531
0.0007914020517830972
-9.77039570102589e-06
0.0008549096238397655
2.442598925256473e-05
0.0010698583292623352
7.816316560820712e-05
0.0006643869076697606
-9.77039570102589e-06
0.0008891060087933561
0.0001172447484123107
0.0008207132388861749
2.442598925256473e-05
0.0007816316560820713
1.954079140205178e-05
0.0006399609184171959
-0.0001172447484123107
0.000903761602344895
1.954079140205178e-05
0.0009574987787005373
6.35075720566683e-05
0.0009330727894479727
4.885197850512945e-06
0.0007278944797264289
4.885197850512946e-05
0.0008744504152418173
4.885197850512945e-06
0.0008500244259892526
0.0001074743527112848
0.0008402540302882267
3.908158280410356e-05
0.000898876404494382
0.00011235955056179774
0.0009086468001954079
-7.327796775769418e-05
0.0009233023937469467
-2.442598925256473e-05
0.0006448461162677088
0.0001172447484123107
0.0009184171958964338
-1.4655593551538837e-05
0.0008500244259892526
8.793356130923302e-05
0.000903761602344895
-0.00016609672691744016
0.000898876404494382
-1.954079140205178e-05
0.0007034684904738642
-0.00021983390327308256
0.0008500244259892526
-6.35075720566683e-05
0.0008744504152418173
-2.9311187103077675e-05
0.0009770395701025891
-6.35075720566683e-05
0.0010063507572056667
1.4655593551538837e-05
0.0009526135808500244
3.908158280410356e-05
0.0009574987787005373
-7.816316560820712e-05
0.0009281875915974596
9.281875915974596e-05
0.0008646800195407913
-3.908158280410356e-05
0.0009184171958964338
0.00019052271617000488
0.0008646800195407913
3.419638495359062e-05
0.0010063507572056667
4.396678065461651e-05
0.0008695652173913043
-3.419638495359062e-05
0.0009672691744015633
-2.9311187103077675e-05
0.0011333659013190035
0.00012212994626282364
0.0007718612603810454
2.9311187103077675e-05
0.0010454323400097703
-5.862237420615535e-05
0.0009672691744015633
0.00013678553981436248
0.0008500244259892526
0.0
0.0009526135808500244
-5.862237420615535e-05
0.0010063507572056667
0.00014655593551538836
0.0007816316560820713
0.00015144113336590132
0.0010014655593551538
0.0001074743527112848
0.0010063507572056667
-1.954079140205178e-05
0.000981924767953102
-8.793356130923302e-05
0.0008353688324377137
-4.396678065461651e-05
0.0012408402540302881
2.9311187103077675e-05
0.0010014655593551538
3.419638495359062e-05
0.0008255984367366878
2.9311187103077675e-05
0.0009379579872984856
-4.885197850512946e-05
0.0009233023937469467
4.885197850512945e-06
0.0008353688324377137
1.4655593551538837e-05
0.000903761602344895
5.37371763556424e-05
0.0009721543722520762
0.0
0.0011089399120664386
5.862237420615535e-05
0.0008793356130923302
0.00013678553981436248
0.0010503175378602833
0.00010258915486077186
0.0008646800195407913
8.304836345872008e-05
0.000810942843185149
-2.9311187103077675e-05
0.000815828041035662
-7.327796775769418e-05
0.0007523204689789937
9.281875915974596e-05
0.0008304836345872007
-6.35075720566683e-05
0.0008500244259892526
1.954079140205178e-05
0.0008549096238397655
0.00013678553981436248
0.0008500244259892526
7.327796775769418e-05
0.000893991206643869
8.793356130923302e-05
0.000986809965803615
4.396678065461651e-05
0.0008500244259892526
-1.4655593551538837e-05
0.0008793356130923302
4.885197850512946e-05
0.0011089399120664386
0.00010258915486077186
0.0009477283829995114
9.77039570102589e-06
0.0010747435271128481
-0.00013190034196384952
0.0008597948216902784
8.793356130923302e-05
0.000903761602344895
6.839276990718124e-05
0.0007914020517830972
-7.816316560820712e-05
0.0008793356130923302
9.77039570102589e-06
0.000810942843185149
-3.908158280410356e-05
0.0009770395701025891
-1.954079140205178e-05
0.0007865168539325843
-1.954079140205178e-05
0.0006985832926233512
-8.793356130923302e-05
0.0009770395701025891
0.0001270151441133366
0.0008793356130923302
0.00011235955056179774
0.000981924767953102
-4.885197850512945e-06
0.0008451392281387396
4.885197850512945e-06
0.0008402540302882267
9.770395701025892e-05
0.0008207132388861749
-0.00013190034196384952
0.0007718612603810454
-6.35075720566683e-05
0.0010161211529066928
-3.419638495359062e-05
0.0007816316560820713
-4.396678065461651e-05
0.0009526135808500244
4.885197850512946e-05
0.0009135319980459208
7.327796775769418e-05
0.0008597948216902784
5.37371763556424e-05
0.001079628724963361
8.793356130923302e-05
0.0010161211529066928
-2.442598925256473e-05
0.0008597948216902784
9.77039570102589e-06
0.0010112359550561798
-6.839276990718124e-05
0.0010942843185148998
4.885197850512946e-05
0.0010063507572056667
2.9311187103077675e-05
0.0011577918905715681
3.908158280410356e-05
0.0008695652173913043
0.00016609672691744016
0.0008402540302882267
-0.00021983390327308256
0.0009330727894479727
-7.816316560820712e-05
0.0009428431851489985
-3.419638495359062e-05
0.000806057645334636
-0.00010258915486077186
0.0009965803615046408
6.35075720566683e-05
0.0009233023937469467
-4.396678065461651e-05
0.0008891060087933561
-3.419638495359062e-05
0.0010454323400097703
8.793356130923302e-05
0.0009526135808500244
-1.954079140205178e-05
0.0009623839765510503
-3.419638495359062e-05
0.0009477283829995114
-6.35075720566683e-05
0.000903761602344895
6.839276990718124e-05
0.0008744504152418173
5.37371763556424e-05
0.0008597948216902784
0.00017586712261846604
0.0009623839765510503
-4.885197850512946e-05
0.0009135319980459208
5.37371763556424e-05
0.0009233023937469467
-3.419638495359062e-05
0.0010112359550561798
-9.77039570102589e-06
0.000986809965803615
-3.419638495359062e-05
0.0009965803615046408
1.954079140205178e-05
0.000981924767953102
4.885197850512946e-05
0.0009770395701025891
0.00012212994626282364
0.000898876404494382
0.00014167073766487544
0.0008255984367366878
-9.281875915974596e-05
0.0010503175378602833
7.816316560820712e-05
0.00063019052271617
-7.816316560820712e-05
0.0010112359550561798
0.00011235955056179774
0.0009526135808500244
0.00021006350757205668
0.0009135319980459208
-1.4655593551538837e-05
0.0009477283829995114
2.9311187103077675e-05
0.0008695652173913043
3.419638495359062e-05
0.0009379579872984856
3.908158280410356e-05
0.0008402540302882267
0.00018563751831949193
0.000981924767953102
-9.281875915974596e-05
0.0009428431851489985
-2.9311187103077675e-05
0.0008500244259892526
0.00014655593551538836
0.0007914020517830972
-5.37371763556424e-05
0.0010454323400097703
9.770395701025892e-05
0.000986809965803615
6.35075720566683e-05
0.0008011724474841231
-1.954079140205178e-05
0.000898876404494382
7.816316560820712e-05
0.0008597948216902784
4.885197850512945e-06
0.0010258915486077186
-2.9311187103077675e-05
0.0010210063507572057
0.00013678553981436248
0.0009526135808500244
8.304836345872008e-05
0.0007718612603810454
-1.954079140205178e-05
0.0008207132388861749
4.396678065461651e-05
0.0006741573033707865
-9.77039570102589e-06
0.0008842208109428432
5.862237420615535e-05
0.0009428431851489985
2.442598925256473e-05
0.0008597948216902784
-6.839276990718124e-05
0.0010405471421592574
-4.885197850512946e-05
0.0009184171958964338
5.862237420615535e-05
0.0007914020517830972
5.37371763556424e-05
0.0008695652173913043
-7.327796775769418e-05
0.0010112359550561798
0.0001612115290669272
0.0008255984367366878
3.419638495359062e-05
0.0009770395701025891
0.00020029311187103076
0.0009379579872984856
-4.885197850512945e-06
0.0008353688324377137
0.00013190034196384952
0.0009526135808500244
1.954079140205178e-05
0.0008402540302882267
-2.442598925256473e-05
0.0008207132388861749
1.954079140205178e-05
0.0008744504152418173
9.77039570102589e-06
0.0009379579872984856
2.442598925256473e-05
0.0008255984367366878
1.4655593551538837e-05
0.0010161211529066928
4.885197850512946e-05
0.000981924767953102
-1.4655593551538837e-05
0.0008695652173913043
-9.77039570102589e-06
0.000893991206643869
0.00010258915486077186
0.0008304836345872007
-4.396678065461651e-05
0.0009379579872984856
6.839276990718124e-05
0.0009574987787005373
-1.4655593551538837e-05
0.0007669760625305325
7.327796775769418e-05
0.0007914020517830972
0.0
0.0007669760625305325
4.396678065461651e-05
0.0008500244259892526
4.396678065461651e-05
0.0009965803615046408
-0.0001172447484123107
0.0008304836345872007
7.327796775769418e-05
0.0009526135808500244
-0.0001074743527112848
0.0007425500732779677
4.396678065461651e-05
0.0009428431851489985
0.0001074743527112848
0.0009721543722520762
6.35075720566683e-05
0.0009379579872984856
-2.442598925256473e-05
0.0009330727894479727
1.4655593551538837e-05
0.0008646800195407913
-0.0001172447484123107
0.000898876404494382
-0.0001270151441133366
0.0009233023937469467
1.4655593551538837e-05
0.0010454323400097703
-0.00013190034196384952
0.0009135319980459208
0.00014655593551538836
0.0009965803615046408
4.885197850512945e-06
0.0009574987787005373
-8.304836345872008e-05
0.0010454323400097703
-4.396678065461651e-05
0.0008891060087933561
-5.862237420615535e-05
0.0007718612603810454
0.0
0.0007425500732779677
0.00015144113336590132
0.0008597948216902784
8.304836345872008e-05
0.0009281875915974596
-5.37371763556424e-05
0.0009330727894479727
-7.327796775769418e-05
0.0009477283829995114
-3.419638495359062e-05
0.0007718612603810454
7.816316560820712e-05
0.0008353688324377137
-4.885197850512945e-06
0.0009281875915974596
-4.885197850512945e-06
0.000815828041035662
4.885197850512946e-05
0.000893991206643869
0.00017586712261846604
0.0009086468001954079
-5.37371763556424e-05
0.0009477283829995114
-3.908158280410356e-05
0.0009965803615046408
9.770395701025892e-05
0.0007816316560820713
6.839276990718124e-05
0.0007474352711284806
1.4655593551538837e-05
0.0010112359550561798
0.000180752320468979
0.0007718612603810454
-7.327796775769418e-05
0.0007914020517830972
-4.396678065461651e-05
0.0009086468001954079
2.9311187103077675e-05
0.0007914020517830972
-3.908158280410356e-05
0.0008304836345872007
-4.885197850512945e-06
0.000898876404494382
-2.442598925256473e-05
0.000815828041035662
-9.77039570102589e-06
0.0008597948216902784
-6.839276990718124e-05
0.0008451392281387396
2.9311187103077675e-05
0.0008500244259892526
0.00017586712261846604
0.000893991206643869
-4.885197850512945e-06
0.0009770395701025891
5.37371763556424e-05
0.0009526135808500244
-8.304836345872008e-05
0.0009477283829995114
-1.954079140205178e-05
0.0007572056668295066
1.4655593551538837e-05
0.0008744504152418173
-1.4655593551538837e-05
0.0009086468001954079
0.00016609672691744016
0.0007816316560820713
4.885197850512945e-06
0.0010112359550561798
-4.396678065461651e-05
0.0008695652173913043
-8.793356130923302e-05
0.0011040547142159257
0.0
0.0009379579872984856
7.816316560820712e-05
0.0009721543722520762
6.35075720566683e-05
0.0009135319980459208
1.4655593551538837e-05
0.0007083536883243771
9.77039570102589e-06
0.0008304836345872007
-0.00013678553981436248
0.0009281875915974596
-5.37371763556424e-05
0.0008451392281387396
1.4655593551538837e-05
0.0008744504152418173
7.327796775769418e-05
0.0009574987787005373
-2.9311187103077675e-05
0.0009184171958964338
0.0
0.0010503175378602833
0.0
0.0009623839765510503
2.442598925256473e-05
0.0009233023937469467
-2.9311187103077675e-05
0.0007523204689789937
3.908158280410356e-05
0.0008793356130923302
-0.0001270151441133366
0.0009379579872984856
2.442598925256473e-05
0.0008793356130923302
-8.793356130923302e-05
0.0008646800195407913
4.885197850512946e-05
0.0009623839765510503
6.35075720566683e-05
0.000898876404494382
1.4655593551538837e-05
0.0009135319980459208
4.885197850512946e-05
0.0010552027357107962
-4.885197850512945e-06
0.0009623839765510503
8.304836345872008e-05
0.0007767464582315583
0.0001270151441133366
0.0008207132388861749
-2.442598925256473e-05
0.0007718612603810454
3.419638495359062e-05
0.000903761602344895
0.0001612115290669272
0.0008842208109428432
0.00020029311187103076
0.0008597948216902784
4.885197850512946e-05
0.0007034684904738642
-4.885197850512945e-06
0.0008402540302882267
-5.37371763556424e-05
0.0008597948216902784
1.954079140205178e-05
0.0008549096238397655
0.00011235955056179774
0.00071323888617489
-7.816316560820712e-05
0.0009086468001954079
9.77039570102589e-06
0.00071323888617489
0.0001270151441133366
0.0008011724474841231
-7.327796775769418e-05
0.000806057645334636
-5.37371763556424e-05
0.0007083536883243771
6.35075720566683e-05
0.0008891060087933561
-8.793356130923302e-05
0.0010454323400097703
9.281875915974596e-05
0.0007523204689789937
5.37371763556424e-05
0.0009623839765510503
-2.9311187103077675e-05
0.0009086468001954079
6.839276990718124e-05
0.0009428431851489985
-0.00013678553981436248
0.0009526135808500244
5.862237420615535e-05
0.0010161211529066928
9.77039570102589e-06
0.0008646800195407913
-5.37371763556424e-05
0.0008695652173913043
2.442598925256473e-05
0.0009184171958964338
0.00014655593551538836
0.0009281875915974596
-5.862237420615535e-05
0.0009965803615046408
0.00010258915486077186
0.001089399120664387
-2.9311187103077675e-05
0.000893991206643869
3.419638495359062e-05
0.0007816316560820713
-0.00021006350757205668
0.0008549096238397655
0.0001074743527112848
0.0009574987787005373
1.954079140205178e-05
0.0009672691744015633
8.304836345872008e-05
0.0008304836345872007
6.35075720566683e-05
0.0009623839765510503
0.00014655593551538836
0.0010942843185148998
5.37371763556424e-05
0.0008597948216902784
7.816316560820712e-05
0.000810942843185149
4.885197850512946e-05
0.0010112359550561798
2.442598925256473e-05
0.0007816316560820713
-8.793356130923302e-05
0.0010014655593551538
0.00014655593551538836
0.0009965803615046408
1.4655593551538837e-05
0.0009086468001954079
-4.396678065461651e-05
0.0008353688324377137
2.442598925256473e-05
0.0008304836345872007
-3.908158280410356e-05
0.0010747435271128481
4.885197850512945e-06
0.0009086468001954079
-2.9311187103077675e-05
0.0009086468001954079
9.77039570102589e-06
0.0008549096238397655
0.00014167073766487544
0.0009330727894479727
-6.35075720566683e-05
0.0008353688324377137
-4.885197850512945e-06
0.001079628724963361
-6.35075720566683e-05
0.0009477283829995114
-3.908158280410356e-05
0.0007865168539325843
-4.396678065461651e-05
0.0008891060087933561
0.0001074743527112848
0.0009672691744015633
9.770395701025892e-05
0.0008500244259892526
0.00013678553981436248
0.0008451392281387396
-0.0001709819247679531
0.0008451392281387396
-0.00010258915486077186
0.000898876404494382
-7.816316560820712e-05
0.0008646800195407913
3.419638495359062e-05
0.0009770395701025891
-2.442598925256473e-05
0.0009672691744015633
2.442598925256473e-05
0.0008353688324377137
0.00026868588177821203
0.0010405471421592574
4.396678065461651e-05
0.0010014655593551538
7.327796775769418e-05
0.0008402540302882267
-0.00010258915486077186
0.0008646800195407913
5.862237420615535e-05
0.0008597948216902784
-4.396678065461651e-05
0.0009428431851489985
-0.0001709819247679531
0.0009428431851489985
0.00018563751831949193
0.0008011724474841231
0.0001270151441133366
0.0008402540302882267
4.885197850512946e-05
0.0007816316560820713
-9.77039570102589e-06
0.0008891060087933561
-0.0001612115290669272
0.0008500244259892526
-1.954079140205178e-05
0.0008207132388861749
0.0001709819247679531
0.0008549096238397655
5.862237420615535e-05
0.0009379579872984856
0.0001709819247679531
0.0009526135808500244
-0.00020029311187103076
0.0010942843185148998
0.00020517830972154372
0.0009330727894479727
0.00017586712261846604
0.0007620908646800195
-7.327796775769418e-05
0.0008207132388861749
-3.908158280410356e-05
0.0008549096238397655
-6.839276990718124e-05
0.0011138251099169516
-0.00014655593551538836
0.000815828041035662
-4.885197850512945e-06
0.0010258915486077186
-4.885197850512946e-05
0.0010454323400097703
-4.885197850512946e-05
0.0009721543722520762
1.954079140205178e-05
0.000986809965803615
4.396678065461651e-05
0.0009477283829995114
4.885197850512945e-06
0.0008549096238397655
6.839276990718124e-05
0.0008549096238397655
4.396678065461651e-05
0.0008402540302882267
6.839276990718124e-05
0.0008011724474841231
8.793356130923302e-05
0.0010063507572056667
-9.770395701025892e-05
0.0008549096238397655
-6.35075720566683e-05
0.0008402540302882267
3.908158280410356e-05
0.0007962872496336101
8.793356130923302e-05
0.0008402540302882267
-6.839276990718124e-05
0.000810942843185149
-0.0001172447484123107
0.0008500244259892526
-8.304836345872008e-05
0.0009428431851489985
9.770395701025892e-05
0.000981924767953102
4.885197850512945e-06
0.0008744504152418173
-3.419638495359062e-05
0.0009184171958964338
-5.37371763556424e-05
0.000806057645334636
4.396678065461651e-05
0.0008597948216902784
6.839276990718124e-05
0.001162677088422081
1.954079140205178e-05
0.0010942843185148998
0.00014655593551538836
0.0009379579872984856
-0.00021006350757205668
0.0010014655593551538
0.0
0.0009086468001954079
8.793356130923302e-05
0.0009428431851489985
-1.4655593551538837e-05
0.000986809965803615
2.9311187103077675e-05
0.0010063507572056667
-5.862237420615535e-05
0.0008695652173913043
-2.9311187103077675e-05
0.001064973131411822
-3.908158280410356e-05
0.0010063507572056667
-5.37371763556424e-05
0.0009526135808500244
1.4655593551538837e-05
0.000986809965803615
-6.35075720566683e-05
0.000903761602344895
-1.4655593551538837e-05
0.0009526135808500244
-7.816316560820712e-05
0.0009330727894479727
-0.00013678553981436248
0.000903761602344895
2.442598925256473e-05
0.0008255984367366878
3.419638495359062e-05
0.0009184171958964338
5.862237420615535e-05
0.0008793356130923302
0.0001074743527112848
0.0007914020517830972
-0.00019540791402051784
0.0009086468001954079
-6.839276990718124e-05
0.0008451392281387396
3.419638495359062e-05
0.0009379579872984856
-3.419638495359062e-05
0.0008891060087933561
-4.885197850512945e-06
0.0010014655593551538
-0.00013190034196384952
0.0008695652173913043
-5.862237420615535e-05
0.000986809965803615
-0.00021006350757205668
0.0008451392281387396
5.37371763556424e-05
0.0008695652173913043
9.77039570102589e-06
0.0009086468001954079
4.885197850512945e-06
0.0008842208109428432
-2.9311187103077675e-05
0.0007718612603810454
-4.396678065461651e-05
0.0009965803615046408
2.9311187103077675e-05
0.0008842208109428432
-2.442598925256473e-05
0.0007718612603810454
-9.77039570102589e-06
0.000991695163654128
-2.9311187103077675e-05
0.0008891060087933561
-1.4655593551538837e-05
0.0009965803615046408
-9.770395701025892e-05
0.0008842208109428432
0.0001074743527112848
0.000893991206643869
-4.885197850512945e-06
0.0007572056668295066
-9.77039570102589e-06
0.0009233023937469467
6.839276990718124e-05
0.0009477283829995114
-3.908158280410356e-05
0.0010600879335613091
0.00011235955056179774
0.0009526135808500244
-4.885197850512945e-06
0.0007962872496336101
4.396678065461651e-05
0.0008695652173913043
5.37371763556424e-05
0.0008891060087933561
-0.0001709819247679531
0.000986809965803615
2.9311187103077675e-05
0.000898876404494382
-0.00014167073766487544
0.000815828041035662
9.770395701025892e-05
0.0010747435271128481
2.442598925256473e-05
0.0009233023937469467
1.4655593551538837e-05
0.00071323888617489
2.9311187103077675e-05
0.0009379579872984856
4.885197850512945e-06
0.0008842208109428432
2.9311187103077675e-05
0.000806057645334636
-0.0001270151441133366
0.0008793356130923302
3.419638495359062e-05
0.000898876404494382
0.00017586712261846604
0.0008793356130923302
1.954079140205178e-05
0.0008549096238397655
7.327796775769418e-05
0.0010356619443087445
2.442598925256473e-05
0.0009233023937469467
4.396678065461651e-05
0.0008353688324377137
-4.396678065461651e-05
0.0010210063507572057
-8.793356130923302e-05
0.0009281875915974596
0.0001172447484123107
0.0007767464582315583
-6.839276990718124e-05
0.0008011724474841231
5.862237420615535e-05
0.00071323888617489
-1.954079140205178e-05
0.000898876404494382
-2.442598925256473e-05
0.0010698583292623352
9.281875915974596e-05
0.0009721543722520762
-0.00012212994626282364
0.000991695163654128
0.0001270151441133366
0.0008744504152418173
2.442598925256473e-05
0.0009965803615046408
0.0001270151441133366
0.000991695163654128
4.396678065461651e-05
0.0009233023937469467
2.9311187103077675e-05
0.0009770395701025891
8.793356130923302e-05
0.0008353688324377137
2.9311187103077675e-05
0.0008744504152418173
-2.442598925256473e-05
0.0007572056668295066
1.954079140205178e-05
0.0008353688324377137
6.839276990718124e-05
0.0008744504152418173
0.00016609672691744016
0.0009330727894479727
9.770395701025892e-05
0.0008597948216902784
8.304836345872008e-05
0.0008744504152418173
1.954079140205178e-05
0.0009770395701025891
0.00019052271617000488
0.0008695652173913043
1.954079140205178e-05
0.0008549096238397655
-4.396678065461651e-05
0.0008695652173913043
-5.862237420615535e-05
0.0009526135808500244
1.954079140205178e-05
0.0006936980947728383
9.77039570102589e-06
0.0008304836345872007
-0.00010258915486077186
0.0009330727894479727
-1.4655593551538837e-05
0.0008842208109428432
6.839276990718124e-05
0.000898876404494382
2.442598925256473e-05
0.0008842208109428432
-5.37371763556424e-05
0.0008402540302882267
-1.954079140205178e-05
0.0008842208109428432
0.0001172447484123107
0.0008695652173913043
6.35075720566683e-05
0.001084513922813874
-7.816316560820712e-05
0.0007962872496336101
-0.00015144113336590132
0.0008402540302882267
-0.0001709819247679531
0.0007376648754274548
7.327796775769418e-05
0.0008793356130923302
-1.954079140205178e-05
0.0008646800195407913
-9.77039570102589e-06
0.000903761602344895
0.00014655593551538836
0.0008451392281387396
1.4655593551538837e-05
0.000986809965803615
3.908158280410356e-05
0.0009086468001954079
5.37371763556424e-05
0.0007962872496336101
6.839276990718124e-05
0.0010112359550561798
3.419638495359062e-05
0.0008597948216902784
6.35075720566683e-05
0.0008500244259892526
6.35075720566683e-05
0.0010014655593551538
1.4655593551538837e-05
0.0008353688324377137
0.00010258915486077186
0.0007816316560820713
0.0001709819247679531
0.0007425500732779677
9.77039570102589e-06
0.0010014655593551538
-4.396678065461651e-05
0.0011235955056179774
0.0001709819247679531
0.0010503175378602833
5.862237420615535e-05
0.0008793356130923302
-9.77039570102589e-06
0.0009428431851489985
0.0
0.000625305324865657
7.816316560820712e-05
0.0008353688324377137
-5.37371763556424e-05
0.0009477283829995114
2.9311187103077675e-05
0.000986809965803615
-4.885197850512946e-05
0.0009574987787005373
5.37371763556424e-05
0.0008304836345872007
-0.00014167073766487544
0.000893991206643869
-1.954079140205178e-05
0.0009623839765510503
-4.396678065461651e-05
0.0007034684904738642
3.908158280410356e-05
0.000806057645334636
0.0001172447484123107
0.0007962872496336101
9.281875915974596e-05
0.000810942843185149
-4.396678065461651e-05
0.0008549096238397655
7.327796775769418e-05
0.000815828041035662
7.327796775769418e-05
0.0009135319980459208
-0.00011235955056179774
0.0006790425012212994
-5.37371763556424e-05
0.0008549096238397655
1.954079140205178e-05
0.0009233023937469467
0.0002247191011235955
0.000893991206643869
8.304836345872008e-05
0.0008549096238397655
3.419638495359062e-05
0.0007914020517830972
9.770395701025892e-05
0.0008891060087933561
6.839276990718124e-05
0.0010698583292623352
4.885197850512945e-06
0.0008500244259892526
-4.885197850512945e-06
0.0007962872496336101
5.37371763556424e-05
0.0008793356130923302
-6.35075720566683e-05
0.000991695163654128
-4.396678065461651e-05
0.0008646800195407913
0.0001074743527112848
0.0009086468001954079
-1.4655593551538837e-05
0.0008891060087933561
0.00014655593551538836
0.000991695163654128
-4.885197850512945e-06
0.000986809965803615
-7.816316560820712e-05
0.0009770395701025891
-6.839276990718124e-05
0.0008549096238397655
-4.396678065461651e-05
0.0009086468001954079
-0.0001172447484123107
0.0008597948216902784
1.954079140205178e-05
0.0008891060087933561
-8.793356130923302e-05
0.0009672691744015633
0.00018563751831949193
0.0007278944797264289
3.908158280410356e-05
0.0008793356130923302
7.816316560820712e-05
0.0006839276990718123
-4.885197850512945e-06
0.0009574987787005373
-3.419638495359062e-05
0.0008353688324377137
2.442598925256473e-05
0.0008500244259892526
9.281875915974596e-05
0.0008500244259892526
-9.77039570102589e-06
0.0006741573033707865
5.37371763556424e-05
0.0009184171958964338
-7.327796775769418e-05
0.0010014655593551538
5.862237420615535e-05
0.0008842208109428432
-4.885197850512946e-05
0.0010210063507572057
-4.885197850512946e-05
0.000815828041035662
5.862237420615535e-05
0.0007962872496336101
-7.816316560820712e-05
0.0008353688324377137
-4.396678065461651e-05
0.000815828041035662
7.816316560820712e-05
0.000893991206643869
-2.9311187103077675e-05
0.0008402540302882267
1.954079140205178e-05
0.0008549096238397655
-0.00017586712261846604
0.0010161211529066928
8.304836345872008e-05
0.0006106497313141182
7.816316560820712e-05
0.0008207132388861749
-0.00019540791402051784
0.0008891060087933561
6.839276990718124e-05
0.0009623839765510503
-1.4655593551538837e-05
0.0009086468001954079
0.0001612115290669272
0.0009086468001954079
0.00018563751831949193
0.0010503175378602833
9.281875915974596e-05
0.0008744504152418173
6.839276990718124e-05
0.0009086468001954079
-7.327796775769418e-05
0.0009574987787005373
-6.839276990718124e-05
0.0009135319980459208
6.35075720566683e-05
0.000991695163654128
0.00012212994626282364
0.0008549096238397655
-6.35075720566683e-05
0.0009184171958964338
2.9311187103077675e-05
0.0008500244259892526
4.885197850512945e-06
0.0009721543722520762
-8.304836345872008e-05
0.0008304836345872007
-5.37371763556424e-05
0.000893991206643869
7.327796775769418e-05
0.0008353688324377137
0.0001270151441133366
0.0009477283829995114
2.9311187103077675e-05
0.0007962872496336101
-0.00014655593551538836
0.0010161211529066928
-0.00022960429897410844
0.0007474352711284806
6.839276990718124e-05
0.0009135319980459208
-0.00016609672691744016
0.000815828041035662
3.419638495359062e-05
0.0009428431851489985
-2.442598925256473e-05
0.0008402540302882267
6.839276990718124e-05
0.0008695652173913043
6.839276990718124e-05
0.0007914020517830972
0.0
0.0009721543722520762
7.327796775769418e-05
0.0008500244259892526
-8.793356130923302e-05
0.0009672691744015633
-4.885197850512946e-05
0.0009281875915974596
3.908158280410356e-05
0.000903761602344895
-4.396678065461651e-05
0.0009379579872984856
6.35075720566683e-05
0.0008842208109428432
2.9311187103077675e-05
0.0009672691744015633
-3.419638495359062e-05
0.0009184171958964338
-9.281875915974596e-05
0.0008549096238397655
-1.954079140205178e-05
0.0010503175378602833
4.885197850512945e-06
0.000903761602344895
-5.862237420615535e-05
0.0007620908646800195
-6.839276990718124e-05
0.0007425500732779677
-0.00013678553981436248
0.0010210063507572057
-5.37371763556424e-05
0.0008500244259892526
-9.77039570102589e-06
0.0010112359550561798
-8.304836345872008e-05
0.0009526135808500244
-1.954079140205178e-05
0.0008891060087933561
4.396678065461651e-05
0.0009281875915974596
-0.00010258915486077186
0.001089399120664387
8.304836345872008e-05
0.0009428431851489985
-0.00012212994626282364
0.0008402540302882267
-9.77039570102589e-06
0.0009281875915974596
1.4655593551538837e-05
0.0009574987787005373
3.908158280410356e-05
0.000723009281875916
8.793356130923302e-05
0.000898876404494382
-1.4655593551538837e-05
0.0008646800195407913
5.862237420615535e-05
0.0008207132388861749
2.9311187103077675e-05
0.0007669760625305325
-3.419638495359062e-05
0.0009233023937469467
0.00013190034196384952
0.0010063507572056667
-4.396678065461651e-05
0.0010552027357107962
-0.00014655593551538836
0.0008353688324377137
-3.908158280410356e-05
0.000815828041035662
5.862237420615535e-05
0.0010210063507572057
-2.442598925256473e-05
0.0008793356130923302
-0.00014167073766487544
0.0008207132388861749
-2.442598925256473e-05
0.0010307767464582316
0.00011235955056179774
0.0009233023937469467
0.0
0.0009623839765510503
-9.77039570102589e-06
0.0008011724474841231
-8.793356130923302e-05
0.0010014655593551538
4.885197850512945e-06
0.000815828041035662
-2.9311187103077675e-05
0.0009428431851489985
8.304836345872008e-05
0.0007816316560820713
1.954079140205178e-05
0.0008451392281387396
-2.9311187103077675e-05
0.0008011724474841231
0.0
0.0008451392281387396
3.419638495359062e-05
0.0009672691744015633
-6.839276990718124e-05
0.0009184171958964338
2.9311187103077675e-05
0.0009135319980459208
-8.304836345872008e-05
0.0008451392281387396
-9.770395701025892e-05
0.0009526135808500244
0.00011235955056179774
0.0009770395701025891
-1.954079140205178e-05
0.000991695163654128
0.00014655593551538836
0.0008695652173913043
0.0
0.0010014655593551538
-5.862237420615535e-05
0.0008402540302882267
3.908158280410356e-05
0.0008891060087933561
-9.770395701025892e-05
0.0008304836345872007
0.00013678553981436248
0.0008695652173913043
-2.9311187103077675e-05
0.0007962872496336101
6.839276990718124e-05
0.0008744504152418173
8.793356130923302e-05
0.0010552027357107962
-2.442598925256473e-05
0.0008207132388861749
5.37371763556424e-05
0.0008842208109428432
9.281875915974596e-05
0.0009623839765510503
4.885197850512946e-05
0.0006106497313141182
1.4655593551538837e-05
0.0010161211529066928
-7.816316560820712e-05
0.0009721543722520762
-9.77039570102589e-06
0.000810942843185149
9.77039570102589e-06
0.000806057645334636
1.954079140205178e-05
0.0009233023937469467
-9.77039570102589e-06
0.0010112359550561798
0.00018563751831949193
0.0009281875915974596
-6.35075720566683e-05
0.0008304836345872007
0.00013678553981436248
0.0008500244259892526
4.885197850512946e-05
0.0009135319980459208
-4.885197850512946e-05
0.0008549096238397655
2.442598925256473e-05
0.0010307767464582316
0.0001172447484123107
0.001064973131411822
1.4655593551538837e-05
0.000806057645334636
-2.9311187103077675e-05
0.0008207132388861749
-3.908158280410356e-05
0.0010552027357107962
3.908158280410356e-05
0.0007376648754274548
9.77039570102589e-06
0.000898876404494382
0.00023937469467513433
0.0008842208109428432
0.00016609672691744016
0.0009281875915974596
0.0001612115290669272
0.0010552027357107962
-4.885197850512945e-06
0.0010307767464582316
4.396678065461651e-05
0.0008842208109428432
0.000180752320468979
0.0009672691744015633
5.862237420615535e-05
0.000815828041035662
9.77039570102589e-06
0.0009184171958964338
4.885197850512946e-05
0.0010552027357107962
-9.77039570102589e-06
0.000991695163654128
4.885197850512946e-05
0.0010161211529066928
3.908158280410356e-05
0.0007034684904738642
-3.419638495359062e-05
0.0007620908646800195
-0.00013190034196384952
0.000903761602344895
8.793356130923302e-05
0.0008695652173913043
0.0
0.0008549096238397655
0.00012212994626282364
0.000898876404494382
-3.419638495359062e-05
0.0009428431851489985
6.35075720566683e-05
0.0008304836345872007
-6.839276990718124e-05
0.0009428431851489985
-0.00011235955056179774
0.0007278944797264289
2.9311187103077675e-05
0.0007620908646800195
2.442598925256473e-05
0.0008402540302882267
-9.281875915974596e-05
0.0008793356130923302
6.35075720566683e-05
0.000898876404494382
1.4655593551538837e-05
0.0007425500732779677
0.0
0.0009184171958964338
-3.419638495359062e-05
0.0009233023937469467
1.954079140205178e-05
0.0008695652173913043
0.0001074743527112848
0.0008451392281387396
6.35075720566683e-05
0.0007572056668295066
-0.00014167073766487544
0.0009086468001954079
0.00014655593551538836
0.0008597948216902784
-0.00011235955056179774
0.0009965803615046408
9.770395701025892e-05
0.0007962872496336101
9.281875915974596e-05
0.0009672691744015633
5.862237420615535e-05
0.000903761602344895
2.9311187103077675e-05
0.0009623839765510503
-2.9311187103077675e-05
0.0008646800195407913
0.00011235955056179774
0.0009330727894479727
-9.77039570102589e-06
0.0008402540302882267
-5.862237420615535e-05
0.0008793356130923302
-2.442598925256473e-05
0.0007620908646800195
-0.0001172447484123107
0.000981924767953102
-2.9311187103077675e-05
0.0009574987787005373
-4.396678065461651e-05
0.0008353688324377137
-6.839276990718124e-05
0.000986809965803615
8.304836345872008e-05
0.0010307767464582316
1.954079140205178e-05
0.0009086468001954079
2.9311187103077675e-05
0.0008597948216902784
1.4655593551538837e-05
0.0010161211529066928
-0.000180752320468979
0.0006643869076697606
-5.862237420615535e-05
0.0007572056668295066
-8.304836345872008e-05
0.000903761602344895
0.00015632633121641425
0.0008695652173913043
-9.281875915974596e-05
0.0009574987787005373
-5.862237420615535e-05
0.0008549096238397655
4.396678065461651e-05
0.0009184171958964338
-7.816316560820712e-05
0.0010161211529066928
7.816316560820712e-05
0.0007914020517830972
0.00015632633121641425
0.0010942843185148998
2.9311187103077675e-05
0.0007962872496336101
0.00010258915486077186
0.000903761602344895
-1.4655593551538837e-05
0.0007181240840254031
-0.00010258915486077186
0.000806057645334636
-3.908158280410356e-05
0.0008207132388861749
-4.396678065461651e-05
0.000898876404494382
-9.770395701025892e-05
0.000893991206643869
9.77039570102589e-06
0.0010258915486077186
7.327796775769418e-05
0.000723009281875916
3.908158280410356e-05
0.0009477283829995114
-5.37371763556424e-05
0.000815828041035662
4.396678065461651e-05
0.0007914020517830972
6.35075720566683e-05
0.0008695652173913043
-0.00020029311187103076
0.0008597948216902784
-7.327796775769418e-05
0.0010307767464582316
7.327796775769418e-05
0.0006643869076697606
-5.862237420615535e-05
0.0007474352711284806
-0.0001172447484123107
0.0008353688324377137
0.00020029311187103076
0.0009672691744015633
0.00019052271617000488
0.000815828041035662
-4.885197850512945e-06
0.0008891060087933561
-6.35075720566683e-05
0.0006839276990718123
-3.908158280410356e-05
0.000903761602344895
0.0001270151441133366
0.0008597948216902784
0.00013190034196384952
0.0009086468001954079
0.00015632633121641425
0.0008793356130923302
6.35075720566683e-05
0.0009672691744015633
0.0
0.0009672691744015633
0.00013190034196384952
0.0009965803615046408
5.862237420615535e-05
0.0008549096238397655
7.327796775769418e-05
0.000986809965803615
4.885197850512946e-05
0.0009965803615046408
-7.816316560820712e-05
0.0009428431851489985
0.0001709819247679531
0.0009526135808500244
2.9311187103077675e-05
0.000986809965803615
-7.816316560820712e-05
0.0007620908646800195
2.442598925256473e-05
0.0008402540302882267
5.862237420615535e-05
0.0008451392281387396
-6.35075720566683e-05
0.0009379579872984856
-4.396678065461651e-05
0.00071323888617489
1.954079140205178e-05
0.0010258915486077186
2.442598925256473e-05
0.0009526135808500244
-7.327796775769418e-05
0.0009721543722520762
0.00015144113336590132
0.0007523204689789937
-6.35075720566683e-05
0.0009477283829995114
0.00014167073766487544
0.0007865168539325843
3.908158280410356e-05
0.0009623839765510503
-9.770395701025892e-05
0.000898876404494382
6.35075720566683e-05
0.0007620908646800195
0.00013678553981436248
0.0010258915486077186
-6.839276990718124e-05
0.0008549096238397655
0.00013190034196384952
0.0008695652173913043
9.281875915974596e-05
0.000981924767953102
0.0001270151441133366
0.0007327796775769418
-1.4655593551538837e-05
0.0009379579872984856
-2.9311187103077675e-05
0.0007914020517830972
0.00010258915486077186
0.0008255984367366878
9.77039570102589e-06
0.0008451392281387396
0.000180752320468979
0.000893991206643869
0.0001074743527112848
0.0007718612603810454
1.4655593551538837e-05
0.0007962872496336101
-6.839276990718124e-05
0.000981924767953102
-2.442598925256473e-05
0.0009086468001954079
-2.9311187103077675e-05
0.0008500244259892526
7.816316560820712e-05
0.0007376648754274548
4.885197850512946e-05
0.0008451392281387396
2.442598925256473e-05
0.0008793356130923302
9.77039570102589e-06
0.000986809965803615
-2.9311187103077675e-05
0.0008842208109428432
6.35075720566683e-05
0.0007962872496336101
-5.37371763556424e-05
0.0007962872496336101
0.00019052271617000488
0.0010258915486077186
-3.419638495359062e-05
0.0009526135808500244
0.0
0.0008207132388861749
0.00012212994626282364
0.0009086468001954079
-5.862237420615535e-05
0.0007816316560820713
0.0001172447484123107
0.0011480214948705423
8.304836345872008e-05
0.0007718612603810454
6.839276990718124e-05
0.000815828041035662
-4.885197850512946e-05
0.0009184171958964338
0.00011235955056179774
0.0009086468001954079
0.00011235955056179774
0.0008451392281387396
9.77039570102589e-06
0.0008304836345872007
-4.396678065461651e-05
0.0008646800195407913
-7.327796775769418e-05
0.000810942843185149
1.954079140205178e-05
0.0008597948216902784
0.00020517830972154372
0.000991695163654128
6.35075720566683e-05
0.000815828041035662
5.37371763556424e-05
0.0008207132388861749
5.862237420615535e-05
0.0009477283829995114
9.77039570102589e-06
0.0008011724474841231
-4.885197850512946e-05
0.0009526135808500244
-0.0001172447484123107
0.0008500244259892526
9.770395701025892e-05
0.0007816316560820713
5.862237420615535e-05
0.0008891060087933561
-2.442598925256473e-05
0.000903761602344895
-7.816316560820712e-05
0.0010405471421592574
-1.4655593551538837e-05
0.0007816316560820713
0.0001172447484123107
0.0010210063507572057
-1.954079140205178e-05
0.0008646800195407913
-5.862237420615535e-05
0.0008304836345872007
0.00019540791402051784
0.0009086468001954079
-3.908158280410356e-05
0.0008402540302882267
-9.77039570102589e-06
0.000723009281875916
-0.0001612115290669272
0.0007816316560820713
-3.419638495359062e-05
0.0009770395701025891
-6.839276990718124e-05
0.0010307767464582316
-9.281875915974596e-05
0.000903761602344895
2.9311187103077675e-05
0.0008549096238397655
9.77039570102589e-06
0.000723009281875916
-0.00014167073766487544
0.000723009281875916
8.793356130923302e-05
0.000893991206643869
7.327796775769418e-05
0.000986809965803615
-0.0001172447484123107
0.0009477283829995114
4.396678065461651e-05
0.000810942843185149
8.304836345872008e-05
0.001064973131411822
-0.00010258915486077186
0.0009721543722520762
9.77039570102589e-06
0.0010991695163654128
5.37371763556424e-05
0.0008304836345872007
-1.954079140205178e-05
0.0009233023937469467
4.396678065461651e-05
0.0010014655593551538
-1.954079140205178e-05
0.0007572056668295066
1.954079140205178e-05
0.0009623839765510503
-7.816316560820712e-05
0.000815828041035662
0.0001074743527112848
0.000723009281875916
5.862237420615535e-05
0.0008744504152418173
0.00023937469467513433
0.0008646800195407913
-4.885197850512945e-06
0.0008304836345872007
-4.885197850512945e-06
0.0009428431851489985
0.0
0.0007718612603810454
0.00016609672691744016
0.0008549096238397655
-4.396678065461651e-05
0.0010405471421592574
8.304836345872008e-05
0.0008744504152418173
-0.0001270151441133366
0.0009672691744015633
-4.885197850512945e-06
0.000723009281875916
-3.908158280410356e-05
0.0008500244259892526
1.954079140205178e-05
0.0006497313141182217
-9.281875915974596e-05
0.0009526135808500244
3.419638495359062e-05
0.0009330727894479727
-5.37371763556424e-05
0.0008695652173913043
5.37371763556424e-05
0.0007962872496336101
-9.77039570102589e-06
0.0010014655593551538
-8.304836345872008e-05
0.000903761602344895
0.00019052271617000488
0.0007718612603810454
0.0001074743527112848
0.0010014655593551538
-0.00013190034196384952
0.0009086468001954079
0.00014167073766487544
0.0009379579872984856
-7.816316560820712e-05
0.0009233023937469467
9.770395701025892e-05
0.0009281875915974596
-6.35075720566683e-05
0.0008500244259892526
1.954079140205178e-05
0.0009281875915974596
-4.885197850512945e-06
0.0007620908646800195
-9.77039570102589e-06
0.0010112359550561798
9.770395701025892e-05
0.0008304836345872007
0.00010258915486077186
0.0009477283829995114
-5.37371763556424e-05
0.0007572056668295066
1.954079140205178e-05
0.0008500244259892526
-3.908158280410356e-05
0.000986809965803615
1.954079140205178e-05
0.0009135319980459208
2.442598925256473e-05
0.0009184171958964338
9.281875915974596e-05
0.0008744504152418173
3.908158280410356e-05
0.0007278944797264289
-7.327796775769418e-05
0.0010063507572056667
6.35075720566683e-05
0.000810942843185149
-4.396678065461651e-05
0.0008891060087933561
-1.954079140205178e-05
0.0008255984367366878
8.304836345872008e-05
0.0009330727894479727
7.327796775769418e-05
0.0008597948216902784
8.793356130923302e-05
0.0008500244259892526
-7.816316560820712e-05
0.0008402540302882267
-3.908158280410356e-05
0.0009526135808500244
0.00013678553981436248
0.000893991206643869
-6.35075720566683e-05
0.0008255984367366878
0.00014167073766487544
0.0009526135808500244
0.00010258915486077186
0.0010258915486077186
0.00014167073766487544
0.0008695652173913043
-1.4655593551538837e-05
0.0010112359550561798
0.00011235955056179774
0.0009672691744015633
5.37371763556424e-05
0.0009428431851489985
-0.0001612115290669272
0.0006888128969223254
-0.00014167073766487544
0.0009574987787005373
-0.0002247191011235955
0.0009623839765510503
-4.396678065461651e-05
0.0009086468001954079
-1.4655593551538837e-05
0.0008304836345872007
-2.442598925256473e-05
0.0007865168539325843
2.9311187103077675e-05
0.0009330727894479727
-0.00017586712261846604
0.0010063507572056667
-9.281875915974596e-05
0.000898876404494382
7.327796775769418e-05
0.0008842208109428432
-5.37371763556424e-05
0.0009086468001954079
-7.327796775769418e-05
0.0008646800195407913
-3.908158280410356e-05
0.0008353688324377137
-5.862237420615535e-05
0.000635075720566683
-2.9311187103077675e-05
0.0008549096238397655
-8.793356130923302e-05
0.001064973131411822
0.00015144113336590132
0.0009184171958964338
-3.908158280410356e-05
0.000903761602344895
4.885197850512946e-05
0.0009526135808500244
-1.4655593551538837e-05
0.0008891060087933561
1.954079140205178e-05
0.0009623839765510503
0.0001074743527112848
0.0008695652173913043
8.304836345872008e-05
0.0010552027357107962
-7.327796775769418e-05
0.0009672691744015633
7.327796775769418e-05
0.0008353688324377137
5.37371763556424e-05
0.000991695163654128
-0.00011235955056179774
0.0008842208109428432
1.4655593551538837e-05
0.0009965803615046408
0.0
0.001079628724963361
-1.954079140205178e-05
0.0008597948216902784
9.77039570102589e-06
0.0009526135808500244
0.00014655593551538836
0.0008891060087933561
2.442598925256473e-05
0.0008744504152418173
4.885197850512946e-05
0.0011040547142159257
-4.396678065461651e-05
0.0008744504152418173
-9.770395701025892e-05
0.0009281875915974596
-0.00013190034196384952
0.0007767464582315583
9.281875915974596e-05
0.0007865168539325843
1.954079140205178e-05
0.0008207132388861749
-8.793356130923302e-05
0.0009135319980459208
6.839276990718124e-05
0.000815828041035662
-3.908158280410356e-05
0.0007865168539325843
6.839276990718124e-05
0.0008549096238397655
0.0001074743527112848
0.0009135319980459208
9.281875915974596e-05
0.0009623839765510503
-4.885197850512946e-05
0.0007816316560820713
3.908158280410356e-05
0.0008451392281387396
0.00020517830972154372
0.0011431362970200293
-5.862237420615535e-05
0.0009184171958964338
-0.00015632633121641425
0.0008646800195407913
5.37371763556424e-05
0.0008011724474841231
-6.35075720566683e-05
0.0008646800195407913
-0.00013678553981436248
0.0009770395701025891
-7.327796775769418e-05
0.0009623839765510503
6.35075720566683e-05
0.0008353688324377137
-0.00019052271617000488
0.0008255984367366878
7.327796775769418e-05
0.0008207132388861749
-9.281875915974596e-05
0.0009526135808500244
9.770395701025892e-05
0.0009379579872984856
5.37371763556424e-05
0.00071323888617489
-4.396678065461651e-05
0.0007962872496336101
-9.770395701025892e-05
0.0007962872496336101
-0.00012212994626282364
0.0009330727894479727
3.419638495359062e-05
0.000986809965803615
-2.9311187103077675e-05
0.0008304836345872007
-5.862237420615535e-05
0.0008402540302882267
-9.77039570102589e-06
0.0008402540302882267
2.442598925256473e-05
0.0008891060087933561
-1.4655593551538837e-05
0.0008353688324377137
0.0001172447484123107
0.0008207132388861749
0.0
0.0009770395701025891
2.9311187103077675e-05
0.000898876404494382
-8.793356130923302e-05
0.0008597948216902784
-2.9311187103077675e-05
0.0009574987787005373
2.9311187103077675e-05
0.0010600879335613091
-6.839276990718124e-05
0.0008304836345872007
4.885197850512945e-06
0.0008207132388861749
6.35075720566683e-05
0.0010747435271128481
1.4655593551538837e-05
0.0010698583292623352
0.00015144113336590132
0.000815828041035662
4.885197850512945e-06
0.0008793356130923302
-7.327796775769418e-05
0.0007620908646800195
0.0001270151441133366
0.0009965803615046408
-0.00011235955056179774
0.0008402540302882267
-2.442598925256473e-05
0.000898876404494382
-4.396678065461651e-05
0.0008207132388861749
4.885197850512946e-05
0.0008695652173913043
-9.77039570102589e-06
0.0010552027357107962
-3.419638495359062e-05
0.0009574987787005373
1.4655593551538837e-05
0.0009233023937469467
-0.00010258915486077186
0.0009330727894479727
0.00013190034196384952
0.0010014655593551538
0.00015144113336590132
0.000981924767953102
9.77039570102589e-06
0.000898876404494382
0.0
0.0009623839765510503
-7.816316560820712e-05
0.0007718612603810454
-2.442598925256473e-05
0.0006790425012212994
0.00010258915486077186
0.0009330727894479727
-4.885197850512945e-06
0.000981924767953102
5.862237420615535e-05
0.000903761602344895
4.396678065461651e-05
0.0009770395701025891
7.327796775769418e-05
0.0007572056668295066
6.839276990718124e-05
0.0010503175378602833
-7.816316560820712e-05
0.0008500244259892526
3.908158280410356e-05
0.0009721543722520762
-0.00015144113336590132
0.000898876404494382
-1.954079140205178e-05
0.0010063507572056667
-1.954079140205178e-05
0.0010600879335613091
-5.862237420615535e-05
0.0008597948216902784
3.419638495359062e-05
0.001079628724963361
6.839276990718124e-05
0.0007865168539325843
-4.885197850512945e-06
0.0008597948216902784
8.304836345872008e-05
0.0009428431851489985
5.862237420615535e-05
0.0010112359550561798
9.770395701025892e-05
0.0009672691744015633
-9.281875915974596e-05
0.0010307767464582316
2.442598925256473e-05
0.0009428431851489985
-0.0001172447484123107
0.0008891060087933561
0.0001270151441133366
0.0009184171958964338
0.0
0.0008793356130923302
9.281875915974596e-05
0.000898876404494382
6.35075720566683e-05
0.0007181240840254031
-3.419638495359062e-05
0.0010991695163654128
-3.908158280410356e-05
0.0008793356130923302
-2.442598925256473e-05
0.000806057645334636
-9.77039570102589e-06
0.0010063507572056667
4.396678065461651e-05
0.0008255984367366878
0.00013190034196384952
0.0008353688324377137
-3.908158280410356e-05
0.0008549096238397655
2.9311187103077675e-05
0.0009233023937469467
-2.442598925256473e-05
0.0008646800195407913
2.9311187103077675e-05
0.0008011724474841231
-0.00015632633121641425
0.0009526135808500244
2.442598925256473e-05
0.0008744504152418173
5.37371763556424e-05
0.0009477283829995114
0.00014167073766487544
0.0009721543722520762
6.839276990718124e-05
0.0008451392281387396
-5.862237420615535e-05
0.0010014655593551538
-9.77039570102589e-06
0.0008500244259892526
1.954079140205178e-05
0.0008011724474841231
-0.0001172447484123107
0.0009233023937469467
-4.885197850512946e-05
0.0008500244259892526
0.00010258915486077186
0.0006448461162677088
-8.793356130923302e-05
0.0007816316560820713
-5.37371763556424e-05
0.0009770395701025891
-3.908158280410356e-05
0.0006448461162677088
3.419638495359062e-05
0.0009526135808500244
-0.00010258915486077186
0.000981924767953102
4.396678065461651e-05
0.0009477283829995114
0.0
0.000986809965803615
-1.4655593551538837e-05
0.0009135319980459208
5.37371763556424e-05
0.0008842208109428432
4.396678065461651e-05
0.0008500244259892526
8.304836345872008e-05
0.0007376648754274548
-2.442598925256473e-05
0.0009086468001954079
0.00010258915486077186
0.0008744504152418173
4.885197850512946e-05
0.000815828041035662
8.304836345872008e-05
0.0010014655593551538
-3.908158280410356e-05
0.0008695652173913043
6.839276990718124e-05
0.0009379579872984856
3.419638495359062e-05
0.0009379579872984856
-1.954079140205178e-05
0.0008304836345872007
0.00016609672691744016
0.0007962872496336101
-3.419638495359062e-05
0.0008500244259892526
0.00021006350757205668
0.0008549096238397655
-0.00021006350757205668
0.0009721543722520762
-3.908158280410356e-05
0.0008500244259892526
2.9311187103077675e-05
0.000991695163654128
-1.4655593551538837e-05
0.0007572056668295066
7.327796775769418e-05
0.000893991206643869
0.00010258915486077186
0.0009623839765510503
-0.00019540791402051784
0.0008207132388861749
-5.862237420615535e-05
0.0009721543722520762
-0.0001270151441133366
0.000898876404494382
6.839276990718124e-05
0.000806057645334636
-2.9311187103077675e-05
0.0010112359550561798
-4.885197850512946e-05
0.0007474352711284806
-4.885197850512945e-06
0.0007816316560820713
0.00020517830972154372
0.0009526135808500244
-3.908158280410356e-05
0.0008842208109428432
3.908158280410356e-05
0.000991695163654128
-4.885197850512945e-06
0.0007327796775769418
2.442598925256473e-05
0.0009477283829995114
9.770395701025892e-05
0.0010210063507572057
-0.00011235955056179774
0.0008646800195407913
-9.77039570102589e-06
0.0009428431851489985
1.4655593551538837e-05
0.0008207132388861749
6.35075720566683e-05
0.0009233023937469467
-5.862237420615535e-05
0.0008842208109428432
0.0
0.0008793356130923302
9.770395701025892e-05
0.0009574987787005373
-5.862237420615535e-05
0.0007816316560820713
-4.885197850512945e-06
0.0007914020517830972
9.77039570102589e-06
0.0008011724474841231
0.00013190034196384952
0.000898876404494382
1.954079140205178e-05
0.0008451392281387396
0.0001172447484123107
0.0007914020517830972
-7.816316560820712e-05
0.0009281875915974596
0.0001709819247679531
0.0008451392281387396
-9.77039570102589e-06
0.0008646800195407913
-8.793356130923302e-05
0.000903761602344895
-9.77039570102589e-06
0.0010063507572056667
3.419638495359062e-05
0.0009281875915974596
-0.0001074743527112848
0.00071323888617489
4.396678065461651e-05
0.0008451392281387396
4.885197850512945e-06
0.0009184171958964338
4.885197850512945e-06
0.0008500244259892526
8.793356130923302e-05
0.000986809965803615
-2.9311187103077675e-05
0.0009721543722520762
-0.00012212994626282364
0.0009330727894479727
-1.4655593551538837e-05
0.0008304836345872007
-3.908158280410356e-05
0.000893991206643869
-5.37371763556424e-05
0.0008744504152418173
8.793356130923302e-05
0.0008744504152418173
1.4655593551538837e-05
0.000815828041035662
-9.77039570102589e-06
0.0008304836345872007
-3.908158280410356e-05
0.0008891060087933561
8.793356130923302e-05
0.0010747435271128481
9.77039570102589e-06
0.0010698583292623352
-3.908158280410356e-05
0.000903761602344895
2.442598925256473e-05
0.0008549096238397655
-0.0001172447484123107
0.0009477283829995114
0.00019052271617000488
0.000903761602344895
-0.0001172447484123107
0.0008549096238397655
5.37371763556424e-05
0.0010991695163654128
3.419638495359062e-05
0.000898876404494382
-9.770395701025892e-05
0.000898876404494382
0.0
0.0009574987787005373
3.419638495359062e-05
0.0010161211529066928
0.0001270151441133366
0.0008793356130923302
-4.396678065461651e-05
0.0010258915486077186
3.419638495359062e-05
0.0010210063507572057
0.0
0.0009281875915974596
-9.77039570102589e-06
0.000903761602344895
-1.4655593551538837e-05
0.0009428431851489985
1.4655593551538837e-05
0.0010405471421592574
2.442598925256473e-05
0.0007962872496336101
2.442598925256473e-05
0.0008304836345872007
-9.770395701025892e-05
0.0008842208109428432
6.35075720566683e-05
0.0007523204689789937
0.00014167073766487544
0.0008842208109428432
-2.442598925256473e-05
0.0007278944797264289
-7.327796775769418e-05
0.0008451392281387396
-0.00014167073766487544
0.0009574987787005373
2.442598925256473e-05
0.000991695163654128
-4.885197850512946e-05
0.0007572056668295066
3.419638495359062e-05
0.0007865168539325843
5.862237420615535e-05
0.0009379579872984856
-2.442598925256473e-05
0.0008304836345872007
-2.9311187103077675e-05
0.0006399609184171959
9.281875915974596e-05
0.0008891060087933561
-0.00015632633121641425
0.0008744504152418173
6.35075720566683e-05
0.0009574987787005373
7.327796775769418e-05
0.0007669760625305325
-9.77039570102589e-06
0.0011040547142159257
-4.885197850512946e-05
0.0007327796775769418
-3.908158280410356e-05
0.0008500244259892526
9.77039570102589e-06
0.0008255984367366878
-6.839276990718124e-05
0.0009233023937469467
6.839276990718124e-05
0.0008891060087933561
4.885197850512945e-06
0.0006888128969223254
1.954079140205178e-05
0.0008451392281387396
-9.77039570102589e-06
0.0008597948216902784
-3.908158280410356e-05
0.0007327796775769418
0.00014167073766487544
0.0007620908646800195
0.0001172447484123107
0.000815828041035662
-6.839276990718124e-05
0.0008842208109428432
-0.0001172447484123107
0.001079628724963361
-3.419638495359062e-05
0.0009281875915974596
-4.885197850512945e-06
0.0010454323400097703
1.4655593551538837e-05
0.0007376648754274548
-3.908158280410356e-05
0.0009721543722520762
0.00010258915486077186
0.000893991206643869
-2.9311187103077675e-05
0.0011235955056179774
0.00014167073766487544
0.0010503175378602833
4.396678065461651e-05
0.0008255984367366878
-5.862237420615535e-05
0.0009623839765510503
-8.793356130923302e-05
0.0008549096238397655
7.816316560820712e-05
0.0009281875915974596
7.816316560820712e-05
0.0008646800195407913
-0.00011235955056179774
0.0010210063507572057
-9.281875915974596e-05
0.0008793356130923302
-6.35075720566683e-05
0.000991695163654128
8.304836345872008e-05
0.0010503175378602833
1.954079140205178e-05
0.0009477283829995114
2.442598925256473e-05
0.0008402540302882267
0.00010258915486077186
0.0007962872496336101
-7.816316560820712e-05
0.0008255984367366878
1.4655593551538837e-05
0.0008891060087933561
2.9311187103077675e-05
0.0009379579872984856
-0.00011235955056179774
0.0009477283829995114
-1.954079140205178e-05
0.0007669760625305325
3.419638495359062e-05
0.000991695163654128
-4.885197850512945e-06
0.0009428431851489985
2.442598925256473e-05
0.0008842208109428432
-0.00019540791402051784
0.0009428431851489985
-2.442598925256473e-05
0.0007572056668295066
-2.442598925256473e-05
0.0008500244259892526
-4.885197850512946e-05
0.0008500244259892526
-0.00013190034196384952
0.0008353688324377137
0.00021983390327308256
0.0010356619443087445
-3.419638495359062e-05
0.0008842208109428432
-2.442598925256473e-05
0.0010161211529066928
-4.885197850512945e-06
0.0008646800195407913
5.862237420615535e-05
0.0008549096238397655
-0.00010258915486077186
0.0010014655593551538
9.770395701025892e-05
0.0010307767464582316
-5.862237420615535e-05
0.0009233023937469467
-0.00013190034196384952
0.0008842208109428432
8.793356130923302e-05
0.000898876404494382
0.0
0.0009086468001954079
-4.885197850512945e-06
0.0008597948216902784
-0.0001270151441133366
0.0010307767464582316
-6.35075720566683e-05
0.0010112359550561798
-0.0001709819247679531
0.0007962872496336101
-9.281875915974596e-05
0.0009965803615046408
-6.839276990718124e-05
0.0008451392281387396
-5.862237420615535e-05
0.0010258915486077186
3.908158280410356e-05
0.000723009281875916
7.327796775769418e-05
0.0011235955056179774
8.793356130923302e-05
0.000810942843185149
8.304836345872008e-05
0.0008793356130923302
2.442598925256473e-05
0.000893991206643869
-0.00017586712261846604
0.0008793356130923302
-3.908158280410356e-05
0.0008549096238397655
-9.77039570102589e-06
0.0010405471421592574
-2.442598925256473e-05
0.0009086468001954079
5.862237420615535e-05
0.0009672691744015633
2.442598925256473e-05
0.0008402540302882267
4.885197850512945e-06
0.0009086468001954079
0.0001172447484123107
0.0009623839765510503
-1.954079140205178e-05
0.0009330727894479727
0.00010258915486077186
0.0009428431851489985
4.885197850512945e-06
0.0009428431851489985
0.0
0.0007425500732779677
-6.839276990718124e-05
0.0009330727894479727
0.0
0.000893991206643869
6.35075720566683e-05
0.0010503175378602833
-6.35075720566683e-05
0.0009233023937469467
1.4655593551538837e-05
0.0008744504152418173
5.37371763556424e-05
0.0009233023937469467
0.0
0.0008451392281387396
1.954079140205178e-05
0.0009965803615046408
-0.0001172447484123107
0.0009526135808500244
8.304836345872008e-05
0.0009477283829995114
0.0001612115290669272
0.0008842208109428432
9.770395701025892e-05
0.0007767464582315583
9.77039570102589e-06
0.0009526135808500244
7.816316560820712e-05
0.0007816316560820713
5.862237420615535e-05
0.0008597948216902784
-1.954079140205178e-05
0.0010454323400097703
0.00015144113336590132
0.0009672691744015633
0.00019540791402051784
0.0010014655593551538
-0.0001270151441133366
0.0008891060087933561
-1.4655593551538837e-05
0.0007816316560820713
4.885197850512945e-06
0.0009526135808500244
-2.9311187103077675e-05
0.0007376648754274548
4.396678065461651e-05
0.0010063507572056667
-4.396678065461651e-05
0.0008597948216902784
-0.0001270151441133366
0.0011235955056179774
5.862237420615535e-05
0.0009184171958964338
-2.442598925256473e-05
0.0008549096238397655
6.35075720566683e-05
0.0010600879335613091
0.0
0.0008891060087933561
-9.77039570102589e-06
0.0010210063507572057
4.885197850512946e-05
0.0009184171958964338
9.281875915974596e-05
0.0008500244259892526
0.00013678553981436248
0.0009330727894479727
-8.304836345872008e-05
0.0009233023937469467
-6.35075720566683e-05
0.0008353688324377137
0.00013190034196384952
0.0008744504152418173
9.77039570102589e-06
0.0008744504152418173
6.839276990718124e-05
0.0009574987787005373
-6.839276990718124e-05
0.0010258915486077186
0.00017586712261846604
0.0008451392281387396
-2.442598925256473e-05
0.0009623839765510503
-8.793356130923302e-05
0.0009477283829995114
-0.00016609672691744016
0.0008695652173913043
3.419638495359062e-05
0.0009233023937469467
9.770395701025892e-05
0.000625305324865657
0.0001270151441133366
0.0008891060087933561
-5.862237420615535e-05
0.0008744504152418173
-0.00016609672691744016
0.000903761602344895
3.419638495359062e-05
0.0009184171958964338
2.9311187103077675e-05
0.0008549096238397655
0.0001172447484123107
0.0009135319980459208
3.908158280410356e-05
0.0007572056668295066
8.304836345872008e-05
0.0010014655593551538
-9.77039570102589e-06
0.0010063507572056667
-4.396678065461651e-05
0.000806057645334636
-1.954079140205178e-05
0.0009526135808500244
-4.885197850512945e-06
0.000893991206643869
2.442598925256473e-05
0.000986809965803615
-0.0001612115290669272
0.000893991206643869
1.954079140205178e-05
0.0010698583292623352
-7.327796775769418e-05
0.0008695652173913043
2.442598925256473e-05
0.0009428431851489985
9.77039570102589e-06
0.0007962872496336101
9.77039570102589e-06
0.0009672691744015633
9.77039570102589e-06
0.0008891060087933561
5.862237420615535e-05
0.000903761602344895
4.885197850512946e-05
0.0008793356130923302
8.793356130923302e-05
0.000991695163654128
-5.862237420615535e-05
0.0009770395701025891
5.862237420615535e-05
0.0008597948216902784
4.396678065461651e-05
0.0008353688324377137
0.00014167073766487544
0.0009770395701025891
0.0
0.0007914020517830972
-4.885197850512946e-05
0.0008744504152418173
-4.885197850512946e-05
0.0008451392281387396
8.304836345872008e-05
0.000898876404494382
-9.77039570102589e-06
0.0009428431851489985
0.00029311187103077673
0.0008646800195407913
-9.77039570102589e-06
0.0009526135808500244
0.00011235955056179774
0.0007865168539325843
-9.77039570102589e-06
0.0008646800195407913
2.442598925256473e-05
0.0009135319980459208
-0.00017586712261846604
0.0008304836345872007
-9.77039570102589e-06
0.0009526135808500244
3.419638495359062e-05
0.0007718612603810454
-7.327796775769418e-05
0.0009428431851489985
0.00014167073766487544
0.0009574987787005373
-3.419638495359062e-05
0.0009623839765510503
4.885197850512945e-06
0.0011333659013190035
9.281875915974596e-05
0.0008793356130923302
1.4655593551538837e-05
0.0009672691744015633
-2.442598925256473e-05
0.0007816316560820713
6.35075720566683e-05
0.0005617977528089887
0.00012212994626282364
0.0008695652173913043
0.0
0.000903761602344895
5.862237420615535e-05
0.0010405471421592574
0.00012212994626282364
0.0007620908646800195
4.885197850512945e-06
0.0009135319980459208
-9.281875915974596e-05
0.000898876404494382
-9.77039570102589e-06
0.000810942843185149
-7.327796775769418e-05
0.000903761602344895
-4.885197850512945e-06
0.0007865168539325843
-9.77039570102589e-06
0.0009330727894479727
-2.442598925256473e-05
0.0008549096238397655
0.0
0.000635075720566683
0.00011235955056179774
0.0008744504152418173
-0.0001270151441133366
0.0008402540302882267
-0.00021983390327308256
0.0008549096238397655
8.304836345872008e-05
0.0008646800195407913
4.396678065461651e-05
0.000893991206643869
0.00018563751831949193
0.0007425500732779677
0.0001172447484123107
0.0007572056668295066
-1.954079140205178e-05
0.0009086468001954079
2.442598925256473e-05
0.0008597948216902784
-7.816316560820712e-05
0.0007376648754274548
-3.908158280410356e-05
0.0007865168539325843
-0.0001612115290669272
0.000810942843185149
0.00017586712261846604
0.0008402540302882267
-8.304836345872008e-05
0.0009135319980459208
0.0001074743527112848
0.0006888128969223254
4.885197850512945e-06
0.00071323888617489
-0.00011235955056179774
0.0010063507572056667
6.35075720566683e-05
0.0010063507572056667
-7.327796775769418e-05
0.0010405471421592574
-0.00019052271617000488
0.0008597948216902784
7.327796775769418e-05
0.000898876404494382
8.793356130923302e-05
0.0008353688324377137
6.839276990718124e-05
0.0009281875915974596
-8.793356130923302e-05
0.000893991206643869
0.00010258915486077186
0.000903761602344895
-1.4655593551538837e-05
0.000810942843185149
0.00013678553981436248
0.000903761602344895
9.281875915974596e-05
0.0008451392281387396
0.0002344894968246214
0.0009721543722520762
0.00022960429897410844
0.000981924767953102
9.281875915974596e-05
0.000903761602344895
2.442598925256473e-05
0.0008842208109428432
-4.396678065461651e-05
0.0009965803615046408
-0.0001172447484123107
0.0009135319980459208
0.00019052271617000488
0.0009428431851489985
-0.0001270151441133366
0.0008744504152418173
1.954079140205178e-05
0.0007816316560820713
-1.4655593551538837e-05
0.0009086468001954079
-0.00010258915486077186
0.0011284807034684903
0.00016609672691744016
0.0009574987787005373
4.885197850512945e-06
0.0007865168539325843
9.77039570102589e-06
0.0007376648754274548
6.35075720566683e-05
0.0007962872496336101
0.00010258915486077186
0.0009526135808500244
4.885197850512945e-06
0.0009574987787005373
1.4655593551538837e-05
0.0010063507572056667
0.0001172447484123107
0.0007816316560820713
1.4655593551538837e-05
0.0008549096238397655
-3.419638495359062e-05
0.0011089399120664386
9.281875915974596e-05
0.0008842208109428432
-0.00012212994626282364
0.000806057645334636
-0.00015144113336590132
0.000810942843185149
-2.442598925256473e-05
0.000991695163654128
-3.908158280410356e-05
0.0008891060087933561
2.9311187103077675e-05
0.0008597948216902784
4.396678065461651e-05
0.0008695652173913043
8.793356130923302e-05
0.0008207132388861749
-7.327796775769418e-05
0.0008451392281387396
0.0
0.000986809965803615
-2.9311187103077675e-05
0.0008207132388861749
-4.885197850512946e-05
0.0008842208109428432
9.281875915974596e-05
0.0009086468001954079
9.281875915974596e-05
0.0009281875915974596
-0.00011235955056179774
0.0009184171958964338
-3.908158280410356e-05
0.000981924767953102
3.419638495359062e-05
0.0008500244259892526
-2.442598925256473e-05
0.0008549096238397655
-1.4655593551538837e-05
0.0009428431851489985
4.885197850512946e-05
0.0008353688324377137
3.419638495359062e-05
0.0008793356130923302
4.885197850512945e-06
0.0007572056668295066
-2.9311187103077675e-05
0.0008207132388861749
-1.4655593551538837e-05
0.0007572056668295066
-2.442598925256473e-05
0.0008304836345872007
-2.9311187103077675e-05
0.0008646800195407913
-8.793356130923302e-05
0.0008304836345872007
3.419638495359062e-05
0.0007474352711284806
5.37371763556424e-05
0.000806057645334636
-1.4655593551538837e-05
0.0009135319980459208
-2.442598925256473e-05
0.0008353688324377137
0.00010258915486077186
0.0007914020517830972
9.77039570102589e-06
0.0008451392281387396
1.4655593551538837e-05
0.0008207132388861749
7.327796775769418e-05
0.0008207132388861749
0.0001172447484123107
0.0007034684904738642
0.00013190034196384952
0.0007914020517830972
3.419638495359062e-05
0.0008255984367366878
0.00010258915486077186
0.0007816316560820713
5.862237420615535e-05
0.000893991206643869
1.4655593551538837e-05
0.0006692721055202736
9.77039570102589e-06
0.0009281875915974596
-4.885197850512945e-06
0.0007718612603810454
-5.37371763556424e-05
0.0010258915486077186
1.954079140205178e-05
0.000986809965803615
0.0001074743527112848
0.0008500244259892526
-0.0001074743527112848
0.000898876404494382
-5.37371763556424e-05
0.0008695652173913043
-6.839276990718124e-05
0.0008891060087933561
-9.77039570102589e-06
0.000810942843185149
-8.793356130923302e-05
0.000903761602344895
-0.00015632633121641425
0.0008207132388861749
7.327796775769418e-05
0.0008891060087933561
0.0
0.000898876404494382
4.885197850512946e-05
0.0007620908646800195
-0.00014655593551538836
0.0005617977528089887
-0.0001612115290669272
0.0008597948216902784
-9.77039570102589e-06
0.00071323888617489
9.770395701025892e-05
0.0008744504152418173
-3.908158280410356e-05
0.0006790425012212994
6.35075720566683e-05
0.000893991206643869
0.00017586712261846604
0.0009281875915974596
-2.442598925256473e-05
0.0007718612603810454
-2.442598925256473e-05
0.000898876404494382
-0.0001270151441133366
0.0008500244259892526
6.35075720566683e-05
0.000903761602344895
-6.35075720566683e-05
0.0008402540302882267
5.37371763556424e-05
0.000806057645334636
9.770395701025892e-05
0.000986809965803615
3.419638495359062e-05
0.0009330727894479727
-4.396678065461651e-05
0.0009184171958964338
-9.281875915974596e-05
0.0009330727894479727
-0.00013678553981436248
0.0008011724474841231
-9.77039570102589e-06
0.0008891060087933561
-6.839276990718124e-05
0.0010600879335613091
8.304836345872008e-05
0.0008304836345872007
-1.4655593551538837e-05
0.0008353688324377137
-0.00012212994626282364
0.0009135319980459208
-0.00016609672691744016
0.000991695163654128
3.419638495359062e-05
0.0008451392281387396
-5.862237420615535e-05
0.0009526135808500244
-4.396678065461651e-05
0.0007034684904738642
0.00015144113336590132
0.0008793356130923302
4.396678065461651e-05
0.0008451392281387396
-0.00013678553981436248
0.0008597948216902784
5.37371763556424e-05
0.000903761602344895
-0.0001172447484123107
0.0008549096238397655
-2.9311187103077675e-05
0.0008549096238397655
0.000180752320468979
0.0010405471421592574
4.885197850512945e-06
0.0010014655593551538
-0.0001074743527112848
0.0009135319980459208
-4.885197850512945e-06
0.0007376648754274548
9.77039570102589e-06
0.0009086468001954079
-1.4655593551538837e-05
0.0010161211529066928
0.0001270151441133366
0.000893991206643869
0.00011235955056179774
0.0008011724474841231
5.862237420615535e-05
0.0006790425012212994
-1.954079140205178e-05
0.0009086468001954079
-6.35075720566683e-05
0.0008011724474841231
-4.885197850512945e-06
0.0009428431851489985
4.396678065461651e-05
0.0009184171958964338
9.281875915974596e-05
0.0010063507572056667
6.35075720566683e-05
0.0010307767464582316
0.00011235955056179774
0.0008891060087933561
-0.0001612115290669272
0.0009526135808500244
9.77039570102589e-06
0.000986809965803615
1.954079140205178e-05
0.0008255984367366878
-1.4655593551538837e-05
0.0008549096238397655
8.793356130923302e-05
0.0010503175378602833
-0.00012212994626282364
0.0008842208109428432
1.4655593551538837e-05
0.000815828041035662
-0.00012212994626282364
0.0008891060087933561
1.954079140205178e-05
0.0006790425012212994
6.35075720566683e-05
0.0010454323400097703
-0.00016609672691744016
0.0008304836345872007
-0.00013190034196384952
0.0008793356130923302
-0.00015144113336590132
0.0008500244259892526
-1.4655593551538837e-05
0.0009672691744015633
6.35075720566683e-05
0.0010014655593551538
-1.4655593551538837e-05
0.000903761602344895
-4.396678065461651e-05
0.0009330727894479727
7.327796775769418e-05
0.0010112359550561798
8.793356130923302e-05
0.0008744504152418173
-9.77039570102589e-06
0.0007425500732779677
-0.0001270151441133366
0.0006692721055202736
-0.00012212994626282364
0.0009428431851489985
-5.37371763556424e-05
0.0009623839765510503
-4.396678065461651e-05
0.0006888128969223254
-0.0001270151441133366
0.000893991206643869
-7.816316560820712e-05
0.0008842208109428432
6.35075720566683e-05
0.0008597948216902784
-6.839276990718124e-05
0.000893991206643869
8.793356130923302e-05
0.0007620908646800195
9.281875915974596e-05
0.0009281875915974596
-4.396678065461651e-05
0.0009379579872984856
-1.4655593551538837e-05
0.0010307767464582316
6.35075720566683e-05
0.000986809965803615
-4.885197850512945e-06
0.0008207132388861749
1.954079140205178e-05
0.0009574987787005373
-5.37371763556424e-05
0.0008304836345872007
-3.419638495359062e-05
0.0009135319980459208
-1.954079140205178e-05
0.0008451392281387396
-0.00020517830972154372
0.0008597948216902784
6.839276990718124e-05
0.0009184171958964338
-5.37371763556424e-05
0.0008695652173913043
8.793356130923302e-05
0.0009281875915974596
0.0001270151441133366
0.0008695652173913043
1.4655593551538837e-05
0.0008891060087933561
0.00013190034196384952
0.0009428431851489985
-2.442598925256473e-05
0.000806057645334636
5.37371763556424e-05
0.0007669760625305325
-4.885197850512946e-05
0.0008304836345872007
5.37371763556424e-05
0.0008500244259892526
3.419638495359062e-05
0.0008842208109428432
-9.77039570102589e-06
0.0009330727894479727
0.0
0.0008695652173913043
0.00014167073766487544
0.000893991206643869
-0.0001172447484123107
0.0008011724474841231
3.419638495359062e-05
0.0009330727894479727
-9.281875915974596e-05
0.0006888128969223254
0.00013190034196384952
0.0009379579872984856
9.281875915974596e-05
0.0007914020517830972
5.37371763556424e-05
0.0009770395701025891
4.885197850512946e-05
0.0009623839765510503
-9.770395701025892e-05
0.0008304836345872007
-9.77039570102589e-06
0.0008402540302882267
-0.00011235955056179774
0.000635075720566683
7.816316560820712e-05
0.0008549096238397655
-0.0001074743527112848
0.0008695652173913043
-5.862237420615535e-05
0.001079628724963361
0.00013190034196384952
0.0008597948216902784
-2.9311187103077675e-05
0.0009428431851489985
0.00010258915486077186
0.0009526135808500244
0.0001270151441133366
0.0010161211529066928
3.419638495359062e-05
0.000806057645334636
-8.793356130923302e-05
0.0007474352711284806
-2.442598925256473e-05
0.0008646800195407913
4.885197850512946e-05
0.0007376648754274548
0.00018563751831949193
0.0009574987787005373
-5.862237420615535e-05
0.0007718612603810454
6.839276990718124e-05
0.000815828041035662
1.954079140205178e-05
0.0009770395701025891
-1.4655593551538837e-05
0.0009526135808500244
-3.908158280410356e-05
0.0009672691744015633
-9.77039570102589e-06
0.0010258915486077186
-2.442598925256473e-05
0.0009135319980459208
4.396678065461651e-05
0.0009233023937469467
9.77039570102589e-06
0.0010503175378602833
-3.419638495359062e-05
0.0009135319980459208
-9.281875915974596e-05
0.0009428431851489985
0.00016609672691744016
0.0007816316560820713
0.00010258915486077186
0.0009477283829995114
-1.954079140205178e-05
0.0009526135808500244
5.37371763556424e-05
0.0008549096238397655
-5.37371763556424e-05
0.0008353688324377137
0.00010258915486077186
0.0010454323400097703
0.00013190034196384952
0.0009379579872984856
-5.862237420615535e-05
0.0009721543722520762
5.37371763556424e-05
0.0009086468001954079
0.00013190034196384952
0.0010698583292623352
-7.816316560820712e-05
0.0009330727894479727
4.885197850512946e-05
0.0009477283829995114
4.885197850512946e-05
0.0010942843185148998
3.419638495359062e-05
0.0008402540302882267
-0.00013190034196384952
0.0006595017098192477
5.862237420615535e-05
0.000806057645334636
-0.00014167073766487544
0.0010014655593551538
0.00010258915486077186
0.0009428431851489985
0.00015632633121641425
0.0009477283829995114
-6.839276990718124e-05
0.0010405471421592574
-3.908158280410356e-05
0.0008353688324377137
4.885197850512946e-05
0.0007865168539325843
-8.304836345872008e-05
0.0007669760625305325
6.839276990718124e-05
0.0010014655593551538
9.77039570102589e-06
0.0009135319980459208
-5.37371763556424e-05
0.0007718612603810454
-6.35075720566683e-05
0.0007767464582315583
-0.00012212994626282364
0.0009184171958964338
0.00010258915486077186
0.0009770395701025891
-8.304836345872008e-05
0.0007962872496336101
4.396678065461651e-05
0.0007523204689789937
0.0
0.000806057645334636
0.000180752320468979
0.0008793356130923302
-1.954079140205178e-05
0.0009086468001954079
-0.00013190034196384952
0.0008304836345872007
-4.885197850512945e-06
0.0010112359550561798
5.862237420615535e-05
0.001084513922813874
-4.885197850512945e-06
0.0009233023937469467
6.839276990718124e-05
0.0009428431851489985
-7.816316560820712e-05
0.0009233023937469467
-2.442598925256473e-05
0.0009330727894479727
-0.0001074743527112848
0.000815828041035662
-0.00017586712261846604
0.000986809965803615
0.0
0.0009135319980459208
-0.00010258915486077186
0.0008353688324377137
-0.0001172447484123107
0.0009233023937469467
-0.0001074743527112848
0.000981924767953102
-0.0001074743527112848
0.0008549096238397655
2.9311187103077675e-05
0.0008207132388861749
-0.0001074743527112848
0.0009086468001954079
-9.281875915974596e-05
0.0009379579872984856
-1.954079140205178e-05
0.000893991206643869
-9.281875915974596e-05
0.0009135319980459208
6.839276990718124e-05
0.0009965803615046408
-0.00012212994626282364
0.0008207132388861749
7.327796775769418e-05
0.0008207132388861749
-3.908158280410356e-05
0.0009184171958964338
2.442598925256473e-05
0.0008500244259892526
-2.9311187103077675e-05
0.0009770395701025891
-0.00019540791402051784
0.0008646800195407913
-3.908158280410356e-05
0.0009770395701025891
-0.00012212994626282364
0.0009135319980459208
3.908158280410356e-05
0.0009721543722520762
-0.00015144113336590132
0.0009672691744015633
-4.885197850512945e-06
0.000903761602344895
-2.442598925256473e-05
0.0008646800195407913
-0.00013190034196384952
0.0007572056668295066
1.954079140205178e-05
0.0008842208109428432
6.839276990718124e-05
0.0010503175378602833
-5.37371763556424e-05
0.0008597948216902784
-7.816316560820712e-05
0.000981924767953102
-9.281875915974596e-05
0.0008402540302882267
-0.00021006350757205668
0.0009770395701025891
-8.793356130923302e-05
0.0010258915486077186
-0.00013678553981436248
0.0008646800195407913
-3.908158280410356e-05
0.0008842208109428432
-0.00015632633121641425
0.0008304836345872007
-9.77039570102589e-06
0.0010063507572056667
-9.281875915974596e-05
0.0011382510991695164
0.0
0.0007669760625305325
-7.816316560820712e-05
0.0008597948216902784
-0.00020517830972154372
0.0009770395701025891
-6.35075720566683e-05
0.0008402540302882267
6.35075720566683e-05
0.0009233023937469467
-9.77039570102589e-06
0.0009281875915974596
-2.9311187103077675e-05
0.0008255984367366878
-0.0002149487054225696
0.0009330727894479727
-5.37371763556424e-05
0.0008500244259892526
2.442598925256473e-05
0.000898876404494382
-9.77039570102589e-06
0.0010210063507572057
-0.00014167073766487544
0.0008891060087933561
6.839276990718124e-05
0.0008255984367366878
-8.793356130923302e-05
0.000991695163654128
4.396678065461651e-05
0.0009574987787005373
-1.954079140205178e-05
0.0011040547142159257
0.0001270151441133366
0.0008451392281387396
-0.00015144113336590132
0.0009721543722520762
-0.00012212994626282364
0.0010600879335613091
8.304836345872008e-05
0.0009281875915974596
-0.00014655593551538836
0.0009574987787005373
6.35075720566683e-05
0.0008744504152418173
0.00015632633121641425
0.0008353688324377137
-5.862237420615535e-05
0.0009428431851489985
1.954079140205178e-05
0.001079628724963361
-0.0001172447484123107
0.0009623839765510503
0.00010258915486077186
0.0008255984367366878
-5.862237420615535e-05
0.0008402540302882267
-5.37371763556424e-05
0.0009135319980459208
-0.00010258915486077186
0.0009135319980459208
9.77039570102589e-06
0.0008402540302882267
5.37371763556424e-05
0.000986809965803615
-0.0001074743527112848
0.000893991206643869
-0.00014167073766487544
0.0009379579872984856
-3.908158280410356e-05
0.0009770395701025891
0.00010258915486077186
0.000903761602344895
-5.862237420615535e-05
0.0009672691744015633
-4.885197850512946e-05
0.0006985832926233512
-1.4655593551538837e-05
0.000991695163654128
-6.839276990718124e-05
0.0009086468001954079
0.00013190034196384952
0.0008891060087933561
-9.77039570102589e-06
0.0008353688324377137
-4.396678065461651e-05
0.0009526135808500244
-4.885197850512945e-06
0.0007474352711284806
-7.816316560820712e-05
0.0008500244259892526
-5.862237420615535e-05
0.0009233023937469467
6.35075720566683e-05
0.000898876404494382
4.885197850512945e-06
0.0008842208109428432
0.00013190034196384952
0.0008451392281387396
-9.77039570102589e-06
0.001064973131411822
-5.37371763556424e-05
0.0011187103077674645
-3.908158280410356e-05
0.0006643869076697606
0.0
0.0009135319980459208
-0.0001270151441133366
0.000903761602344895
-2.9311187103077675e-05
0.0008207132388861749
-8.793356130923302e-05
0.0009428431851489985
0.0001074743527112848
0.0009477283829995114
-4.885197850512946e-05
0.0007474352711284806
-4.885197850512945e-06
0.0008695652173913043
-3.908158280410356e-05
0.0008207132388861749
-4.885197850512946e-05
0.0009672691744015633
-2.9311187103077675e-05
0.0008353688324377137
0.0001074743527112848
0.000903761602344895
1.954079140205178e-05
0.0009330727894479727
-9.770395701025892e-05
0.0008891060087933561
-0.0001172447484123107
0.0009526135808500244
-5.862237420615535e-05
0.0009770395701025891
-3.419638495359062e-05
0.0008891060087933561
-3.908158280410356e-05
0.0007620908646800195
2.9311187103077675e-05
0.0008891060087933561
-8.304836345872008e-05
0.0009428431851489985
7.327796775769418e-05
0.0008744504152418173
-6.35075720566683e-05
0.0007523204689789937
3.908158280410356e-05
0.0008011724474841231
0.0001172447484123107
0.0008500244259892526
-3.908158280410356e-05
0.000893991206643869
5.862237420615535e-05
0.0009428431851489985
-8.304836345872008e-05
0.0009428431851489985
-2.9311187103077675e-05
0.0007767464582315583
2.442598925256473e-05
0.0010112359550561798
-2.9311187103077675e-05
0.000815828041035662
-7.816316560820712e-05
0.0006888128969223254
-0.00013190034196384952
0.0009428431851489985
-0.00014167073766487544
0.000810942843185149
-0.00010258915486077186
0.001162677088422081
-9.77039570102589e-06
0.0008451392281387396
9.770395701025892e-05
0.0007718612603810454
-4.885197850512945e-06
0.0008207132388861749
-0.00010258915486077186
0.0007914020517830972
0.0
0.0009281875915974596
-0.00021983390327308256
0.0008402540302882267
5.37371763556424e-05
0.000981924767953102
9.770395701025892e-05
0.0008353688324377137
-0.00015144113336590132
0.0007278944797264289
-0.0001074743527112848
0.0009721543722520762
-0.00019540791402051784
0.0010356619443087445
3.419638495359062e-05
0.0009965803615046408
2.9311187103077675e-05
0.000898876404494382
2.9311187103077675e-05
0.0008646800195407913
-6.839276990718124e-05
0.000806057645334636
-0.00014167073766487544
0.0007718612603810454
-8.793356130923302e-05
0.0008011724474841231
-3.908158280410356e-05
0.0009086468001954079
-9.281875915974596e-05
0.0011235955056179774
-0.00015632633121641425
0.001064973131411822
5.862237420615535e-05
0.0010112359550561798
4.885197850512946e-05
0.0009477283829995114
-7.327796775769418e-05
0.0008842208109428432
-5.37371763556424e-05
0.000815828041035662
-0.00012212994626282364
0.0007816316560820713
-9.77039570102589e-06
0.0008353688324377137
-0.00020029311187103076
0.0007474352711284806
-0.0001074743527112848
0.0007327796775769418
3.419638495359062e-05
0.0007914020517830972
3.908158280410356e-05
0.0009233023937469467
4.885197850512946e-05
0.001064973131411822
1.954079140205178e-05
0.0007816316560820713
6.35075720566683e-05
0.0009672691744015633
-3.419638495359062e-05
0.0009526135808500244
1.4655593551538837e-05
0.0008451392281387396
1.4655593551538837e-05
0.0008891060087933561
9.770395701025892e-05
0.0007669760625305325
-7.327796775769418e-05
0.000903761602344895
-0.0001074743527112848
0.0008597948216902784
-1.4655593551538837e-05
0.0010014655593551538
-8.793356130923302e-05
0.0010063507572056667
-1.954079140205178e-05
0.0008891060087933561
-1.4655593551538837e-05
0.0008207132388861749
-2.9311187103077675e-05
0.0006595017098192477
-6.839276990718124e-05
0.0010210063507572057
-7.327796775769418e-05
0.0009477283829995114
-3.419638495359062e-05
0.0009184171958964338
-0.0001612115290669272
0.0008451392281387396
-2.442598925256473e-05
0.0009574987787005373
-5.862237420615535e-05
0.0009086468001954079
5.862237420615535e-05
0.0009330727894479727
2.9311187103077675e-05
0.0008304836345872007
-6.839276990718124e-05
0.0007865168539325843
9.77039570102589e-06
0.000991695163654128
5.37371763556424e-05
0.0009135319980459208
-2.442598925256473e-05
0.0008255984367366878
4.885197850512945e-06
0.000898876404494382
-6.839276990718124e-05
0.000903761602344895
-0.0001074743527112848
0.0006839276990718123
-5.862237420615535e-05
0.0010552027357107962
-1.4655593551538837e-05
0.0007376648754274548
-4.885197850512946e-05
0.0008353688324377137
-1.954079140205178e-05
0.0008353688324377137
-7.327796775769418e-05
0.0008891060087933561
-0.00010258915486077186
0.0008353688324377137
-5.37371763556424e-05
0.0009477283829995114
4.885197850512945e-06
0.0009623839765510503
-2.9311187103077675e-05
0.0009965803615046408
9.281875915974596e-05
0.0009281875915974596
4.885197850512945e-06
0.000981924767953102
-0.00013190034196384952
0.0009965803615046408
8.793356130923302e-05
0.000898876404494382
1.4655593551538837e-05
0.0006546165119687347
-9.77039570102589e-06
0.000986809965803615
-2.9311187103077675e-05
0.000898876404494382
-1.954079140205178e-05
0.0008842208109428432
1.4655593551538837e-05
0.0007865168539325843
-1.4655593551538837e-05
0.0008793356130923302
6.35075720566683e-05
0.0009281875915974596
2.442598925256473e-05
0.0007718612603810454
-0.0001172447484123107
0.0009574987787005373
0.0
0.0009965803615046408
-1.4655593551538837e-05
0.0009330727894479727
-7.816316560820712e-05
0.0008891060087933561
-7.816316560820712e-05
0.0006888128969223254
0.0
0.0008353688324377137
-5.862237420615535e-05
0.0008011724474841231
-3.908158280410356e-05
0.0008744504152418173
-0.00014167073766487544
0.0007718612603810454
-0.00014167073766487544
0.0009428431851489985
4.885197850512945e-06
0.0009965803615046408
-4.396678065461651e-05
0.0008500244259892526
-0.00013190034196384952
0.00071323888617489
-4.885197850512946e-05
0.0009379579872984856
4.396678065461651e-05
0.0008402540302882267
8.304836345872008e-05
0.0009086468001954079
-9.281875915974596e-05
0.0006936980947728383
3.908158280410356e-05
0.00071323888617489
-3.419638495359062e-05
0.0007865168539325843
0.00014167073766487544
0.0009477283829995114
-5.37371763556424e-05
0.0008207132388861749
-0.00011235955056179774
0.0008695652173913043
-0.000180752320468979
0.0009770395701025891
9.770395701025892e-05
0.0009379579872984856
8.793356130923302e-05
0.0010210063507572057
-5.862237420615535e-05
0.0008451392281387396
5.862237420615535e-05
0.0007914020517830972
-2.9311187103077675e-05
0.0008255984367366878
0.0
0.0006839276990718123
3.908158280410356e-05
0.00071323888617489
3.908158280410356e-05
0.0009281875915974596
-0.00013678553981436248
0.0008353688324377137
0.0
0.0007718612603810454
9.281875915974596e-05
0.0010063507572056667
-5.862237420615535e-05
0.0009086468001954079
1.4655593551538837e-05
0.0009526135808500244
4.885197850512945e-06
0.0007474352711284806
1.954079140205178e-05
0.0009672691744015633
-0.00014655593551538836
0.0007034684904738642
-0.00015632633121641425
0.0010552027357107962
0.0
0.0007962872496336101
4.885197850512946e-05
0.0008793356130923302
-1.4655593551538837e-05
0.00071323888617489
-4.396678065461651e-05
0.0009623839765510503
3.908158280410356e-05
0.000893991206643869
-0.00013190034196384952
0.0008500244259892526
0.00013678553981436248
0.0007962872496336101
-1.954079140205178e-05
0.0010112359550561798
-9.770395701025892e-05
0.0009672691744015633
4.885197850512946e-05
0.0008304836345872007
0.00015632633121641425
0.0010503175378602833
-4.885197850512945e-06
0.0008402540302882267
3.419638495359062e-05
0.000991695163654128
-0.0001172447484123107
0.0007620908646800195
-3.419638495359062e-05
0.0008793356130923302
-4.885197850512945e-06
0.0010698583292623352
2.9311187103077675e-05
0.0008011724474841231
4.885197850512945e-06
0.0007718612603810454
0.0
0.0007034684904738642
-3.908158280410356e-05
0.0008695652173913043
-9.77039570102589e-06
0.0010356619443087445
-6.35075720566683e-05
0.0008011724474841231
2.9311187103077675e-05
0.0009379579872984856
0.0001270151441133366
0.0009135319980459208
9.281875915974596e-05
0.0008597948216902784
3.908158280410356e-05
0.0010161211529066928
-2.442598925256473e-05
0.0007474352711284806
-3.908158280410356e-05
0.0008891060087933561
-4.396678065461651e-05
0.0009379579872984856
-0.00013190034196384952
0.0008402540302882267
-9.77039570102589e-06
0.0010454323400097703
3.908158280410356e-05
0.0007962872496336101
-0.00015632633121641425
0.0008353688324377137
5.37371763556424e-05
0.0009574987787005373
-4.885197850512946e-05
0.0010014655593551538
-8.793356130923302e-05
0.0008842208109428432
9.770395701025892e-05
0.0009330727894479727
2.9311187103077675e-05
0.0007523204689789937
-8.793356130923302e-05
0.0009184171958964338
4.885197850512946e-05
0.0009379579872984856
-1.954079140205178e-05
0.0009184171958964338
0.0001172447484123107
0.0009526135808500244
6.839276990718124e-05
0.0007474352711284806
-6.839276990718124e-05
0.0008597948216902784
5.862237420615535e-05
0.0009477283829995114
5.37371763556424e-05
0.000893991206643869
0.0001074743527112848
0.0009233023937469467
0.0001270151441133366
0.0007376648754274548
4.885197850512945e-06
0.0009135319980459208
3.908158280410356e-05
0.0010307767464582316
-0.00013678553981436248
0.0008793356130923302
-0.0001172447484123107
0.0008255984367366878
4.396678065461651e-05
0.000986809965803615
6.839276990718124e-05
0.000903761602344895
0.0
0.0009086468001954079
-9.77039570102589e-06
0.0010405471421592574
5.37371763556424e-05
0.0010210063507572057
-3.908158280410356e-05
0.0009623839765510503
-9.77039570102589e-06
0.0009721543722520762
3.908158280410356e-05
0.0008353688324377137
-1.4655593551538837e-05
0.0009770395701025891
6.35075720566683e-05
0.0008549096238397655
-0.00014655593551538836
0.0010405471421592574
9.281875915974596e-05
0.0009086468001954079
-1.954079140205178e-05
0.0008500244259892526
-0.00015632633121641425
0.0007816316560820713
-2.442598925256473e-05
0.0008255984367366878
4.885197850512945e-06
0.0009233023937469467
-1.4655593551538837e-05
0.0009379579872984856
7.327796775769418e-05
0.0009672691744015633
3.908158280410356e-05
0.0007962872496336101
4.396678065461651e-05
0.0010698583292623352
3.908158280410356e-05
0.0010307767464582316
-9.770395701025892e-05
0.0008402540302882267
-3.908158280410356e-05
0.0008793356130923302
-0.00012212994626282364
0.0009184171958964338
-0.00014167073766487544
0.0008402540302882267
9.281875915974596e-05
0.0008793356130923302
1.4655593551538837e-05
0.000903761602344895
-4.885197850512945e-06
0.0009965803615046408
0.0001074743527112848
0.0008353688324377137
0.0
0.000810942843185149
3.419638495359062e-05
0.0009526135808500244
0.00019052271617000488
0.0008011724474841231
0.0
0.000810942843185149
-0.00014167073766487544
0.000893991206643869
9.770395701025892e-05
0.0010356619443087445
-1.4655593551538837e-05
0.0008891060087933561
-2.9311187103077675e-05
0.0007669760625305325
3.908158280410356e-05
0.0009379579872984856
-0.00011235955056179774
0.0009184171958964338
0.00012212994626282364
0.000893991206643869
-1.954079140205178e-05
0.0010063507572056667
6.35075720566683e-05
0.0007572056668295066
4.885197850512945e-06
0.0009086468001954079
9.77039570102589e-06
0.000898876404494382
-4.396678065461651e-05
0.000810942843185149
-6.839276990718124e-05
0.0008597948216902784
0.00010258915486077186
0.0007034684904738642
-4.885197850512946e-05
0.0009477283829995114
4.885197850512945e-06
0.0009965803615046408
9.281875915974596e-05
0.0008549096238397655
0.00013190034196384952
0.0006790425012212994
3.419638495359062e-05
0.0008451392281387396
-1.954079140205178e-05
0.0009428431851489985
4.885197850512945e-06
0.0007914020517830972
-0.0001172447484123107
0.0010454323400097703
-5.37371763556424e-05
0.0007767464582315583
-0.00016609672691744016
0.0008451392281387396
9.281875915974596e-05
0.0009672691744015633
0.00011235955056179774
0.0009574987787005373
-4.885197850512945e-06
0.000898876404494382
1.4655593551538837e-05
0.0009428431851489985
-1.4655593551538837e-05
0.000893991206643869
-3.908158280410356e-05
0.0010014655593551538
5.862237420615535e-05
0.0010161211529066928
7.327796775769418e-05
0.0008793356130923302
2.442598925256473e-05
0.000810942843185149
-7.327796775769418e-05
0.0009526135808500244
4.885197850512946e-05
0.0008646800195407913
5.862237420615535e-05
0.000903761602344895
9.77039570102589e-06
0.0008695652173913043
0.00013190034196384952
0.0009184171958964338
-2.442598925256473e-05
0.0008402540302882267
0.00015144113336590132
0.0009330727894479727
2.9311187103077675e-05
0.000903761602344895
-2.9311187103077675e-05
0.0011333659013190035
0.00013190034196384952
0.0007669760625305325
-4.885197850512945e-06
0.0006741573033707865
0.00012212994626282364
0.0009135319980459208
-9.77039570102589e-06
0.0008842208109428432
3.419638495359062e-05
0.000986809965803615
4.885197850512945e-06
0.000981924767953102
-5.37371763556424e-05
0.0009086468001954079
-4.885197850512945e-06
0.0008842208109428432
3.908158280410356e-05
0.0010112359550561798
0.00020029311187103076
0.0008353688324377137
-9.77039570102589e-06
0.0008597948216902784
8.304836345872008e-05
0.000981924767953102
5.37371763556424e-05
0.0009379579872984856
-0.0002247191011235955
0.000898876404494382
-9.281875915974596e-05
0.000903761602344895
-4.396678065461651e-05
0.0007425500732779677
6.839276990718124e-05
0.0008353688324377137
0.00014655593551538836
0.000986809965803615
-9.770395701025892e-05
0.0008402540302882267
-7.327796775769418e-05
0.0007523204689789937
-0.00014167073766487544
0.0008842208109428432
0.00014167073766487544
0.0007620908646800195
-0.00016609672691744016
0.0011040547142159257
-5.37371763556424e-05
0.0008646800195407913
4.885197850512945e-06
0.000991695163654128
-1.954079140205178e-05
0.0008402540302882267
6.839276990718124e-05
0.000893991206643869
-0.00012212994626282364
0.0009379579872984856
-0.000180752320468979
0.0009428431851489985
-3.419638495359062e-05
0.0010112359550561798
-3.419638495359062e-05
0.0008207132388861749
2.442598925256473e-05
0.0007816316560820713
3.419638495359062e-05
0.0009184171958964338
5.862237420615535e-05
0.0008744504152418173
-0.0001074743527112848
0.0007865168539325843
9.77039570102589e-06
0.0010210063507572057
-7.816316560820712e-05
0.0007962872496336101
0.0001172447484123107
0.000806057645334636
-0.0001074743527112848
0.000991695163654128
-9.281875915974596e-05
0.0007914020517830972
2.9311187103077675e-05
0.0008207132388861749
0.00010258915486077186
0.0009379579872984856
-2.9311187103077675e-05
0.0009721543722520762
-8.304836345872008e-05
0.000991695163654128
-0.00013678553981436248
0.0010063507572056667
0.00016609672691744016
0.0009086468001954079
-5.862237420615535e-05
0.0008353688324377137
6.35075720566683e-05
0.000806057645334636
8.304836345872008e-05
0.0008646800195407913
-2.442598925256473e-05
0.0008402540302882267
-9.281875915974596e-05
0.0009379579872984856
-4.885197850512946e-05
0.0007278944797264289
3.419638495359062e-05
0.0008304836345872007
4.885197850512945e-06
0.0010063507572056667
3.908158280410356e-05
0.0008207132388861749
0.0
0.0008549096238397655
-0.0001172447484123107
0.000723009281875916
-9.77039570102589e-06
0.0010161211529066928
7.327796775769418e-05
0.0008451392281387396
4.885197850512945e-06
0.0009281875915974596
-9.770395701025892e-05
0.0008304836345872007
-7.327796775769418e-05
0.0007816316560820713
-5.862237420615535e-05
0.0008597948216902784
4.885197850512946e-05
0.0007914020517830972
-4.885197850512946e-05
0.0008011724474841231
-6.839276990718124e-05
0.0009086468001954079
3.419638495359062e-05
0.0010063507572056667
-6.839276990718124e-05
0.0010161211529066928
-6.35075720566683e-05
0.000991695163654128
0.00010258915486077186
0.0008500244259892526
-9.77039570102589e-06
0.0009135319980459208
-0.0001074743527112848
0.0009623839765510503
2.442598925256473e-05
0.000893991206643869
-0.0001270151441133366
0.0009281875915974596
-3.908158280410356e-05
0.0008500244259892526
9.281875915974596e-05
0.000810942843185149
-7.327796775769418e-05
0.0007376648754274548
3.908158280410356e-05
0.0007914020517830972
-3.419638495359062e-05
0.0009086468001954079
9.77039570102589e-06
0.0007572056668295066
-3.908158280410356e-05
0.0010552027357107962
-5.862237420615535e-05
0.0007767464582315583
0.00014655593551538836
0.0008695652173913043
5.37371763556424e-05
0.0009233023937469467
0.0
0.000981924767953102
-5.37371763556424e-05
0.000903761602344895
-4.885197850512946e-05
0.0010307767464582316
4.396678065461651e-05
0.0008597948216902784
-4.396678065461651e-05
0.000810942843185149
9.77039570102589e-06
0.0008842208109428432
5.37371763556424e-05
0.0008597948216902784
-2.9311187103077675e-05
0.0008353688324377137
-8.304836345872008e-05
0.001089399120664387
-7.327796775769418e-05
0.0007718612603810454
-4.885197850512945e-06
0.0009184171958964338
-1.954079140205178e-05
0.0009281875915974596
2.9311187103077675e-05
0.0008597948216902784
-6.35075720566683e-05
0.001064973131411822
-2.442598925256473e-05
0.0010552027357107962
5.37371763556424e-05
0.0006985832926233512
5.37371763556424e-05
0.0006497313141182217
-2.442598925256473e-05
0.0009135319980459208
5.37371763556424e-05
0.0008451392281387396
-0.0001074743527112848
0.0009623839765510503
0.0001172447484123107
0.0009233023937469467
0.0001709819247679531
0.0008597948216902784
-8.304836345872008e-05
0.0008842208109428432
-4.885197850512945e-06
0.0008793356130923302
6.839276990718124e-05
0.0008451392281387396
-3.419638495359062e-05
0.0009135319980459208
9.77039570102589e-06
0.000893991206643869
-0.00011235955056179774
0.0009086468001954079
-3.419638495359062e-05
0.0010014655593551538
2.442598925256473e-05
0.0008451392281387396
-0.00015632633121641425
0.0007865168539325843
-0.0001270151441133366
0.0008842208109428432
0.00011235955056179774
0.0008793356130923302
6.35075720566683e-05
0.0008500244259892526
5.37371763556424e-05
0.0009965803615046408
-0.00011235955056179774
0.0009721543722520762
5.862237420615535e-05
0.0007962872496336101
0.0001172447484123107
0.0008744504152418173
5.37371763556424e-05
0.0008695652173913043
-2.442598925256473e-05
0.0008793356130923302
4.885197850512945e-06
0.0008353688324377137
-4.396678065461651e-05
0.0007083536883243771
-7.816316560820712e-05
0.0008451392281387396
-7.327796775769418e-05
0.0010161211529066928
1.954079140205178e-05
0.0008842208109428432
-0.0001612115290669272
0.0007425500732779677
-2.9311187103077675e-05
0.0007181240840254031
8.304836345872008e-05
0.0008793356130923302
0.00014167073766487544
0.0009721543722520762
2.9311187103077675e-05
0.0009379579872984856
0.00014655593551538836
0.000898876404494382
1.4655593551538837e-05
0.0008695652173913043
8.304836345872008e-05
0.000815828041035662
-6.839276990718124e-05
0.0007669760625305325
3.419638495359062e-05
0.0008500244259892526
-7.816316560820712e-05
0.0008304836345872007
-3.419638495359062e-05
0.001084513922813874
3.908158280410356e-05
0.0008353688324377137
-3.908158280410356e-05
0.0009965803615046408
0.00011235955056179774
0.0011480214948705423
0.0001172447484123107
0.000898876404494382
0.0
0.0010942843185148998
4.885197850512946e-05
0.0008304836345872007
0.0001074743527112848
0.0007865168539325843
3.908158280410356e-05
0.0009623839765510503
-0.0001270151441133366
0.0009770395701025891
0.00012212994626282364
0.0009086468001954079
4.885197850512946e-05
0.0009184171958964338
5.37371763556424e-05
0.001084513922813874
5.862237420615535e-05
0.0011529066927210552
3.419638495359062e-05
0.0010503175378602833
-0.00010258915486077186
0.0008744504152418173
-4.885197850512945e-06
0.0009379579872984856
0.00019540791402051784
0.0008695652173913043
-4.396678065461651e-05
0.000903761602344895
-3.908158280410356e-05
0.0009379579872984856
9.77039570102589e-06
0.000815828041035662
2.442598925256473e-05
0.0009086468001954079
-7.816316560820712e-05
0.000810942843185149
-5.862237420615535e-05
0.0007816316560820713
-2.442598925256473e-05
0.0009428431851489985
6.35075720566683e-05
0.0007767464582315583
-2.9311187103077675e-05
0.0007034684904738642
-7.816316560820712e-05
0.0010014655593551538
3.419638495359062e-05
0.0009770395701025891
9.77039570102589e-06
0.0008451392281387396
7.327796775769418e-05
0.001084513922813874
0.0001172447484123107
0.0009770395701025891
4.885197850512945e-06
0.0007620908646800195
-0.000180752320468979
0.000986809965803615
2.9311187103077675e-05
0.0010063507572056667
4.396678065461651e-05
0.0007718612603810454
0.0
0.0008402540302882267
0.0
0.0009281875915974596
-4.885197850512945e-06
0.0008451392281387396
-2.9311187103077675e-05
0.0009330727894479727
6.35075720566683e-05
0.0010161211529066928
2.9311187103077675e-05
0.000893991206643869
-8.793356130923302e-05
0.0008891060087933561
-5.862237420615535e-05
0.000898876404494382
8.304836345872008e-05
0.000981924767953102
-2.9311187103077675e-05
0.0007767464582315583
0.0001172447484123107
0.0007962872496336101
9.770395701025892e-05
0.0009965803615046408
9.77039570102589e-06
0.000981924767953102
-4.885197850512945e-06
0.0008891060087933561
0.0001074743527112848
0.0008793356130923302
0.0001074743527112848
0.0009770395701025891
0.00013190034196384952
0.000981924767953102
2.442598925256473e-05
0.0007376648754274548
0.0001074743527112848
0.0009721543722520762
3.419638495359062e-05
0.0008744504152418173
-5.37371763556424e-05
0.000810942843185149
0.0
0.0008255984367366878
-0.00017586712261846604
0.0006888128969223254
-4.885197850512946e-05
0.0008793356130923302
-2.442598925256473e-05
0.0008402540302882267
3.908158280410356e-05
0.0007620908646800195
2.9311187103077675e-05
0.0009135319980459208
-5.37371763556424e-05
0.0009526135808500244
-9.77039570102589e-06
0.0010014655593551538
-0.00011235955056179774
0.0009526135808500244
-0.00014167073766487544
0.0007523204689789937
-0.0001074743527112848
0.000893991206643869
6.839276990718124e-05
0.0007425500732779677
-5.862237420615535e-05
0.0006839276990718123
8.793356130923302e-05
0.0008842208109428432
-0.0001074743527112848
0.0008695652173913043
7.327796775769418e-05
0.0008451392281387396
4.396678065461651e-05
0.0009770395701025891
-8.793356130923302e-05
0.0008500244259892526
0.00013678553981436248
0.000815828041035662
3.908158280410356e-05
0.000806057645334636
4.396678065461651e-05
0.0008402540302882267
5.37371763556424e-05
0.0009379579872984856
-2.9311187103077675e-05
0.0007425500732779677
-3.908158280410356e-05
0.000810942843185149
2.9311187103077675e-05
0.000806057645334636
-1.954079140205178e-05
0.0010503175378602833
4.885197850512945e-06
0.0008891060087933561
5.37371763556424e-05
0.0011235955056179774
0.0
0.0010014655593551538
-0.00012212994626282364
0.0007278944797264289
-7.816316560820712e-05
0.0008500244259892526
-7.327796775769418e-05
0.0010014655593551538
1.954079140205178e-05
0.0008793356130923302
-1.4655593551538837e-05
0.000815828041035662
-3.908158280410356e-05
0.0010161211529066928
7.327796775769418e-05
0.0011577918905715681
-0.0001074743527112848
0.0010161211529066928
5.37371763556424e-05
0.0007816316560820713
2.442598925256473e-05
0.000898876404494382
-9.770395701025892e-05
0.0007572056668295066
-1.954079140205178e-05
0.0010161211529066928
-5.37371763556424e-05
0.0008695652173913043
5.862237420615535e-05
0.0007620908646800195
-1.954079140205178e-05
0.0008353688324377137
1.4655593551538837e-05
0.0008353688324377137
-2.442598925256473e-05
0.0008207132388861749
-2.442598925256473e-05
0.0007962872496336101
2.442598925256473e-05
0.000903761602344895
9.770395701025892e-05
0.0007474352711284806
-0.0002882266731802638
0.0009281875915974596
-1.954079140205178e-05
0.0008304836345872007
-4.396678065461651e-05
0.0009086468001954079
-0.0001172447484123107
0.000903761602344895
2.442598925256473e-05
0.0008353688324377137
-7.816316560820712e-05
0.0009086468001954079
-3.419638495359062e-05
0.0008011724474841231
-6.35075720566683e-05
0.000981924767953102
-3.419638495359062e-05
0.0009965803615046408
4.885197850512946e-05
0.0009965803615046408
-9.77039570102589e-06
0.0008500244259892526
-4.885197850512945e-06
0.0008744504152418173
0.00015632633121641425
0.000815828041035662
6.839276990718124e-05
0.0008695652173913043
4.396678065461651e-05
0.0009428431851489985
0.00013678553981436248
0.0008500244259892526
-9.281875915974596e-05
0.0010356619443087445
8.304836345872008e-05
0.0008451392281387396
4.396678065461651e-05
0.0009086468001954079
4.396678065461651e-05
0.0007620908646800195
-9.77039570102589e-06
0.0008500244259892526
-4.885197850512945e-06
0.0010258915486077186
3.419638495359062e-05
0.0010600879335613091
1.954079140205178e-05
0.0007914020517830972
-3.419638495359062e-05
0.0009770395701025891
-0.0001709819247679531
0.0009965803615046408
6.839276990718124e-05
0.0007914020517830972
-7.816316560820712e-05
0.0010307767464582316
8.793356130923302e-05
0.0008451392281387396
-4.396678065461651e-05
0.0008597948216902784
0.0001074743527112848
0.0009086468001954079
-8.793356130923302e-05
0.0008304836345872007
6.839276990718124e-05
0.0010405471421592574
0.00016609672691744016
0.0007767464582315583
-7.816316560820712e-05
0.0009672691744015633
-3.908158280410356e-05
0.0009721543722520762
5.37371763556424e-05
0.0008011724474841231
4.885197850512946e-05
0.0008744504152418173
0.0
0.0007718612603810454
-2.9311187103077675e-05
0.0009672691744015633
-7.816316560820712e-05
0.0008451392281387396
-4.885197850512946e-05
0.0010747435271128481
-1.954079140205178e-05
0.0010552027357107962
-9.770395701025892e-05
0.0008353688324377137
0.0001172447484123107
0.0009233023937469467
-8.304836345872008e-05
0.0008549096238397655
-3.419638495359062e-05
0.0009281875915974596
0.0
0.0010747435271128481
0.0001172447484123107
0.0008451392281387396
9.77039570102589e-06
0.0010698583292623352
-9.281875915974596e-05
0.0008451392281387396
4.885197850512945e-06
0.0008842208109428432
-9.77039570102589e-06
0.0009965803615046408
-0.0001172447484123107
0.000991695163654128
-4.885197850512946e-05
0.0009330727894479727
1.4655593551538837e-05
0.0008402540302882267
-1.954079140205178e-05
0.0008451392281387396
-8.304836345872008e-05
0.0009477283829995114
3.908158280410356e-05
0.00071323888617489
-6.839276990718124e-05
0.000898876404494382
-4.396678065461651e-05
0.0007767464582315583
-6.35075720566683e-05
0.000986809965803615
3.419638495359062e-05
0.0009623839765510503
6.35075720566683e-05
0.0009330727894479727
-0.00013678553981436248
0.0009330727894479727
5.37371763556424e-05
0.0008255984367366878
3.419638495359062e-05
0.000991695163654128
-4.885197850512945e-06
0.0010014655593551538
-3.419638495359062e-05
0.0010258915486077186
1.954079140205178e-05
0.0007474352711284806
0.0
0.0007865168539325843
7.816316560820712e-05
0.0009477283829995114
5.37371763556424e-05
0.0010112359550561798
-0.00013190034196384952
0.0009330727894479727
-3.908158280410356e-05
0.0010503175378602833
4.885197850512945e-06
0.000898876404494382
-9.281875915974596e-05
0.0009965803615046408
-1.954079140205178e-05
0.0010600879335613091
2.9311187103077675e-05
0.0009086468001954079
3.419638495359062e-05
0.000986809965803615
3.419638495359062e-05
0.000810942843185149
5.862237420615535e-05
0.0009672691744015633
-0.00014655593551538836
0.0009526135808500244
8.793356130923302e-05
0.0011089399120664386
-0.00016609672691744016
0.0009770395701025891
-1.954079140205178e-05
0.0008646800195407913
-0.00015144113336590132
0.000810942843185149
0.00016609672691744016
0.0009526135808500244
6.35075720566683e-05
0.001079628724963361
-0.0001074743527112848
0.0011089399120664386
-4.396678065461651e-05
0.0009281875915974596
3.908158280410356e-05
0.0008646800195407913
1.954079140205178e-05
0.001079628724963361
3.419638495359062e-05
0.0008255984367366878
6.839276990718124e-05
0.0009721543722520762
-2.442598925256473e-05
0.000898876404494382
8.304836345872008e-05
0.0011480214948705423
-9.770395701025892e-05
0.000981924767953102
-2.442598925256473e-05
0.0009184171958964338
0.0001270151441133366
0.0007962872496336101
-4.885197850512946e-05
0.0008646800195407913
-8.304836345872008e-05
0.0009135319980459208
-4.885197850512945e-06
0.0008842208109428432
9.770395701025892e-05
0.0009281875915974596
-7.327796775769418e-05
0.0010454323400097703
-0.00011235955056179774
0.000806057645334636
-6.839276990718124e-05
0.0007474352711284806
-5.37371763556424e-05
0.0009330727894479727
-5.37371763556424e-05
0.0008842208109428432
3.419638495359062e-05
0.0010210063507572057
-5.37371763556424e-05
0.0007767464582315583
7.816316560820712e-05
0.0010698583292623352
4.885197850512945e-06
0.001079628724963361
-2.442598925256473e-05
0.0008744504152418173
-1.4655593551538837e-05
0.0008646800195407913
-9.77039570102589e-06
0.0008744504152418173
1.954079140205178e-05
0.0007962872496336101
5.862237420615535e-05
0.001089399120664387
5.37371763556424e-05
0.0010161211529066928
-3.908158280410356e-05
0.0009526135808500244
0.0001612115290669272
0.0009477283829995114
-1.4655593551538837e-05
0.0008597948216902784
-4.885197850512945e-06
0.0009477283829995114
0.00010258915486077186
0.0008011724474841231
-9.77039570102589e-06
0.0009721543722520762
-6.35075720566683e-05
0.0010063507572056667
-9.77039570102589e-06
0.0010454323400097703
3.419638495359062e-05
0.000903761602344895
-4.396678065461651e-05
0.000723009281875916
8.304836345872008e-05
0.000815828041035662
0.00012212994626282364
0.000986809965803615
-5.862237420615535e-05
0.0010600879335613091
-7.816316560820712e-05
0.0009281875915974596
-0.00021983390327308256
0.0009086468001954079
0.0
0.000893991206643869
-8.304836345872008e-05
0.0007572056668295066
-1.4655593551538837e-05
0.0009574987787005373
4.885197850512945e-06
0.0009281875915974596
8.304836345872008e-05
0.0008304836345872007
-0.00011235955056179774
0.0008207132388861749
-6.35075720566683e-05
0.0008451392281387396
8.793356130923302e-05
0.0008744504152418173
0.0001074743527112848
0.0010454323400097703
9.77039570102589e-06
0.0007914020517830972
9.281875915974596e-05
0.000903761602344895
5.37371763556424e-05
0.0006692721055202736
8.304836345872008e-05
0.0008793356130923302
-0.00012212994626282364
0.0007914020517830972
8.793356130923302e-05
0.000810942843185149
-4.885197850512946e-05
0.0009135319980459208
-5.37371763556424e-05
0.0008597948216902784
0.0
0.0010161211529066928
0.00015632633121641425
0.0008891060087933561
5.862237420615535e-05
0.0008255984367366878
1.954079140205178e-05
0.000898876404494382
7.816316560820712e-05
0.0007425500732779677
-0.00010258915486077186
0.000991695163654128
-8.793356130923302e-05
0.0009721543722520762
4.885197850512946e-05
0.0007718612603810454
-9.77039570102589e-06
0.0008402540302882267
-1.4655593551538837e-05
0.0007181240840254031
-0.00011235955056179774
0.0008646800195407913
-0.0002344894968246214
0.0009477283829995114
-9.281875915974596e-05
0.000810942843185149
-2.442598925256473e-05
0.0008793356130923302
-6.35075720566683e-05
0.000810942843185149
4.885197850512946e-05
0.0008500244259892526
-0.00012212994626282364
0.0009281875915974596
0.00010258915486077186
0.0008597948216902784
5.862237420615535e-05
0.0008207132388861749
-1.4655593551538837e-05
0.0007376648754274548
8.304836345872008e-05
0.0010063507572056667
-2.9311187103077675e-05
0.0010405471421592574
-4.885197850512945e-06
0.0007474352711284806
-7.816316560820712e-05
0.0008207132388861749
0.00013190034196384952
0.0008891060087933561
8.793356130923302e-05
0.0009672691744015633
-7.327796775769418e-05
0.0010063507572056667
0.00012212994626282364
0.0007914020517830972
3.419638495359062e-05
0.0008549096238397655
-6.839276990718124e-05
0.000986809965803615
3.908158280410356e-05
0.0009770395701025891
-0.0001172447484123107
0.000898876404494382
0.0001074743527112848
0.0010307767464582316
-1.954079140205178e-05
0.0009623839765510503
7.327796775769418e-05
0.0007962872496336101
-5.37371763556424e-05
0.0007914020517830972
-0.00011235955056179774
0.000898876404494382
2.9311187103077675e-05
0.0008207132388861749
8.304836345872008e-05
0.000898876404494382
-9.770395701025892e-05
0.0008891060087933561
-4.885197850512946e-05
0.0009770395701025891
0.0
0.0008207132388861749
-3.908158280410356e-05
0.0007718612603810454
-5.37371763556424e-05
0.0008549096238397655
-0.00016609672691744016
0.0008646800195407913
-1.954079140205178e-05
0.0007914020517830972
-0.0001074743527112848
0.0010503175378602833
9.770395701025892e-05
0.0007718612603810454
2.9311187103077675e-05
0.0007767464582315583
-5.862237420615535e-05
0.0008597948216902784
-1.4655593551538837e-05
0.0009086468001954079
9.281875915974596e-05
0.0008597948216902784
3.419638495359062e-05
0.0008451392281387396
5.862237420615535e-05
0.0008451392281387396
-6.35075720566683e-05
0.0009233023937469467
1.4655593551538837e-05
0.0009330727894479727
2.442598925256473e-05
0.0009379579872984856
1.4655593551538837e-05
0.0009184171958964338
-0.00014167073766487544
0.0010405471421592574
-1.954079140205178e-05
0.0010112359550561798
-3.419638495359062e-05
0.0008255984367366878
2.442598925256473e-05
0.0008891060087933561
9.281875915974596e-05
0.0009428431851489985
3.419638495359062e-05
0.0007767464582315583
6.35075720566683e-05
0.0008402540302882267
-1.4655593551538837e-05
0.001079628724963361
-0.00014167073766487544
0.0010405471421592574
-2.442598925256473e-05
0.0009330727894479727
4.396678065461651e-05
0.0008353688324377137
2.9311187103077675e-05
0.0009233023937469467
9.281875915974596e-05
0.001064973131411822
7.327796775769418e-05
0.0010063507572056667
-2.442598925256473e-05
0.0007914020517830972
6.35075720566683e-05
0.0007962872496336101
-0.00014655593551538836
0.0008353688324377137
2.442598925256473e-05
0.0009184171958964338
3.908158280410356e-05
0.0009184171958964338
1.4655593551538837e-05
0.0009721543722520762
-2.442598925256473e-05
0.0008451392281387396
-5.862237420615535e-05
0.0009233023937469467
9.77039570102589e-06
0.0009233023937469467
1.954079140205178e-05
0.0010014655593551538
-1.954079140205178e-05
0.000898876404494382
-3.419638495359062e-05
0.0008549096238397655
-8.304836345872008e-05
0.0008255984367366878
1.954079140205178e-05
0.000893991206643869
-2.442598925256473e-05
0.0010600879335613091
0.0
0.0009623839765510503
-1.4655593551538837e-05
0.0010405471421592574
-6.35075720566683e-05
0.0007376648754274548
6.35075720566683e-05
0.0008597948216902784
-5.862237420615535e-05
0.0009281875915974596
6.35075720566683e-05
0.0009574987787005373
-9.77039570102589e-06
0.0009428431851489985
-4.396678065461651e-05
0.0006448461162677088
-3.908158280410356e-05
0.0008207132388861749
-7.327796775769418e-05
0.0009135319980459208
-3.908158280410356e-05
0.000815828041035662
-6.839276990718124e-05
0.0008304836345872007
-0.0001074743527112848
0.000893991206643869
-6.35075720566683e-05
0.0008207132388861749
-9.77039570102589e-06
0.0009574987787005373
6.35075720566683e-05
0.0009672691744015633
-6.35075720566683e-05
0.0007962872496336101
-8.793356130923302e-05
0.0008500244259892526
-2.9311187103077675e-05
0.0008891060087933561
-7.327796775769418e-05
0.000991695163654128
-5.862237420615535e-05
0.0008842208109428432
0.0
0.000903761602344895
-1.4655593551538837e-05
0.0007181240840254031
1.954079140205178e-05
0.0010014655593551538
-5.862237420615535e-05
0.0006839276990718123
0.0002784562774792379
0.0009623839765510503
-4.885197850512945e-06
0.0008451392281387396
5.862237420615535e-05
0.0009721543722520762
8.793356130923302e-05
0.0008646800195407913
6.839276990718124e-05
0.000903761602344895
7.327796775769418e-05
0.0009184171958964338
-2.442598925256473e-05
0.0007572056668295066
1.4655593551538837e-05
0.0006595017098192477
-8.304836345872008e-05
0.000991695163654128
6.35075720566683e-05
0.001084513922813874
-2.442598925256473e-05
0.0009086468001954079
6.839276990718124e-05
0.0008793356130923302
1.954079140205178e-05
0.0008549096238397655
1.4655593551538837e-05
0.0008353688324377137
-0.000180752320468979
0.0008500244259892526
-0.00014655593551538836
0.0008646800195407913
0.0
0.0006497313141182217
8.793356130923302e-05
0.0009086468001954079
-4.885197850512945e-06
0.0008011724474841231
9.77039570102589e-06
0.0009428431851489985
8.304836345872008e-05
0.0008255984367366878
4.885197850512945e-06
0.0008891060087933561
-4.396678065461651e-05
0.0009086468001954079
-5.862237420615535e-05
0.0008011724474841231
-2.9311187103077675e-05
0.0007816316560820713
4.885197850512945e-06
0.000810942843185149
8.304836345872008e-05
0.0007034684904738642
-3.908158280410356e-05
0.0008695652173913043
2.9311187103077675e-05
0.0010112359550561798
-7.816316560820712e-05
0.0009135319980459208
-3.908158280410356e-05
0.0009428431851489985
-6.839276990718124e-05
0.0009135319980459208
6.839276990718124e-05
0.0009526135808500244
2.9311187103077675e-05
0.0010258915486077186
-3.908158280410356e-05
0.0008597948216902784
-0.00013678553981436248
0.0009086468001954079
-9.77039570102589e-06
0.0008842208109428432
-4.885197850512945e-06
0.000810942843185149
-0.0001074743527112848
0.000815828041035662
-2.442598925256473e-05
0.0009574987787005373
0.0001074743527112848
0.0008353688324377137
7.327796775769418e-05
0.000893991206643869
-6.839276990718124e-05
0.0008207132388861749
6.839276990718124e-05
0.0009721543722520762
-4.885197850512946e-05
0.0009428431851489985
6.839276990718124e-05
0.0008304836345872007
0.0001172447484123107
0.0009379579872984856
-5.862237420615535e-05
0.0007865168539325843
-8.793356130923302e-05
0.0010600879335613091
-6.35075720566683e-05
0.0008255984367366878
3.419638495359062e-05
0.000898876404494382
-2.442598925256473e-05
0.0009330727894479727
7.327796775769418e-05
0.0010503175378602833
-8.793356130923302e-05
0.0008353688324377137
-8.304836345872008e-05
0.0009672691744015633
9.281875915974596e-05
0.0009330727894479727
-4.396678065461651e-05
0.0010161211529066928
-5.37371763556424e-05
0.0008451392281387396
9.281875915974596e-05
0.0009477283829995114
-9.281875915974596e-05
0.0009233023937469467
9.281875915974596e-05
0.000991695163654128
-0.00010258915486077186
0.0007914020517830972
-9.281875915974596e-05
0.0008255984367366878
1.954079140205178e-05
0.0008500244259892526
1.954079140205178e-05
0.000981924767953102
6.35075720566683e-05
0.0008646800195407913
5.37371763556424e-05
0.0008646800195407913
-0.00015144113336590132
0.0007425500732779677
-3.419638495359062e-05
0.0008549096238397655
-0.00013190034196384952
0.0007865168539325843
1.4655593551538837e-05
0.0008891060087933561
1.954079140205178e-05
0.0008842208109428432
0.0001172447484123107
0.000815828041035662
-3.419638495359062e-05
0.0008500244259892526
-0.00010258915486077186
0.0008695652173913043
6.35075720566683e-05
0.0010112359550561798
-2.9311187103077675e-05
0.0008353688324377137
-5.37371763556424e-05
0.0009428431851489985
1.4655593551538837e-05
0.0009135319980459208
-4.885197850512946e-05
0.0009379579872984856
3.908158280410356e-05
0.0008842208109428432
-5.37371763556424e-05
0.0008255984367366878
-2.442598925256473e-05
0.0008353688324377137
3.419638495359062e-05
0.0008842208109428432
-6.839276990718124e-05
0.0008255984367366878
2.9311187103077675e-05
0.0011040547142159257
-5.862237420615535e-05
0.000810942843185149
6.35075720566683e-05
0.000815828041035662
-4.396678065461651e-05
0.0010307767464582316
9.770395701025892e-05
0.0010014655593551538
-1.954079140205178e-05
0.0010307767464582316
5.37371763556424e-05
0.0011284807034684903
7.327796775769418e-05
0.0009330727894479727
0.00013678553981436248
0.0010405471421592574
7.327796775769418e-05
0.0010063507572056667
-2.442598925256473e-05
0.0008842208109428432
4.885197850512946e-05
0.0008402540302882267
0.0
0.0008255984367366878
0.00011235955056179774
0.0007425500732779677
-3.908158280410356e-05
0.0008744504152418173
-4.396678065461651e-05
0.0008353688324377137
-1.954079140205178e-05
0.0009379579872984856
-3.419638495359062e-05
0.0009086468001954079
-0.0001270151441133366
0.0009965803615046408
-0.00010258915486077186
0.0009330727894479727
5.37371763556424e-05
0.0009623839765510503
2.442598925256473e-05
0.0009477283829995114
0.00018563751831949193
0.000806057645334636
-1.954079140205178e-05
0.0008402540302882267
0.00021983390327308256
0.000810942843185149
0.00010258915486077186
0.0008207132388861749
3.419638495359062e-05
0.000893991206643869
-6.35075720566683e-05
0.0008207132388861749
4.396678065461651e-05
0.0009721543722520762
2.442598925256473e-05
0.0007865168539325843
-1.954079140205178e-05
0.0008597948216902784
1.954079140205178e-05
0.0007767464582315583
4.396678065461651e-05
0.0007523204689789937
-3.419638495359062e-05
0.0009379579872984856
-0.00021006350757205668
0.0008353688324377137
9.770395701025892e-05
0.0008744504152418173
0.00013678553981436248
0.0008207132388861749
-4.885197850512945e-06
0.0009086468001954079
-3.419638495359062e-05
0.0008891060087933561
-0.00014167073766487544
0.0010112359550561798
-6.839276990718124e-05
0.0008451392281387396
0.00011235955056179774
0.0008646800195407913
0.0
0.0008402540302882267
6.35075720566683e-05
0.0009184171958964338
-4.885197850512946e-05
0.0009574987787005373
2.9311187103077675e-05
0.0009623839765510503
6.35075720566683e-05
0.000806057645334636
-2.9311187103077675e-05
0.0009428431851489985
-7.327796775769418e-05
0.0009721543722520762
-7.327796775769418e-05
0.0009135319980459208
-5.862237420615535e-05
0.0007474352711284806
-7.327796775769418e-05
0.0009135319980459208
4.885197850512945e-06
0.0007181240840254031
2.442598925256473e-05
0.000815828041035662
-0.00014655593551538836
0.0009330727894479727
3.419638495359062e-05
0.0009428431851489985
-7.816316560820712e-05
0.0008597948216902784
-0.0001172447484123107
0.0006595017098192477
3.908158280410356e-05
0.0010161211529066928
8.304836345872008e-05
0.0008304836345872007
-9.77039570102589e-06
0.0007865168539325843
-5.37371763556424e-05
0.0007083536883243771
3.419638495359062e-05
0.0008744504152418173
4.396678065461651e-05
0.000991695163654128
-1.954079140205178e-05
0.0009574987787005373
-0.00012212994626282364
0.0008500244259892526
-0.0001709819247679531
0.0008451392281387396
-0.00010258915486077186
0.0008597948216902784
-7.816316560820712e-05
0.0008011724474841231
0.0001270151441133366
0.0010014655593551538
-5.37371763556424e-05
0.000893991206643869
1.954079140205178e-05
0.0008597948216902784
-8.304836345872008e-05
0.0008744504152418173
-0.0001172447484123107
0.0009721543722520762
-3.419638495359062e-05
0.001064973131411822
2.442598925256473e-05
0.0008891060087933561
3.908158280410356e-05
0.0009770395701025891
-0.00013190034196384952
0.000893991206643869
4.885197850512946e-05
0.0010698583292623352
6.35075720566683e-05
0.0010161211529066928
-3.908158280410356e-05
0.0008646800195407913
5.37371763556424e-05
0.0008695652173913043
0.00011235955056179774
0.000986809965803615
-0.00014167073766487544
0.0009721543722520762
3.908158280410356e-05
0.0010405471421592574
-9.77039570102589e-06
0.0007816316560820713
9.77039570102589e-06
0.0007962872496336101
-0.00012212994626282364
0.0008597948216902784
9.77039570102589e-06
0.0007181240840254031
-3.908158280410356e-05
0.0010063507572056667
0.0001270151441133366
0.0007620908646800195
-0.00014655593551538836
0.0010210063507572057
-0.0001612115290669272
0.0008597948216902784
0.00013678553981436248
0.0009135319980459208
-7.327796775769418e-05
0.0008891060087933561
-5.37371763556424e-05
0.0009965803615046408
0.00019540791402051784
0.0009233023937469467
6.35075720566683e-05
0.0008011724474841231
-6.35075720566683e-05
0.0012408402540302881
-4.396678065461651e-05
0.0010454323400097703
-7.816316560820712e-05
0.0009233023937469467
3.419638495359062e-05
0.000893991206643869
0.00028334147532975087
0.0007474352711284806
5.37371763556424e-05
0.0008500244259892526
0.00014655593551538836
0.0011187103077674645
0.0001612115290669272
0.0009574987787005373
9.281875915974596e-05
0.000903761602344895
-3.419638495359062e-05
0.000810942843185149
9.77039570102589e-06
0.0009233023937469467
-5.37371763556424e-05
0.0008695652173913043
0.00020517830972154372
0.0008549096238397655
-8.304836345872008e-05
0.0010552027357107962
-0.0001074743527112848
0.000810942843185149
-3.419638495359062e-05
0.0007278944797264289
-2.9311187103077675e-05
0.0010063507572056667
2.9311187103077675e-05
0.0010307767464582316
4.885197850512945e-06
0.0008207132388861749
-0.0002247191011235955
0.0007816316560820713
-9.770395701025892e-05
0.0006546165119687347
-8.304836345872008e-05
0.0009135319980459208
-1.954079140205178e-05
0.0009526135808500244
1.4655593551538837e-05
0.0008695652173913043
1.954079140205178e-05
0.0010356619443087445
0.00013190034196384952
0.0007816316560820713
8.304836345872008e-05
0.0009623839765510503
9.770395701025892e-05
0.0010210063507572057
-2.442598925256473e-05
0.0008451392281387396
4.396678065461651e-05
0.000806057645334636
0.0001612115290669272
0.0008597948216902784
-0.0001270151441133366
0.0009428431851489985
0.00013678553981436248
0.0010405471421592574
2.9311187103077675e-05
0.0009428431851489985
-4.396678065461651e-05
0.0009330727894479727
6.35075720566683e-05
0.0007767464582315583
-7.816316560820712e-05
0.0009379579872984856
-7.327796775769418e-05
0.0007620908646800195
-0.00020029311187103076
0.0009672691744015633
4.885197850512946e-05
0.0008207132388861749
6.35075720566683e-05
0.0008842208109428432
2.9311187103077675e-05
0.0010600879335613091
3.419638495359062e-05
0.0008597948216902784
2.442598925256473e-05
0.0008402540302882267
-3.908158280410356e-05
0.0009526135808500244
4.885197850512946e-05
0.0008842208109428432
6.35075720566683e-05
0.0007669760625305325
0.0001172447484123107
0.0008353688324377137
-3.908158280410356e-05
0.0008549096238397655
5.862237420615535e-05
0.0007669760625305325
-4.396678065461651e-05
0.0008451392281387396
-4.885197850512946e-05
0.0007034684904738642
-4.396678065461651e-05
0.0008793356130923302
7.327796775769418e-05
0.0007962872496336101
4.885197850512946e-05
0.0009672691744015633
6.839276990718124e-05
0.0010356619443087445
2.9311187103077675e-05
0.0008646800195407913
-0.00018563751831949193
0.0008353688324377137
4.885197850512945e-06
0.0009770395701025891
-1.954079140205178e-05
0.0009379579872984856
4.396678065461651e-05
0.000806057645334636
5.37371763556424e-05
0.0009428431851489985
-1.954079140205178e-05
0.0009135319980459208
-1.954079140205178e-05
0.0009233023937469467
0.0
0.0008304836345872007
4.885197850512946e-05
0.0009428431851489985
-4.885197850512945e-06
0.0008549096238397655
-8.793356130923302e-05
0.0007718612603810454
3.908158280410356e-05
0.0009672691744015633
-4.885197850512946e-05
0.0010112359550561798
6.839276990718124e-05
0.000898876404494382
-0.00011235955056179774
0.001089399120664387
4.885197850512945e-06
0.0009233023937469467
4.885197850512945e-06
0.0009965803615046408
-2.9311187103077675e-05
0.0011040547142159257
-9.77039570102589e-06
0.0009721543722520762
0.0
0.0008695652173913043
0.00014167073766487544
0.0009428431851489985
-3.908158280410356e-05
0.0010307767464582316
4.396678065461651e-05
0.0008011724474841231
8.304836345872008e-05
0.000986809965803615
-0.00018563751831949193
0.0009623839765510503
4.396678065461651e-05
0.0008891060087933561
-0.00013190034196384952
0.000893991206643869
-4.885197850512946e-05
0.000893991206643869
-4.885197850512945e-06
0.0008402540302882267
-0.00011235955056179774
0.0008842208109428432
9.770395701025892e-05
0.0010698583292623352
-9.77039570102589e-06
0.0008597948216902784
-5.37371763556424e-05
0.0009574987787005373
-3.908158280410356e-05
0.0010063507572056667
-3.908158280410356e-05
0.0009135319980459208
-2.9311187103077675e-05
0.0007914020517830972
1.4655593551538837e-05
0.0009526135808500244
-0.00011235955056179774
0.0007278944797264289
-9.281875915974596e-05
0.0008646800195407913
-1.4655593551538837e-05
0.0008304836345872007
-6.35075720566683e-05
0.0009281875915974596
-9.770395701025892e-05
0.0007914020517830972
-0.00013190034196384952
0.0009379579872984856
0.00012212994626282364
0.0008744504152418173
-2.442598925256473e-05
0.001079628724963361
0.0001074743527112848
0.0009184171958964338
-3.419638495359062e-05
0.0008304836345872007
4.885197850512945e-06
0.0007669760625305325
0.0001612115290669272
0.0010405471421592574
-0.0001172447484123107
0.0008549096238397655
0.0
0.0008255984367366878
-0.00014167073766487544
0.0009233023937469467
-1.4655593551538837e-05
0.00071323888617489
1.954079140205178e-05
0.0009574987787005373
4.885197850512945e-06
0.0010405471421592574
-7.327796775769418e-05
0.0007962872496336101
-0.0001270151441133366
0.0008891060087933561
-8.793356130923302e-05
0.0007083536883243771
-7.816316560820712e-05
0.0007669760625305325
-9.281875915974596e-05
0.0007816316560820713
-1.4655593551538837e-05
0.0008646800195407913
-1.4655593551538837e-05
0.000806057645334636
-9.77039570102589e-06
0.0008304836345872007
3.908158280410356e-05
0.0007816316560820713
-5.37371763556424e-05
0.000898876404494382
8.793356130923302e-05
0.0007425500732779677
9.281875915974596e-05
0.000815828041035662
-6.839276990718124e-05
0.0009965803615046408
4.885197850512946e-05
0.0009672691744015633
-9.77039570102589e-06
0.0008744504152418173
-1.4655593551538837e-05
0.0007816316560820713
0.0001172447484123107
0.0009281875915974596
9.77039570102589e-06
0.0008353688324377137
1.4655593551538837e-05
0.0007474352711284806
3.908158280410356e-05
0.000903761602344895
-6.839276990718124e-05
0.0008402540302882267
3.908158280410356e-05
0.0008597948216902784
-2.442598925256473e-05
0.0008744504152418173
-5.37371763556424e-05
0.0008646800195407913
4.396678065461651e-05
0.0010698583292623352
-1.4655593551538837e-05
0.0008451392281387396
-2.442598925256473e-05
0.0009330727894479727
-9.281875915974596e-05
0.000723009281875916
0.0001074743527112848
0.000893991206643869
-0.00013190034196384952
0.0009428431851489985
1.4655593551538837e-05
0.0009184171958964338
-0.0001172447484123107
0.0008744504152418173
8.793356130923302e-05
0.0006643869076697606
-2.9311187103077675e-05
0.0009135319980459208
9.77039570102589e-06
0.0007718612603810454
0.00015632633121641425
0.0009184171958964338
0.0
0.000898876404494382
7.327796775769418e-05
0.0009233023937469467
1.4655593551538837e-05
0.0008207132388861749
-1.954079140205178e-05
0.0008744504152418173
0.00011235955056179774
0.0010552027357107962
-1.954079140205178e-05
0.0009721543722520762
4.885197850512945e-06
0.0007523204689789937
2.9311187103077675e-05
0.0009379579872984856
-6.839276990718124e-05
0.0009477283829995114
-9.77039570102589e-06
0.000986809965803615
0.00010258915486077186
0.0007914020517830972
4.885197850512946e-05
0.000806057645334636
-9.281875915974596e-05
0.0011284807034684903
-0.00014167073766487544
0.000986809965803615
4.885197850512945e-06
0.0009965803615046408
4.885197850512945e-06
0.0008695652173913043
-2.9311187103077675e-05
0.0009135319980459208
5.37371763556424e-05
0.000806057645334636
-7.816316560820712e-05
0.000806057645334636
-0.00012212994626282364
0.0009623839765510503
-9.77039570102589e-06
0.0009477283829995114
-6.35075720566683e-05
0.0006741573033707865
0.00010258915486077186
0.0007181240840254031
-0.0001172447484123107
0.0007620908646800195
-2.9311187103077675e-05
0.000806057645334636
-3.908158280410356e-05
0.000903761602344895
-2.9311187103077675e-05
0.00071323888617489
5.37371763556424e-05
0.000898876404494382
8.304836345872008e-05
0.0007767464582315583
6.839276990718124e-05
0.000898876404494382
5.37371763556424e-05
0.0008402540302882267
3.908158280410356e-05
0.0007962872496336101
9.77039570102589e-06
0.0008646800195407913
4.885197850512946e-05
0.000986809965803615
-3.419638495359062e-05
0.0009184171958964338
-0.00010258915486077186
0.0007474352711284806
-5.862237420615535e-05
0.0008597948216902784
-8.304836345872008e-05
0.0009623839765510503
-4.396678065461651e-05
0.0009477283829995114
-9.77039570102589e-06
0.0010210063507572057
4.885197850512945e-06
0.0009477283829995114
-9.770395701025892e-05
0.0008304836345872007
0.0001270151441133366
0.0011577918905715681
-8.793356130923302e-05
0.0009428431851489985
0.00013678553981436248
0.0009086468001954079
1.954079140205178e-05
0.000986809965803615
8.304836345872008e-05
0.0008744504152418173
-0.00012212994626282364
0.0007914020517830972
-2.9311187103077675e-05
0.0010454323400097703
6.35075720566683e-05
0.000898876404494382
2.442598925256473e-05
0.0008011724474841231
-0.0001612115290669272
0.0009721543722520762
1.4655593551538837e-05
0.0009965803615046408
-8.304836345872008e-05
0.0008011724474841231
9.281875915974596e-05
0.0010356619443087445
-5.37371763556424e-05
0.0009428431851489985
6.839276990718124e-05
0.0007181240840254031
-3.908158280410356e-05
0.0010063507572056667
0.00013678553981436248
0.0009770395701025891
0.00010258915486077186
0.0008207132388861749
7.816316560820712e-05
0.0010112359550561798
-0.00020029311187103076
0.0009526135808500244
1.954079140205178e-05
0.000986809965803615
-7.327796775769418e-05
0.0007620908646800195
-9.770395701025892e-05
0.0009428431851489985
3.419638495359062e-05
0.0009428431851489985
1.4655593551538837e-05
0.000986809965803615
-9.281875915974596e-05
0.0008842208109428432
-3.908158280410356e-05
0.0007669760625305325
-3.419638495359062e-05
0.0009770395701025891
-3.908158280410356e-05
0.0010112359550561798
2.9311187103077675e-05
0.0008842208109428432
-6.839276990718124e-05
0.0009184171958964338
-0.00012212994626282364
0.0008011724474841231
0.0001709819247679531
0.0007425500732779677
-2.442598925256473e-05
0.0009770395701025891
-0.00014167073766487544
0.0010063507572056667
9.77039570102589e-06
0.0010210063507572057
8.304836345872008e-05
0.0009135319980459208
2.442598925256473e-05
0.0008597948216902784
0.0001172447484123107
0.0007327796775769418
2.9311187103077675e-05
0.0007669760625305325
-0.00010258915486077186
0.0007718612603810454
-2.9311187103077675e-05
0.000815828041035662
4.396678065461651e-05
0.000815828041035662
-1.954079140205178e-05
0.0007865168539325843
-7.327796775769418e-05
0.0008695652173913043
2.9311187103077675e-05
0.0008011724474841231
1.4655593551538837e-05
0.0008500244259892526
-6.35075720566683e-05
0.0009574987787005373
-9.77039570102589e-06
0.000898876404494382
8.793356130923302e-05
0.0009526135808500244
-0.0001074743527112848
0.0009135319980459208
-3.419638495359062e-05
0.0009135319980459208
3.419638495359062e-05
0.0008207132388861749
7.816316560820712e-05
0.000810942843185149
3.419638495359062e-05
0.0008646800195407913
4.885197850512945e-06
0.0008842208109428432
-9.281875915974596e-05
0.0008842208109428432
2.442598925256473e-05
0.0008011724474841231
-0.00010258915486077186
0.0006692721055202736
-0.00018563751831949193
0.0007572056668295066
6.839276990718124e-05
0.000815828041035662
-1.954079140205178e-05
0.0009721543722520762
9.77039570102589e-06
0.0008793356130923302
-0.0001612115290669272
0.000986809965803615
-9.770395701025892e-05
0.0008646800195407913
3.908158280410356e-05
0.0009770395701025891
-4.396678065461651e-05
0.0010161211529066928
-7.816316560820712e-05
0.000893991206643869
-0.00013678553981436248
0.0007181240840254031
0.00014655593551538836
0.0008793356130923302
0.00022960429897410844
0.0007962872496336101
-2.442598925256473e-05
0.0009233023937469467
-1.4655593551538837e-05
0.0009233023937469467
-4.885197850512945e-06
0.0010161211529066928
2.9311187103077675e-05
0.0007767464582315583
-6.839276990718124e-05
0.0010552027357107962
-4.885197850512946e-05
0.0009379579872984856
3.908158280410356e-05
0.0010210063507572057
-4.885197850512946e-05
0.0008451392281387396
-4.396678065461651e-05
0.0009086468001954079
-7.327796775769418e-05
0.0009965803615046408
0.00013190034196384952
0.000986809965803615
-0.00021006350757205668
0.0008646800195407913
-1.4655593551538837e-05
0.0008842208109428432
-3.908158280410356e-05
0.0007767464582315583
-7.816316560820712e-05
0.0007914020517830972
-0.0001612115290669272
0.0009965803615046408
-6.35075720566683e-05
0.0009623839765510503
0.00010258915486077186
0.0009721543722520762
-5.37371763556424e-05
0.0007962872496336101
-3.908158280410356e-05
0.001084513922813874
-1.954079140205178e-05
0.0009281875915974596
2.442598925256473e-05
0.0010063507572056667
-0.00011235955056179774
0.0008842208109428432
4.885197850512945e-06
0.0007523204689789937
-9.770395701025892e-05
0.0008891060087933561
4.885197850512946e-05
0.0009526135808500244
-1.954079140205178e-05
0.0008304836345872007
9.77039570102589e-06
0.0008353688324377137
-6.35075720566683e-05
0.0009135319980459208
4.396678065461651e-05
0.0009330727894479727
-0.00015632633121641425
0.001064973131411822
3.908158280410356e-05
0.0009135319980459208
-0.00011235955056179774
0.0009721543722520762
-2.9311187103077675e-05
0.0008597948216902784
-5.862237420615535e-05
0.0008304836345872007
-5.37371763556424e-05
0.0009330727894479727
0.00012212994626282364
0.0010698583292623352
-4.396678065461651e-05
0.0008304836345872007
-0.00013678553981436248
0.0009477283829995114
-0.00012212994626282364
0.0009428431851489985
7.816316560820712e-05
0.0008695652173913043
3.419638495359062e-05
0.0008304836345872007
-0.00014167073766487544
0.0009184171958964338
2.442598925256473e-05
0.0009526135808500244
-5.37371763556424e-05
0.0008402540302882267
-0.00011235955056179774
0.0009477283829995114
-0.00016609672691744016
0.0008842208109428432
-9.770395701025892e-05
0.0008646800195407913
-5.862237420615535e-05
0.0009526135808500244
5.862237420615535e-05
0.000981924767953102
-0.00014167073766487544
0.0010503175378602833
-3.419638495359062e-05
0.0009428431851489985
-0.00015632633121641425
0.0007523204689789937
9.77039570102589e-06
0.0007767464582315583
3.908158280410356e-05
0.000893991206643869
-0.0001172447484123107
0.0009233023937469467
-2.442598925256473e-05
0.0007718612603810454
1.954079140205178e-05
0.0009233023937469467
1.954079140205178e-05
0.0010210063507572057
-4.885197850512945e-06
0.0008500244259892526
-9.281875915974596e-05
0.0006790425012212994
-9.77039570102589e-06
0.0007816316560820713
-0.00019052271617000488
0.0009379579872984856
-2.9311187103077675e-05
0.000806057645334636
-0.00014167073766487544
0.0009965803615046408
-9.281875915974596e-05
0.0009233023937469467
-8.304836345872008e-05
0.000898876404494382
-9.77039570102589e-06
0.0007767464582315583
9.77039570102589e-06
0.0009623839765510503
4.885197850512946e-05
0.0007620908646800195
-8.304836345872008e-05
0.0009477283829995114
3.908158280410356e-05
0.0008793356130923302
4.885197850512945e-06
0.0010112359550561798
0.00014167073766487544
0.0008793356130923302
8.793356130923302e-05
0.000815828041035662
-5.37371763556424e-05
0.0007816316560820713
0.00014167073766487544
0.0008646800195407913
9.281875915974596e-05
0.0009184171958964338
-8.793356130923302e-05
0.0008011724474841231
-8.304836345872008e-05
0.0009330727894479727
0.00013190034196384952
0.0009330727894479727
5.862237420615535e-05
0.0007962872496336101
-9.770395701025892e-05
0.0007572056668295066
-0.00014167073766487544
0.0008549096238397655
9.77039570102589e-06
0.0011235955056179774
-8.793356130923302e-05
0.000815828041035662
3.419638495359062e-05
0.0009233023937469467
4.885197850512945e-06
0.0007376648754274548
-7.816316560820712e-05
0.0009477283829995114
-4.885197850512946e-05
0.0008646800195407913
-6.839276990718124e-05
0.0009379579872984856
8.304836345872008e-05
0.000815828041035662
4.885197850512945e-06
0.0008695652173913043
-6.839276990718124e-05
0.0009721543722520762
-0.00012212994626282364
0.0009574987787005373
2.442598925256473e-05
0.000815828041035662
-2.442598925256473e-05
0.0008549096238397655
-1.954079140205178e-05
0.000898876404494382
-0.00015632633121641425
0.0007767464582315583
4.885197850512945e-06
0.0008744504152418173
-4.396678065461651e-05
0.000903761602344895
2.9311187103077675e-05
0.0008304836345872007
1.954079140205178e-05
0.0007816316560820713
-4.396678065461651e-05
0.000981924767953102
-0.00013678553981436248
0.0009770395701025891
-1.4655593551538837e-05
0.0009233023937469467
9.281875915974596e-05
0.0009721543722520762
-4.396678065461651e-05
0.0007572056668295066
4.885197850512945e-06
0.0010112359550561798
-5.37371763556424e-05
0.0009379579872984856
-0.00013678553981436248
0.0008695652173913043
2.9311187103077675e-05
0.000903761602344895
-2.9311187103077675e-05
0.0008255984367366878
-3.419638495359062e-05
0.0008891060087933561
-7.327796775769418e-05
0.0009526135808500244
-4.885197850512945e-06
0.0010552027357107962
5.37371763556424e-05
0.0009428431851489985
-0.00012212994626282364
0.0008744504152418173
-2.9311187103077675e-05
0.0009233023937469467
-0.0001172447484123107
0.0007474352711284806
-9.77039570102589e-06
0.0009379579872984856
-9.77039570102589e-06
0.0008255984367366878
-5.862237420615535e-05
0.0009184171958964338
0.0
0.0008695652173913043
-4.885197850512946e-05
0.0008744504152418173
-1.4655593551538837e-05
0.0009770395701025891
-6.839276990718124e-05
0.0010258915486077186
-0.00014167073766487544
0.0007718612603810454
-0.000180752320468979
0.0008353688324377137
3.908158280410356e-05
0.0009379579872984856
-2.9311187103077675e-05
0.0011333659013190035
5.862237420615535e-05
0.000903761602344895
4.885197850512946e-05
0.0009330727894479727
-0.00010258915486077186
0.0009281875915974596
-4.396678065461651e-05
0.0008744504152418173
-0.00014167073766487544
0.0009965803615046408
3.908158280410356e-05
0.0010747435271128481
3.419638495359062e-05
0.0008597948216902784
4.885197850512946e-05
0.0008842208109428432
7.327796775769418e-05
0.0009233023937469467
1.4655593551538837e-05
0.0010600879335613091
0.0
0.0009281875915974596
4.396678065461651e-05
0.0010747435271128481
-5.37371763556424e-05
0.0009086468001954079
2.9311187103077675e-05
0.001079628724963361
2.9311187103077675e-05
0.0008402540302882267
-3.908158280410356e-05
0.001079628724963361
-3.908158280410356e-05
0.0008549096238397655
-6.35075720566683e-05
0.0008744504152418173
-7.327796775769418e-05
0.001084513922813874
-2.9311187103077675e-05
0.0010503175378602833
-3.908158280410356e-05
0.0009184171958964338
-5.37371763556424e-05
0.000903761602344895
0.00019540791402051784
0.0008451392281387396
-6.35075720566683e-05
0.0009379579872984856
6.35075720566683e-05
0.0010210063507572057
-5.37371763556424e-05
0.0008549096238397655
-9.281875915974596e-05
0.0010552027357107962
-4.396678065461651e-05
0.0007181240840254031
-6.35075720566683e-05
0.0008744504152418173
-7.816316560820712e-05
0.0009770395701025891
0.00013678553981436248
0.000898876404494382
0.0001172447484123107
0.0008744504152418173
6.839276990718124e-05
0.0007865168539325843
-4.885197850512945e-06
0.0008549096238397655
-5.862237420615535e-05
0.0008842208109428432
-6.839276990718124e-05
0.0007669760625305325
0.00010258915486077186
0.000815828041035662
-2.442598925256473e-05
0.0008744504152418173
-9.77039570102589e-06
0.0010600879335613091
-0.00011235955056179774
0.0007865168539325843
0.00013678553981436248
0.0007865168539325843
8.793356130923302e-05
0.0010063507572056667
-2.442598925256473e-05
0.0007327796775769418
1.4655593551538837e-05
0.0007962872496336101
-6.839276990718124e-05
0.0008597948216902784
2.9311187103077675e-05
0.0006936980947728383
2.442598925256473e-05
0.0010112359550561798
-0.000180752320468979
0.0008549096238397655
6.35075720566683e-05
0.0008011724474841231
-0.0002149487054225696
0.0008891060087933561
-4.885197850512945e-06
0.0009086468001954079
-0.00012212994626282364
0.0008207132388861749
-5.862237420615535e-05
0.0007034684904738642
9.77039570102589e-06
0.0008891060087933561
-3.908158280410356e-05
0.0009477283829995114
3.908158280410356e-05
0.0008646800195407913
1.4655593551538837e-05
0.0007034684904738642
-0.00013190034196384952
0.0008402540302882267
-8.793356130923302e-05
0.000991695163654128
9.77039570102589e-06
0.0010356619443087445
-7.327796775769418e-05
0.0010405471421592574
2.9311187103077675e-05
0.0008255984367366878
-0.0001074743527112848
0.0010405471421592574
4.885197850512945e-06
0.0008011724474841231
9.77039570102589e-06
0.000893991206643869
0.0001074743527112848
0.0008011724474841231
-0.0001074743527112848
0.001064973131411822
-0.0001074743527112848
0.0009233023937469467
-2.9311187103077675e-05
0.0008842208109428432
-4.885197850512946e-05
0.0008304836345872007
3.908158280410356e-05
0.0007767464582315583
-7.327796775769418e-05
0.0009770395701025891
-3.419638495359062e-05
0.0007718612603810454
-9.281875915974596e-05
0.0009281875915974596
6.839276990718124e-05
0.0007962872496336101
-0.0002442598925256473
0.000893991206643869
6.839276990718124e-05
0.0009526135808500244
-0.00016609672691744016
0.0008793356130923302
8.793356130923302e-05
0.0008549096238397655
-1.954079140205178e-05
0.0008011724474841231
7.327796775769418e-05
0.001089399120664387
0.00015144113336590132
0.0008353688324377137
-7.816316560820712e-05
0.0008695652173913043
-4.396678065461651e-05
0.0010014655593551538
-0.00016609672691744016
0.0008304836345872007
-4.885197850512946e-05
0.0008793356130923302
-0.00015632633121641425
0.0007767464582315583
-0.00014655593551538836
0.0006546165119687347
-4.885197850512945e-06
0.0010063507572056667
-7.327796775769418e-05
0.000898876404494382
-0.00011235955056179774
0.0008891060087933561
8.793356130923302e-05
0.0009526135808500244
4.885197850512945e-06
0.0009135319980459208
-2.442598925256473e-05
