0.0008549096238397655
-6.839276990718124e-05
0.0008695652173913043
8.304836345872008e-05
0.0009574987787005373
-0.0001612115290669272
0.0007914020517830972
0.0
0.0007718612603810454
3.419638495359062e-05
0.0009281875915974596
-9.77039570102589e-06
0.0007572056668295066
-4.885197850512946e-05
0.0009135319980459208
5.862237420615535e-05
0.0008451392281387396
-2.9311187103077675e-05
0.0008646800195407913
0.0
0.0009477283829995114
-8.793356130923302e-05
0.0009477283829995114
-0.00013190034196384952
0.000986809965803615
4.885197850512945e-06
0.0009379579872984856
-1.4655593551538837e-05
0.000986809965803615
-5.862237420615535e-05
0.0008597948216902784
-5.37371763556424e-05
0.0008451392281387396
1.954079140205178e-05
0.0008842208109428432
-0.0002247191011235955
0.0007718612603810454
2.442598925256473e-05
0.0007767464582315583
-0.0002149487054225696
0.0008011724474841231
-0.00015632633121641425
0.0007083536883243771
-0.00012212994626282364
0.0009379579872984856
-4.396678065461651e-05
0.0010942843185148998
-8.304836345872008e-05
0.0010258915486077186
0.0001074743527112848
0.0009526135808500244
-9.281875915974596e-05
0.0007620908646800195
-0.0001270151441133366
0.000903761602344895
-0.00010258915486077186
0.000898876404494382
-7.816316560820712e-05
0.0010014655593551538
-7.327796775769418e-05
0.0009086468001954079
-4.885197850512946e-05
0.0008353688324377137
-4.396678065461651e-05
0.0009672691744015633
-6.839276990718124e-05
0.0009379579872984856
4.885197850512945e-06
0.0009770395701025891
-4.885197850512946e-05
0.0008695652173913043
0.00010258915486077186
0.0008353688324377137
6.839276990718124e-05
0.0009330727894479727
-1.954079140205178e-05
0.0010063507572056667
-0.0001172447484123107
0.0007181240840254031
-4.396678065461651e-05
0.0009086468001954079
-3.908158280410356e-05
0.0009184171958964338
-7.816316560820712e-05
0.0009379579872984856
-6.35075720566683e-05
0.0009330727894479727
-0.0001270151441133366
0.0008597948216902784
-0.00013190034196384952
0.0008549096238397655
5.862237420615535e-05
0.0008597948216902784
-3.419638495359062e-05
0.0009330727894479727
-0.00011235955056179774
0.0010014655593551538
-3.908158280410356e-05
0.0010552027357107962
-3.908158280410356e-05
0.0008646800195407913
-6.35075720566683e-05
0.0007572056668295066
5.862237420615535e-05
0.0010454323400097703
-2.9311187103077675e-05
0.0007962872496336101
4.885197850512946e-05
0.0007083536883243771
-4.885197850512945e-06
0.0007767464582315583
-7.327796775769418e-05
0.0009086468001954079
-1.4655593551538837e-05
0.0008891060087933561
9.281875915974596e-05
0.0009526135808500244
-9.77039570102589e-06
0.000810942843185149
-4.396678065461651e-05
0.0008451392281387396
-5.37371763556424e-05
0.000903761602344895
2.9311187103077675e-05
0.0007767464582315583
-5.37371763556424e-05
0.0008402540302882267
9.281875915974596e-05
0.0009233023937469467
6.35075720566683e-05
0.000815828041035662
2.442598925256473e-05
0.0008744504152418173
-9.281875915974596e-05
0.0009379579872984856
7.816316560820712e-05
0.001064973131411822
-0.0001709819247679531
0.0008255984367366878
-9.770395701025892e-05
0.0008353688324377137
5.862237420615535e-05
0.0006741573033707865
-0.00015144113336590132
0.0008842208109428432
-0.00020517830972154372
0.0008304836345872007
5.862237420615535e-05
0.0010258915486077186
1.4655593551538837e-05
0.0007914020517830972
-0.000180752320468979
0.0007767464582315583
5.37371763556424e-05
0.0010014655593551538
-7.327796775769418e-05
0.0008402540302882267
-2.9311187103077675e-05
0.0009379579872984856
-7.327796775769418e-05
0.0008549096238397655
-0.00021983390327308256
0.000806057645334636
7.327796775769418e-05
0.000903761602344895
-5.37371763556424e-05
0.0008891060087933561
-0.00010258915486077186
0.000815828041035662
-0.0001172447484123107
0.0007327796775769418
-0.00019540791402051784
0.0008744504152418173
0.0001612115290669272
0.0007620908646800195
-0.00013190034196384952
0.0009721543722520762
3.908158280410356e-05
0.0007865168539325843
-0.00014167073766487544
0.0007914020517830972
4.885197850512946e-05
0.0008304836345872007
1.954079140205178e-05
0.0007181240840254031
-3.908158280410356e-05
0.000893991206643869
-5.37371763556424e-05
0.0009281875915974596
9.77039570102589e-06
0.0007376648754274548
-0.0001270151441133366
0.0007767464582315583
-7.816316560820712e-05
0.0007718612603810454
5.37371763556424e-05
0.0008646800195407913
3.908158280410356e-05
0.0007669760625305325
0.0
0.0009770395701025891
-0.00014167073766487544
0.0007572056668295066
-8.793356130923302e-05
0.0010405471421592574
7.327796775769418e-05
0.000903761602344895
-5.862237420615535e-05
0.0006936980947728383
-0.0002247191011235955
0.0008549096238397655
-8.793356130923302e-05
0.0006839276990718123
-6.839276990718124e-05
0.0007669760625305325
-0.00015144113336590132
0.0007425500732779677
-0.00014167073766487544
0.0007767464582315583
-0.00015144113336590132
0.000893991206643869
-0.00014167073766487544
0.0008304836345872007
-0.0002149487054225696
0.0010161211529066928
-8.793356130923302e-05
0.0009721543722520762
-0.00015144113336590132
0.0008402540302882267
-3.419638495359062e-05
0.0009184171958964338
-7.816316560820712e-05
0.0007669760625305325
-0.00017586712261846604
0.0008597948216902784
-0.00013190034196384952
0.000893991206643869
-5.862237420615535e-05
0.0008402540302882267
1.954079140205178e-05
0.0007962872496336101
7.816316560820712e-05
0.0008597948216902784
2.442598925256473e-05
0.0007620908646800195
-2.9311187103077675e-05
0.0008695652173913043
6.839276990718124e-05
0.0006595017098192477
4.396678065461651e-05
0.0009086468001954079
2.9311187103077675e-05
0.0007327796775769418
-0.00019540791402051784
0.0008597948216902784
-5.37371763556424e-05
0.0008793356130923302
7.816316560820712e-05
0.0008597948216902784
-8.304836345872008e-05
0.0008597948216902784
-0.00020517830972154372
0.0005569125549584758
1.4655593551538837e-05
0.000815828041035662
-0.0001612115290669272
0.0010552027357107962
0.0
0.0007474352711284806
-9.770395701025892e-05
0.000898876404494382
-4.396678065461651e-05
0.0005715681485100147
-0.00011235955056179774
0.0009135319980459208
9.77039570102589e-06
0.0008500244259892526
0.0
0.0008402540302882267
-0.0001074743527112848
0.0007572056668295066
-6.839276990718124e-05
0.0009184171958964338
0.0001074743527112848
0.0009086468001954079
-0.00015144113336590132
0.000991695163654128
-6.35075720566683e-05
0.0007425500732779677
-7.816316560820712e-05
0.0009672691744015633
-0.0001074743527112848
0.0007767464582315583
-8.793356130923302e-05
0.0008793356130923302
-0.00021983390327308256
0.0009428431851489985
2.9311187103077675e-05
0.0007278944797264289
-7.816316560820712e-05
0.0008646800195407913
-4.885197850512945e-06
0.0009330727894479727
-4.885197850512945e-06
0.0008891060087933561
-1.4655593551538837e-05
0.0009770395701025891
4.885197850512946e-05
0.0007083536883243771
0.0001270151441133366
0.0008451392281387396
3.908158280410356e-05
0.0009281875915974596
5.37371763556424e-05
0.000806057645334636
-9.770395701025892e-05
0.0008793356130923302
2.442598925256473e-05
0.0009330727894479727
-3.419638495359062e-05
0.0009477283829995114
-1.954079140205178e-05
0.000903761602344895
-0.00010258915486077186
0.0009526135808500244
1.4655593551538837e-05
0.0009184171958964338
4.885197850512945e-06
0.000815828041035662
-4.885197850512946e-05
0.0009379579872984856
-7.816316560820712e-05
0.000806057645334636
2.9311187103077675e-05
0.0008695652173913043
-6.839276990718124e-05
0.000815828041035662
-5.37371763556424e-05
0.000903761602344895
-6.839276990718124e-05
0.0009526135808500244
8.304836345872008e-05
0.000903761602344895
-8.304836345872008e-05
0.0009574987787005373
-0.00014167073766487544
0.0009672691744015633
-0.000180752320468979
0.000981924767953102
0.0
0.0007034684904738642
1.4655593551538837e-05
0.0009281875915974596
4.885197850512946e-05
0.0008891060087933561
-0.0001172447484123107
0.0008646800195407913
5.862237420615535e-05
0.000723009281875916
-3.419638495359062e-05
0.0009721543722520762
-0.00015632633121641425
0.0007718612603810454
-7.327796775769418e-05
0.0009672691744015633
-0.00011235955056179774
0.0010063507572056667
5.37371763556424e-05
0.0008597948216902784
-5.862237420615535e-05
0.000806057645334636
-6.839276990718124e-05
0.0007083536883243771
-6.35075720566683e-05
0.0010063507572056667
1.4655593551538837e-05
0.0007669760625305325
3.908158280410356e-05
0.0007474352711284806
-3.908158280410356e-05
0.0009477283829995114
-4.885197850512945e-06
0.0007181240840254031
0.0002149487054225696
0.000903761602344895
-1.4655593551538837e-05
0.0008451392281387396
-4.885197850512945e-06
0.0007816316560820713
-8.304836345872008e-05
0.0008597948216902784
-0.00011235955056179774
0.0007376648754274548
0.000180752320468979
0.0007816316560820713
-0.000361504640937958
0.0010014655593551538
-4.885197850512946e-05
0.0008451392281387396
-0.00013190034196384952
0.000806057645334636
-0.0003321934538348803
0.000986809965803615
-0.0001074743527112848
0.0008793356130923302
-4.885197850512945e-06
0.0008793356130923302
0.00010258915486077186
0.0010112359550561798
-5.862237420615535e-05
0.000898876404494382
-0.0001709819247679531
0.0007376648754274548
-3.908158280410356e-05
0.000903761602344895
-0.00013678553981436248
0.0007914020517830972
4.885197850512945e-06
0.0008842208109428432
-1.4655593551538837e-05
0.000981924767953102
-4.885197850512945e-06
0.0010014655593551538
0.0
0.0008842208109428432
-3.419638495359062e-05
0.000991695163654128
-1.4655593551538837e-05
0.000898876404494382
-0.00012212994626282364
0.0009623839765510503
-0.0002247191011235955
0.0008695652173913043
0.0
0.0007669760625305325
-1.4655593551538837e-05
0.0007962872496336101
4.396678065461651e-05
0.0008500244259892526
-0.0002784562774792379
0.0006399609184171959
-8.793356130923302e-05
0.0006985832926233512
-1.4655593551538837e-05
0.0010503175378602833
7.816316560820712e-05
0.0009135319980459208
-8.304836345872008e-05
0.0008793356130923302
-0.00010258915486077186
0.0008304836345872007
-1.954079140205178e-05
0.0007620908646800195
-6.839276990718124e-05
0.0010307767464582316
-9.77039570102589e-06
0.0010014655593551538
-4.885197850512945e-06
0.0008891060087933561
-0.0001709819247679531
0.0008402540302882267
-0.00010258915486077186
0.000723009281875916
6.35075720566683e-05
0.0009233023937469467
4.396678065461651e-05
0.0008207132388861749
0.0001172447484123107
0.0008549096238397655
-3.419638495359062e-05
0.0009526135808500244
-1.4655593551538837e-05
0.0008597948216902784
-4.885197850512946e-05
0.000903761602344895
-0.00011235955056179774
0.0009135319980459208
-9.281875915974596e-05
0.0008402540302882267
-4.885197850512946e-05
0.000815828041035662
-0.00018563751831949193
0.0009477283829995114
-5.862237420615535e-05
0.000981924767953102
-0.00015144113336590132
0.000903761602344895
-0.00013678553981436248
0.0008011724474841231
-7.327796775769418e-05
0.0007669760625305325
-0.0002344894968246214
0.0007816316560820713
-9.77039570102589e-06
0.000986809965803615
3.419638495359062e-05
0.0009233023937469467
-5.37371763556424e-05
0.0008402540302882267
-8.304836345872008e-05
0.0009721543722520762
-0.00016609672691744016
0.0008744504152418173
0.00010258915486077186
0.0010405471421592574
-0.00017586712261846604
0.0008646800195407913
6.35075720566683e-05
0.0009086468001954079
-0.0001612115290669272
0.0007327796775769418
-0.00014655593551538836
0.0007278944797264289
-0.00019540791402051784
0.0008695652173913043
7.327796775769418e-05
0.0010063507572056667
-0.00015144113336590132
0.0009135319980459208
-0.0001612115290669272
0.0008793356130923302
-0.00016609672691744016
0.0008451392281387396
1.954079140205178e-05
0.000898876404494382
-5.862237420615535e-05
0.000815828041035662
4.885197850512946e-05
0.000903761602344895
-0.00019540791402051784
0.0008255984367366878
-0.00013190034196384952
0.0008353688324377137
-1.954079140205178e-05
0.0008744504152418173
-8.304836345872008e-05
0.0009623839765510503
-5.37371763556424e-05
0.0009135319980459208
-0.00011235955056179774
0.0008646800195407913
-0.0001172447484123107
0.0009477283829995114
2.9311187103077675e-05
0.0007865168539325843
-7.816316560820712e-05
0.0009281875915974596
2.442598925256473e-05
0.000903761602344895
-9.281875915974596e-05
0.0009086468001954079
1.4655593551538837e-05
0.0006985832926233512
-0.0001172447484123107
0.000893991206643869
-1.954079140205178e-05
0.0008353688324377137
1.4655593551538837e-05
0.0008304836345872007
1.4655593551538837e-05
0.0008891060087933561
-3.419638495359062e-05
0.0008011724474841231
2.442598925256473e-05
0.0008891060087933561
4.396678065461651e-05
0.000903761602344895
-5.862237420615535e-05
0.0008646800195407913
-4.396678065461651e-05
0.0009086468001954079
9.77039570102589e-06
0.000625305324865657
-1.954079140205178e-05
0.0010307767464582316
4.885197850512946e-05
0.0008842208109428432
-4.885197850512945e-06
0.0010210063507572057
0.0
0.0009574987787005373
-2.9311187103077675e-05
0.0008744504152418173
0.0
0.0010307767464582316
-0.00016609672691744016
0.0007767464582315583
-0.0001270151441133366
0.0008402540302882267
-0.0001172447484123107
0.0010014655593551538
-0.0001709819247679531
0.0009086468001954079
-2.9311187103077675e-05
0.0007914020517830972
-0.00013190034196384952
0.0010356619443087445
0.0
0.0008451392281387396
9.77039570102589e-06
0.0008402540302882267
-0.00015632633121641425
0.0008402540302882267
0.0
0.000806057645334636
-0.00016609672691744016
0.0009086468001954079
-0.00010258915486077186
0.0006936980947728383
5.37371763556424e-05
0.0007865168539325843
-0.00015144113336590132
0.0008891060087933561
-4.885197850512946e-05
0.0008500244259892526
-6.839276990718124e-05
0.0009086468001954079
9.77039570102589e-06
0.0008549096238397655
-8.304836345872008e-05
0.0009184171958964338
-8.304836345872008e-05
0.0008744504152418173
-6.839276990718124e-05
0.000991695163654128
-0.0001612115290669272
0.0010014655593551538
-0.00011235955056179774
0.0009770395701025891
-0.0001270151441133366
0.0007865168539325843
-4.885197850512946e-05
0.0006888128969223254
-0.00018563751831949193
0.0007767464582315583
-0.00018563751831949193
0.0010210063507572057
-0.00012212994626282364
0.000893991206643869
4.885197850512945e-06
0.0009428431851489985
-4.885197850512945e-06
0.0008842208109428432
-6.839276990718124e-05
0.0007767464582315583
-1.4655593551538837e-05
0.0008793356130923302
-4.885197850512945e-06
0.0009086468001954079
-0.0002442598925256473
0.0009281875915974596
-3.419638495359062e-05
0.000991695163654128
-8.304836345872008e-05
0.0009721543722520762
-0.00019052271617000488
0.000898876404494382
-5.862237420615535e-05
0.0008549096238397655
-0.0002344894968246214
0.000898876404494382
4.396678065461651e-05
0.0008451392281387396
5.862237420615535e-05
0.000991695163654128
5.37371763556424e-05
0.000986809965803615
-9.770395701025892e-05
0.0008646800195407913
-6.839276990718124e-05
0.0009233023937469467
-0.0002247191011235955
0.0007767464582315583
7.816316560820712e-05
0.0009184171958964338
-0.00010258915486077186
0.0009281875915974596
-0.00013678553981436248
0.0008842208109428432
-7.327796775769418e-05
0.0009526135808500244
-4.396678065461651e-05
0.0008255984367366878
-4.885197850512946e-05
0.0009477283829995114
-0.0001074743527112848
0.0010258915486077186
-4.885197850512945e-06
0.0008451392281387396
9.77039570102589e-06
0.0009623839765510503
-0.0002784562774792379
0.0008255984367366878
-6.35075720566683e-05
0.000986809965803615
-0.00013678553981436248
0.000806057645334636
4.885197850512946e-05
0.000991695163654128
-9.281875915974596e-05
0.0007572056668295066
-6.839276990718124e-05
0.000723009281875916
-1.4655593551538837e-05
0.000893991206643869
-3.908158280410356e-05
0.0009672691744015633
-3.419638495359062e-05
0.0008353688324377137
-2.9311187103077675e-05
0.0008207132388861749
-0.00012212994626282364
0.0007718612603810454
-7.327796775769418e-05
0.000815828041035662
-0.00020029311187103076
0.000903761602344895
0.0
0.0007474352711284806
-4.885197850512945e-06
0.0009428431851489985
-6.839276990718124e-05
0.0007620908646800195
1.4655593551538837e-05
0.0008597948216902784
-0.00017586712261846604
0.000981924767953102
-5.862237420615535e-05
0.000903761602344895
-9.770395701025892e-05
0.000898876404494382
-0.00015632633121641425
0.0008255984367366878
2.9311187103077675e-05
0.0007620908646800195
-0.00023937469467513433
0.0008402540302882267
0.00015632633121641425
0.0008402540302882267
-8.793356130923302e-05
0.0009672691744015633
4.396678065461651e-05
0.0006839276990718123
3.419638495359062e-05
0.0008255984367366878
-3.419638495359062e-05
0.0009135319980459208
-0.00016609672691744016
0.000893991206643869
-2.442598925256473e-05
0.0010258915486077186
-5.862237420615535e-05
0.0009281875915974596
-1.954079140205178e-05
0.0009233023937469467
-0.0001270151441133366
0.0010307767464582316
-9.281875915974596e-05
0.0008255984367366878
-0.0001074743527112848
0.0008451392281387396
-0.00020029311187103076
0.0007816316560820713
-0.00013678553981436248
0.0007767464582315583
-0.00026868588177821203
0.0009086468001954079
-6.839276990718124e-05
0.0008793356130923302
1.4655593551538837e-05
0.0008891060087933561
-4.396678065461651e-05
0.0008793356130923302
7.327796775769418e-05
0.0008744504152418173
-0.00021006350757205668
0.0009184171958964338
-0.0001172447484123107
0.000893991206643869
-0.00016609672691744016
0.0010014655593551538
-0.00021983390327308256
0.0008891060087933561
1.4655593551538837e-05
0.0009428431851489985
-0.00012212994626282364
0.0010014655593551538
-9.770395701025892e-05
0.0008744504152418173
-9.77039570102589e-06
0.0008695652173913043
-0.00016609672691744016
0.000815828041035662
-9.770395701025892e-05
0.0008842208109428432
-3.419638495359062e-05
0.0009086468001954079
-6.839276990718124e-05
0.0008255984367366878
-0.00021983390327308256
0.0008793356130923302
-6.839276990718124e-05
0.000723009281875916
-4.396678065461651e-05
0.000898876404494382
-4.885197850512946e-05
0.0010698583292623352
-4.885197850512945e-06
0.0009135319980459208
-5.862237420615535e-05
0.0008402540302882267
-0.00019052271617000488
0.0007914020517830972
3.419638495359062e-05
0.0009281875915974596
-3.908158280410356e-05
0.0008793356130923302
-0.00015632633121641425
0.000806057645334636
-3.908158280410356e-05
0.0009623839765510503
-5.37371763556424e-05
0.0008500244259892526
0.00012212994626282364
0.0010161211529066928
-8.304836345872008e-05
0.0009184171958964338
-4.885197850512946e-05
0.0009330727894479727
-0.00023937469467513433
0.000898876404494382
-0.00016609672691744016
0.0009184171958964338
-1.4655593551538837e-05
0.0006888128969223254
-0.00013678553981436248
0.0009184171958964338
-5.37371763556424e-05
0.000991695163654128
-0.000180752320468979
0.0006985832926233512
-0.000180752320468979
0.0009086468001954079
-0.00027357107962872496
0.0009281875915974596
2.442598925256473e-05
0.000893991206643869
-8.793356130923302e-05
0.0009281875915974596
-7.327796775769418e-05
0.0006888128969223254
-0.000180752320468979
0.000898876404494382
-0.00013190034196384952
0.0011187103077674645
-2.9311187103077675e-05
0.0008842208109428432
-0.00016609672691744016
0.0009574987787005373
-8.793356130923302e-05
0.0007327796775769418
-0.0001270151441133366
0.0007767464582315583
-8.793356130923302e-05
0.0009281875915974596
-0.0002247191011235955
0.0008402540302882267
0.0
0.000991695163654128
-9.770395701025892e-05
0.0009477283829995114
-0.00011235955056179774
0.0008842208109428432
4.885197850512945e-06
0.0009965803615046408
-2.442598925256473e-05
0.0008451392281387396
-7.816316560820712e-05
0.0008646800195407913
-0.00016609672691744016
0.0009233023937469467
-0.00019052271617000488
0.000806057645334636
-4.396678065461651e-05
0.0009477283829995114
-0.00015632633121641425
0.0009428431851489985
-7.816316560820712e-05
0.0008255984367366878
-4.885197850512945e-06
0.000981924767953102
-4.885197850512946e-05
0.00071323888617489
-0.0001709819247679531
0.0007425500732779677
-0.0001612115290669272
0.0008500244259892526
0.0
0.0006546165119687347
-0.00014167073766487544
0.0008500244259892526
-9.77039570102589e-06
0.0007278944797264289
3.908158280410356e-05
0.0008011724474841231
-4.885197850512946e-05
0.0009086468001954079
0.0
0.0007767464582315583
0.0
0.000981924767953102
-8.304836345872008e-05
0.0008646800195407913
-8.304836345872008e-05
0.0007914020517830972
-0.000180752320468979
0.000893991206643869
0.00012212994626282364
0.0010063507572056667
-0.00012212994626282364
0.0010210063507572057
-2.9311187103077675e-05
0.000810942843185149
-0.000180752320468979
0.0009477283829995114
-3.908158280410356e-05
0.0008207132388861749
-0.0001709819247679531
0.0007572056668295066
-7.327796775769418e-05
0.0008695652173913043
-5.37371763556424e-05
0.0008304836345872007
-7.327796775769418e-05
0.0009281875915974596
-0.00013190034196384952
0.0008597948216902784
2.442598925256473e-05
0.0007816316560820713
-0.00026380068392769905
0.0008500244259892526
-0.0002344894968246214
0.0008695652173913043
-0.0001172447484123107
0.0008353688324377137
-2.9311187103077675e-05
0.0009086468001954079
-2.442598925256473e-05
0.0008842208109428432
-5.37371763556424e-05
0.0006497313141182217
-0.00014167073766487544
0.0008597948216902784
2.9311187103077675e-05
0.0008500244259892526
-0.00020029311187103076
0.0008646800195407913
-0.0001270151441133366
0.0009721543722520762
-0.00019540791402051784
0.0010307767464582316
-0.00015632633121641425
0.0008695652173913043
4.885197850512946e-05
0.0010063507572056667
-0.0002149487054225696
0.0010307767464582316
-3.419638495359062e-05
0.000903761602344895
-8.304836345872008e-05
0.0009330727894479727
-9.281875915974596e-05
0.0009770395701025891
0.00011235955056179774
0.0010503175378602833
-5.37371763556424e-05
0.0009233023937469467
-3.419638495359062e-05
0.0008451392281387396
-8.793356130923302e-05
0.0008744504152418173
-4.885197850512946e-05
0.0008207132388861749
-7.816316560820712e-05
0.0009770395701025891
-9.281875915974596e-05
0.0009574987787005373
-0.00013678553981436248
0.0008255984367366878
-7.327796775769418e-05
0.0007327796775769418
-0.000180752320468979
0.0009721543722520762
-0.00012212994626282364
0.0009184171958964338
-0.00010258915486077186
0.001089399120664387
-9.77039570102589e-06
0.0008842208109428432
-8.793356130923302e-05
0.000810942843185149
-0.0001172447484123107
0.0009379579872984856
6.35075720566683e-05
0.0008402540302882267
0.0
0.0009770395701025891
-4.396678065461651e-05
0.0010063507572056667
-0.00016609672691744016
0.0008207132388861749
-0.0001270151441133366
0.000635075720566683
0.0001074743527112848
0.0007816316560820713
-0.00012212994626282364
0.0009379579872984856
-0.00012212994626282364
0.0009526135808500244
-2.9311187103077675e-05
0.0009477283829995114
-0.0001612115290669272
0.000806057645334636
-0.0001612115290669272
0.0007816316560820713
-7.327796775769418e-05
0.0008304836345872007
6.35075720566683e-05
0.0008207132388861749
-3.419638495359062e-05
0.0008500244259892526
-0.00030288226673180264
0.0006839276990718123
0.00011235955056179774
0.0009184171958964338
-0.00013678553981436248
0.0008500244259892526
-9.281875915974596e-05
0.000810942843185149
-0.00020517830972154372
0.0009184171958964338
-3.419638495359062e-05
0.0006839276990718123
2.9311187103077675e-05
0.0008500244259892526
-5.37371763556424e-05
0.000986809965803615
3.419638495359062e-05
0.0009330727894479727
-0.00015144113336590132
0.0007962872496336101
-0.00016609672691744016
0.0007914020517830972
-0.0001172447484123107
0.000991695163654128
-3.419638495359062e-05
0.0007572056668295066
-4.396678065461651e-05
0.0008255984367366878
4.885197850512945e-06
0.0008549096238397655
-0.0001074743527112848
0.00071323888617489
-6.839276990718124e-05
0.000898876404494382
-4.396678065461651e-05
0.0008304836345872007
3.419638495359062e-05
0.0009526135808500244
-0.00013190034196384952
0.0008597948216902784
-8.304836345872008e-05
0.0009574987787005373
0.0001709819247679531
0.0009770395701025891
-1.4655593551538837e-05
0.0008402540302882267
-0.00013190034196384952
0.0007718612603810454
-0.0001709819247679531
0.0008549096238397655
-7.327796775769418e-05
0.0007181240840254031
-1.954079140205178e-05
0.0009428431851489985
8.793356130923302e-05
0.0007914020517830972
-7.327796775769418e-05
0.0009233023937469467
4.396678065461651e-05
0.0009281875915974596
-9.281875915974596e-05
0.000815828041035662
-0.0001074743527112848
0.0009428431851489985
-8.304836345872008e-05
0.0007620908646800195
9.77039570102589e-06
0.0008255984367366878
-0.00013190034196384952
0.0007767464582315583
-9.77039570102589e-06
0.0007962872496336101
-7.327796775769418e-05
0.0009574987787005373
-0.00020517830972154372
0.000898876404494382
5.37371763556424e-05
0.000903761602344895
4.396678065461651e-05
0.000810942843185149
-8.793356130923302e-05
0.0007962872496336101
-5.37371763556424e-05
0.0008597948216902784
-4.885197850512946e-05
0.0009428431851489985
-4.396678065461651e-05
0.0008402540302882267
-9.770395701025892e-05
0.0008255984367366878
-7.816316560820712e-05
0.0008011724474841231
-9.281875915974596e-05
0.0008549096238397655
-0.00012212994626282364
0.0009526135808500244
0.0001074743527112848
0.0006692721055202736
-8.793356130923302e-05
0.0008891060087933561
-4.885197850512945e-06
0.0007181240840254031
3.419638495359062e-05
0.0008451392281387396
-3.419638495359062e-05
0.0008549096238397655
-0.0001172447484123107
0.0010356619443087445
9.77039570102589e-06
0.0009135319980459208
-0.0001270151441133366
0.0009379579872984856
0.00018563751831949193
0.0008402540302882267
-7.327796775769418e-05
0.0009477283829995114
-0.00011235955056179774
0.0009526135808500244
3.419638495359062e-05
0.0006936980947728383
1.4655593551538837e-05
0.0007669760625305325
-5.862237420615535e-05
0.0009135319980459208
-0.00012212994626282364
0.0008353688324377137
-9.770395701025892e-05
0.0007816316560820713
-6.839276990718124e-05
0.0007914020517830972
-8.793356130923302e-05
0.0006790425012212994
4.396678065461651e-05
0.0010454323400097703
-8.304836345872008e-05
0.0009574987787005373
9.281875915974596e-05
0.000893991206643869
-3.419638495359062e-05
0.0007327796775769418
-0.0001709819247679531
0.0007034684904738642
3.419638495359062e-05
0.0007962872496336101
8.304836345872008e-05
0.000815828041035662
-0.00015144113336590132
0.0009233023937469467
-0.0001172447484123107
0.0009233023937469467
-0.00013190034196384952
0.0008646800195407913
-8.793356130923302e-05
0.0011431362970200293
-5.37371763556424e-05
0.0008891060087933561
0.00013678553981436248
0.0010356619443087445
-0.00010258915486077186
0.0008402540302882267
-0.00017586712261846604
0.0008353688324377137
3.419638495359062e-05
0.000986809965803615
-2.442598925256473e-05
0.000981924767953102
-9.281875915974596e-05
0.0008207132388861749
-0.00014655593551538836
0.0009184171958964338
-9.281875915974596e-05
0.0008597948216902784
-9.770395701025892e-05
0.0010210063507572057
9.77039570102589e-06
0.0009233023937469467
-9.77039570102589e-06
0.0008646800195407913
-3.908158280410356e-05
0.0009477283829995114
2.9311187103077675e-05
0.0009526135808500244
-1.954079140205178e-05
0.0009574987787005373
-0.00019540791402051784
0.0008695652173913043
9.281875915974596e-05
0.0008402540302882267
-0.00012212994626282364
0.0007425500732779677
-0.00022960429897410844
0.0006057645334636053
-0.00013190034196384952
0.0009379579872984856
-0.00012212994626282364
0.0008646800195407913
-4.885197850512945e-06
0.0007914020517830972
-2.442598925256473e-05
0.0009281875915974596
-0.0001612115290669272
0.0008500244259892526
-0.00014167073766487544
0.000893991206643869
-4.396678065461651e-05
0.000806057645334636
-0.00020029311187103076
0.0009233023937469467
-3.908158280410356e-05
0.0008207132388861749
-0.0001270151441133366
0.000810942843185149
8.304836345872008e-05
0.000898876404494382
-0.00019540791402051784
0.0008451392281387396
2.9311187103077675e-05
0.0006595017098192477
-0.0001172447484123107
0.000981924767953102
-3.908158280410356e-05
0.0009086468001954079
-0.00012212994626282364
0.0009330727894479727
-0.0001270151441133366
0.0009672691744015633
-7.816316560820712e-05
0.0009184171958964338
-0.00010258915486077186
0.000806057645334636
-0.0001270151441133366
0.0007523204689789937
2.9311187103077675e-05
0.0008695652173913043
-0.00016609672691744016
0.000903761602344895
-0.0001270151441133366
0.0009086468001954079
-9.770395701025892e-05
0.0008353688324377137
-7.816316560820712e-05
0.0007816316560820713
-7.816316560820712e-05
0.000898876404494382
-0.00013678553981436248
0.0007669760625305325
-4.885197850512946e-05
0.0009428431851489985
-6.839276990718124e-05
0.0009135319980459208
-4.885197850512945e-06
0.0008891060087933561
-0.00013678553981436248
0.0008549096238397655
-0.00018563751831949193
0.000981924767953102
2.442598925256473e-05
0.0009233023937469467
2.9311187103077675e-05
0.0009184171958964338
-0.00017586712261846604
0.0008402540302882267
-6.35075720566683e-05
0.000991695163654128
2.9311187103077675e-05
0.0009477283829995114
-3.908158280410356e-05
0.0007034684904738642
1.954079140205178e-05
0.0009281875915974596
2.9311187103077675e-05
0.0008793356130923302
-5.37371763556424e-05
0.000981924767953102
-0.000180752320468979
0.000981924767953102
1.4655593551538837e-05
0.0009672691744015633
9.77039570102589e-06
0.000806057645334636
-0.0001172447484123107
0.0007376648754274548
-0.0001074743527112848
0.0008207132388861749
-4.885197850512946e-05
0.0008353688324377137
-0.00020517830972154372
0.0008646800195407913
-0.0001172447484123107
0.0008695652173913043
-9.281875915974596e-05
0.0009330727894479727
-0.00011235955056179774
0.0008891060087933561
3.908158280410356e-05
0.0009965803615046408
0.0
0.0007474352711284806
9.770395701025892e-05
0.0008793356130923302
-9.770395701025892e-05
0.0008891060087933561
-0.0001172447484123107
0.0009135319980459208
-4.885197850512946e-05
0.0007816316560820713
0.0001270151441133366
0.0007718612603810454
-2.442598925256473e-05
0.000986809965803615
-0.00027357107962872496
0.0007865168539325843
-4.396678065461651e-05
0.0009086468001954079
-1.954079140205178e-05
0.0008744504152418173
-2.442598925256473e-05
0.0008793356130923302
-6.839276990718124e-05
0.0007278944797264289
-8.304836345872008e-05
0.0009526135808500244
-9.77039570102589e-06
0.0009721543722520762
-0.00013190034196384952
0.0009379579872984856
-9.77039570102589e-06
0.0008695652173913043
7.816316560820712e-05
0.0008451392281387396
4.885197850512945e-06
0.0008549096238397655
0.00017586712261846604
0.0011431362970200293
3.419638495359062e-05
0.0010307767464582316
-6.35075720566683e-05
0.0008402540302882267
-2.442598925256473e-05
0.000810942843185149
-3.419638495359062e-05
0.0007572056668295066
1.4655593551538837e-05
0.000898876404494382
-0.00018563751831949193
0.0009623839765510503
-0.00015144113336590132
0.0010307767464582316
-6.35075720566683e-05
0.0007572056668295066
3.419638495359062e-05
0.000893991206643869
0.0001172447484123107
0.0009281875915974596
-2.9311187103077675e-05
0.0010552027357107962
0.00020517830972154372
0.0008451392281387396
-0.0002149487054225696
0.000810942843185149
-0.00017586712261846604
0.0008402540302882267
-7.327796775769418e-05
0.0009965803615046408
-0.0001074743527112848
0.000893991206643869
-3.908158280410356e-05
0.000815828041035662
0.00011235955056179774
0.0007278944797264289
-0.0001709819247679531
0.0009574987787005373
-6.35075720566683e-05
0.000810942843185149
-0.00020029311187103076
0.000893991206643869
0.004054714215925745
0.016878358573522226
0.018426966292134833
0.021206643869076697
0.019662921348314606
0.021700048851978505
0.019462628236443576
0.02175867122618466
0.019579872984855886
0.02164631167562286
0.01961895456765999
0.02191988275525159
0.01966780654616512
0.021924767953102102
0.019579872984855886
0.021807523204689788
0.0197361993160723
0.02212017586712262
0.019658036150464093
0.02208597948216903
0.019594528578407426
0.021787982413287738
0.019731314118221786
0.021885686370297995
0.019789936492427943
0.02172936003908158
0.019697117733268196
0.022061553492916462
0.019745969711773326
0.021968734733756715
0.019692232535417683
0.021929653150952615
0.01979970688812897
0.021963849535906202
0.019926722032242307
0.021924767953102102
0.019824132877381533
0.0220371275036639
0.01959941377625794
0.021958964338055692
0.019609184171958963
0.021968734733756715
0.019721543722520763
0.02193453834880313
0.019457743038593062
0.0217733268197362
0.0195847581827064
0.022032242305813386
0.019609184171958963
0.022066438690766976
0.019687347337567173
0.021885686370297995
0.019706888128969223
0.021807523204689788
0.019609184171958963
0.021778212017586715
0.019677576941866146
0.021900341963849535
0.019609184171958963
0.021993160723009286
0.019824132877381533
0.021846604787493895
0.01968246213971666
0.021895456765999022
0.019609184171958963
0.02182217879824133
0.01979970688812897
0.021998045920859795
0.019511480214948706
0.02193453834880313
0.019462628236443576
0.021807523204689788
0.019491939423546652
0.02191988275525159
0.019560332193453836
0.021885686370297995
0.019692232535417683
0.02201758671226185
0.019697117733268196
0.021895456765999022
0.01963361016121153
0.02189057156814851
0.019623839765510503
0.02195407914020518
0.019526135808500246
0.021885686370297995
0.0197361993160723
0.021856375183194922
0.01955056179775281
0.02185148998534441
0.019687347337567173
0.022061553492916462
0.019643380556912556
0.021924767953102102
0.019594528578407426
0.02187103077674646
0.0197361993160723
0.021978505129457742
0.019794821690278457
0.021866145578895945
0.019545676599902296
0.021929653150952615
0.019672691744015633
0.021753786028334145
0.019521250610649733
0.02182217879824133
0.01977039570102589
0.021895456765999022
0.019687347337567173
0.021993160723009286
0.019677576941866146
0.02174890083048363
0.019579872984855886
0.021783097215437225
0.019658036150464093
0.02191988275525159
0.019609184171958963
0.021895456765999022
0.019560332193453836
0.022032242305813386
0.019662921348314606
0.02195407914020518
0.019794821690278457
0.02183683439179287
0.019574987787005373
0.021670737664875424
0.01957010258915486
0.021983390327308255
0.01956521739130435
0.02183194919394235
0.019672691744015633
0.021817293600390815
0.019574987787005373
0.02191011235955056
0.019574987787005373
0.02183683439179287
0.019609184171958963
0.021753786028334145
0.019487054225696143
0.021900341963849535
0.01968246213971666
0.02189057156814851
0.019574987787005373
0.021739130434782608
0.019574987787005373
0.02183194919394235
0.019487054225696143
0.021866145578895945
0.019687347337567173
0.02172936003908158
0.01959941377625794
0.021753786028334145
0.019545676599902296
0.021958964338055692
0.01945285784074255
0.0216609672691744
0.019472398632144602
0.02186126038104543
0.019511480214948706
0.02191011235955056
0.019614069369809476
0.02170981924767953
0.019643380556912556
0.02179286761113825
0.019545676599902296
0.02180263800683928
0.019780166096726916
0.021724474841231068
0.019658036150464093
0.021924767953102102
0.01977039570102589
0.02180263800683928
0.019697117733268196
0.0218124084025403
0.01961895456765999
0.021675622862725938
0.019628724963361016
0.02179286761113825
0.019443087445041526
0.021797752808988765
0.01965315095261358
0.02186126038104543
0.019560332193453836
0.021846604787493895
0.019594528578407426
0.02182706399609184
0.01956521739130435
0.021807523204689788
0.019594528578407426
0.02191988275525159
0.019628724963361016
0.021866145578895945
0.01966780654616512
0.02179286761113825
0.019526135808500246
0.021875915974596972
0.019706888128969223
0.022012701514411336
0.019623839765510503
0.021895456765999022
0.019760625305324866
0.021670737664875424
0.019711773326819736
0.02179286761113825
0.01950170981924768
0.02175867122618466
0.019755740107474353
0.021787982413287738
0.019574987787005373
0.02205666829506595
0.019477283829995116
0.02182217879824133
0.019614069369809476
0.021714704445530045
0.01965315095261358
0.02159745969711773
0.019623839765510503
0.02190522716170005
0.019545676599902296
0.02183194919394235
0.019560332193453836
0.02189057156814851
0.019560332193453836
0.021841719589643382
0.019609184171958963
0.021841719589643382
0.0197361993160723
0.021895456765999022
0.019477283829995116
0.02185148998534441
0.01968246213971666
0.02190522716170005
0.01951636541279922
0.02183194919394235
0.01955056179775281
0.021656082071323888
0.019623839765510503
0.021958964338055692
0.019394235466536392
0.02190522716170005
0.019643380556912556
0.02174890083048363
0.01936492427943332
0.021866145578895945
0.019487054225696143
0.02169027845627748
0.01970200293111871
0.02187103077674646
0.019423546653639472
0.02182706399609184
0.01964826575476307
0.021841719589643382
0.01964826575476307
0.02186126038104543
0.019472398632144602
0.021739130434782608
0.019628724963361016
0.021875915974596972
0.01975085490962384
0.021817293600390815
0.019638495359062043
0.021783097215437225
0.01968246213971666
0.02182706399609184
0.019360039081582806
0.02164142647777235
0.019511480214948706
0.021807523204689788
0.01945285784074255
0.0218124084025403
0.01964826575476307
0.02182706399609184
0.019672691744015633
0.021739130434782608
0.019521250610649733
0.021787982413287738
0.01951636541279922
0.021739130434782608
0.01944797264289204
0.0217733268197362
0.019443087445041526
0.021704934049829018
0.019491939423546652
0.021739130434782608
0.019374694675134342
0.02149487054225696
0.019506595017098192
0.021753786028334145
0.01948216902784563
0.02180263800683928
0.0195847581827064
0.021783097215437225
0.019589643380556913
0.02182706399609184
0.019643380556912556
0.021787982413287738
0.01939912066438691
0.02169027845627748
0.01959941377625794
0.021807523204689788
0.019472398632144602
0.021797752808988765
0.019555446995603323
0.021807523204689788
0.019623839765510503
0.021739130434782608
0.019579872984855886
0.021856375183194922
0.019345383488031265
0.02175867122618466
0.01963361016121153
0.021787982413287738
0.019589643380556913
0.021778212017586715
0.019511480214948706
0.02183683439179287
0.01955056179775281
0.02174401563263312
0.01959941377625794
0.021734245236932095
0.019638495359062043
0.021739130434782608
0.019540791402051783
0.021797752808988765
0.019526135808500246
0.02162677088422081
0.01964826575476307
0.02164142647777235
0.019487054225696143
0.021807523204689788
0.019638495359062043
0.02182706399609184
0.019511480214948706
0.0217733268197362
0.01945285784074255
0.02180263800683928
0.019404005862237422
0.021841719589643382
0.01938446507083537
0.021895456765999022
0.019545676599902296
0.021734245236932095
0.01971665852467025
0.021787982413287738
0.019555446995603323
0.021968734733756715
0.019614069369809476
0.02180263800683928
0.019462628236443576
0.02186126038104543
0.01957010258915486
0.02182217879824133
0.019404005862237422
0.02172936003908158
0.019443087445041526
0.02162677088422081
0.01955056179775281
0.021704934049829018
0.019491939423546652
0.02182217879824133
0.019540791402051783
0.021763556424035175
0.01933561309233024
0.02164631167562286
0.019394235466536392
0.02180263800683928
0.019604298974108453
0.021866145578895945
0.01956521739130435
0.0217733268197362
0.01950170981924768
0.021797752808988765
0.019487054225696143
0.021670737664875424
0.019408891060087932
0.02174401563263312
0.019521250610649733
0.021778212017586715
0.019545676599902296
0.021841719589643382
0.019560332193453836
0.021680508060576455
0.019506595017098192
0.02174890083048363
0.01938446507083537
0.02160723009281876
0.019506595017098192
0.021753786028334145
0.019472398632144602
0.021885686370297995
0.019443087445041526
0.021704934049829018
0.01944797264289204
0.021651196873473375
0.01941866145578896
0.021617000488519788
0.019374694675134342
0.021807523204689788
0.0195847581827064
0.02187103077674646
0.019731314118221786
0.021704934049829018
0.019506595017098192
0.021787982413287738
0.019340498290180752
0.02155837811431363
0.019560332193453836
0.021587689301416704
0.019457743038593062
0.02182217879824133
0.019531021006350756
0.02182706399609184
0.01951636541279922
0.0216609672691744
0.019555446995603323
0.021587689301416704
0.01948216902784563
0.021875915974596972
0.019477283829995116
0.021724474841231068
0.01964826575476307
0.02183194919394235
0.019374694675134342
0.021680508060576455
0.01945285784074255
0.021763556424035175
0.019457743038593062
0.02174890083048363
0.019511480214948706
0.0217733268197362
0.019609184171958963
0.021573033707865168
0.019579872984855886
0.021763556424035175
0.019462628236443576
0.021700048851978505
0.019413776257938446
0.0216609672691744
0.019379579872984855
0.02175867122618466
0.019594528578407426
0.021651196873473375
0.019457743038593062
0.021582804103566194
0.01933561309233024
0.02175867122618466
0.019487054225696143
0.02193942354665364
0.01944797264289204
0.02180263800683928
0.019511480214948706
0.021739130434782608
0.019413776257938446
0.02179286761113825
0.01959941377625794
0.021651196873473375
0.01951636541279922
0.021724474841231068
0.019506595017098192
0.02174401563263312
0.019472398632144602
0.02175867122618466
0.019394235466536392
0.021714704445530045
0.019487054225696143
0.0216609672691744
0.01956521739130435
0.021841719589643382
0.01941866145578896
0.021685393258426968
0.019574987787005373
0.02160723009281876
0.019521250610649733
0.02164631167562286
0.019423546653639472
0.02151441133365901
0.019413776257938446
0.021763556424035175
0.019462628236443576
0.0217733268197362
0.01961895456765999
0.021636541279921838
0.019638495359062043
0.021724474841231068
0.019438202247191012
0.021612115290669275
0.019609184171958963
0.021797752808988765
0.019394235466536392
0.02174401563263312
0.01944797264289204
0.021846604787493895
0.01968246213971666
0.021602344894968248
0.019428431851489986
0.021636541279921838
0.019628724963361016
0.021846604787493895
0.019506595017098192
0.021670737664875424
0.019555446995603323
0.021763556424035175
0.019457743038593062
0.02179286761113825
0.019325842696629215
0.021704934049829018
0.019706888128969223
0.021675622862725938
0.01939912066438691
0.021651196873473375
0.019374694675134342
0.0216609672691744
0.01951636541279922
0.021621885686370298
0.019433317049340496
0.021548607718612604
0.019609184171958963
0.021700048851978505
0.0195847581827064
0.021651196873473375
0.019677576941866146
0.02164142647777235
0.019614069369809476
0.021787982413287738
0.019579872984855886
0.021714704445530045
0.019614069369809476
0.02174890083048363
0.01945285784074255
0.021621885686370298
0.01945285784074255
0.021724474841231068
0.019360039081582806
0.021714704445530045
0.019408891060087932
0.021636541279921838
0.019545676599902296
0.021631656082071325
0.01941866145578896
0.02174890083048363
0.019423546653639472
0.021797752808988765
0.019511480214948706
0.021978505129457742
0.01938446507083537
0.021685393258426968
0.01950170981924768
0.02172936003908158
0.01946751343429409
0.02174890083048363
0.01957010258915486
0.021734245236932095
0.019428431851489986
0.021807523204689788
0.01953590620420127
0.02179286761113825
0.019438202247191012
0.021734245236932095
0.01950170981924768
0.021734245236932095
0.019457743038593062
0.021783097215437225
0.019433317049340496
0.02175867122618466
0.01946751343429409
0.021665852467024915
0.01935026868588178
0.021700048851978505
0.019472398632144602
0.02164142647777235
0.019628724963361016
0.021656082071323888
0.019472398632144602
0.02156326331216414
0.01944797264289204
0.021704934049829018
0.0195847581827064
0.02182706399609184
0.01957010258915486
0.021724474841231068
0.01956521739130435
0.02159745969711773
0.019379579872984855
0.02169027845627748
0.019320957498778702
0.02155837811431363
0.019623839765510503
0.02164142647777235
0.019394235466536392
0.021700048851978505
0.019477283829995116
0.021617000488519788
0.019496824621397166
0.021656082071323888
0.019609184171958963
0.021592574499267218
0.01957010258915486
0.021807523204689788
0.019457743038593062
0.021778212017586715
0.019462628236443576
0.0216609672691744
0.0195847581827064
0.021783097215437225
0.019623839765510503
0.02179286761113825
0.019643380556912556
0.021670737664875424
0.01956521739130435
0.021680508060576455
0.019462628236443576
0.021768441621885688
0.019604298974108453
0.021582804103566194
0.019443087445041526
0.02164142647777235
0.01933561309233024
0.02183194919394235
0.019540791402051783
0.02175867122618466
0.01964826575476307
0.02182706399609184
0.019413776257938446
0.02162677088422081
0.019374694675134342
0.021617000488519788
0.019462628236443576
0.02175867122618466
0.019521250610649733
0.021734245236932095
0.019477283829995116
0.02154372252076209
0.019404005862237422
0.021714704445530045
0.019394235466536392
0.02175867122618466
0.01966780654616512
0.021675622862725938
0.019589643380556913
0.021817293600390815
0.01945285784074255
0.021621885686370298
0.019413776257938446
0.021631656082071325
0.019443087445041526
0.021529066927210554
0.019574987787005373
0.02174401563263312
0.019408891060087932
0.021665852467024915
0.019531021006350756
0.021680508060576455
0.019491939423546652
0.021768441621885688
0.019423546653639472
0.021787982413287738
0.019521250610649733
0.021675622862725938
0.019496824621397166
0.02182217879824133
0.01953590620420127
0.021753786028334145
0.019638495359062043
0.02160723009281876
0.019345383488031265
0.02164142647777235
0.019360039081582806
0.02164142647777235
0.019428431851489986
0.02157791890571568
0.019379579872984855
0.02159745969711773
0.019413776257938446
0.021592574499267218
0.019540791402051783
0.021592574499267218
0.019487054225696143
0.021582804103566194
0.019389350268685882
0.02179286761113825
0.01955056179775281
0.021582804103566194
0.019477283829995116
0.021783097215437225
0.019345383488031265
0.02172936003908158
0.01953590620420127
0.02151441133365901
0.019286761113825112
0.021685393258426968
0.019545676599902296
0.021568148510014654
0.019433317049340496
0.0218124084025403
0.019345383488031265
0.02157791890571568
0.019487054225696143
0.02164142647777235
0.019487054225696143
0.021885686370297995
0.019320957498778702
0.021778212017586715
0.01933561309233024
0.021617000488519788
0.01921836834391793
0.021695163654127995
0.019320957498778702
0.021651196873473375
0.01945285784074255
0.021695163654127995
0.019428431851489986
0.02174890083048363
0.019438202247191012
0.021538837322911578
0.019374694675134342
0.021631656082071325
0.019374694675134342
0.021787982413287738
0.019413776257938446
0.021807523204689788
0.01939912066438691
0.02160723009281876
0.019491939423546652
0.021768441621885688
0.01926722032242306
0.021656082071323888
0.01933561309233024
0.021700048851978505
0.019379579872984855
0.02169027845627748
0.01941866145578896
0.021553492916463118
0.019404005862237422
0.0216609672691744
0.019379579872984855
0.02162677088422081
0.019457743038593062
0.02172936003908158
0.019360039081582806
0.021704934049829018
0.019506595017098192
0.021724474841231068
0.01936492427943332
0.021680508060576455
0.01925256472887152
0.02170981924767953
0.019438202247191012
0.021768441621885688
0.019413776257938446
0.02160723009281876
0.01951636541279922
0.02156326331216414
0.019345383488031265
0.02170981924767953
0.019345383488031265
0.02169027845627748
0.019423546653639472
0.021656082071323888
0.01935515388373229
0.021719589643380558
0.019433317049340496
0.02159745969711773
0.01936980947728383
0.021499755740107474
0.019379579872984855
0.02155837811431363
0.019496824621397166
0.021675622862725938
0.01945285784074255
0.021617000488519788
0.019462628236443576
0.02156326331216414
0.019320957498778702
0.02164142647777235
0.019404005862237422
0.021665852467024915
0.019496824621397166
0.02160723009281876
0.01933561309233024
0.021714704445530045
0.01939912066438691
0.021538837322911578
0.019457743038593062
0.02142647777234978
0.01930141670737665
0.021538837322911578
0.019526135808500246
0.02155837811431363
0.01945285784074255
0.021685393258426968
0.01955056179775281
0.021529066927210554
0.019526135808500246
0.021573033707865168
0.01945285784074255
0.021489985344406447
0.019462628236443576
0.021665852467024915
0.019394235466536392
0.021553492916463118
0.019491939423546652
0.021685393258426968
0.019506595017098192
0.021612115290669275
0.019408891060087932
0.02164142647777235
0.019457743038593062
0.02182217879824133
0.01936980947728383
0.02174890083048363
0.01938446507083537
0.02174890083048363
0.019311187103077675
0.0216609672691744
0.019330727894479725
0.021665852467024915
0.01955056179775281
0.02187103077674646
0.01941866145578896
0.021704934049829018
0.01950170981924768
0.021450903761602347
0.019413776257938446
0.021846604787493895
0.019360039081582806
0.02154372252076209
0.019316072300928185
0.021680508060576455
0.01933561309233024
0.021621885686370298
0.019477283829995116
0.021885686370297995
0.01939912066438691
0.021504640937957988
0.01935515388373229
0.021553492916463118
0.019443087445041526
0.021797752808988765
0.019262335124572545
0.02152418172936004
0.019511480214948706
0.021704934049829018
0.01945285784074255
0.02154372252076209
0.019594528578407426
0.02155837811431363
0.019379579872984855
0.021685393258426968
0.019511480214948706
0.021617000488519788
0.019545676599902296
0.021612115290669275
0.019443087445041526
0.02152418172936004
0.019291646311675622
0.021450903761602347
0.019374694675134342
0.021651196873473375
0.01944797264289204
0.021548607718612604
0.019345383488031265
0.02164142647777235
0.019433317049340496
0.02162677088422081
0.019404005862237422
0.021631656082071325
0.019487054225696143
0.021582804103566194
0.01955056179775281
0.021695163654127995
0.019589643380556913
0.021685393258426968
0.019325842696629215
0.02174890083048363
0.019443087445041526
0.021421592574499267
0.019545676599902296
0.02155837811431363
0.019443087445041526
0.021695163654127995
0.01923790913531998
0.021592574499267218
0.01956521739130435
0.021695163654127995
0.019428431851489986
0.021568148510014654
0.01933561309233024
0.02162677088422081
0.019306301905227162
0.021617000488519788
0.01955056179775281
0.021656082071323888
0.01951636541279922
0.021617000488519788
0.01936492427943332
0.02164142647777235
0.019477283829995116
0.021636541279921838
0.019379579872984855
0.021519296531509524
0.019594528578407426
0.021568148510014654
0.01941866145578896
0.021783097215437225
0.019374694675134342
0.021485100146555934
0.019443087445041526
0.02172936003908158
0.019389350268685882
0.021787982413287738
0.01945285784074255
0.021602344894968248
0.019345383488031265
0.021538837322911578
0.019433317049340496
0.021587689301416704
0.019604298974108453
0.02162677088422081
0.01941866145578896
0.02164631167562286
0.019511480214948706
0.02139228138739619
0.019233023937469465
0.02149487054225696
0.019272105520273572
0.02147532975085491
0.019443087445041526
0.021856375183194922
0.01948216902784563
0.021592574499267218
0.019389350268685882
0.021504640937957988
0.01935515388373229
0.021592574499267218
0.01926722032242306
0.021450903761602347
0.019472398632144602
0.021587689301416704
0.019404005862237422
0.021519296531509524
0.019574987787005373
0.021465559355153884
0.01938446507083537
0.021665852467024915
0.01930141670737665
0.02174401563263312
0.01953590620420127
0.02182706399609184
0.01938446507083537
0.021675622862725938
0.019423546653639472
0.021680508060576455
0.019438202247191012
0.021753786028334145
0.019394235466536392
0.021617000488519788
0.019433317049340496
0.02149487054225696
0.019257449926722032
0.021651196873473375
0.01938446507083537
0.021592574499267218
0.019330727894479725
0.021529066927210554
0.019272105520273572
0.02141182217879824
0.019345383488031265
0.02159745969711773
0.019262335124572545
0.0217733268197362
0.019491939423546652
0.021636541279921838
0.019360039081582806
0.021485100146555934
0.019491939423546652
0.02155837811431363
0.019462628236443576
0.02169027845627748
0.019320957498778702
0.02174890083048363
0.019423546653639472
0.021538837322911578
0.019506595017098192
0.021465559355153884
0.01946751343429409
0.021489985344406447
0.01953590620420127
0.021700048851978505
0.019443087445041526
0.02152418172936004
0.01946751343429409
0.021592574499267218
0.01946751343429409
0.021695163654127995
0.019496824621397166
0.02137274059599414
0.019496824621397166
0.02152418172936004
0.019404005862237422
0.02172936003908158
0.019462628236443576
0.02154372252076209
0.01944797264289204
0.021787982413287738
0.01939912066438691
0.021436248168050804
0.019477283829995116
0.02160723009281876
0.019408891060087932
0.021553492916463118
0.01959941377625794
0.02149487054225696
0.019286761113825112
0.02159745969711773
0.01924767953102101
0.021548607718612604
0.01946751343429409
0.02170981924767953
0.019428431851489986
0.021704934049829018
0.019462628236443576
0.021670737664875424
0.01946751343429409
0.021724474841231068
0.01936980947728383
0.02157791890571568
0.01956521739130435
0.021509526135808497
0.01939912066438691
0.02164142647777235
0.01950170981924768
0.021470444553004397
0.019443087445041526
0.021504640937957988
0.019389350268685882
0.021582804103566194
0.01946751343429409
0.021548607718612604
0.019511480214948706
0.0216609672691744
0.019457743038593062
0.021602344894968248
0.019286761113825112
0.021529066927210554
0.019345383488031265
0.021587689301416704
0.019506595017098192
0.02142647777234978
0.019374694675134342
0.02154372252076209
0.019457743038593062
0.02164631167562286
0.019413776257938446
0.02154372252076209
0.01941866145578896
0.02169027845627748
0.019413776257938446
0.02172936003908158
0.01950170981924768
0.021704934049829018
0.01941866145578896
0.02174401563263312
0.019511480214948706
0.021675622862725938
0.019423546653639472
0.021406936980947727
0.019408891060087932
0.021631656082071325
0.019316072300928185
0.021763556424035175
0.019311187103077675
0.021582804103566194
0.019443087445041526
0.02162677088422081
0.019291646311675622
0.021617000488519788
0.019291646311675622
0.02151441133365901
0.019487054225696143
0.021704934049829018
0.019404005862237422
0.02169027845627748
0.019262335124572545
0.021587689301416704
0.019325842696629215
0.02183683439179287
0.01950170981924768
0.021377625793844654
0.01941866145578896
0.021617000488519788
0.019496824621397166
0.021582804103566194
0.01961895456765999
0.02162677088422081
0.01938446507083537
0.021568148510014654
0.019487054225696143
0.021568148510014654
0.01939912066438691
0.021592574499267218
0.01955056179775281
0.02152418172936004
0.01936492427943332
0.021587689301416704
0.019433317049340496
0.021553492916463118
0.019438202247191012
0.021568148510014654
0.019394235466536392
0.021450903761602347
0.019496824621397166
0.02160723009281876
0.01938446507083537
0.021621885686370298
0.019311187103077675
0.021533952125061068
0.01935515388373229
0.021714704445530045
0.019438202247191012
0.02157791890571568
0.019506595017098192
0.021538837322911578
0.01939912066438691
0.021509526135808497
0.019574987787005373
0.02164142647777235
0.019428431851489986
0.02159745969711773
0.019203712750366392
0.021680508060576455
0.01951636541279922
0.021592574499267218
0.01948216902784563
0.021519296531509524
0.019389350268685882
0.021685393258426968
0.019276990718124082
0.02170981924767953
0.01938446507083537
0.021700048851978505
0.019413776257938446
0.02159745969711773
0.01948216902784563
0.02183683439179287
0.01936492427943332
0.02147532975085491
0.01935515388373229
0.021680508060576455
0.019574987787005373
0.02172936003908158
0.019423546653639472
0.021553492916463118
0.019320957498778702
0.021612115290669275
0.019423546653639472
0.021685393258426968
0.019394235466536392
0.02151441133365901
0.019428431851489986
0.02164631167562286
0.01939912066438691
0.021714704445530045
0.01933561309233024
0.021656082071323888
0.019423546653639472
0.021519296531509524
0.01951636541279922
0.0218124084025403
0.019276990718124082
0.021533952125061068
0.019594528578407426
0.02157791890571568
0.019477283829995116
0.021582804103566194
0.019311187103077675
0.02164631167562286
0.019477283829995116
0.021739130434782608
0.01924767953102101
0.021499755740107474
0.01939912066438691
0.02174890083048363
0.019360039081582806
0.021665852467024915
0.01936980947728383
0.021519296531509524
0.019462628236443576
0.021602344894968248
0.019443087445041526
0.021582804103566194
0.01936492427943332
0.02160723009281876
0.019374694675134342
0.021651196873473375
0.019491939423546652
0.02155837811431363
0.019154860771861258
0.02152418172936004
0.019291646311675622
0.021621885686370298
0.01935026868588178
0.021509526135808497
0.019296531509526135
0.02164142647777235
0.01914997557401075
0.02142647777234978
0.01936980947728383
0.021670737664875424
0.01925256472887152
0.02147532975085491
0.019457743038593062
0.021602344894968248
0.019404005862237422
0.021421592574499267
0.01930141670737665
0.021470444553004397
0.019345383488031265
0.021739130434782608
0.01941866145578896
0.021665852467024915
0.019228138739618955
0.02154372252076209
0.019340498290180752
0.02152418172936004
0.01935515388373229
0.021504640937957988
0.01955056179775281
0.021656082071323888
0.019423546653639472
0.021533952125061068
0.019487054225696143
0.021587689301416704
0.019306301905227162
0.021509526135808497
0.019296531509526135
0.021656082071323888
0.019223253541768442
0.021406936980947727
0.019345383488031265
0.02145578895945286
0.019404005862237422
0.021450903761602347
0.019379579872984855
0.02152418172936004
0.019316072300928185
0.021499755740107474
0.019404005862237422
0.0216609672691744
0.01936492427943332
0.021602344894968248
0.019457743038593062
0.02170981924767953
0.019457743038593062
0.021612115290669275
0.019374694675134342
0.02155837811431363
0.01957010258915486
0.021621885686370298
0.019428431851489986
0.02155837811431363
0.01956521739130435
0.021700048851978505
0.019408891060087932
0.02156326331216414
0.019296531509526135
0.02147532975085491
0.019360039081582806
0.02164142647777235
0.019325842696629215
0.021592574499267218
0.019272105520273572
0.021548607718612604
0.019316072300928185
0.021695163654127995
0.019423546653639472
0.021485100146555934
0.01938446507083537
0.02160723009281876
0.019438202247191012
0.02169027845627748
0.019389350268685882
0.021651196873473375
0.019540791402051783
0.021680508060576455
0.019286761113825112
0.02149487054225696
0.01944797264289204
0.021509526135808497
0.01924767953102101
0.021612115290669275
0.019491939423546652
0.021617000488519788
0.01923790913531998
0.021480214948705424
0.01936980947728383
0.02160723009281876
0.019325842696629215
0.021700048851978505
0.019487054225696143
0.021529066927210554
0.019433317049340496
0.021519296531509524
0.01941866145578896
0.02179286761113825
0.019487054225696143
0.02157791890571568
0.019438202247191012
0.021509526135808497
0.01917440156326331
0.02149487054225696
0.019472398632144602
0.021421592574499267
0.01938446507083537
0.021631656082071325
0.019428431851489986
0.021548607718612604
0.019443087445041526
0.02164631167562286
0.01939912066438691
0.021724474841231068
0.019438202247191012
0.021763556424035175
0.019491939423546652
0.021592574499267218
0.019413776257938446
0.021621885686370298
0.01961895456765999
0.021739130434782608
0.01936492427943332
0.0217733268197362
0.019487054225696143
0.021695163654127995
0.019213483146067415
0.021675622862725938
0.019291646311675622
0.02151441133365901
0.01946751343429409
0.021685393258426968
0.019311187103077675
0.021719589643380558
0.01950170981924768
0.021377625793844654
0.01944797264289204
0.021450903761602347
0.019511480214948706
0.021582804103566194
0.019345383488031265
0.021656082071323888
0.019320957498778702
0.02157791890571568
0.019579872984855886
0.021636541279921838
0.019428431851489986
0.02156326331216414
0.019428431851489986
0.021529066927210554
0.01938446507083537
0.021602344894968248
0.01933561309233024
0.021651196873473375
0.01950170981924768
0.021489985344406447
0.01933561309233024
0.021631656082071325
0.019286761113825112
0.021529066927210554
0.01936980947728383
0.021568148510014654
0.019423546653639472
0.02157791890571568
0.01946751343429409
0.021529066927210554
0.01936492427943332
0.021529066927210554
0.019330727894479725
0.02152418172936004
0.019477283829995116
0.021538837322911578
0.019330727894479725
0.021778212017586715
0.019428431851489986
0.021617000488519788
0.019379579872984855
0.021621885686370298
0.01945285784074255
0.02149487054225696
0.019531021006350756
0.021778212017586715
0.019374694675134342
0.021704934049829018
0.019433317049340496
0.02152418172936004
0.01935026868588178
0.02170981924767953
0.01941866145578896
0.02151441133365901
0.01953590620420127
0.02185148998534441
0.019457743038593062
0.021573033707865168
0.01939912066438691
0.02162677088422081
0.019320957498778702
0.02162677088422081
0.019345383488031265
0.021489985344406447
0.01950170981924768
0.02152418172936004
0.01938446507083537
0.021724474841231068
0.019257449926722032
0.021704934049829018
0.019491939423546652
0.02164631167562286
0.019487054225696143
0.02159745969711773
0.019379579872984855
0.021602344894968248
0.019423546653639472
0.021509526135808497
0.01944797264289204
0.02154372252076209
0.01936980947728383
0.021714704445530045
0.019360039081582806
0.021485100146555934
0.019614069369809476
0.0217733268197362
0.019408891060087932
0.021631656082071325
0.019462628236443576
0.021519296531509524
0.019560332193453836
0.02152418172936004
0.019360039081582806
0.02143136297020029
0.019540791402051783
0.021617000488519788
0.0192085979482169
0.02164631167562286
0.01944797264289204
0.02174401563263312
0.01936980947728383
0.021568148510014654
0.019345383488031265
0.021480214948705424
0.01946751343429409
0.02154372252076209
0.01938446507083537
0.02172936003908158
0.01935515388373229
0.02154372252076209
0.019306301905227162
0.021582804103566194
0.019433317049340496
0.021499755740107474
0.019408891060087932
0.021685393258426968
0.019374694675134342
0.021670737664875424
0.01936492427943332
0.021533952125061068
0.019394235466536392
0.02164631167562286
0.01936492427943332
0.02152418172936004
0.019531021006350756
0.021504640937957988
0.019360039081582806
0.021621885686370298
0.019643380556912556
0.02174401563263312
0.019443087445041526
0.02143136297020029
0.019286761113825112
0.021602344894968248
0.019477283829995116
0.021602344894968248
0.01939912066438691
0.021504640937957988
0.019316072300928185
0.021519296531509524
0.019316072300928185
0.021553492916463118
0.01936492427943332
0.021685393258426968
0.019428431851489986
0.02152418172936004
0.019345383488031265
0.021739130434782608
0.01950170981924768
0.021465559355153884
0.019472398632144602
0.021568148510014654
0.019423546653639472
0.021509526135808497
0.019540791402051783
0.021592574499267218
0.019374694675134342
0.021612115290669275
0.019413776257938446
0.021406936980947727
0.01944797264289204
0.021504640937957988
0.01935026868588178
0.02155837811431363
0.019443087445041526
0.02164142647777235
0.01921836834391793
0.021533952125061068
0.01948216902784563
0.021621885686370298
0.01945285784074255
0.02164631167562286
0.019394235466536392
0.021504640937957988
0.019457743038593062
0.021480214948705424
0.019306301905227162
0.021480214948705424
0.019413776257938446
0.02160723009281876
0.019296531509526135
0.02157791890571568
0.019374694675134342
0.02152418172936004
0.01941866145578896
0.02162677088422081
0.019320957498778702
0.021533952125061068
0.019306301905227162
0.02147532975085491
0.01933561309233024
0.021631656082071325
0.019491939423546652
0.021573033707865168
0.019443087445041526
0.021538837322911578
0.019526135808500246
0.02170981924767953
0.019428431851489986
0.021587689301416704
0.019325842696629215
0.02174401563263312
0.019311187103077675
0.021509526135808497
0.01938446507083537
0.021509526135808497
0.019511480214948706
0.021582804103566194
0.01930141670737665
0.02142647777234978
0.019291646311675622
0.02169027845627748
0.019560332193453836
0.02149487054225696
0.01944797264289204
0.021719589643380558
0.019462628236443576
0.021592574499267218
0.01945285784074255
0.021436248168050804
0.019360039081582806
0.021485100146555934
0.019330727894479725
0.021533952125061068
0.01938446507083537
0.021651196873473375
0.019413776257938446
0.021739130434782608
0.019345383488031265
0.02152418172936004
0.01923790913531998
0.02143136297020029
0.01941866145578896
0.021441133365901317
0.019462628236443576
0.021880801172447485
0.01945285784074255
0.021529066927210554
0.019320957498778702
0.021714704445530045
0.01936980947728383
0.021548607718612604
0.01935515388373229
0.021450903761602347
0.01945285784074255
0.021719589643380558
0.019311187103077675
0.02156326331216414
0.01951636541279922
0.021519296531509524
0.01945285784074255
0.021724474841231068
0.019272105520273572
0.02147532975085491
0.01933561309233024
0.02174401563263312
0.01933561309233024
0.0217733268197362
0.019438202247191012
0.021670737664875424
0.019443087445041526
0.021631656082071325
0.01935026868588178
0.02155837811431363
0.01951636541279922
0.021700048851978505
0.019330727894479725
0.021553492916463118
0.019223253541768442
0.021304347826086957
0.0192818759159746
0.02146067415730337
0.01939912066438691
0.02145578895945286
0.019521250610649733
0.021704934049829018
0.019404005862237422
0.02162677088422081
0.01959941377625794
0.02160723009281876
0.019555446995603323
0.021582804103566194
0.019594528578407426
0.021489985344406447
0.01955056179775281
0.021485100146555934
0.019413776257938446
0.02164142647777235
0.019521250610649733
0.021533952125061068
0.019389350268685882
0.02160723009281876
0.019462628236443576
0.02149487054225696
0.01936980947728383
0.021519296531509524
0.019276990718124082
0.02175867122618466
0.019521250610649733
0.02164631167562286
0.01935026868588178
0.021519296531509524
0.019487054225696143
0.02146067415730337
0.01963361016121153
0.021480214948705424
0.019374694675134342
0.021753786028334145
0.019472398632144602
0.02151441133365901
0.019291646311675622
0.021568148510014654
0.019340498290180752
0.02142647777234978
0.01939912066438691
0.02157791890571568
0.019531021006350756
0.02169027845627748
0.019477283829995116
0.02172936003908158
0.01935515388373229
0.021612115290669275
0.019379579872984855
0.021485100146555934
0.019325842696629215
0.02154372252076209
0.019423546653639472
0.021617000488519788
0.01951636541279922
0.021587689301416704
0.019521250610649733
0.021519296531509524
0.019477283829995116
0.021675622862725938
0.019394235466536392
0.021573033707865168
0.019223253541768442
0.021553492916463118
0.019526135808500246
0.021636541279921838
0.019487054225696143
0.021529066927210554
0.019423546653639472
0.02155837811431363
0.019579872984855886
0.021553492916463118
0.019345383488031265
0.02142647777234978
0.01955056179775281
0.021587689301416704
0.019428431851489986
0.021685393258426968
0.019579872984855886
0.02152418172936004
0.019413776257938446
0.0216609672691744
0.019379579872984855
0.02159745969711773
0.01933561309233024
0.021704934049829018
0.019389350268685882
0.02156326331216414
0.019423546653639472
0.021582804103566194
0.019316072300928185
0.021695163654127995
0.01918905715681485
0.021319003419638497
0.019433317049340496
0.021739130434782608
0.019433317049340496
0.021734245236932095
0.019311187103077675
0.02160723009281876
0.019311187103077675
0.021538837322911578
0.01936492427943332
0.021685393258426968
0.019404005862237422
0.021612115290669275
0.019374694675134342
0.021670737664875424
0.01944797264289204
0.021367855398143627
0.019477283829995116
0.021734245236932095
0.019487054225696143
0.02164631167562286
0.019545676599902296
0.021504640937957988
0.019443087445041526
0.021700048851978505
0.019345383488031265
0.021587689301416704
0.019345383488031265
0.02179286761113825
0.019325842696629215
0.021714704445530045
0.019506595017098192
0.02169027845627748
0.019423546653639472
0.021499755740107474
0.019360039081582806
0.02145578895945286
0.019462628236443576
0.021651196873473375
0.019286761113825112
0.021670737664875424
0.019589643380556913
0.021485100146555934
0.01939912066438691
0.021602344894968248
0.019316072300928185
0.02157791890571568
0.019506595017098192
0.021656082071323888
0.019340498290180752
0.021695163654127995
0.019345383488031265
0.021695163654127995
0.01944797264289204
0.02145578895945286
0.019408891060087932
0.021509526135808497
0.019555446995603323
0.02172936003908158
0.01926722032242306
0.021680508060576455
0.01951636541279922
0.021695163654127995
0.019311187103077675
0.02157791890571568
0.019374694675134342
0.02151441133365901
0.01936980947728383
0.021587689301416704
0.01944797264289204
0.021695163654127995
0.019487054225696143
0.021421592574499267
0.019242794333170495
0.02157791890571568
0.019413776257938446
0.02155837811431363
0.019423546653639472
0.021582804103566194
0.01933561309233024
0.021734245236932095
0.019506595017098192
0.021485100146555934
0.01935026868588178
0.021631656082071325
0.019521250610649733
0.02141182217879824
0.019438202247191012
0.021778212017586715
0.01926722032242306
0.021651196873473375
0.019496824621397166
0.021587689301416704
0.019360039081582806
0.021582804103566194
0.019223253541768442
0.021450903761602347
0.019443087445041526
0.021719589643380558
0.019379579872984855
0.021724474841231068
0.019394235466536392
0.021656082071323888
0.01936980947728383
0.021533952125061068
0.01939912066438691
0.02164631167562286
0.01935026868588178
0.021631656082071325
0.019404005862237422
0.02175867122618466
0.01951636541279922
0.02164142647777235
0.019457743038593062
0.021485100146555934
0.019433317049340496
0.02151441133365901
0.019306301905227162
0.02146067415730337
0.019257449926722032
0.021621885686370298
0.01944797264289204
0.02152418172936004
0.01935026868588178
0.02142647777234978
0.019374694675134342
0.02160723009281876
0.019472398632144602
0.0216609672691744
0.019360039081582806
0.021763556424035175
0.019428431851489986
0.021778212017586715
0.019443087445041526
0.02164631167562286
0.019276990718124082
0.021714704445530045
0.0192818759159746
0.021685393258426968
0.01936980947728383
0.02164631167562286
0.01936492427943332
0.021636541279921838
0.01933561309233024
0.021651196873473375
0.019325842696629215
0.021587689301416704
0.019462628236443576
0.021617000488519788
0.019325842696629215
0.021704934049829018
0.019438202247191012
0.02162677088422081
0.019320957498778702
0.021553492916463118
0.019325842696629215
0.021675622862725938
0.019477283829995116
0.02156326331216414
0.019306301905227162
0.021568148510014654
0.019589643380556913
0.02147532975085491
0.019272105520273572
0.021504640937957988
0.019360039081582806
0.021504640937957988
0.019374694675134342
0.021436248168050804
0.019262335124572545
0.021724474841231068
0.019272105520273572
0.02156326331216414
0.019340498290180752
0.02169027845627748
0.019311187103077675
0.021612115290669275
0.01941866145578896
0.021621885686370298
0.01935026868588178
0.02164142647777235
0.01925256472887152
0.02160723009281876
0.01923790913531998
0.021538837322911578
0.01935026868588178
0.021499755740107474
0.01955056179775281
0.021817293600390815
0.019330727894479725
0.021509526135808497
0.01936980947728383
0.02154372252076209
0.01935026868588178
0.021538837322911578
0.019223253541768442
0.021465559355153884
0.019394235466536392
0.021529066927210554
0.019272105520273572
0.02164631167562286
0.01944797264289204
0.021509526135808497
0.019374694675134342
0.021548607718612604
0.019374694675134342
0.02156326331216414
0.019457743038593062
0.021533952125061068
0.019325842696629215
0.02159745969711773
0.019423546653639472
0.021548607718612604
0.019404005862237422
0.021548607718612604
0.019306301905227162
0.02149487054225696
0.019462628236443576
0.021700048851978505
0.01941866145578896
0.02160723009281876
0.01953590620420127
0.021621885686370298
0.01933561309233024
0.021519296531509524
0.019379579872984855
0.021631656082071325
0.019374694675134342
0.021573033707865168
0.019477283829995116
0.02164631167562286
0.019443087445041526
0.02145578895945286
0.019340498290180752
0.021685393258426968
0.019262335124572545
0.02155837811431363
0.019491939423546652
0.021656082071323888
0.019233023937469465
0.021675622862725938
0.019360039081582806
0.021680508060576455
0.01936492427943332
0.021470444553004397
0.019325842696629215
0.02156326331216414
0.019438202247191012
0.02170981924767953
0.019296531509526135
0.021714704445530045
0.019408891060087932
0.02169027845627748
0.01956521739130435
0.02180263800683928
0.01935515388373229
0.021592574499267218
0.01945285784074255
0.021621885686370298
0.01944797264289204
0.021651196873473375
0.019408891060087932
0.02164631167562286
0.019472398632144602
0.021568148510014654
0.019408891060087932
0.02160723009281876
0.019394235466536392
0.021763556424035175
0.019394235466536392
0.021548607718612604
0.01945285784074255
0.02152418172936004
0.019389350268685882
0.021704934049829018
0.019379579872984855
0.021504640937957988
0.01941866145578896
0.021680508060576455
0.019257449926722032
0.021807523204689788
0.019316072300928185
0.021480214948705424
0.01944797264289204
0.021621885686370298
0.019379579872984855
0.02159745969711773
0.019521250610649733
0.021631656082071325
0.01946751343429409
0.02170981924767953
0.019394235466536392
0.021651196873473375
0.019320957498778702
0.02162677088422081
0.019296531509526135
0.02156326331216414
0.019286761113825112
0.021538837322911578
0.01926722032242306
0.021724474841231068
0.019394235466536392
0.02162677088422081
0.01930141670737665
0.021519296531509524
0.01926722032242306
0.02160723009281876
0.019462628236443576
0.021685393258426968
0.01930141670737665
0.02151441133365901
0.019433317049340496
0.021680508060576455
0.01935026868588178
0.02155837811431363
0.019242794333170495
0.021621885686370298
0.019457743038593062
0.0216609672691744
0.019296531509526135
0.02170981924767953
0.019443087445041526
0.02162677088422081
0.019311187103077675
0.021499755740107474
0.01950170981924768
0.021485100146555934
0.01938446507083537
0.021734245236932095
0.019462628236443576
0.0217733268197362
0.019477283829995116
0.021656082071323888
0.019404005862237422
0.02157791890571568
0.019257449926722032
0.02134342940889106
0.019433317049340496
0.021573033707865168
0.019320957498778702
0.021548607718612604
0.019296531509526135
0.021548607718612604
0.019316072300928185
0.021548607718612604
0.01957010258915486
0.021719589643380558
0.019330727894479725
0.02149487054225696
0.019198827552515875
0.021621885686370298
0.019316072300928185
0.02156326331216414
0.019428431851489986
0.021651196873473375
0.019423546653639472
0.02159745969711773
0.01938446507083537
0.021338544211040547
0.019223253541768442
0.02169027845627748
0.019433317049340496
0.021538837322911578
0.019506595017098192
0.021509526135808497
0.019262335124572545
0.021548607718612604
0.01951636541279922
0.021573033707865168
0.019320957498778702
0.021612115290669275
0.019443087445041526
0.021504640937957988
0.019404005862237422
0.021573033707865168
0.01944797264289204
0.02146067415730337
0.019374694675134342
0.02162677088422081
0.019340498290180752
0.021621885686370298
0.01939912066438691
0.021670737664875424
0.019360039081582806
0.02147532975085491
0.019286761113825112
0.02137274059599414
0.019526135808500246
0.02187103077674646
0.019213483146067415
0.02169027845627748
0.01939912066438691
0.02170981924767953
0.019340498290180752
0.02169027845627748
0.019311187103077675
0.02156326331216414
0.01948216902784563
0.021704934049829018
0.019325842696629215
0.02152418172936004
0.01944797264289204
0.02152418172936004
0.01926722032242306
0.02164631167562286
0.019443087445041526
0.021421592574499267
0.019404005862237422
0.021485100146555934
0.01948216902784563
0.021592574499267218
0.019413776257938446
0.021631656082071325
0.019276990718124082
0.02155837811431363
0.01925256472887152
0.02137274059599414
0.019379579872984855
0.02154372252076209
0.019506595017098192
0.021612115290669275
0.019291646311675622
0.02141182217879824
0.01935026868588178
0.02143136297020029
0.019404005862237422
0.021333659013190034
0.019345383488031265
0.02154372252076209
0.01930141670737665
0.021617000488519788
0.01941866145578896
0.02151441133365901
0.019496824621397166
0.02154372252076209
0.019374694675134342
0.021685393258426968
0.019311187103077675
0.021568148510014654
0.019320957498778702
0.021519296531509524
0.01933561309233024
0.02152418172936004
0.019433317049340496
0.021480214948705424
0.01939912066438691
0.021421592574499267
0.019286761113825112
0.021636541279921838
0.019404005862237422
0.021636541279921838
0.019526135808500246
0.021465559355153884
0.019443087445041526
0.021533952125061068
0.01936492427943332
0.02139228138739619
0.01936492427943332
0.02145578895945286
0.01933561309233024
0.0216609672691744
0.019404005862237422
0.02160723009281876
0.019555446995603323
0.02154372252076209
0.019311187103077675
0.021446018563751834
0.019286761113825112
0.02174401563263312
0.019272105520273572
0.021548607718612604
0.019379579872984855
0.021480214948705424
0.01925256472887152
0.02154372252076209
0.019374694675134342
0.021504640937957988
0.01951636541279922
0.021529066927210554
0.019428431851489986
0.021533952125061068
0.019433317049340496
0.021651196873473375
0.0192818759159746
0.021436248168050804
0.019145090376160235
0.021533952125061068
0.01935026868588178
0.021617000488519788
0.01933561309233024
0.021768441621885688
0.01939912066438691
0.02154372252076209
0.01930141670737665
0.021553492916463118
0.019320957498778702
0.02139228138739619
0.01941866145578896
0.021529066927210554
0.019311187103077675
0.021499755740107474
0.019101123595505618
0.02137274059599414
0.019491939423546652
0.021446018563751834
0.019413776257938446
0.021436248168050804
0.019394235466536392
0.02164142647777235
0.019242794333170495
0.02154372252076209
0.019472398632144602
0.021485100146555934
0.019296531509526135
0.021509526135808497
0.01941866145578896
0.021592574499267218
0.019374694675134342
0.021602344894968248
0.019404005862237422
0.021553492916463118
0.019433317049340496
0.02169027845627748
0.019389350268685882
0.021602344894968248
0.019345383488031265
0.021421592574499267
0.019320957498778702
0.021582804103566194
0.019262335124572545
0.021323888617489007
0.019423546653639472
0.021548607718612604
0.019272105520273572
0.021636541279921838
0.019404005862237422
0.02155837811431363
0.01936980947728383
0.021499755740107474
0.01918417195896434
0.021519296531509524
0.01944797264289204
0.021573033707865168
0.01938446507083537
0.021382510991695164
0.01924767953102101
0.021382510991695164
0.019296531509526135
0.02160723009281876
0.019423546653639472
0.021485100146555934
0.019262335124572545
0.021504640937957988
0.01935515388373229
0.02162677088422081
0.019272105520273572
0.021568148510014654
0.019413776257938446
0.02139228138739619
0.019311187103077675
0.021548607718612604
0.019379579872984855
0.021553492916463118
0.019360039081582806
0.021465559355153884
0.0191695163654128
0.021582804103566194
0.01933561309233024
0.021406936980947727
0.019487054225696143
0.0216609672691744
0.019345383488031265
0.02143136297020029
0.019472398632144602
0.021538837322911578
0.019374694675134342
0.021499755740107474
0.019345383488031265
0.02156326331216414
0.01923790913531998
0.021504640937957988
0.019404005862237422
0.02145578895945286
0.019345383488031265
0.021651196873473375
0.019374694675134342
0.021538837322911578
0.01936980947728383
0.021509526135808497
0.019345383488031265
0.02162677088422081
0.019462628236443576
0.02149487054225696
0.019457743038593062
0.02159745969711773
0.019320957498778702
0.02142647777234978
0.01930141670737665
0.02154372252076209
0.019487054225696143
0.021533952125061068
0.019433317049340496
0.02164631167562286
0.019443087445041526
0.021680508060576455
0.019374694675134342
0.02134831460674157
0.019389350268685882
0.02164631167562286
0.01924767953102101
0.021612115290669275
0.019291646311675622
0.02143136297020029
0.01935026868588178
0.02151441133365901
0.019443087445041526
0.021465559355153884
0.01938446507083537
0.02152418172936004
0.01933561309233024
0.021441133365901317
0.01948216902784563
0.021553492916463118
0.019296531509526135
0.021602344894968248
0.019330727894479725
0.021436248168050804
0.019389350268685882
0.02145578895945286
0.01925256472887152
0.021621885686370298
0.019311187103077675
0.021714704445530045
0.01948216902784563
0.021700048851978505
0.019408891060087932
0.021499755740107474
0.01938446507083537
0.021538837322911578
0.019228138739618955
0.021592574499267218
0.019628724963361016
0.021509526135808497
0.019316072300928185
0.02142647777234978
0.019291646311675622
0.02142647777234978
0.019443087445041526
0.021665852467024915
0.019242794333170495
0.02152418172936004
0.019330727894479725
0.021651196873473375
0.01935026868588178
0.021587689301416704
0.019242794333170495
0.02141182217879824
0.019423546653639472
0.02151441133365901
0.019340498290180752
0.021480214948705424
0.019579872984855886
0.02160723009281876
0.019360039081582806
0.021538837322911578
0.019433317049340496
0.021695163654127995
0.019394235466536392
0.021529066927210554
0.01923790913531998
0.021499755740107474
0.019345383488031265
0.021470444553004397
0.019457743038593062
0.021573033707865168
0.01939912066438691
0.021592574499267218
0.01941866145578896
0.021675622862725938
0.019428431851489986
0.021489985344406447
0.01919394235466536
0.02154372252076209
0.01939912066438691
0.021548607718612604
0.019120664386907668
0.02137274059599414
0.01930141670737665
0.0217733268197362
0.01919394235466536
0.021553492916463118
0.019394235466536392
0.02145578895945286
0.01930141670737665
0.021519296531509524
0.019428431851489986
0.021719589643380558
0.019457743038593062
0.021753786028334145
0.019272105520273572
0.021651196873473375
0.019408891060087932
0.021421592574499267
0.0191695163654128
0.021509526135808497
0.01939912066438691
0.021568148510014654
0.019360039081582806
0.021485100146555934
0.019306301905227162
0.021421592574499267
0.01930141670737665
0.021450903761602347
0.019428431851489986
0.021573033707865168
0.019379579872984855
0.021675622862725938
0.019496824621397166
0.021573033707865168
0.019379579872984855
0.021573033707865168
0.01941866145578896
0.021553492916463118
0.019276990718124082
0.021568148510014654
0.019345383488031265
0.02143136297020029
0.01956521739130435
0.021504640937957988
0.019423546653639472
0.021621885686370298
0.019360039081582806
0.02154372252076209
0.019320957498778702
0.02154372252076209
0.019374694675134342
0.0216609672691744
0.01955056179775281
0.021719589643380558
0.01936492427943332
0.021485100146555934
0.019521250610649733
0.02151441133365901
0.019291646311675622
0.02162677088422081
0.019511480214948706
0.021568148510014654
0.019443087445041526
0.021489985344406447
0.019340498290180752
0.02157791890571568
0.019379579872984855
0.021612115290669275
0.019423546653639472
0.021553492916463118
0.019291646311675622
0.021450903761602347
0.019316072300928185
0.02154372252076209
0.019340498290180752
0.021573033707865168
0.019389350268685882
0.021387396189545677
0.01930141670737665
0.021436248168050804
0.019115779189057155
0.021314118221787984
0.01930141670737665
0.021675622862725938
0.019198827552515875
0.021695163654127995
0.01935026868588178
0.021441133365901317
0.01924767953102101
0.021470444553004397
0.019330727894479725
0.02155837811431363
0.019389350268685882
0.021499755740107474
0.019433317049340496
0.02151441133365901
0.019296531509526135
0.02164631167562286
0.019404005862237422
0.021519296531509524
0.019316072300928185
0.02152418172936004
0.019374694675134342
0.02149487054225696
0.019404005862237422
0.02170981924767953
0.019443087445041526
0.021617000488519788
0.01918905715681485
0.021587689301416704
0.01941866145578896
0.021582804103566194
0.019423546653639472
0.021504640937957988
0.019360039081582806
0.021573033707865168
0.019311187103077675
0.02151441133365901
0.019457743038593062
0.021406936980947727
0.019272105520273572
0.021612115290669275
0.019325842696629215
0.021714704445530045
0.01935026868588178
0.021499755740107474
0.019496824621397166
0.021568148510014654
0.019433317049340496
0.021617000488519788
0.019330727894479725
0.021489985344406447
0.019325842696629215
0.021621885686370298
0.019325842696629215
0.021529066927210554
0.019311187103077675
0.021529066927210554
0.019276990718124082
0.02164142647777235
0.019374694675134342
0.021416707376648754
0.01936492427943332
0.021519296531509524
0.019389350268685882
0.021573033707865168
0.019272105520273572
0.021446018563751834
0.019330727894479725
0.021675622862725938
0.01936492427943332
0.021509526135808497
0.019306301905227162
0.0216609672691744
0.019286761113825112
0.021602344894968248
0.019262335124572545
0.02156326331216414
0.019291646311675622
0.021685393258426968
0.019360039081582806
0.02159745969711773
0.01939912066438691
0.021719589643380558
0.01941866145578896
0.021675622862725938
0.019311187103077675
0.02142647777234978
0.01933561309233024
0.02145578895945286
0.019428431851489986
0.021700048851978505
0.019408891060087932
0.02141182217879824
0.019428431851489986
0.021631656082071325
0.01933561309233024
0.021504640937957988
0.019311187103077675
0.021573033707865168
0.019404005862237422
0.021680508060576455
0.01935515388373229
0.02160723009281876
0.019340498290180752
0.021509526135808497
0.019462628236443576
0.021338544211040547
0.019286761113825112
0.021519296531509524
0.019257449926722032
0.02143136297020029
0.01933561309233024
0.021529066927210554
0.019291646311675622
0.021573033707865168
0.019540791402051783
0.021509526135808497
0.01936492427943332
0.021651196873473375
0.019311187103077675
0.021680508060576455
0.019306301905227162
0.02164142647777235
0.019374694675134342
0.02145578895945286
0.019306301905227162
0.021553492916463118
0.0191695163654128
0.02152418172936004
0.019311187103077675
0.021489985344406447
0.019374694675134342
0.021573033707865168
0.01917440156326331
0.021470444553004397
0.01946751343429409
0.02156326331216414
0.01948216902784563
0.021621885686370298
0.019272105520273572
0.021441133365901317
0.019257449926722032
0.021612115290669275
0.019316072300928185
0.02162677088422081
0.019262335124572545
0.021602344894968248
0.019320957498778702
0.021612115290669275
0.019404005862237422
0.021675622862725938
0.019296531509526135
0.02164631167562286
0.019325842696629215
0.021587689301416704
0.019340498290180752
0.021656082071323888
0.01945285784074255
0.021656082071323888
0.019389350268685882
0.021402051783097217
0.01915974596971177
0.021719589643380558
0.019379579872984855
0.0217733268197362
0.019360039081582806
0.0218124084025403
0.019433317049340496
0.021450903761602347
0.019320957498778702
0.021446018563751834
0.01925256472887152
0.021587689301416704
0.01921836834391793
0.021602344894968248
0.019291646311675622
0.021592574499267218
0.019276990718124082
0.02149487054225696
0.019242794333170495
0.021509526135808497
0.019487054225696143
0.02151441133365901
0.019198827552515875
0.02169027845627748
0.019496824621397166
0.021538837322911578
0.019311187103077675
0.021548607718612604
0.019408891060087932
0.02159745969711773
0.01933561309233024
0.02145578895945286
0.01925256472887152
0.021602344894968248
0.019296531509526135
0.021470444553004397
0.01917440156326331
0.02147532975085491
0.01916463116756229
0.021807523204689788
0.019296531509526135
0.02170981924767953
0.019491939423546652
0.02162677088422081
0.01936980947728383
0.021367855398143627
0.01935026868588178
0.021533952125061068
0.019438202247191012
0.021656082071323888
0.019291646311675622
0.02155837811431363
0.019272105520273572
0.021529066927210554
0.01936980947728383
0.02155837811431363
0.019262335124572545
0.021602344894968248
0.019360039081582806
0.021294577430385934
0.01930141670737665
0.021695163654127995
0.019320957498778702
0.02154372252076209
0.019531021006350756
0.0216609672691744
0.01941866145578896
0.021568148510014654
0.019257449926722032
0.021509526135808497
0.01941866145578896
0.021568148510014654
0.01933561309233024
0.021631656082071325
0.01944797264289204
0.021714704445530045
0.019330727894479725
0.021675622862725938
0.019340498290180752
0.021714704445530045
0.01936980947728383
0.021485100146555934
0.01923790913531998
0.021817293600390815
0.019413776257938446
0.021680508060576455
0.019404005862237422
0.02156326331216414
0.019394235466536392
0.021592574499267218
0.019345383488031265
0.021548607718612604
0.019404005862237422
0.021763556424035175
0.019555446995603323
0.021568148510014654
0.019325842696629215
0.021714704445530045
0.0192818759159746
0.021612115290669275
0.019477283829995116
0.021587689301416704
0.01941866145578896
0.02154372252076209
0.019491939423546652
0.021592574499267218
0.01936980947728383
0.021470444553004397
0.01941866145578896
0.02141182217879824
0.019487054225696143
0.0216609672691744
0.019408891060087932
0.02145578895945286
0.0195847581827064
0.021753786028334145
0.01935515388373229
0.02164631167562286
0.019521250610649733
0.021573033707865168
0.01935026868588178
0.021675622862725938
0.01953590620420127
0.021509526135808497
0.01946751343429409
0.02160723009281876
0.01935026868588178
0.021617000488519788
0.01914020517830972
0.021489985344406447
0.01941866145578896
0.02156326331216414
0.01917440156326331
0.021753786028334145
0.01946751343429409
0.02160723009281876
0.019408891060087932
0.021573033707865168
0.01936980947728383
0.021402051783097217
0.019443087445041526
0.021441133365901317
0.01941866145578896
0.02151441133365901
0.019320957498778702
0.021568148510014654
0.01936492427943332
0.021499755740107474
0.019257449926722032
0.021587689301416704
0.01938446507083537
0.02170981924767953
0.01935026868588178
0.021402051783097217
0.019545676599902296
0.021685393258426968
0.01930141670737665
0.02164142647777235
0.0192818759159746
0.02145578895945286
0.019404005862237422
0.021675622862725938
0.019286761113825112
0.021724474841231068
0.019389350268685882
0.021631656082071325
0.01941866145578896
0.02162677088422081
0.019320957498778702
0.021587689301416704
0.019408891060087932
0.021753786028334145
0.019413776257938446
0.021573033707865168
0.019423546653639472
0.021685393258426968
0.01936492427943332
0.021592574499267218
0.019311187103077675
0.021470444553004397
0.019487054225696143
0.021519296531509524
0.01946751343429409
0.0216609672691744
0.019545676599902296
0.02157791890571568
0.019506595017098192
0.021704934049829018
0.01941866145578896
0.021250610649731314
0.019423546653639472
0.021533952125061068
0.019316072300928185
0.02155837811431363
0.019374694675134342
0.021294577430385934
0.01936980947728383
0.021504640937957988
0.019472398632144602
0.02143136297020029
0.019228138739618955
0.021387396189545677
0.019320957498778702
0.02151441133365901
0.019379579872984855
0.021636541279921838
0.01936980947728383
0.02152418172936004
0.019404005862237422
0.021504640937957988
0.019340498290180752
0.021665852467024915
0.019345383488031265
0.021670737664875424
0.019511480214948706
0.021553492916463118
0.019213483146067415
0.02145578895945286
0.019325842696629215
0.021582804103566194
0.019438202247191012
0.02164142647777235
0.01924767953102101
0.02157791890571568
0.019487054225696143
0.02154372252076209
0.019291646311675622
0.021592574499267218
0.019394235466536392
0.021485100146555934
0.019374694675134342
0.021763556424035175
0.01939912066438691
0.021553492916463118
0.01944797264289204
0.02152418172936004
0.01935026868588178
0.021665852467024915
0.01923790913531998
0.021636541279921838
0.019443087445041526
0.021621885686370298
0.019311187103077675
0.021617000488519788
0.019540791402051783
0.02156326331216414
0.019306301905227162
0.021382510991695164
0.019296531509526135
0.021450903761602347
0.019462628236443576
0.021612115290669275
0.01923790913531998
0.021631656082071325
0.019472398632144602
0.021446018563751834
0.01935026868588178
0.021446018563751834
0.019291646311675622
0.021504640937957988
0.01948216902784563
0.021724474841231068
0.01925256472887152
0.021621885686370298
0.01933561309233024
0.02169027845627748
0.019320957498778702
0.021602344894968248
0.019413776257938446
0.021582804103566194
0.01938446507083537
0.021631656082071325
0.019394235466536392
0.02164631167562286
0.01946751343429409
0.021602344894968248
0.019413776257938446
0.021573033707865168
0.019316072300928185
0.021573033707865168
0.019531021006350756
0.021685393258426968
0.019291646311675622
0.021675622862725938
0.019389350268685882
0.021489985344406447
0.019511480214948706
0.02156326331216414
0.019203712750366392
0.021402051783097217
0.01948216902784563
0.021602344894968248
0.01923790913531998
0.021553492916463118
0.01938446507083537
0.02155837811431363
0.01930141670737665
0.021680508060576455
0.019345383488031265
0.021621885686370298
0.01941866145578896
0.02137274059599414
0.019496824621397166
0.021592574499267218
0.019340498290180752
0.021480214948705424
0.019257449926722032
0.021553492916463118
0.019286761113825112
0.02147532975085491
0.019276990718124082
0.021621885686370298
0.01930141670737665
0.021533952125061068
0.019325842696629215
0.021470444553004397
0.019360039081582806
0.021573033707865168
0.019242794333170495
0.021402051783097217
0.019296531509526135
0.021621885686370298
0.0192818759159746
0.021670737664875424
0.01945285784074255
0.02143136297020029
0.019325842696629215
0.02151441133365901
0.0192818759159746
0.02141182217879824
0.0195847581827064
0.021636541279921838
0.019306301905227162
0.021553492916463118
0.01939912066438691
0.021509526135808497
0.01925256472887152
0.021665852467024915
0.019257449926722032
0.021533952125061068
0.01926722032242306
0.021592574499267218
0.019404005862237422
0.02170981924767953
0.019477283829995116
0.02149487054225696
0.0192085979482169
0.021602344894968248
0.01926722032242306
0.021529066927210554
0.01925256472887152
0.02151441133365901
0.019125549584758185
0.021636541279921838
0.01946751343429409
0.021573033707865168
0.019325842696629215
0.021509526135808497
0.019286761113825112
0.021416707376648754
0.019291646311675622
0.021548607718612604
0.01939912066438691
0.02149487054225696
0.01933561309233024
0.021470444553004397
0.01936492427943332
0.021617000488519788
0.01935026868588178
0.021465559355153884
0.01926722032242306
0.02134831460674157
0.019360039081582806
0.02157791890571568
0.01935515388373229
0.021587689301416704
0.019345383488031265
0.021338544211040547
0.0192818759159746
0.02149487054225696
0.019658036150464093
0.021582804103566194
0.019316072300928185
0.021612115290669275
0.019345383488031265
0.02149487054225696
0.01935515388373229
0.02145578895945286
0.019325842696629215
0.021538837322911578
0.019374694675134342
0.021656082071323888
0.019120664386907668
0.021612115290669275
0.019457743038593062
0.02156326331216414
0.01925256472887152
0.021358085002442597
0.019325842696629215
0.02152418172936004
0.01935026868588178
0.021695163654127995
0.019316072300928185
0.021587689301416704
0.019389350268685882
0.021568148510014654
0.019506595017098192
0.02132877381533952
0.019345383488031265
0.02151441133365901
0.0192818759159746
0.021446018563751834
0.019272105520273572
0.021421592574499267
0.019320957498778702
0.021680508060576455
0.019228138739618955
0.021441133365901317
0.01935026868588178
0.02141182217879824
0.019433317049340496
0.02145578895945286
0.01935026868588178
0.021680508060576455
0.01926722032242306
0.021602344894968248
0.019408891060087932
0.021489985344406447
0.019272105520273572
0.02157791890571568
0.019408891060087932
0.02164631167562286
0.019242794333170495
0.021631656082071325
0.019286761113825112
0.021533952125061068
0.019438202247191012
0.02147532975085491
0.019311187103077675
0.021533952125061068
0.019521250610649733
0.021763556424035175
0.019340498290180752
0.021665852467024915
0.019325842696629215
0.02164142647777235
0.019276990718124082
0.02147532975085491
0.019394235466536392
0.021538837322911578
0.01941866145578896
0.021675622862725938
0.01936980947728383
0.021519296531509524
0.01935515388373229
0.02160723009281876
0.019286761113825112
0.021680508060576455
0.019394235466536392
0.02145578895945286
0.019477283829995116
0.021441133365901317
0.019423546653639472
0.02164631167562286
0.01936980947728383
0.02151441133365901
0.01919394235466536
0.021499755740107474
0.019276990718124082
0.02164142647777235
0.01944797264289204
0.021680508060576455
0.01936492427943332
0.021582804103566194
0.019306301905227162
0.021480214948705424
0.01944797264289204
0.021568148510014654
0.019296531509526135
0.02160723009281876
0.019413776257938446
0.021548607718612604
0.019286761113825112
0.021568148510014654
0.01923790913531998
0.021470444553004397
0.019286761113825112
0.02137274059599414
0.01945285784074255
0.021553492916463118
0.019340498290180752
0.02152418172936004
0.019340498290180752
0.02152418172936004
0.019433317049340496
0.021519296531509524
0.019296531509526135
0.02154372252076209
0.019340498290180752
0.02149487054225696
0.01939912066438691
0.021602344894968248
0.019345383488031265
0.021675622862725938
0.019374694675134342
0.021568148510014654
0.019589643380556913
0.021470444553004397
0.019276990718124082
0.02146067415730337
0.01938446507083537
0.02156326331216414
0.01935026868588178
0.021753786028334145
0.0192818759159746
0.021509526135808497
0.019233023937469465
0.02174890083048363
0.019257449926722032
0.021441133365901317
0.019404005862237422
0.021509526135808497
0.01930141670737665
0.02164142647777235
0.019413776257938446
0.021573033707865168
0.019257449926722032
0.021450903761602347
0.019316072300928185
0.021509526135808497
0.01944797264289204
0.021719589643380558
0.01921836834391793
0.021509526135808497
0.019379579872984855
0.02130923302393747
0.01933561309233024
0.02143136297020029
0.01923790913531998
0.021485100146555934
0.019438202247191012
0.02149487054225696
0.01944797264289204
0.021739130434782608
0.019423546653639472
0.021670737664875424
0.01936492427943332
0.021612115290669275
0.0192085979482169
0.02155837811431363
0.019413776257938446
0.021617000488519788
0.019345383488031265
0.021680508060576455
0.01945285784074255
0.021470444553004397
0.01933561309233024
0.021670737664875424
0.019379579872984855
0.021621885686370298
0.019443087445041526
0.021538837322911578
0.01941866145578896
0.02164631167562286
0.019389350268685882
0.021582804103566194
0.019325842696629215
0.021465559355153884
0.019242794333170495
0.021504640937957988
0.01936980947728383
0.021529066927210554
0.01930141670737665
0.021582804103566194
0.019360039081582806
0.021714704445530045
0.019228138739618955
0.02152418172936004
0.019233023937469465
0.021421592574499267
0.019345383488031265
0.02179286761113825
0.01938446507083537
0.021436248168050804
0.01924767953102101
0.021441133365901317
0.01930141670737665
0.021397166585246704
0.019360039081582806
0.02142647777234978
0.019423546653639472
0.02152418172936004
0.019223253541768442
0.021670737664875424
0.019404005862237422
0.021582804103566194
0.01938446507083537
0.021436248168050804
0.019404005862237422
0.02134342940889106
0.019394235466536392
0.021485100146555934
0.01915974596971177
0.021504640937957988
0.019457743038593062
0.021538837322911578
0.019511480214948706
0.021636541279921838
0.019428431851489986
0.02142647777234978
0.019316072300928185
0.0216609672691744
0.019272105520273572
0.021441133365901317
0.01938446507083537
0.02143136297020029
0.019340498290180752
0.021387396189545677
0.019345383488031265
0.02170981924767953
0.01930141670737665
0.0216609672691744
0.019330727894479725
0.021602344894968248
0.019389350268685882
0.021704934049829018
0.01933561309233024
0.02169027845627748
0.019291646311675622
0.02164631167562286
0.019404005862237422
0.02156326331216414
0.019306301905227162
0.02174890083048363
0.019296531509526135
0.021636541279921838
0.01926722032242306
0.021573033707865168
0.01930141670737665
0.02164142647777235
0.01936980947728383
0.021656082071323888
0.019272105520273572
0.02164631167562286
0.019257449926722032
0.021548607718612604
0.019506595017098192
0.021509526135808497
0.019306301905227162
0.02160723009281876
0.01946751343429409
0.0216609672691744
0.01939912066438691
0.021612115290669275
0.01936492427943332
0.02149487054225696
0.019394235466536392
0.021436248168050804
0.01939912066438691
0.021553492916463118
0.01939912066438691
0.021568148510014654
0.0192818759159746
0.02157791890571568
0.01936980947728383
0.021489985344406447
0.0192818759159746
0.021568148510014654
0.019404005862237422
0.02152418172936004
0.01914997557401075
0.021617000488519788
0.019296531509526135
0.02137274059599414
0.019408891060087932
0.02149487054225696
0.019286761113825112
0.021533952125061068
0.01948216902784563
0.021529066927210554
0.019389350268685882
0.021582804103566194
0.01935515388373229
0.021504640937957988
0.019316072300928185
0.021519296531509524
0.0192085979482169
0.02139228138739619
0.01938446507083537
0.02143136297020029
0.01935026868588178
0.021582804103566194
0.019154860771861258
0.02157791890571568
0.019330727894479725
0.021612115290669275
0.01936492427943332
0.021602344894968248
0.019233023937469465
0.021568148510014654
0.019213483146067415
0.021582804103566194
0.01914020517830972
0.021441133365901317
0.019457743038593062
0.021621885686370298
0.01935515388373229
0.021533952125061068
0.0192085979482169
0.02157791890571568
0.01923790913531998
0.021587689301416704
0.0192818759159746
0.02162677088422081
0.019423546653639472
0.021592574499267218
0.01919394235466536
0.02142647777234978
0.019438202247191012
0.021465559355153884
0.01944797264289204
0.021504640937957988
0.019404005862237422
0.021548607718612604
0.019345383488031265
0.021553492916463118
0.01936492427943332
0.021485100146555934
0.019306301905227162
0.02141182217879824
0.019291646311675622
0.021485100146555934
0.01916463116756229
0.02149487054225696
0.01930141670737665
0.021704934049829018
0.019320957498778702
0.021489985344406447
0.019272105520273572
0.021651196873473375
0.0192085979482169
0.02154372252076209
0.019179286761113825
0.02162677088422081
0.019389350268685882
0.02142647777234978
0.019325842696629215
0.021538837322911578
0.019228138739618955
0.021695163654127995
0.019233023937469465
0.021548607718612604
0.019228138739618955
0.021538837322911578
0.01950170981924768
0.021480214948705424
0.019272105520273572
0.02147532975085491
0.01921836834391793
0.02151441133365901
0.019330727894479725
0.02154372252076209
0.019272105520273572
0.021529066927210554
0.019404005862237422
0.021602344894968248
0.019320957498778702
0.021617000488519788
0.019311187103077675
0.021685393258426968
0.019330727894479725
0.021402051783097217
0.019394235466536392
0.021612115290669275
0.019233023937469465
0.02160723009281876
0.01916463116756229
0.021592574499267218
0.019272105520273572
0.021509526135808497
0.01935515388373229
0.021739130434782608
0.019233023937469465
0.02164631167562286
0.019438202247191012
0.021631656082071325
0.019311187103077675
0.02155837811431363
0.019320957498778702
0.021509526135808497
0.01936980947728383
0.021582804103566194
0.019306301905227162
0.021387396189545677
0.0192085979482169
0.021465559355153884
0.01926722032242306
0.021529066927210554
0.019491939423546652
0.021406936980947727
0.019408891060087932
0.021465559355153884
0.019242794333170495
0.021529066927210554
0.01936492427943332
0.021533952125061068
0.01939912066438691
0.021436248168050804
0.019198827552515875
0.021519296531509524
0.01948216902784563
0.021519296531509524
0.019413776257938446
0.021778212017586715
0.019276990718124082
0.02159745969711773
0.019408891060087932
0.02151441133365901
0.01924767953102101
0.021402051783097217
0.01921836834391793
0.021602344894968248
0.01933561309233024
0.021656082071323888
0.01946751343429409
0.021592574499267218
0.01939912066438691
0.02164631167562286
0.01926722032242306
0.02159745969711773
0.019311187103077675
0.02152418172936004
0.019379579872984855
0.021602344894968248
0.01935515388373229
0.021436248168050804
0.019228138739618955
0.021402051783097217
0.019306301905227162
0.021377625793844654
0.01935515388373229
0.021612115290669275
0.019311187103077675
0.021470444553004397
0.01933561309233024
0.02160723009281876
0.01936980947728383
0.021533952125061068
0.019198827552515875
0.02155837811431363
0.019374694675134342
0.02156326331216414
0.019262335124572545
0.021739130434782608
0.019433317049340496
0.021402051783097217
0.01921836834391793
0.02152418172936004
0.01936980947728383
0.02147532975085491
0.019311187103077675
0.021450903761602347
0.019472398632144602
0.02156326331216414
0.01935515388373229
0.021402051783097217
0.01926722032242306
0.021612115290669275
0.019404005862237422
0.021568148510014654
0.019496824621397166
0.0216609672691744
0.019423546653639472
0.021509526135808497
0.019325842696629215
0.021621885686370298
0.019242794333170495
0.021548607718612604
0.019462628236443576
0.021529066927210554
0.019423546653639472
0.021568148510014654
0.019320957498778702
0.021538837322911578
0.019413776257938446
0.021485100146555934
0.01950170981924768
0.02157791890571568
0.01923790913531998
0.021397166585246704
0.019423546653639472
0.021685393258426968
0.0192818759159746
0.021602344894968248
0.019223253541768442
0.021450903761602347
0.019272105520273572
0.021685393258426968
0.019413776257938446
0.021573033707865168
0.01926722032242306
0.021548607718612604
0.019262335124572545
0.021568148510014654
0.019408891060087932
0.021450903761602347
0.01941866145578896
0.02156326331216414
0.019404005862237422
0.021314118221787984
0.01938446507083537
0.02156326331216414
0.01923790913531998
0.02159745969711773
0.019511480214948706
0.021568148510014654
0.019408891060087932
0.021367855398143627
0.01936980947728383
0.021582804103566194
0.019242794333170495
0.02154372252076209
0.0192818759159746
0.021568148510014654
0.01935515388373229
0.021621885686370298
0.019487054225696143
0.021441133365901317
0.01924767953102101
0.021553492916463118
0.019394235466536392
0.021519296531509524
0.019213483146067415
0.02160723009281876
0.01948216902784563
0.021587689301416704
0.019203712750366392
0.021519296531509524
0.019374694675134342
0.02164631167562286
0.01941866145578896
0.021446018563751834
0.019257449926722032
0.021704934049829018
0.01933561309233024
0.021416707376648754
0.019306301905227162
0.0212457254518808
0.019286761113825112
0.021489985344406447
0.019360039081582806
0.02149487054225696
0.01926722032242306
0.02162677088422081
0.01941866145578896
0.021519296531509524
0.019096238397655105
0.021617000488519788
0.01925256472887152
0.021416707376648754
0.01930141670737665
0.02157791890571568
0.019257449926722032
0.021533952125061068
0.019379579872984855
0.021538837322911578
0.019296531509526135
0.021529066927210554
0.019316072300928185
0.02155837811431363
0.019272105520273572
0.02155837811431363
0.019291646311675622
0.02159745969711773
0.019311187103077675
0.021504640937957988
0.01933561309233024
0.02134831460674157
0.01930141670737665
0.021397166585246704
0.019428431851489986
0.021499755740107474
0.019374694675134342
0.02182217879824133
0.019404005862237422
0.021480214948705424
0.019340498290180752
0.02145578895945286
0.01930141670737665
0.021568148510014654
0.019438202247191012
0.021485100146555934
0.01915974596971177
0.021436248168050804
0.01945285784074255
0.021533952125061068
0.019276990718124082
0.02160723009281876
0.01944797264289204
0.021470444553004397
0.019379579872984855
0.02137274059599414
0.01945285784074255
0.021719589643380558
0.019306301905227162
0.021573033707865168
0.019360039081582806
0.021529066927210554
0.019374694675134342
0.021602344894968248
0.019316072300928185
0.021533952125061068
0.019330727894479725
0.021450903761602347
0.019262335124572545
0.021382510991695164
0.019291646311675622
0.021470444553004397
0.0192818759159746
0.02143136297020029
0.019320957498778702
0.021602344894968248
0.019276990718124082
0.021680508060576455
0.019286761113825112
0.02145578895945286
0.0192085979482169
0.02156326331216414
0.01926722032242306
0.02157791890571568
0.01935515388373229
0.021519296531509524
0.0192818759159746
0.021519296531509524
0.019389350268685882
0.021704934049829018
0.01935515388373229
0.021397166585246704
0.019213483146067415
0.021353199804592084
0.019286761113825112
0.02147532975085491
0.0192818759159746
0.021568148510014654
0.019257449926722032
0.021489985344406447
0.019242794333170495
0.021485100146555934
0.019272105520273572
0.021509526135808497
0.01933561309233024
0.02151441133365901
0.019394235466536392
0.021631656082071325
0.01939912066438691
0.02162677088422081
0.01938446507083537
0.021617000488519788
0.019311187103077675
0.02151441133365901
0.019438202247191012
0.021509526135808497
0.019257449926722032
0.02170981924767953
0.019286761113825112
0.021582804103566194
0.019276990718124082
0.02156326331216414
0.01917440156326331
0.021548607718612604
0.01935026868588178
0.02149487054225696
0.019296531509526135
0.021499755740107474
0.01935026868588178
0.021519296531509524
0.019291646311675622
0.021621885686370298
0.01925256472887152
0.021294577430385934
0.019438202247191012
0.021685393258426968
0.01933561309233024
0.021631656082071325
0.01936980947728383
0.021446018563751834
0.01938446507083537
0.021485100146555934
0.019330727894479725
0.021450903761602347
0.019404005862237422
0.02159745969711773
0.019306301905227162
0.021631656082071325
0.019438202247191012
0.021499755740107474
0.019213483146067415
0.021631656082071325
0.01933561309233024
0.021406936980947727
0.019228138739618955
0.021446018563751834
0.01938446507083537
0.021470444553004397
0.019306301905227162
0.021529066927210554
0.01938446507083537
0.021489985344406447
0.019286761113825112
0.021553492916463118
0.019311187103077675
0.02169027845627748
0.019325842696629215
0.02149487054225696
0.019360039081582806
0.02146067415730337
0.019296531509526135
0.021553492916463118
0.01941866145578896
0.02157791890571568
0.019394235466536392
0.021602344894968248
0.01944797264289204
0.021695163654127995
0.01936980947728383
0.021553492916463118
0.0192818759159746
0.02156326331216414
0.019198827552515875
0.021367855398143627
0.01933561309233024
0.021450903761602347
0.01951636541279922
0.021489985344406447
0.019276990718124082
0.021636541279921838
0.01939912066438691
0.02155837811431363
0.01935026868588178
0.021592574499267218
0.01944797264289204
0.02159745969711773
0.019423546653639472
0.021504640937957988
0.019340498290180752
0.02162677088422081
0.019413776257938446
0.02151441133365901
0.01936492427943332
0.021617000488519788
0.01936492427943332
0.021533952125061068
0.019340498290180752
0.021680508060576455
0.019433317049340496
0.021387396189545677
0.019311187103077675
0.021367855398143627
0.019413776257938446
0.02149487054225696
0.019472398632144602
0.02147532975085491
0.019306301905227162
0.02151441133365901
0.019276990718124082
0.02162677088422081
0.019272105520273572
0.021670737664875424
0.019203712750366392
0.02155837811431363
0.019389350268685882
0.021485100146555934
0.0191695163654128
0.021489985344406447
0.01919394235466536
0.021489985344406447
0.01939912066438691
0.021636541279921838
0.019276990718124082
0.021636541279921838
0.019340498290180752
0.021675622862725938
0.019330727894479725
0.021592574499267218
0.019296531509526135
0.021382510991695164
0.019374694675134342
0.02164631167562286
0.019316072300928185
0.02126038104543234
0.01926722032242306
0.02136297020029311
0.019286761113825112
0.021509526135808497
0.019506595017098192
0.02145578895945286
0.01941866145578896
0.021724474841231068
0.019413776257938446
0.02156326331216414
0.019360039081582806
0.02132877381533952
0.019345383488031265
0.02156326331216414
0.019198827552515875
0.021485100146555934
0.01935515388373229
0.021631656082071325
0.019379579872984855
0.021504640937957988
0.019320957498778702
0.02169027845627748
0.019560332193453836
0.021734245236932095
0.019272105520273572
0.021489985344406447
0.0192818759159746
0.02164142647777235
0.019496824621397166
0.02162677088422081
0.019296531509526135
0.021529066927210554
0.019325842696629215
0.021553492916463118
0.01936980947728383
0.021587689301416704
0.01935026868588178
0.021470444553004397
0.019276990718124082
0.021450903761602347
0.01921836834391793
0.021436248168050804
0.01921836834391793
0.02141182217879824
0.019306301905227162
0.02149487054225696
0.019198827552515875
0.02160723009281876
0.019438202247191012
0.021592574499267218
0.019345383488031265
0.02134831460674157
0.01944797264289204
0.02146067415730337
0.019311187103077675
0.02149487054225696
0.01935515388373229
0.021602344894968248
0.019276990718124082
0.021670737664875424
0.019340498290180752
0.02162677088422081
0.019404005862237422
0.02145578895945286
0.01936980947728383
0.021402051783097217
0.019257449926722032
0.021358085002442597
0.019438202247191012
0.02156326331216414
0.01945285784074255
0.021739130434782608
0.019233023937469465
0.021763556424035175
0.019242794333170495
0.021402051783097217
0.019423546653639472
0.02151441133365901
0.019291646311675622
0.021592574499267218
0.019374694675134342
0.02169027845627748
0.01918417195896434
0.021621885686370298
0.01936492427943332
0.02154372252076209
0.01930141670737665
0.02139228138739619
0.019203712750366392
0.021538837322911578
0.019506595017098192
0.021573033707865168
0.01938446507083537
0.02147532975085491
0.01926722032242306
0.021465559355153884
0.019306301905227162
0.021636541279921838
0.01924767953102101
0.021504640937957988
0.01938446507083537
0.021592574499267218
0.0192818759159746
0.021675622862725938
0.019286761113825112
0.02155837811431363
0.019506595017098192
0.02143136297020029
0.019272105520273572
0.021519296531509524
0.019340498290180752
0.021587689301416704
0.01916463116756229
0.02151441133365901
0.019394235466536392
0.02160723009281876
0.01936980947728383
0.021621885686370298
0.01930141670737665
0.02147532975085491
0.019316072300928185
0.021651196873473375
0.019316072300928185
0.02169027845627748
0.019413776257938446
0.021582804103566194
0.019491939423546652
0.021675622862725938
0.019443087445041526
0.021406936980947727
0.01936980947728383
0.0216609672691744
0.019306301905227162
0.02154372252076209
0.01951636541279922
0.021602344894968248
0.01946751343429409
0.021416707376648754
0.019345383488031265
0.021450903761602347
0.019340498290180752
0.021719589643380558
0.019325842696629215
0.021665852467024915
0.019276990718124082
0.021617000488519788
0.019472398632144602
0.02169027845627748
0.0192818759159746
0.02164142647777235
0.019443087445041526
0.02164631167562286
0.01951636541279922
0.021617000488519788
0.01941866145578896
0.021568148510014654
0.019413776257938446
0.021783097215437225
0.019330727894479725
0.02164142647777235
0.01923790913531998
0.021504640937957988
0.019433317049340496
0.02164631167562286
0.019443087445041526
0.021587689301416704
0.019389350268685882
0.021636541279921838
0.019545676599902296
0.02155837811431363
0.01950170981924768
0.021568148510014654
0.019394235466536392
0.021499755740107474
0.019487054225696143
0.02164142647777235
0.019438202247191012
0.021436248168050804
0.019320957498778702
0.021529066927210554
0.01918905715681485
0.021621885686370298
0.01935515388373229
0.02159745969711773
0.019389350268685882
0.021465559355153884
0.019233023937469465
0.021480214948705424
0.01935515388373229
0.021670737664875424
0.01933561309233024
0.02164631167562286
0.019311187103077675
0.02157791890571568
0.019379579872984855
0.021441133365901317
0.019330727894479725
0.021504640937957988
0.01930141670737665
0.021441133365901317
0.019345383488031265
0.021548607718612604
0.019306301905227162
0.021617000488519788
0.01941866145578896
0.02149487054225696
0.019066927210552028
0.021367855398143627
0.01936980947728383
0.021651196873473375
0.019340498290180752
0.02164631167562286
0.019394235466536392
0.02157791890571568
0.01938446507083537
0.021533952125061068
0.01939912066438691
0.021582804103566194
0.01936980947728383
0.0216609672691744
0.01924767953102101
0.021465559355153884
0.019272105520273572
0.021695163654127995
0.01946751343429409
0.021568148510014654
0.01946751343429409
0.021519296531509524
0.019262335124572545
0.021421592574499267
0.019242794333170495
0.021529066927210554
0.01930141670737665
0.021631656082071325
0.019316072300928185
0.02157791890571568
0.01923790913531998
0.02154372252076209
0.019330727894479725
0.021416707376648754
0.01926722032242306
0.021573033707865168
0.019433317049340496
0.02146067415730337
0.0192818759159746
0.021587689301416704
0.019306301905227162
0.02145578895945286
0.01917440156326331
0.02160723009281876
0.01950170981924768
0.021587689301416704
0.01930141670737665
0.021636541279921838
0.01926722032242306
0.021602344894968248
0.01921836834391793
0.021416707376648754
0.0191695163654128
0.02156326331216414
0.019374694675134342
0.021656082071323888
0.019223253541768442
0.02147532975085491
0.01924767953102101
0.021695163654127995
0.019257449926722032
0.021582804103566194
0.019286761113825112
0.02149487054225696
0.0192818759159746
0.02145578895945286
0.019272105520273572
0.02147532975085491
0.019443087445041526
0.021651196873473375
0.019296531509526135
0.021441133365901317
0.019330727894479725
0.021509526135808497
0.01924767953102101
0.02151441133365901
0.01924767953102101
0.021485100146555934
0.019423546653639472
0.02160723009281876
0.01914020517830972
0.021587689301416704
0.019272105520273572
0.021436248168050804
0.019472398632144602
0.021675622862725938
0.019257449926722032
0.021617000488519788
0.01936980947728383
0.021533952125061068
0.01936980947728383
0.02156326331216414
0.01946751343429409
0.021450903761602347
0.01921836834391793
0.021612115290669275
0.01936492427943332
0.02146067415730337
0.019360039081582806
0.021665852467024915
0.019242794333170495
0.02156326331216414
0.019316072300928185
0.021519296531509524
0.019330727894479725
0.021680508060576455
0.01924767953102101
0.021509526135808497
0.01936492427943332
0.021548607718612604
0.01935026868588178
0.021548607718612604
0.01916463116756229
0.021446018563751834
0.01930141670737665
0.021680508060576455
0.01935515388373229
0.021573033707865168
0.019330727894479725
0.02154372252076209
0.01918905715681485
0.02174401563263312
0.019291646311675622
0.021485100146555934
0.019389350268685882
0.021719589643380558
0.01936492427943332
0.021612115290669275
0.019213483146067415
0.021665852467024915
0.019423546653639472
0.02159745969711773
0.019345383488031265
0.02149487054225696
0.019408891060087932
0.02162677088422081
0.01935515388373229
0.021573033707865168
0.019433317049340496
0.021602344894968248
0.01930141670737665
0.02156326331216414
0.019203712750366392
0.021338544211040547
0.01918417195896434
0.021367855398143627
0.019306301905227162
0.021485100146555934
0.019257449926722032
0.021353199804592084
0.0192085979482169
0.021323888617489007
0.01921836834391793
0.021402051783097217
0.019306301905227162
0.021587689301416704
0.019242794333170495
0.02154372252076209
0.01925256472887152
0.02160723009281876
0.01935515388373229
0.02162677088422081
0.019394235466536392
0.0216609672691744
0.01936492427943332
0.021553492916463118
0.01915974596971177
0.021612115290669275
0.019257449926722032
0.021480214948705424
0.01935515388373229
0.021768441621885688
0.01926722032242306
0.021465559355153884
0.019374694675134342
0.021485100146555934
0.019457743038593062
0.021538837322911578
0.019330727894479725
0.02155837811431363
0.019296531509526135
0.021631656082071325
0.019320957498778702
0.021397166585246704
0.01933561309233024
0.02159745969711773
0.019306301905227162
0.02164142647777235
0.019345383488031265
0.021651196873473375
0.019257449926722032
0.021480214948705424
0.019306301905227162
0.02155837811431363
0.019433317049340496
0.021665852467024915
0.019286761113825112
0.021529066927210554
0.01933561309233024
0.02141182217879824
0.01914020517830972
0.02155837811431363
0.01939912066438691
0.021358085002442597
0.019306301905227162
0.021612115290669275
0.01924767953102101
0.021436248168050804
0.019477283829995116
0.021489985344406447
0.019296531509526135
0.021529066927210554
0.019330727894479725
0.021294577430385934
0.019374694675134342
0.02152418172936004
0.019276990718124082
0.021397166585246704
0.014938935026868588
0.004987787005373718
0.0008695652173913043
0.0013727405959941376
-0.0003321934538348803
0.0007083536883243771
-5.862237420615535e-05
0.0007962872496336101
-0.00014655593551538836
0.0007914020517830972
-0.0003175378602833415
0.0007034684904738642
-0.0003321934538348803
0.0005276013678553981
-0.00029311187103077673
0.0006008793356130923
-0.00032730825598436733
0.0006741573033707865
-0.000449438202247191
0.00041035661944308744
-0.00045432340009770396
0.0006106497313141182
-0.0004738641914997557
0.0004640937957987298
-0.00043478260869565214
0.00041035661944308744
-0.0003859306301905227
0.0006595017098192477
-0.00030288226673180264
0.0006546165119687347
-0.0004250122129946263
0.0004640937957987298
-0.0004689789936492428
0.00044455300439667805
-0.00041035661944308744
0.0005569125549584758
-0.0002882266731802638
0.0005178309721543722
-0.000542256961406937
0.00039081582804103567
-0.0003663898387884709
0.0005031753786028333
-0.00039081582804103567
0.0004934049829018075
-0.0003321934538348803
0.0004738641914997557
-0.000361504640937958
0.0003957010258915486
-0.00045432340009770396
0.0005764533463605276
-0.0004396678065461651
0.0004934049829018075
-0.000361504640937958
0.0005617977528089887
-0.0002979970688812897
0.0004054714215925745
-0.00038104543234000976
0.0004885197850512946
-0.0002882266731802638
0.0003517342452369321
-0.00027357107962872496
0.0005227161700048852
-0.00042012701514411335
0.0004592085979482169
-0.00033707865168539324
0.0003957010258915486
-0.0003419638495359062
0.00063019052271617
-0.00044455300439667805
0.0004250122129946263
-0.00027357107962872496
0.00040058622374206153
-0.00043478260869565214
0.0005715681485100147
-0.00038104543234000976
0.0005373717635564241
-0.0004298974108451392
0.00042012701514411335
-0.0004250122129946263
0.0004689789936492428
-0.0003517342452369321
0.0005617977528089887
-0.00029311187103077673
0.0004640937957987298
-0.0004885197850512946
0.000532486565705911
-0.0004298974108451392
0.0004689789936492428
-0.000532486565705911
0.0004592085979482169
-0.00021983390327308256
0.0005373717635564241
-0.0002247191011235955
0.0005617977528089887
-0.00041524181729360037
0.0005129457743038593
-0.00040058622374206153
0.0006497313141182217
-0.000361504640937958
0.0005813385442110405
-0.00023937469467513433
0.0004934049829018075
-0.00040058622374206153
0.0005080605764533464
-0.000449438202247191
0.0005129457743038593
-0.00021983390327308256
0.0006106497313141182
-0.00030776746458231557
0.0006497313141182217
-0.0002540302882266732
0.00041524181729360037
-0.0002784562774792379
0.00039081582804103567
-0.00041035661944308744
0.0005959941377625794
-0.0002491450903761602
0.000635075720566683
-0.0003419638495359062
0.0005471421592574499
-0.00013678553981436248
0.0006057645334636053
-0.00033707865168539324
0.000361504640937958
-0.00041524181729360037
0.000449438202247191
-0.00034684904738641916
0.0005227161700048852
-0.0003517342452369321
0.000542256961406937
-0.0001709819247679531
0.0003859306301905227
-0.00030776746458231557
0.0006155349291646311
-0.00037127503663898385
0.0004592085979482169
-0.0003517342452369321
0.0004592085979482169
-0.0004885197850512946
0.0005715681485100147
-0.0003419638495359062
0.0004934049829018075
-0.00029311187103077673
0.0006888128969223254
-0.0002882266731802638
0.0004640937957987298
-0.0001709819247679531
0.0006546165119687347
-0.00032730825598436733
0.000532486565705911
-0.0003126526624328285
0.0005715681485100147
-0.00011235955056179774
0.000625305324865657
-0.00041524181729360037
0.000542256961406937
-0.000180752320468979
0.0007327796775769418
-0.0003419638495359062
0.0004689789936492428
-0.00028334147532975087
0.0007816316560820713
-0.00042012701514411335
0.0005764533463605276
-0.0003175378602833415
0.0005715681485100147
-0.0003517342452369321
0.0004982901807523204
-0.0003859306301905227
0.0006692721055202736
-0.00017586712261846604
0.0005373717635564241
-0.00026868588177821203
0.000625305324865657
-0.00019540791402051784
0.00044455300439667805
-0.00030776746458231557
0.0005471421592574499
-0.00028334147532975087
0.0006497313141182217
-0.00032730825598436733
0.0005666829506595017
-0.00034684904738641916
0.0006497313141182217
-0.0002589154860771861
0.0005031753786028333
-0.0003321934538348803
0.0006790425012212994
-0.00033707865168539324
0.000625305324865657
-0.00028334147532975087
0.0007278944797264289
-0.0003126526624328285
0.0006106497313141182
-0.00027357107962872496
0.00045432340009770396
-0.00019052271617000488
0.0005471421592574499
-0.0002784562774792379
0.000723009281875916
-0.00027357107962872496
0.0005862237420615535
-0.00039081582804103567
0.0006106497313141182
-0.00034684904738641916
0.0005276013678553981
-0.00021006350757205668
0.0006692721055202736
-0.00030288226673180264
0.0007425500732779677
-0.0002149487054225696
0.0007523204689789937
-0.0002784562774792379
0.0006204201270151441
-0.0002491450903761602
0.0006155349291646311
-0.00027357107962872496
0.000542256961406937
-0.00026868588177821203
0.0006546165119687347
-0.0002540302882266732
0.0006741573033707865
-0.00026868588177821203
0.0005373717635564241
-0.0003859306301905227
0.0005862237420615535
-0.0003663898387884709
0.0005178309721543722
-0.0002149487054225696
0.000625305324865657
-0.00041035661944308744
0.0006057645334636053
-0.0002442598925256473
0.0006008793356130923
-0.0003321934538348803
0.0006057645334636053
-0.0003321934538348803
0.0006546165119687347
-0.00033707865168539324
0.0007474352711284806
-0.00020517830972154372
0.0005276013678553981
-0.00020029311187103076
0.0005276013678553981
-0.00032730825598436733
0.0005666829506595017
-0.0004396678065461651
0.0006399609184171959
-0.00032730825598436733
0.0005471421592574499
-0.00018563751831949193
0.0006106497313141182
-0.0001709819247679531
0.0006204201270151441
-0.0002589154860771861
0.0004885197850512946
-0.00021983390327308256
0.0006595017098192477
-0.0002442598925256473
0.0006888128969223254
-0.00037127503663898385
0.0005715681485100147
-0.0002442598925256473
0.0005373717635564241
-0.00017586712261846604
0.0004982901807523204
-0.0002882266731802638
0.0005911089399120664
-0.00037616023448949683
0.0005031753786028333
-0.00022960429897410844
0.0005520273571079628
-0.0002979970688812897
0.0006643869076697606
-0.00034684904738641916
0.0005862237420615535
-9.770395701025892e-05
0.0006008793356130923
-0.00020517830972154372
0.00071323888617489
-0.00030776746458231557
0.0006204201270151441
-0.00015632633121641425
0.0008255984367366878
-0.00011235955056179774
0.0004640937957987298
-0.00026380068392769905
0.0007278944797264289
-0.00023937469467513433
0.00063019052271617
-0.00015632633121641425
0.0007669760625305325
-0.0003419638495359062
0.0006643869076697606
-0.0003859306301905227
0.0006692721055202736
-0.0004054714215925745
0.0006008793356130923
-0.00014167073766487544
0.000815828041035662
-0.0002247191011235955
0.0005276013678553981
-0.00018563751831949193
0.0007425500732779677
-0.0003663898387884709
0.0004982901807523204
-0.00029311187103077673
0.0006790425012212994
-0.00013678553981436248
0.0007718612603810454
-0.0003517342452369321
0.0006692721055202736
-0.00013190034196384952
0.0006155349291646311
-0.0003663898387884709
0.0007376648754274548
-0.0001612115290669272
0.0008207132388861749
-0.00017586712261846604
0.00071323888617489
-0.0002247191011235955
0.0008695652173913043
-0.00016609672691744016
0.000625305324865657
-0.0002491450903761602
0.0006985832926233512
-0.00026380068392769905
0.0006399609184171959
-0.00026380068392769905
0.0008744504152418173
-0.00032730825598436733
0.0005373717635564241
-0.00013190034196384952
0.0006497313141182217
-0.0002784562774792379
0.0006057645334636053
-0.0001709819247679531
0.0007278944797264289
-0.0002784562774792379
0.0006741573033707865
-0.0002540302882266732
0.0007620908646800195
-0.00023937469467513433
0.0006741573033707865
-0.0002344894968246214
0.000625305324865657
-7.327796775769418e-05
0.0005373717635564241
-0.00020517830972154372
0.0006448461162677088
-4.885197850512946e-05
0.0006106497313141182
-0.00026380068392769905
0.000723009281875916
-0.0003126526624328285
0.0007620908646800195
-0.000180752320468979
0.0005764533463605276
-0.00023937469467513433
0.0006643869076697606
-0.00019540791402051784
0.0006692721055202736
-0.00020517830972154372
0.00063019052271617
-0.00014167073766487544
0.0005276013678553981
-0.00028334147532975087
0.0007278944797264289
-0.0003859306301905227
0.0007767464582315583
-0.00015632633121641425
0.000625305324865657
-9.770395701025892e-05
0.0006106497313141182
-0.00028334147532975087
0.00047874938935026865
-0.00021983390327308256
0.0006204201270151441
-0.00020029311187103076
0.0007620908646800195
-0.00014655593551538836
0.00063019052271617
-0.00030288226673180264
0.0006692721055202736
-0.00018563751831949193
0.0005813385442110405
-0.00021983390327308256
0.0006595017098192477
-0.00021006350757205668
0.0005813385442110405
-0.00029311187103077673
0.0007181240840254031
-0.00033707865168539324
0.00042012701514411335
-0.00038104543234000976
0.0007278944797264289
-0.0002540302882266732
0.0006204201270151441
-0.0002149487054225696
0.0007914020517830972
-0.00012212994626282364
0.0006790425012212994
-0.0001709819247679531
0.0007816316560820713
-0.00026380068392769905
0.0006692721055202736
-0.00022960429897410844
0.0009623839765510503
-0.00021006350757205668
0.000625305324865657
-0.0003957010258915486
0.0004885197850512946
-0.00010258915486077186
0.0008207132388861749
-0.00039081582804103567
0.0006057645334636053
-8.793356130923302e-05
0.0007620908646800195
-0.00010258915486077186
0.0007327796775769418
-0.0002784562774792379
0.0005911089399120664
-0.0003126526624328285
0.000723009281875916
-8.304836345872008e-05
0.0005178309721543722
-0.0002344894968246214
0.0005911089399120664
-0.00026868588177821203
0.0006790425012212994
-0.00010258915486077186
0.0006497313141182217
-0.0002882266731802638
0.0006448461162677088
-0.00011235955056179774
0.0006155349291646311
-0.00018563751831949193
0.0005276013678553981
-0.00026380068392769905
0.0006497313141182217
-0.00011235955056179774
0.0006155349291646311
-0.0002247191011235955
0.00044455300439667805
-0.00018563751831949193
0.0006936980947728383
-9.770395701025892e-05
0.0006936980947728383
-0.0002540302882266732
0.0007327796775769418
-0.0001709819247679531
0.0007914020517830972
-0.0001612115290669272
0.0007083536883243771
-0.00026380068392769905
0.0005666829506595017
-0.0002344894968246214
0.0006985832926233512
-0.0002589154860771861
0.0006057645334636053
-0.0002149487054225696
0.00042012701514411335
-0.0002442598925256473
0.0005569125549584758
-0.00014167073766487544
0.000625305324865657
-0.00021006350757205668
0.0005813385442110405
-0.0002491450903761602
0.000723009281875916
-6.35075720566683e-05
0.0006399609184171959
-0.00020029311187103076
0.0006546165119687347
-0.00019540791402051784
0.0005862237420615535
-2.442598925256473e-05
0.0006839276990718123
-0.000180752320468979
0.0005080605764533464
-3.908158280410356e-05
0.00071323888617489
-0.00018563751831949193
0.0005764533463605276
-0.00021006350757205668
0.0004885197850512946
-0.0002491450903761602
0.0007865168539325843
-0.00015144113336590132
0.0008793356130923302
-4.885197850512946e-05
0.0005715681485100147
-0.000356619443087445
0.0006448461162677088
-0.00020517830972154372
0.0007034684904738642
-0.00019052271617000488
0.0007669760625305325
-0.00026868588177821203
0.0007523204689789937
-0.0001612115290669272
0.0008402540302882267
-0.0002344894968246214
0.0007083536883243771
-0.00013678553981436248
0.0007181240840254031
-0.0002149487054225696
0.0007034684904738642
-0.00012212994626282364
0.0006888128969223254
-0.0003126526624328285
0.000723009281875916
-0.0003224230581338544
0.0006497313141182217
-0.00021006350757205668
0.0005862237420615535
-0.00022960429897410844
0.0006399609184171959
-0.00020029311187103076
0.0008500244259892526
-0.00021983390327308256
0.0008793356130923302
-0.00020517830972154372
0.0007083536883243771
-0.00041035661944308744
0.0005373717635564241
-0.0002979970688812897
0.0006497313141182217
-5.862237420615535e-05
0.0008011724474841231
-0.00017586712261846604
0.0007181240840254031
-0.00017586712261846604
0.0006985832926233512
-0.0002589154860771861
0.00071323888617489
-0.00018563751831949193
0.0007278944797264289
-0.0002149487054225696
0.000893991206643869
-0.00017586712261846604
0.0006399609184171959
-0.0002589154860771861
0.0008304836345872007
-0.00015632633121641425
0.0006595017098192477
-0.0001172447484123107
0.0007425500732779677
-3.419638495359062e-05
0.0008011724474841231
-0.00017586712261846604
0.0006595017098192477
-0.00032730825598436733
0.0006741573033707865
-0.00022960429897410844
0.0005276013678553981
-6.839276990718124e-05
0.0006936980947728383
-0.00026380068392769905
0.0006008793356130923
-0.00020029311187103076
0.0005569125549584758
-0.0002247191011235955
0.0007572056668295066
-0.00021006350757205668
0.0005276013678553981
-0.00028334147532975087
0.0007914020517830972
-0.00011235955056179774
0.0007278944797264289
-0.00020517830972154372
0.0007669760625305325
-0.00020517830972154372
0.0008597948216902784
-0.0002540302882266732
0.0007620908646800195
-0.00010258915486077186
0.000810942843185149
-0.00033707865168539324
0.00063019052271617
-0.00023937469467513433
0.0006790425012212994
-0.00026868588177821203
0.0007669760625305325
-0.00023937469467513433
0.000542256961406937
-0.00020517830972154372
0.0007523204689789937
-0.0003321934538348803
0.0007767464582315583
-0.0002344894968246214
0.0008011724474841231
-0.00027357107962872496
0.0006936980947728383
-0.00030288226673180264
0.0006399609184171959
-0.00020517830972154372
0.000723009281875916
-0.0002491450903761602
0.0005178309721543722
-0.0002491450903761602
0.0007816316560820713
-0.00016609672691744016
0.0007278944797264289
-0.0003224230581338544
0.0007376648754274548
-6.839276990718124e-05
0.0006888128969223254
-0.00042012701514411335
0.0006741573033707865
-7.816316560820712e-05
0.0007278944797264289
-9.281875915974596e-05
0.000810942843185149
-0.0001709819247679531
0.0005959941377625794
-7.327796775769418e-05
0.000893991206643869
-8.304836345872008e-05
0.0009574987787005373
0.0
0.0007572056668295066
-0.0002491450903761602
0.0006204201270151441
-0.00026380068392769905
0.0008402540302882267
-7.327796775769418e-05
0.0006741573033707865
-9.281875915974596e-05
0.000810942843185149
-0.0001612115290669272
0.000810942843185149
-0.00014655593551538836
0.0006204201270151441
-0.0002442598925256473
0.0007816316560820713
-0.00017586712261846604
0.000806057645334636
-0.0001074743527112848
0.000806057645334636
-0.0002442598925256473
0.0008549096238397655
-0.00030776746458231557
0.0007327796775769418
-9.281875915974596e-05
0.0007425500732779677
-0.0001172447484123107
0.0007669760625305325
-0.0002344894968246214
0.000815828041035662
-0.0002784562774792379
0.0006643869076697606
-0.00023937469467513433
0.0006741573033707865
-0.00019052271617000488
0.0006839276990718123
-0.0001612115290669272
0.0009428431851489985
-4.885197850512946e-05
0.0007669760625305325
-9.77039570102589e-06
0.0006155349291646311
-0.0003224230581338544
0.0004640937957987298
-0.00028334147532975087
0.0005666829506595017
-0.0002442598925256473
0.0007278944797264289
-0.0002540302882266732
0.0007376648754274548
-0.00019540791402051784
0.0008842208109428432
-9.77039570102589e-06
0.00071323888617489
-0.00013190034196384952
0.0008353688324377137
-0.00012212994626282364
0.0007816316560820713
-0.00026868588177821203
0.0007425500732779677
-0.00019540791402051784
0.0009135319980459208
-0.00019052271617000488
0.0005959941377625794
-0.0002247191011235955
0.0008304836345872007
9.77039570102589e-06
0.0006692721055202736
-5.37371763556424e-05
0.0007034684904738642
-0.00023937469467513433
0.0006155349291646311
-2.442598925256473e-05
0.0006643869076697606
-5.37371763556424e-05
0.0004982901807523204
-0.00021006350757205668
0.000542256961406937
-0.0002589154860771861
0.0006741573033707865
-0.0001709819247679531
0.0008304836345872007
-0.0002540302882266732
0.0006155349291646311
-0.0001074743527112848
0.0009086468001954079
-7.816316560820712e-05
0.0008353688324377137
-0.00019540791402051784
0.0008402540302882267
-0.00011235955056179774
0.0007523204689789937
-0.00020029311187103076
0.0006595017098192477
-0.00020029311187103076
0.0007474352711284806
-0.00013190034196384952
0.0007669760625305325
-0.00026868588177821203
0.0007767464582315583
-0.00013678553981436248
0.000815828041035662
-0.0002442598925256473
0.0008549096238397655
-9.770395701025892e-05
0.00063019052271617
-0.00027357107962872496
0.0006985832926233512
-0.0002491450903761602
0.0009526135808500244
-0.0001612115290669272
0.0007278944797264289
-0.00032730825598436733
0.0006839276990718123
-0.00015632633121641425
0.0008646800195407913
-0.00014167073766487544
0.0006839276990718123
-0.0003175378602833415
0.0007376648754274548
-0.00013678553981436248
0.0006692721055202736
-0.00022960429897410844
0.0006985832926233512
-0.00015632633121641425
0.0007376648754274548
-0.00030288226673180264
0.000903761602344895
-0.00015632633121641425
0.0009184171958964338
-0.0001612115290669272
0.0007278944797264289
-6.35075720566683e-05
0.0008255984367366878
-0.00011235955056179774
0.0007034684904738642
-7.327796775769418e-05
0.0008402540302882267
-0.0002442598925256473
0.0007278944797264289
-4.885197850512946e-05
0.0007376648754274548
-0.0001074743527112848
0.0007914020517830972
-0.00015632633121641425
0.000723009281875916
-1.4655593551538837e-05
0.0008549096238397655
-0.0001270151441133366
0.0009672691744015633
-9.281875915974596e-05
0.0008402540302882267
-0.00021006350757205668
0.0009135319980459208
-0.00013678553981436248
0.0006595017098192477
-0.00018563751831949193
0.0008451392281387396
-0.00011235955056179774
0.0008695652173913043
0.0
0.0008549096238397655
-0.0001709819247679531
0.000635075720566683
-0.00011235955056179774
0.0006595017098192477
-7.816316560820712e-05
0.0007572056668295066
-0.0002442598925256473
0.0009526135808500244
-0.0001270151441133366
0.0008304836345872007
2.442598925256473e-05
0.0007816316560820713
-0.00015632633121641425
0.0007181240840254031
-0.00019540791402051784
0.000723009281875916
-0.00012212994626282364
0.0008451392281387396
-0.00018563751831949193
0.0007816316560820713
-0.00014167073766487544
0.0006839276990718123
-0.0002149487054225696
0.0005373717635564241
-0.0002882266731802638
0.0008646800195407913
-0.00013678553981436248
0.0007962872496336101
-0.00020029311187103076
0.0006692721055202736
-0.00012212994626282364
0.0006643869076697606
-0.0002247191011235955
0.0006839276990718123
-0.0002149487054225696
0.0006936980947728383
-0.0002149487054225696
0.0008549096238397655
-0.00019540791402051784
0.0006448461162677088
-0.00030776746458231557
0.00071323888617489
-0.0002247191011235955
0.0007914020517830972
-0.00023937469467513433
0.0008207132388861749
-4.885197850512946e-05
0.0007620908646800195
-0.00015144113336590132
0.000893991206643869
-0.0002882266731802638
0.0007474352711284806
-0.0003126526624328285
0.0007327796775769418
-0.00019052271617000488
0.0007620908646800195
-0.00014167073766487544
0.0008597948216902784
-0.0001270151441133366
0.0008597948216902784
-0.00021983390327308256
0.0006888128969223254
-0.0002344894968246214
0.000635075720566683
-0.0002540302882266732
0.000625305324865657
-0.00018563751831949193
0.0007865168539325843
-0.0002442598925256473
0.0007181240840254031
-0.00016609672691744016
0.000625305324865657
-0.00023937469467513433
0.0006790425012212994
-0.00013190034196384952
0.0007181240840254031
-0.000180752320468979
0.0005569125549584758
-0.00012212994626282364
0.0005764533463605276
-0.00016609672691744016
0.0007425500732779677
-0.00017586712261846604
0.0005129457743038593
-0.00011235955056179774
0.000991695163654128
-0.000180752320468979
0.000810942843185149
-0.00028334147532975087
0.000723009281875916
-0.0003126526624328285
0.000815828041035662
-0.0002491450903761602
0.0007327796775769418
-9.281875915974596e-05
0.0007767464582315583
-0.0003663898387884709
0.0007816316560820713
-0.00013190034196384952
0.0006155349291646311
-0.0001074743527112848
0.0006888128969223254
-0.0001172447484123107
0.0005715681485100147
-8.793356130923302e-05
0.0008695652173913043
-0.0001074743527112848
0.0009428431851489985
-8.304836345872008e-05
0.0007669760625305325
-0.00012212994626282364
0.0009184171958964338
-0.0002149487054225696
0.0007034684904738642
-0.0001709819247679531
0.0007914020517830972
-0.00013190034196384952
0.0008353688324377137
-0.00020029311187103076
0.000815828041035662
-7.816316560820712e-05
0.0007620908646800195
-0.00014655593551538836
0.0006936980947728383
-9.281875915974596e-05
0.0008597948216902784
-0.0002442598925256473
0.000635075720566683
-0.00015632633121641425
0.0007181240840254031
-7.327796775769418e-05
0.0008695652173913043
-0.00014167073766487544
0.0007376648754274548
-0.0001270151441133366
0.000903761602344895
-0.00020029311187103076
0.0012017586712261847
-0.00032730825598436733
0.0007962872496336101
-0.00010258915486077186
0.0009086468001954079
-0.00013190034196384952
0.0006204201270151441
-0.00013190034196384952
0.0008695652173913043
-0.00013678553981436248
0.0009281875915974596
-0.0002784562774792379
0.000810942843185149
-0.00018563751831949193
0.0008255984367366878
-0.00013190034196384952
0.0008402540302882267
-0.0002491450903761602
0.0008451392281387396
-3.419638495359062e-05
0.0008353688324377137
-0.00028334147532975087
0.0007278944797264289
-8.793356130923302e-05
0.0006888128969223254
-0.00020029311187103076
0.0006692721055202736
-0.00020029311187103076
0.0006888128969223254
-0.00015632633121641425
0.0008451392281387396
-0.0001709819247679531
0.000815828041035662
-0.0002442598925256473
0.0008500244259892526
-0.00030776746458231557
0.0007767464582315583
-0.0001074743527112848
0.0007327796775769418
-1.954079140205178e-05
0.0008207132388861749
-0.00023937469467513433
0.0009135319980459208
-0.00019540791402051784
0.0007914020517830972
-0.0001270151441133366
0.0007181240840254031
-0.00017586712261846604
0.0009574987787005373
4.396678065461651e-05
0.0006839276990718123
-0.00026380068392769905
0.0006790425012212994
-0.00017586712261846604
0.000723009281875916
-7.816316560820712e-05
0.0008597948216902784
-0.0001612115290669272
0.0009135319980459208
-0.0001172447484123107
0.000893991206643869
-0.00019052271617000488
0.0007767464582315583
-0.0001270151441133366
0.0007914020517830972
-7.327796775769418e-05
0.0006888128969223254
-0.000180752320468979
0.0008646800195407913
-0.00010258915486077186
0.0007425500732779677
-0.00013678553981436248
0.0007669760625305325
-0.00014655593551538836
0.0008451392281387396
-0.000180752320468979
0.0007474352711284806
-0.000180752320468979
0.0009233023937469467
-0.00012212994626282364
0.000806057645334636
-6.839276990718124e-05
0.0008304836345872007
-0.00016609672691744016
0.000810942843185149
-0.0001270151441133366
0.000810942843185149
-0.00016609672691744016
0.0009477283829995114
-0.00013190034196384952
0.0008451392281387396
2.442598925256473e-05
0.0007816316560820713
-0.00017586712261846604
0.0006790425012212994
-0.0001074743527112848
0.0007620908646800195
-0.00010258915486077186
0.0007865168539325843
-0.00033707865168539324
0.0007572056668295066
-2.9311187103077675e-05
0.0007034684904738642
-0.0001270151441133366
0.0008402540302882267
-0.00013678553981436248
0.0007083536883243771
-0.00019052271617000488
0.000898876404494382
-0.00014655593551538836
0.0008500244259892526
-0.0002344894968246214
0.0007962872496336101
-0.0002149487054225696
0.0008500244259892526
-0.00018563751831949193
0.0005813385442110405
-7.327796775769418e-05
0.0008255984367366878
-0.0002344894968246214
0.0008011724474841231
-4.885197850512945e-06
0.0008500244259892526
-0.00026380068392769905
0.000815828041035662
-2.442598925256473e-05
0.0008451392281387396
-0.0001270151441133366
0.0009281875915974596
-0.0001172447484123107
0.0010307767464582316
-0.00021006350757205668
0.0008255984367366878
-0.0001172447484123107
0.0006741573033707865
-0.0002979970688812897
0.000810942843185149
-1.954079140205178e-05
0.0006448461162677088
-1.4655593551538837e-05
0.0006546165119687347
-0.00022960429897410844
0.0008500244259892526
-0.00011235955056179774
0.0008842208109428432
-2.9311187103077675e-05
0.0007620908646800195
-0.00010258915486077186
0.0008304836345872007
-0.0002149487054225696
0.0009281875915974596
-0.0001709819247679531
0.000991695163654128
-0.0001270151441133366
0.0007034684904738642
-0.0001709819247679531
0.0007914020517830972
-1.4655593551538837e-05
0.0006839276990718123
-3.908158280410356e-05
0.0006888128969223254
-0.0001172447484123107
0.0009281875915974596
-0.0002540302882266732
0.000893991206643869
-7.816316560820712e-05
0.0008500244259892526
-0.00013190034196384952
0.000723009281875916
-0.00013190034196384952
0.0008646800195407913
-0.00018563751831949193
0.0007181240840254031
-6.839276990718124e-05
0.000815828041035662
-0.0001172447484123107
0.0009281875915974596
-0.00015632633121641425
0.0009184171958964338
-0.00016609672691744016
0.000898876404494382
-1.4655593551538837e-05
0.0007572056668295066
-0.00013190034196384952
0.0008793356130923302
-0.0001270151441133366
0.0007914020517830972
-0.00015144113336590132
0.0007669760625305325
-0.000180752320468979
0.0007572056668295066
-0.00020517830972154372
0.0008255984367366878
-2.442598925256473e-05
0.000815828041035662
-4.885197850512946e-05
0.0008842208109428432
-0.00015632633121641425
0.0008255984367366878
-0.0001612115290669272
0.0008695652173913043
-0.00019052271617000488
0.0008549096238397655
-0.00019540791402051784
0.0006643869076697606
-8.304836345872008e-05
0.0008597948216902784
-3.419638495359062e-05
0.000806057645334636
-9.281875915974596e-05
0.0009086468001954079
-5.862237420615535e-05
0.0009086468001954079
2.9311187103077675e-05
0.0007425500732779677
-0.00014655593551538836
0.0007278944797264289
-5.37371763556424e-05
0.0008695652173913043
-0.00015144113336590132
0.0009135319980459208
-9.281875915974596e-05
0.0006643869076697606
-0.0001270151441133366
0.0008011724474841231
-1.4655593551538837e-05
0.0007767464582315583
-9.281875915974596e-05
0.0007816316560820713
-0.00019540791402051784
0.0010307767464582316
-6.839276990718124e-05
0.0007474352711284806
-0.00012212994626282364
0.0008695652173913043
-0.00015144113336590132
0.0008207132388861749
-0.00012212994626282364
0.0006595017098192477
-0.00021983390327308256
0.0007376648754274548
9.281875915974596e-05
0.00071323888617489
-0.00026380068392769905
0.0006595017098192477
-0.00020029311187103076
0.0006643869076697606
-7.327796775769418e-05
0.0007425500732779677
-8.793356130923302e-05
0.0008500244259892526
-0.00015144113336590132
0.0007669760625305325
-0.00019540791402051784
0.0008646800195407913
-8.793356130923302e-05
0.0008744504152418173
-0.00022960429897410844
0.0008695652173913043
-0.00019540791402051784
0.000723009281875916
-0.0002247191011235955
0.0006936980947728383
-0.00019540791402051784
0.0006595017098192477
-0.0001709819247679531
0.0006595017098192477
-0.0002491450903761602
0.0007767464582315583
-0.0002344894968246214
0.000806057645334636
-0.00013190034196384952
0.0010942843185148998
9.77039570102589e-06
0.0007962872496336101
-0.0001709819247679531
0.000893991206643869
-9.281875915974596e-05
0.0007767464582315583
-0.000180752320468979
0.0007914020517830972
-9.281875915974596e-05
0.0008842208109428432
-0.0002442598925256473
0.000723009281875916
-4.396678065461651e-05
0.0009233023937469467
-9.281875915974596e-05
0.0006888128969223254
-0.0002344894968246214
0.0008793356130923302
-0.0001709819247679531
0.0008304836345872007
-9.770395701025892e-05
0.0006497313141182217
-0.00019052271617000488
0.0006595017098192477
-0.00014167073766487544
0.0008695652173913043
-0.00021006350757205668
0.0008402540302882267
-0.00015632633121641425
0.0008353688324377137
-8.793356130923302e-05
0.0008891060087933561
-9.770395701025892e-05
0.0008744504152418173
-0.00016609672691744016
0.0007572056668295066
-0.0001074743527112848
0.0008207132388861749
-0.00023937469467513433
0.0007327796775769418
-0.0002149487054225696
0.0008744504152418173
-1.954079140205178e-05
0.0007620908646800195
-9.770395701025892e-05
0.0009477283829995114
-7.327796775769418e-05
0.0008402540302882267
-6.839276990718124e-05
0.0006888128969223254
-9.770395701025892e-05
0.0008451392281387396
-4.885197850512946e-05
0.0006936980947728383
-5.862237420615535e-05
0.000810942843185149
-7.327796775769418e-05
0.0006888128969223254
-0.00019540791402051784
0.0008793356130923302
-7.816316560820712e-05
0.0008207132388861749
-0.0001172447484123107
0.0007376648754274548
-8.793356130923302e-05
0.0008207132388861749
-0.00014655593551538836
0.000981924767953102
-0.00015632633121641425
0.0007914020517830972
-0.00020029311187103076
0.0006741573033707865
-0.000180752320468979
0.0008011724474841231
-0.00019540791402051784
0.0009086468001954079
-0.00016609672691744016
0.0007523204689789937
-1.4655593551538837e-05
0.0007816316560820713
-0.00028334147532975087
0.0008500244259892526
-8.793356130923302e-05
0.000806057645334636
-0.00019052271617000488
0.0007718612603810454
-0.0001612115290669272
0.0011040547142159257
-0.00021006350757205668
0.0008842208109428432
-0.00026380068392769905
0.0007718612603810454
-0.00016609672691744016
0.000810942843185149
-9.770395701025892e-05
0.0007865168539325843
2.9311187103077675e-05
0.0009233023937469467
-0.000180752320468979
0.0007816316560820713
-0.0002589154860771861
0.0007718612603810454
-7.327796775769418e-05
0.0006741573033707865
-0.00013190034196384952
0.0006936980947728383
-0.0001172447484123107
0.0007914020517830972
-0.00016609672691744016
0.0009135319980459208
-0.00014167073766487544
0.000893991206643869
-0.0001172447484123107
0.0008500244259892526
-0.0002540302882266732
0.0009281875915974596
-7.816316560820712e-05
0.000810942843185149
-2.9311187103077675e-05
0.0008402540302882267
-0.00013190034196384952
0.0007767464582315583
-9.770395701025892e-05
0.0007718612603810454
-7.327796775769418e-05
0.0008304836345872007
-8.793356130923302e-05
0.0009526135808500244
-2.442598925256473e-05
0.0010210063507572057
-0.0002442598925256473
0.0008207132388861749
-0.0002149487054225696
0.0008744504152418173
-0.00013678553981436248
0.000806057645334636
-0.0002247191011235955
0.0009086468001954079
-0.00023937469467513433
0.0008011724474841231
-8.304836345872008e-05
0.0009281875915974596
-0.00013190034196384952
0.0008402540302882267
-7.327796775769418e-05
0.0008255984367366878
-0.00021983390327308256
0.000810942843185149
-3.908158280410356e-05
0.0007034684904738642
-0.00026868588177821203
0.000898876404494382
-0.00015632633121641425
0.0007767464582315583
-0.0002247191011235955
0.000893991206643869
-0.0002247191011235955
0.0007767464582315583
-3.419638495359062e-05
0.0007620908646800195
-0.00015144113336590132
0.0008842208109428432
-0.0002344894968246214
0.0007767464582315583
-0.00016609672691744016
0.0007474352711284806
-0.00018563751831949193
0.0006399609184171959
-4.396678065461651e-05
0.0008451392281387396
-0.0002491450903761602
0.0009086468001954079
-0.00014167073766487544
0.0008255984367366878
-0.00015632633121641425
0.0007865168539325843
-7.816316560820712e-05
0.0006399609184171959
-0.0002491450903761602
0.0006936980947728383
-4.396678065461651e-05
0.00071323888617489
-0.00019052271617000488
0.0007620908646800195
-0.00019052271617000488
0.0008255984367366878
-0.0002247191011235955
0.0007962872496336101
-0.00012212994626282364
0.000815828041035662
-0.0001270151441133366
0.0005862237420615535
-8.793356130923302e-05
0.0007278944797264289
-0.00018563751831949193
0.000815828041035662
-5.37371763556424e-05
0.0007718612603810454
-0.00013678553981436248
0.00071323888617489
-0.00014655593551538836
0.0007572056668295066
-0.0002540302882266732
0.0007572056668295066
-0.0001074743527112848
0.000893991206643869
-0.00022960429897410844
0.001064973131411822
-0.0001612115290669272
0.0007718612603810454
-0.00014655593551538836
0.0008744504152418173
-7.816316560820712e-05
0.0008353688324377137
-0.00018563751831949193
0.0009233023937469467
-8.304836345872008e-05
0.00063019052271617
-0.00013190034196384952
0.0007523204689789937
-0.00014167073766487544
0.0007767464582315583
-0.0003126526624328285
0.0006985832926233512
3.419638495359062e-05
0.0008793356130923302
-0.0001709819247679531
0.0007425500732779677
-6.839276990718124e-05
0.0007767464582315583
-0.00014167073766487544
0.0007767464582315583
-0.00018563751831949193
0.0008500244259892526
-0.00019540791402051784
0.0008353688324377137
-0.00016609672691744016
0.0007718612603810454
-0.00022960429897410844
0.000898876404494382
-0.0002344894968246214
0.0009330727894479727
-0.00012212994626282364
0.0007914020517830972
-9.77039570102589e-06
0.0007278944797264289
-4.396678065461651e-05
0.0006888128969223254
-0.00026868588177821203
0.0007083536883243771
-0.0002344894968246214
0.0005520273571079628
-0.00020517830972154372
0.0006985832926233512
-4.885197850512946e-05
0.0009428431851489985
-0.00012212994626282364
0.0007523204689789937
-5.862237420615535e-05
0.0008646800195407913
-2.9311187103077675e-05
0.0009086468001954079
-0.0001612115290669272
0.0008255984367366878
-3.908158280410356e-05
0.000893991206643869
-0.00022960429897410844
0.000981924767953102
-5.862237420615535e-05
0.000806057645334636
-7.816316560820712e-05
0.0005129457743038593
-0.00014655593551538836
0.000806057645334636
-0.00016609672691744016
0.000810942843185149
-0.0002540302882266732
0.0008597948216902784
-0.0001270151441133366
0.0009135319980459208
-4.396678065461651e-05
0.0007914020517830972
-0.000180752320468979
0.0006008793356130923
-0.0002344894968246214
0.0007523204689789937
-0.00023937469467513433
0.0010258915486077186
-0.0001709819247679531
0.0007572056668295066
-0.00020517830972154372
0.0008842208109428432
0.0001074743527112848
0.0006985832926233512
-6.35075720566683e-05
0.0010014655593551538
2.442598925256473e-05
0.0008891060087933561
3.419638495359062e-05
0.0010258915486077186
-3.419638495359062e-05
0.0008842208109428432
-0.0002247191011235955
0.0009574987787005373
-0.00017586712261846604
0.0007425500732779677
-0.00021006350757205668
0.0007962872496336101
-0.00011235955056179774
0.0007816316560820713
-1.4655593551538837e-05
0.0007816316560820713
-0.00010258915486077186
0.000815828041035662
-2.442598925256473e-05
0.0009428431851489985
-0.00010258915486077186
0.0009574987787005373
-7.327796775769418e-05
0.0007767464582315583
-0.0003175378602833415
0.0008402540302882267
-0.00013678553981436248
0.0007816316560820713
-0.0002344894968246214
0.0006643869076697606
5.37371763556424e-05
0.0010698583292623352
-2.442598925256473e-05
0.0009281875915974596
-0.00012212994626282364
0.0008891060087933561
-0.0001612115290669272
0.0007425500732779677
-0.0001074743527112848
0.0007278944797264289
-7.327796775769418e-05
0.0007962872496336101
-0.0001074743527112848
0.0009379579872984856
-0.00013678553981436248
0.0008793356130923302
-0.00023937469467513433
0.0006936980947728383
-4.885197850512946e-05
0.0008500244259892526
-0.00018563751831949193
0.000815828041035662
-0.0001612115290669272
0.0006985832926233512
3.908158280410356e-05
0.0008646800195407913
-9.770395701025892e-05
0.0006888128969223254
-0.00028334147532975087
0.0007718612603810454
-0.00027357107962872496
0.0008451392281387396
-0.00018563751831949193
0.0009135319980459208
-0.0002979970688812897
0.000806057645334636
-0.0002589154860771861
0.0008597948216902784
-0.00011235955056179774
0.0008793356130923302
-0.00015632633121641425
0.001079628724963361
1.954079140205178e-05
0.0009233023937469467
-0.0001270151441133366
0.0008646800195407913
-0.00019052271617000488
0.0008207132388861749
-4.885197850512946e-05
0.0009086468001954079
-0.00016609672691744016
0.0008891060087933561
-0.0001709819247679531
0.0007962872496336101
-4.885197850512946e-05
0.0007083536883243771
-3.908158280410356e-05
0.000806057645334636
-2.9311187103077675e-05
0.0007865168539325843
-0.00013190034196384952
0.000815828041035662
-0.0001270151441133366
0.0008207132388861749
-0.0001709819247679531
0.000903761602344895
-0.00014167073766487544
0.0007523204689789937
-6.35075720566683e-05
0.0007376648754274548
2.442598925256473e-05
0.0008451392281387396
-0.00015632633121641425
0.0008207132388861749
-0.0002540302882266732
0.0008549096238397655
-9.770395701025892e-05
0.0008891060087933561
9.77039570102589e-06
0.0008549096238397655
-0.00015632633121641425
0.0008744504152418173
-0.0001612115290669272
0.0007914020517830972
-0.00021006350757205668
0.0008451392281387396
-0.00018563751831949193
0.0008549096238397655
-8.793356130923302e-05
0.0008207132388861749
-8.304836345872008e-05
0.000806057645334636
-0.00015632633121641425
0.00071323888617489
1.954079140205178e-05
0.0008255984367366878
2.442598925256473e-05
0.0008597948216902784
-8.304836345872008e-05
0.000806057645334636
-1.4655593551538837e-05
0.0009135319980459208
-0.0001709819247679531
0.0007914020517830972
-0.0001270151441133366
0.0007376648754274548
-0.00011235955056179774
0.0009965803615046408
-9.281875915974596e-05
0.0009281875915974596
-0.00012212994626282364
0.0008646800195407913
1.4655593551538837e-05
0.0007425500732779677
-0.0001172447484123107
0.000542256961406937
-0.00037127503663898385
0.0007962872496336101
-0.00018563751831949193
0.0008549096238397655
-0.00020517830972154372
0.0008842208109428432
-7.816316560820712e-05
0.000903761602344895
-0.000180752320468979
0.0007572056668295066
-0.0001172447484123107
0.0006985832926233512
-1.4655593551538837e-05
0.0010063507572056667
-0.0001709819247679531
0.0008451392281387396
-3.419638495359062e-05
0.0007425500732779677
-8.304836345872008e-05
0.0008207132388861749
-0.00022960429897410844
0.0006985832926233512
-0.00013190034196384952
0.0008353688324377137
-0.00010258915486077186
0.0009135319980459208
-1.954079140205178e-05
0.000815828041035662
-0.0002442598925256473
0.000893991206643869
-0.0002589154860771861
0.000625305324865657
-6.839276990718124e-05
0.000991695163654128
-0.00023937469467513433
0.000810942843185149
-0.00010258915486077186
0.0008891060087933561
-0.00015144113336590132
0.0007767464582315583
-0.0001709819247679531
0.0008255984367366878
-0.0002540302882266732
0.0007620908646800195
-0.00017586712261846604
0.0008255984367366878
-0.0002247191011235955
0.0007865168539325843
-9.770395701025892e-05
0.0008011724474841231
-0.00014655593551538836
0.0006643869076697606
-0.00011235955056179774
0.0007669760625305325
-5.862237420615535e-05
0.0010112359550561798
-4.885197850512946e-05
0.0007474352711284806
-0.000180752320468979
0.0007181240840254031
-3.908158280410356e-05
0.0008597948216902784
-0.0002247191011235955
0.0009281875915974596
-0.00028334147532975087
0.0008597948216902784
-0.0001612115290669272
0.0008793356130923302
-5.37371763556424e-05
0.0008207132388861749
-4.396678065461651e-05
0.0008500244259892526
-0.000180752320468979
0.0008207132388861749
-0.0002247191011235955
0.0005373717635564241
-0.00015632633121641425
0.000903761602344895
3.419638495359062e-05
0.0008549096238397655
-0.0002540302882266732
0.0009281875915974596
-0.0001709819247679531
0.0007914020517830972
-0.00019540791402051784
0.000903761602344895
-0.00013190034196384952
0.0006595017098192477
4.885197850512945e-06
0.000898876404494382
-5.862237420615535e-05
0.00063019052271617
-0.00012212994626282364
0.0006790425012212994
-0.00019540791402051784
0.0008744504152418173
-0.00021983390327308256
0.0007914020517830972
-1.954079140205178e-05
0.000815828041035662
-0.00010258915486077186
0.0007767464582315583
-8.304836345872008e-05
0.0008744504152418173
-7.816316560820712e-05
0.0007083536883243771
-0.00020029311187103076
0.0007327796775769418
-7.327796775769418e-05
0.0009721543722520762
-0.0001074743527112848
0.0007914020517830972
-0.0001172447484123107
0.0009623839765510503
-0.00026380068392769905
0.0007962872496336101
-2.9311187103077675e-05
0.0008500244259892526
-5.37371763556424e-05
0.000898876404494382
-6.35075720566683e-05
0.0008207132388861749
-2.9311187103077675e-05
0.000806057645334636
-0.0001270151441133366
0.0009330727894479727
-0.00012212994626282364
0.0008891060087933561
-0.00019540791402051784
0.0006546165119687347
-0.00018563751831949193
0.0009135319980459208
-4.885197850512945e-06
0.0008549096238397655
-0.000180752320468979
0.000806057645334636
-0.00014655593551538836
0.0007523204689789937
-0.0001270151441133366
0.000986809965803615
-0.0001074743527112848
0.0007914020517830972
-2.9311187103077675e-05
0.0008402540302882267
-0.00013678553981436248
0.0008744504152418173
-0.0001074743527112848
0.0008255984367366878
-0.00020029311187103076
0.0008500244259892526
-0.000180752320468979
0.0006497313141182217
-4.885197850512945e-06
0.0008646800195407913
-8.793356130923302e-05
0.0008549096238397655
-0.00014167073766487544
0.0009574987787005373
-9.770395701025892e-05
0.0007718612603810454
-0.00020029311187103076
0.000815828041035662
-9.281875915974596e-05
0.000898876404494382
-0.00017586712261846604
0.0008304836345872007
-0.00018563751831949193
0.0007718612603810454
-0.00010258915486077186
0.0008207132388861749
-6.839276990718124e-05
0.0007474352711284806
-1.4655593551538837e-05
0.0008451392281387396
0.0
0.000903761602344895
-0.00013190034196384952
0.0007572056668295066
-9.281875915974596e-05
0.0005911089399120664
-0.00021006350757205668
0.0007718612603810454
-6.35075720566683e-05
0.001064973131411822
-4.885197850512945e-06
0.0008451392281387396
-7.327796775769418e-05
0.0007865168539325843
-4.885197850512946e-05
0.0010454323400097703
-2.442598925256473e-05
0.0009721543722520762
-0.00010258915486077186
0.0007425500732779677
-0.00015144113336590132
0.0009965803615046408
-9.281875915974596e-05
0.0008304836345872007
-0.00019540791402051784
0.0007718612603810454
6.839276990718124e-05
0.0009184171958964338
-7.816316560820712e-05
0.000903761602344895
-0.00015632633121641425
0.0007572056668295066
-0.0001270151441133366
0.0008500244259892526
-4.396678065461651e-05
0.0008842208109428432
-0.00011235955056179774
0.0009135319980459208
-4.885197850512946e-05
0.0008891060087933561
-0.00016609672691744016
0.000893991206643869
1.954079140205178e-05
0.0007523204689789937
-1.4655593551538837e-05
0.0008304836345872007
-1.954079140205178e-05
0.0008646800195407913
-2.442598925256473e-05
0.000810942843185149
-8.304836345872008e-05
0.0006839276990718123
-0.0002540302882266732
0.0007425500732779677
-0.00022960429897410844
0.0009330727894479727
-9.281875915974596e-05
0.0008011724474841231
-0.00012212994626282364
0.0007767464582315583
-0.00013678553981436248
0.0010307767464582316
-9.770395701025892e-05
0.0007376648754274548
-7.816316560820712e-05
0.0007083536883243771
-9.770395701025892e-05
0.00071323888617489
-0.00013678553981436248
0.000810942843185149
-4.885197850512945e-06
0.0008695652173913043
-0.0001270151441133366
0.0008011724474841231
-0.00012212994626282364
0.0008353688324377137
-0.00018563751831949193
0.0007425500732779677
-0.00013678553981436248
0.0008695652173913043
-0.00010258915486077186
0.0008402540302882267
4.396678065461651e-05
0.0007474352711284806
8.304836345872008e-05
0.0008451392281387396
2.9311187103077675e-05
0.0008304836345872007
-2.9311187103077675e-05
0.0009330727894479727
-0.00013190034196384952
0.0009281875915974596
-0.00019540791402051784
0.0007327796775769418
-0.00021006350757205668
0.0008744504152418173
7.327796775769418e-05
0.0008255984367366878
-0.00011235955056179774
0.0008549096238397655
-7.327796775769418e-05
0.000723009281875916
-3.908158280410356e-05
0.0008695652173913043
-9.770395701025892e-05
0.000981924767953102
6.35075720566683e-05
0.0007327796775769418
-0.00014655593551538836
0.0007425500732779677
-0.00016609672691744016
0.0007816316560820713
-6.839276990718124e-05
0.0007034684904738642
-0.00014655593551538836
0.0008549096238397655
-8.793356130923302e-05
0.000815828041035662
4.885197850512946e-05
0.000893991206643869
-5.37371763556424e-05
0.0008549096238397655
-3.419638495359062e-05
0.0009135319980459208
-1.954079140205178e-05
0.000810942843185149
-4.396678065461651e-05
0.0007914020517830972
-7.327796775769418e-05
0.0009330727894479727
-0.0001172447484123107
0.0008597948216902784
-0.00016609672691744016
0.0009135319980459208
-1.954079140205178e-05
0.0009281875915974596
-1.4655593551538837e-05
0.0007816316560820713
-7.327796775769418e-05
0.0007474352711284806
-0.00020029311187103076
0.0008842208109428432
-0.00014167073766487544
0.0006936980947728383
-0.00013678553981436248
0.0008891060087933561
-0.0001172447484123107
0.0007816316560820713
-6.35075720566683e-05
0.0008402540302882267
-0.00013190034196384952
0.0009965803615046408
-2.9311187103077675e-05
0.0007865168539325843
-0.00020029311187103076
0.0007816316560820713
-0.00028334147532975087
0.000806057645334636
-0.00013678553981436248
0.0009477283829995114
-0.0001709819247679531
0.000981924767953102
-7.816316560820712e-05
0.000898876404494382
-0.00015632633121641425
0.0007083536883243771
-0.00020029311187103076
0.0008695652173913043
-4.885197850512946e-05
0.0010698583292623352
-0.0001074743527112848
0.000815828041035662
-3.419638495359062e-05
0.0008549096238397655
-0.00027357107962872496
0.0008891060087933561
-0.00013678553981436248
0.0007669760625305325
-3.419638495359062e-05
0.0009770395701025891
-7.327796775769418e-05
0.0008011724474841231
-9.770395701025892e-05
0.0007962872496336101
-0.0001172447484123107
0.0007718612603810454
-6.839276990718124e-05
0.0006204201270151441
-2.442598925256473e-05
0.0008011724474841231
-0.0002589154860771861
0.000810942843185149
-2.442598925256473e-05
0.000723009281875916
-7.816316560820712e-05
0.0008695652173913043
-3.419638495359062e-05
0.0007816316560820713
-7.327796775769418e-05
0.0009086468001954079
-0.00011235955056179774
0.0009574987787005373
-0.0001074743527112848
0.000903761602344895
-8.304836345872008e-05
0.0010503175378602833
-0.00019540791402051784
0.0008304836345872007
-5.37371763556424e-05
0.0010503175378602833
-0.00013678553981436248
0.0007767464582315583
6.839276990718124e-05
0.0010258915486077186
-7.327796775769418e-05
0.0008207132388861749
-2.9311187103077675e-05
0.0008549096238397655
-0.00011235955056179774
0.0009526135808500244
-6.839276990718124e-05
0.000898876404494382
-5.862237420615535e-05
0.0008255984367366878
4.885197850512945e-06
0.0007327796775769418
-0.00020029311187103076
0.0010063507572056667
-5.862237420615535e-05
0.0009135319980459208
-4.885197850512946e-05
0.0009672691744015633
-0.0001172447484123107
0.0010454323400097703
6.839276990718124e-05
0.0008744504152418173
-0.0001709819247679531
0.0007718612603810454
-0.0001172447484123107
0.0009379579872984856
-0.00020517830972154372
0.0009281875915974596
-0.00017586712261846604
0.0007278944797264289
8.304836345872008e-05
0.0010161211529066928
-8.304836345872008e-05
0.0009233023937469467
-0.0001172447484123107
0.0009526135808500244
4.885197850512945e-06
0.0010063507572056667
-5.37371763556424e-05
0.0009184171958964338
-4.885197850512946e-05
0.000806057645334636
-0.0002247191011235955
0.0008793356130923302
-6.839276990718124e-05
0.001162677088422081
0.0
0.000806057645334636
-0.0001270151441133366
0.0009672691744015633
-3.419638495359062e-05
0.0008353688324377137
9.77039570102589e-06
0.0008207132388861749
-8.793356130923302e-05
0.0010014655593551538
-0.00028334147532975087
0.0008255984367366878
-6.839276990718124e-05
0.0008011724474841231
-1.954079140205178e-05
0.0008451392281387396
-4.885197850512946e-05
0.0007083536883243771
-0.0001270151441133366
0.0007718612603810454
-0.00011235955056179774
0.000815828041035662
-2.9311187103077675e-05
0.0007620908646800195
3.908158280410356e-05
0.000898876404494382
-0.0001270151441133366
0.0008011724474841231
-0.00015144113336590132
0.0009281875915974596
-0.0001172447484123107
0.0009672691744015633
-0.00014167073766487544
0.0009233023937469467
0.00012212994626282364
0.0007669760625305325
-4.885197850512945e-06
0.0009428431851489985
-0.00010258915486077186
0.0007865168539325843
-0.00020029311187103076
0.0007914020517830972
-3.908158280410356e-05
0.0008891060087933561
-4.396678065461651e-05
0.0009135319980459208
-2.442598925256473e-05
0.0007278944797264289
-8.304836345872008e-05
0.0009233023937469467
-0.0002149487054225696
0.0010014655593551538
-2.9311187103077675e-05
0.0009721543722520762
-0.00014655593551538836
0.0008744504152418173
-0.000180752320468979
0.0007962872496336101
-0.000180752320468979
0.0010600879335613091
-1.4655593551538837e-05
0.0009574987787005373
-9.77039570102589e-06
0.0009574987787005373
-5.862237420615535e-05
0.0008255984367366878
-0.0002784562774792379
0.0007474352711284806
0.00016609672691744016
0.0008597948216902784
-4.885197850512945e-06
0.0010063507572056667
1.4655593551538837e-05
0.0009086468001954079
-3.419638495359062e-05
0.0008695652173913043
-0.0001270151441133366
0.0008011724474841231
-0.0001709819247679531
0.0008304836345872007
-5.862237420615535e-05
0.0007474352711284806
-0.00020517830972154372
0.000806057645334636
-0.0001270151441133366
0.0006595017098192477
-9.281875915974596e-05
0.000903761602344895
-0.00015632633121641425
0.0008891060087933561
-0.00014655593551538836
0.0008500244259892526
-2.442598925256473e-05
0.0007816316560820713
-0.0001270151441133366
0.000815828041035662
-9.770395701025892e-05
0.0007425500732779677
-6.839276990718124e-05
0.0008597948216902784
-6.35075720566683e-05
0.0007962872496336101
-7.327796775769418e-05
0.000810942843185149
-8.793356130923302e-05
0.0007669760625305325
-9.770395701025892e-05
0.0008842208109428432
4.885197850512945e-06
0.0009330727894479727
3.908158280410356e-05
0.0008207132388861749
3.419638495359062e-05
0.0007034684904738642
-8.793356130923302e-05
0.0007865168539325843
-8.304836345872008e-05
0.0010014655593551538
-4.885197850512946e-05
0.0007865168539325843
-8.793356130923302e-05
0.0008500244259892526
9.77039570102589e-06
0.0006888128969223254
-8.304836345872008e-05
0.0007865168539325843
-3.908158280410356e-05
0.0007181240840254031
5.37371763556424e-05
0.0008891060087933561
-0.00018563751831949193
0.000981924767953102
4.885197850512946e-05
0.000806057645334636
-9.281875915974596e-05
0.0008744504152418173
-0.00018563751831949193
0.0008353688324377137
-7.816316560820712e-05
0.0010112359550561798
3.419638495359062e-05
0.0009428431851489985
-1.4655593551538837e-05
0.0007327796775769418
1.4655593551538837e-05
0.0008597948216902784
5.37371763556424e-05
0.0006936980947728383
-3.419638495359062e-05
0.0009574987787005373
-0.00012212994626282364
0.000893991206643869
0.0001172447484123107
0.0008451392281387396
-0.00015632633121641425
0.0008207132388861749
-8.793356130923302e-05
0.0008891060087933561
-3.908158280410356e-05
0.0009574987787005373
-0.0002589154860771861
0.0009135319980459208
-1.4655593551538837e-05
0.0007425500732779677
3.908158280410356e-05
0.0010210063507572057
-0.00019540791402051784
0.000723009281875916
-5.862237420615535e-05
0.0007718612603810454
-8.793356130923302e-05
0.0010552027357107962
2.9311187103077675e-05
0.0007278944797264289
-0.00016609672691744016
0.0010503175378602833
5.37371763556424e-05
0.0008207132388861749
-4.396678065461651e-05
0.0009428431851489985
-4.885197850512946e-05
0.0008353688324377137
4.885197850512945e-06
0.0008353688324377137
6.839276990718124e-05
0.000810942843185149
0.00011235955056179774
0.0008207132388861749
-0.0001270151441133366
0.0009330727894479727
-3.908158280410356e-05
0.0008646800195407913
-5.862237420615535e-05
0.0009428431851489985
-0.00014167073766487544
0.0008891060087933561
-0.0001172447484123107
0.00071323888617489
-0.00012212994626282364
0.0008353688324377137
9.281875915974596e-05
0.0007474352711284806
-8.793356130923302e-05
0.000903761602344895
-7.816316560820712e-05
0.0008402540302882267
-0.00015632633121641425
0.0008646800195407913
-0.00018563751831949193
0.0009135319980459208
-8.304836345872008e-05
0.0009135319980459208
4.885197850512945e-06
0.000903761602344895
-4.885197850512945e-06
0.0008402540302882267
-1.4655593551538837e-05
0.0006643869076697606
4.396678065461651e-05
0.0010112359550561798
-0.00021983390327308256
0.0007865168539325843
9.281875915974596e-05
0.0008011724474841231
-5.862237420615535e-05
0.0007425500732779677
-0.00011235955056179774
0.0007914020517830972
-1.4655593551538837e-05
0.0008304836345872007
-1.4655593551538837e-05
0.000903761602344895
-9.281875915974596e-05
0.0008793356130923302
-9.77039570102589e-06
0.0008695652173913043
-0.00019052271617000488
0.0007181240840254031
-0.00021983390327308256
0.0008353688324377137
-0.0001709819247679531
0.0007425500732779677
-0.0002149487054225696
0.0007181240840254031
4.885197850512945e-06
0.0007816316560820713
-2.9311187103077675e-05
0.0007914020517830972
0.0001074743527112848
0.0009086468001954079
-0.0001172447484123107
0.000903761602344895
5.37371763556424e-05
0.0007620908646800195
-3.419638495359062e-05
0.0007816316560820713
-7.327796775769418e-05
0.0009184171958964338
1.4655593551538837e-05
0.000815828041035662
-4.885197850512946e-05
0.0007816316560820713
-7.816316560820712e-05
0.0007376648754274548
-0.00016609672691744016
0.0008207132388861749
-0.00013190034196384952
0.0007181240840254031
-0.00014167073766487544
0.0007914020517830972
-9.770395701025892e-05
0.0009574987787005373
-2.442598925256473e-05
0.00071323888617489
1.4655593551538837e-05
0.0008744504152418173
-0.00020029311187103076
0.000898876404494382
-0.00026380068392769905
0.0008451392281387396
-7.327796775769418e-05
0.0007669760625305325
-0.0001074743527112848
0.0008842208109428432
-9.281875915974596e-05
0.0007865168539325843
-0.000180752320468979
0.0007327796775769418
-0.00014167073766487544
0.0007767464582315583
-3.419638495359062e-05
0.0009233023937469467
-0.0001172447484123107
0.0009672691744015633
-0.00026868588177821203
0.0007523204689789937
0.0
0.0006741573033707865
-0.00012212994626282364
0.0008695652173913043
-0.0002491450903761602
0.0008744504152418173
-6.839276990718124e-05
0.0008255984367366878
-0.0001074743527112848
0.0007865168539325843
1.4655593551538837e-05
0.0007816316560820713
1.4655593551538837e-05
0.0007327796775769418
-0.00012212994626282364
0.0007962872496336101
-5.862237420615535e-05
0.0009428431851489985
-7.327796775769418e-05
0.000981924767953102
-5.862237420615535e-05
0.0007767464582315583
-0.00013678553981436248
0.0007669760625305325
-0.00018563751831949193
0.0008451392281387396
-0.00016609672691744016
0.0008451392281387396
-0.00010258915486077186
0.000806057645334636
-5.862237420615535e-05
0.0006595017098192477
9.77039570102589e-06
0.0009330727894479727
-4.885197850512946e-05
0.000810942843185149
-5.862237420615535e-05
0.0008255984367366878
8.793356130923302e-05
0.0008597948216902784
-2.9311187103077675e-05
0.0007523204689789937
-9.770395701025892e-05
0.0009233023937469467
-7.327796775769418e-05
0.0008353688324377137
2.9311187103077675e-05
0.0008255984367366878
-0.00016609672691744016
0.0008500244259892526
9.77039570102589e-06
0.0007474352711284806
4.885197850512945e-06
0.0008353688324377137
-4.885197850512945e-06
0.0009330727894479727
9.770395701025892e-05
0.0008744504152418173
3.419638495359062e-05
0.000806057645334636
-0.00020517830972154372
0.0007669760625305325
-6.839276990718124e-05
0.0008597948216902784
-0.0001172447484123107
0.0008744504152418173
-0.00010258915486077186
0.0007669760625305325
-9.770395701025892e-05
0.0009184171958964338
-0.00022960429897410844
0.0007962872496336101
-0.00030288226673180264
0.0007865168539325843
-0.0001074743527112848
0.0009184171958964338
-0.00013190034196384952
0.0007816316560820713
-0.00011235955056179774
0.0008402540302882267
-0.000356619443087445
0.000810942843185149
4.885197850512945e-06
0.0010014655593551538
3.419638495359062e-05
0.0009086468001954079
-0.00010258915486077186
0.000893991206643869
-0.00022960429897410844
0.0007816316560820713
-0.00011235955056179774
0.000810942843185149
-0.00013190034196384952
0.000903761602344895
-0.00019540791402051784
0.000898876404494382
2.9311187103077675e-05
0.0007523204689789937
-0.0001074743527112848
0.0007376648754274548
-7.816316560820712e-05
0.0007083536883243771
-0.00014655593551538836
0.0009623839765510503
-9.77039570102589e-06
0.0007962872496336101
-0.00018563751831949193
0.0008353688324377137
-0.0001612115290669272
0.000893991206643869
-8.304836345872008e-05
0.0007620908646800195
-7.327796775769418e-05
0.0009184171958964338
-0.00015632633121641425
0.0009184171958964338
-8.793356130923302e-05
0.000810942843185149
-0.000180752320468979
0.000893991206643869
-4.885197850512946e-05
0.0007865168539325843
-0.0001709819247679531
0.0008842208109428432
-0.0001074743527112848
0.000903761602344895
-5.862237420615535e-05
0.0006985832926233512
0.0
0.0009477283829995114
-0.00017586712261846604
0.0007962872496336101
1.4655593551538837e-05
0.000810942843185149
-7.327796775769418e-05
0.0008744504152418173
-1.4655593551538837e-05
0.0007962872496336101
-0.00013190034196384952
0.0009379579872984856
-0.0002149487054225696
0.0008842208109428432
-4.396678065461651e-05
0.0009330727894479727
-1.954079140205178e-05
0.0007962872496336101
-9.770395701025892e-05
0.0008207132388861749
-0.00018563751831949193
0.0008011724474841231
-0.000180752320468979
0.0008402540302882267
-5.37371763556424e-05
0.0008842208109428432
-0.00010258915486077186
0.0007181240840254031
-0.00014167073766487544
0.0008549096238397655
-0.000180752320468979
0.0009135319980459208
-0.00015144113336590132
0.0007816316560820713
-4.885197850512946e-05
0.0009574987787005373
-8.304836345872008e-05
0.0009135319980459208
-0.00014655593551538836
0.00071323888617489
-0.0001709819247679531
0.0010063507572056667
-4.885197850512945e-06
0.000810942843185149
-5.37371763556424e-05
0.0007767464582315583
-0.00021006350757205668
0.000991695163654128
3.419638495359062e-05
0.000815828041035662
-0.0001709819247679531
0.0009526135808500244
-9.281875915974596e-05
0.0009526135808500244
-0.0002540302882266732
0.0009281875915974596
-6.839276990718124e-05
0.0008549096238397655
-0.0001074743527112848
0.0008451392281387396
-5.37371763556424e-05
0.0009965803615046408
-0.00016609672691744016
0.0007572056668295066
-0.00013678553981436248
0.0008011724474841231
-1.954079140205178e-05
0.0007962872496336101
-7.816316560820712e-05
0.0007669760625305325
-0.00012212994626282364
0.000806057645334636
-0.0001074743527112848
0.000815828041035662
-9.770395701025892e-05
0.0008549096238397655
-4.396678065461651e-05
0.0009379579872984856
-1.4655593551538837e-05
0.0008744504152418173
-0.00019052271617000488
0.0009233023937469467
-7.327796775769418e-05
0.0008402540302882267
-0.0001709819247679531
0.0007914020517830972
-0.0002247191011235955
0.0009184171958964338
-8.304836345872008e-05
0.0009672691744015633
-0.00012212994626282364
0.0009184171958964338
-0.00015144113336590132
0.0009965803615046408
-0.00019052271617000488
0.0008793356130923302
-0.00014167073766487544
0.0009428431851489985
-7.327796775769418e-05
0.000898876404494382
-7.327796775769418e-05
0.0009574987787005373
-9.77039570102589e-06
0.0008451392281387396
-0.0001709819247679531
0.0008549096238397655
-0.00015144113336590132
0.0010112359550561798
-0.00023937469467513433
0.0009184171958964338
-0.00016609672691744016
0.0008891060087933561
-1.954079140205178e-05
0.0008304836345872007
-8.793356130923302e-05
0.0009672691744015633
-7.816316560820712e-05
0.000903761602344895
4.885197850512945e-06
0.000815828041035662
-0.00027357107962872496
0.000898876404494382
-0.0001612115290669272
0.0008549096238397655
9.770395701025892e-05
0.0009330727894479727
-9.281875915974596e-05
0.000893991206643869
7.327796775769418e-05
0.0007620908646800195
-9.770395701025892e-05
0.0006497313141182217
-0.0001612115290669272
0.000893991206643869
9.77039570102589e-06
0.0009135319980459208
-2.442598925256473e-05
0.000806057645334636
0.0001270151441133366
0.0008744504152418173
-0.00011235955056179774
0.0008842208109428432
3.908158280410356e-05
0.000893991206643869
-5.862237420615535e-05
0.0008304836345872007
-7.816316560820712e-05
0.0009330727894479727
0.0001074743527112848
0.0008744504152418173
-3.908158280410356e-05
0.0008646800195407913
-4.396678065461651e-05
0.0008304836345872007
0.00011235955056179774
0.000898876404494382
-0.00015632633121641425
0.0007474352711284806
-0.00010258915486077186
0.000991695163654128
-2.9311187103077675e-05
0.0009330727894479727
-5.37371763556424e-05
0.000893991206643869
-3.908158280410356e-05
0.0009672691744015633
-0.00021983390327308256
0.0008011724474841231
9.77039570102589e-06
0.0009330727894479727
-0.0002442598925256473
0.0008646800195407913
4.885197850512945e-06
0.0007669760625305325
-0.00011235955056179774
0.0008500244259892526
-8.304836345872008e-05
0.0009379579872984856
-1.4655593551538837e-05
0.0008842208109428432
-9.77039570102589e-06
0.000810942843185149
-9.281875915974596e-05
0.0007767464582315583
-5.37371763556424e-05
0.0008549096238397655
-0.00010258915486077186
0.0008011724474841231
-8.793356130923302e-05
0.0006399609184171959
-8.304836345872008e-05
0.0009770395701025891
4.396678065461651e-05
0.0008353688324377137
-9.77039570102589e-06
0.0009330727894479727
-0.00015144113336590132
0.0008842208109428432
-4.396678065461651e-05
0.0007669760625305325
-2.9311187103077675e-05
0.000903761602344895
-0.00016609672691744016
0.0010307767464582316
2.442598925256473e-05
0.000903761602344895
-0.00013190034196384952
0.0008549096238397655
1.954079140205178e-05
0.0007669760625305325
-0.00014167073766487544
0.0008011724474841231
9.77039570102589e-06
0.0007083536883243771
-0.00012212994626282364
0.0008597948216902784
-0.00020517830972154372
0.0008500244259892526
-0.00014655593551538836
0.0006204201270151441
-4.396678065461651e-05
0.000815828041035662
4.885197850512946e-05
0.000986809965803615
-0.00010258915486077186
0.0007327796775769418
-1.954079140205178e-05
0.000893991206643869
-8.793356130923302e-05
0.0007865168539325843
-0.00023937469467513433
0.0008597948216902784
-7.816316560820712e-05
0.0008646800195407913
-0.00010258915486077186
0.0006692721055202736
-7.327796775769418e-05
0.000893991206643869
-0.00013678553981436248
0.000806057645334636
-9.77039570102589e-06
0.0008207132388861749
-0.00012212994626282364
0.0008304836345872007
-0.0001709819247679531
0.000893991206643869
-0.00016609672691744016
0.0008255984367366878
-9.770395701025892e-05
0.000723009281875916
-5.37371763556424e-05
0.0008207132388861749
-0.00022960429897410844
0.0006936980947728383
-4.396678065461651e-05
0.0007327796775769418
0.0
0.000893991206643869
0.0
0.0008744504152418173
-0.00013678553981436248
0.0008695652173913043
-5.862237420615535e-05
0.0007425500732779677
-1.4655593551538837e-05
0.0007327796775769418
-0.00015632633121641425
0.000810942843185149
0.00012212994626282364
0.0008842208109428432
-0.00020517830972154372
0.0010600879335613091
-5.37371763556424e-05
0.0008646800195407913
2.9311187103077675e-05
0.0009672691744015633
7.816316560820712e-05
0.0008402540302882267
-0.00013678553981436248
0.0010063507572056667
3.419638495359062e-05
0.0009135319980459208
-0.00013190034196384952
0.0007816316560820713
3.908158280410356e-05
0.0007083536883243771
-9.281875915974596e-05
0.0008744504152418173
-2.9311187103077675e-05
0.0008646800195407913
-0.00012212994626282364
0.0009526135808500244
-2.442598925256473e-05
0.0007767464582315583
-0.00011235955056179774
0.0008695652173913043
-0.00010258915486077186
0.0007816316560820713
-2.9311187103077675e-05
0.0008891060087933561
-0.00015632633121641425
0.0008597948216902784
-2.442598925256473e-05
0.0007278944797264289
-4.396678065461651e-05
0.0009477283829995114
6.839276990718124e-05
0.0008597948216902784
9.77039570102589e-06
0.000898876404494382
-9.770395701025892e-05
0.000815828041035662
-9.77039570102589e-06
0.0008500244259892526
-7.816316560820712e-05
0.0009574987787005373
-0.00014655593551538836
0.0007572056668295066
-0.0001074743527112848
0.0008744504152418173
-0.00011235955056179774
0.000723009281875916
-4.396678065461651e-05
0.0006448461162677088
2.9311187103077675e-05
0.0009477283829995114
-9.281875915974596e-05
0.0009623839765510503
-0.0001612115290669272
0.0007914020517830972
-5.37371763556424e-05
0.0009623839765510503
-7.816316560820712e-05
0.0007083536883243771
-5.862237420615535e-05
0.000903761602344895
-0.00021983390327308256
0.000903761602344895
4.396678065461651e-05
0.000723009281875916
-6.839276990718124e-05
0.0008695652173913043
-3.419638495359062e-05
0.0008597948216902784
-0.00014655593551538836
0.0009330727894479727
-5.862237420615535e-05
0.0008304836345872007
-0.0001270151441133366
0.0008353688324377137
-9.770395701025892e-05
0.0008549096238397655
-0.0001172447484123107
0.0007278944797264289
-0.00021006350757205668
0.0006204201270151441
-0.00021983390327308256
0.0008451392281387396
-0.00016609672691744016
0.0007865168539325843
4.396678065461651e-05
0.0007767464582315583
-4.396678065461651e-05
0.0007278944797264289
-0.00012212994626282364
0.0008793356130923302
-0.00016609672691744016
0.0010405471421592574
-1.954079140205178e-05
0.0006399609184171959
-1.954079140205178e-05
0.000815828041035662
1.4655593551538837e-05
0.000806057645334636
1.954079140205178e-05
0.0008549096238397655
-6.35075720566683e-05
0.0007523204689789937
-1.4655593551538837e-05
0.0009233023937469467
-0.00012212994626282364
0.0007523204689789937
-0.00020029311187103076
0.0008304836345872007
-1.954079140205178e-05
0.0008255984367366878
4.885197850512945e-06
0.0007376648754274548
2.9311187103077675e-05
0.0008646800195407913
6.839276990718124e-05
0.0007718612603810454
9.77039570102589e-06
0.000810942843185149
-5.37371763556424e-05
0.0011040547142159257
3.419638495359062e-05
0.0009623839765510503
-0.00017586712261846604
0.0009281875915974596
-5.37371763556424e-05
0.000903761602344895
-5.37371763556424e-05
0.0009135319980459208
-6.35075720566683e-05
0.0007327796775769418
-7.327796775769418e-05
0.0008451392281387396
6.35075720566683e-05
0.0009623839765510503
-8.304836345872008e-05
0.000898876404494382
-0.00015632633121641425
0.0008744504152418173
1.4655593551538837e-05
0.0006546165119687347
-0.00016609672691744016
0.0007083536883243771
-4.885197850512945e-06
0.0007718612603810454
-5.37371763556424e-05
0.0007572056668295066
-2.442598925256473e-05
0.0007474352711284806
3.419638495359062e-05
0.000898876404494382
-2.442598925256473e-05
0.0008597948216902784
0.0
0.0010014655593551538
-0.0001172447484123107
0.0008597948216902784
9.281875915974596e-05
0.000815828041035662
-0.0001612115290669272
0.000893991206643869
-0.00011235955056179774
0.0008695652173913043
-2.9311187103077675e-05
0.0008402540302882267
-2.9311187103077675e-05
0.0008500244259892526
-0.00023937469467513433
0.0008744504152418173
-4.396678065461651e-05
0.0010014655593551538
-8.304836345872008e-05
0.000810942843185149
-4.885197850512946e-05
0.0006888128969223254
1.4655593551538837e-05
0.0008597948216902784
-4.396678065461651e-05
0.000893991206643869
-4.396678065461651e-05
0.0007474352711284806
-0.00013678553981436248
0.0007376648754274548
-3.908158280410356e-05
0.0007962872496336101
-1.4655593551538837e-05
0.0008451392281387396
-0.0001612115290669272
0.0007865168539325843
-2.442598925256473e-05
0.0008891060087933561
-6.839276990718124e-05
0.0009428431851489985
2.442598925256473e-05
0.0008402540302882267
-0.00017586712261846604
0.0008255984367366878
-6.839276990718124e-05
0.0007816316560820713
-7.816316560820712e-05
0.0008695652173913043
-0.00013678553981436248
0.0009526135808500244
-3.419638495359062e-05
0.0007718612603810454
1.954079140205178e-05
0.000810942843185149
-2.442598925256473e-05
0.000893991206643869
2.442598925256473e-05
0.0007718612603810454
-4.885197850512946e-05
0.0008011724474841231
-2.9311187103077675e-05
0.0007816316560820713
-0.00017586712261846604
0.0010210063507572057
-9.77039570102589e-06
0.0010503175378602833
-9.770395701025892e-05
0.0008500244259892526
-7.327796775769418e-05
0.0008451392281387396
-3.419638495359062e-05
0.0009330727894479727
-0.0001074743527112848
0.0009184171958964338
-0.0001270151441133366
0.0009281875915974596
-8.793356130923302e-05
0.0008402540302882267
-9.281875915974596e-05
0.0008549096238397655
-0.00014167073766487544
0.0006643869076697606
-0.0001270151441133366
0.000806057645334636
-0.00010258915486077186
0.0006839276990718123
1.4655593551538837e-05
0.0009477283829995114
-0.00020029311187103076
0.0007914020517830972
-0.00012212994626282364
0.0006839276990718123
-0.000180752320468979
0.0007278944797264289
-0.00011235955056179774
0.0009135319980459208
-0.00014167073766487544
0.0008500244259892526
-3.908158280410356e-05
0.0009477283829995114
-0.000180752320468979
0.0007327796775769418
-0.00017586712261846604
0.000815828041035662
4.885197850512945e-06
0.0008402540302882267
-3.419638495359062e-05
0.0009672691744015633
-0.0001270151441133366
0.0008793356130923302
2.442598925256473e-05
0.0007914020517830972
-0.0001074743527112848
0.0007816316560820713
-9.770395701025892e-05
0.0006643869076697606
-1.4655593551538837e-05
0.0007034684904738642
-9.77039570102589e-06
0.000806057645334636
-3.908158280410356e-05
0.000986809965803615
-2.9311187103077675e-05
0.0008353688324377137
1.4655593551538837e-05
0.0007620908646800195
6.35075720566683e-05
0.0008353688324377137
0.0001074743527112848
0.0008451392281387396
-9.770395701025892e-05
0.0007816316560820713
-0.00019540791402051784
0.0008842208109428432
0.0
0.0008207132388861749
-9.770395701025892e-05
0.000806057645334636
4.885197850512945e-06
0.000981924767953102
-5.862237420615535e-05
0.0009233023937469467
5.862237420615535e-05
0.000903761602344895
-7.327796775769418e-05
0.0007816316560820713
-0.0001172447484123107
0.000893991206643869
-1.4655593551538837e-05
0.0010405471421592574
-0.0001270151441133366
0.000893991206643869
-0.0001074743527112848
0.0008500244259892526
-0.00017586712261846604
0.0008353688324377137
7.816316560820712e-05
0.0008793356130923302
-4.396678065461651e-05
0.000815828041035662
-9.281875915974596e-05
0.0008891060087933561
-0.00019540791402051784
0.0007718612603810454
-4.885197850512946e-05
0.0008842208109428432
-0.0001270151441133366
0.0009477283829995114
3.908158280410356e-05
0.0008597948216902784
-0.00014655593551538836
0.0008793356130923302
-0.0002491450903761602
0.0008304836345872007
9.77039570102589e-06
0.0009477283829995114
-0.0001612115290669272
0.000981924767953102
-0.000180752320468979
0.000893991206643869
-0.00016609672691744016
0.0008304836345872007
-1.954079140205178e-05
0.0006546165119687347
-8.793356130923302e-05
0.0007718612603810454
0.00014167073766487544
0.0008353688324377137
-6.839276990718124e-05
0.0009233023937469467
-5.862237420615535e-05
0.0008793356130923302
-7.327796775769418e-05
0.0007914020517830972
-5.862237420615535e-05
0.0007425500732779677
-5.862237420615535e-05
0.0008646800195407913
-0.00020517830972154372
0.0010112359550561798
4.885197850512946e-05
0.0008646800195407913
2.9311187103077675e-05
0.000893991206643869
-7.816316560820712e-05
0.000723009281875916
1.4655593551538837e-05
0.0010503175378602833
-2.9311187103077675e-05
0.0008891060087933561
-7.327796775769418e-05
0.0008842208109428432
-0.00015144113336590132
0.0008597948216902784
-1.954079140205178e-05
0.0008207132388861749
-6.35075720566683e-05
0.0008695652173913043
-1.954079140205178e-05
0.0008695652173913043
-9.77039570102589e-06
0.0009233023937469467
-6.35075720566683e-05
0.0009086468001954079
-6.35075720566683e-05
0.0008549096238397655
-3.419638495359062e-05
0.001064973131411822
-0.0002540302882266732
0.0009379579872984856
-0.0001074743527112848
0.0009428431851489985
-0.00014655593551538836
0.0008695652173913043
2.9311187103077675e-05
0.0006985832926233512
-1.4655593551538837e-05
0.0009623839765510503
-0.00010258915486077186
0.0007962872496336101
2.442598925256473e-05
0.000898876404494382
-0.00012212994626282364
0.0008744504152418173
-8.304836345872008e-05
0.000723009281875916
-9.77039570102589e-06
0.000815828041035662
-2.9311187103077675e-05
0.0009233023937469467
-0.00020517830972154372
0.0008793356130923302
-0.0001074743527112848
0.0008597948216902784
-9.770395701025892e-05
0.0010307767464582316
-0.000180752320468979
0.0007572056668295066
-0.00013190034196384952
0.0008842208109428432
-9.281875915974596e-05
0.0009135319980459208
-7.327796775769418e-05
0.0008207132388861749
-7.816316560820712e-05
0.0009574987787005373
-8.304836345872008e-05
0.000815828041035662
-0.0002442598925256473
0.000903761602344895
-0.00021983390327308256
0.0007523204689789937
-0.00016609672691744016
0.000635075720566683
-0.00021983390327308256
0.000810942843185149
3.908158280410356e-05
0.0009135319980459208
-0.0001270151441133366
0.0007962872496336101
-0.0001172447484123107
0.0008695652173913043
-6.839276990718124e-05
0.000723009281875916
-7.327796775769418e-05
0.0008500244259892526
-6.839276990718124e-05
0.0008402540302882267
-0.00010258915486077186
0.0009135319980459208
-9.281875915974596e-05
0.0008304836345872007
-4.885197850512945e-06
0.0007425500732779677
-5.37371763556424e-05
0.0008011724474841231
-0.00012212994626282364
0.0009135319980459208
-0.00022960429897410844
0.0009330727894479727
6.839276990718124e-05
0.0009086468001954079
-0.0001709819247679531
0.0009086468001954079
-0.00010258915486077186
0.0007523204689789937
4.885197850512945e-06
0.0009526135808500244
-0.0001270151441133366
0.0007425500732779677
-9.77039570102589e-06
0.0008695652173913043
-5.37371763556424e-05
0.0008597948216902784
3.419638495359062e-05
0.00071323888617489
-2.9311187103077675e-05
0.0008891060087933561
-0.0002491450903761602
0.0007816316560820713
2.442598925256473e-05
0.0008402540302882267
-2.442598925256473e-05
0.0006839276990718123
-0.00027357107962872496
0.0008744504152418173
-0.00014655593551538836
0.0008402540302882267
-0.00013678553981436248
0.0008451392281387396
-0.00014167073766487544
0.000806057645334636
-0.0001270151441133366
0.0007865168539325843
-0.00020517830972154372
0.0007083536883243771
-6.839276990718124e-05
0.0008304836345872007
-0.0001270151441133366
0.0009965803615046408
-7.816316560820712e-05
0.0007572056668295066
-0.00012212994626282364
0.0007816316560820713
-9.770395701025892e-05
0.0009135319980459208
-0.00018563751831949193
0.0007376648754274548
-0.00019540791402051784
0.0007327796775769418
0.0
0.0008549096238397655
-0.00014167073766487544
0.0008695652173913043
-0.00019540791402051784
0.0008695652173913043
-0.0001709819247679531
0.0008695652173913043
-0.00016609672691744016
0.0008646800195407913
-0.00012212994626282364
0.0010600879335613091
-9.77039570102589e-06
0.0009428431851489985
0.0
0.0009135319980459208
-9.770395701025892e-05
0.0009721543722520762
-0.00020517830972154372
0.0008744504152418173
-0.0001074743527112848
0.0008793356130923302
-0.00013190034196384952
0.0009428431851489985
-4.885197850512946e-05
0.000723009281875916
-0.00013190034196384952
0.0007425500732779677
-0.0001612115290669272
0.0009135319980459208
3.419638495359062e-05
0.0009086468001954079
-0.00021006350757205668
0.0007278944797264289
-0.00010258915486077186
0.0007474352711284806
-7.816316560820712e-05
0.0008646800195407913
-4.885197850512946e-05
0.0009281875915974596
-0.0001270151441133366
0.0005911089399120664
-7.816316560820712e-05
0.0008646800195407913
0.00010258915486077186
0.0007425500732779677
-7.327796775769418e-05
0.0008793356130923302
-0.0002442598925256473
0.0009379579872984856
-0.00016609672691744016
0.0007767464582315583
-0.00015632633121641425
0.0009526135808500244
-0.00011235955056179774
0.0008744504152418173
-7.816316560820712e-05
0.0010161211529066928
-0.00010258915486077186
0.001064973131411822
-0.00010258915486077186
0.0007181240840254031
-3.908158280410356e-05
0.0009233023937469467
-7.816316560820712e-05
0.0007718612603810454
-0.00012212994626282364
0.000893991206643869
-0.0001074743527112848
0.000806057645334636
-0.00010258915486077186
0.0006985832926233512
-0.00019540791402051784
0.0008549096238397655
-0.00014655593551538836
0.000898876404494382
-0.00013190034196384952
0.0009965803615046408
-0.00019052271617000488
0.0009623839765510503
-0.0001270151441133366
0.0009623839765510503
-2.9311187103077675e-05
0.0007620908646800195
-2.9311187103077675e-05
0.000991695163654128
-0.0001709819247679531
0.0007474352711284806
-0.00026380068392769905
0.0008597948216902784
2.442598925256473e-05
0.0009477283829995114
-0.0001074743527112848
0.0008549096238397655
-4.885197850512946e-05
0.0009330727894479727
-0.00026868588177821203
0.0007278944797264289
-0.0002442598925256473
0.0008891060087933561
2.442598925256473e-05
0.0007572056668295066
-0.00017586712261846604
0.0007816316560820713
-4.396678065461651e-05
0.0007572056668295066
-0.00013190034196384952
0.000986809965803615
-0.0001709819247679531
0.0009965803615046408
-0.00011235955056179774
0.0007767464582315583
-0.00015144113336590132
0.0007962872496336101
0.0
0.000981924767953102
-0.00015144113336590132
0.000903761602344895
-6.35075720566683e-05
0.0010307767464582316
-5.862237420615535e-05
0.0008891060087933561
4.885197850512945e-06
0.000898876404494382
-3.908158280410356e-05
0.0009233023937469467
-0.0001612115290669272
0.0009965803615046408
-0.00021983390327308256
0.0007816316560820713
-0.00016609672691744016
0.0007034684904738642
-0.0001172447484123107
0.0008451392281387396
1.954079140205178e-05
0.0006595017098192477
-0.00013678553981436248
0.0007865168539325843
-0.00014167073766487544
0.0008451392281387396
3.908158280410356e-05
0.0009135319980459208
7.816316560820712e-05
0.0008255984367366878
-8.304836345872008e-05
0.0008207132388861749
8.304836345872008e-05
0.0008549096238397655
1.954079140205178e-05
0.0006839276990718123
-0.0001074743527112848
0.0007767464582315583
-0.00018563751831949193
0.0009965803615046408
-6.35075720566683e-05
0.0008011724474841231
-6.839276990718124e-05
0.000810942843185149
-0.00020517830972154372
0.0009477283829995114
-0.00014167073766487544
0.0007083536883243771
-9.281875915974596e-05
0.0009330727894479727
-0.00015144113336590132
0.000723009281875916
-6.35075720566683e-05
0.0008500244259892526
-5.862237420615535e-05
0.0008500244259892526
5.862237420615535e-05
0.0007767464582315583
-0.00013190034196384952
0.0009477283829995114
-7.327796775769418e-05
0.0008207132388861749
-9.281875915974596e-05
0.0007865168539325843
-1.954079140205178e-05
0.0010161211529066928
-0.0001172447484123107
0.00071323888617489
-0.00010258915486077186
0.0007327796775769418
-4.396678065461651e-05
0.0008255984367366878
-0.00019540791402051784
0.0008451392281387396
-0.00011235955056179774
0.0009330727894479727
-4.885197850512946e-05
0.0007474352711284806
-6.839276990718124e-05
0.0008255984367366878
-0.00013678553981436248
0.0008695652173913043
-0.00018563751831949193
0.0009721543722520762
-0.0001709819247679531
0.0009379579872984856
4.885197850512945e-06
0.0008549096238397655
-1.954079140205178e-05
0.0007914020517830972
-0.00014655593551538836
0.0009086468001954079
-3.419638495359062e-05
0.0009623839765510503
-0.00013190034196384952
0.0008842208109428432
-4.885197850512945e-06
0.0006985832926233512
-0.00019540791402051784
0.0008207132388861749
-0.0001172447484123107
0.00071323888617489
-6.839276990718124e-05
0.0008500244259892526
-6.839276990718124e-05
0.0008793356130923302
-0.00014167073766487544
0.0007767464582315583
-4.885197850512945e-06
0.0008842208109428432
-5.862237420615535e-05
0.0007669760625305325
-5.37371763556424e-05
0.0008744504152418173
-0.0001172447484123107
0.0008207132388861749
-0.00012212994626282364
0.0007523204689789937
-0.0002491450903761602
0.0009721543722520762
-3.908158280410356e-05
0.000810942843185149
3.419638495359062e-05
0.000810942843185149
-0.00026868588177821203
0.0006888128969223254
-9.770395701025892e-05
0.0009281875915974596
-2.442598925256473e-05
0.0010405471421592574
-1.4655593551538837e-05
0.0007669760625305325
-7.816316560820712e-05
0.0009184171958964338
-0.00010258915486077186
0.0006546165119687347
-0.0001270151441133366
0.0007865168539325843
-3.908158280410356e-05
0.0010161211529066928
-0.00021983390327308256
0.0007669760625305325
-4.885197850512946e-05
0.0007474352711284806
-2.442598925256473e-05
0.0008891060087933561
-5.862237420615535e-05
0.0008011724474841231
-0.00018563751831949193
0.0009526135808500244
-0.00015632633121641425
0.0007278944797264289
-4.396678065461651e-05
0.0007572056668295066
-7.816316560820712e-05
0.0006985832926233512
-5.862237420615535e-05
0.0007620908646800195
-0.0001612115290669272
0.000981924767953102
-0.00010258915486077186
0.0006106497313141182
4.885197850512945e-06
0.0008402540302882267
-0.0001270151441133366
0.0007376648754274548
9.77039570102589e-06
0.000810942843185149
-0.00012212994626282364
0.0007523204689789937
-5.37371763556424e-05
0.0008891060087933561
-7.327796775769418e-05
0.000815828041035662
-0.00013190034196384952
0.000981924767953102
-0.0001270151441133366
0.0008500244259892526
4.885197850512946e-05
0.0007962872496336101
-0.00015144113336590132
0.0009770395701025891
-6.839276990718124e-05
0.0008500244259892526
-6.839276990718124e-05
0.0007865168539325843
-8.793356130923302e-05
0.0006741573033707865
2.442598925256473e-05
0.0007181240840254031
-0.00010258915486077186
0.0007327796775769418
-0.00010258915486077186
0.0006888128969223254
-9.281875915974596e-05
0.0009184171958964338
-7.327796775769418e-05
0.0008500244259892526
-8.304836345872008e-05
0.0008842208109428432
-1.4655593551538837e-05
0.000903761602344895
-5.862237420615535e-05
0.0008353688324377137
-0.0001612115290669272
0.0009281875915974596
-0.00016609672691744016
0.0008549096238397655
-0.0001172447484123107
0.0009379579872984856
-0.00021983390327308256
0.0007767464582315583
-0.00014655593551538836
0.0010258915486077186
-9.770395701025892e-05
0.0007914020517830972
-0.0001270151441133366
0.0008549096238397655
-0.0001270151441133366
0.0006985832926233512
-2.9311187103077675e-05
0.0008207132388861749
-0.0003224230581338544
0.000903761602344895
-8.304836345872008e-05
0.0008011724474841231
-7.816316560820712e-05
0.0008500244259892526
-0.00014655593551538836
0.0006595017098192477
-0.0003517342452369321
0.0008304836345872007
-0.00023937469467513433
0.0008304836345872007
-0.0001270151441133366
0.0009233023937469467
-0.00013678553981436248
0.001064973131411822
-0.0001270151441133366
0.0009330727894479727
-0.00019052271617000488
0.0009330727894479727
-2.9311187103077675e-05
0.0008597948216902784
-0.00014167073766487544
0.0008011724474841231
-0.00015144113336590132
0.0008646800195407913
-0.00017586712261846604
0.0009770395701025891
-0.0001172447484123107
0.0009135319980459208
-4.396678065461651e-05
0.0007572056668295066
-0.00014655593551538836
0.0010210063507572057
-1.954079140205178e-05
0.000815828041035662
-0.0001612115290669272
0.0007914020517830972
-8.793356130923302e-05
0.0007034684904738642
-0.00014655593551538836
0.0009672691744015633
-0.000180752320468979
0.0009184171958964338
-5.862237420615535e-05
0.0006643869076697606
-1.954079140205178e-05
0.0008500244259892526
-3.908158280410356e-05
0.0007474352711284806
6.35075720566683e-05
0.0008891060087933561
-0.00019540791402051784
0.000815828041035662
-1.954079140205178e-05
0.0008353688324377137
-0.00020517830972154372
0.0007376648754274548
-0.0001074743527112848
0.0007034684904738642
-0.00018563751831949193
0.0009379579872984856
-0.00012212994626282364
0.0008207132388861749
-6.35075720566683e-05
0.0007083536883243771
-0.00011235955056179774
0.0006839276990718123
-0.00010258915486077186
0.0008597948216902784
-9.77039570102589e-06
0.000810942843185149
-8.304836345872008e-05
0.0007962872496336101
1.4655593551538837e-05
0.0008744504152418173
-7.327796775769418e-05
0.0009672691744015633
-0.00012212994626282364
0.000893991206643869
-4.885197850512945e-06
0.0008646800195407913
-0.00026380068392769905
0.0007767464582315583
-2.442598925256473e-05
0.0009574987787005373
-6.839276990718124e-05
0.0007718612603810454
-0.00013678553981436248
0.0008402540302882267
-2.442598925256473e-05
0.0009135319980459208
-0.00012212994626282364
0.0007962872496336101
-0.00010258915486077186
0.000903761602344895
-0.00013190034196384952
0.0008744504152418173
-0.00017586712261846604
0.0009086468001954079
3.908158280410356e-05
0.0009135319980459208
-0.00016609672691744016
0.0009574987787005373
-0.00016609672691744016
0.0007181240840254031
-0.000180752320468979
0.0007767464582315583
-8.304836345872008e-05
0.0009477283829995114
-0.00013678553981436248
0.0007767464582315583
-4.885197850512945e-06
0.0010112359550561798
-0.00019540791402051784
0.0008451392281387396
-8.793356130923302e-05
0.0007523204689789937
-0.00015144113336590132
0.000806057645334636
9.77039570102589e-06
0.0008011724474841231
-0.0001709819247679531
0.0008842208109428432
-1.954079140205178e-05
0.00071323888617489
-0.00022960429897410844
0.0007572056668295066
-8.793356130923302e-05
0.0009965803615046408
-0.00023937469467513433
0.000893991206643869
-8.304836345872008e-05
0.0008402540302882267
-4.885197850512945e-06
0.000991695163654128
-4.885197850512946e-05
0.0008353688324377137
-4.885197850512945e-06
0.0008646800195407913
-9.770395701025892e-05
0.0009281875915974596
-5.37371763556424e-05
0.0008646800195407913
-1.4655593551538837e-05
0.0008646800195407913
0.0
0.0009233023937469467
-7.816316560820712e-05
0.0009281875915974596
-0.00015144113336590132
0.0008207132388861749
-0.0003175378602833415
0.0009379579872984856
-0.0002442598925256473
0.0007767464582315583
-0.000180752320468979
0.0008255984367366878
-0.0001270151441133366
0.0009281875915974596
1.954079140205178e-05
0.0009281875915974596
-0.00023937469467513433
0.00071323888617489
-0.00019540791402051784
0.0008793356130923302
-7.816316560820712e-05
0.0007962872496336101
-7.816316560820712e-05
0.0006448461162677088
-6.839276990718124e-05
0.0007572056668295066
-0.00016609672691744016
0.0007718612603810454
-3.419638495359062e-05
0.000806057645334636
-0.0003224230581338544
0.0008744504152418173
-0.00012212994626282364
0.0008207132388861749
-6.839276990718124e-05
0.0008597948216902784
-0.00019052271617000488
0.000810942843185149
-3.419638495359062e-05
0.0008646800195407913
4.396678065461651e-05
0.0008353688324377137
-0.00014655593551538836
0.0007865168539325843
-0.00021006350757205668
0.0008695652173913043
-8.304836345872008e-05
0.0007523204689789937
-6.35075720566683e-05
0.0009086468001954079
-0.00014167073766487544
0.0008207132388861749
-0.0001270151441133366
0.0007425500732779677
-0.0001709819247679531
0.0008451392281387396
-0.00020517830972154372
0.000815828041035662
-5.862237420615535e-05
0.0009233023937469467
-6.35075720566683e-05
0.0008500244259892526
-6.35075720566683e-05
0.0007034684904738642
-0.0001074743527112848
0.0008891060087933561
-0.00015144113336590132
0.0008353688324377137
-6.35075720566683e-05
0.0007718612603810454
-0.0001612115290669272
0.000723009281875916
-3.908158280410356e-05
0.000815828041035662
-0.0001172447484123107
0.0008304836345872007
-0.00020517830972154372
0.0007425500732779677
-9.770395701025892e-05
0.0009086468001954079
-0.00020029311187103076
0.0009672691744015633
-0.00013190034196384952
0.0008842208109428432
-1.4655593551538837e-05
0.0009184171958964338
-0.0001612115290669272
0.0009574987787005373
-4.885197850512945e-06
0.0007816316560820713
-5.862237420615535e-05
0.0009330727894479727
-3.908158280410356e-05
0.000810942843185149
-9.77039570102589e-06
0.0008695652173913043
-4.396678065461651e-05
0.0006839276990718123
-9.281875915974596e-05
0.0009379579872984856
-8.304836345872008e-05
0.0007620908646800195
-7.327796775769418e-05
0.0007914020517830972
-8.304836345872008e-05
0.0008597948216902784
-3.419638495359062e-05
0.0008451392281387396
-3.419638495359062e-05
0.0007767464582315583
-0.00013678553981436248
0.0008597948216902784
-0.0001270151441133366
0.0007767464582315583
-6.35075720566683e-05
0.0009184171958964338
-0.00019052271617000488
0.0011187103077674645
-0.0001270151441133366
0.00071323888617489
3.419638495359062e-05
0.00071323888617489
-4.396678065461651e-05
0.000893991206643869
-0.0001612115290669272
0.0008353688324377137
-1.4655593551538837e-05
0.0008353688324377137
-0.00015144113336590132
0.0009086468001954079
-0.00014167073766487544
0.0009233023937469467
-0.00013190034196384952
0.0007962872496336101
-4.885197850512945e-06
0.0007767464582315583
9.77039570102589e-06
0.000903761602344895
-0.00013678553981436248
0.0007962872496336101
-9.281875915974596e-05
0.0009379579872984856
-0.00013190034196384952
0.0007425500732779677
-1.954079140205178e-05
0.0008304836345872007
-0.0001270151441133366
0.0009477283829995114
-9.770395701025892e-05
0.0009623839765510503
-2.442598925256473e-05
0.0008304836345872007
-0.00017586712261846604
0.0007572056668295066
-0.00016609672691744016
0.0008842208109428432
5.862237420615535e-05
0.000893991206643869
-7.816316560820712e-05
0.000893991206643869
-0.00015144113336590132
0.0008597948216902784
-3.908158280410356e-05
0.000815828041035662
-2.9311187103077675e-05
0.000903761602344895
-3.908158280410356e-05
0.0009526135808500244
-9.770395701025892e-05
0.0007425500732779677
0.00012212994626282364
0.0008646800195407913
-6.35075720566683e-05
0.0008304836345872007
8.304836345872008e-05
0.0008402540302882267
-9.281875915974596e-05
0.000806057645334636
-0.00011235955056179774
0.0009184171958964338
-4.396678065461651e-05
0.0009135319980459208
-0.00018563751831949193
0.0007767464582315583
-7.816316560820712e-05
0.0008646800195407913
-4.885197850512946e-05
0.0010014655593551538
3.419638495359062e-05
0.000723009281875916
-8.793356130923302e-05
0.0007816316560820713
-2.442598925256473e-05
0.0006106497313141182
-0.00011235955056179774
0.000806057645334636
1.954079140205178e-05
0.0009574987787005373
-5.37371763556424e-05
0.0008353688324377137
-6.35075720566683e-05
0.0007865168539325843
-9.770395701025892e-05
0.000806057645334636
-2.442598925256473e-05
0.0007962872496336101
-2.9311187103077675e-05
0.0009526135808500244
-6.35075720566683e-05
0.0008793356130923302
-0.0002491450903761602
0.0008549096238397655
-0.00010258915486077186
0.0007474352711284806
-0.00012212994626282364
0.0008891060087933561
-9.77039570102589e-06
0.0009184171958964338
-0.00012212994626282364
0.0008646800195407913
-0.00013190034196384952
0.0008255984367366878
-0.00020029311187103076
0.0007865168539325843
-2.442598925256473e-05
0.000815828041035662
-0.0002149487054225696
0.0008255984367366878
-0.0001172447484123107
0.0008500244259892526
-4.885197850512945e-06
0.0009281875915974596
-7.327796775769418e-05
0.0008549096238397655
-0.00016609672691744016
0.0008793356130923302
-9.77039570102589e-06
0.0008695652173913043
-0.00020517830972154372
0.000903761602344895
-0.00020029311187103076
0.0007865168539325843
-0.00015632633121641425
0.0007474352711284806
-0.00020517830972154372
0.0009965803615046408
-9.77039570102589e-06
0.000723009281875916
-5.862237420615535e-05
0.0007718612603810454
0.0
0.0009281875915974596
-2.9311187103077675e-05
0.0007767464582315583
0.0
0.0009574987787005373
-0.00014655593551538836
0.0009574987787005373
-4.396678065461651e-05
0.0008255984367366878
-0.00014655593551538836
0.0007718612603810454
-0.0001074743527112848
0.0008255984367366878
-6.35075720566683e-05
0.000898876404494382
-2.442598925256473e-05
0.0008891060087933561
-4.885197850512945e-06
0.0008011724474841231
-0.0002344894968246214
0.0008207132388861749
0.0
0.0006839276990718123
-7.816316560820712e-05
0.0009233023937469467
-0.00019540791402051784
0.0009672691744015633
-0.00020029311187103076
0.0008451392281387396
-0.0001172447484123107
0.000815828041035662
-1.4655593551538837e-05
0.0007914020517830972
-0.0001172447484123107
0.0008451392281387396
-8.793356130923302e-05
0.0007718612603810454
-8.304836345872008e-05
0.0008255984367366878
-0.0001709819247679531
0.0007718612603810454
-9.281875915974596e-05
0.0007620908646800195
-8.304836345872008e-05
0.0008646800195407913
3.908158280410356e-05
0.000815828041035662
1.954079140205178e-05
0.0009379579872984856
-0.00013190034196384952
0.0008695652173913043
-0.0001709819247679531
0.000815828041035662
-0.00021006350757205668
0.001079628724963361
-1.4655593551538837e-05
0.0008891060087933561
3.419638495359062e-05
0.0008207132388861749
-0.00015632633121641425
0.000810942843185149
1.954079140205178e-05
0.0010161211529066928
-8.793356130923302e-05
0.0008011724474841231
-0.0002589154860771861
0.0007865168539325843
8.793356130923302e-05
0.0010600879335613091
-0.0001612115290669272
0.0009086468001954079
-5.37371763556424e-05
0.000806057645334636
-0.0001270151441133366
0.0007620908646800195
-0.0002247191011235955
0.0008500244259892526
-0.00020029311187103076
0.0009379579872984856
-0.00014655593551538836
0.000723009281875916
-0.00010258915486077186
0.0008597948216902784
4.885197850512945e-06
0.000986809965803615
0.0
0.0008402540302882267
-0.0001172447484123107
0.000893991206643869
9.77039570102589e-06
0.0008891060087933561
-4.885197850512946e-05
0.0007278944797264289
-0.0001074743527112848
0.0008695652173913043
-8.793356130923302e-05
0.000893991206643869
-0.0002442598925256473
0.0008304836345872007
5.37371763556424e-05
0.0008500244259892526
-6.35075720566683e-05
0.000806057645334636
-9.281875915974596e-05
0.0008011724474841231
-0.0001074743527112848
0.0010014655593551538
-8.793356130923302e-05
0.0005471421592574499
-0.00017586712261846604
0.0006985832926233512
-0.00015144113336590132
0.0006790425012212994
-4.885197850512945e-06
0.0009379579872984856
-2.9311187103077675e-05
0.0008695652173913043
1.954079140205178e-05
0.0006643869076697606
-8.793356130923302e-05
0.0008353688324377137
4.396678065461651e-05
0.0008646800195407913
-7.816316560820712e-05
0.000810942843185149
-0.00013678553981436248
0.0009135319980459208
-3.908158280410356e-05
0.0009330727894479727
-0.00013190034196384952
0.0007327796775769418
-3.908158280410356e-05
0.0007718612603810454
-3.419638495359062e-05
0.0009770395701025891
-0.00013678553981436248
0.0008842208109428432
-2.442598925256473e-05
0.0007278944797264289
-0.00013678553981436248
0.0008255984367366878
-6.839276990718124e-05
0.0008255984367366878
-0.00022960429897410844
0.0009526135808500244
-0.00010258915486077186
0.0010210063507572057
-0.00020029311187103076
0.0009135319980459208
-1.954079140205178e-05
0.0007327796775769418
-0.0002784562774792379
0.000810942843185149
-9.281875915974596e-05
0.0009184171958964338
-7.816316560820712e-05
0.0008500244259892526
-2.9311187103077675e-05
0.0008011724474841231
5.862237420615535e-05
0.0009086468001954079
-0.0001270151441133366
0.0008011724474841231
-0.0002784562774792379
0.0008744504152418173
-0.00023937469467513433
0.000903761602344895
-5.862237420615535e-05
0.0008793356130923302
-0.00010258915486077186
0.0006839276990718123
-0.00013190034196384952
0.0007620908646800195
-8.304836345872008e-05
0.0010454323400097703
-0.00010258915486077186
0.0010942843185148998
5.862237420615535e-05
0.0007425500732779677
-0.00021006350757205668
0.0007620908646800195
-3.908158280410356e-05
0.000810942843185149
1.4655593551538837e-05
0.0009330727894479727
-0.00014167073766487544
0.0008011724474841231
-7.327796775769418e-05
0.0008646800195407913
-4.396678065461651e-05
0.0009672691744015633
-0.00014655593551538836
0.0007181240840254031
-5.37371763556424e-05
0.0008402540302882267
-0.0001270151441133366
0.0008744504152418173
-9.77039570102589e-06
0.0008891060087933561
5.862237420615535e-05
0.000806057645334636
-0.00014655593551538836
0.0008744504152418173
-8.304836345872008e-05
0.0010210063507572057
-0.0001172447484123107
0.0010307767464582316
-0.0002442598925256473
0.000903761602344895
-0.00015632633121641425
0.0006741573033707865
-0.000180752320468979
0.0006790425012212994
-3.419638495359062e-05
0.0008842208109428432
-9.281875915974596e-05
0.0008597948216902784
-0.00013190034196384952
0.0009330727894479727
1.4655593551538837e-05
0.0008646800195407913
-0.00018563751831949193
0.0008500244259892526
-9.281875915974596e-05
0.000806057645334636
0.0
0.0009428431851489985
-0.00011235955056179774
0.0008549096238397655
6.839276990718124e-05
0.0010063507572056667
-0.00015144113336590132
0.0006790425012212994
-5.862237420615535e-05
0.0007962872496336101
-0.00014167073766487544
0.0008842208109428432
-4.885197850512946e-05
0.0008549096238397655
-7.327796775769418e-05
0.0007523204689789937
-0.00016609672691744016
0.0008549096238397655
-7.327796775769418e-05
0.000898876404494382
2.442598925256473e-05
0.0007865168539325843
-2.9311187103077675e-05
0.0007914020517830972
-0.00016609672691744016
0.000981924767953102
-5.862237420615535e-05
0.0007767464582315583
-7.816316560820712e-05
0.0008011724474841231
4.885197850512946e-05
0.0009672691744015633
-7.327796775769418e-05
0.0008549096238397655
-7.327796775769418e-05
0.000806057645334636
-9.770395701025892e-05
0.0007865168539325843
-0.00019052271617000488
0.0008891060087933561
-0.00021983390327308256
0.0010063507572056667
-0.0001172447484123107
0.0008255984367366878
-0.00019052271617000488
0.0010161211529066928
-0.0002149487054225696
0.0008304836345872007
-9.281875915974596e-05
0.0008695652173913043
-0.0001270151441133366
0.0009965803615046408
-7.327796775769418e-05
0.0007718612603810454
-0.00012212994626282364
0.0010454323400097703
-0.0002247191011235955
0.0007962872496336101
-3.908158280410356e-05
0.0008207132388861749
-0.00010258915486077186
0.0010210063507572057
-8.304836345872008e-05
0.000903761602344895
-0.00010258915486077186
0.0008402540302882267
-0.00013678553981436248
0.0009281875915974596
-3.908158280410356e-05
0.0009574987787005373
-0.0001074743527112848
0.0010356619443087445
-3.419638495359062e-05
0.0009721543722520762
-0.0002149487054225696
0.0009086468001954079
-0.00014167073766487544
0.000810942843185149
7.327796775769418e-05
0.000903761602344895
-8.304836345872008e-05
0.0007376648754274548
-4.396678065461651e-05
0.0007669760625305325
-1.4655593551538837e-05
0.0007523204689789937
-0.0002344894968246214
0.0006888128969223254
5.37371763556424e-05
0.0009330727894479727
-0.00010258915486077186
0.0008207132388861749
-8.304836345872008e-05
0.0007572056668295066
-0.0002589154860771861
0.0009330727894479727
-5.37371763556424e-05
0.0009574987787005373
-0.0001172447484123107
0.0007767464582315583
-0.00020029311187103076
0.0009574987787005373
-1.954079140205178e-05
0.0007376648754274548
-0.0002882266731802638
0.0008207132388861749
-0.00022960429897410844
0.00071323888617489
2.9311187103077675e-05
0.0007278944797264289
-8.304836345872008e-05
0.0009135319980459208
-5.862237420615535e-05
0.0008353688324377137
-7.816316560820712e-05
0.0007669760625305325
-0.00011235955056179774
0.0006741573033707865
-0.00011235955056179774
0.000981924767953102
-0.00015144113336590132
0.0010210063507572057
-0.00011235955056179774
0.0010454323400097703
-0.0001074743527112848
0.0007914020517830972
-5.37371763556424e-05
0.0007572056668295066
-7.327796775769418e-05
0.0009184171958964338
2.9311187103077675e-05
0.0008744504152418173
-3.419638495359062e-05
0.0009233023937469467
-5.862237420615535e-05
0.0007523204689789937
-0.00014167073766487544
0.000898876404494382
0.0
0.0008207132388861749
5.862237420615535e-05
0.0010112359550561798
-0.00013678553981436248
0.0010698583292623352
-0.00016609672691744016
0.0007767464582315583
-0.0001172447484123107
0.0006741573033707865
-8.793356130923302e-05
0.0008744504152418173
-2.9311187103077675e-05
0.0010307767464582316
0.00010258915486077186
0.0009526135808500244
-0.00017586712261846604
0.000810942843185149
0.00010258915486077186
0.000893991206643869
-7.327796775769418e-05
0.0008842208109428432
-0.000180752320468979
0.0008597948216902784
-0.00013190034196384952
0.0008402540302882267
-9.770395701025892e-05
0.000893991206643869
-0.00023937469467513433
0.000893991206643869
-0.0001074743527112848
0.0009086468001954079
-0.00016609672691744016
0.0010014655593551538
-0.0001074743527112848
0.0006643869076697606
-1.4655593551538837e-05
0.0009330727894479727
5.862237420615535e-05
0.0007474352711284806
1.4655593551538837e-05
0.000810942843185149
-4.396678065461651e-05
0.0008842208109428432
-0.00011235955056179774
0.0007816316560820713
-0.00011235955056179774
0.0009623839765510503
-0.00012212994626282364
0.0008793356130923302
-0.00020029311187103076
0.0008500244259892526
-0.0001709819247679531
0.0008451392281387396
-0.00011235955056179774
0.0009233023937469467
4.396678065461651e-05
0.000991695163654128
-8.304836345872008e-05
0.0008451392281387396
9.77039570102589e-06
0.0008451392281387396
1.4655593551538837e-05
0.000986809965803615
-0.00019540791402051784
0.0008744504152418173
-0.00010258915486077186
0.000903761602344895
-2.9311187103077675e-05
0.000893991206643869
4.885197850512945e-06
0.0010991695163654128
-2.9311187103077675e-05
0.0009428431851489985
3.908158280410356e-05
0.0009135319980459208
-0.0001709819247679531
0.0008353688324377137
-4.396678065461651e-05
0.0007474352711284806
-0.00021006350757205668
0.0008500244259892526
-0.00018563751831949193
0.0007962872496336101
7.327796775769418e-05
0.000810942843185149
-9.770395701025892e-05
0.0008402540302882267
1.4655593551538837e-05
0.0007865168539325843
-7.327796775769418e-05
0.000810942843185149
-0.00019540791402051784
0.0009086468001954079
-9.281875915974596e-05
0.0007767464582315583
-0.00014167073766487544
0.0009477283829995114
-4.396678065461651e-05
0.0007474352711284806
-7.327796775769418e-05
0.000806057645334636
-9.281875915974596e-05
0.000898876404494382
-0.00015632633121641425
0.0008695652173913043
-6.839276990718124e-05
0.0008744504152418173
-0.0001709819247679531
0.0007572056668295066
-0.00016609672691744016
0.0010991695163654128
-0.0001172447484123107
0.0009428431851489985
-2.9311187103077675e-05
0.0008891060087933561
-0.00020517830972154372
0.0009623839765510503
-0.000180752320468979
0.0007962872496336101
-4.396678065461651e-05
0.0008500244259892526
-0.00019540791402051784
0.0009233023937469467
-0.00019052271617000488
0.0008451392281387396
-4.396678065461651e-05
0.00071323888617489
-4.396678065461651e-05
0.0007523204689789937
-0.00012212994626282364
0.0008304836345872007
-0.00021006350757205668
0.0007718612603810454
-8.793356130923302e-05
0.0007083536883243771
3.908158280410356e-05
0.0006399609184171959
1.4655593551538837e-05
0.0007620908646800195
-8.793356130923302e-05
0.0008842208109428432
-0.00023937469467513433
0.000815828041035662
-3.419638495359062e-05
0.000815828041035662
5.862237420615535e-05
0.000810942843185149
1.954079140205178e-05
0.0008011724474841231
-3.419638495359062e-05
0.0007181240840254031
-0.0001270151441133366
0.0006985832926233512
-8.793356130923302e-05
0.0008451392281387396
-3.419638495359062e-05
0.0008597948216902784
-8.793356130923302e-05
0.0006692721055202736
0.00012212994626282364
0.0009281875915974596
-0.00012212994626282364
0.0008891060087933561
-2.9311187103077675e-05
0.0008549096238397655
-2.9311187103077675e-05
0.0007572056668295066
-0.0001270151441133366
0.0007669760625305325
-6.35075720566683e-05
0.0009184171958964338
-9.770395701025892e-05
0.0007767464582315583
-6.839276990718124e-05
0.000806057645334636
-0.0001172447484123107
0.0008011724474841231
0.0
0.0008207132388861749
5.862237420615535e-05
0.0010405471421592574
-4.396678065461651e-05
0.0007718612603810454
-4.396678065461651e-05
0.0007767464582315583
9.770395701025892e-05
0.0007914020517830972
-4.885197850512946e-05
0.0008549096238397655
-5.37371763556424e-05
0.0008255984367366878
-0.0002247191011235955
0.0007278944797264289
-0.00015632633121641425
0.0007474352711284806
-5.37371763556424e-05
0.0007865168539325843
-6.839276990718124e-05
0.0008353688324377137
-8.793356130923302e-05
0.0008597948216902784
-5.862237420615535e-05
0.0008451392281387396
-2.9311187103077675e-05
0.0008744504152418173
3.419638495359062e-05
0.000981924767953102
-0.00017586712261846604
0.0007572056668295066
-0.00016609672691744016
0.000542256961406937
2.9311187103077675e-05
0.0006643869076697606
-3.908158280410356e-05
0.0008011724474841231
-6.35075720566683e-05
0.0008744504152418173
-3.908158280410356e-05
0.0008842208109428432
8.793356130923302e-05
0.0008402540302882267
-8.304836345872008e-05
0.0009672691744015633
-4.396678065461651e-05
0.0008255984367366878
-3.908158280410356e-05
0.0008304836345872007
-9.281875915974596e-05
0.0007669760625305325
4.885197850512945e-06
0.0008597948216902784
-0.00011235955056179774
0.0009135319980459208
1.4655593551538837e-05
0.0009623839765510503
-9.770395701025892e-05
0.0007816316560820713
-0.00014167073766487544
0.0007914020517830972
-3.419638495359062e-05
0.0009770395701025891
3.419638495359062e-05
0.0010161211529066928
-3.419638495359062e-05
0.000810942843185149
-9.281875915974596e-05
0.0007620908646800195
4.885197850512945e-06
0.0007572056668295066
-8.793356130923302e-05
0.0008255984367366878
-0.00020029311187103076
0.0008011724474841231
0.00012212994626282364
0.0008891060087933561
-0.00020029311187103076
0.0007572056668295066
-0.00022960429897410844
0.0007767464582315583
0.0
0.0008695652173913043
3.419638495359062e-05
0.0010258915486077186
-0.0001074743527112848
0.0008842208109428432
-8.304836345872008e-05
0.0009428431851489985
-8.793356130923302e-05
0.0009672691744015633
-8.793356130923302e-05
0.0008744504152418173
-8.304836345872008e-05
0.0007718612603810454
-0.00017586712261846604
0.0008793356130923302
-0.00014167073766487544
0.0007718612603810454
-3.419638495359062e-05
0.0008500244259892526
7.327796775769418e-05
0.0008304836345872007
4.885197850512945e-06
0.0007376648754274548
9.770395701025892e-05
0.0009135319980459208
-7.816316560820712e-05
0.0008304836345872007
-4.885197850512946e-05
0.0008891060087933561
-0.0002589154860771861
0.000815828041035662
-2.9311187103077675e-05
0.0009281875915974596
-0.00012212994626282364
0.0008500244259892526
-8.304836345872008e-05
0.0009770395701025891
-0.00023937469467513433
0.0008500244259892526
-0.00011235955056179774
0.0008500244259892526
-0.00018563751831949193
0.0007816316560820713
-7.327796775769418e-05
0.000815828041035662
-4.396678065461651e-05
0.000893991206643869
2.9311187103077675e-05
0.0008207132388861749
-0.00015632633121641425
0.0009623839765510503
-7.816316560820712e-05
0.0008353688324377137
-0.00010258915486077186
0.000893991206643869
-4.396678065461651e-05
0.0008402540302882267
-1.4655593551538837e-05
0.0008451392281387396
-9.77039570102589e-06
0.0007914020517830972
-9.281875915974596e-05
0.0008353688324377137
-0.0001074743527112848
0.0008402540302882267
-2.9311187103077675e-05
0.0008549096238397655
-3.419638495359062e-05
0.000815828041035662
-0.00020517830972154372
0.0008353688324377137
-4.885197850512945e-06
0.0009721543722520762
-9.77039570102589e-06
0.0007669760625305325
-1.954079140205178e-05
0.0009281875915974596
-0.0001172447484123107
0.0007914020517830972
4.885197850512946e-05
0.0009623839765510503
-0.00023937469467513433
0.000815828041035662
-0.00014655593551538836
0.0008695652173913043
3.419638495359062e-05
0.0008255984367366878
-9.77039570102589e-06
0.0009379579872984856
-1.954079140205178e-05
0.0008451392281387396
-0.00023937469467513433
0.0010014655593551538
-0.00019540791402051784
0.0007865168539325843
4.885197850512946e-05
0.0010356619443087445
-0.00015632633121641425
0.0007425500732779677
5.862237420615535e-05
0.0008549096238397655
-0.00020029311187103076
0.0008646800195407913
-0.00012212994626282364
0.0008353688324377137
-0.0001074743527112848
0.0008500244259892526
-0.0001709819247679531
0.0008549096238397655
-0.0001270151441133366
0.0009721543722520762
-0.00013678553981436248
0.0009526135808500244
-0.0001074743527112848
0.000893991206643869
-0.0001074743527112848
0.000898876404494382
0.0001074743527112848
0.00063019052271617
-4.396678065461651e-05
0.000898876404494382
-3.419638495359062e-05
0.0009379579872984856
-0.00026868588177821203
0.0009672691744015633
-2.9311187103077675e-05
0.0008842208109428432
-6.35075720566683e-05
0.0006985832926233512
-8.304836345872008e-05
0.0009526135808500244
-0.0001270151441133366
0.000903761602344895
-3.908158280410356e-05
0.0007523204689789937
-6.35075720566683e-05
0.0007425500732779677
-3.419638495359062e-05
0.0009135319980459208
-0.00011235955056179774
0.000991695163654128
-0.0002882266731802638
0.0007669760625305325
-8.304836345872008e-05
0.0007572056668295066
-0.00012212994626282364
0.0006985832926233512
-6.35075720566683e-05
0.000815828041035662
-0.00020517830972154372
0.0008255984367366878
-0.00010258915486077186
0.0009184171958964338
-0.00014655593551538836
0.0009477283829995114
-0.00028334147532975087
0.0007523204689789937
-0.0002247191011235955
0.000903761602344895
-6.839276990718124e-05
0.0009770395701025891
-8.793356130923302e-05
0.0007718612603810454
-0.00019052271617000488
0.0007865168539325843
-0.00013678553981436248
0.0007865168539325843
-0.00014167073766487544
0.0007572056668295066
-0.0001172447484123107
0.0008646800195407913
-9.281875915974596e-05
0.0009574987787005373
-7.327796775769418e-05
0.0010307767464582316
-0.00011235955056179774
0.0008695652173913043
0.00013678553981436248
0.000986809965803615
-4.885197850512946e-05
0.0008255984367366878
-0.0002540302882266732
0.000810942843185149
-9.77039570102589e-06
0.0008891060087933561
-0.00014655593551538836
0.0007962872496336101
-8.793356130923302e-05
0.0008255984367366878
-0.00023937469467513433
0.0007816316560820713
-4.885197850512946e-05
0.0009574987787005373
-0.00013190034196384952
0.0007767464582315583
-5.37371763556424e-05
0.0006595017098192477
-0.0001172447484123107
0.0007718612603810454
-0.00011235955056179774
0.0006741573033707865
-0.0002149487054225696
0.0007816316560820713
-5.862237420615535e-05
0.0008793356130923302
-4.885197850512946e-05
0.0008500244259892526
-0.00015144113336590132
0.0008402540302882267
-0.0002784562774792379
0.0007572056668295066
-0.0001074743527112848
0.000903761602344895
-0.00013190034196384952
0.0009770395701025891
-8.793356130923302e-05
0.0006936980947728383
-0.00019052271617000488
0.0007816316560820713
4.396678065461651e-05
0.0007962872496336101
-5.37371763556424e-05
0.0008744504152418173
-3.908158280410356e-05
0.0008207132388861749
-8.793356130923302e-05
0.0007474352711284806
-9.770395701025892e-05
0.0007181240840254031
-0.0002149487054225696
0.0009135319980459208
-4.885197850512946e-05
0.0008549096238397655
-7.327796775769418e-05
0.0009526135808500244
-0.00014167073766487544
0.000815828041035662
-0.0001172447484123107
0.0008402540302882267
-6.839276990718124e-05
0.0007718612603810454
-5.862237420615535e-05
0.0010112359550561798
-0.00019052271617000488
0.0007083536883243771
-0.00012212994626282364
0.0009526135808500244
-8.304836345872008e-05
0.0008597948216902784
-0.00015632633121641425
0.0007669760625305325
-0.00015144113336590132
0.0008207132388861749
-0.00016609672691744016
0.0007865168539325843
-0.00012212994626282364
0.000981924767953102
-6.839276990718124e-05
0.0008646800195407913
4.396678065461651e-05
0.0009526135808500244
-7.816316560820712e-05
0.000898876404494382
-0.00021983390327308256
0.0009379579872984856
-6.35075720566683e-05
0.000893991206643869
-6.35075720566683e-05
0.000893991206643869
-9.77039570102589e-06
0.0007816316560820713
-0.00026868588177821203
0.0007914020517830972
-8.793356130923302e-05
0.0007620908646800195
-0.0002979970688812897
0.0008842208109428432
-4.885197850512946e-05
0.0007474352711284806
3.908158280410356e-05
0.0009330727894479727
-0.00014167073766487544
0.000815828041035662
-0.00017586712261846604
0.0007425500732779677
-4.885197850512945e-06
0.0007425500732779677
-0.00013190034196384952
0.0008402540302882267
-0.00012212994626282364
0.0007572056668295066
-0.00019540791402051784
0.0009233023937469467
4.885197850512946e-05
0.0008695652173913043
-0.00010258915486077186
0.0008011724474841231
-7.327796775769418e-05
0.0008304836345872007
1.4655593551538837e-05
0.0009428431851489985
1.4655593551538837e-05
0.0008842208109428432
-0.00023937469467513433
0.0006985832926233512
-9.281875915974596e-05
0.000898876404494382
-0.00014167073766487544
0.0008744504152418173
-0.0002247191011235955
0.000903761602344895
-6.839276990718124e-05
0.0007962872496336101
7.327796775769418e-05
0.0009233023937469467
-0.00014655593551538836
0.0009477283829995114
-0.0001709819247679531
0.0007572056668295066
-0.00017586712261846604
0.0009330727894479727
1.4655593551538837e-05
0.0009379579872984856
-0.00016609672691744016
0.0009281875915974596
-8.304836345872008e-05
0.0006741573033707865
-5.37371763556424e-05
0.0010698583292623352
-7.816316560820712e-05
0.000806057645334636
-3.908158280410356e-05
0.0007572056668295066
-0.00011235955056179774
0.0009477283829995114
-5.862237420615535e-05
0.0007083536883243771
-0.00016609672691744016
0.0010063507572056667
-0.00010258915486077186
0.0009672691744015633
-5.37371763556424e-05
0.000898876404494382
-0.0001172447484123107
0.0008891060087933561
-0.00014167073766487544
0.0011284807034684903
-0.0001074743527112848
0.0009086468001954079
6.839276990718124e-05
0.0008744504152418173
-0.00019540791402051784
0.0010063507572056667
-0.00020029311187103076
0.0007620908646800195
-0.00018563751831949193
0.0008744504152418173
-5.37371763556424e-05
0.000903761602344895
5.862237420615535e-05
0.0008646800195407913
-0.00014655593551538836
0.0007620908646800195
-0.00023937469467513433
0.0010210063507572057
-0.0001270151441133366
0.0008353688324377137
-9.281875915974596e-05
0.0008451392281387396
-2.442598925256473e-05
0.0008695652173913043
-5.37371763556424e-05
0.000898876404494382
-9.77039570102589e-06
0.0008842208109428432
-0.00013190034196384952
0.0007767464582315583
-0.00014655593551538836
0.0008891060087933561
-6.839276990718124e-05
0.0010503175378602833
-2.9311187103077675e-05
0.0008402540302882267
-2.442598925256473e-05
0.0009086468001954079
-5.862237420615535e-05
0.0009379579872984856
-1.4655593551538837e-05
0.0007523204689789937
-3.908158280410356e-05
0.000815828041035662
-0.0001612115290669272
0.0008891060087933561
-0.00020029311187103076
0.0008646800195407913
-0.00030288226673180264
0.0008011724474841231
-9.770395701025892e-05
0.0007620908646800195
4.885197850512945e-06
0.0009428431851489985
-9.281875915974596e-05
0.000810942843185149
-0.0001074743527112848
0.000815828041035662
-2.9311187103077675e-05
0.0007278944797264289
-0.00012212994626282364
0.0009086468001954079
-2.9311187103077675e-05
0.000893991206643869
-0.0001074743527112848
0.0007425500732779677
1.4655593551538837e-05
0.0009574987787005373
-2.9311187103077675e-05
0.0008500244259892526
-2.442598925256473e-05
0.0008891060087933561
-7.327796775769418e-05
0.000981924767953102
-0.00011235955056179774
0.0008255984367366878
-2.442598925256473e-05
0.0009477283829995114
-4.885197850512945e-06
0.0010405471421592574
-0.00023937469467513433
0.0007523204689789937
-6.35075720566683e-05
0.0007474352711284806
-0.0001270151441133366
0.0009965803615046408
-8.304836345872008e-05
0.0009428431851489985
-2.442598925256473e-05
0.0007278944797264289
-3.908158280410356e-05
0.0008793356130923302
-2.9311187103077675e-05
0.0008842208109428432
4.885197850512945e-06
0.0009233023937469467
-0.0001612115290669272
0.0008597948216902784
-9.281875915974596e-05
0.0009477283829995114
-4.396678065461651e-05
0.0009281875915974596
-0.0001074743527112848
0.0009428431851489985
-0.00018563751831949193
0.000893991206643869
0.0
0.0008451392281387396
-0.00021006350757205668
0.0008549096238397655
-1.4655593551538837e-05
0.0006839276990718123
-9.770395701025892e-05
0.0008744504152418173
-9.281875915974596e-05
0.000893991206643869
-0.00012212994626282364
0.0008353688324377137
-4.885197850512946e-05
0.0008207132388861749
-0.00022960429897410844
0.0007523204689789937
-9.770395701025892e-05
0.0008549096238397655
-0.00021006350757205668
0.0006692721055202736
-0.00014167073766487544
0.0009330727894479727
-0.000180752320468979
0.0007523204689789937
-0.00016609672691744016
0.0009379579872984856
-7.816316560820712e-05
0.0008451392281387396
-6.35075720566683e-05
0.0009477283829995114
-0.00014655593551538836
0.0007620908646800195
0.0
0.0009477283829995114
-7.327796775769418e-05
0.0007572056668295066
-4.885197850512946e-05
0.0008842208109428432
-0.00012212994626282364
0.0007572056668295066
4.885197850512945e-06
0.0007572056668295066
-0.0001074743527112848
0.0008207132388861749
-0.0001709819247679531
0.000898876404494382
4.885197850512945e-06
0.0008353688324377137
-9.770395701025892e-05
0.0009135319980459208
2.9311187103077675e-05
0.0010307767464582316
-8.304836345872008e-05
0.0007718612603810454
-0.00019052271617000488
0.00063019052271617
-0.00022960429897410844
0.0006790425012212994
-2.442598925256473e-05
0.0009623839765510503
-6.839276990718124e-05
0.000806057645334636
1.4655593551538837e-05
0.0009672691744015633
3.908158280410356e-05
0.0008597948216902784
-0.0003175378602833415
0.0007376648754274548
-0.00010258915486077186
0.0009281875915974596
-0.00014655593551538836
0.0007376648754274548
-0.00010258915486077186
0.0008793356130923302
-0.00017586712261846604
0.0009135319980459208
1.4655593551538837e-05
0.0007914020517830972
-1.954079140205178e-05
0.0008646800195407913
-2.442598925256473e-05
0.0009184171958964338
-0.00013190034196384952
0.0009233023937469467
-0.00011235955056179774
0.0010258915486077186
-6.35075720566683e-05
0.0009574987787005373
-5.862237420615535e-05
0.0008011724474841231
-7.327796775769418e-05
0.000898876404494382
1.954079140205178e-05
0.000806057645334636
-6.839276990718124e-05
0.0008597948216902784
-0.0001172447484123107
0.000815828041035662
-0.00018563751831949193
0.000723009281875916
1.954079140205178e-05
0.0006741573033707865
-0.0002247191011235955
0.0009379579872984856
0.00012212994626282364
0.0007816316560820713
-7.327796775769418e-05
0.0008255984367366878
2.442598925256473e-05
0.0009184171958964338
-4.396678065461651e-05
0.0008402540302882267
-5.862237420615535e-05
0.0007816316560820713
-4.885197850512945e-06
0.0008500244259892526
-0.0002442598925256473
0.0008842208109428432
-0.00020517830972154372
0.000806057645334636
-0.0001074743527112848
0.0008744504152418173
-5.37371763556424e-05
0.0008304836345872007
-0.0001270151441133366
0.0008353688324377137
-0.00011235955056179774
0.0009281875915974596
-0.00020029311187103076
0.000903761602344895
-2.442598925256473e-05
0.0008451392281387396
-7.816316560820712e-05
0.0009086468001954079
-5.862237420615535e-05
0.000810942843185149
-5.37371763556424e-05
0.0009281875915974596
-0.000180752320468979
0.0009184171958964338
3.908158280410356e-05
0.0006497313141182217
-0.0001172447484123107
0.0006692721055202736
-0.00011235955056179774
0.0009477283829995114
-0.0001172447484123107
0.0007914020517830972
-9.281875915974596e-05
0.0009086468001954079
-1.954079140205178e-05
0.0007572056668295066
-6.35075720566683e-05
0.0007523204689789937
-0.00010258915486077186
0.0009330727894479727
-0.00014655593551538836
0.0009574987787005373
-5.862237420615535e-05
0.0007034684904738642
-1.4655593551538837e-05
0.000810942843185149
2.442598925256473e-05
0.0008891060087933561
-0.00013678553981436248
0.0009672691744015633
-0.00014655593551538836
0.0007327796775769418
-4.885197850512946e-05
0.0007914020517830972
-0.00014655593551538836
0.000723009281875916
-3.419638495359062e-05
0.0009526135808500244
-6.35075720566683e-05
0.0008402540302882267
-0.00020029311187103076
0.001064973131411822
-0.0001074743527112848
0.0008353688324377137
0.0
0.000893991206643869
-0.00015144113336590132
0.0007425500732779677
-0.00014655593551538836
0.0007083536883243771
-6.839276990718124e-05
0.0008353688324377137
-0.00014655593551538836
0.0008011724474841231
-3.908158280410356e-05
0.0008842208109428432
-7.327796775769418e-05
0.0007376648754274548
-0.00010258915486077186
0.0008402540302882267
-0.0001172447484123107
0.000723009281875916
-1.4655593551538837e-05
0.0009623839765510503
-3.908158280410356e-05
0.0009330727894479727
-0.00012212994626282364
0.0008744504152418173
6.35075720566683e-05
0.0008549096238397655
-2.442598925256473e-05
0.0008402540302882267
-5.37371763556424e-05
0.0007523204689789937
2.9311187103077675e-05
0.0008549096238397655
-2.9311187103077675e-05
0.0009721543722520762
4.885197850512946e-05
0.0007572056668295066
-5.37371763556424e-05
0.0009721543722520762
-0.00017586712261846604
0.0009184171958964338
-1.954079140205178e-05
0.000893991206643869
-0.00016609672691744016
0.0009233023937469467
-9.77039570102589e-06
0.0008207132388861749
-3.419638495359062e-05
0.0009770395701025891
4.396678065461651e-05
0.0008597948216902784
-6.839276990718124e-05
0.0009086468001954079
-0.0001270151441133366
0.000903761602344895
-0.00013190034196384952
0.0008304836345872007
-0.0002344894968246214
0.0009184171958964338
-0.0001074743527112848
0.0010258915486077186
-7.327796775769418e-05
0.0007376648754274548
-7.816316560820712e-05
0.000810942843185149
-0.00017586712261846604
0.000991695163654128
-0.00014167073766487544
0.0008597948216902784
-9.281875915974596e-05
0.0008695652173913043
-0.0001270151441133366
0.000981924767953102
-2.9311187103077675e-05
0.0008011724474841231
-0.00014655593551538836
0.0007962872496336101
-3.419638495359062e-05
0.0008353688324377137
-3.908158280410356e-05
0.000903761602344895
-9.281875915974596e-05
0.0009281875915974596
-9.281875915974596e-05
0.000893991206643869
-6.35075720566683e-05
0.0007816316560820713
-7.327796775769418e-05
0.0009330727894479727
-0.00020029311187103076
0.0010503175378602833
-9.281875915974596e-05
0.0009135319980459208
6.839276990718124e-05
0.0009428431851489985
-0.00012212994626282364
0.0007620908646800195
9.77039570102589e-06
0.000981924767953102
-0.00013190034196384952
0.0010356619443087445
-0.00013678553981436248
0.0008793356130923302
4.885197850512945e-06
0.0008207132388861749
-0.00018563751831949193
0.0008451392281387396
1.4655593551538837e-05
0.0010405471421592574
-6.35075720566683e-05
0.0008695652173913043
0.00013678553981436248
0.0009526135808500244
-0.00011235955056179774
0.0007767464582315583
-0.00012212994626282364
0.0008597948216902784
-0.00014655593551538836
0.0010210063507572057
-0.0001709819247679531
0.0008402540302882267
-0.00014655593551538836
0.0007914020517830972
4.885197850512946e-05
0.0007620908646800195
-2.9311187103077675e-05
0.0006448461162677088
-3.419638495359062e-05
0.0009281875915974596
-0.00013678553981436248
0.0009379579872984856
-3.908158280410356e-05
0.0008500244259892526
-5.37371763556424e-05
0.0009281875915974596
-6.35075720566683e-05
0.0006399609184171959
-4.396678065461651e-05
0.0009526135808500244
-0.00014655593551538836
0.0010307767464582316
-6.839276990718124e-05
0.0008646800195407913
-3.419638495359062e-05
0.0010210063507572057
-5.862237420615535e-05
0.000893991206643869
-0.00014655593551538836
0.0007865168539325843
-0.00018563751831949193
0.0008255984367366878
0.00013190034196384952
0.0011187103077674645
9.77039570102589e-06
0.000893991206643869
-9.770395701025892e-05
0.0007669760625305325
3.908158280410356e-05
0.0008744504152418173
-0.00014167073766487544
0.000810942843185149
-0.00011235955056179774
0.0007914020517830972
7.327796775769418e-05
0.0007669760625305325
-1.954079140205178e-05
0.0008207132388861749
-0.0001612115290669272
0.0007767464582315583
-0.00013678553981436248
0.0008793356130923302
-1.4655593551538837e-05
0.0008353688324377137
8.793356130923302e-05
0.0008451392281387396
-0.00017586712261846604
0.0007181240840254031
-7.816316560820712e-05
0.000903761602344895
-6.839276990718124e-05
0.0008744504152418173
-0.00013190034196384952
0.0008304836345872007
-7.816316560820712e-05
0.0007816316560820713
-0.0001612115290669272
0.0009135319980459208
-2.9311187103077675e-05
0.000806057645334636
-0.00015144113336590132
0.0009623839765510503
-5.37371763556424e-05
0.0008255984367366878
-8.793356130923302e-05
0.0008353688324377137
2.9311187103077675e-05
0.0008353688324377137
-0.00012212994626282364
0.0008793356130923302
-3.419638495359062e-05
0.0009526135808500244
-0.00013190034196384952
0.0009281875915974596
-6.35075720566683e-05
0.0008891060087933561
8.793356130923302e-05
0.0008402540302882267
-4.885197850512946e-05
0.0008207132388861749
-2.9311187103077675e-05
0.0009184171958964338
-0.0001612115290669272
0.0008500244259892526
-6.35075720566683e-05
0.0007962872496336101
-6.839276990718124e-05
0.0008793356130923302
-0.00012212994626282364
0.0008353688324377137
-0.00013190034196384952
0.00063019052271617
-0.0001270151441133366
0.0009184171958964338
-6.35075720566683e-05
0.000991695163654128
-0.00014655593551538836
0.0007962872496336101
-0.0001612115290669272
0.0008207132388861749
-0.0001172447484123107
0.000810942843185149
-2.442598925256473e-05
0.0009233023937469467
-5.862237420615535e-05
0.000893991206643869
-8.304836345872008e-05
0.0007474352711284806
-2.9311187103077675e-05
0.0011968734733756718
-0.0002149487054225696
0.0007425500732779677
-0.00011235955056179774
0.0007914020517830972
-0.00013678553981436248
0.0008549096238397655
-0.00011235955056179774
0.0007572056668295066
4.885197850512946e-05
0.0009574987787005373
-9.281875915974596e-05
0.0009965803615046408
-0.00020517830972154372
0.000898876404494382
-0.00014655593551538836
0.000815828041035662
-0.00010258915486077186
0.0007523204689789937
-1.4655593551538837e-05
0.0009477283829995114
-0.00014655593551538836
0.000898876404494382
1.954079140205178e-05
0.000986809965803615
-0.00015632633121641425
0.0008549096238397655
-9.281875915974596e-05
0.000815828041035662
-0.00015144113336590132
0.0009233023937469467
7.816316560820712e-05
0.0009086468001954079
-2.442598925256473e-05
0.0007865168539325843
-4.396678065461651e-05
0.0008549096238397655
-0.00020029311187103076
0.0008402540302882267
1.954079140205178e-05
0.000815828041035662
-8.793356130923302e-05
0.0009770395701025891
-0.00013678553981436248
0.000815828041035662
-0.00012212994626282364
0.0007767464582315583
-0.0001074743527112848
0.0008353688324377137
-8.793356130923302e-05
0.0008891060087933561
-5.862237420615535e-05
0.0007718612603810454
-2.9311187103077675e-05
0.0007620908646800195
-0.00014167073766487544
0.0007083536883243771
-0.0002149487054225696
0.000806057645334636
-0.00013678553981436248
0.0009135319980459208
-0.000180752320468979
0.0009233023937469467
-0.00019052271617000488
0.0009184171958964338
-5.37371763556424e-05
0.0008891060087933561
-0.0003175378602833415
0.0006595017098192477
-4.396678065461651e-05
0.0010307767464582316
-1.954079140205178e-05
0.0008353688324377137
-0.00017586712261846604
0.0009672691744015633
-2.9311187103077675e-05
0.0008793356130923302
-0.00019540791402051784
0.0005813385442110405
-6.839276990718124e-05
0.000806057645334636
-4.885197850512945e-06
0.000903761602344895
-0.00019540791402051784
0.0006643869076697606
-0.00015144113336590132
0.0007767464582315583
-0.0001709819247679531
0.0008891060087933561
4.396678065461651e-05
0.0009623839765510503
-7.816316560820712e-05
0.0009330727894479727
-5.862237420615535e-05
0.0009330727894479727
-8.793356130923302e-05
0.0007376648754274548
4.885197850512945e-06
0.0008597948216902784
-1.4655593551538837e-05
0.000893991206643869
-0.00013678553981436248
0.0008793356130923302
-6.839276990718124e-05
0.0007523204689789937
-3.419638495359062e-05
0.0007718612603810454
-0.0001270151441133366
0.0007669760625305325
-1.954079140205178e-05
0.000991695163654128
-0.0001074743527112848
0.000893991206643869
-0.00018563751831949193
0.0008451392281387396
-0.00018563751831949193
0.0007816316560820713
-4.885197850512946e-05
0.0007376648754274548
-0.00010258915486077186
0.0008646800195407913
-4.885197850512946e-05
0.0010405471421592574
-2.442598925256473e-05
0.0009233023937469467
-1.954079140205178e-05
0.0008793356130923302
4.885197850512945e-06
0.0009428431851489985
-9.77039570102589e-06
0.0009135319980459208
-8.793356130923302e-05
0.000903761602344895
-0.00010258915486077186
0.000986809965803615
5.37371763556424e-05
0.0007865168539325843
-0.00015144113336590132
0.0007865168539325843
-2.9311187103077675e-05
0.0008207132388861749
-0.00022960429897410844
0.0007816316560820713
-0.00015632633121641425
0.0008744504152418173
3.908158280410356e-05
0.000893991206643869
-5.862237420615535e-05
0.0010747435271128481
4.885197850512945e-06
0.000981924767953102
-0.0001270151441133366
0.0008597948216902784
-4.396678065461651e-05
0.0008744504152418173
-0.00020029311187103076
0.000815828041035662
4.885197850512945e-06
0.0008549096238397655
9.770395701025892e-05
0.000898876404494382
-9.281875915974596e-05
0.0008549096238397655
-0.0002491450903761602
0.0008500244259892526
-7.327796775769418e-05
0.0009281875915974596
-7.327796775769418e-05
0.0006936980947728383
-6.839276990718124e-05
0.0010405471421592574
-0.00016609672691744016
0.0008842208109428432
-0.000180752320468979
0.000806057645334636
-0.00012212994626282364
0.0009477283829995114
2.442598925256473e-05
0.000810942843185149
-3.419638495359062e-05
0.0010210063507572057
-7.816316560820712e-05
0.0009379579872984856
-0.00015632633121641425
0.0009574987787005373
-0.0003321934538348803
0.0008255984367366878
2.442598925256473e-05
0.000723009281875916
-0.00010258915486077186
0.0007962872496336101
-0.00020029311187103076
0.0008842208109428432
-0.00015632633121641425
0.0006985832926233512
-9.770395701025892e-05
0.001064973131411822
-9.770395701025892e-05
0.0007376648754274548
-8.793356130923302e-05
0.0007620908646800195
-9.281875915974596e-05
0.0009233023937469467
-9.770395701025892e-05
0.0009672691744015633
-0.00020517830972154372
0.000810942843185149
-0.0001612115290669272
0.0007767464582315583
-0.00013190034196384952
0.0009233023937469467
-9.77039570102589e-06
0.0009574987787005373
-9.770395701025892e-05
0.0009379579872984856
-3.908158280410356e-05
0.0010600879335613091
-0.00010258915486077186
0.0009574987787005373
-0.00013190034196384952
0.0009330727894479727
-0.0001172447484123107
0.000991695163654128
9.281875915974596e-05
0.0006692721055202736
-0.00013190034196384952
0.0007523204689789937
-0.00012212994626282364
0.0008402540302882267
-7.816316560820712e-05
0.000898876404494382
-0.0001270151441133366
0.0008842208109428432
-0.00015144113336590132
0.0008793356130923302
-0.00014167073766487544
0.0008842208109428432
-0.0001612115290669272
0.0007767464582315583
-0.00014655593551538836
0.0010454323400097703
-6.35075720566683e-05
0.0008646800195407913
1.954079140205178e-05
0.0007962872496336101
-0.0001172447484123107
0.0010161211529066928
-0.00019052271617000488
0.000635075720566683
-0.0002979970688812897
0.0008451392281387396
-5.862237420615535e-05
0.0008744504152418173
-0.00019052271617000488
0.0008207132388861749
-3.419638495359062e-05
0.0009184171958964338
-0.00020029311187103076
0.0008549096238397655
-9.281875915974596e-05
0.0008011724474841231
-0.00019052271617000488
0.0009965803615046408
-0.00015144113336590132
0.0010014655593551538
-9.770395701025892e-05
0.000815828041035662
-7.327796775769418e-05
0.0007865168539325843
-0.00017586712261846604
0.0007865168539325843
7.327796775769418e-05
0.0009281875915974596
-9.77039570102589e-06
0.0006985832926233512
-0.00010258915486077186
0.0007914020517830972
-0.00011235955056179774
0.0007181240840254031
0.0001074743527112848
0.0010014655593551538
-0.00011235955056179774
0.0008402540302882267
0.0001172447484123107
0.000815828041035662
0.0
0.0008646800195407913
-3.419638495359062e-05
0.0008695652173913043
-0.00014655593551538836
0.0008011724474841231
-0.0001270151441133366
0.0009477283829995114
-1.954079140205178e-05
0.000815828041035662
-5.862237420615535e-05
0.000903761602344895
-0.00018563751831949193
0.0007376648754274548
-3.419638495359062e-05
0.0008549096238397655
-0.00010258915486077186
0.0007474352711284806
-0.00010258915486077186
0.0007962872496336101
-9.77039570102589e-06
0.0008646800195407913
1.4655593551538837e-05
0.0006790425012212994
-1.4655593551538837e-05
0.0007865168539325843
-0.00019052271617000488
0.000903761602344895
-0.0001270151441133366
0.0008744504152418173
-0.0001612115290669272
0.0008207132388861749
-2.442598925256473e-05
0.0007718612603810454
-0.00012212994626282364
0.00071323888617489
-0.0001612115290669272
0.0009526135808500244
-9.770395701025892e-05
0.0006448461162677088
-6.35075720566683e-05
0.000893991206643869
4.396678065461651e-05
0.0009574987787005373
-0.00020029311187103076
0.0007962872496336101
-0.0001270151441133366
0.0009086468001954079
5.37371763556424e-05
0.0010258915486077186
4.885197850512945e-06
0.0007474352711284806
-0.00010258915486077186
0.0007083536883243771
-0.0001709819247679531
0.000625305324865657
-0.00014655593551538836
0.0008011724474841231
-1.4655593551538837e-05
0.0008646800195407913
4.885197850512945e-06
0.000893991206643869
-8.304836345872008e-05
0.0008451392281387396
-0.0001172447484123107
0.0007376648754274548
-0.00018563751831949193
0.0007669760625305325
6.35075720566683e-05
0.0007572056668295066
7.816316560820712e-05
0.0008891060087933561
-7.816316560820712e-05
0.0010258915486077186
-0.00014655593551538836
0.0008842208109428432
-0.00027357107962872496
0.0007278944797264289
-0.00014167073766487544
0.0009623839765510503
-0.00013190034196384952
0.0008891060087933561
-1.954079140205178e-05
0.0006399609184171959
-0.00019052271617000488
0.0009574987787005373
-0.00015144113336590132
0.0007767464582315583
-0.00016609672691744016
0.0008451392281387396
-0.0002344894968246214
0.0008500244259892526
3.419638495359062e-05
0.0007327796775769418
1.4655593551538837e-05
0.000810942843185149
-0.00010258915486077186
0.000898876404494382
-0.00011235955056179774
0.000815828041035662
-0.00018563751831949193
0.0008353688324377137
-0.00018563751831949193
0.0007767464582315583
-9.770395701025892e-05
0.0008793356130923302
-9.281875915974596e-05
0.0006643869076697606
-0.0002344894968246214
0.000806057645334636
-0.00015144113336590132
0.0008011724474841231
-8.304836345872008e-05
0.000898876404494382
-9.77039570102589e-06
0.0009086468001954079
-0.0002344894968246214
0.0006204201270151441
-0.0001172447484123107
0.0008842208109428432
-0.00018563751831949193
0.0008353688324377137
-4.396678065461651e-05
0.0007865168539325843
-0.0001172447484123107
0.0009233023937469467
-0.00012212994626282364
0.0008891060087933561
-0.0001074743527112848
0.0007718612603810454
-2.9311187103077675e-05
0.0007865168539325843
-0.0002247191011235955
0.0008402540302882267
-0.00019540791402051784
0.0007669760625305325
-0.00016609672691744016
0.000991695163654128
-0.00013678553981436248
0.0008451392281387396
-0.00020517830972154372
0.0009574987787005373
-0.00017586712261846604
0.0008451392281387396
-9.770395701025892e-05
0.0008549096238397655
-5.862237420615535e-05
0.0009184171958964338
-4.885197850512946e-05
0.0007914020517830972
-0.00021006350757205668
0.00071323888617489
-5.862237420615535e-05
0.0007083536883243771
-0.00021983390327308256
0.0008891060087933561
-0.0002247191011235955
0.0008207132388861749
-8.304836345872008e-05
0.0008255984367366878
-0.00011235955056179774
0.0009623839765510503
-0.00012212994626282364
0.0008549096238397655
-5.37371763556424e-05
0.0009477283829995114
-0.00023937469467513433
0.0008695652173913043
-0.000180752320468979
0.0008011724474841231
-0.00013678553981436248
0.0006985832926233512
-0.00019052271617000488
0.0007914020517830972
-1.4655593551538837e-05
0.0007962872496336101
-0.00010258915486077186
0.0007376648754274548
-0.00015144113336590132
0.0008207132388861749
-0.00019052271617000488
0.000903761602344895
-0.00013190034196384952
0.0009672691744015633
-0.00020029311187103076
0.0009281875915974596
-0.00020517830972154372
0.0007181240840254031
-4.885197850512946e-05
0.0008891060087933561
2.442598925256473e-05
0.0010454323400097703
-7.327796775769418e-05
0.0007718612603810454
-0.0001709819247679531
0.0009477283829995114
-0.0002979970688812897
0.0009379579872984856
-8.304836345872008e-05
0.0007620908646800195
-0.00019052271617000488
0.0008304836345872007
-0.00011235955056179774
0.0008646800195407913
-3.908158280410356e-05
0.0007914020517830972
-9.281875915974596e-05
0.0008695652173913043
-7.816316560820712e-05
0.0009526135808500244
-4.885197850512946e-05
0.000815828041035662
-0.0001709819247679531
0.0007669760625305325
-0.0001270151441133366
0.000893991206643869
-0.0001172447484123107
0.0009428431851489985
-7.327796775769418e-05
0.0008891060087933561
-0.00013190034196384952
0.0009526135808500244
-1.4655593551538837e-05
0.0009379579872984856
-1.4655593551538837e-05
0.0008646800195407913
-5.862237420615535e-05
0.0008500244259892526
-2.9311187103077675e-05
0.0010014655593551538
-9.281875915974596e-05
0.001084513922813874
-0.00014167073766487544
0.0008402540302882267
-0.00026868588177821203
0.0008744504152418173
-2.442598925256473e-05
0.0008793356130923302
0.00010258915486077186
0.0010552027357107962
-4.885197850512946e-05
0.0008304836345872007
-2.442598925256473e-05
0.0009672691744015633
-5.37371763556424e-05
0.0009477283829995114
-6.35075720566683e-05
0.0008891060087933561
-0.0001612115290669272
0.0008744504152418173
-0.0001612115290669272
0.000903761602344895
-0.0001709819247679531
0.0007620908646800195
-9.770395701025892e-05
0.0009281875915974596
-0.0003126526624328285
0.0008500244259892526
0.00015632633121641425
0.000806057645334636
2.9311187103077675e-05
0.0008500244259892526
1.4655593551538837e-05
0.0009233023937469467
9.77039570102589e-06
0.0008695652173913043
-0.00012212994626282364
0.0009233023937469467
-0.00022960429897410844
0.0008793356130923302
-0.00015144113336590132
0.0007181240840254031
-0.0002540302882266732
0.0009086468001954079
-0.00014167073766487544
0.0007962872496336101
-2.9311187103077675e-05
0.0008402540302882267
-4.885197850512945e-06
0.0008500244259892526
0.00010258915486077186
0.0009574987787005373
-3.908158280410356e-05
0.0006790425012212994
-4.396678065461651e-05
0.0007425500732779677
-0.0001172447484123107
0.0008304836345872007
-7.327796775769418e-05
0.0008695652173913043
-5.37371763556424e-05
0.000991695163654128
-4.885197850512946e-05
0.0008695652173913043
-0.00011235955056179774
0.0009330727894479727
-0.00013678553981436248
0.000815828041035662
9.770395701025892e-05
0.0008793356130923302
-6.839276990718124e-05
0.000806057645334636
-0.00011235955056179774
0.000815828041035662
-9.281875915974596e-05
0.0008793356130923302
-0.00014655593551538836
0.0009330727894479727
0.0
0.000893991206643869
-0.0002149487054225696
0.000723009281875916
-8.304836345872008e-05
0.0008304836345872007
-9.281875915974596e-05
0.0008255984367366878
-0.00011235955056179774
0.0009281875915974596
1.954079140205178e-05
0.0009428431851489985
-0.0001074743527112848
0.0009086468001954079
-4.885197850512946e-05
0.0010258915486077186
-0.00013190034196384952
0.0009965803615046408
-6.35075720566683e-05
0.0009281875915974596
3.908158280410356e-05
0.0007376648754274548
-5.862237420615535e-05
0.000991695163654128
-7.327796775769418e-05
0.0007523204689789937
-7.816316560820712e-05
0.000903761602344895
-0.000180752320468979
0.0010063507572056667
-6.839276990718124e-05
0.000903761602344895
-0.0001709819247679531
0.0008500244259892526
-9.770395701025892e-05
0.000903761602344895
-0.00022960429897410844
0.0008744504152418173
-7.327796775769418e-05
0.0009233023937469467
-2.9311187103077675e-05
0.0009672691744015633
-4.885197850512946e-05
0.000810942843185149
-5.37371763556424e-05
0.0006936980947728383
-4.885197850512946e-05
0.000810942843185149
-0.00020029311187103076
0.000815828041035662
-9.281875915974596e-05
0.0008500244259892526
-0.00014655593551538836
0.0009233023937469467
-6.35075720566683e-05
0.0008451392281387396
-0.00011235955056179774
0.0008793356130923302
-0.00014655593551538836
0.0009526135808500244
4.885197850512945e-06
0.000986809965803615
-9.770395701025892e-05
0.000810942843185149
-0.0002247191011235955
0.0007327796775769418
-4.885197850512945e-06
0.0008597948216902784
-0.0001709819247679531
0.0008842208109428432
-4.885197850512946e-05
0.0008549096238397655
-0.00030288226673180264
0.0009281875915974596
-0.000180752320468979
0.0009184171958964338
-9.770395701025892e-05
0.0007816316560820713
-2.442598925256473e-05
0.0007816316560820713
-0.0001270151441133366
0.0008695652173913043
-3.908158280410356e-05
0.0009672691744015633
-0.00010258915486077186
0.0009428431851489985
7.816316560820712e-05
0.000810942843185149
-5.37371763556424e-05
0.0009233023937469467
4.885197850512946e-05
0.0009428431851489985
-0.00015144113336590132
0.0008402540302882267
-5.862237420615535e-05
0.0008304836345872007
-9.770395701025892e-05
0.0007523204689789937
9.281875915974596e-05
0.000898876404494382
-0.0001172447484123107
0.000723009281875916
-7.327796775769418e-05
0.0007523204689789937
-0.00013678553981436248
0.0009281875915974596
-0.00019052271617000488
0.0007962872496336101
-0.0001709819247679531
0.0008793356130923302
-3.908158280410356e-05
0.0009135319980459208
-4.885197850512946e-05
0.000903761602344895
-8.793356130923302e-05
0.0007718612603810454
-0.00021983390327308256
0.000810942843185149
-0.0001709819247679531
0.0008304836345872007
-0.00011235955056179774
0.0008353688324377137
-7.327796775769418e-05
0.0008597948216902784
-2.9311187103077675e-05
0.0008597948216902784
-0.00017586712261846604
0.000815828041035662
-0.00010258915486077186
0.0007669760625305325
-0.00018563751831949193
0.0008353688324377137
-0.00012212994626282364
0.0010503175378602833
5.862237420615535e-05
0.000986809965803615
-0.00015144113336590132
0.0009477283829995114
-7.816316560820712e-05
0.0009574987787005373
0.0
0.0009086468001954079
-0.0001172447484123107
0.0009135319980459208
-0.00013678553981436248
0.0008695652173913043
9.77039570102589e-06
0.0008304836345872007
-0.00014167073766487544
0.0009965803615046408
-0.0001074743527112848
0.0010552027357107962
-7.327796775769418e-05
0.0009477283829995114
-0.0001074743527112848
0.0008451392281387396
9.281875915974596e-05
0.000991695163654128
-0.00014655593551538836
0.0007620908646800195
-0.0001709819247679531
0.000893991206643869
-0.00011235955056179774
0.0007669760625305325
-0.00016609672691744016
0.0009233023937469467
-8.793356130923302e-05
0.001064973131411822
-0.00020029311187103076
0.0008597948216902784
-5.37371763556424e-05
0.000815828041035662
-2.9311187103077675e-05
0.0008255984367366878
0.0
0.0010307767464582316
1.4655593551538837e-05
0.0008597948216902784
-0.00016609672691744016
0.0007718612603810454
0.00011235955056179774
0.0007914020517830972
-4.885197850512945e-06
0.0007083536883243771
-5.37371763556424e-05
0.0009965803615046408
-0.00021006350757205668
0.0008549096238397655
-0.0002882266731802638
0.0008744504152418173
-0.000180752320468979
0.0009623839765510503
-0.00020029311187103076
0.0009770395701025891
-0.0001709819247679531
0.0007718612603810454
-5.37371763556424e-05
0.0007816316560820713
-3.419638495359062e-05
0.0007181240840254031
-0.00016609672691744016
0.0009330727894479727
-1.4655593551538837e-05
0.0008646800195407913
-9.77039570102589e-06
0.0007376648754274548
-0.00016609672691744016
0.0006595017098192477
-9.770395701025892e-05
0.0009135319980459208
-9.281875915974596e-05
0.0009672691744015633
-0.0002344894968246214
0.000806057645334636
-0.00012212994626282364
0.0008402540302882267
-0.0002149487054225696
0.0008695652173913043
0.0
0.000806057645334636
-3.908158280410356e-05
0.0009330727894479727
-0.00016609672691744016
0.0008744504152418173
-0.0001172447484123107
0.0008842208109428432
-0.0002540302882266732
0.000898876404494382
-0.0001074743527112848
0.000893991206643869
-9.281875915974596e-05
0.0010210063507572057
-0.00019052271617000488
0.0009281875915974596
-0.0003126526624328285
0.0007572056668295066
-0.00011235955056179774
0.0008500244259892526
-5.37371763556424e-05
0.000986809965803615
-0.0001172447484123107
0.0008304836345872007
-0.00013190034196384952
0.0009672691744015633
-0.00020517830972154372
0.000815828041035662
-4.885197850512946e-05
0.0008597948216902784
-7.327796775769418e-05
0.0008402540302882267
-4.396678065461651e-05
0.0007962872496336101
-0.00014167073766487544
0.0008353688324377137
-1.954079140205178e-05
0.000903761602344895
-0.00019052271617000488
0.0007572056668295066
-0.0002247191011235955
0.0008695652173913043
-8.304836345872008e-05
0.0007425500732779677
-0.00022960429897410844
0.000981924767953102
-0.0001709819247679531
0.0007523204689789937
3.908158280410356e-05
0.000815828041035662
-0.0001270151441133366
0.0008500244259892526
-0.00013678553981436248
0.0007083536883243771
-4.885197850512946e-05
0.0010991695163654128
-0.00010258915486077186
0.000810942843185149
-0.00015632633121641425
0.0009330727894479727
-0.00019052271617000488
0.0008744504152418173
-7.816316560820712e-05
0.0008500244259892526
-4.396678065461651e-05
0.0007474352711284806
-0.0001270151441133366
0.0008255984367366878
-6.839276990718124e-05
0.0008793356130923302
-0.0001074743527112848
0.0009086468001954079
-7.327796775769418e-05
0.0008451392281387396
-2.9311187103077675e-05
0.0007425500732779677
1.954079140205178e-05
0.0007767464582315583
-0.00014655593551538836
0.0008646800195407913
4.885197850512946e-05
0.000806057645334636
-4.396678065461651e-05
0.0009233023937469467
3.908158280410356e-05
0.0009330727894479727
-0.00017586712261846604
0.000893991206643869
-0.00010258915486077186
0.0008207132388861749
-1.4655593551538837e-05
0.0009135319980459208
-0.0001172447484123107
0.0006692721055202736
-0.00011235955056179774
0.0007962872496336101
-0.0001074743527112848
0.0009135319980459208
-8.304836345872008e-05
0.0009574987787005373
-8.304836345872008e-05
0.0008891060087933561
-5.37371763556424e-05
0.000898876404494382
1.954079140205178e-05
0.0007034684904738642
-0.00020029311187103076
0.000625305324865657
9.77039570102589e-06
0.0008500244259892526
-0.00011235955056179774
0.0010600879335613091
-0.00014167073766487544
0.001089399120664387
-0.00010258915486077186
0.000986809965803615
-0.00013678553981436248
0.0008255984367366878
-4.885197850512946e-05
0.0008353688324377137
-0.00012212994626282364
0.0008744504152418173
1.954079140205178e-05
0.00063019052271617
-8.304836345872008e-05
0.000991695163654128
-0.00012212994626282364
0.0009184171958964338
-0.00018563751831949193
0.000815828041035662
-0.000180752320468979
0.0009770395701025891
-0.00015632633121641425
0.0008646800195407913
-0.000180752320468979
0.0008353688324377137
-0.0001172447484123107
0.0009281875915974596
-2.442598925256473e-05
0.0006595017098192477
9.77039570102589e-06
0.0008255984367366878
-0.0002442598925256473
0.0010405471421592574
-0.00015144113336590132
0.0009477283829995114
-0.0001172447484123107
0.0010112359550561798
-3.908158280410356e-05
0.0010503175378602833
-7.816316560820712e-05
0.0008500244259892526
-2.9311187103077675e-05
0.0009086468001954079
-0.00014167073766487544
0.000903761602344895
-0.00013190034196384952
0.0009184171958964338
1.954079140205178e-05
0.0010063507572056667
-3.419638495359062e-05
0.001084513922813874
-0.00013190034196384952
0.000893991206643869
-0.00011235955056179774
0.0008597948216902784
-3.908158280410356e-05
0.0008255984367366878
-6.839276990718124e-05
0.0008793356130923302
-0.00013678553981436248
0.0010014655593551538
-1.4655593551538837e-05
0.0008255984367366878
-0.0001074743527112848
0.0007425500732779677
-2.9311187103077675e-05
0.0007474352711284806
-0.00020517830972154372
0.0009672691744015633
-2.442598925256473e-05
0.0008695652173913043
1.4655593551538837e-05
0.0007816316560820713
-0.00019540791402051784
0.000806057645334636
-0.00014655593551538836
0.0008695652173913043
-0.00011235955056179774
0.0008842208109428432
-0.00015632633121641425
0.0007914020517830972
-3.419638495359062e-05
0.0008500244259892526
-0.00017586712261846604
0.0008549096238397655
-5.37371763556424e-05
0.0008695652173913043
-0.00014167073766487544
0.0007865168539325843
-0.00013678553981436248
0.0008402540302882267
-1.954079140205178e-05
0.0009379579872984856
-0.00021006350757205668
0.0007425500732779677
-0.00013190034196384952
0.0006839276990718123
2.9311187103077675e-05
0.0006595017098192477
-7.816316560820712e-05
0.0009330727894479727
-4.885197850512946e-05
0.0008353688324377137
6.839276990718124e-05
0.0008451392281387396
6.839276990718124e-05
0.0008011724474841231
-9.77039570102589e-06
0.0008597948216902784
-2.9311187103077675e-05
0.0008304836345872007
3.419638495359062e-05
0.0007278944797264289
-1.4655593551538837e-05
0.000893991206643869
-2.9311187103077675e-05
0.000898876404494382
0.0001172447484123107
0.000893991206643869
-5.37371763556424e-05
0.000893991206643869
-0.00010258915486077186
0.0009623839765510503
-6.35075720566683e-05
0.0008695652173913043
2.442598925256473e-05
0.0007523204689789937
-6.839276990718124e-05
0.0008255984367366878
-9.281875915974596e-05
0.0009574987787005373
3.908158280410356e-05
0.0009428431851489985
-9.770395701025892e-05
0.0007181240840254031
-0.00015632633121641425
0.0008549096238397655
-6.839276990718124e-05
0.0008402540302882267
6.839276990718124e-05
0.0007669760625305325
8.304836345872008e-05
0.0008402540302882267
9.770395701025892e-05
0.0009233023937469467
-0.00011235955056179774
0.000991695163654128
-4.396678065461651e-05
0.0008597948216902784
-0.00015144113336590132
0.0009965803615046408
-0.00013678553981436248
0.000898876404494382
-6.839276990718124e-05
0.0009574987787005373
-1.4655593551538837e-05
0.000903761602344895
3.908158280410356e-05
0.0008744504152418173
-9.77039570102589e-06
0.000986809965803615
-0.00016609672691744016
0.0009281875915974596
-6.839276990718124e-05
0.0008842208109428432
-9.281875915974596e-05
0.0007669760625305325
-6.839276990718124e-05
0.0008842208109428432
1.4655593551538837e-05
0.0010405471421592574
-9.77039570102589e-06
0.0009184171958964338
-1.4655593551538837e-05
0.0008353688324377137
-0.0001270151441133366
0.0008255984367366878
9.77039570102589e-06
0.0010942843185148998
-0.0002442598925256473
0.0008353688324377137
-0.00015144113336590132
0.0010014655593551538
-0.00015632633121641425
0.0007767464582315583
-0.0001270151441133366
0.0007669760625305325
-2.9311187103077675e-05
0.0007865168539325843
-5.862237420615535e-05
0.0009281875915974596
5.37371763556424e-05
0.0009184171958964338
9.770395701025892e-05
0.0010112359550561798
-0.00013190034196384952
0.000898876404494382
-4.396678065461651e-05
0.0008402540302882267
-0.00018563751831949193
0.0009770395701025891
-0.0001612115290669272
0.000810942843185149
-1.954079140205178e-05
0.0007278944797264289
-0.00011235955056179774
0.0006888128969223254
-4.396678065461651e-05
0.0008402540302882267
-8.793356130923302e-05
0.0007474352711284806
-1.4655593551538837e-05
0.0009086468001954079
-3.908158280410356e-05
0.000898876404494382
-9.281875915974596e-05
0.0009281875915974596
0.00019052271617000488
0.0008304836345872007
-4.885197850512946e-05
0.0009477283829995114
-4.396678065461651e-05
0.0007376648754274548
-0.00014655593551538836
0.000810942843185149
-0.00011235955056179774
0.0008646800195407913
-5.862237420615535e-05
0.0007962872496336101
-3.419638495359062e-05
0.0009330727894479727
-0.00019540791402051784
0.0008011724474841231
-0.00010258915486077186
0.0010112359550561798
-3.908158280410356e-05
0.0009965803615046408
-0.0002491450903761602
0.0008793356130923302
7.816316560820712e-05
0.0010014655593551538
0.0
0.0008793356130923302
-8.793356130923302e-05
0.0008549096238397655
4.885197850512945e-06
0.0008011724474841231
-1.954079140205178e-05
0.0008646800195407913
-0.0002149487054225696
0.0009281875915974596
2.9311187103077675e-05
0.0009379579872984856
-7.816316560820712e-05
0.0007181240840254031
-0.00021006350757205668
0.0007425500732779677
4.396678065461651e-05
0.0010063507572056667
-0.00021006350757205668
0.000986809965803615
-6.839276990718124e-05
0.001079628724963361
-6.35075720566683e-05
0.0009184171958964338
-9.770395701025892e-05
0.0009428431851489985
-0.00020029311187103076
0.0008597948216902784
-0.00014655593551538836
0.0008011724474841231
-6.839276990718124e-05
0.0008402540302882267
-0.0001612115290669272
0.0008842208109428432
-9.770395701025892e-05
0.000893991206643869
-0.0001074743527112848
0.0009574987787005373
-9.281875915974596e-05
0.0010161211529066928
-6.35075720566683e-05
0.0006839276990718123
-0.00010258915486077186
0.0009526135808500244
-6.35075720566683e-05
0.0010112359550561798
-0.0001074743527112848
0.000986809965803615
-0.00014655593551538836
0.0009281875915974596
-6.839276990718124e-05
0.0009672691744015633
0.00013190034196384952
0.0009184171958964338
0.0
0.000981924767953102
-2.442598925256473e-05
0.0009477283829995114
-0.0001270151441133366
0.000898876404494382
-3.908158280410356e-05
0.0008500244259892526
-0.0002491450903761602
0.0008304836345872007
-7.327796775769418e-05
0.0008304836345872007
2.442598925256473e-05
0.0008500244259892526
-0.00016609672691744016
0.0009233023937469467
-9.770395701025892e-05
0.0008891060087933561
-9.281875915974596e-05
0.0007669760625305325
-0.00015632633121641425
0.0006888128969223254
-2.9311187103077675e-05
0.0008793356130923302
-0.00017586712261846604
0.0009379579872984856
1.4655593551538837e-05
0.0008646800195407913
-3.419638495359062e-05
0.0009281875915974596
-0.0001172447484123107
0.0009428431851489985
1.4655593551538837e-05
0.0009135319980459208
3.908158280410356e-05
0.0009477283829995114
-0.0001172447484123107
0.0009477283829995114
-0.00017586712261846604
0.0007718612603810454
-9.281875915974596e-05
0.0007669760625305325
-0.00014655593551538836
0.0008695652173913043
-0.00029311187103077673
0.0008451392281387396
-2.442598925256473e-05
0.0007816316560820713
0.0
0.0009721543722520762
0.0
0.0008207132388861749
-5.37371763556424e-05
0.0007718612603810454
-0.00013678553981436248
0.0009330727894479727
-0.0001709819247679531
0.0007865168539325843
3.419638495359062e-05
0.0009721543722520762
-9.281875915974596e-05
0.0009379579872984856
2.9311187103077675e-05
0.0008549096238397655
-1.4655593551538837e-05
0.0008207132388861749
-7.327796775769418e-05
0.0009623839765510503
-0.0001074743527112848
0.0009623839765510503
1.4655593551538837e-05
0.0008695652173913043
-0.00016609672691744016
0.0008744504152418173
-0.0001270151441133366
0.0009184171958964338
-0.00016609672691744016
0.0008597948216902784
-5.37371763556424e-05
0.001064973131411822
-5.37371763556424e-05
0.0007523204689789937
-0.0001270151441133366
0.0008353688324377137
-6.839276990718124e-05
0.0008646800195407913
6.839276990718124e-05
0.0008549096238397655
-5.37371763556424e-05
0.0009770395701025891
0.0
0.0008353688324377137
-4.885197850512945e-06
0.0010356619443087445
-0.00017586712261846604
0.0009330727894479727
-5.862237420615535e-05
0.0009477283829995114
-0.00011235955056179774
0.0006741573033707865
-8.304836345872008e-05
0.0008255984367366878
-6.35075720566683e-05
0.0010405471421592574
-0.0001172447484123107
0.0009574987787005373
-1.954079140205178e-05
0.0010258915486077186
-0.0001709819247679531
0.0010307767464582316
-0.00011235955056179774
0.000893991206643869
-8.304836345872008e-05
0.0010307767464582316
-0.0001172447484123107
0.000893991206643869
-0.0001172447484123107
0.0008451392281387396
-3.419638495359062e-05
0.0009477283829995114
-7.327796775769418e-05
0.0007620908646800195
-1.954079140205178e-05
0.0009281875915974596
-6.839276990718124e-05
0.0010112359550561798
-3.908158280410356e-05
0.0009233023937469467
-0.0001074743527112848
0.0007914020517830972
-0.00011235955056179774
0.000893991206643869
-0.00013190034196384952
0.0006985832926233512
-0.0003224230581338544
0.0009574987787005373
-0.00018563751831949193
0.0009135319980459208
-0.00020029311187103076
0.0008695652173913043
-0.0001709819247679531
0.0009428431851489985
7.816316560820712e-05
0.0008402540302882267
-0.00010258915486077186
0.0007962872496336101
0.0
0.0007278944797264289
-0.00013190034196384952
0.0007914020517830972
-0.00020517830972154372
0.0007181240840254031
-5.37371763556424e-05
0.000815828041035662
-0.00013190034196384952
0.0007523204689789937
-7.327796775769418e-05
0.0008842208109428432
-8.304836345872008e-05
0.000903761602344895
-7.327796775769418e-05
0.0008500244259892526
-0.00014655593551538836
0.0008695652173913043
-7.816316560820712e-05
0.0007425500732779677
-6.35075720566683e-05
0.0009184171958964338
-0.00010258915486077186
0.0008402540302882267
-9.281875915974596e-05
0.0008255984367366878
-9.77039570102589e-06
0.0007181240840254031
-0.00013190034196384952
0.0009379579872984856
-0.0002247191011235955
0.0007962872496336101
-0.00017586712261846604
0.0007865168539325843
-0.0002247191011235955
0.0009086468001954079
-0.00019052271617000488
0.001084513922813874
-0.00010258915486077186
0.0008744504152418173
-7.327796775769418e-05
0.000815828041035662
-4.885197850512945e-06
0.0008744504152418173
-0.0001270151441133366
0.0007914020517830972
4.885197850512945e-06
0.0008402540302882267
-5.862237420615535e-05
0.0008304836345872007
-0.0001074743527112848
0.0009330727894479727
0.0
0.0009428431851489985
-4.885197850512946e-05
0.0006985832926233512
-0.00010258915486077186
0.0007962872496336101
-0.00015632633121641425
0.000898876404494382
-6.35075720566683e-05
0.0006888128969223254
-0.00015632633121641425
0.0008353688324377137
-0.00018563751831949193
0.0007083536883243771
-0.0002344894968246214
0.000806057645334636
-0.0002247191011235955
0.0009477283829995114
4.396678065461651e-05
0.000806057645334636
-0.00020517830972154372
0.0008842208109428432
-0.000180752320468979
0.0008207132388861749
-4.885197850512945e-06
0.0006643869076697606
0.0
0.0008402540302882267
-0.00014167073766487544
0.0009281875915974596
-6.35075720566683e-05
0.0008744504152418173
-1.4655593551538837e-05
0.0007767464582315583
0.00015144113336590132
0.0009526135808500244
-3.908158280410356e-05
0.000903761602344895
-0.00019052271617000488
0.000898876404494382
-2.9311187103077675e-05
0.0009721543722520762
-0.0003175378602833415
0.0007572056668295066
-2.9311187103077675e-05
0.0008500244259892526
-0.00013678553981436248
0.0009184171958964338
2.442598925256473e-05
0.0008744504152418173
-4.396678065461651e-05
0.0009135319980459208
-0.00013190034196384952
0.0007278944797264289
-0.00011235955056179774
0.0008451392281387396
-0.0001172447484123107
0.0009184171958964338
-0.00021006350757205668
0.000815828041035662
-0.00012212994626282364
0.0009184171958964338
-0.00020029311187103076
0.000806057645334636
-0.0001270151441133366
0.0008695652173913043
-0.0002149487054225696
0.001089399120664387
-5.37371763556424e-05
0.0007865168539325843
-0.00011235955056179774
0.000903761602344895
-0.0001709819247679531
0.0008011724474841231
-0.0001270151441133366
0.000893991206643869
-6.839276990718124e-05
0.0008891060087933561
-0.00013678553981436248
0.000981924767953102
-6.35075720566683e-05
0.000991695163654128
6.35075720566683e-05
0.000810942843185149
-7.816316560820712e-05
0.0010210063507572057
-9.77039570102589e-06
0.000991695163654128
-7.816316560820712e-05
0.0008842208109428432
-9.770395701025892e-05
0.0007865168539325843
-0.00010258915486077186
0.0008451392281387396
-6.839276990718124e-05
0.0010307767464582316
-5.862237420615535e-05
0.0009623839765510503
-0.00014167073766487544
0.0005911089399120664
-0.00020029311187103076
0.0008500244259892526
3.419638495359062e-05
0.000903761602344895
-3.419638495359062e-05
0.0009086468001954079
6.35075720566683e-05
0.0008255984367366878
-4.396678065461651e-05
0.0009330727894479727
-1.954079140205178e-05
0.0008500244259892526
-4.396678065461651e-05
0.0009281875915974596
9.281875915974596e-05
0.0009233023937469467
-1.954079140205178e-05
0.001089399120664387
-9.770395701025892e-05
0.0008304836345872007
-7.816316560820712e-05
0.0008793356130923302
-9.770395701025892e-05
0.0008451392281387396
-4.885197850512946e-05
0.0009233023937469467
5.37371763556424e-05
0.0010210063507572057
-6.35075720566683e-05
0.000898876404494382
-9.770395701025892e-05
0.0007425500732779677
-3.908158280410356e-05
0.0009281875915974596
-0.00015632633121641425
0.0007083536883243771
-5.862237420615535e-05
0.000810942843185149
-4.885197850512945e-06
0.0007278944797264289
-0.00014655593551538836
0.0008207132388861749
-7.327796775769418e-05
0.0009379579872984856
-7.327796775769418e-05
0.0009574987787005373
-7.816316560820712e-05
0.0008011724474841231
5.862237420615535e-05
0.0008549096238397655
-0.00019540791402051784
0.0005178309721543722
-7.327796775769418e-05
0.0006839276990718123
-0.0002149487054225696
0.0009233023937469467
1.4655593551538837e-05
0.000815828041035662
-4.396678065461651e-05
0.0008842208109428432
9.770395701025892e-05
0.0009281875915974596
-1.954079140205178e-05
0.0007327796775769418
-0.00014655593551538836
0.0008549096238397655
-0.00026868588177821203
0.0008842208109428432
-2.442598925256473e-05
0.0008695652173913043
-0.00013678553981436248
0.0008891060087933561
-0.0001270151441133366
0.0008842208109428432
-4.885197850512945e-06
0.0009477283829995114
-3.419638495359062e-05
0.0009379579872984856
0.0001074743527112848
0.000810942843185149
-2.442598925256473e-05
0.0008402540302882267
2.9311187103077675e-05
0.0007962872496336101
-0.00019540791402051784
0.0008744504152418173
-1.954079140205178e-05
0.0008891060087933561
-1.954079140205178e-05
0.0009428431851489985
5.37371763556424e-05
0.0009428431851489985
-0.0001172447484123107
0.0006448461162677088
-3.419638495359062e-05
0.0009428431851489985
-0.00014167073766487544
0.0010014655593551538
-0.0001612115290669272
0.0009135319980459208
-0.00023937469467513433
0.0008842208109428432
-0.00019540791402051784
0.0008500244259892526
-3.419638495359062e-05
0.0009477283829995114
-0.00011235955056179774
0.0011089399120664386
-6.35075720566683e-05
0.0009477283829995114
5.37371763556424e-05
0.000981924767953102
-0.00020029311187103076
0.0007425500732779677
-2.9311187103077675e-05
0.0008793356130923302
-4.396678065461651e-05
0.0009135319980459208
-0.00014655593551538836
0.0008402540302882267
-6.839276990718124e-05
0.0008353688324377137
-0.00018563751831949193
0.000986809965803615
-0.00013678553981436248
0.0008549096238397655
-9.770395701025892e-05
0.0007181240840254031
-0.00016609672691744016
0.0006692721055202736
-0.00013678553981436248
0.0009428431851489985
-3.419638495359062e-05
0.0007767464582315583
-0.00017586712261846604
0.0009330727894479727
-0.00011235955056179774
0.0008842208109428432
5.862237420615535e-05
0.0008304836345872007
-0.0001709819247679531
0.0008793356130923302
-2.9311187103077675e-05
0.000815828041035662
-9.77039570102589e-06
0.0009135319980459208
-0.00021006350757205668
0.0008842208109428432
-6.839276990718124e-05
0.0009526135808500244
-4.885197850512945e-06
0.0007669760625305325
-0.0001612115290669272
0.0008500244259892526
-0.00020029311187103076
0.0007425500732779677
-0.00022960429897410844
0.0008744504152418173
9.77039570102589e-06
0.0008549096238397655
-0.0001172447484123107
0.0007669760625305325
9.77039570102589e-06
0.0008402540302882267
-5.37371763556424e-05
0.0008695652173913043
-0.000180752320468979
0.0009086468001954079
-0.0001709819247679531
0.000815828041035662
5.862237420615535e-05
0.0008500244259892526
-6.35075720566683e-05
0.0006790425012212994
9.77039570102589e-06
0.0008549096238397655
-5.862237420615535e-05
0.000806057645334636
-9.77039570102589e-06
0.0007816316560820713
-0.00019540791402051784
0.0009281875915974596
-0.0001074743527112848
0.0008255984367366878
-8.793356130923302e-05
0.0008451392281387396
-0.0001172447484123107
0.0007523204689789937
0.00014167073766487544
0.0007767464582315583
-7.816316560820712e-05
0.0010112359550561798
-3.419638495359062e-05
0.000903761602344895
-4.885197850512946e-05
0.0010161211529066928
-0.00010258915486077186
0.0009281875915974596
-3.419638495359062e-05
0.000893991206643869
-0.00016609672691744016
0.0008549096238397655
-0.00011235955056179774
0.0007425500732779677
-8.793356130923302e-05
0.0008597948216902784
-0.00012212994626282364
0.0009428431851489985
-2.442598925256473e-05
0.0007572056668295066
-0.00017586712261846604
0.0008304836345872007
-0.00010258915486077186
0.0009526135808500244
-6.35075720566683e-05
0.000898876404494382
-4.885197850512946e-05
0.0010258915486077186
4.885197850512945e-06
0.000903761602344895
-8.793356130923302e-05
0.0009184171958964338
-0.00014655593551538836
0.000815828041035662
-9.281875915974596e-05
0.0009233023937469467
-7.327796775769418e-05
0.0008842208109428432
-6.839276990718124e-05
0.0008500244259892526
-0.00018563751831949193
0.0009965803615046408
-1.954079140205178e-05
0.0008011724474841231
1.954079140205178e-05
0.0009574987787005373
-6.35075720566683e-05
0.0007425500732779677
-0.00013190034196384952
0.0011138251099169516
-6.35075720566683e-05
0.0009281875915974596
-0.00014655593551538836
0.0008793356130923302
-4.885197850512946e-05
0.0009330727894479727
-0.00010258915486077186
0.0010014655593551538
9.77039570102589e-06
0.0009526135808500244
-4.885197850512946e-05
0.0008451392281387396
0.00015144113336590132
0.0006985832926233512
-4.396678065461651e-05
0.0007816316560820713
5.37371763556424e-05
0.0009135319980459208
4.885197850512946e-05
0.0008500244259892526
3.908158280410356e-05
0.0008011724474841231
-0.00016609672691744016
0.0008304836345872007
2.442598925256473e-05
0.0010161211529066928
-9.281875915974596e-05
0.0008597948216902784
-0.00015144113336590132
0.0007572056668295066
3.419638495359062e-05
0.0009770395701025891
-0.00020517830972154372
0.0008304836345872007
9.77039570102589e-06
0.0008207132388861749
-2.9311187103077675e-05
0.0010210063507572057
-9.77039570102589e-06
0.0007914020517830972
-4.396678065461651e-05
0.0009574987787005373
-9.281875915974596e-05
0.0008353688324377137
-3.419638495359062e-05
0.000898876404494382
-0.00016609672691744016
0.0008500244259892526
-0.00013190034196384952
0.0009330727894479727
9.77039570102589e-06
0.0009281875915974596
0.00014655593551538836
0.0008597948216902784
-0.0001612115290669272
0.0009086468001954079
-7.327796775769418e-05
0.000981924767953102
-0.00014167073766487544
0.000903761602344895
0.0
0.0009233023937469467
-9.281875915974596e-05
0.0008402540302882267
-0.00014167073766487544
0.0008646800195407913
-7.816316560820712e-05
0.0007572056668295066
1.4655593551538837e-05
0.0009428431851489985
-7.327796775769418e-05
0.0007914020517830972
-0.00014655593551538836
0.0009233023937469467
-7.327796775769418e-05
0.0010014655593551538
-7.327796775769418e-05
0.0009086468001954079
-9.281875915974596e-05
0.0008255984367366878
-0.000180752320468979
0.0008500244259892526
-0.000180752320468979
0.0008451392281387396
-0.00013678553981436248
0.000810942843185149
-9.770395701025892e-05
0.000893991206643869
1.4655593551538837e-05
0.0009184171958964338
-0.00019540791402051784
0.0010356619443087445
4.396678065461651e-05
0.0009135319980459208
9.77039570102589e-06
0.0008353688324377137
-2.9311187103077675e-05
0.0008793356130923302
-2.442598925256473e-05
0.000815828041035662
-1.4655593551538837e-05
0.0007962872496336101
7.816316560820712e-05
0.0008402540302882267
5.862237420615535e-05
0.0009428431851489985
-1.4655593551538837e-05
0.000991695163654128
-4.885197850512946e-05
0.0007376648754274548
-0.00019540791402051784
0.0008451392281387396
-0.00015632633121641425
0.0008304836345872007
-7.816316560820712e-05
0.0008304836345872007
-4.885197850512946e-05
0.000806057645334636
-4.885197850512946e-05
0.0008402540302882267
-0.00015632633121641425
0.0008207132388861749
-3.419638495359062e-05
0.0007767464582315583
-0.0001172447484123107
0.000815828041035662
-0.00021006350757205668
0.0007767464582315583
0.0001074743527112848
0.0009184171958964338
9.77039570102589e-06
0.0009330727894479727
7.816316560820712e-05
0.0009330727894479727
-0.00013678553981436248
0.0008793356130923302
-7.327796775769418e-05
0.0009233023937469467
3.908158280410356e-05
0.0009672691744015633
1.954079140205178e-05
0.0009281875915974596
-0.00020517830972154372
0.0006888128969223254
3.908158280410356e-05
0.0008255984367366878
-0.0001074743527112848
0.0007816316560820713
-0.00021983390327308256
0.000806057645334636
6.839276990718124e-05
0.0008304836345872007
-4.885197850512946e-05
0.0007083536883243771
-0.0001074743527112848
0.0007376648754274548
1.4655593551538837e-05
0.000815828041035662
-2.9311187103077675e-05
0.0009135319980459208
-0.00020029311187103076
0.0008207132388861749
-1.954079140205178e-05
0.000903761602344895
7.816316560820712e-05
0.0007816316560820713
-7.327796775769418e-05
0.0009672691744015633
7.327796775769418e-05
0.0008207132388861749
-0.0001074743527112848
0.0008549096238397655
-5.37371763556424e-05
0.0007034684904738642
4.885197850512946e-05
0.0007278944797264289
-0.00011235955056179774
0.0009086468001954079
-8.304836345872008e-05
0.0009233023937469467
4.885197850512945e-06
0.0007962872496336101
-7.816316560820712e-05
0.0007572056668295066
-0.00019540791402051784
0.0010307767464582316
-1.4655593551538837e-05
0.000815828041035662
3.908158280410356e-05
0.000893991206643869
-8.793356130923302e-05
0.000806057645334636
-4.885197850512946e-05
0.0008255984367366878
-7.327796775769418e-05
0.0007865168539325843
-0.00018563751831949193
0.0009135319980459208
0.0001612115290669272
0.0008646800195407913
-8.304836345872008e-05
0.0007767464582315583
-8.304836345872008e-05
0.0008793356130923302
9.281875915974596e-05
0.0009623839765510503
-9.77039570102589e-06
0.0007767464582315583
1.4655593551538837e-05
0.0008793356130923302
-0.00013190034196384952
0.0009135319980459208
-9.770395701025892e-05
0.0008695652173913043
3.908158280410356e-05
0.0008695652173913043
-2.442598925256473e-05
0.0009428431851489985
3.908158280410356e-05
0.0007572056668295066
2.442598925256473e-05
0.0007620908646800195
-7.327796775769418e-05
0.000806057645334636
-5.37371763556424e-05
0.0008695652173913043
-8.304836345872008e-05
0.000898876404494382
-2.9311187103077675e-05
0.0007474352711284806
-0.00014655593551538836
0.0008646800195407913
0.00020517830972154372
0.0007376648754274548
-0.00013678553981436248
0.0007181240840254031
1.4655593551538837e-05
0.0009086468001954079
-6.839276990718124e-05
0.0007572056668295066
-0.0001709819247679531
0.0008793356130923302
2.9311187103077675e-05
0.0006595017098192477
3.908158280410356e-05
0.0008891060087933561
-3.908158280410356e-05
0.0009281875915974596
-0.00020517830972154372
0.0009086468001954079
-8.304836345872008e-05
0.0007327796775769418
-0.00012212994626282364
0.0007572056668295066
-0.000180752320468979
0.0008646800195407913
-4.396678065461651e-05
0.0008793356130923302
-0.00018563751831949193
0.0009135319980459208
4.396678065461651e-05
0.0007572056668295066
-5.862237420615535e-05
0.0008011724474841231
2.9311187103077675e-05
0.0009184171958964338
-6.839276990718124e-05
0.000991695163654128
-9.770395701025892e-05
0.0009233023937469467
-2.442598925256473e-05
0.0006155349291646311
-8.793356130923302e-05
0.0007376648754274548
-3.908158280410356e-05
0.0007474352711284806
-0.00016609672691744016
0.0009086468001954079
0.0
0.0005080605764533464
-1.4655593551538837e-05
0.0008744504152418173
-0.00021983390327308256
0.0007572056668295066
-0.0001172447484123107
0.000810942843185149
-2.9311187103077675e-05
0.0008842208109428432
9.281875915974596e-05
0.0008255984367366878
-1.4655593551538837e-05
0.0007914020517830972
-0.00014655593551538836
0.0006399609184171959
-5.37371763556424e-05
0.0008255984367366878
-9.281875915974596e-05
0.000815828041035662
-9.77039570102589e-06
0.0008744504152418173
-0.0001074743527112848
0.0007669760625305325
-0.00015632633121641425
0.0008597948216902784
-6.839276990718124e-05
0.0009721543722520762
-0.00014655593551538836
0.0007278944797264289
-0.00013190034196384952
0.0008793356130923302
-0.0002247191011235955
0.000898876404494382
-0.00027357107962872496
0.0006839276990718123
-6.35075720566683e-05
0.0007718612603810454
-0.00013678553981436248
0.000898876404494382
3.908158280410356e-05
0.0009526135808500244
-9.281875915974596e-05
0.0008451392281387396
-0.0001612115290669272
0.0007718612603810454
-6.839276990718124e-05
0.0008011724474841231
-0.0002491450903761602
0.000986809965803615
3.908158280410356e-05
0.000903761602344895
-0.00019052271617000488
0.000898876404494382
-5.862237420615535e-05
0.0008255984367366878
-1.4655593551538837e-05
0.0009379579872984856
-5.862237420615535e-05
0.0009086468001954079
4.885197850512946e-05
0.0007669760625305325
-4.396678065461651e-05
0.0009428431851489985
-2.442598925256473e-05
0.0007474352711284806
9.77039570102589e-06
0.0008451392281387396
-0.00011235955056179774
0.0008695652173913043
2.442598925256473e-05
0.0008695652173913043
2.9311187103077675e-05
0.0008402540302882267
7.327796775769418e-05
0.0007914020517830972
-3.908158280410356e-05
0.0009672691744015633
-6.35075720566683e-05
0.001064973131411822
-0.0001074743527112848
0.000986809965803615
0.0001270151441133366
0.0008842208109428432
8.304836345872008e-05
0.0007669760625305325
-1.4655593551538837e-05
0.0006839276990718123
-8.793356130923302e-05
0.0009428431851489985
4.396678065461651e-05
0.0007572056668295066
-7.816316560820712e-05
0.0009428431851489985
-4.396678065461651e-05
0.0007327796775769418
-3.908158280410356e-05
0.0010600879335613091
-6.35075720566683e-05
0.0008549096238397655
4.396678065461651e-05
0.0009526135808500244
-0.00013678553981436248
0.0009379579872984856
-4.885197850512946e-05
0.000981924767953102
8.304836345872008e-05
0.0008500244259892526
0.0
0.0009428431851489985
4.885197850512946e-05
0.0009526135808500244
-4.885197850512945e-06
0.0008207132388861749
-4.396678065461651e-05
0.000635075720566683
-0.00010258915486077186
0.0007474352711284806
-9.281875915974596e-05
0.001079628724963361
-5.862237420615535e-05
0.0009233023937469467
-0.00013190034196384952
0.0009330727894479727
-2.9311187103077675e-05
0.0007865168539325843
-9.281875915974596e-05
0.000723009281875916
-8.304836345872008e-05
0.0008793356130923302
-0.00021006350757205668
0.0010747435271128481
-0.00011235955056179774
0.0008549096238397655
-7.327796775769418e-05
0.0008207132388861749
-8.793356130923302e-05
0.0008695652173913043
-9.77039570102589e-06
0.0011284807034684903
-1.4655593551538837e-05
0.0007083536883243771
-9.77039570102589e-06
0.0010210063507572057
-4.885197850512946e-05
0.000898876404494382
-7.816316560820712e-05
0.0008842208109428432
-3.419638495359062e-05
0.0009086468001954079
-1.954079140205178e-05
0.0009574987787005373
-4.885197850512946e-05
0.0009379579872984856
-0.00012212994626282364
0.0008597948216902784
-0.00014655593551538836
0.0009672691744015633
-9.77039570102589e-06
0.0009135319980459208
-2.442598925256473e-05
0.0006985832926233512
-0.00021983390327308256
0.0007181240840254031
-0.0001074743527112848
0.0008011724474841231
5.862237420615535e-05
0.0009281875915974596
0.00013678553981436248
0.0010405471421592574
2.442598925256473e-05
0.0009623839765510503
-6.35075720566683e-05
0.0009330727894479727
0.00015144113336590132
0.0008353688324377137
4.885197850512945e-06
0.0008500244259892526
-0.00011235955056179774
0.0009233023937469467
-5.37371763556424e-05
0.0007669760625305325
-9.77039570102589e-06
0.0009574987787005373
-7.816316560820712e-05
0.0008011724474841231
-0.00016609672691744016
0.0008549096238397655
-0.00020029311187103076
0.0008402540302882267
-7.327796775769418e-05
0.0008842208109428432
-1.954079140205178e-05
0.0007816316560820713
-0.00013678553981436248
0.0007914020517830972
-0.00011235955056179774
0.000806057645334636
-3.419638495359062e-05
0.0010307767464582316
7.327796775769418e-05
0.0007474352711284806
-0.00011235955056179774
0.0008255984367366878
-0.00013678553981436248
0.0009770395701025891
-4.885197850512946e-05
0.0010405471421592574
-0.0001172447484123107
0.0010747435271128481
-2.442598925256473e-05
0.000893991206643869
-4.885197850512946e-05
0.0008646800195407913
-0.0001709819247679531
0.0007181240840254031
-4.885197850512945e-06
0.0010063507572056667
-0.000180752320468979
0.000898876404494382
-1.954079140205178e-05
0.0007425500732779677
-0.00014655593551538836
0.0010112359550561798
5.37371763556424e-05
0.0008646800195407913
3.419638495359062e-05
0.0008695652173913043
-0.00015144113336590132
0.0008597948216902784
-9.281875915974596e-05
0.0009721543722520762
-1.954079140205178e-05
0.0007669760625305325
-4.396678065461651e-05
0.000893991206643869
-0.00011235955056179774
0.0007669760625305325
-0.0001172447484123107
0.0010747435271128481
-0.00013190034196384952
0.0008255984367366878
-0.00020029311187103076
0.0007425500732779677
-0.00012212994626282364
0.0009135319980459208
0.0
0.0008793356130923302
-8.304836345872008e-05
0.0009379579872984856
-3.419638495359062e-05
0.0007767464582315583
-0.0001172447484123107
0.0009086468001954079
-8.304836345872008e-05
0.0008549096238397655
2.442598925256473e-05
0.0007767464582315583
-0.0001074743527112848
0.000810942843185149
-0.00014655593551538836
0.0006643869076697606
-0.00013678553981436248
0.0010552027357107962
-0.00015144113336590132
0.0008744504152418173
9.77039570102589e-06
0.0008646800195407913
-5.37371763556424e-05
0.0008255984367366878
-9.77039570102589e-06
0.0008402540302882267
-0.00012212994626282364
0.0009281875915974596
-0.0001612115290669272
0.0008353688324377137
-0.0001074743527112848
0.0007962872496336101
-0.0002344894968246214
0.0008695652173913043
-9.77039570102589e-06
0.0009184171958964338
-0.00013190034196384952
0.0007865168539325843
-0.00020029311187103076
0.000991695163654128
4.396678065461651e-05
0.0009281875915974596
-9.77039570102589e-06
0.0008353688324377137
-5.37371763556424e-05
0.0007523204689789937
-0.0001270151441133366
0.000898876404494382
0.0
0.0006497313141182217
-0.00014167073766487544
0.0009477283829995114
-0.00017586712261846604
0.0008353688324377137
-0.0001612115290669272
0.0008255984367366878
9.77039570102589e-06
0.0010356619443087445
-0.00011235955056179774
0.0009477283829995114
-0.00013190034196384952
0.0009135319980459208
-0.00016609672691744016
0.0009574987787005373
-0.00018563751831949193
0.000810942843185149
-0.00018563751831949193
0.000898876404494382
-0.00012212994626282364
0.000893991206643869
-0.0001709819247679531
0.0008304836345872007
-0.0001709819247679531
0.0007816316560820713
4.885197850512945e-06
0.0008891060087933561
-6.35075720566683e-05
0.0007914020517830972
-0.00021006350757205668
0.0007669760625305325
-5.862237420615535e-05
0.0008255984367366878
-9.770395701025892e-05
0.000986809965803615
-7.816316560820712e-05
0.0009477283829995114
-0.00026380068392769905
0.0009526135808500244
4.885197850512945e-06
0.0009135319980459208
-0.0001172447484123107
0.0008549096238397655
-4.396678065461651e-05
0.0008695652173913043
-0.0001074743527112848
0.0007523204689789937
-0.00015144113336590132
0.0007865168539325843
-7.816316560820712e-05
0.0008353688324377137
9.77039570102589e-06
0.0009379579872984856
-1.4655593551538837e-05
0.0010112359550561798
2.9311187103077675e-05
0.0009135319980459208
-6.839276990718124e-05
0.000810942843185149
-9.770395701025892e-05
0.0008304836345872007
-0.00013190034196384952
0.0009428431851489985
-0.00016609672691744016
0.001079628724963361
-4.885197850512945e-06
0.000810942843185149
-1.4655593551538837e-05
0.0008744504152418173
-0.0003517342452369321
0.0009770395701025891
-6.839276990718124e-05
0.000981924767953102
-6.839276990718124e-05
0.0009086468001954079
-0.00018563751831949193
0.0008353688324377137
-0.000180752320468979
0.0009086468001954079
-0.00019540791402051784
0.0007376648754274548
-9.281875915974596e-05
0.0009233023937469467
-0.00026380068392769905
0.0008695652173913043
-0.0001074743527112848
0.0008255984367366878
-0.00013190034196384952
0.0007572056668295066
-0.00014167073766487544
0.0007865168539325843
-0.00013190034196384952
0.0007816316560820713
-0.00016609672691744016
0.0009574987787005373
-0.0001172447484123107
0.000815828041035662
-0.0001709819247679531
0.0010258915486077186
5.862237420615535e-05
0.000806057645334636
-0.00014167073766487544
0.0008597948216902784
-0.00012212994626282364
0.0010014655593551538
-4.885197850512946e-05
0.0009770395701025891
9.77039570102589e-06
0.0008402540302882267
-0.00018563751831949193
0.000806057645334636
-0.00015144113336590132
0.0007620908646800195
-0.00022960429897410844
0.0009477283829995114
-9.770395701025892e-05
0.0006985832926233512
-3.908158280410356e-05
0.0008793356130923302
9.77039570102589e-06
0.0007572056668295066
-0.00013678553981436248
0.0011040547142159257
4.885197850512945e-06
0.0009428431851489985
-1.4655593551538837e-05
0.0007620908646800195
-1.954079140205178e-05
0.000893991206643869
-0.00013190034196384952
0.0011089399120664386
-0.00014167073766487544
0.000903761602344895
-6.839276990718124e-05
0.0008255984367366878
-0.00013678553981436248
0.0008744504152418173
-6.35075720566683e-05
0.0007474352711284806
-3.908158280410356e-05
0.0007278944797264289
-0.0001270151441133366
0.0009721543722520762
-0.00019052271617000488
0.0008353688324377137
-0.00011235955056179774
0.0008597948216902784
-6.839276990718124e-05
0.000893991206643869
-0.00020029311187103076
0.0007523204689789937
4.885197850512945e-06
0.0007962872496336101
-0.00014167073766487544
0.0009086468001954079
1.954079140205178e-05
0.0008646800195407913
-0.00010258915486077186
0.0009721543722520762
-7.816316560820712e-05
0.0007376648754274548
-0.00014655593551538836
0.0008011724474841231
-0.00029311187103077673
0.0009184171958964338
-7.816316560820712e-05
0.000898876404494382
0.0001074743527112848
0.0008793356130923302
-0.0001172447484123107
0.0008353688324377137
-9.281875915974596e-05
0.000903761602344895
1.4655593551538837e-05
0.0008597948216902784
-7.816316560820712e-05
0.0009086468001954079
-0.00018563751831949193
0.000986809965803615
-9.770395701025892e-05
0.0007767464582315583
9.281875915974596e-05
0.0009965803615046408
4.396678065461651e-05
0.0009233023937469467
-1.954079140205178e-05
0.0006741573033707865
-0.00029311187103077673
0.000815828041035662
-0.00011235955056179774
0.0007425500732779677
-0.00018563751831949193
0.0008695652173913043
-7.327796775769418e-05
0.0008011724474841231
-6.839276990718124e-05
0.0010258915486077186
-0.0002540302882266732
0.000723009281875916
-9.281875915974596e-05
0.0008646800195407913
-0.0001270151441133366
0.0010112359550561798
-0.00018563751831949193
0.0008304836345872007
-7.816316560820712e-05
0.0008402540302882267
-0.00018563751831949193
0.0007327796775769418
-0.00014167073766487544
0.0007278944797264289
-5.862237420615535e-05
0.0010210063507572057
-0.0002442598925256473
0.0008744504152418173
-0.0002344894968246214
0.0009672691744015633
-0.0001612115290669272
0.0009965803615046408
4.396678065461651e-05
0.0009770395701025891
-0.00010258915486077186
0.0009086468001954079
-0.00012212994626282364
0.0010112359550561798
-8.304836345872008e-05
0.0008255984367366878
-7.816316560820712e-05
0.0008207132388861749
-0.00011235955056179774
0.0009379579872984856
-8.793356130923302e-05
0.0009281875915974596
-0.0002491450903761602
0.0007669760625305325
-0.0001270151441133366
0.0007034684904738642
-7.327796775769418e-05
0.0009721543722520762
-0.0001270151441133366
0.0008597948216902784
-3.908158280410356e-05
0.0009672691744015633
-4.885197850512946e-05
0.0010210063507572057
-9.770395701025892e-05
0.0008500244259892526
0.0
0.0009526135808500244
-3.908158280410356e-05
0.000898876404494382
-9.281875915974596e-05
0.0005227161700048852
-0.000180752320468979
0.0006008793356130923
1.4655593551538837e-05
0.0009233023937469467
1.4655593551538837e-05
0.0008842208109428432
-0.00012212994626282364
0.0007572056668295066
-5.862237420615535e-05
0.0008549096238397655
-0.00011235955056179774
0.0007962872496336101
-8.793356130923302e-05
0.0007620908646800195
-8.793356130923302e-05
0.0008793356130923302
-2.442598925256473e-05
0.0007181240840254031
-0.00011235955056179774
0.0008695652173913043
-7.816316560820712e-05
0.000815828041035662
7.816316560820712e-05
0.0009330727894479727
-0.00013190034196384952
0.000981924767953102
-0.00021006350757205668
0.00071323888617489
-0.00013678553981436248
0.000810942843185149
-0.00015632633121641425
0.0008353688324377137
-8.793356130923302e-05
0.000810942843185149
-9.281875915974596e-05
0.0007718612603810454
-0.0001270151441133366
0.0007425500732779677
-0.00018563751831949193
0.0008402540302882267
-0.00016609672691744016
0.0007816316560820713
-6.839276990718124e-05
0.0006936980947728383
-0.00011235955056179774
0.0007669760625305325
-7.816316560820712e-05
0.0008353688324377137
-0.00011235955056179774
0.0010112359550561798
-0.0002344894968246214
0.0009233023937469467
-0.00018563751831949193
0.0007962872496336101
-0.0001709819247679531
0.0007181240840254031
-8.793356130923302e-05
0.0008646800195407913
-0.00012212994626282364
0.0009184171958964338
-4.396678065461651e-05
0.0008549096238397655
-0.0001172447484123107
0.0007669760625305325
-6.839276990718124e-05
0.0010600879335613091
-8.793356130923302e-05
0.0008353688324377137
-5.862237420615535e-05
0.000898876404494382
-0.00014655593551538836
0.0009135319980459208
-1.4655593551538837e-05
0.0007572056668295066
-0.00014655593551538836
0.0007865168539325843
-2.442598925256473e-05
0.0007572056668295066
-0.00019540791402051784
0.0007865168539325843
-0.00013190034196384952
0.0008255984367366878
-0.00013190034196384952
0.0009281875915974596
-0.00013190034196384952
0.0007034684904738642
-0.00013190034196384952
0.0008891060087933561
-9.281875915974596e-05
0.0006985832926233512
-7.327796775769418e-05
0.000815828041035662
4.885197850512945e-06
0.0010063507572056667
-0.00019052271617000488
0.0007474352711284806
-0.0001612115290669272
0.0007425500732779677
3.908158280410356e-05
0.0008207132388861749
-0.00013190034196384952
0.0008207132388861749
-0.00010258915486077186
0.000806057645334636
4.396678065461651e-05
0.0009184171958964338
-4.885197850512945e-06
0.0007376648754274548
-0.0001172447484123107
0.0008304836345872007
-9.281875915974596e-05
0.0007083536883243771
-4.396678065461651e-05
0.0008255984367366878
-0.00015144113336590132
0.0008597948216902784
-0.00011235955056179774
0.0007865168539325843
-7.816316560820712e-05
0.0008695652173913043
-0.0001074743527112848
0.000806057645334636
-6.35075720566683e-05
0.0008402540302882267
-0.00014167073766487544
0.0008744504152418173
-8.304836345872008e-05
0.000903761602344895
9.77039570102589e-06
0.0009379579872984856
-0.00012212994626282364
0.0009135319980459208
-6.35075720566683e-05
0.0008597948216902784
-0.0002442598925256473
0.0009086468001954079
-0.00020517830972154372
0.000898876404494382
-1.4655593551538837e-05
0.0007914020517830972
-0.0001074743527112848
0.0008695652173913043
-0.00012212994626282364
0.0006741573033707865
-0.00019052271617000488
0.0007034684904738642
-2.9311187103077675e-05
0.0007718612603810454
-9.281875915974596e-05
0.0009428431851489985
-0.0001612115290669272
0.0008402540302882267
-0.00016609672691744016
0.0008255984367366878
-0.00011235955056179774
0.00063019052271617
-0.00022960429897410844
0.0007474352711284806
-5.862237420615535e-05
0.0008597948216902784
-0.00018563751831949193
0.000893991206643869
-0.00017586712261846604
0.0005911089399120664
-5.37371763556424e-05
0.0009184171958964338
-0.00017586712261846604
0.0008304836345872007
-0.00010258915486077186
0.0007572056668295066
-0.0001074743527112848
0.0009086468001954079
-9.770395701025892e-05
0.0007718612603810454
-9.770395701025892e-05
0.0007572056668295066
-0.00021006350757205668
0.000806057645334636
-0.0001172447484123107
0.0007327796775769418
-0.0002882266731802638
0.0009184171958964338
-0.00016609672691744016
0.0007278944797264289
-0.0001709819247679531
0.0008255984367366878
-0.0001074743527112848
0.0007718612603810454
-0.000180752320468979
0.000810942843185149
-5.37371763556424e-05
0.0007572056668295066
-0.00010258915486077186
0.0008500244259892526
-9.770395701025892e-05
0.0007669760625305325
-5.37371763556424e-05
0.0008207132388861749
-0.00018563751831949193
0.000986809965803615
-3.419638495359062e-05
0.0007572056668295066
4.396678065461651e-05
0.0008891060087933561
-6.839276990718124e-05
0.0011235955056179774
0.0
0.0006888128969223254
-9.77039570102589e-06
0.0009477283829995114
-0.00011235955056179774
0.0008500244259892526
-0.00010258915486077186
0.0008891060087933561
-0.00020029311187103076
0.0008793356130923302
-0.00014655593551538836
0.0007572056668295066
-9.281875915974596e-05
0.0007767464582315583
-0.000180752320468979
0.0009379579872984856
5.37371763556424e-05
0.0008255984367366878
-0.0002344894968246214
0.0009135319980459208
-0.00010258915486077186
0.000815828041035662
-9.770395701025892e-05
0.0008695652173913043
-0.0001074743527112848
0.0010112359550561798
-7.327796775769418e-05
0.0008255984367366878
-0.00018563751831949193
0.0008891060087933561
-0.00012212994626282364
0.0006497313141182217
-8.304836345872008e-05
0.0008891060087933561
-0.00013190034196384952
0.0008451392281387396
-5.862237420615535e-05
0.0007083536883243771
-0.00018563751831949193
0.0007914020517830972
-8.304836345872008e-05
0.000815828041035662
0.00015632633121641425
0.0006936980947728383
-5.862237420615535e-05
0.0010356619443087445
-0.00015144113336590132
0.0010112359550561798
-7.816316560820712e-05
0.0007376648754274548
-0.00020029311187103076
0.0009623839765510503
-0.00010258915486077186
0.0007767464582315583
-0.0001709819247679531
0.0008891060087933561
-6.35075720566683e-05
0.0010552027357107962
-0.00015144113336590132
0.000893991206643869
-0.00012212994626282364
0.0008891060087933561
-0.00019052271617000488
0.0008549096238397655
0.0
0.000810942843185149
4.885197850512946e-05
0.0010356619443087445
0.0
0.0008597948216902784
-0.00026868588177821203
0.0007376648754274548
4.885197850512946e-05
0.0006936980947728383
-0.00016609672691744016
0.0007474352711284806
-3.908158280410356e-05
0.0010063507572056667
-0.00015144113336590132
0.0009281875915974596
-8.304836345872008e-05
0.0006888128969223254
-7.816316560820712e-05
0.001167562286272594
-0.00010258915486077186
0.0007572056668295066
-0.00012212994626282364
0.000806057645334636
-7.816316560820712e-05
0.000815828041035662
-6.35075720566683e-05
0.000806057645334636
-2.9311187103077675e-05
0.0009233023937469467
-0.00019052271617000488
0.000723009281875916
0.0001270151441133366
0.0007914020517830972
-7.327796775769418e-05
0.0009379579872984856
0.0001074743527112848
0.0010747435271128481
2.442598925256473e-05
0.0007718612603810454
-0.00014167073766487544
0.000893991206643869
-0.00019052271617000488
0.0009526135808500244
-0.0002491450903761602
0.0007865168539325843
-0.00017586712261846604
0.0009184171958964338
-0.0001270151441133366
0.0008207132388861749
-0.0002149487054225696
0.0008793356130923302
-3.419638495359062e-05
0.0008549096238397655
-0.00015632633121641425
0.0006741573033707865
-3.908158280410356e-05
0.0006399609184171959
-0.00014655593551538836
0.0011284807034684903
-0.00016609672691744016
0.0010014655593551538
-0.0001172447484123107
0.0008549096238397655
-4.396678065461651e-05
0.0009135319980459208
6.839276990718124e-05
0.000898876404494382
-0.0001172447484123107
0.0008451392281387396
-3.908158280410356e-05
0.0008304836345872007
-0.0001612115290669272
0.0008891060087933561
-8.793356130923302e-05
0.0007523204689789937
-0.00016609672691744016
0.0009135319980459208
-0.0001074743527112848
0.0007914020517830972
-0.00013190034196384952
0.0008402540302882267
-4.885197850512946e-05
0.0009281875915974596
-9.281875915974596e-05
0.0007914020517830972
8.793356130923302e-05
0.0008304836345872007
-6.839276990718124e-05
0.0008842208109428432
-0.0003175378602833415
0.0008207132388861749
-3.908158280410356e-05
0.000810942843185149
-8.793356130923302e-05
0.0007816316560820713
-4.885197850512946e-05
0.0007962872496336101
-0.00017586712261846604
0.0009770395701025891
-1.4655593551538837e-05
0.0008695652173913043
-0.00016609672691744016
0.0007474352711284806
-2.442598925256473e-05
0.0009135319980459208
-0.0002247191011235955
0.0007914020517830972
-0.0002540302882266732
0.001084513922813874
-0.0001074743527112848
0.0009428431851489985
-0.000180752320468979
0.0008793356130923302
-0.0001709819247679531
0.000723009281875916
-9.77039570102589e-06
0.0007523204689789937
-0.00011235955056179774
0.0008402540302882267
-5.37371763556424e-05
0.000991695163654128
4.885197850512945e-06
0.0008744504152418173
-0.0002247191011235955
0.0010405471421592574
-0.0001270151441133366
0.0008011724474841231
-9.281875915974596e-05
0.0009526135808500244
-0.00010258915486077186
0.000815828041035662
-0.0001709819247679531
0.000806057645334636
-0.00010258915486077186
0.0008744504152418173
-8.793356130923302e-05
0.000893991206643869
-4.885197850512946e-05
0.0008500244259892526
-8.793356130923302e-05
0.000893991206643869
9.281875915974596e-05
0.0008549096238397655
-0.0002784562774792379
0.0008891060087933561
-0.00018563751831949193
0.0008451392281387396
-4.396678065461651e-05
0.0010112359550561798
-9.281875915974596e-05
0.000898876404494382
-0.00019052271617000488
0.000893991206643869
-0.00021983390327308256
0.0007669760625305325
-0.0001074743527112848
0.0009330727894479727
-8.304836345872008e-05
0.000898876404494382
-0.00020029311187103076
0.0007914020517830972
-0.00014655593551538836
0.0007962872496336101
-0.0001074743527112848
0.000903761602344895
2.442598925256473e-05
0.0006985832926233512
0.00010258915486077186
0.0008597948216902784
-7.816316560820712e-05
0.0008207132388861749
-0.0001270151441133366
0.000815828041035662
-4.885197850512946e-05
0.0009574987787005373
-1.954079140205178e-05
0.0009428431851489985
4.885197850512946e-05
0.0010112359550561798
-3.908158280410356e-05
0.0009281875915974596
0.00015144113336590132
0.000815828041035662
-0.00012212994626282364
0.0009428431851489985
-6.839276990718124e-05
0.0009721543722520762
5.862237420615535e-05
0.0009330727894479727
-7.816316560820712e-05
0.0009184171958964338
-7.816316560820712e-05
0.0008402540302882267
-8.304836345872008e-05
0.0008646800195407913
1.4655593551538837e-05
0.0008793356130923302
-8.304836345872008e-05
0.0008793356130923302
-4.885197850512946e-05
0.0008402540302882267
-9.770395701025892e-05
0.0009672691744015633
-0.00018563751831949193
0.0009233023937469467
-4.885197850512945e-06
0.0010161211529066928
2.442598925256473e-05
0.0008353688324377137
-7.816316560820712e-05
0.000806057645334636
-0.0001172447484123107
0.0007767464582315583
-6.35075720566683e-05
0.0008402540302882267
-0.00015144113336590132
0.0008549096238397655
-4.885197850512946e-05
0.0008842208109428432
-0.00013678553981436248
0.0008402540302882267
-0.00015632633121641425
0.0007962872496336101
-1.4655593551538837e-05
0.0008744504152418173
9.77039570102589e-06
0.0009526135808500244
-1.954079140205178e-05
0.0008695652173913043
9.281875915974596e-05
0.0009330727894479727
4.885197850512945e-06
0.0009135319980459208
-7.816316560820712e-05
0.000898876404494382
4.885197850512945e-06
0.0010161211529066928
-4.396678065461651e-05
0.0009330727894479727
-4.396678065461651e-05
0.0008451392281387396
-0.00012212994626282364
0.0008255984367366878
-0.00019540791402051784
0.0008842208109428432
-0.0001074743527112848
0.0008744504152418173
-0.000180752320468979
0.0010258915486077186
-8.304836345872008e-05
0.000898876404494382
4.396678065461651e-05
0.0010356619443087445
-0.00015632633121641425
0.0008255984367366878
-1.4655593551538837e-05
0.0007620908646800195
-0.000180752320468979
0.0009086468001954079
-0.0001612115290669272
0.0008597948216902784
-1.4655593551538837e-05
0.0007572056668295066
9.77039570102589e-06
0.000815828041035662
9.281875915974596e-05
0.0008744504152418173
3.908158280410356e-05
0.0008549096238397655
-0.00014655593551538836
0.0009330727894479727
-7.327796775769418e-05
0.0008451392281387396
-8.304836345872008e-05
0.0008744504152418173
-0.00015632633121641425
0.0009574987787005373
-9.770395701025892e-05
0.0009379579872984856
-6.35075720566683e-05
0.0008793356130923302
6.35075720566683e-05
0.0008842208109428432
-0.00030288226673180264
0.0009672691744015633
-2.442598925256473e-05
0.0008353688324377137
-9.281875915974596e-05
0.0011333659013190035
-0.00012212994626282364
0.0009770395701025891
-0.00016609672691744016
0.0008402540302882267
-2.9311187103077675e-05
0.0008891060087933561
-9.281875915974596e-05
0.000810942843185149
-0.00017586712261846604
0.0008402540302882267
-0.00014167073766487544
0.000898876404494382
-3.419638495359062e-05
0.0009086468001954079
-0.00016609672691744016
0.0008500244259892526
-0.0001270151441133366
0.0008646800195407913
-0.0001612115290669272
0.0008695652173913043
-0.00017586712261846604
0.0009184171958964338
-1.4655593551538837e-05
0.000903761602344895
-0.0001270151441133366
0.0009281875915974596
1.4655593551538837e-05
0.000815828041035662
-2.9311187103077675e-05
0.0008353688324377137
-0.00029311187103077673
0.000986809965803615
-3.908158280410356e-05
0.000723009281875916
-0.00014167073766487544
0.0006546165119687347
-3.908158280410356e-05
0.0007181240840254031
-5.862237420615535e-05
0.0007620908646800195
-9.770395701025892e-05
0.0008646800195407913
7.327796775769418e-05
0.0009379579872984856
-0.00010258915486077186
0.0008549096238397655
-2.9311187103077675e-05
0.0005959941377625794
-9.77039570102589e-06
0.0008451392281387396
-5.862237420615535e-05
0.000903761602344895
0.0
0.0008500244259892526
0.0
0.00063019052271617
-7.816316560820712e-05
0.0007620908646800195
-0.00011235955056179774
0.0008500244259892526
-0.00010258915486077186
0.0008451392281387396
0.0001074743527112848
0.0009086468001954079
-9.770395701025892e-05
0.0008695652173913043
-0.00019052271617000488
0.0007767464582315583
1.4655593551538837e-05
0.0010405471421592574
-0.0001270151441133366
0.0011235955056179774
1.4655593551538837e-05
0.0010307767464582316
-4.396678065461651e-05
0.0008744504152418173
-3.419638495359062e-05
0.0009574987787005373
-3.419638495359062e-05
0.0008207132388861749
-0.00018563751831949193
0.001167562286272594
-6.839276990718124e-05
0.0008793356130923302
-5.862237420615535e-05
0.0007523204689789937
1.4655593551538837e-05
0.0009477283829995114
-0.00016609672691744016
0.0009379579872984856
9.77039570102589e-06
0.0009086468001954079
-0.00011235955056179774
0.0009184171958964338
-6.35075720566683e-05
0.0009281875915974596
-0.00018563751831949193
0.0009770395701025891
-0.00021983390327308256
0.0008695652173913043
-0.00019540791402051784
0.0010063507572056667
-6.35075720566683e-05
0.0008207132388861749
-0.00012212994626282364
0.000806057645334636
-0.00014167073766487544
0.0008793356130923302
-0.00014655593551538836
0.0007914020517830972
-0.0003224230581338544
0.0009672691744015633
-0.00018563751831949193
0.0008597948216902784
-9.281875915974596e-05
0.000903761602344895
-2.442598925256473e-05
0.0008304836345872007
-6.839276990718124e-05
0.0009428431851489985
-8.304836345872008e-05
0.0007914020517830972
-5.862237420615535e-05
0.0009623839765510503
-0.0002442598925256473
0.0009233023937469467
-6.35075720566683e-05
0.0006936980947728383
4.885197850512945e-06
0.000981924767953102
-9.770395701025892e-05
0.0009526135808500244
-0.00021983390327308256
0.000815828041035662
-0.0002784562774792379
0.000810942843185149
-2.442598925256473e-05
0.0008451392281387396
-2.442598925256473e-05
0.0008304836345872007
-9.281875915974596e-05
0.0011431362970200293
-9.770395701025892e-05
0.0008597948216902784
-7.327796775769418e-05
0.0008695652173913043
-0.00019540791402051784
0.0009086468001954079
2.442598925256473e-05
0.000981924767953102
-0.00010258915486077186
0.0008402540302882267
-9.281875915974596e-05
0.0008744504152418173
-4.885197850512946e-05
0.0007914020517830972
-0.0002589154860771861
0.000723009281875916
-0.0001172447484123107
0.0007669760625305325
-0.00011235955056179774
0.0009623839765510503
-0.000180752320468979
0.0007474352711284806
-0.0001172447484123107
0.0007816316560820713
-0.00010258915486077186
0.0006155349291646311
1.4655593551538837e-05
0.0007816316560820713
-0.00011235955056179774
0.0007962872496336101
-3.419638495359062e-05
0.0007865168539325843
-0.0001172447484123107
0.0008793356130923302
-0.00014655593551538836
0.0009623839765510503
0.0
0.0007865168539325843
1.954079140205178e-05
0.0007865168539325843
-1.954079140205178e-05
0.0009281875915974596
-6.35075720566683e-05
0.000806057645334636
-5.37371763556424e-05
0.0007767464582315583
-8.304836345872008e-05
0.0007425500732779677
6.839276990718124e-05
0.000810942843185149
-0.00010258915486077186
0.0008011724474841231
2.9311187103077675e-05
0.0008597948216902784
-0.00015144113336590132
0.0008255984367366878
-8.304836345872008e-05
0.0008402540302882267
4.885197850512946e-05
0.0007620908646800195
-9.770395701025892e-05
0.000893991206643869
4.396678065461651e-05
0.0009330727894479727
2.9311187103077675e-05
0.0007816316560820713
-4.396678065461651e-05
0.0010014655593551538
-0.0001172447484123107
0.0007962872496336101
9.77039570102589e-06
0.0009428431851489985
3.419638495359062e-05
0.0008451392281387396
-3.908158280410356e-05
0.0007327796775769418
-0.0001270151441133366
0.000981924767953102
0.0001270151441133366
0.0009770395701025891
2.9311187103077675e-05
0.000815828041035662
-0.00013190034196384952
0.000810942843185149
-9.77039570102589e-06
0.0007816316560820713
-3.419638495359062e-05
0.0009135319980459208
-0.00014655593551538836
0.0009379579872984856
4.885197850512945e-06
0.0009721543722520762
-9.770395701025892e-05
0.0007914020517830972
-3.908158280410356e-05
0.0008207132388861749
-0.00020517830972154372
0.0007767464582315583
-6.35075720566683e-05
0.0009574987787005373
2.442598925256473e-05
0.0009086468001954079
-7.327796775769418e-05
0.0009477283829995114
-0.0002247191011235955
0.0008255984367366878
-6.839276990718124e-05
0.0007816316560820713
-5.862237420615535e-05
0.0008304836345872007
-0.00010258915486077186
0.0010210063507572057
-0.0001709819247679531
0.0007620908646800195
-7.327796775769418e-05
0.0009184171958964338
-0.00010258915486077186
0.0010698583292623352
-0.0001612115290669272
0.0011284807034684903
4.396678065461651e-05
0.0009574987787005373
-0.00014655593551538836
0.000903761602344895
-0.00015144113336590132
0.0007376648754274548
5.37371763556424e-05
0.0009428431851489985
1.954079140205178e-05
0.0009770395701025891
-6.35075720566683e-05
0.0007865168539325843
-5.862237420615535e-05
0.0008549096238397655
-7.327796775769418e-05
0.0008646800195407913
-0.00020029311187103076
0.000903761602344895
7.327796775769418e-05
0.0008793356130923302
-7.816316560820712e-05
0.0007620908646800195
-0.00013190034196384952
0.0008304836345872007
-0.00017586712261846604
0.0009184171958964338
-0.00012212994626282364
0.0008451392281387396
-0.00017586712261846604
0.0008597948216902784
-0.00011235955056179774
0.0008695652173913043
-0.00011235955056179774
0.0008207132388861749
-0.00013678553981436248
0.000810942843185149
-6.839276990718124e-05
0.0008842208109428432
-0.0001074743527112848
0.0007718612603810454
4.396678065461651e-05
0.0008255984367366878
-1.4655593551538837e-05
0.0007572056668295066
-0.00010258915486077186
0.0007767464582315583
0.00014655593551538836
0.0008744504152418173
1.4655593551538837e-05
0.0007865168539325843
-2.9311187103077675e-05
0.0009086468001954079
-0.0001074743527112848
0.0007865168539325843
-5.862237420615535e-05
0.000898876404494382
-5.862237420615535e-05
0.0008011724474841231
-0.00015632633121641425
0.0007034684904738642
-8.793356130923302e-05
0.00063019052271617
-0.0001074743527112848
0.000806057645334636
-0.00010258915486077186
0.0008793356130923302
0.0
0.0008695652173913043
5.37371763556424e-05
0.0009281875915974596
-9.77039570102589e-06
0.0008597948216902784
-1.954079140205178e-05
0.000903761602344895
9.77039570102589e-06
0.0008549096238397655
-0.00023937469467513433
0.0009574987787005373
4.885197850512945e-06
0.0007718612603810454
5.37371763556424e-05
0.0009574987787005373
-2.9311187103077675e-05
0.000898876404494382
1.4655593551538837e-05
0.0008891060087933561
-0.0001612115290669272
0.000893991206643869
-0.0001074743527112848
0.0007767464582315583
6.839276990718124e-05
0.0007572056668295066
4.396678065461651e-05
0.0009721543722520762
-0.0001172447484123107
0.000815828041035662
-0.00015632633121641425
0.00071323888617489
-5.37371763556424e-05
0.0008891060087933561
4.885197850512945e-06
0.0008207132388861749
-9.77039570102589e-06
0.0007962872496336101
-6.35075720566683e-05
0.0007376648754274548
-0.00017586712261846604
0.000806057645334636
-8.793356130923302e-05
0.0008891060087933561
-2.442598925256473e-05
0.0010112359550561798
-9.770395701025892e-05
0.0007865168539325843
-0.00020029311187103076
0.000810942843185149
-4.885197850512946e-05
0.000893991206643869
8.304836345872008e-05
0.0008255984367366878
-7.327796775769418e-05
0.0008451392281387396
-7.327796775769418e-05
0.000893991206643869
-0.00013678553981436248
0.0009184171958964338
-9.77039570102589e-06
0.0008695652173913043
-0.00014655593551538836
0.0008011724474841231
-0.0001612115290669272
0.0007816316560820713
-4.885197850512946e-05
0.000815828041035662
-0.0002247191011235955
0.0007816316560820713
-0.0001270151441133366
0.0009428431851489985
-0.0002979970688812897
0.0008891060087933561
-7.816316560820712e-05
0.0009672691744015633
-0.00015144113336590132
0.0008451392281387396
9.77039570102589e-06
0.0007425500732779677
-9.770395701025892e-05
0.0008891060087933561
-0.00013678553981436248
0.0010356619443087445
-8.304836345872008e-05
0.0009477283829995114
0.0001172447484123107
0.000986809965803615
-0.00017586712261846604
0.0010942843185148998
-0.00014167073766487544
0.0008793356130923302
-8.793356130923302e-05
0.0007962872496336101
7.816316560820712e-05
0.0008695652173913043
-6.839276990718124e-05
0.0008793356130923302
-0.00012212994626282364
0.0009281875915974596
-2.9311187103077675e-05
0.0009379579872984856
-9.77039570102589e-06
0.0009184171958964338
-0.00014167073766487544
0.0008891060087933561
-0.0001172447484123107
0.0009281875915974596
-7.327796775769418e-05
0.0006839276990718123
-0.0002589154860771861
0.0008695652173913043
-0.00021006350757205668
0.000986809965803615
-0.0001172447484123107
0.000986809965803615
-9.770395701025892e-05
0.000810942843185149
2.9311187103077675e-05
0.0006985832926233512
-7.327796775769418e-05
0.0009379579872984856
-5.862237420615535e-05
0.0008011724474841231
-6.839276990718124e-05
0.0008304836345872007
-0.00013678553981436248
0.0008402540302882267
-5.862237420615535e-05
0.0008793356130923302
-4.885197850512946e-05
0.000810942843185149
-9.770395701025892e-05
0.0008695652173913043
-6.839276990718124e-05
0.0007523204689789937
-7.327796775769418e-05
0.0007865168539325843
-9.281875915974596e-05
0.0007865168539325843
-0.00016609672691744016
0.0007718612603810454
-0.0002247191011235955
0.0007669760625305325
4.885197850512946e-05
0.0007083536883243771
-0.00017586712261846604
0.0008255984367366878
-9.770395701025892e-05
0.0008255984367366878
1.4655593551538837e-05
0.0008744504152418173
-8.304836345872008e-05
0.0009721543722520762
-0.0001270151441133366
0.0008842208109428432
-0.00021983390327308256
0.0010014655593551538
-6.839276990718124e-05
0.0008695652173913043
-0.00017586712261846604
0.0008500244259892526
-9.770395701025892e-05
0.0009281875915974596
-3.419638495359062e-05
0.000815828041035662
-0.00014167073766487544
0.0009672691744015633
-0.00017586712261846604
0.0008842208109428432
-6.35075720566683e-05
0.0007620908646800195
-0.00011235955056179774
0.0010600879335613091
-9.77039570102589e-06
0.0008011724474841231
-0.00015144113336590132
0.00071323888617489
-0.00013190034196384952
0.0008695652173913043
-0.000180752320468979
0.0009477283829995114
2.442598925256473e-05
0.000903761602344895
-0.0001074743527112848
0.0007865168539325843
-5.37371763556424e-05
0.000806057645334636
-0.0001612115290669272
0.0008402540302882267
-0.00021983390327308256
0.000903761602344895
-0.0001172447484123107
0.0008549096238397655
-0.0001709819247679531
0.0009184171958964338
-8.304836345872008e-05
0.0008207132388861749
-9.77039570102589e-06
0.0009233023937469467
-0.0001709819247679531
0.0008695652173913043
-0.00020029311187103076
0.0008207132388861749
-1.954079140205178e-05
0.0007962872496336101
-8.793356130923302e-05
0.0007376648754274548
-9.770395701025892e-05
0.0007962872496336101
-9.770395701025892e-05
0.0010356619443087445
-0.00018563751831949193
0.0008451392281387396
-0.0002491450903761602
0.0009330727894479727
-0.00016609672691744016
0.0007278944797264289
-0.0002149487054225696
0.0008304836345872007
-0.0002442598925256473
0.0008402540302882267
-9.770395701025892e-05
0.0008646800195407913
-9.281875915974596e-05
0.0008891060087933561
-9.281875915974596e-05
0.0008500244259892526
-9.281875915974596e-05
0.0007962872496336101
-9.281875915974596e-05
0.0007181240840254031
-3.419638495359062e-05
0.000898876404494382
-0.00019540791402051784
0.000893991206643869
-5.862237420615535e-05
0.0008646800195407913
-0.00014167073766487544
0.0008011724474841231
-7.816316560820712e-05
0.0009574987787005373
-3.908158280410356e-05
0.0010063507572056667
-6.35075720566683e-05
0.000810942843185149
-9.77039570102589e-06
0.0007767464582315583
2.9311187103077675e-05
0.0008744504152418173
-7.816316560820712e-05
0.000815828041035662
-9.77039570102589e-06
0.0008744504152418173
-1.4655593551538837e-05
0.0006985832926233512
-0.0001074743527112848
0.0008255984367366878
-6.839276990718124e-05
0.0008549096238397655
-6.839276990718124e-05
0.0008011724474841231
5.37371763556424e-05
0.0009721543722520762
7.327796775769418e-05
0.0008500244259892526
-7.327796775769418e-05
0.0008646800195407913
-0.00010258915486077186
0.0009965803615046408
1.954079140205178e-05
0.0008500244259892526
-0.00015632633121641425
0.0010356619443087445
9.77039570102589e-06
0.0009281875915974596
-0.00021006350757205668
0.0008842208109428432
-9.281875915974596e-05
0.0008451392281387396
8.304836345872008e-05
0.001064973131411822
-0.0001074743527112848
0.0010063507572056667
-0.0001074743527112848
0.0008597948216902784
0.0
0.0007914020517830972
-0.0001612115290669272
0.0008646800195407913
-2.9311187103077675e-05
0.0007865168539325843
-0.0001074743527112848
0.0008793356130923302
-0.00021983390327308256
0.000806057645334636
-5.862237420615535e-05
0.0007962872496336101
7.327796775769418e-05
0.0007572056668295066
-5.37371763556424e-05
0.0007865168539325843
-6.839276990718124e-05
0.0008793356130923302
-6.35075720566683e-05
0.0009135319980459208
-0.00013190034196384952
0.0007914020517830972
-9.281875915974596e-05
0.0007474352711284806
-0.00015144113336590132
0.0007181240840254031
-0.00019052271617000488
0.0008646800195407913
-0.0002149487054225696
0.0010063507572056667
4.885197850512945e-06
0.000815828041035662
-0.00011235955056179774
0.0008842208109428432
-0.0001172447484123107
0.0007962872496336101
-6.35075720566683e-05
0.000986809965803615
-8.304836345872008e-05
0.000903761602344895
-3.908158280410356e-05
0.0008207132388861749
-0.00014167073766487544
0.0009477283829995114
-0.00010258915486077186
0.000810942843185149
-0.00014167073766487544
0.0007474352711284806
-0.00016609672691744016
0.000810942843185149
-0.00019052271617000488
0.00071323888617489
-0.0001270151441133366
0.000806057645334636
-0.0001074743527112848
0.0008646800195407913
-1.4655593551538837e-05
0.0007816316560820713
-0.00010258915486077186
0.000723009281875916
-0.00012212994626282364
0.000810942843185149
-3.419638495359062e-05
0.0007278944797264289
-0.00019540791402051784
0.0009623839765510503
-7.327796775769418e-05
0.0007327796775769418
-7.816316560820712e-05
0.0008695652173913043
-0.00014167073766487544
0.0007865168539325843
2.442598925256473e-05
0.000893991206643869
-2.442598925256473e-05
0.0009086468001954079
-0.00015632633121641425
0.0010014655593551538
-9.770395701025892e-05
0.0008646800195407913
-7.327796775769418e-05
0.0008353688324377137
-0.00011235955056179774
0.0010356619443087445
-6.35075720566683e-05
0.0008500244259892526
-0.00029311187103077673
0.0008793356130923302
2.442598925256473e-05
0.000810942843185149
-0.0001172447484123107
0.0008207132388861749
-0.00016609672691744016
0.0007181240840254031
-0.00014655593551538836
0.000810942843185149
-0.00013190034196384952
0.0007327796775769418
-6.35075720566683e-05
0.0008304836345872007
-0.00014655593551538836
0.0007278944797264289
-0.00011235955056179774
0.0008695652173913043
-0.00018563751831949193
0.0008353688324377137
-0.0001074743527112848
0.0007669760625305325
1.954079140205178e-05
0.0009184171958964338
-0.00012212994626282364
0.0006741573033707865
-0.00010258915486077186
0.0009428431851489985
5.37371763556424e-05
0.0007718612603810454
-5.37371763556424e-05
0.0007083536883243771
-8.304836345872008e-05
0.0008744504152418173
-9.281875915974596e-05
0.0007376648754274548
-0.00018563751831949193
0.0007278944797264289
-0.00015144113336590132
0.0009965803615046408
-2.9311187103077675e-05
0.0009233023937469467
0.0
0.0006790425012212994
-0.00015632633121641425
0.0007669760625305325
-0.0002589154860771861
0.0009428431851489985
-0.00018563751831949193
0.0010405471421592574
-0.0002491450903761602
0.0008842208109428432
-0.00014167073766487544
0.000893991206643869
-9.281875915974596e-05
0.0008011724474841231
-0.0001709819247679531
0.0009379579872984856
4.885197850512945e-06
0.000903761602344895
-9.770395701025892e-05
0.0010210063507572057
-0.00010258915486077186
0.0009233023937469467
-6.35075720566683e-05
0.0007669760625305325
-0.0002491450903761602
0.0008255984367366878
-9.77039570102589e-06
0.0009672691744015633
-0.00013190034196384952
0.0008451392281387396
-0.00015632633121641425
0.0007034684904738642
-0.0002149487054225696
0.0009135319980459208
-6.839276990718124e-05
0.0006399609184171959
-0.0001270151441133366
0.0009379579872984856
-9.281875915974596e-05
0.0009281875915974596
-6.839276990718124e-05
0.0007425500732779677
-0.00016609672691744016
0.0008500244259892526
-3.908158280410356e-05
0.0009135319980459208
-6.839276990718124e-05
0.0009281875915974596
-4.885197850512946e-05
0.0011040547142159257
-4.396678065461651e-05
0.0010161211529066928
7.327796775769418e-05
0.0008793356130923302
-5.37371763556424e-05
0.000810942843185149
9.281875915974596e-05
0.0007474352711284806
-4.396678065461651e-05
0.0007669760625305325
-4.885197850512945e-06
0.0007962872496336101
-0.00010258915486077186
0.0008304836345872007
9.281875915974596e-05
0.000903761602344895
-0.00015632633121641425
0.0008304836345872007
-0.0002540302882266732
0.0007572056668295066
-9.281875915974596e-05
0.000806057645334636
-5.862237420615535e-05
0.0008695652173913043
-0.00021006350757205668
0.0007474352711284806
-6.839276990718124e-05
0.0008891060087933561
-0.00010258915486077186
0.0007572056668295066
-0.00014655593551538836
0.0008500244259892526
4.885197850512945e-06
0.0009281875915974596
2.442598925256473e-05
0.0006790425012212994
-3.419638495359062e-05
0.0008793356130923302
-4.885197850512945e-06
0.0008304836345872007
-0.00012212994626282364
0.0008646800195407913
-1.4655593551538837e-05
0.0008597948216902784
-1.4655593551538837e-05
0.0008451392281387396
4.885197850512945e-06
0.000903761602344895
-7.327796775769418e-05
0.0007767464582315583
-0.00020517830972154372
0.0007767464582315583
-0.00014167073766487544
0.0008744504152418173
-0.0001172447484123107
0.0008353688324377137
8.793356130923302e-05
0.0009135319980459208
8.304836345872008e-05
0.0008597948216902784
5.37371763556424e-05
0.000815828041035662
-4.396678065461651e-05
0.0007620908646800195
-0.00013678553981436248
0.0009428431851489985
-6.35075720566683e-05
0.0008402540302882267
-0.00020029311187103076
0.0009233023937469467
-2.9311187103077675e-05
0.0008695652173913043
4.396678065461651e-05
0.0008695652173913043
-0.0001270151441133366
0.0007718612603810454
-4.885197850512945e-06
0.0008304836345872007
-0.00014655593551538836
0.0007327796775769418
-9.77039570102589e-06
0.0007718612603810454
0.0
0.0007376648754274548
-7.327796775769418e-05
0.0007962872496336101
-2.9311187103077675e-05
0.000986809965803615
1.4655593551538837e-05
0.0006448461162677088
-0.00014167073766487544
0.000806057645334636
-0.0001709819247679531
0.0007327796775769418
-0.0001074743527112848
0.000898876404494382
-4.885197850512946e-05
0.0008549096238397655
-0.0001612115290669272
0.0008695652173913043
-8.304836345872008e-05
0.0008549096238397655
-0.0001270151441133366
0.0009184171958964338
-2.442598925256473e-05
0.0008744504152418173
-2.9311187103077675e-05
0.0009965803615046408
-0.00012212994626282364
0.000893991206643869
-6.839276990718124e-05
0.0008597948216902784
-3.419638495359062e-05
0.0008451392281387396
-4.885197850512946e-05
0.0009281875915974596
-3.419638495359062e-05
0.0009526135808500244
-0.00010258915486077186
0.0008842208109428432
-8.304836345872008e-05
0.0006936980947728383
-1.4655593551538837e-05
0.0008891060087933561
-0.00019540791402051784
0.000723009281875916
-6.839276990718124e-05
0.0008842208109428432
-6.35075720566683e-05
0.0009477283829995114
-3.908158280410356e-05
0.0009184171958964338
1.4655593551538837e-05
0.0009526135808500244
-2.9311187103077675e-05
0.0008891060087933561
9.77039570102589e-06
0.0009428431851489985
-0.00013190034196384952
0.0008793356130923302
-3.419638495359062e-05
0.0007523204689789937
-2.9311187103077675e-05
0.0008255984367366878
-6.839276990718124e-05
0.0008549096238397655
-3.908158280410356e-05
0.0008842208109428432
-6.35075720566683e-05
0.0010210063507572057
1.4655593551538837e-05
0.000806057645334636
-9.770395701025892e-05
0.0007865168539325843
-0.00013190034196384952
0.0007181240840254031
-8.304836345872008e-05
0.0009574987787005373
3.419638495359062e-05
0.0008451392281387396
7.327796775769418e-05
0.0008891060087933561
-9.77039570102589e-06
0.0008793356130923302
-9.770395701025892e-05
0.000806057645334636
-4.396678065461651e-05
0.0008304836345872007
-4.885197850512946e-05
0.000806057645334636
-2.442598925256473e-05
0.000810942843185149
-7.816316560820712e-05
0.0007523204689789937
-0.00013678553981436248
0.0009233023937469467
-2.442598925256473e-05
0.0008842208109428432
-6.839276990718124e-05
0.0009721543722520762
-7.816316560820712e-05
0.0007523204689789937
-5.862237420615535e-05
0.0008402540302882267
-4.396678065461651e-05
0.0007620908646800195
-0.0001270151441133366
0.000903761602344895
1.4655593551538837e-05
0.0011187103077674645
-8.304836345872008e-05
0.0007474352711284806
-0.00012212994626282364
0.0007816316560820713
-8.304836345872008e-05
0.000635075720566683
-0.00018563751831949193
0.000893991206643869
-0.000180752320468979
0.0008646800195407913
-7.816316560820712e-05
0.000810942843185149
-2.9311187103077675e-05
0.0008451392281387396
-0.0001172447484123107
0.000903761602344895
-8.793356130923302e-05
0.0009574987787005373
-0.00019052271617000488
0.0009428431851489985
1.954079140205178e-05
0.000815828041035662
6.839276990718124e-05
0.0009135319980459208
-5.862237420615535e-05
0.0009135319980459208
-7.327796775769418e-05
0.000903761602344895
-0.0001270151441133366
0.0010258915486077186
1.954079140205178e-05
0.0008500244259892526
-0.0001074743527112848
0.0008842208109428432
-9.770395701025892e-05
0.0008011724474841231
-0.00013678553981436248
0.0009428431851489985
-6.35075720566683e-05
0.0008646800195407913
1.4655593551538837e-05
0.0009233023937469467
-0.00011235955056179774
0.0008549096238397655
-5.862237420615535e-05
0.0009233023937469467
-0.0001270151441133366
0.0009233023937469467
-0.0001709819247679531
0.0010112359550561798
-8.793356130923302e-05
0.0010112359550561798
4.885197850512946e-05
0.001084513922813874
-0.00012212994626282364
0.0006497313141182217
3.419638495359062e-05
0.0010307767464582316
-0.00020029311187103076
0.0008891060087933561
-5.37371763556424e-05
0.0007962872496336101
-5.862237420615535e-05
0.0008842208109428432
-9.281875915974596e-05
0.0009281875915974596
-8.793356130923302e-05
0.0009184171958964338
-4.885197850512945e-06
0.0009477283829995114
0.0
0.0007523204689789937
-0.0001709819247679531
0.0008207132388861749
-0.000180752320468979
0.00071323888617489
-5.37371763556424e-05
0.0009330727894479727
3.419638495359062e-05
0.001064973131411822
-0.00013190034196384952
0.000903761602344895
-2.442598925256473e-05
0.0008842208109428432
-8.304836345872008e-05
0.000986809965803615
-0.00020517830972154372
0.0009135319980459208
-7.816316560820712e-05
0.0009330727894479727
0.0
0.0008304836345872007
1.4655593551538837e-05
0.0008646800195407913
2.9311187103077675e-05
0.0007474352711284806
-8.304836345872008e-05
0.0009086468001954079
-0.00020517830972154372
0.0009184171958964338
-0.0001172447484123107
0.0009086468001954079
1.4655593551538837e-05
0.0008597948216902784
-6.35075720566683e-05
0.0009672691744015633
-9.281875915974596e-05
0.0009623839765510503
-7.816316560820712e-05
0.0008695652173913043
-3.419638495359062e-05
0.0008597948216902784
-0.00012212994626282364
0.0007278944797264289
-9.281875915974596e-05
0.0009379579872984856
-1.954079140205178e-05
0.0008597948216902784
-2.9311187103077675e-05
0.000898876404494382
-0.00013678553981436248
0.0008793356130923302
-1.4655593551538837e-05
0.0008353688324377137
-0.0001709819247679531
0.0007572056668295066
-1.954079140205178e-05
0.0010161211529066928
-0.00014655593551538836
0.0009770395701025891
-3.419638495359062e-05
0.0009428431851489985
-6.839276990718124e-05
0.0009233023937469467
1.4655593551538837e-05
0.0009184171958964338
0.0001172447484123107
0.0007816316560820713
-0.00013190034196384952
0.0007718612603810454
-4.396678065461651e-05
0.000898876404494382
-0.00015144113336590132
0.0010161211529066928
-7.327796775769418e-05
0.0008842208109428432
6.839276990718124e-05
0.0009623839765510503
-8.793356130923302e-05
0.0008597948216902784
0.00012212994626282364
0.0010112359550561798
-1.954079140205178e-05
0.0008549096238397655
-0.00012212994626282364
0.0007327796775769418
-0.00012212994626282364
0.0009428431851489985
-0.00013678553981436248
0.0009526135808500244
6.839276990718124e-05
0.0009086468001954079
-4.885197850512946e-05
0.0008402540302882267
-8.793356130923302e-05
0.0006790425012212994
-3.419638495359062e-05
0.0009526135808500244
-1.954079140205178e-05
0.000991695163654128
-9.770395701025892e-05
0.0009721543722520762
-4.396678065461651e-05
0.0008793356130923302
-2.9311187103077675e-05
0.0008402540302882267
-7.327796775769418e-05
0.0008549096238397655
-0.00010258915486077186
0.0008353688324377137
-8.793356130923302e-05
0.0007572056668295066
-7.816316560820712e-05
0.0006741573033707865
-0.0002589154860771861
0.0006985832926233512
-0.00011235955056179774
0.0009184171958964338
-0.00015144113336590132
0.0010747435271128481
-1.954079140205178e-05
0.0007669760625305325
-0.00020517830972154372
0.0010307767464582316
4.885197850512945e-06
0.0006888128969223254
-0.00014167073766487544
0.0008207132388861749
0.0
0.0009379579872984856
-7.816316560820712e-05
0.0009428431851489985
-4.396678065461651e-05
0.0009526135808500244
-8.304836345872008e-05
0.0008207132388861749
-9.281875915974596e-05
0.0009135319980459208
-0.00030776746458231557
0.0008353688324377137
2.9311187103077675e-05
0.0009477283829995114
6.839276990718124e-05
0.0007523204689789937
-5.37371763556424e-05
0.000898876404494382
-0.00016609672691744016
0.000893991206643869
-5.37371763556424e-05
0.0006448461162677088
-3.419638495359062e-05
0.0007278944797264289
-3.908158280410356e-05
0.0007620908646800195
-2.442598925256473e-05
0.0007816316560820713
4.885197850512945e-06
0.0007816316560820713
-5.862237420615535e-05
0.0008646800195407913
-3.419638495359062e-05
0.0008549096238397655
-0.0001172447484123107
0.0009721543722520762
-1.4655593551538837e-05
0.000981924767953102
-1.4655593551538837e-05
0.0008891060087933561
-0.0001709819247679531
0.0010552027357107962
3.908158280410356e-05
0.0008891060087933561
-7.816316560820712e-05
0.0007865168539325843
-0.0001074743527112848
0.000723009281875916
-2.442598925256473e-05
0.0010942843185148998
-6.35075720566683e-05
0.000898876404494382
-0.00010258915486077186
0.000991695163654128
-0.00010258915486077186
0.0009428431851489985
3.419638495359062e-05
0.0009721543722520762
-6.35075720566683e-05
0.0010063507572056667
-0.00014167073766487544
0.0009135319980459208
9.77039570102589e-06
0.0008304836345872007
-0.00013190034196384952
0.0009526135808500244
-4.396678065461651e-05
0.0008255984367366878
-0.00017586712261846604
0.0007523204689789937
-0.0001074743527112848
0.0009477283829995114
-0.00013678553981436248
0.0009135319980459208
-5.37371763556424e-05
0.0009135319980459208
-0.00016609672691744016
0.0007327796775769418
-1.4655593551538837e-05
0.0008842208109428432
-9.770395701025892e-05
0.0008597948216902784
-9.77039570102589e-06
0.0007962872496336101
-7.816316560820712e-05
0.0008842208109428432
-4.396678065461651e-05
0.000898876404494382
-3.908158280410356e-05
0.0009379579872984856
-3.908158280410356e-05
0.0007669760625305325
1.4655593551538837e-05
0.0007425500732779677
-0.00014167073766487544
0.0009135319980459208
-0.00013678553981436248
0.0009721543722520762
-7.816316560820712e-05
0.0008207132388861749
-0.0001612115290669272
0.0008793356130923302
5.37371763556424e-05
0.0008646800195407913
-0.00020029311187103076
0.0009623839765510503
-0.00022960429897410844
0.000806057645334636
-3.908158280410356e-05
0.0008011724474841231
-6.35075720566683e-05
0.0010014655593551538
-2.442598925256473e-05
0.0007474352711284806
-7.816316560820712e-05
0.0007865168539325843
-0.0001074743527112848
0.000806057645334636
-0.00018563751831949193
0.0006448461162677088
-7.816316560820712e-05
0.0009379579872984856
9.77039570102589e-06
0.0007523204689789937
-0.0001074743527112848
0.0006057645334636053
1.954079140205178e-05
0.0008304836345872007
-0.0001172447484123107
0.0009721543722520762
-0.00015632633121641425
0.000898876404494382
9.77039570102589e-06
0.0008011724474841231
-0.00013190034196384952
0.0008744504152418173
-0.00011235955056179774
0.0007620908646800195
-5.37371763556424e-05
0.0009574987787005373
-9.77039570102589e-06
0.000986809965803615
7.327796775769418e-05
0.0008353688324377137
-1.954079140205178e-05
0.000893991206643869
4.885197850512946e-05
0.000893991206643869
-0.0001709819247679531
0.0008402540302882267
-7.327796775769418e-05
0.000991695163654128
-9.77039570102589e-06
0.0007914020517830972
2.9311187103077675e-05
0.0008304836345872007
-1.4655593551538837e-05
0.0006888128969223254
-2.442598925256473e-05
0.0008744504152418173
0.00017586712261846604
0.0010161211529066928
5.862237420615535e-05
0.0009770395701025891
4.885197850512945e-06
0.0008353688324377137
-2.442598925256473e-05
0.0007767464582315583
-6.35075720566683e-05
0.0009672691744015633
-9.770395701025892e-05
0.0009379579872984856
-0.00011235955056179774
0.0008549096238397655
-2.442598925256473e-05
0.0009477283829995114
-2.9311187103077675e-05
0.0007425500732779677
-5.862237420615535e-05
0.0008695652173913043
-0.00013190034196384952
0.0008451392281387396
-0.00014655593551538836
0.000893991206643869
-7.816316560820712e-05
0.0008842208109428432
-9.77039570102589e-06
0.0008500244259892526
2.9311187103077675e-05
0.0010210063507572057
-9.77039570102589e-06
0.0008402540302882267
-4.396678065461651e-05
0.0008255984367366878
-0.00014655593551538836
0.0009135319980459208
-0.00010258915486077186
0.0007620908646800195
0.0
0.000815828041035662
-0.00013190034196384952
0.0008891060087933561
-2.442598925256473e-05
0.0007572056668295066
-9.77039570102589e-06
0.0010063507572056667
-8.793356130923302e-05
0.0009574987787005373
-7.816316560820712e-05
0.0007376648754274548
9.77039570102589e-06
0.000815828041035662
-6.35075720566683e-05
0.0010747435271128481
-0.00011235955056179774
0.001064973131411822
-7.327796775769418e-05
0.0008891060087933561
5.862237420615535e-05
0.0008695652173913043
-0.00017586712261846604
0.0010698583292623352
2.9311187103077675e-05
0.0008744504152418173
-8.793356130923302e-05
0.000815828041035662
-0.00014167073766487544
0.0010307767464582316
-0.000180752320468979
0.0007181240840254031
-4.396678065461651e-05
0.0009135319980459208
-4.885197850512945e-06
0.0008011724474841231
7.816316560820712e-05
0.000806057645334636
4.885197850512945e-06
0.0010063507572056667
4.885197850512946e-05
0.000898876404494382
-0.0002344894968246214
0.0007181240840254031
0.0
0.0009233023937469467
-2.9311187103077675e-05
0.000893991206643869
-0.0001172447484123107
0.0008842208109428432
0.0001074743527112848
0.000981924767953102
-6.839276990718124e-05
0.0007962872496336101
-2.442598925256473e-05
0.000898876404494382
1.4655593551538837e-05
0.0008695652173913043
-4.396678065461651e-05
0.0009770395701025891
3.908158280410356e-05
0.0009281875915974596
-0.0001074743527112848
0.0009428431851489985
0.0
0.0008744504152418173
-5.37371763556424e-05
0.0007669760625305325
6.839276990718124e-05
0.0007425500732779677
-7.816316560820712e-05
0.000981924767953102
-0.00021983390327308256
0.0008304836345872007
0.0
0.0008646800195407913
-0.0001709819247679531
0.0008011724474841231
-8.304836345872008e-05
0.0007767464582315583
-2.9311187103077675e-05
0.0008451392281387396
-0.0001074743527112848
0.0010356619443087445
-2.9311187103077675e-05
0.0007914020517830972
-9.770395701025892e-05
0.0008255984367366878
-0.00012212994626282364
0.000903761602344895
-0.00014167073766487544
0.0010063507572056667
-0.00011235955056179774
0.0009379579872984856
-0.00012212994626282364
0.0008695652173913043
-1.4655593551538837e-05
0.0008891060087933561
-7.327796775769418e-05
0.0007620908646800195
6.839276990718124e-05
0.0010698583292623352
-0.00015144113336590132
0.000810942843185149
-3.908158280410356e-05
0.0007865168539325843
-8.304836345872008e-05
0.0009135319980459208
-5.37371763556424e-05
0.0008744504152418173
-7.327796775769418e-05
0.0008744504152418173
-0.00030776746458231557
0.0009672691744015633
-8.304836345872008e-05
0.0008842208109428432
-6.839276990718124e-05
0.0007572056668295066
-0.0001612115290669272
0.0008255984367366878
2.9311187103077675e-05
0.0009526135808500244
-0.00021006350757205668
0.0010063507572056667
-0.00013190034196384952
0.0008891060087933561
-0.00015144113336590132
0.0008549096238397655
-0.00015144113336590132
0.000810942843185149
-8.793356130923302e-05
0.0009672691744015633
4.885197850512945e-06
0.0008793356130923302
-0.0001612115290669272
0.0009428431851489985
-0.00015632633121641425
0.0007034684904738642
-0.0001074743527112848
0.0009770395701025891
-3.908158280410356e-05
0.0010991695163654128
-0.00014655593551538836
0.0010552027357107962
-7.816316560820712e-05
0.0009330727894479727
-5.862237420615535e-05
0.0006546165119687347
3.419638495359062e-05
0.0008402540302882267
0.00013190034196384952
0.0010258915486077186
-0.00013190034196384952
0.0008744504152418173
-0.00019052271617000488
0.0008695652173913043
-8.304836345872008e-05
0.0007620908646800195
4.885197850512945e-06
0.0006497313141182217
-0.00016609672691744016
0.0008793356130923302
-0.00013190034196384952
0.0007572056668295066
-6.35075720566683e-05
0.0009721543722520762
-0.00014167073766487544
0.0008744504152418173
-0.00014655593551538836
0.0008744504152418173
-3.419638495359062e-05
0.0007474352711284806
-7.327796775769418e-05
0.0008793356130923302
-0.0001612115290669272
0.000986809965803615
-0.00020029311187103076
0.0008451392281387396
-0.00016609672691744016
0.0007181240840254031
1.4655593551538837e-05
0.0008304836345872007
-0.00018563751831949193
0.0008500244259892526
-0.00018563751831949193
0.0008011724474841231
-4.885197850512945e-06
0.000815828041035662
4.396678065461651e-05
0.000625305324865657
2.442598925256473e-05
0.0007620908646800195
5.37371763556424e-05
0.0007962872496336101
-0.0001074743527112848
0.0008353688324377137
-0.00013190034196384952
0.0007767464582315583
-0.0001074743527112848
0.0006790425012212994
7.327796775769418e-05
0.0008255984367366878
-7.327796775769418e-05
0.0009184171958964338
1.4655593551538837e-05
0.0007572056668295066
9.77039570102589e-06
0.0009379579872984856
-6.35075720566683e-05
0.0008646800195407913
1.954079140205178e-05
0.0010747435271128481
-2.9311187103077675e-05
0.000991695163654128
-8.793356130923302e-05
0.0009574987787005373
-0.00021983390327308256
0.000806057645334636
-0.00015144113336590132
0.0006790425012212994
-6.839276990718124e-05
0.0007083536883243771
-9.281875915974596e-05
0.0007718612603810454
-5.37371763556424e-05
0.0006057645334636053
-3.419638495359062e-05
0.0008500244259892526
-9.770395701025892e-05
0.0008891060087933561
-0.0001074743527112848
0.0007816316560820713
-9.77039570102589e-06
0.0009281875915974596
5.862237420615535e-05
0.0008744504152418173
-0.0002247191011235955
0.0008207132388861749
-4.396678065461651e-05
0.0008500244259892526
-0.00015144113336590132
0.0007669760625305325
-7.816316560820712e-05
0.0008744504152418173
-6.839276990718124e-05
0.0008646800195407913
-0.0001074743527112848
0.0009281875915974596
-3.908158280410356e-05
0.000723009281875916
-0.00014655593551538836
0.0007620908646800195
-4.885197850512945e-06
0.0008255984367366878
-9.281875915974596e-05
0.0009135319980459208
-1.4655593551538837e-05
0.0006936980947728383
-4.885197850512946e-05
0.000806057645334636
-0.00012212994626282364
0.0008353688324377137
-4.885197850512946e-05
0.0007425500732779677
-9.281875915974596e-05
0.0008597948216902784
-0.00014167073766487544
0.0008451392281387396
-9.77039570102589e-06
0.0007865168539325843
-7.816316560820712e-05
0.0007767464582315583
0.0
0.0007523204689789937
-0.0001074743527112848
0.0006741573033707865
-9.77039570102589e-06
0.0008891060087933561
9.77039570102589e-06
0.0009184171958964338
0.0
0.0009233023937469467
-0.00010258915486077186
0.000893991206643869
-1.954079140205178e-05
0.0007767464582315583
-0.0001270151441133366
0.0009428431851489985
-6.35075720566683e-05
0.0007718612603810454
-8.304836345872008e-05
0.0008304836345872007
-0.00017586712261846604
0.0008304836345872007
-8.793356130923302e-05
0.0008891060087933561
-0.00022960429897410844
0.0007181240840254031
-0.00015144113336590132
0.0008353688324377137
-5.862237420615535e-05
0.0007181240840254031
-0.00021006350757205668
0.0009233023937469467
-1.954079140205178e-05
0.0008646800195407913
-0.000180752320468979
0.0008207132388861749
-7.327796775769418e-05
0.0007767464582315583
-0.00012212994626282364
0.0007669760625305325
-3.908158280410356e-05
0.000893991206643869
8.304836345872008e-05
0.0009086468001954079
-0.00014655593551538836
0.000806057645334636
-1.954079140205178e-05
0.0009526135808500244
-6.35075720566683e-05
0.0008744504152418173
-1.954079140205178e-05
0.0009526135808500244
-2.442598925256473e-05
0.0007669760625305325
-5.37371763556424e-05
0.0007718612603810454
-6.35075720566683e-05
0.000898876404494382
-0.00020029311187103076
0.0010356619443087445
1.954079140205178e-05
0.0009770395701025891
-0.00010258915486077186
0.0007572056668295066
-7.327796775769418e-05
0.0010747435271128481
-8.304836345872008e-05
0.0008402540302882267
-1.954079140205178e-05
0.0008402540302882267
-0.0001270151441133366
0.000903761602344895
-7.816316560820712e-05
0.0006741573033707865
-0.00017586712261846604
0.0009135319980459208
-0.0001074743527112848
0.0005959941377625794
-0.0001270151441133366
0.0009477283829995114
-0.0002491450903761602
0.0008451392281387396
2.9311187103077675e-05
0.000903761602344895
-5.862237420615535e-05
0.000893991206643869
-9.770395701025892e-05
0.000810942843185149
-3.419638495359062e-05
0.000893991206643869
-9.770395701025892e-05
0.0009281875915974596
1.4655593551538837e-05
0.0010210063507572057
-0.0003126526624328285
0.0008500244259892526
-0.0001074743527112848
0.000903761602344895
3.908158280410356e-05
0.0010210063507572057
3.908158280410356e-05
0.0008842208109428432
-0.0001270151441133366
0.000815828041035662
-0.00010258915486077186
0.0007816316560820713
-0.00016609672691744016
0.0009623839765510503
-0.000180752320468979
0.0008597948216902784
-2.9311187103077675e-05
0.0009477283829995114
-2.9311187103077675e-05
0.0008842208109428432
-0.0001270151441133366
0.000806057645334636
-0.00010258915486077186
0.0007767464582315583
-1.4655593551538837e-05
0.0007865168539325843
-0.00010258915486077186
0.0008451392281387396
-0.0002442598925256473
0.0009281875915974596
0.00019052271617000488
0.0008353688324377137
-9.281875915974596e-05
0.0007962872496336101
-3.419638495359062e-05
0.0007718612603810454
-9.770395701025892e-05
0.0007962872496336101
-5.37371763556424e-05
0.0009281875915974596
-0.00014655593551538836
0.000815828041035662
-3.908158280410356e-05
0.0007718612603810454
-4.396678065461651e-05
0.0009330727894479727
-3.419638495359062e-05
0.0008842208109428432
1.954079140205178e-05
0.0007376648754274548
-3.908158280410356e-05
0.0008891060087933561
-0.00011235955056179774
0.0007034684904738642
-8.304836345872008e-05
0.0007523204689789937
-0.0001074743527112848
0.000810942843185149
-0.00012212994626282364
0.0008891060087933561
-6.35075720566683e-05
0.0007718612603810454
-0.00013190034196384952
0.0006790425012212994
-0.00015632633121641425
0.0009135319980459208
-0.0001270151441133366
0.0009477283829995114
6.35075720566683e-05
0.0009379579872984856
-1.4655593551538837e-05
0.0009623839765510503
-8.304836345872008e-05
0.0007572056668295066
-0.00017586712261846604
0.0008646800195407913
-0.00014655593551538836
0.0010356619443087445
4.396678065461651e-05
0.0009330727894479727
1.4655593551538837e-05
0.0008500244259892526
3.419638495359062e-05
0.0009770395701025891
-0.00015632633121641425
0.0010014655593551538
-0.00016609672691744016
0.0006936980947728383
0.0001172447484123107
0.0006448461162677088
-0.00014655593551538836
0.0008549096238397655
-8.793356130923302e-05
0.0007718612603810454
9.77039570102589e-06
0.0009135319980459208
-0.00015632633121641425
0.0008793356130923302
-0.0001270151441133366
0.0007962872496336101
-0.00020517830972154372
0.0009721543722520762
-7.816316560820712e-05
0.0008451392281387396
-4.885197850512945e-06
0.0008842208109428432
9.77039570102589e-06
0.0008451392281387396
-0.0002247191011235955
0.000903761602344895
-8.304836345872008e-05
0.0007425500732779677
-9.77039570102589e-06
0.0008646800195407913
-0.00019540791402051784
0.000810942843185149
-7.816316560820712e-05
0.0009330727894479727
-6.839276990718124e-05
0.0008304836345872007
-2.442598925256473e-05
0.0009135319980459208
-2.442598925256473e-05
0.0007278944797264289
-2.442598925256473e-05
0.0009526135808500244
5.862237420615535e-05
0.000815828041035662
1.4655593551538837e-05
0.000986809965803615
-0.0001172447484123107
0.0008891060087933561
-5.862237420615535e-05
0.0007816316560820713
4.885197850512946e-05
0.0010454323400097703
-9.770395701025892e-05
0.0009086468001954079
-2.9311187103077675e-05
0.000981924767953102
-0.00013678553981436248
0.0008842208109428432
1.4655593551538837e-05
0.0008353688324377137
-3.908158280410356e-05
0.0010356619443087445
-0.00020517830972154372
0.0009623839765510503
-8.793356130923302e-05
0.0009526135808500244
-0.0001612115290669272
0.0009184171958964338
-0.00013678553981436248
0.0010942843185148998
-0.0001074743527112848
0.0006839276990718123
-0.0002344894968246214
0.0010063507572056667
-4.396678065461651e-05
0.0007767464582315583
-9.281875915974596e-05
0.0007572056668295066
9.77039570102589e-06
0.0007865168539325843
-8.304836345872008e-05
0.0009574987787005373
-0.00021006350757205668
0.0009477283829995114
-0.00011235955056179774
0.0008255984367366878
-0.00020517830972154372
0.0008011724474841231
-0.0002247191011235955
0.0006448461162677088
-7.816316560820712e-05
0.000893991206643869
-0.00017586712261846604
0.0007181240840254031
-0.00012212994626282364
0.0009184171958964338
-0.0001612115290669272
0.00071323888617489
-0.00015144113336590132
0.0007523204689789937
-0.00012212994626282364
0.0011333659013190035
-0.00013678553981436248
0.0008597948216902784
-0.0001612115290669272
0.0009477283829995114
-9.281875915974596e-05
0.0009672691744015633
4.885197850512946e-05
0.0007865168539325843
0.00021983390327308256
0.0008597948216902784
-9.770395701025892e-05
0.000898876404494382
2.442598925256473e-05
0.0009233023937469467
-4.885197850512946e-05
0.0010161211529066928
4.885197850512945e-06
0.000903761602344895
-0.00010258915486077186
0.0008451392281387396
6.839276990718124e-05
0.0008695652173913043
-0.00010258915486077186
0.000986809965803615
-0.000180752320468979
0.0009184171958964338
3.908158280410356e-05
0.0009281875915974596
-2.442598925256473e-05
0.0008695652173913043
-0.0001612115290669272
0.0008255984367366878
2.442598925256473e-05
0.0008207132388861749
-0.00010258915486077186
0.0008646800195407913
-9.281875915974596e-05
0.0007767464582315583
-7.816316560820712e-05
0.0008255984367366878
-6.839276990718124e-05
0.0008793356130923302
-1.4655593551538837e-05
0.0008304836345872007
-0.000180752320468979
0.0008451392281387396
-0.00010258915486077186
0.0008402540302882267
-7.816316560820712e-05
0.000810942843185149
-7.327796775769418e-05
0.0008207132388861749
-2.442598925256473e-05
0.0008207132388861749
-0.00020029311187103076
0.0009721543722520762
-0.0002247191011235955
0.0007865168539325843
9.281875915974596e-05
0.0010503175378602833
-4.885197850512946e-05
0.0008842208109428432
-0.0002491450903761602
0.000815828041035662
-0.00018563751831949193
0.0009574987787005373
-0.0001709819247679531
0.0007962872496336101
-0.00011235955056179774
0.0006888128969223254
-0.0001612115290669272
0.0007816316560820713
-9.281875915974596e-05
0.0008695652173913043
-9.281875915974596e-05
0.0009135319980459208
0.0001172447484123107
0.0008011724474841231
-2.442598925256473e-05
0.0010258915486077186
-0.0001074743527112848
0.0009281875915974596
-9.77039570102589e-06
0.0007914020517830972
-8.793356130923302e-05
0.0007327796775769418
7.327796775769418e-05
0.0007718612603810454
-4.885197850512946e-05
0.0007865168539325843
-9.281875915974596e-05
0.0008304836345872007
0.0
0.0008255984367366878
-1.4655593551538837e-05
0.0007962872496336101
-0.00014655593551538836
0.0009135319980459208
-0.00012212994626282364
0.0009526135808500244
-0.00015144113336590132
0.0009233023937469467
4.885197850512946e-05
0.0009721543722520762
1.4655593551538837e-05
0.0008255984367366878
-5.862237420615535e-05
0.0007376648754274548
-9.281875915974596e-05
0.000815828041035662
-0.00020029311187103076
0.0009526135808500244
0.00010258915486077186
0.0008597948216902784
-8.793356130923302e-05
0.0009965803615046408
9.77039570102589e-06
0.0008793356130923302
5.37371763556424e-05
0.0008597948216902784
-0.00016609672691744016
0.0008304836345872007
-3.419638495359062e-05
0.0007816316560820713
-0.00017586712261846604
0.0008207132388861749
-0.000356619443087445
0.0007669760625305325
-0.00012212994626282364
0.0007718612603810454
-0.00021006350757205668
0.0009477283829995114
9.77039570102589e-06
0.0009135319980459208
-0.0001270151441133366
0.0009281875915974596
-4.885197850512945e-06
0.0007523204689789937
-2.9311187103077675e-05
0.0007816316560820713
-0.00012212994626282364
0.0008255984367366878
-3.419638495359062e-05
0.0008549096238397655
-0.00016609672691744016
0.000810942843185149
-8.793356130923302e-05
0.0009184171958964338
-0.00023937469467513433
0.0009379579872984856
-0.00013678553981436248
0.0007034684904738642
-0.00015144113336590132
0.0008744504152418173
-8.793356130923302e-05
0.0007914020517830972
-1.954079140205178e-05
0.0008353688324377137
4.885197850512945e-06
