0.0006790425012212994
-0.00020517830972154372
0.0004885197850512946
-0.00028334147532975087
0.000723009281875916
-0.00044455300439667805
0.0005471421592574499
-0.0002882266731802638
0.0006057645334636053
-0.000180752320468979
0.000635075720566683
-0.00014167073766487544
0.0006057645334636053
-0.0001612115290669272
0.0006839276990718123
-0.00016609672691744016
0.0008646800195407913
-0.0002882266731802638
0.0006448461162677088
-0.0002882266731802638
0.000542256961406937
-0.00014167073766487544
0.0006204201270151441
-0.00018563751831949193
0.0007669760625305325
-0.00028334147532975087
0.0007034684904738642
-6.35075720566683e-05
0.000542256961406937
-0.00018563751831949193
0.0006546165119687347
-0.0002491450903761602
0.0006448461162677088
-0.00011235955056179774
0.0007181240840254031
-0.0002247191011235955
0.0005862237420615535
-8.793356130923302e-05
0.0007278944797264289
-0.00026380068392769905
0.0007474352711284806
-0.00021006350757205668
0.0005569125549584758
-0.00030776746458231557
0.00045432340009770396
-0.00021983390327308256
0.0006692721055202736
-0.00017586712261846604
0.0006595017098192477
-0.00029311187103077673
0.000625305324865657
-0.00026868588177821203
0.0005715681485100147
-0.00021006350757205668
0.0005764533463605276
-0.00015144113336590132
0.0007474352711284806
-0.00023937469467513433
0.0005959941377625794
-0.0002149487054225696
0.0006204201270151441
-0.0002344894968246214
0.0006839276990718123
-0.00017586712261846604
0.0006839276990718123
-1.954079140205178e-05
0.0005129457743038593
-0.0002589154860771861
0.0006497313141182217
-0.0002784562774792379
0.0005520273571079628
-0.0002149487054225696
0.0005959941377625794
-0.0001612115290669272
0.0007523204689789937
-0.00029311187103077673
0.0006985832926233512
-0.000180752320468979
0.000625305324865657
-0.00019540791402051784
0.0006692721055202736
-0.00026868588177821203
0.0007034684904738642
-0.0002344894968246214
0.0007425500732779677
-0.00030288226673180264
0.0007034684904738642
-0.0002979970688812897
0.0005862237420615535
-0.00032730825598436733
0.0006936980947728383
-0.00019540791402051784
0.0006008793356130923
-0.00027357107962872496
0.0005276013678553981
-0.0001612115290669272
0.0008695652173913043
-6.839276990718124e-05
0.0006546165119687347
-0.0003321934538348803
0.00063019052271617
-0.00041524181729360037
0.0005569125549584758
-0.00028334147532975087
0.0007865168539325843
-0.00011235955056179774
0.0007669760625305325
-0.00021983390327308256
0.0007425500732779677
-0.0002979970688812897
0.0005471421592574499
-0.00010258915486077186
0.0006057645334636053
-0.0002491450903761602
0.0006741573033707865
-0.0002979970688812897
0.0005862237420615535
-0.00021983390327308256
0.0008549096238397655
-0.00023937469467513433
0.0006692721055202736
-0.0002784562774792379
0.0005666829506595017
-0.00027357107962872496
0.0006448461162677088
-0.00021006350757205668
0.0007083536883243771
-0.00021983390327308256
0.0005862237420615535
-0.00012212994626282364
0.0006643869076697606
-0.0002247191011235955
0.000635075720566683
-0.00014167073766487544
0.0007278944797264289
-0.00018563751831949193
0.0007425500732779677
-0.0001709819247679531
0.00063019052271617
-0.00023937469467513433
0.0006888128969223254
-0.00023937469467513433
0.0005862237420615535
-0.000180752320468979
0.0005373717635564241
-0.00021983390327308256
0.0007376648754274548
-0.0003175378602833415
0.0005911089399120664
-0.00034684904738641916
0.0006790425012212994
-0.00015144113336590132
0.0006888128969223254
-0.00030288226673180264
0.0006008793356130923
-0.00018563751831949193
0.0005764533463605276
-0.00022960429897410844
0.0007181240840254031
-0.0001709819247679531
0.0008695652173913043
-0.0002247191011235955
0.0006692721055202736
-0.0002882266731802638
0.0008304836345872007
-0.00037616023448949683
0.0007718612603810454
-0.00014655593551538836
0.0007425500732779677
-0.00027357107962872496
0.0006741573033707865
-0.00040058622374206153
0.0007376648754274548
-0.00019052271617000488
0.0005715681485100147
-0.0002589154860771861
0.0007425500732779677
-0.0003126526624328285
0.0008255984367366878
-0.0002149487054225696
0.0006790425012212994
-0.00020517830972154372
0.0007278944797264289
-0.0002149487054225696
0.0006399609184171959
-0.00030288226673180264
0.0007474352711284806
-0.0002491450903761602
0.0006741573033707865
-3.419638495359062e-05
0.0007669760625305325
-0.0003419638495359062
0.0007865168539325843
-0.00019540791402051784
0.0007914020517830972
-0.00028334147532975087
0.0005911089399120664
-0.0003126526624328285
0.0006839276990718123
-0.0002540302882266732
0.0007572056668295066
-0.0002882266731802638
0.0007181240840254031
-0.000361504640937958
0.0007278944797264289
-0.00029311187103077673
0.0006546165119687347
-0.00019052271617000488
0.00063019052271617
-0.00020517830972154372
0.0007767464582315583
-0.00030776746458231557
0.0006839276990718123
-0.000180752320468979
0.0007718612603810454
-0.00021983390327308256
0.0007669760625305325
-0.00019540791402051784
0.0008451392281387396
-0.0002149487054225696
0.0004689789936492428
-0.00020029311187103076
0.0005569125549584758
-0.00013190034196384952
0.0007523204689789937
-0.0001612115290669272
0.0006057645334636053
-0.00019540791402051784
0.0005715681485100147
-0.00020029311187103076
0.0006204201270151441
-9.770395701025892e-05
0.0006595017098192477
-9.770395701025892e-05
0.0006204201270151441
-0.00044455300439667805
0.0006546165119687347
-0.00015632633121641425
0.0007474352711284806
-0.0001612115290669272
0.0006057645334636053
-0.00014655593551538836
0.0007718612603810454
-0.00010258915486077186
0.0007718612603810454
-0.00022960429897410844
0.0007474352711284806
-0.00023937469467513433
0.0007962872496336101
-0.0002491450903761602
0.0007083536883243771
-0.00023937469467513433
0.0005813385442110405
-0.00020029311187103076
0.0007767464582315583
-0.00039081582804103567
0.0007816316560820713
-0.00032730825598436733
0.0006546165119687347
-0.00026868588177821203
0.0007376648754274548
-0.0001270151441133366
0.0005862237420615535
-0.0001709819247679531
0.0006155349291646311
-0.00028334147532975087
0.000723009281875916
-0.0002149487054225696
0.0007767464582315583
-0.0003663898387884709
0.0006741573033707865
-0.00033707865168539324
0.0006888128969223254
-0.0002442598925256473
0.0006057645334636053
-0.0004738641914997557
0.0007181240840254031
-0.00022960429897410844
0.0007327796775769418
-0.0002784562774792379
0.0004738641914997557
-0.00014167073766487544
0.0006546165119687347
-0.00017586712261846604
0.0007962872496336101
-0.000180752320468979
0.000903761602344895
-0.00012212994626282364
0.0006936980947728383
-0.000180752320468979
0.0006643869076697606
-0.0001709819247679531
0.0006057645334636053
-0.0001612115290669272
0.0007083536883243771
-0.00019540791402051784
0.0007474352711284806
-0.0002442598925256473
0.0004885197850512946
-0.00020029311187103076
0.0006936980947728383
-0.00026868588177821203
0.0007523204689789937
-0.00021006350757205668
0.00071323888617489
-0.0002344894968246214
0.0007865168539325843
-0.00015632633121641425
0.0004885197850512946
-0.00019052271617000488
0.0006936980947728383
-0.0002882266731802638
0.00071323888617489
-0.00017586712261846604
0.0006448461162677088
-0.0001270151441133366
0.0007083536883243771
-6.35075720566683e-05
0.0006790425012212994
-0.00020029311187103076
0.0006595017098192477
-0.00023937469467513433
0.0005227161700048852
-0.00020517830972154372
0.0006888128969223254
-0.0001270151441133366
0.0006057645334636053
-0.0002344894968246214
0.000635075720566683
-0.0002979970688812897
0.0007523204689789937
-0.0002344894968246214
0.0008304836345872007
-0.0002491450903761602
0.0006448461162677088
-0.00041524181729360037
0.0006936980947728383
-0.0001270151441133366
0.0004934049829018075
-0.0003419638495359062
0.0007425500732779677
-0.000180752320468979
0.000723009281875916
-0.00026868588177821203
0.0007083536883243771
-0.00019052271617000488
0.0006888128969223254
-0.00033707865168539324
0.0006741573033707865
-0.00019052271617000488
0.0006595017098192477
-0.0002247191011235955
0.0004738641914997557
-0.00016609672691744016
0.0006057645334636053
-0.00017586712261846604
0.0006595017098192477
-0.00029311187103077673
0.0003517342452369321
-0.0004689789936492428
0.0004640937957987298
-0.000361504640937958
0.0007327796775769418
-0.0002247191011235955
0.0005666829506595017
-0.0002784562774792379
0.0006204201270151441
-0.0002540302882266732
0.0007669760625305325
-0.0002589154860771861
0.0006692721055202736
-0.000361504640937958
0.0006448461162677088
-0.0002442598925256473
0.0007620908646800195
-0.00028334147532975087
0.000635075720566683
-0.00013678553981436248
0.0006497313141182217
-0.00021006350757205668
0.0006399609184171959
-0.0002491450903761602
0.0005959941377625794
-0.0001270151441133366
0.0007376648754274548
-0.00026380068392769905
0.0006790425012212994
-0.00030776746458231557
0.0005520273571079628
-8.304836345872008e-05
0.0005666829506595017
-0.00029311187103077673
0.0008842208109428432
-0.00015632633121641425
0.000625305324865657
-0.00014655593551538836
0.0006790425012212994
-0.00019540791402051784
0.00063019052271617
-0.00018563751831949193
0.0005520273571079628
-0.000449438202247191
0.00041035661944308744
-0.00037616023448949683
0.0005276013678553981
-9.770395701025892e-05
0.000635075720566683
-0.00014167073766487544
0.0005911089399120664
-0.000361504640937958
0.0006741573033707865
-0.0002784562774792379
0.0006057645334636053
-0.0002784562774792379
0.0006839276990718123
-0.00019052271617000488
0.0006448461162677088
-0.00023937469467513433
0.0006643869076697606
-0.0002247191011235955
0.0005764533463605276
-0.00021006350757205668
0.000625305324865657
-0.00032730825598436733
0.0007083536883243771
-0.0002589154860771861
0.0006057645334636053
-0.0003224230581338544
0.0005227161700048852
-0.00021983390327308256
0.0005569125549584758
-0.0002589154860771861
0.00063019052271617
-0.0003517342452369321
0.0006985832926233512
-0.0002784562774792379
0.0005813385442110405
-0.00011235955056179774
0.0005031753786028333
-0.00021006350757205668
0.0005813385442110405
-0.00015144113336590132
0.0005129457743038593
-0.00019540791402051784
0.0006985832926233512
-0.00021983390327308256
0.0006839276990718123
-0.0002344894968246214
0.000542256961406937
-0.00013190034196384952
0.0007914020517830972
-0.00026868588177821203
0.0006643869076697606
-0.0002247191011235955
0.0006399609184171959
-0.00019052271617000488
0.0006497313141182217
-0.00015632633121641425
0.00071323888617489
-0.0003419638495359062
0.0006448461162677088
-0.0003419638495359062
0.0004934049829018075
-0.00022960429897410844
0.0006985832926233512
-0.0002540302882266732
0.0007327796775769418
-0.0002247191011235955
0.0006399609184171959
-0.00027357107962872496
0.0005862237420615535
-0.00032730825598436733
0.0006008793356130923
-0.0001172447484123107
0.000815828041035662
-0.00037616023448949683
0.0005959941377625794
-0.00037127503663898385
0.0004885197850512946
-0.00018563751831949193
0.0006790425012212994
-0.0002491450903761602
0.000723009281875916
-0.00022960429897410844
0.000635075720566683
-0.00022960429897410844
0.0007669760625305325
2.9311187103077675e-05
0.0006595017098192477
-0.00018563751831949193
0.0005911089399120664
-0.0002344894968246214
0.0006057645334636053
-0.00010258915486077186
0.0005959941377625794
-0.00018563751831949193
0.0007669760625305325
-0.0001270151441133366
0.0006008793356130923
-0.0002442598925256473
0.0005911089399120664
-0.0002540302882266732
0.0007278944797264289
-0.00021006350757205668
0.0005666829506595017
-0.00015144113336590132
0.0006741573033707865
-0.0001612115290669272
0.0005569125549584758
-0.00016609672691744016
0.0004640937957987298
-9.770395701025892e-05
0.0007034684904738642
-0.0001612115290669272
0.0006790425012212994
-0.00015632633121641425
0.0007572056668295066
-6.35075720566683e-05
0.0006204201270151441
-0.00012212994626282364
0.0006839276990718123
-0.00018563751831949193
0.000723009281875916
-0.0001270151441133366
0.000625305324865657
-0.0001172447484123107
0.0005959941377625794
-0.00013190034196384952
0.0006399609184171959
-0.00016609672691744016
0.0005617977528089887
-0.00020517830972154372
0.00063019052271617
-0.0002784562774792379
0.00045432340009770396
-0.0002149487054225696
0.0007083536883243771
-0.0001074743527112848
0.0006448461162677088
-0.00030288226673180264
0.0004982901807523204
-0.00021006350757205668
0.0006497313141182217
-0.00015144113336590132
0.0006106497313141182
-0.0002882266731802638
0.0006595017098192477
-0.0001074743527112848
0.0006741573033707865
-0.00026380068392769905
0.000635075720566683
-0.0002979970688812897
0.0007278944797264289
-8.793356130923302e-05
0.0005959941377625794
-0.00029311187103077673
0.0006057645334636053
-0.00032730825598436733
0.0006497313141182217
-0.00033707865168539324
0.000635075720566683
-0.00021983390327308256
0.0005813385442110405
-0.00033707865168539324
0.0005911089399120664
-0.0003175378602833415
0.0005959941377625794
-0.00021006350757205668
0.0007474352711284806
-0.00027357107962872496
0.0006790425012212994
-0.00019052271617000488
0.0004934049829018075
-0.0003224230581338544
0.0007034684904738642
-0.0002589154860771861
0.0005813385442110405
-0.000180752320468979
0.0005813385442110405
-0.00032730825598436733
0.0005862237420615535
-0.00028334147532975087
0.000723009281875916
-0.00013190034196384952
0.0006790425012212994
-0.00016609672691744016
0.0006448461162677088
-0.00022960429897410844
0.0005276013678553981
-0.0002882266731802638
0.0005862237420615535
-4.396678065461651e-05
0.0006790425012212994
-0.00016609672691744016
0.0006985832926233512
-0.00013678553981436248
0.0005911089399120664
-0.0002491450903761602
0.0005569125549584758
-0.00019052271617000488
0.0005911089399120664
-0.0003321934538348803
0.0008500244259892526
-0.0001270151441133366
0.0007767464582315583
-0.0001709819247679531
0.0007034684904738642
-0.00028334147532975087
0.0006448461162677088
-0.0002540302882266732
0.00063019052271617
-0.0002491450903761602
0.0005031753786028333
-0.00020029311187103076
0.0006008793356130923
-0.00026868588177821203
0.000723009281875916
-0.00019540791402051784
0.0006106497313141182
-0.00040058622374206153
0.0005764533463605276
-0.00029311187103077673
0.0005080605764533464
-0.0002882266731802638
0.000723009281875916
-0.0002784562774792379
0.0006790425012212994
-0.00033707865168539324
0.0007034684904738642
-0.0003419638495359062
0.0008500244259892526
-0.0002589154860771861
0.0006057645334636053
-0.0003321934538348803
0.0007474352711284806
-0.00030776746458231557
0.0005813385442110405
-0.0002442598925256473
0.0006546165119687347
-0.00027357107962872496
0.0007034684904738642
-0.00026868588177821203
0.0007376648754274548
-0.00021983390327308256
0.0005862237420615535
-0.0001709819247679531
0.0006008793356130923
-0.0001172447484123107
0.0006741573033707865
-0.00023937469467513433
0.0006595017098192477
-0.00012212994626282364
0.0005813385442110405
-0.00026868588177821203
0.0007669760625305325
-0.00030288226673180264
0.0007278944797264289
-0.0001612115290669272
0.0007572056668295066
-0.0003175378602833415
0.00048363458720078164
-0.0002979970688812897
0.0005715681485100147
-0.0001612115290669272
0.0007181240840254031
-0.0002247191011235955
0.0006595017098192477
-0.000180752320468979
0.000542256961406937
-0.00026868588177821203
0.00047874938935026865
-0.00015144113336590132
0.000542256961406937
-7.816316560820712e-05
0.0006497313141182217
-0.0002882266731802638
0.0005129457743038593
-0.00011235955056179774
0.00063019052271617
-0.0001709819247679531
0.0006839276990718123
6.35075720566683e-05
0.0006204201270151441
-0.00021983390327308256
0.0007669760625305325
-0.0001270151441133366
0.0007816316560820713
-0.00020029311187103076
0.00071323888617489
-0.00013190034196384952
0.0008011724474841231
-0.00030776746458231557
0.0005715681485100147
-0.00019052271617000488
0.0006888128969223254
-0.00028334147532975087
0.0006008793356130923
-0.0003175378602833415
0.0006106497313141182
-0.0002149487054225696
0.0007474352711284806
-0.00019052271617000488
0.0006399609184171959
-0.00028334147532975087
0.0005959941377625794
-0.0002442598925256473
0.000723009281875916
-0.00015632633121641425
0.000449438202247191
-0.0002784562774792379
0.0005715681485100147
-0.00020029311187103076
0.0007718612603810454
-0.0002442598925256473
0.0006936980947728383
-0.0002247191011235955
0.0006741573033707865
-9.281875915974596e-05
0.0007474352711284806
-0.0003517342452369321
0.0007962872496336101
-0.00018563751831949193
0.0006448461162677088
-0.00019540791402051784
0.0006155349291646311
-0.0002882266731802638
0.0007523204689789937
-0.0002491450903761602
0.000815828041035662
-0.0003957010258915486
0.0006790425012212994
-0.0002979970688812897
0.000542256961406937
-0.00020517830972154372
0.0008353688324377137
-0.00022960429897410844
0.0007425500732779677
-0.0002442598925256473
0.0008255984367366878
-0.00016609672691744016
0.0007572056668295066
-0.00021006350757205668
0.0006155349291646311
-0.0001270151441133366
0.0006008793356130923
-0.0001172447484123107
0.000810942843185149
-5.862237420615535e-05
0.0007083536883243771
-0.00012212994626282364
0.0008207132388861749
-0.00021006350757205668
0.0006643869076697606
-0.00018563751831949193
0.0007278944797264289
-0.00012212994626282364
0.0007767464582315583
-7.327796775769418e-05
0.000542256961406937
-0.0002442598925256473
0.0004689789936492428
-9.77039570102589e-06
0.0007425500732779677
-0.0002149487054225696
0.0007572056668295066
-0.00022960429897410844
0.00047874938935026865
-0.0002344894968246214
0.0005715681485100147
-0.00028334147532975087
0.0006057645334636053
-0.0003224230581338544
0.0004396678065461651
-0.00026868588177821203
0.0007718612603810454
-0.00023937469467513433
0.0005520273571079628
-0.00026868588177821203
0.0006106497313141182
-0.00034684904738641916
0.0006741573033707865
-0.0003321934538348803
0.0003859306301905227
-0.0001709819247679531
0.0006204201270151441
-0.00026868588177821203
0.0007669760625305325
-0.00037616023448949683
0.0005617977528089887
-0.0002979970688812897
0.0006741573033707865
-0.00020029311187103076
0.0007572056668295066
-0.0003517342452369321
0.0005862237420615535
-0.00017586712261846604
0.0008402540302882267
-0.00019540791402051784
0.0008207132388861749
-0.00037616023448949683
0.000723009281875916
-0.0002247191011235955
0.0004689789936492428
-0.00033707865168539324
0.0005031753786028333
-0.00014655593551538836
0.0005911089399120664
-0.00032730825598436733
0.00063019052271617
-0.0002491450903761602
0.0005666829506595017
-0.00037616023448949683
0.00063019052271617
-0.0002149487054225696
0.0007181240840254031
-0.00033707865168539324
0.0007278944797264289
-0.0003419638495359062
0.0005129457743038593
-0.00019052271617000488
0.0005471421592574499
-0.00028334147532975087
0.0006399609184171959
-0.00026380068392769905
0.0006643869076697606
-0.0001709819247679531
0.00071323888617489
-0.0002979970688812897
0.000625305324865657
-0.00022960429897410844
0.0007572056668295066
-9.281875915974596e-05
0.000449438202247191
-0.0001612115290669272
0.0006448461162677088
-0.00028334147532975087
0.0007914020517830972
-7.327796775769418e-05
0.00071323888617489
-0.0002491450903761602
0.0006399609184171959
-0.00026868588177821203
0.000625305324865657
-0.00030776746458231557
0.0006595017098192477
-0.00033707865168539324
0.0005813385442110405
-0.00015144113336590132
0.0004885197850512946
-0.0002149487054225696
0.0007718612603810454
-0.00021006350757205668
0.0005178309721543722
-0.00021006350757205668
0.0005227161700048852
-0.0002247191011235955
0.0007083536883243771
-0.0002247191011235955
0.0006399609184171959
-0.0002589154860771861
0.0005959941377625794
-0.00019052271617000488
0.0004982901807523204
-0.0002589154860771861
0.0004934049829018075
-0.0002589154860771861
0.0005617977528089887
-0.00013678553981436248
0.0005666829506595017
-0.00019052271617000488
0.0006888128969223254
-0.000361504640937958
0.0005959941377625794
-0.00022960429897410844
0.0006888128969223254
-0.00030288226673180264
0.0005617977528089887
-0.0002344894968246214
0.000532486565705911
-0.00015632633121641425
0.0005080605764533464
-0.00015632633121641425
0.0007034684904738642
-0.00017586712261846604
0.000723009281875916
-0.00021983390327308256
0.0007278944797264289
-0.00021983390327308256
0.0006888128969223254
-0.00019052271617000488
0.0006204201270151441
-0.00040058622374206153
0.0006985832926233512
-0.00010258915486077186
0.0006741573033707865
-0.00021006350757205668
0.000815828041035662
-0.00023937469467513433
0.0006888128969223254
-0.00030776746458231557
0.000635075720566683
-0.0002442598925256473
0.0006008793356130923
-0.00023937469467513433
0.0008695652173913043
-0.00022960429897410844
0.0006643869076697606
-3.908158280410356e-05
0.0006643869076697606
-2.9311187103077675e-05
0.0007425500732779677
-0.00017586712261846604
0.0005813385442110405
-0.00011235955056179774
0.0006741573033707865
-0.0002247191011235955
0.0006936980947728383
-0.00021006350757205668
0.0007669760625305325
-0.00013190034196384952
0.0006888128969223254
-0.00014655593551538836
0.0008207132388861749
-0.00021983390327308256
0.0006106497313141182
-0.00019052271617000488
0.0006790425012212994
-0.00019052271617000488
0.0006643869076697606
-0.00015144113336590132
0.0007669760625305325
-0.00023937469467513433
0.0006399609184171959
-0.0001612115290669272
0.0005520273571079628
-0.00026380068392769905
0.0006057645334636053
-0.00021983390327308256
0.0005715681485100147
-0.00026380068392769905
0.0008402540302882267
-0.00021983390327308256
0.0005227161700048852
-0.0001172447484123107
0.0006643869076697606
-0.00021983390327308256
0.0006643869076697606
-0.00018563751831949193
0.0007376648754274548
-0.00021006350757205668
0.0007474352711284806
-0.00021006350757205668
0.0007572056668295066
-0.00021983390327308256
0.0005911089399120664
-0.0001612115290669272
0.0006008793356130923
-0.0001074743527112848
0.0005520273571079628
-0.00017586712261846604
0.0006643869076697606
-0.00026380068392769905
0.000542256961406937
-0.00015632633121641425
0.0006497313141182217
-0.00020517830972154372
0.0007327796775769418
-0.0001270151441133366
0.0007523204689789937
-0.00019540791402051784
0.00063019052271617
-0.00026868588177821203
0.0005520273571079628
-0.0002540302882266732
0.0006448461162677088
-0.00027357107962872496
0.000723009281875916
-0.00017586712261846604
0.0007865168539325843
-0.00018563751831949193
0.0006155349291646311
-0.00028334147532975087
0.0007327796775769418
-0.00030288226673180264
0.0006692721055202736
-0.00018563751831949193
0.0006643869076697606
-0.000180752320468979
0.0006497313141182217
-0.00011235955056179774
0.0007962872496336101
-0.00011235955056179774
0.0006692721055202736
-0.00020517830972154372
0.0007523204689789937
-0.0003126526624328285
0.0006106497313141182
-0.00014167073766487544
0.0005617977528089887
-0.00019540791402051784
0.0005813385442110405
-0.00015144113336590132
0.0006888128969223254
-0.00021006350757205668
0.0008207132388861749
-0.00017586712261846604
0.0005080605764533464
-0.00019540791402051784
0.0006497313141182217
-2.9311187103077675e-05
0.0004885197850512946
-0.0002589154860771861
0.0006790425012212994
-0.0003517342452369321
0.00048363458720078164
-0.0003517342452369321
0.00071323888617489
-0.00037616023448949683
0.00041035661944308744
-0.0002589154860771861
0.0006448461162677088
-0.00017586712261846604
0.000542256961406937
-0.00015144113336590132
0.0006106497313141182
-0.00028334147532975087
0.0005764533463605276
-0.0002589154860771861
0.0006985832926233512
-0.00019052271617000488
0.00048363458720078164
-0.00020517830972154372
0.0004934049829018075
-0.0002247191011235955
0.00063019052271617
-0.00015144113336590132
0.0005666829506595017
-0.00016609672691744016
0.0006643869076697606
-0.0002247191011235955
0.0006204201270151441
-0.00019052271617000488
0.0004885197850512946
-0.00022960429897410844
0.0006106497313141182
-0.0002784562774792379
0.00071323888617489
-0.00020517830972154372
0.0007034684904738642
-0.0003175378602833415
0.0005813385442110405
-0.0002540302882266732
0.0004592085979482169
-0.00022960429897410844
0.000723009281875916
-0.00014167073766487544
0.0007767464582315583
-0.0002979970688812897
0.0006497313141182217
-0.0002247191011235955
0.0005666829506595017
-0.0004592085979482169
0.0006106497313141182
-0.0003126526624328285
0.00063019052271617
-0.0002247191011235955
0.0006888128969223254
-0.00015632633121641425
0.0007181240840254031
-0.00020029311187103076
0.0005862237420615535
-0.0002882266731802638
0.0005911089399120664
-0.0002491450903761602
0.0006106497313141182
-0.00022960429897410844
0.000986809965803615
-0.00020517830972154372
0.0005764533463605276
-0.00033707865168539324
0.0009086468001954079
-0.0001172447484123107
0.0006790425012212994
-0.00013678553981436248
0.0007278944797264289
-0.00014655593551538836
0.0008304836345872007
-0.00023937469467513433
0.0006497313141182217
-0.00014167073766487544
0.00048363458720078164
-0.000361504640937958
0.000532486565705911
-0.0002589154860771861
0.0007572056668295066
-0.0003663898387884709
0.0008500244259892526
-0.00020029311187103076
0.0007083536883243771
-7.327796775769418e-05
0.0005959941377625794
-0.00032730825598436733
0.0005178309721543722
-0.00015144113336590132
0.0006790425012212994
-0.0002247191011235955
0.0008597948216902784
-0.00030288226673180264
0.0007327796775769418
-3.419638495359062e-05
0.0006741573033707865
-0.0002491450903761602
0.0006790425012212994
-0.00022960429897410844
0.000625305324865657
-0.00018563751831949193
0.0004982901807523204
-0.00019052271617000488
0.0006448461162677088
-0.00012212994626282364
0.0006399609184171959
-0.00029311187103077673
0.00071323888617489
-0.0003663898387884709
0.0007523204689789937
-0.0001074743527112848
0.0006448461162677088
-0.00013190034196384952
0.0007718612603810454
-0.00019052271617000488
0.0006790425012212994
-0.0003175378602833415
0.00063019052271617
-0.0002589154860771861
0.0005862237420615535
-0.0003957010258915486
0.0005862237420615535
-0.00021983390327308256
0.0007083536883243771
-0.0003321934538348803
0.0006741573033707865
-0.000180752320468979
0.0005862237420615535
-0.00033707865168539324
0.0007181240840254031
-0.0002442598925256473
0.0005031753786028333
-0.0001709819247679531
0.0007620908646800195
-0.00041035661944308744
0.0007278944797264289
-0.00021006350757205668
0.0005862237420615535
-0.0003175378602833415
0.000532486565705911
-0.0002979970688812897
0.0006790425012212994
-0.0002784562774792379
0.0006790425012212994
-0.0001270151441133366
0.0005666829506595017
-0.0002589154860771861
0.0005031753786028333
-0.0003517342452369321
0.0007767464582315583
-0.00015144113336590132
0.00063019052271617
-4.885197850512946e-05
0.0007962872496336101
-0.0002491450903761602
0.0007669760625305325
-0.0003224230581338544
0.0006057645334636053
-0.00020517830972154372
0.0005520273571079628
-0.00019540791402051784
0.0006057645334636053
-0.0002149487054225696
0.0006692721055202736
-0.0002784562774792379
0.0006936980947728383
-0.0002149487054225696
0.0006790425012212994
-8.793356130923302e-05
0.0007181240840254031
-0.0002149487054225696
0.0005520273571079628
-0.00015632633121641425
0.0005715681485100147
-0.00017586712261846604
0.0006741573033707865
-0.00032730825598436733
0.0005666829506595017
-0.00027357107962872496
0.0006155349291646311
-0.0002344894968246214
0.0005911089399120664
-0.00014167073766487544
0.0005666829506595017
-0.00030776746458231557
0.0006448461162677088
-0.00011235955056179774
0.0005373717635564241
-0.00021983390327308256
0.000532486565705911
-0.00019052271617000488
0.0006546165119687347
-0.000180752320468979
0.0005764533463605276
-0.00020517830972154372
0.0006106497313141182
-0.0003175378602833415
0.0005569125549584758
-0.00026380068392769905
0.0005959941377625794
-0.0002491450903761602
0.0007425500732779677
-5.862237420615535e-05
0.0007572056668295066
-0.0002882266731802638
0.0006204201270151441
-0.00020517830972154372
0.00048363458720078164
-0.0001709819247679531
0.0007474352711284806
-0.0002784562774792379
0.0005617977528089887
-0.00022960429897410844
0.00071323888617489
-9.770395701025892e-05
0.0007572056668295066
-0.00021006350757205668
0.000625305324865657
-0.00026380068392769905
0.0006399609184171959
-0.00023937469467513433
0.0005813385442110405
-0.000180752320468979
0.000815828041035662
-0.000356619443087445
0.0006155349291646311
-0.00011235955056179774
0.0006741573033707865
-0.00019540791402051784
0.0007327796775769418
-0.00026380068392769905
0.0007572056668295066
-0.0003517342452369321
0.0007962872496336101
-0.00026380068392769905
0.0005569125549584758
-0.0002540302882266732
0.0007767464582315583
-0.00013678553981436248
0.0006204201270151441
-0.0002540302882266732
0.0005959941377625794
-0.00011235955056179774
0.0006790425012212994
-0.0002540302882266732
0.0006497313141182217
-0.0003859306301905227
0.0005471421592574499
-0.0002247191011235955
0.0006155349291646311
-0.0003126526624328285
0.0005813385442110405
-0.00028334147532975087
0.0005080605764533464
-9.770395701025892e-05
0.0006790425012212994
-0.0002442598925256473
0.0007620908646800195
-0.0002589154860771861
0.0007865168539325843
-0.0003175378602833415
0.0005959941377625794
-0.0001612115290669272
0.0006008793356130923
-0.0002491450903761602
0.0006790425012212994
-0.0002247191011235955
0.0008549096238397655
-0.0001074743527112848
0.0007523204689789937
-5.862237420615535e-05
0.0009233023937469467
-0.00016609672691744016
0.0006839276990718123
-0.0002979970688812897
0.0006106497313141182
-0.0002589154860771861
0.000723009281875916
-0.00027357107962872496
0.0006546165119687347
-0.0002344894968246214
0.0005911089399120664
-7.816316560820712e-05
0.0008451392281387396
-0.00018563751831949193
0.0006839276990718123
3.419638495359062e-05
0.0006399609184171959
-0.00018563751831949193
0.0007718612603810454
-0.0003859306301905227
0.0007572056668295066
-0.00026380068392769905
0.0007865168539325843
-0.00014167073766487544
0.0006985832926233512
-0.00034684904738641916
0.0006497313141182217
-0.0002882266731802638
0.0008353688324377137
-0.00042012701514411335
0.0007914020517830972
-0.00019540791402051784
0.000723009281875916
-0.0002882266731802638
0.0005520273571079628
-0.000180752320468979
0.0007181240840254031
-0.00023937469467513433
0.0005764533463605276
-0.00030288226673180264
0.0006155349291646311
-0.000180752320468979
0.0007181240840254031
2.442598925256473e-05
0.0006546165119687347
-0.0002442598925256473
0.0005959941377625794
-0.0002491450903761602
0.0007767464582315583
-0.00026868588177821203
0.0007034684904738642
-0.00016609672691744016
0.000542256961406937
-0.00021006350757205668
0.0007425500732779677
-0.0003224230581338544
0.0005178309721543722
-0.00015144113336590132
0.0005813385442110405
-0.00028334147532975087
0.000723009281875916
-0.0002882266731802638
0.000635075720566683
-0.00028334147532975087
0.0006497313141182217
-0.00015144113336590132
0.0007278944797264289
-0.0002979970688812897
0.0007865168539325843
-0.00038104543234000976
0.0006155349291646311
-5.862237420615535e-05
0.0006204201270151441
-0.00010258915486077186
0.0008451392281387396
-0.00028334147532975087
0.0005959941377625794
-0.0002589154860771861
0.0007083536883243771
-0.0002979970688812897
0.0007376648754274548
-0.0001612115290669272
0.0005911089399120664
-0.0001612115290669272
0.0006204201270151441
-0.00012212994626282364
0.0006204201270151441
-0.00013190034196384952
0.00071323888617489
-0.00022960429897410844
0.0007425500732779677
-0.00020517830972154372
0.0006790425012212994
-0.000356619443087445
0.0006497313141182217
-0.00017586712261846604
0.0005813385442110405
-0.00030776746458231557
0.0007083536883243771
-0.00021006350757205668
0.0006643869076697606
-0.00018563751831949193
0.0005471421592574499
-0.0003224230581338544
0.0006985832926233512
-0.0001270151441133366
0.0009770395701025891
-0.00015632633121641425
0.000810942843185149
-0.0003419638495359062
0.0007376648754274548
-0.00019540791402051784
0.0006008793356130923
-0.0002540302882266732
0.0006790425012212994
-0.0001709819247679531
0.0007181240840254031
-0.00014655593551538836
0.000625305324865657
-0.00026868588177821203
0.0006204201270151441
-0.003917928676111382
-0.012550073277967757
-0.016575476306790425
-0.015622862725940401
-0.01764533463605276
-0.016179775280898877
-0.017254518808011723
-0.016033219345383487
-0.01746458231558378
-0.016199316072300927
-0.01741084513922814
-0.016126038104543234
-0.017650219833903275
-0.01621885686370298
-0.017523204689789938
-0.01622374206155349
-0.017601367855398144
-0.016111382510991694
-0.01752808988764045
-0.016213971665852468
-0.01749877870053737
-0.01628724963361016
-0.017567171470444554
-0.016165119687347337
-0.017659990229604298
-0.016409379579872985
-0.017567171470444554
-0.016375183194919395
-0.0175476306790425
-0.01623351245725452
-0.017420615534929164
-0.016033219345383487
-0.017567171470444554
-0.016209086468001954
-0.017537860283341474
-0.01617000488519785
-0.01761602344894968
-0.016033219345383487
-0.01766487542745481
-0.016082071323888617
-0.017557401074743528
-0.016228627259404004
-0.017620908646800194
-0.016062530532486564
-0.017689301416707378
-0.01625305324865657
-0.017620908646800194
-0.0161895456765999
-0.0176990718124084
-0.016155349291646314
-0.017635564240351734
-0.016130923302393747
-0.01756228627259404
-0.01625305324865657
-0.017591597459697118
-0.016165119687347337
-0.01764533463605276
-0.016160234489496824
-0.01756228627259404
-0.016101612115290667
-0.017655105031753784
-0.016140693698094774
-0.017586712261846604
-0.016326331216414264
-0.017532975085490964
-0.01611626770884221
-0.017586712261846604
-0.01608695652173913
-0.017576941866145578
-0.01622374206155349
-0.01764533463605276
-0.01617000488519785
-0.017361993160723007
-0.01607230092818759
-0.01761602344894968
-0.016145578895945284
-0.01749389350268686
-0.016028334147532974
-0.017684416218856865
-0.016082071323888617
-0.01749389350268686
-0.016126038104543234
-0.017635564240351734
-0.01598925256472887
-0.017620908646800194
-0.016150464093795797
-0.017425500732779677
-0.016179775280898877
-0.017606253053248658
-0.015915974596971177
-0.01772838299951148
-0.01602344894968246
-0.017650219833903275
-0.016297020029311188
-0.017743038593063018
-0.016179775280898877
-0.01746458231558378
-0.016126038104543234
-0.017576941866145578
-0.01612115290669272
-0.01763067904250122
-0.016038104543234
-0.017703957010258915
-0.016257938446507084
-0.0176990718124084
-0.016209086468001954
-0.01759648265754763
-0.01623351245725452
-0.017567171470444554
-0.016077186126038104
-0.017572056668295068
-0.016174890083048364
-0.017620908646800194
-0.01598925256472887
-0.017557401074743528
-0.016008793356130924
-0.017503663898387884
-0.016067415730337077
-0.01751343429408891
-0.016126038104543234
-0.017552515876893014
-0.016140693698094774
-0.017459697117733267
-0.016008793356130924
-0.01761113825109917
-0.01610649731314118
-0.017523204689789938
-0.01613580850024426
-0.017518319491939424
-0.01608695652173913
-0.017537860283341474
-0.016199316072300927
-0.017552515876893014
-0.016047874938935027
-0.01752808988764045
-0.016209086468001954
-0.01763067904250122
-0.01607230092818759
-0.017743038593063018
-0.016209086468001954
-0.017576941866145578
-0.016174890083048364
-0.017489008304836347
-0.016028334147532974
-0.017537860283341474
-0.016248168050806058
-0.017449926722032244
-0.016047874938935027
-0.017420615534929164
-0.015891548607718613
-0.017557401074743528
-0.016228627259404004
-0.017537860283341474
-0.01601856375183195
-0.01752808988764045
-0.01612115290669272
-0.017523204689789938
-0.01620420127015144
-0.017625793844650708
-0.016042989741084514
-0.017454811919882754
-0.016155349291646314
-0.01751343429408891
-0.01607230092818759
-0.017542745481191988
-0.016194430874450418
-0.017542745481191988
-0.016077186126038104
-0.01761113825109917
-0.016062530532486564
-0.01756228627259404
-0.01612115290669272
-0.017586712261846604
-0.016155349291646314
-0.01752808988764045
-0.01610649731314118
-0.017542745481191988
-0.01611626770884221
-0.01758182706399609
-0.01622374206155349
-0.017552515876893014
-0.015857352222765023
-0.0175476306790425
-0.016140693698094774
-0.017449926722032244
-0.016126038104543234
-0.017469467513434294
-0.01605276013678554
-0.017606253053248658
-0.016096726917440157
-0.01752808988764045
-0.016155349291646314
-0.017586712261846604
-0.01605276013678554
-0.017503663898387884
-0.01612115290669272
-0.01764533463605276
-0.016082071323888617
-0.017484123106985834
-0.016160234489496824
-0.01749877870053737
-0.016111382510991694
-0.017537860283341474
-0.015984367366878357
-0.017503663898387884
-0.01623351245725452
-0.017440156326331214
-0.01605276013678554
-0.017489008304836347
-0.015950170981924767
-0.017557401074743528
-0.016057645334636054
-0.01740107474352711
-0.016028334147532974
-0.01751343429408891
-0.016057645334636054
-0.017474352711284807
-0.01598925256472887
-0.01751343429408891
-0.016062530532486564
-0.01738153395212506
-0.015974596971177334
-0.017572056668295068
-0.01605276013678554
-0.01756228627259404
-0.01623839765510503
-0.017469467513434294
-0.016184660478749387
-0.017405959941377627
-0.016228627259404004
-0.01746458231558378
-0.016062530532486564
-0.017523204689789938
-0.01610649731314118
-0.017503663898387884
-0.016145578895945284
-0.017405959941377627
-0.016067415730337077
-0.017557401074743528
-0.016033219345383487
-0.017523204689789938
-0.015959941377625794
-0.017576941866145578
-0.016111382510991694
-0.017518319491939424
-0.016331216414264778
-0.017542745481191988
-0.016042989741084514
-0.01756228627259404
-0.01623839765510503
-0.017405959941377627
-0.016077186126038104
-0.017459697117733267
-0.01617000488519785
-0.017469467513434294
-0.016101612115290667
-0.017454811919882754
-0.016028334147532974
-0.017576941866145578
-0.015940400586223744
-0.01758182706399609
-0.01635075720566683
-0.017625793844650708
-0.016082071323888617
-0.017669760625305325
-0.01611626770884221
-0.017405959941377627
-0.0158866634098681
-0.01759648265754763
-0.016165119687347337
-0.017503663898387884
-0.016033219345383487
-0.017640449438202248
-0.016150464093795797
-0.01749877870053737
-0.016140693698094774
-0.017391304347826087
-0.01600390815828041
-0.017625793844650708
-0.016038104543234
-0.017352222765021984
-0.015950170981924767
-0.017474352711284807
-0.01602344894968246
-0.01756228627259404
-0.016130923302393747
-0.01752808988764045
-0.01607230092818759
-0.017371763556424037
-0.015964826575476307
-0.017454811919882754
-0.016160234489496824
-0.017391304347826087
-0.01612115290669272
-0.017532975085490964
-0.01605276013678554
-0.017361993160723007
-0.016033219345383487
-0.017474352711284807
-0.015945285784074253
-0.017518319491939424
-0.01601856375183195
-0.01751343429408891
-0.015945285784074253
-0.017523204689789938
-0.01623351245725452
-0.017518319491939424
-0.016077186126038104
-0.017523204689789938
-0.016077186126038104
-0.017449926722032244
-0.016062530532486564
-0.017386419149975574
-0.01605276013678554
-0.01743038593063019
-0.016091841719589644
-0.017586712261846604
-0.01602344894968246
-0.017659990229604298
-0.015891548607718613
-0.017523204689789938
-0.016140693698094774
-0.01741573033707865
-0.015945285784074253
-0.017567171470444554
-0.015964826575476307
-0.017567171470444554
-0.016126038104543234
-0.0175476306790425
-0.01596971177332682
-0.017386419149975574
-0.015984367366878357
-0.017484123106985834
-0.01613580850024426
-0.01761602344894968
-0.016057645334636054
-0.01749877870053737
-0.01610649731314118
-0.01756228627259404
-0.016013678553981437
-0.017435271128480704
-0.01610649731314118
-0.017537860283341474
-0.01600390815828041
-0.017552515876893014
-0.016013678553981437
-0.01749877870053737
-0.01605276013678554
-0.017557401074743528
-0.016150464093795797
-0.017489008304836347
-0.016155349291646314
-0.017518319491939424
-0.015930630190522717
-0.017508549096238397
-0.016194430874450418
-0.017586712261846604
-0.016160234489496824
-0.017567171470444554
-0.016013678553981437
-0.017469467513434294
-0.016038104543234
-0.017572056668295068
-0.016091841719589644
-0.017503663898387884
-0.015999022960429897
-0.017459697117733267
-0.015979482169027847
-0.01751343429408891
-0.015940400586223744
-0.01744504152418173
-0.016033219345383487
-0.01761602344894968
-0.01602344894968246
-0.017552515876893014
-0.016150464093795797
-0.01743038593063019
-0.015964826575476307
-0.017391304347826087
-0.016111382510991694
-0.01743038593063019
-0.01601856375183195
-0.01756228627259404
-0.016096726917440157
-0.017532975085490964
-0.016038104543234
-0.01734733756717147
-0.016042989741084514
-0.017508549096238397
-0.015901319003419637
-0.017391304347826087
-0.015950170981924767
-0.017435271128480704
-0.015891548607718613
-0.01749389350268686
-0.016008793356130924
-0.017459697117733267
-0.016126038104543234
-0.017508549096238397
-0.015930630190522717
-0.017308255984367367
-0.016101612115290667
-0.017391304347826087
-0.015964826575476307
-0.017469467513434294
-0.016042989741084514
-0.017537860283341474
-0.016008793356130924
-0.017484123106985834
-0.016062530532486564
-0.017537860283341474
-0.015974596971177334
-0.017474352711284807
-0.01605276013678554
-0.017489008304836347
-0.016077186126038104
-0.017420615534929164
-0.01601856375183195
-0.017601367855398144
-0.01608695652173913
-0.017484123106985834
-0.015911089399120663
-0.017518319491939424
-0.01592085979482169
-0.0175476306790425
-0.016077186126038104
-0.01743038593063019
-0.01605276013678554
-0.017567171470444554
-0.016165119687347337
-0.01741573033707865
-0.01596971177332682
-0.017591597459697118
-0.015979482169027847
-0.017386419149975574
-0.01607230092818759
-0.01751343429408891
-0.01608695652173913
-0.017542745481191988
-0.015930630190522717
-0.017474352711284807
-0.015945285784074253
-0.017508549096238397
-0.016096726917440157
-0.017386419149975574
-0.016091841719589644
-0.017459697117733267
-0.016101612115290667
-0.017459697117733267
-0.01593551538837323
-0.017361993160723007
-0.016140693698094774
-0.01751343429408891
-0.015950170981924767
-0.017552515876893014
-0.015945285784074253
-0.017479237909135317
-0.015891548607718613
-0.017454811919882754
-0.015930630190522717
-0.01749877870053737
-0.01600390815828041
-0.017542745481191988
-0.01580361504640938
-0.0173961895456766
-0.015945285784074253
-0.017484123106985834
-0.01612115290669272
-0.017523204689789938
-0.015940400586223744
-0.017523204689789938
-0.015945285784074253
-0.017518319491939424
-0.015857352222765023
-0.01741084513922814
-0.015950170981924767
-0.017435271128480704
-0.01608695652173913
-0.017537860283341474
-0.015999022960429897
-0.017576941866145578
-0.01585246702491451
-0.017518319491939424
-0.01590620420127015
-0.017469467513434294
-0.016155349291646314
-0.017518319491939424
-0.016038104543234
-0.01749877870053737
-0.01592085979482169
-0.01741084513922814
-0.01596971177332682
-0.01751343429408891
-0.01610649731314118
-0.01749877870053737
-0.01611626770884221
-0.01744504152418173
-0.016057645334636054
-0.01761113825109917
-0.015950170981924767
-0.017435271128480704
-0.01600390815828041
-0.01744504152418173
-0.015940400586223744
-0.01746458231558378
-0.016062530532486564
-0.017523204689789938
-0.01613580850024426
-0.01749389350268686
-0.016067415730337077
-0.017405959941377627
-0.016101612115290667
-0.0175476306790425
-0.016042989741084514
-0.01740107474352711
-0.01610649731314118
-0.017459697117733267
-0.015974596971177334
-0.01740107474352711
-0.015999022960429897
-0.01758182706399609
-0.01590620420127015
-0.017425500732779677
-0.016126038104543234
-0.017635564240351734
-0.015974596971177334
-0.017532975085490964
-0.016077186126038104
-0.017591597459697118
-0.015964826575476307
-0.017376648754274547
-0.016077186126038104
-0.01752808988764045
-0.016067415730337077
-0.017518319491939424
-0.016057645334636054
-0.017479237909135317
-0.016155349291646314
-0.017557401074743528
-0.01598925256472887
-0.01758182706399609
-0.016057645334636054
-0.017435271128480704
-0.016028334147532974
-0.017489008304836347
-0.015945285784074253
-0.01741573033707865
-0.015764533463605276
-0.01749877870053737
-0.015979482169027847
-0.017440156326331214
-0.01612115290669272
-0.017620908646800194
-0.016062530532486564
-0.017449926722032244
-0.01610649731314118
-0.01740107474352711
-0.015959941377625794
-0.01749877870053737
-0.016013678553981437
-0.01741084513922814
-0.01593551538837323
-0.017474352711284807
-0.015950170981924767
-0.017625793844650708
-0.016082071323888617
-0.017537860283341474
-0.01600390815828041
-0.01758182706399609
-0.016179775280898877
-0.017537860283341474
-0.015901319003419637
-0.01741084513922814
-0.015964826575476307
-0.01749877870053737
-0.015984367366878357
-0.017469467513434294
-0.015930630190522717
-0.017435271128480704
-0.015793844650708353
-0.017503663898387884
-0.015959941377625794
-0.01752808988764045
-0.015959941377625794
-0.017474352711284807
-0.016062530532486564
-0.01726428920371275
-0.015896433805569127
-0.017489008304836347
-0.01592085979482169
-0.017454811919882754
-0.015867122618466047
-0.01749389350268686
-0.01598925256472887
-0.0175476306790425
-0.016067415730337077
-0.01741084513922814
-0.015964826575476307
-0.017518319491939424
-0.015925744992672203
-0.01756228627259404
-0.015862237420615533
-0.017552515876893014
-0.01611626770884221
-0.01743038593063019
-0.016028334147532974
-0.01749877870053737
-0.015945285784074253
-0.017537860283341474
-0.015979482169027847
-0.017518319491939424
-0.01602344894968246
-0.017591597459697118
-0.01601856375183195
-0.01761602344894968
-0.016091841719589644
-0.01743038593063019
-0.01587200781631656
-0.017576941866145578
-0.01605276013678554
-0.017474352711284807
-0.016096726917440157
-0.017474352711284807
-0.016033219345383487
-0.017425500732779677
-0.016101612115290667
-0.017405959941377627
-0.015749877870053736
-0.017518319491939424
-0.01596971177332682
-0.017371763556424037
-0.01598925256472887
-0.017484123106985834
-0.016101612115290667
-0.017469467513434294
-0.015915974596971177
-0.01751343429408891
-0.016042989741084514
-0.017503663898387884
-0.015974596971177334
-0.017405959941377627
-0.016096726917440157
-0.017361993160723007
-0.015915974596971177
-0.017474352711284807
-0.016101612115290667
-0.017337567171470444
-0.015901319003419637
-0.017572056668295068
-0.015994137762579384
-0.017352222765021984
-0.016028334147532974
-0.01751343429408891
-0.016038104543234
-0.01749877870053737
-0.015911089399120663
-0.017542745481191988
-0.015945285784074253
-0.0173961895456766
-0.015925744992672203
-0.01743038593063019
-0.01605276013678554
-0.0175476306790425
-0.016155349291646314
-0.017459697117733267
-0.016042989741084514
-0.017322911577918904
-0.015867122618466047
-0.017459697117733267
-0.015950170981924767
-0.017459697117733267
-0.0158866634098681
-0.01744504152418173
-0.01617000488519785
-0.017459697117733267
-0.016067415730337077
-0.01744504152418173
-0.01592085979482169
-0.017449926722032244
-0.015832926233512457
-0.01741573033707865
-0.01590620420127015
-0.01732779677576942
-0.01607230092818759
-0.0173961895456766
-0.016008793356130924
-0.017532975085490964
-0.01587200781631656
-0.01752808988764045
-0.015974596971177334
-0.017440156326331214
-0.015964826575476307
-0.017440156326331214
-0.015940400586223744
-0.01743038593063019
-0.016126038104543234
-0.017469467513434294
-0.015959941377625794
-0.017523204689789938
-0.016057645334636054
-0.017420615534929164
-0.015930630190522717
-0.017552515876893014
-0.015974596971177334
-0.01743038593063019
-0.015793844650708353
-0.017318026380068394
-0.016028334147532974
-0.017454811919882754
-0.015793844650708353
-0.017366878358573524
-0.01613580850024426
-0.017586712261846604
-0.016042989741084514
-0.017425500732779677
-0.016047874938935027
-0.017425500732779677
-0.016033219345383487
-0.017352222765021984
-0.015881778212017587
-0.017318026380068394
-0.016101612115290667
-0.01743038593063019
-0.015940400586223744
-0.017606253053248658
-0.016101612115290667
-0.017454811919882754
-0.016033219345383487
-0.01743038593063019
-0.015940400586223744
-0.017440156326331214
-0.016096726917440157
-0.017440156326331214
-0.01595505617977528
-0.017469467513434294
-0.016077186126038104
-0.017420615534929164
-0.015842696629213483
-0.017420615534929164
-0.015891548607718613
-0.017420615534929164
-0.015984367366878357
-0.017357107962872497
-0.015950170981924767
-0.017454811919882754
-0.016047874938935027
-0.017508549096238397
-0.015959941377625794
-0.017459697117733267
-0.01592085979482169
-0.017249633610161214
-0.016062530532486564
-0.017332681973619934
-0.01593551538837323
-0.017420615534929164
-0.015964826575476307
-0.017508549096238397
-0.01612115290669272
-0.017366878358573524
-0.016028334147532974
-0.017425500732779677
-0.01605276013678554
-0.01749877870053737
-0.016101612115290667
-0.017435271128480704
-0.016042989741084514
-0.0173961895456766
-0.015896433805569127
-0.01741573033707865
-0.015842696629213483
-0.017249633610161214
-0.01585246702491451
-0.017425500732779677
-0.016047874938935027
-0.017371763556424037
-0.015945285784074253
-0.017508549096238397
-0.016082071323888617
-0.01749389350268686
-0.016013678553981437
-0.017425500732779677
-0.015999022960429897
-0.017420615534929164
-0.015779189057156816
-0.017308255984367367
-0.015940400586223744
-0.017435271128480704
-0.01590620420127015
-0.017449926722032244
-0.016008793356130924
-0.017489008304836347
-0.016008793356130924
-0.017332681973619934
-0.015945285784074253
-0.01749877870053737
-0.01617000488519785
-0.01734733756717147
-0.015945285784074253
-0.017440156326331214
-0.01583781143136297
-0.017459697117733267
-0.016042989741084514
-0.017386419149975574
-0.015964826575476307
-0.017440156326331214
-0.015974596971177334
-0.01743038593063019
-0.01600390815828041
-0.0175476306790425
-0.015979482169027847
-0.017337567171470444
-0.015964826575476307
-0.01749389350268686
-0.016155349291646314
-0.01740107474352711
-0.015959941377625794
-0.017366878358573524
-0.01595505617977528
-0.017523204689789938
-0.01585246702491451
-0.017269174401563264
-0.016111382510991694
-0.01741084513922814
-0.01578895945285784
-0.01749389350268686
-0.01590620420127015
-0.017386419149975574
-0.015979482169027847
-0.017523204689789938
-0.016008793356130924
-0.0173961895456766
-0.015974596971177334
-0.017386419149975574
-0.015930630190522717
-0.0172838299951148
-0.01592085979482169
-0.017420615534929164
-0.015862237420615533
-0.017308255984367367
-0.015896433805569127
-0.01744504152418173
-0.01612115290669272
-0.01749389350268686
-0.01600390815828041
-0.017449926722032244
-0.015974596971177334
-0.01740107474352711
-0.015896433805569127
-0.017454811919882754
-0.015979482169027847
-0.0172838299951148
-0.015832926233512457
-0.017332681973619934
-0.015994137762579384
-0.01749877870053737
-0.015891548607718613
-0.017405959941377627
-0.0158866634098681
-0.017449926722032244
-0.016033219345383487
-0.01749877870053737
-0.01602344894968246
-0.017508549096238397
-0.015999022960429897
-0.01749389350268686
-0.015891548607718613
-0.017386419149975574
-0.015881778212017587
-0.0173961895456766
-0.015959941377625794
-0.017479237909135317
-0.01602344894968246
-0.01743038593063019
-0.015857352222765023
-0.01749389350268686
-0.015828041035661943
-0.017391304347826087
-0.01623351245725452
-0.017489008304836347
-0.016101612115290667
-0.017357107962872497
-0.015940400586223744
-0.017259404005862237
-0.01590620420127015
-0.017503663898387884
-0.01620420127015144
-0.017371763556424037
-0.016013678553981437
-0.017474352711284807
-0.015764533463605276
-0.017191011235955057
-0.015896433805569127
-0.017479237909135317
-0.016028334147532974
-0.017425500732779677
-0.01602344894968246
-0.0173961895456766
-0.016047874938935027
-0.017420615534929164
-0.015911089399120663
-0.017449926722032244
-0.015984367366878357
-0.017459697117733267
-0.01611626770884221
-0.01738153395212506
-0.01590620420127015
-0.017489008304836347
-0.01590620420127015
-0.017552515876893014
-0.016008793356130924
-0.017405959941377627
-0.016126038104543234
-0.017440156326331214
-0.016126038104543234
-0.0175476306790425
-0.016077186126038104
-0.01743038593063019
-0.01601856375183195
-0.017435271128480704
-0.016033219345383487
-0.017337567171470444
-0.01598925256472887
-0.017440156326331214
-0.015940400586223744
-0.017391304347826087
-0.01608695652173913
-0.017332681973619934
-0.015979482169027847
-0.017405959941377627
-0.015891548607718613
-0.017420615534929164
-0.015901319003419637
-0.017420615534929164
-0.016179775280898877
-0.01756228627259404
-0.016047874938935027
-0.01738153395212506
-0.015857352222765023
-0.01746458231558378
-0.01580361504640938
-0.017474352711284807
-0.015915974596971177
-0.017376648754274547
-0.015862237420615533
-0.017386419149975574
-0.01607230092818759
-0.0173961895456766
-0.016101612115290667
-0.01741573033707865
-0.015925744992672203
-0.017376648754274547
-0.015964826575476307
-0.017601367855398144
-0.01611626770884221
-0.01740107474352711
-0.01600390815828041
-0.017508549096238397
-0.015891548607718613
-0.01741084513922814
-0.016067415730337077
-0.017454811919882754
-0.016038104543234
-0.017591597459697118
-0.016184660478749387
-0.017391304347826087
-0.015984367366878357
-0.017474352711284807
-0.015911089399120663
-0.017503663898387884
-0.016013678553981437
-0.017420615534929164
-0.01596971177332682
-0.017532975085490964
-0.01590620420127015
-0.01734733756717147
-0.01602344894968246
-0.017469467513434294
-0.015984367366878357
-0.017459697117733267
-0.015979482169027847
-0.017532975085490964
-0.016077186126038104
-0.017420615534929164
-0.0158866634098681
-0.017361993160723007
-0.01587200781631656
-0.017518319491939424
-0.01602344894968246
-0.017357107962872497
-0.015915974596971177
-0.01741573033707865
-0.016033219345383487
-0.017537860283341474
-0.015881778212017587
-0.017508549096238397
-0.016179775280898877
-0.017440156326331214
-0.016008793356130924
-0.01741573033707865
-0.015984367366878357
-0.017303370786516854
-0.015974596971177334
-0.017420615534929164
-0.015842696629213483
-0.017503663898387884
-0.015764533463605276
-0.017405959941377627
-0.015964826575476307
-0.01744504152418173
-0.015950170981924767
-0.0173961895456766
-0.016028334147532974
-0.017361993160723007
-0.015911089399120663
-0.01743038593063019
-0.015925744992672203
-0.01743038593063019
-0.016042989741084514
-0.017420615534929164
-0.015915974596971177
-0.017376648754274547
-0.01601856375183195
-0.017425500732779677
-0.01595505617977528
-0.017474352711284807
-0.016140693698094774
-0.01734733756717147
-0.015828041035661943
-0.017435271128480704
-0.01593551538837323
-0.01740107474352711
-0.015915974596971177
-0.017557401074743528
-0.016047874938935027
-0.01741084513922814
-0.0161895456765999
-0.01751343429408891
-0.016047874938935027
-0.01743038593063019
-0.01596971177332682
-0.017371763556424037
-0.015950170981924767
-0.017361993160723007
-0.015994137762579384
-0.017484123106985834
-0.015959941377625794
-0.017318026380068394
-0.015940400586223744
-0.017342452369320957
-0.01576941866145579
-0.017332681973619934
-0.015930630190522717
-0.017361993160723007
-0.015999022960429897
-0.017405959941377627
-0.016140693698094774
-0.017440156326331214
-0.016033219345383487
-0.01743038593063019
-0.016047874938935027
-0.017449926722032244
-0.015891548607718613
-0.01751343429408891
-0.015876893014167073
-0.017489008304836347
-0.015979482169027847
-0.01749389350268686
-0.016047874938935027
-0.017440156326331214
-0.016013678553981437
-0.017288715192965317
-0.016077186126038104
-0.01731314118221788
-0.015925744992672203
-0.017459697117733267
-0.015911089399120663
-0.01741573033707865
-0.015891548607718613
-0.01731314118221788
-0.01590620420127015
-0.017449926722032244
-0.01590620420127015
-0.01743038593063019
-0.016033219345383487
-0.01741084513922814
-0.016091841719589644
-0.01746458231558378
-0.01593551538837323
-0.017479237909135317
-0.01581827063996092
-0.017269174401563264
-0.01595505617977528
-0.01743038593063019
-0.015950170981924767
-0.017484123106985834
-0.016199316072300927
-0.017489008304836347
-0.015959941377625794
-0.01741084513922814
-0.01593551538837323
-0.017435271128480704
-0.015984367366878357
-0.017503663898387884
-0.015915974596971177
-0.01741084513922814
-0.01593551538837323
-0.017440156326331214
-0.015994137762579384
-0.01741084513922814
-0.015925744992672203
-0.01743038593063019
-0.015974596971177334
-0.017425500732779677
-0.016155349291646314
-0.017391304347826087
-0.016038104543234
-0.017567171470444554
-0.015940400586223744
-0.017337567171470444
-0.015901319003419637
-0.01740107474352711
-0.015984367366878357
-0.017376648754274547
-0.015808500244259893
-0.017376648754274547
-0.016130923302393747
-0.017454811919882754
-0.01607230092818759
-0.01741084513922814
-0.015915974596971177
-0.01746458231558378
-0.015964826575476307
-0.01744504152418173
-0.01600390815828041
-0.01740107474352711
-0.016140693698094774
-0.01743038593063019
-0.01593551538837323
-0.017322911577918904
-0.016057645334636054
-0.017244748412310697
-0.015974596971177334
-0.01743038593063019
-0.016047874938935027
-0.017557401074743528
-0.015964826575476307
-0.017366878358573524
-0.016028334147532974
-0.017420615534929164
-0.015940400586223744
-0.017391304347826087
-0.015828041035661943
-0.017508549096238397
-0.01600390815828041
-0.017239863214460183
-0.015950170981924767
-0.01720078163165608
-0.016033219345383487
-0.017342452369320957
-0.015974596971177334
-0.01729848558866634
-0.015984367366878357
-0.017357107962872497
-0.015930630190522717
-0.017332681973619934
-0.01605276013678554
-0.017342452369320957
-0.016038104543234
-0.017361993160723007
-0.0158866634098681
-0.017244748412310697
-0.01602344894968246
-0.0173961895456766
-0.015950170981924767
-0.017376648754274547
-0.01601856375183195
-0.01743038593063019
-0.01583781143136297
-0.01741084513922814
-0.015867122618466047
-0.017449926722032244
-0.015950170981924767
-0.017420615534929164
-0.016096726917440157
-0.01744504152418173
-0.01598925256472887
-0.01740107474352711
-0.01601856375183195
-0.017449926722032244
-0.015950170981924767
-0.017371763556424037
-0.01598925256472887
-0.01740107474352711
-0.015744992672203223
-0.017342452369320957
-0.016077186126038104
-0.01734733756717147
-0.015950170981924767
-0.01732779677576942
-0.015979482169027847
-0.017254518808011723
-0.01593551538837323
-0.0172838299951148
-0.015911089399120663
-0.01721055202735711
-0.015925744992672203
-0.017303370786516854
-0.015793844650708353
-0.017469467513434294
-0.01590620420127015
-0.017371763556424037
-0.015930630190522717
-0.017489008304836347
-0.015940400586223744
-0.017469467513434294
-0.01607230092818759
-0.017318026380068394
-0.015940400586223744
-0.01751343429408891
-0.015915974596971177
-0.017366878358573524
-0.015842696629213483
-0.01734733756717147
-0.015749877870053736
-0.017322911577918904
-0.01602344894968246
-0.017361993160723007
-0.01601856375183195
-0.017357107962872497
-0.015896433805569127
-0.01731314118221788
-0.015930630190522717
-0.01743038593063019
-0.015813385442110407
-0.017435271128480704
-0.015808500244259893
-0.017225207620908647
-0.015974596971177334
-0.017357107962872497
-0.016062530532486564
-0.01741573033707865
-0.01610649731314118
-0.01721055202735711
-0.015867122618466047
-0.017391304347826087
-0.015979482169027847
-0.017405959941377627
-0.01590620420127015
-0.017449926722032244
-0.015798729848558866
-0.01729848558866634
-0.015876893014167073
-0.01746458231558378
-0.015999022960429897
-0.017322911577918904
-0.015964826575476307
-0.01723009281875916
-0.015901319003419637
-0.01746458231558378
-0.01595505617977528
-0.01752808988764045
-0.01605276013678554
-0.017366878358573524
-0.015994137762579384
-0.017449926722032244
-0.016013678553981437
-0.01738153395212506
-0.015847581827063997
-0.017366878358573524
-0.01605276013678554
-0.017459697117733267
-0.01593551538837323
-0.017474352711284807
-0.01596971177332682
-0.017254518808011723
-0.016067415730337077
-0.017361993160723007
-0.015881778212017587
-0.017454811919882754
-0.015867122618466047
-0.017469467513434294
-0.01590620420127015
-0.017357107962872497
-0.016062530532486564
-0.017332681973619934
-0.015930630190522717
-0.017278944797264287
-0.01587200781631656
-0.01749877870053737
-0.01611626770884221
-0.01738153395212506
-0.015911089399120663
-0.01743038593063019
-0.016096726917440157
-0.017366878358573524
-0.016126038104543234
-0.017308255984367367
-0.015984367366878357
-0.01731314118221788
-0.015784074255007326
-0.017449926722032244
-0.016013678553981437
-0.01749389350268686
-0.015930630190522717
-0.017322911577918904
-0.016062530532486564
-0.01743038593063019
-0.015857352222765023
-0.017244748412310697
-0.01592085979482169
-0.017440156326331214
-0.01582315583781143
-0.017459697117733267
-0.01602344894968246
-0.0175476306790425
-0.016038104543234
-0.017469467513434294
-0.015896433805569127
-0.017420615534929164
-0.015984367366878357
-0.01734733756717147
-0.015940400586223744
-0.017386419149975574
-0.015798729848558866
-0.017318026380068394
-0.016047874938935027
-0.017405959941377627
-0.015842696629213483
-0.017371763556424037
-0.01592085979482169
-0.01726428920371275
-0.015876893014167073
-0.017542745481191988
-0.015984367366878357
-0.017337567171470444
-0.01613580850024426
-0.017386419149975574
-0.015759648265754763
-0.01732779677576942
-0.015798729848558866
-0.01741084513922814
-0.016077186126038104
-0.017357107962872497
-0.016042989741084514
-0.017342452369320957
-0.015979482169027847
-0.01743038593063019
-0.015847581827063997
-0.017484123106985834
-0.01601856375183195
-0.017469467513434294
-0.015915974596971177
-0.017274059599413777
-0.016008793356130924
-0.01726428920371275
-0.015842696629213483
-0.017332681973619934
-0.016013678553981437
-0.017405959941377627
-0.01593551538837323
-0.01729360039081583
-0.015915974596971177
-0.017376648754274547
-0.015930630190522717
-0.017337567171470444
-0.015881778212017587
-0.0172838299951148
-0.01595505617977528
-0.017449926722032244
-0.015984367366878357
-0.017322911577918904
-0.01587200781631656
-0.017371763556424037
-0.015950170981924767
-0.01723009281875916
-0.016077186126038104
-0.017352222765021984
-0.016013678553981437
-0.017332681973619934
-0.01601856375183195
-0.017518319491939424
-0.01585246702491451
-0.01732779677576942
-0.015940400586223744
-0.017269174401563264
-0.01612115290669272
-0.017386419149975574
-0.015950170981924767
-0.017342452369320957
-0.015915974596971177
-0.01746458231558378
-0.015959941377625794
-0.01741573033707865
-0.015979482169027847
-0.01738153395212506
-0.01587200781631656
-0.017322911577918904
-0.015901319003419637
-0.01731314118221788
-0.01600390815828041
-0.017361993160723007
-0.015950170981924767
-0.01738153395212506
-0.015950170981924767
-0.017386419149975574
-0.015999022960429897
-0.017489008304836347
-0.015994137762579384
-0.01741573033707865
-0.01600390815828041
-0.017259404005862237
-0.01612115290669272
-0.017640449438202248
-0.01607230092818759
-0.017440156326331214
-0.016042989741084514
-0.01731314118221788
-0.01581827063996092
-0.017523204689789938
-0.01581827063996092
-0.017420615534929164
-0.015994137762579384
-0.017484123106985834
-0.015915974596971177
-0.01731314118221788
-0.015881778212017587
-0.017357107962872497
-0.01580361504640938
-0.01738153395212506
-0.01602344894968246
-0.01732779677576942
-0.015915974596971177
-0.01741084513922814
-0.015842696629213483
-0.017161700048851977
-0.015945285784074253
-0.017376648754274547
-0.01593551538837323
-0.017376648754274547
-0.016033219345383487
-0.017405959941377627
-0.015945285784074253
-0.017303370786516854
-0.015891548607718613
-0.01726428920371275
-0.015930630190522717
-0.0173961895456766
-0.01582315583781143
-0.017332681973619934
-0.015832926233512457
-0.01744504152418173
-0.015891548607718613
-0.017332681973619934
-0.015798729848558866
-0.017454811919882754
-0.01595505617977528
-0.017420615534929164
-0.01587200781631656
-0.017508549096238397
-0.015867122618466047
-0.017357107962872497
-0.016028334147532974
-0.017420615534929164
-0.015832926233512457
-0.01746458231558378
-0.015901319003419637
-0.01741084513922814
-0.015891548607718613
-0.017591597459697118
-0.015950170981924767
-0.017479237909135317
-0.015862237420615533
-0.01746458231558378
-0.01598925256472887
-0.017601367855398144
-0.015798729848558866
-0.017435271128480704
-0.016047874938935027
-0.017503663898387884
-0.01596971177332682
-0.01743038593063019
-0.0158866634098681
-0.01734733756717147
-0.015813385442110407
-0.0175476306790425
-0.01598925256472887
-0.017361993160723007
-0.01592085979482169
-0.017474352711284807
-0.015964826575476307
-0.017303370786516854
-0.015984367366878357
-0.017352222765021984
-0.015749877870053736
-0.017405959941377627
-0.01595505617977528
-0.017308255984367367
-0.01590620420127015
-0.017308255984367367
-0.01587200781631656
-0.01741084513922814
-0.01601856375183195
-0.017469467513434294
-0.016130923302393747
-0.017484123106985834
-0.015940400586223744
-0.01738153395212506
-0.015950170981924767
-0.017537860283341474
-0.015876893014167073
-0.017318026380068394
-0.01593551538837323
-0.017518319491939424
-0.01607230092818759
-0.017420615534929164
-0.015847581827063997
-0.01738153395212506
-0.01585246702491451
-0.017376648754274547
-0.01593551538837323
-0.01741573033707865
-0.016028334147532974
-0.017420615534929164
-0.01601856375183195
-0.01751343429408891
-0.016111382510991694
-0.017405959941377627
-0.01592085979482169
-0.017352222765021984
-0.015891548607718613
-0.017474352711284807
-0.015984367366878357
-0.017572056668295068
-0.015862237420615533
-0.017420615534929164
-0.01600390815828041
-0.01732779677576942
-0.015901319003419637
-0.017332681973619934
-0.01593551538837323
-0.01729360039081583
-0.015950170981924767
-0.01749877870053737
-0.016038104543234
-0.017371763556424037
-0.01593551538837323
-0.017269174401563264
-0.015959941377625794
-0.017391304347826087
-0.01582315583781143
-0.01744504152418173
-0.01598925256472887
-0.017518319491939424
-0.015891548607718613
-0.017371763556424037
-0.016091841719589644
-0.017459697117733267
-0.015832926233512457
-0.017361993160723007
-0.015925744992672203
-0.01749389350268686
-0.015867122618466047
-0.017440156326331214
-0.01585246702491451
-0.017361993160723007
-0.016091841719589644
-0.01731314118221788
-0.015994137762579384
-0.017420615534929164
-0.015779189057156816
-0.017435271128480704
-0.01602344894968246
-0.0173961895456766
-0.016033219345383487
-0.017440156326331214
-0.015945285784074253
-0.01738153395212506
-0.015847581827063997
-0.01732779677576942
-0.01612115290669272
-0.017357107962872497
-0.015999022960429897
-0.017435271128480704
-0.016013678553981437
-0.017361993160723007
-0.015828041035661943
-0.017259404005862237
-0.01600390815828041
-0.017508549096238397
-0.015847581827063997
-0.01729848558866634
-0.01587200781631656
-0.01740107474352711
-0.016013678553981437
-0.017440156326331214
-0.015759648265754763
-0.0173961895456766
-0.015847581827063997
-0.017435271128480704
-0.015896433805569127
-0.017308255984367367
-0.015774303859306303
-0.017386419149975574
-0.01570591108939912
-0.017440156326331214
-0.01596971177332682
-0.017405959941377627
-0.01596971177332682
-0.01741084513922814
-0.015930630190522717
-0.0172838299951148
-0.01580361504640938
-0.01734733756717147
-0.015808500244259893
-0.017449926722032244
-0.015881778212017587
-0.017371763556424037
-0.015891548607718613
-0.01741573033707865
-0.01598925256472887
-0.017518319491939424
-0.01590620420127015
-0.017532975085490964
-0.01598925256472887
-0.017454811919882754
-0.01601856375183195
-0.01729360039081583
-0.01576941866145579
-0.01732779677576942
-0.01605276013678554
-0.017357107962872497
-0.015857352222765023
-0.017386419149975574
-0.01596971177332682
-0.017371763556424037
-0.015950170981924767
-0.0173961895456766
-0.016067415730337077
-0.017391304347826087
-0.01602344894968246
-0.017405959941377627
-0.015813385442110407
-0.017332681973619934
-0.015925744992672203
-0.017518319491939424
-0.01593551538837323
-0.01732779677576942
-0.01605276013678554
-0.017352222765021984
-0.015959941377625794
-0.017386419149975574
-0.015915974596971177
-0.01751343429408891
-0.015959941377625794
-0.01741084513922814
-0.015984367366878357
-0.017420615534929164
-0.01582315583781143
-0.01759648265754763
-0.01581827063996092
-0.017479237909135317
-0.015901319003419637
-0.017278944797264287
-0.015891548607718613
-0.017332681973619934
-0.016033219345383487
-0.017391304347826087
-0.01593551538837323
-0.01752808988764045
-0.015979482169027847
-0.017376648754274547
-0.01605276013678554
-0.01744504152418173
-0.015901319003419637
-0.017376648754274547
-0.016101612115290667
-0.017352222765021984
-0.015945285784074253
-0.017366878358573524
-0.015915974596971177
-0.017391304347826087
-0.01602344894968246
-0.017376648754274547
-0.015774303859306303
-0.017532975085490964
-0.016111382510991694
-0.017425500732779677
-0.015974596971177334
-0.017371763556424037
-0.015740107474352713
-0.017469467513434294
-0.016028334147532974
-0.01734733756717147
-0.0158866634098681
-0.017405959941377627
-0.015881778212017587
-0.01741573033707865
-0.015749877870053736
-0.017435271128480704
-0.015881778212017587
-0.017391304347826087
-0.015994137762579384
-0.017532975085490964
-0.01596971177332682
-0.01756228627259404
-0.015940400586223744
-0.01723009281875916
-0.015974596971177334
-0.017303370786516854
-0.01593551538837323
-0.01741573033707865
-0.0158866634098681
-0.01756228627259404
-0.016038104543234
-0.01726428920371275
-0.016042989741084514
-0.017440156326331214
-0.015964826575476307
-0.017337567171470444
-0.016057645334636054
-0.017357107962872497
-0.015857352222765023
-0.017332681973619934
-0.015779189057156816
-0.017371763556424037
-0.016067415730337077
-0.0173961895456766
-0.0158866634098681
-0.01744504152418173
-0.015901319003419637
-0.017278944797264287
-0.01592085979482169
-0.017459697117733267
-0.015950170981924767
-0.01720078163165608
-0.015959941377625794
-0.017440156326331214
-0.01582315583781143
-0.017225207620908647
-0.01581827063996092
-0.017435271128480704
-0.015896433805569127
-0.017322911577918904
-0.01596971177332682
-0.017391304347826087
-0.016013678553981437
-0.017308255984367367
-0.015857352222765023
-0.01729848558866634
-0.0158866634098681
-0.017308255984367367
-0.0158866634098681
-0.017337567171470444
-0.01568637029799707
-0.017518319491939424
-0.015876893014167073
-0.017337567171470444
-0.01581827063996092
-0.017405959941377627
-0.01587200781631656
-0.017342452369320957
-0.01598925256472887
-0.01741084513922814
-0.01590620420127015
-0.017366878358573524
-0.016047874938935027
-0.017303370786516854
-0.0158866634098681
-0.017337567171470444
-0.015681485100146556
-0.017322911577918904
-0.01610649731314118
-0.0173961895456766
-0.01593551538837323
-0.01734733756717147
-0.01582315583781143
-0.0172838299951148
-0.015828041035661943
-0.01738153395212506
-0.015915974596971177
-0.017357107962872497
-0.01592085979482169
-0.017308255984367367
-0.015857352222765023
-0.01751343429408891
-0.016033219345383487
-0.017405959941377627
-0.015950170981924767
-0.017420615534929164
-0.015945285784074253
-0.017205666829506593
-0.015945285784074253
-0.017361993160723007
-0.01595505617977528
-0.017308255984367367
-0.01595505617977528
-0.01720078163165608
-0.015784074255007326
-0.017366878358573524
-0.016057645334636054
-0.01729360039081583
-0.015901319003419637
-0.017386419149975574
-0.015759648265754763
-0.017405959941377627
-0.015744992672203223
-0.017523204689789938
-0.01581827063996092
-0.017405959941377627
-0.01593551538837323
-0.017288715192965317
-0.015876893014167073
-0.017386419149975574
-0.015940400586223744
-0.017503663898387884
-0.015959941377625794
-0.01734733756717147
-0.015876893014167073
-0.017269174401563264
-0.015832926233512457
-0.017371763556424037
-0.015964826575476307
-0.01744504152418173
-0.015867122618466047
-0.017484123106985834
-0.015945285784074253
-0.01729360039081583
-0.015779189057156816
-0.01741084513922814
-0.01590620420127015
-0.017386419149975574
-0.015959941377625794
-0.017386419149975574
-0.015950170981924767
-0.017332681973619934
-0.016091841719589644
-0.017278944797264287
-0.016028334147532974
-0.017469467513434294
-0.016140693698094774
-0.01732779677576942
-0.016028334147532974
-0.017205666829506593
-0.015881778212017587
-0.017357107962872497
-0.01608695652173913
-0.017425500732779677
-0.015847581827063997
-0.017342452369320957
-0.01580361504640938
-0.017425500732779677
-0.01592085979482169
-0.017532975085490964
-0.015901319003419637
-0.017352222765021984
-0.01598925256472887
-0.017366878358573524
-0.01600390815828041
-0.01734733756717147
-0.015828041035661943
-0.017332681973619934
-0.015857352222765023
-0.017352222765021984
-0.01580361504640938
-0.017371763556424037
-0.015930630190522717
-0.01740107474352711
-0.015964826575476307
-0.01721055202735711
-0.01595505617977528
-0.017474352711284807
-0.015911089399120663
-0.01729848558866634
-0.01593551538837323
-0.017376648754274547
-0.016038104543234
-0.017479237909135317
-0.0158866634098681
-0.01741573033707865
-0.016077186126038104
-0.01729360039081583
-0.01592085979482169
-0.01734733756717147
-0.015784074255007326
-0.017361993160723007
-0.016008793356130924
-0.01740107474352711
-0.015915974596971177
-0.01744504152418173
-0.016062530532486564
-0.017225207620908647
-0.01578895945285784
-0.017376648754274547
-0.015930630190522717
-0.017386419149975574
-0.016077186126038104
-0.017342452369320957
-0.01601856375183195
-0.017337567171470444
-0.015891548607718613
-0.017322911577918904
-0.01610649731314118
-0.01741084513922814
-0.016057645334636054
-0.017376648754274547
-0.015930630190522717
-0.017254518808011723
-0.01593551538837323
-0.01743038593063019
-0.01572056668295066
-0.01741084513922814
-0.016062530532486564
-0.017342452369320957
-0.015798729848558866
-0.017342452369320957
-0.016028334147532974
-0.01729360039081583
-0.016033219345383487
-0.017449926722032244
-0.015930630190522717
-0.017205666829506593
-0.016047874938935027
-0.017308255984367367
-0.015881778212017587
-0.017308255984367367
-0.01593551538837323
-0.01732779677576942
-0.01583781143136297
-0.01738153395212506
-0.0158866634098681
-0.017425500732779677
-0.01593551538837323
-0.017449926722032244
-0.016042989741084514
-0.017278944797264287
-0.015915974596971177
-0.01726428920371275
-0.015759648265754763
-0.017376648754274547
-0.015945285784074253
-0.01741084513922814
-0.015862237420615533
-0.017484123106985834
-0.01601856375183195
-0.017322911577918904
-0.015994137762579384
-0.017220322423058133
-0.016028334147532974
-0.017274059599413777
-0.01596971177332682
-0.01726428920371275
-0.016008793356130924
-0.017269174401563264
-0.016042989741084514
-0.017454811919882754
-0.016013678553981437
-0.017440156326331214
-0.01590620420127015
-0.01734733756717147
-0.01581827063996092
-0.01734733756717147
-0.015876893014167073
-0.01743038593063019
-0.01592085979482169
-0.01749389350268686
-0.016082071323888617
-0.017259404005862237
-0.015994137762579384
-0.017391304347826087
-0.016057645334636054
-0.017274059599413777
-0.015950170981924767
-0.01743038593063019
-0.015915974596971177
-0.017449926722032244
-0.015876893014167073
-0.017440156326331214
-0.015930630190522717
-0.017322911577918904
-0.01592085979482169
-0.01729848558866634
-0.015847581827063997
-0.01744504152418173
-0.015994137762579384
-0.0175476306790425
-0.016028334147532974
-0.01752808988764045
-0.015999022960429897
-0.017425500732779677
-0.015940400586223744
-0.017332681973619934
-0.016008793356130924
-0.017332681973619934
-0.015896433805569127
-0.01740107474352711
-0.01602344894968246
-0.01731314118221788
-0.015994137762579384
-0.017269174401563264
-0.015779189057156816
-0.017376648754274547
-0.015793844650708353
-0.017332681973619934
-0.015930630190522717
-0.017269174401563264
-0.016033219345383487
-0.017366878358573524
-0.0158866634098681
-0.017391304347826087
-0.015959941377625794
-0.017322911577918904
-0.01581827063996092
-0.017361993160723007
-0.015930630190522717
-0.017474352711284807
-0.01590620420127015
-0.017254518808011723
-0.015881778212017587
-0.0173961895456766
-0.01585246702491451
-0.017249633610161214
-0.015876893014167073
-0.017337567171470444
-0.016038104543234
-0.017361993160723007
-0.016082071323888617
-0.017469467513434294
-0.01596971177332682
-0.017425500732779677
-0.015862237420615533
-0.017274059599413777
-0.01598925256472887
-0.01744504152418173
-0.015847581827063997
-0.01734733756717147
-0.01601856375183195
-0.017420615534929164
-0.015857352222765023
-0.017405959941377627
-0.015984367366878357
-0.017220322423058133
-0.015901319003419637
-0.017386419149975574
-0.01583781143136297
-0.017405959941377627
-0.01607230092818759
-0.01719589643380557
-0.01585246702491451
-0.01732779677576942
-0.01582315583781143
-0.017274059599413777
-0.016008793356130924
-0.017469467513434294
-0.015979482169027847
-0.017449926722032244
-0.015945285784074253
-0.017332681973619934
-0.015832926233512457
-0.017459697117733267
-0.015867122618466047
-0.01741573033707865
-0.01590620420127015
-0.017225207620908647
-0.015945285784074253
-0.017322911577918904
-0.01600390815828041
-0.017322911577918904
-0.015891548607718613
-0.017239863214460183
-0.0158866634098681
-0.017361993160723007
-0.015744992672203223
-0.01731314118221788
-0.016042989741084514
-0.017288715192965317
-0.015779189057156816
-0.01734733756717147
-0.016033219345383487
-0.01743038593063019
-0.015774303859306303
-0.01732779677576942
-0.015915974596971177
-0.017386419149975574
-0.015979482169027847
-0.01751343429408891
-0.015984367366878357
-0.0173961895456766
-0.015930630190522717
-0.017337567171470444
-0.015744992672203223
-0.01729360039081583
-0.015984367366878357
-0.01740107474352711
-0.01608695652173913
-0.0172838299951148
-0.015847581827063997
-0.017361993160723007
-0.01595505617977528
-0.017386419149975574
-0.015808500244259893
-0.017337567171470444
-0.015964826575476307
-0.017322911577918904
-0.015813385442110407
-0.01732779677576942
-0.01595505617977528
-0.017352222765021984
-0.015862237420615533
-0.017435271128480704
-0.016033219345383487
-0.01726428920371275
-0.015779189057156816
-0.017357107962872497
-0.015808500244259893
-0.017249633610161214
-0.01595505617977528
-0.017459697117733267
-0.01578895945285784
-0.017254518808011723
-0.015994137762579384
-0.017288715192965317
-0.01590620420127015
-0.017288715192965317
-0.016033219345383487
-0.017474352711284807
-0.015959941377625794
-0.01732779677576942
-0.015896433805569127
-0.017361993160723007
-0.015696140693698096
-0.017435271128480704
-0.01596971177332682
-0.017440156326331214
-0.01587200781631656
-0.0173961895456766
-0.01583781143136297
-0.017366878358573524
-0.015876893014167073
-0.01729848558866634
-0.015925744992672203
-0.017318026380068394
-0.015901319003419637
-0.01746458231558378
-0.015925744992672203
-0.017405959941377627
-0.016047874938935027
-0.017274059599413777
-0.015764533463605276
-0.01746458231558378
-0.015930630190522717
-0.01738153395212506
-0.015979482169027847
-0.017332681973619934
-0.01583781143136297
-0.01729360039081583
-0.0158866634098681
-0.0172838299951148
-0.015793844650708353
-0.01729848558866634
-0.01575476306790425
-0.01714704445530044
-0.015940400586223744
-0.017318026380068394
-0.015764533463605276
-0.017308255984367367
-0.015959941377625794
-0.017308255984367367
-0.015915974596971177
-0.017288715192965317
-0.015832926233512457
-0.017484123106985834
-0.015896433805569127
-0.017405959941377627
-0.015984367366878357
-0.017352222765021984
-0.016033219345383487
-0.0172838299951148
-0.015876893014167073
-0.01740107474352711
-0.015959941377625794
-0.017440156326331214
-0.015828041035661943
-0.017479237909135317
-0.015793844650708353
-0.01731314118221788
-0.015950170981924767
-0.017386419149975574
-0.015784074255007326
-0.017376648754274547
-0.01595505617977528
-0.017220322423058133
-0.015876893014167073
-0.01734733756717147
-0.01578895945285784
-0.01738153395212506
-0.015862237420615533
-0.017376648754274547
-0.015930630190522717
-0.017371763556424037
-0.015793844650708353
-0.017322911577918904
-0.015930630190522717
-0.01732779677576942
-0.015915974596971177
-0.0173961895456766
-0.015901319003419637
-0.01734733756717147
-0.015945285784074253
-0.017220322423058133
-0.01581827063996092
-0.017269174401563264
-0.01600390815828041
-0.01721543722520762
-0.015930630190522717
-0.01741084513922814
-0.01600390815828041
-0.01738153395212506
-0.01565217391304348
-0.017342452369320957
-0.015828041035661943
-0.017479237909135317
-0.016008793356130924
-0.01731314118221788
-0.015896433805569127
-0.01729848558866634
-0.015847581827063997
-0.01731314118221788
-0.01592085979482169
-0.017244748412310697
-0.01598925256472887
-0.017361993160723007
-0.015964826575476307
-0.017366878358573524
-0.015925744992672203
-0.017322911577918904
-0.015857352222765023
-0.01738153395212506
-0.015925744992672203
-0.01741084513922814
-0.01592085979482169
-0.017337567171470444
-0.015930630190522717
-0.01729848558866634
-0.015940400586223744
-0.017420615534929164
-0.016013678553981437
-0.01741084513922814
-0.01596971177332682
-0.017308255984367367
-0.01595505617977528
-0.017205666829506593
-0.015842696629213483
-0.01741573033707865
-0.016130923302393747
-0.017249633610161214
-0.01602344894968246
-0.017342452369320957
-0.015945285784074253
-0.017303370786516854
-0.01581827063996092
-0.017239863214460183
-0.01590620420127015
-0.017391304347826087
-0.015950170981924767
-0.017308255984367367
-0.015911089399120663
-0.01741084513922814
-0.015857352222765023
-0.017435271128480704
-0.015774303859306303
-0.01746458231558378
-0.01587200781631656
-0.017386419149975574
-0.015930630190522717
-0.017249633610161214
-0.016038104543234
-0.017386419149975574
-0.015979482169027847
-0.01752808988764045
-0.015940400586223744
-0.017249633610161214
-0.015999022960429897
-0.017156814851001467
-0.016008793356130924
-0.01744504152418173
-0.01590620420127015
-0.017278944797264287
-0.015999022960429897
-0.017269174401563264
-0.015979482169027847
-0.0172838299951148
-0.015994137762579384
-0.017352222765021984
-0.01592085979482169
-0.0172838299951148
-0.016042989741084514
-0.017376648754274547
-0.015891548607718613
-0.017357107962872497
-0.01570591108939912
-0.01734733756717147
-0.015940400586223744
-0.01731314118221788
-0.015813385442110407
-0.017440156326331214
-0.015945285784074253
-0.017274059599413777
-0.01605276013678554
-0.017322911577918904
-0.015945285784074253
-0.017303370786516854
-0.01608695652173913
-0.017259404005862237
-0.015740107474352713
-0.017503663898387884
-0.01590620420127015
-0.0173961895456766
-0.01595505617977528
-0.01741573033707865
-0.015901319003419637
-0.017371763556424037
-0.015911089399120663
-0.017332681973619934
-0.01601856375183195
-0.01729848558866634
-0.015950170981924767
-0.01741084513922814
-0.01582315583781143
-0.017459697117733267
-0.01598925256472887
-0.017342452369320957
-0.01595505617977528
-0.01741573033707865
-0.015950170981924767
-0.017523204689789938
-0.015999022960429897
-0.017366878358573524
-0.01587200781631656
-0.017318026380068394
-0.01581827063996092
-0.017386419149975574
-0.015959941377625794
-0.017318026380068394
-0.016057645334636054
-0.017288715192965317
-0.016091841719589644
-0.01726428920371275
-0.015828041035661943
-0.01734733756717147
-0.016077186126038104
-0.01738153395212506
-0.015940400586223744
-0.01720078163165608
-0.015881778212017587
-0.017357107962872497
-0.016033219345383487
-0.017366878358573524
-0.016077186126038104
-0.01741084513922814
-0.01578895945285784
-0.017186126038104543
-0.016057645334636054
-0.017244748412310697
-0.015945285784074253
-0.017366878358573524
-0.015950170981924767
-0.017337567171470444
-0.01585246702491451
-0.017205666829506593
-0.01580361504640938
-0.01719589643380557
-0.0158866634098681
-0.01729848558866634
-0.015813385442110407
-0.0172838299951148
-0.015930630190522717
-0.017386419149975574
-0.015798729848558866
-0.0173961895456766
-0.01587200781631656
-0.01734733756717147
-0.016062530532486564
-0.017405959941377627
-0.01582315583781143
-0.01749877870053737
-0.016033219345383487
-0.0173961895456766
-0.015964826575476307
-0.017386419149975574
-0.015857352222765023
-0.017386419149975574
-0.01576941866145579
-0.017518319491939424
-0.016038104543234
-0.017366878358573524
-0.015891548607718613
-0.01723009281875916
-0.015994137762579384
-0.017259404005862237
-0.015857352222765023
-0.017337567171470444
-0.015847581827063997
-0.017234978016609673
-0.015759648265754763
-0.017371763556424037
-0.015940400586223744
-0.017352222765021984
-0.015940400586223744
-0.01741084513922814
-0.015945285784074253
-0.017371763556424037
-0.016160234489496824
-0.017425500732779677
-0.01598925256472887
-0.017391304347826087
-0.01590620420127015
-0.017337567171470444
-0.015911089399120663
-0.01732779677576942
-0.015891548607718613
-0.017308255984367367
-0.015862237420615533
-0.017332681973619934
-0.01593551538837323
-0.017440156326331214
-0.015940400586223744
-0.01729848558866634
-0.016028334147532974
-0.017318026380068394
-0.015964826575476307
-0.017386419149975574
-0.01595505617977528
-0.017386419149975574
-0.015857352222765023
-0.0172838299951148
-0.01596971177332682
-0.017322911577918904
-0.015793844650708353
-0.017420615534929164
-0.015984367366878357
-0.017269174401563264
-0.0158866634098681
-0.017337567171470444
-0.015994137762579384
-0.017352222765021984
-0.015876893014167073
-0.017371763556424037
-0.015867122618466047
-0.017366878358573524
-0.015779189057156816
-0.0173961895456766
-0.015915974596971177
-0.017420615534929164
-0.015984367366878357
-0.017318026380068394
-0.015994137762579384
-0.01738153395212506
-0.015867122618466047
-0.01738153395212506
-0.01592085979482169
-0.017449926722032244
-0.015896433805569127
-0.017425500732779677
-0.015891548607718613
-0.01731314118221788
-0.01596971177332682
-0.01729848558866634
-0.015832926233512457
-0.017332681973619934
-0.015896433805569127
-0.01732779677576942
-0.016077186126038104
-0.01731314118221788
-0.01600390815828041
-0.017391304347826087
-0.01583781143136297
-0.017361993160723007
-0.015911089399120663
-0.017308255984367367
-0.015730337078651686
-0.017352222765021984
-0.015891548607718613
-0.017366878358573524
-0.01585246702491451
-0.0173961895456766
-0.01598925256472887
-0.01716658524670249
-0.015891548607718613
-0.017318026380068394
-0.015876893014167073
-0.01734733756717147
-0.015984367366878357
-0.01756228627259404
-0.015950170981924767
-0.01738153395212506
-0.01622374206155349
-0.017440156326331214
-0.015876893014167073
-0.01744504152418173
-0.01592085979482169
-0.017386419149975574
-0.015911089399120663
-0.01738153395212506
-0.015881778212017587
-0.017357107962872497
-0.015964826575476307
-0.017337567171470444
-0.015828041035661943
-0.01726428920371275
-0.015984367366878357
-0.017322911577918904
-0.01592085979482169
-0.017532975085490964
-0.015930630190522717
-0.01729848558866634
-0.01587200781631656
-0.01723009281875916
-0.01585246702491451
-0.01743038593063019
-0.01570591108939912
-0.017405959941377627
-0.015832926233512457
-0.0173961895456766
-0.015915974596971177
-0.017425500732779677
-0.01587200781631656
-0.017361993160723007
-0.015857352222765023
-0.01741084513922814
-0.01582315583781143
-0.0172838299951148
-0.015779189057156816
-0.017474352711284807
-0.015959941377625794
-0.017459697117733267
-0.015925744992672203
-0.01719589643380557
-0.015891548607718613
-0.017391304347826087
-0.015862237420615533
-0.01741084513922814
-0.015999022960429897
-0.01746458231558378
-0.01595505617977528
-0.01741084513922814
-0.015950170981924767
-0.01729848558866634
-0.015950170981924767
-0.017259404005862237
-0.015994137762579384
-0.017371763556424037
-0.015915974596971177
-0.017225207620908647
-0.015930630190522717
-0.017274059599413777
-0.015881778212017587
-0.01738153395212506
-0.01582315583781143
-0.017259404005862237
-0.015950170981924767
-0.017357107962872497
-0.015896433805569127
-0.017357107962872497
-0.015857352222765023
-0.01741573033707865
-0.015867122618466047
-0.017332681973619934
-0.015798729848558866
-0.017489008304836347
-0.015891548607718613
-0.017220322423058133
-0.015749877870053736
-0.0173961895456766
-0.01602344894968246
-0.01744504152418173
-0.01598925256472887
-0.01749877870053737
-0.015744992672203223
-0.017474352711284807
-0.015945285784074253
-0.017361993160723007
-0.01593551538837323
-0.017254518808011723
-0.015832926233512457
-0.01743038593063019
-0.01607230092818759
-0.017449926722032244
-0.015896433805569127
-0.01743038593063019
-0.015862237420615533
-0.017391304347826087
-0.016042989741084514
-0.01741573033707865
-0.015896433805569127
-0.017269174401563264
-0.015930630190522717
-0.01734733756717147
-0.015950170981924767
-0.017386419149975574
-0.01598925256472887
-0.01731314118221788
-0.015891548607718613
-0.017337567171470444
-0.015994137762579384
-0.01740107474352711
-0.01593551538837323
-0.017274059599413777
-0.01605276013678554
-0.017557401074743528
-0.015832926233512457
-0.01723009281875916
-0.016028334147532974
-0.017220322423058133
-0.015959941377625794
-0.017352222765021984
-0.015876893014167073
-0.017288715192965317
-0.015857352222765023
-0.017342452369320957
-0.015911089399120663
-0.017342452369320957
-0.015999022960429897
-0.017420615534929164
-0.015749877870053736
-0.01738153395212506
-0.01593551538837323
-0.017274059599413777
-0.015925744992672203
-0.01746458231558378
-0.015940400586223744
-0.01751343429408891
-0.01608695652173913
-0.017342452369320957
-0.01592085979482169
-0.017274059599413777
-0.015930630190522717
-0.017361993160723007
-0.015759648265754763
-0.017259404005862237
-0.01585246702491451
-0.017318026380068394
-0.015881778212017587
-0.01734733756717147
-0.015828041035661943
-0.017244748412310697
-0.015881778212017587
-0.017259404005862237
-0.015793844650708353
-0.01726428920371275
-0.01575476306790425
-0.017322911577918904
-0.015959941377625794
-0.017376648754274547
-0.015867122618466047
-0.017259404005862237
-0.015774303859306303
-0.017508549096238397
-0.015784074255007326
-0.017376648754274547
-0.015911089399120663
-0.01721055202735711
-0.015911089399120663
-0.017332681973619934
-0.016028334147532974
-0.017371763556424037
-0.015994137762579384
-0.017386419149975574
-0.01596971177332682
-0.01741573033707865
-0.015891548607718613
-0.017449926722032244
-0.016013678553981437
-0.017376648754274547
-0.015857352222765023
-0.017405959941377627
-0.015930630190522717
-0.017274059599413777
-0.015915974596971177
-0.01740107474352711
-0.015876893014167073
-0.017474352711284807
-0.0157352222765022
-0.0172838299951148
-0.015925744992672203
-0.017405959941377627
-0.015994137762579384
-0.017357107962872497
-0.015959941377625794
-0.017405959941377627
-0.015901319003419637
-0.017366878358573524
-0.01575476306790425
-0.017489008304836347
-0.015847581827063997
-0.017308255984367367
-0.015901319003419637
-0.01729360039081583
-0.015867122618466047
-0.017435271128480704
-0.01580361504640938
-0.01734733756717147
-0.015994137762579384
-0.017386419149975574
-0.015925744992672203
-0.017322911577918904
-0.01600390815828041
-0.017357107962872497
-0.015857352222765023
-0.017503663898387884
-0.015740107474352713
-0.017278944797264287
-0.016096726917440157
-0.017386419149975574
-0.015862237420615533
-0.017239863214460183
-0.01572056668295066
-0.017391304347826087
-0.015832926233512457
-0.017503663898387884
-0.015876893014167073
-0.017352222765021984
-0.01580361504640938
-0.017303370786516854
-0.015867122618466047
-0.017361993160723007
-0.015974596971177334
-0.017322911577918904
-0.01590620420127015
-0.017420615534929164
-0.015862237420615533
-0.017405959941377627
-0.015964826575476307
-0.017337567171470444
-0.015808500244259893
-0.017278944797264287
-0.01617000488519785
-0.017308255984367367
-0.016047874938935027
-0.017440156326331214
-0.015964826575476307
-0.017234978016609673
-0.015784074255007326
-0.017386419149975574
-0.015842696629213483
-0.017332681973619934
-0.01585246702491451
-0.01743038593063019
-0.015896433805569127
-0.017469467513434294
-0.016091841719589644
-0.01744504152418173
-0.015999022960429897
-0.017386419149975574
-0.015842696629213483
-0.01749389350268686
-0.015974596971177334
-0.01741084513922814
-0.016038104543234
-0.017459697117733267
-0.015974596971177334
-0.017249633610161214
-0.015925744992672203
-0.017357107962872497
-0.01581827063996092
-0.01746458231558378
-0.016047874938935027
-0.017254518808011723
-0.015959941377625794
-0.017361993160723007
-0.015730337078651686
-0.01729848558866634
-0.015911089399120663
-0.017259404005862237
-0.01592085979482169
-0.017288715192965317
-0.01593551538837323
-0.017405959941377627
-0.016038104543234
-0.017274059599413777
-0.01580361504640938
-0.017537860283341474
-0.015828041035661943
-0.01729848558866634
-0.01592085979482169
-0.017274059599413777
-0.01611626770884221
-0.017308255984367367
-0.015901319003419637
-0.017337567171470444
-0.015710796287249633
-0.017337567171470444
-0.015744992672203223
-0.017318026380068394
-0.015911089399120663
-0.017337567171470444
-0.016062530532486564
-0.0173961895456766
-0.016033219345383487
-0.017479237909135317
-0.015798729848558866
-0.017318026380068394
-0.015759648265754763
-0.017254518808011723
-0.01576941866145579
-0.017342452369320957
-0.015974596971177334
-0.017288715192965317
-0.015847581827063997
-0.01740107474352711
-0.01578895945285784
-0.01719589643380557
-0.0157352222765022
-0.01743038593063019
-0.01580361504640938
-0.017322911577918904
-0.015925744992672203
-0.017454811919882754
-0.015896433805569127
-0.017342452369320957
-0.01575476306790425
-0.0172838299951148
-0.015881778212017587
-0.01738153395212506
-0.015911089399120663
-0.01741084513922814
-0.015828041035661943
-0.01741573033707865
-0.01581827063996092
-0.017405959941377627
-0.015867122618466047
-0.017386419149975574
-0.016062530532486564
-0.017342452369320957
-0.015779189057156816
-0.017259404005862237
-0.015999022960429897
-0.01734733756717147
-0.015896433805569127
-0.01731314118221788
-0.01598925256472887
-0.017342452369320957
-0.01583781143136297
-0.01729360039081583
-0.015881778212017587
-0.017332681973619934
-0.016028334147532974
-0.017249633610161214
-0.016057645334636054
-0.017318026380068394
-0.015940400586223744
-0.017435271128480704
-0.015857352222765023
-0.017420615534929164
-0.01590620420127015
-0.017440156326331214
-0.01596971177332682
-0.017239863214460183
-0.015881778212017587
-0.017489008304836347
-0.015876893014167073
-0.017386419149975574
-0.015774303859306303
-0.01734733756717147
-0.015994137762579384
-0.01729848558866634
-0.015828041035661943
-0.017278944797264287
-0.015881778212017587
-0.017440156326331214
-0.016033219345383487
-0.017357107962872497
-0.015847581827063997
-0.01741573033707865
-0.016038104543234
-0.017303370786516854
-0.01581827063996092
-0.01743038593063019
-0.015950170981924767
-0.017459697117733267
-0.01587200781631656
-0.01732779677576942
-0.015896433805569127
-0.017303370786516854
-0.01593551538837323
-0.017352222765021984
-0.0158866634098681
-0.017440156326331214
-0.015867122618466047
-0.01740107474352711
-0.015857352222765023
-0.017278944797264287
-0.015842696629213483
-0.017405959941377627
-0.016008793356130924
-0.01743038593063019
-0.015896433805569127
-0.017425500732779677
-0.016042989741084514
-0.017342452369320957
-0.0157352222765022
-0.017391304347826087
-0.016008793356130924
-0.017371763556424037
-0.016028334147532974
-0.01741084513922814
-0.01590620420127015
-0.01726428920371275
-0.015784074255007326
-0.01729360039081583
-0.01612115290669272
-0.017274059599413777
-0.01587200781631656
-0.017318026380068394
-0.015930630190522717
-0.017352222765021984
-0.015915974596971177
-0.017176355642403517
-0.015779189057156816
-0.017420615534929164
-0.015862237420615533
-0.01723009281875916
-0.015896433805569127
-0.01749877870053737
-0.015867122618466047
-0.017489008304836347
-0.015881778212017587
-0.017440156326331214
-0.01602344894968246
-0.01738153395212506
-0.01598925256472887
-0.01740107474352711
-0.016062530532486564
-0.017376648754274547
-0.015974596971177334
-0.01741573033707865
-0.01596971177332682
-0.01731314118221788
-0.015847581827063997
-0.017337567171470444
-0.015832926233512457
-0.0173961895456766
-0.015925744992672203
-0.0173961895456766
-0.015876893014167073
-0.017278944797264287
-0.015876893014167073
-0.01734733756717147
-0.015793844650708353
-0.017425500732779677
-0.015930630190522717
-0.01749389350268686
-0.015994137762579384
-0.01741084513922814
-0.015911089399120663
-0.01734733756717147
-0.015994137762579384
-0.017278944797264287
-0.016042989741084514
-0.017357107962872497
-0.015915974596971177
-0.017371763556424037
-0.015930630190522717
-0.017308255984367367
-0.01590620420127015
-0.017449926722032244
-0.015915974596971177
-0.017259404005862237
-0.015857352222765023
-0.017322911577918904
-0.015950170981924767
-0.017376648754274547
-0.015813385442110407
-0.017337567171470444
-0.01595505617977528
-0.01740107474352711
-0.01598925256472887
-0.01731314118221788
-0.01590620420127015
-0.017371763556424037
-0.016062530532486564
-0.017405959941377627
-0.016047874938935027
-0.0173961895456766
-0.015832926233512457
-0.01731314118221788
-0.01605276013678554
-0.017420615534929164
-0.015876893014167073
-0.017386419149975574
-0.01583781143136297
-0.017435271128480704
-0.015847581827063997
-0.017352222765021984
-0.01592085979482169
-0.017186126038104543
-0.0158866634098681
-0.017474352711284807
-0.015876893014167073
-0.017440156326331214
-0.01596971177332682
-0.017425500732779677
-0.015842696629213483
-0.01741084513922814
-0.016062530532486564
-0.017352222765021984
-0.015994137762579384
-0.017337567171470444
-0.015842696629213483
-0.01741573033707865
-0.01587200781631656
-0.017337567171470444
-0.015857352222765023
-0.017318026380068394
-0.016047874938935027
-0.01740107474352711
-0.015994137762579384
-0.01731314118221788
-0.01598925256472887
-0.01731314118221788
-0.015940400586223744
-0.01749389350268686
-0.015891548607718613
-0.01729848558866634
-0.015915974596971177
-0.017479237909135317
-0.015891548607718613
-0.017435271128480704
-0.015715681485100146
-0.01740107474352711
-0.0158866634098681
-0.017352222765021984
-0.015876893014167073
-0.017352222765021984
-0.015896433805569127
-0.017391304347826087
-0.015911089399120663
-0.01738153395212506
-0.015857352222765023
-0.017322911577918904
-0.015930630190522717
-0.017254518808011723
-0.015867122618466047
-0.017420615534929164
-0.01602344894968246
-0.0173961895456766
-0.01590620420127015
-0.017459697117733267
-0.015974596971177334
-0.017352222765021984
-0.015876893014167073
-0.01749389350268686
-0.015793844650708353
-0.017523204689789938
-0.016091841719589644
-0.01741573033707865
-0.015808500244259893
-0.017337567171470444
-0.01581827063996092
-0.017269174401563264
-0.015984367366878357
-0.017371763556424037
-0.015994137762579384
-0.017318026380068394
-0.01592085979482169
-0.0173961895456766
-0.015925744992672203
-0.01721543722520762
-0.0158866634098681
-0.01741084513922814
-0.015793844650708353
-0.017342452369320957
-0.015798729848558866
-0.017288715192965317
-0.01590620420127015
-0.017405959941377627
-0.015857352222765023
-0.017342452369320957
-0.01607230092818759
-0.017469467513434294
-0.01590620420127015
-0.017244748412310697
-0.01585246702491451
-0.01734733756717147
-0.01581827063996092
-0.01729848558866634
-0.015974596971177334
-0.017352222765021984
-0.015828041035661943
-0.017405959941377627
-0.015798729848558866
-0.017405959941377627
-0.015915974596971177
-0.01752808988764045
-0.016038104543234
-0.017440156326331214
-0.015857352222765023
-0.017249633610161214
-0.01592085979482169
-0.017318026380068394
-0.015881778212017587
-0.017322911577918904
-0.01592085979482169
-0.017337567171470444
-0.01583781143136297
-0.01731314118221788
-0.0158866634098681
-0.01738153395212506
-0.01583781143136297
-0.017391304347826087
-0.015808500244259893
-0.01732779677576942
-0.01585246702491451
-0.017391304347826087
-0.015862237420615533
-0.0173961895456766
-0.015784074255007326
-0.017420615534929164
-0.01582315583781143
-0.017259404005862237
-0.015930630190522717
-0.01741084513922814
-0.015891548607718613
-0.017405959941377627
-0.015764533463605276
-0.017376648754274547
-0.01596971177332682
-0.017332681973619934
-0.01580361504640938
-0.017484123106985834
-0.015832926233512457
-0.01741573033707865
-0.01593551538837323
-0.01741084513922814
-0.01590620420127015
-0.01734733756717147
-0.01600390815828041
-0.017278944797264287
-0.015979482169027847
-0.01729360039081583
-0.015862237420615533
-0.017376648754274547
-0.015915974596971177
-0.017366878358573524
-0.01595505617977528
-0.017274059599413777
-0.016057645334636054
-0.017332681973619934
-0.0158866634098681
-0.017308255984367367
-0.0158866634098681
-0.017269174401563264
-0.015896433805569127
-0.017371763556424037
-0.015798729848558866
-0.017449926722032244
-0.015979482169027847
-0.017425500732779677
-0.015798729848558866
-0.017440156326331214
-0.015842696629213483
-0.017259404005862237
-0.015862237420615533
-0.01738153395212506
-0.01583781143136297
-0.017234978016609673
-0.01596971177332682
-0.01723009281875916
-0.015964826575476307
-0.017484123106985834
-0.015784074255007326
-0.017391304347826087
-0.015583781143136298
-0.0172838299951148
-0.015847581827063997
-0.017249633610161214
-0.015740107474352713
-0.01734733756717147
-0.015876893014167073
-0.01721055202735711
-0.015940400586223744
-0.01729360039081583
-0.015999022960429897
-0.017440156326331214
-0.015867122618466047
-0.017254518808011723
-0.015867122618466047
-0.017278944797264287
-0.01580361504640938
-0.017440156326331214
-0.015798729848558866
-0.01729848558866634
-0.016101612115290667
-0.017454811919882754
-0.01592085979482169
-0.017342452369320957
-0.015740107474352713
-0.01720078163165608
-0.015847581827063997
-0.017435271128480704
-0.01590620420127015
-0.017254518808011723
-0.015862237420615533
-0.017386419149975574
-0.015999022960429897
-0.017459697117733267
-0.01598925256472887
-0.017137274059599413
-0.015832926233512457
-0.017376648754274547
-0.01582315583781143
-0.017386419149975574
-0.01578895945285784
-0.017332681973619934
-0.015974596971177334
-0.01740107474352711
-0.015828041035661943
-0.017288715192965317
-0.015798729848558866
-0.017322911577918904
-0.01596971177332682
-0.01726428920371275
-0.01575476306790425
-0.017435271128480704
-0.016013678553981437
-0.01738153395212506
-0.015862237420615533
-0.017254518808011723
-0.015813385442110407
-0.017449926722032244
-0.015749877870053736
-0.017337567171470444
-0.015862237420615533
-0.017269174401563264
-0.015832926233512457
-0.017244748412310697
-0.015984367366878357
-0.017352222765021984
-0.01595505617977528
-0.017361993160723007
-0.015881778212017587
-0.017366878358573524
-0.015901319003419637
-0.017308255984367367
-0.01593551538837323
-0.01732779677576942
-0.016057645334636054
-0.017244748412310697
-0.015779189057156816
-0.017371763556424037
-0.015774303859306303
-0.017386419149975574
-0.015940400586223744
-0.01740107474352711
-0.015896433805569127
-0.0172838299951148
-0.015896433805569127
-0.017239863214460183
-0.015715681485100146
-0.017405959941377627
-0.01578895945285784
-0.017386419149975574
-0.015979482169027847
-0.01720078163165608
-0.015979482169027847
-0.017357107962872497
-0.015999022960429897
-0.017191011235955057
-0.015832926233512457
-0.01734733756717147
-0.015842696629213483
-0.01729848558866634
-0.015925744992672203
-0.017332681973619934
-0.01582315583781143
-0.01749877870053737
-0.015740107474352713
-0.017357107962872497
-0.01585246702491451
-0.017440156326331214
-0.01593551538837323
-0.01726428920371275
-0.015847581827063997
-0.017332681973619934
-0.015842696629213483
-0.017318026380068394
-0.015945285784074253
-0.017259404005862237
-0.01592085979482169
-0.017249633610161214
-0.01582315583781143
-0.017337567171470444
-0.015964826575476307
-0.017352222765021984
-0.015945285784074253
-0.017288715192965317
-0.01587200781631656
-0.017342452369320957
-0.015881778212017587
-0.017308255984367367
-0.016028334147532974
-0.017352222765021984
-0.015964826575476307
-0.017376648754274547
-0.015959941377625794
-0.017151929653150953
-0.015784074255007326
-0.017239863214460183
-0.015862237420615533
-0.017361993160723007
-0.015896433805569127
-0.017332681973619934
-0.015945285784074253
-0.017366878358573524
-0.015959941377625794
-0.01721543722520762
-0.015881778212017587
-0.017357107962872497
-0.015867122618466047
-0.01741573033707865
-0.015857352222765023
-0.017259404005862237
-0.015984367366878357
-0.017337567171470444
-0.01598925256472887
-0.017484123106985834
-0.015876893014167073
-0.01721055202735711
-0.0158866634098681
-0.01734733756717147
-0.015994137762579384
-0.017391304347826087
-0.015881778212017587
-0.01734733756717147
-0.015842696629213483
-0.017391304347826087
-0.01608695652173913
-0.017357107962872497
-0.015896433805569127
-0.0173961895456766
-0.015950170981924767
-0.017137274059599413
-0.015930630190522717
-0.01723009281875916
-0.015813385442110407
-0.017332681973619934
-0.01596971177332682
-0.017278944797264287
-0.01582315583781143
-0.017357107962872497
-0.015940400586223744
-0.017425500732779677
-0.015925744992672203
-0.01744504152418173
-0.015832926233512457
-0.017278944797264287
-0.01578895945285784
-0.01729848558866634
-0.015940400586223744
-0.017318026380068394
-0.016042989741084514
-0.0173961895456766
-0.01581827063996092
-0.017469467513434294
-0.015847581827063997
-0.017449926722032244
-0.016082071323888617
-0.01709819247679531
-0.015867122618466047
-0.017269174401563264
-0.01582315583781143
-0.017259404005862237
-0.01575476306790425
-0.01738153395212506
-0.016047874938935027
-0.017371763556424037
-0.015999022960429897
-0.01741084513922814
-0.015725451880801173
-0.017332681973619934
-0.015784074255007326
-0.017435271128480704
-0.016033219345383487
-0.017361993160723007
-0.01607230092818759
-0.017371763556424037
-0.015925744992672203
-0.017366878358573524
-0.01585246702491451
-0.017420615534929164
-0.015999022960429897
-0.017269174401563264
-0.01575476306790425
-0.0175476306790425
-0.015881778212017587
-0.01731314118221788
-0.015847581827063997
-0.017322911577918904
-0.015847581827063997
-0.01721543722520762
-0.015891548607718613
-0.017332681973619934
-0.015862237420615533
-0.017308255984367367
-0.015876893014167073
-0.01738153395212506
-0.01590620420127015
-0.017137274059599413
-0.015759648265754763
-0.01734733756717147
-0.015828041035661943
-0.017308255984367367
-0.01585246702491451
-0.017366878358573524
-0.015730337078651686
-0.017366878358573524
-0.01602344894968246
-0.017371763556424037
-0.015774303859306303
-0.017244748412310697
-0.015876893014167073
-0.01726428920371275
-0.015793844650708353
-0.017332681973619934
-0.015925744992672203
-0.01726428920371275
-0.015876893014167073
-0.017308255984367367
-0.01585246702491451
-0.017332681973619934
-0.016038104543234
-0.017303370786516854
-0.015779189057156816
-0.017371763556424037
-0.01580361504640938
-0.017357107962872497
-0.015959941377625794
-0.017308255984367367
-0.015759648265754763
-0.017391304347826087
-0.015691255495847583
-0.017220322423058133
-0.01598925256472887
-0.01723009281875916
-0.015911089399120663
-0.017234978016609673
-0.01598925256472887
-0.017405959941377627
-0.015832926233512457
-0.01721543722520762
-0.01601856375183195
-0.017288715192965317
-0.015925744992672203
-0.01741573033707865
-0.015808500244259893
-0.017420615534929164
-0.016077186126038104
-0.017332681973619934
-0.015842696629213483
-0.01752808988764045
-0.015744992672203223
-0.01740107474352711
-0.015915974596971177
-0.017249633610161214
-0.01578895945285784
-0.017318026380068394
-0.015867122618466047
-0.01738153395212506
-0.015857352222765023
-0.017342452369320957
-0.015793844650708353
-0.017352222765021984
-0.015832926233512457
-0.017342452369320957
-0.015730337078651686
-0.017425500732779677
-0.015911089399120663
-0.017386419149975574
-0.015925744992672203
-0.017420615534929164
-0.01587200781631656
-0.017249633610161214
-0.0158866634098681
-0.01731314118221788
-0.015999022960429897
-0.017386419149975574
-0.015847581827063997
-0.017318026380068394
-0.015925744992672203
-0.017391304347826087
-0.015867122618466047
-0.01741084513922814
-0.016082071323888617
-0.01740107474352711
-0.01587200781631656
-0.017278944797264287
-0.015798729848558866
-0.017322911577918904
-0.015828041035661943
-0.017371763556424037
-0.015813385442110407
-0.017376648754274547
-0.015964826575476307
-0.017357107962872497
-0.015842696629213483
-0.01751343429408891
-0.015828041035661943
-0.01721543722520762
-0.0158866634098681
-0.017386419149975574
-0.015867122618466047
-0.01731314118221788
-0.015984367366878357
-0.01721543722520762
-0.015876893014167073
-0.017371763556424037
-0.015979482169027847
-0.01746458231558378
-0.015813385442110407
-0.01732779677576942
-0.015984367366878357
-0.01726428920371275
-0.01590620420127015
-0.017361993160723007
-0.01601856375183195
-0.017352222765021984
-0.015950170981924767
-0.017361993160723007
-0.01583781143136297
-0.017318026380068394
-0.016160234489496824
-0.017161700048851977
-0.015930630190522717
-0.017274059599413777
-0.015881778212017587
-0.017171470444553007
-0.015994137762579384
-0.01738153395212506
-0.015876893014167073
-0.01718124084025403
-0.015959941377625794
-0.01734733756717147
-0.01595505617977528
-0.017361993160723007
-0.015945285784074253
-0.01726428920371275
-0.015901319003419637
-0.01740107474352711
-0.01587200781631656
-0.01741573033707865
-0.015832926233512457
-0.01731314118221788
-0.01582315583781143
-0.017376648754274547
-0.015857352222765023
-0.017386419149975574
-0.015984367366878357
-0.017332681973619934
-0.01582315583781143
-0.017454811919882754
-0.01592085979482169
-0.0172838299951148
-0.015774303859306303
-0.017371763556424037
-0.016013678553981437
-0.017274059599413777
-0.015994137762579384
-0.017391304347826087
-0.015964826575476307
-0.017405959941377627
-0.01595505617977528
-0.01729848558866634
-0.01590620420127015
-0.017352222765021984
-0.015959941377625794
-0.017352222765021984
-0.015901319003419637
-0.01741573033707865
-0.015999022960429897
-0.017405959941377627
-0.015832926233512457
-0.01719589643380557
-0.01585246702491451
-0.01723009281875916
-0.01581827063996092
-0.01732779677576942
-0.01605276013678554
-0.017259404005862237
-0.015793844650708353
-0.017508549096238397
-0.01602344894968246
-0.01738153395212506
-0.016033219345383487
-0.017357107962872497
-0.015945285784074253
-0.017322911577918904
-0.01576941866145579
-0.017318026380068394
-0.01593551538837323
-0.017371763556424037
-0.015793844650708353
-0.017337567171470444
-0.01581827063996092
-0.017244748412310697
-0.015881778212017587
-0.01726428920371275
-0.015974596971177334
-0.017308255984367367
-0.015930630190522717
-0.01734733756717147
-0.015793844650708353
-0.017322911577918904
-0.015945285784074253
-0.017425500732779677
-0.015945285784074253
-0.017288715192965317
-0.015984367366878357
-0.017322911577918904
-0.01572056668295066
-0.017254518808011723
-0.016057645334636054
-0.017322911577918904
-0.015974596971177334
-0.01721543722520762
-0.015915974596971177
-0.017386419149975574
-0.01595505617977528
-0.017303370786516854
-0.015828041035661943
-0.017318026380068394
-0.015925744992672203
-0.017205666829506593
-0.01578895945285784
-0.017440156326331214
-0.015984367366878357
-0.017332681973619934
-0.01598925256472887
-0.0173961895456766
-0.01600390815828041
-0.017376648754274547
-0.015945285784074253
-0.01729848558866634
-0.01585246702491451
-0.017318026380068394
-0.016213971665852468
-0.0173961895456766
-0.015862237420615533
-0.0173961895456766
-0.015881778212017587
-0.017318026380068394
-0.015764533463605276
-0.017259404005862237
-0.015808500244259893
-0.017376648754274547
-0.01593551538837323
-0.017249633610161214
-0.0158866634098681
-0.017322911577918904
-0.01581827063996092
-0.01732779677576942
-0.01590620420127015
-0.01721055202735711
-0.015832926233512457
-0.017342452369320957
-0.01595505617977528
-0.01743038593063019
-0.015784074255007326
-0.01729848558866634
-0.01592085979482169
-0.01744504152418173
-0.015945285784074253
-0.017523204689789938
-0.01598925256472887
-0.017425500732779677
-0.015847581827063997
-0.017322911577918904
-0.015974596971177334
-0.017361993160723007
-0.015911089399120663
-0.017303370786516854
-0.015901319003419637
-0.01738153395212506
-0.015901319003419637
-0.017337567171470444
-0.015876893014167073
-0.017342452369320957
-0.015994137762579384
-0.01734733756717147
-0.015744992672203223
-0.017366878358573524
-0.015779189057156816
-0.01731314118221788
-0.015974596971177334
-0.017366878358573524
-0.01601856375183195
-0.01738153395212506
-0.015964826575476307
-0.017205666829506593
-0.015798729848558866
-0.017469467513434294
-0.015710796287249633
-0.017391304347826087
-0.015984367366878357
-0.01731314118221788
-0.015911089399120663
-0.017352222765021984
-0.01585246702491451
-0.017420615534929164
-0.01581827063996092
-0.017474352711284807
-0.01605276013678554
-0.017318026380068394
-0.015867122618466047
-0.017449926722032244
-0.01585246702491451
-0.017371763556424037
-0.01605276013678554
-0.01723009281875916
-0.015857352222765023
-0.017405959941377627
-0.015979482169027847
-0.017322911577918904
-0.015974596971177334
-0.01746458231558378
-0.015964826575476307
-0.017386419149975574
-0.015945285784074253
-0.0172838299951148
-0.015945285784074253
-0.017278944797264287
-0.015774303859306303
-0.017366878358573524
-0.015847581827063997
-0.017386419149975574
-0.01572056668295066
-0.017366878358573524
-0.015974596971177334
-0.017440156326331214
-0.015950170981924767
-0.017342452369320957
-0.01598925256472887
-0.017366878358573524
-0.01601856375183195
-0.017249633610161214
-0.01596971177332682
-0.017474352711284807
-0.015940400586223744
-0.01721543722520762
-0.015793844650708353
-0.017278944797264287
-0.015940400586223744
-0.017269174401563264
-0.016047874938935027
-0.017474352711284807
-0.015891548607718613
-0.0173961895456766
-0.015842696629213483
-0.017357107962872497
-0.01585246702491451
-0.017361993160723007
-0.015715681485100146
-0.017337567171470444
-0.015896433805569127
-0.017459697117733267
-0.01582315583781143
-0.01741084513922814
-0.016057645334636054
-0.017420615534929164
-0.01601856375183195
-0.017469467513434294
-0.015964826575476307
-0.017274059599413777
-0.01576941866145579
-0.017425500732779677
-0.015964826575476307
-0.017454811919882754
-0.01595505617977528
-0.017371763556424037
-0.015779189057156816
-0.017474352711284807
-0.016033219345383487
-0.017361993160723007
-0.01582315583781143
-0.01740107474352711
-0.01600390815828041
-0.017361993160723007
-0.015715681485100146
-0.017371763556424037
-0.015881778212017587
-0.01744504152418173
-0.015867122618466047
-0.01734733756717147
-0.015842696629213483
-0.017254518808011723
-0.01592085979482169
-0.017440156326331214
-0.015984367366878357
-0.017274059599413777
-0.015696140693698096
-0.017376648754274547
-0.015832926233512457
-0.017386419149975574
-0.015925744992672203
-0.017322911577918904
-0.01593551538837323
-0.017518319491939424
-0.015901319003419637
-0.017420615534929164
-0.015984367366878357
-0.01732779677576942
-0.015862237420615533
-0.017239863214460183
-0.015867122618466047
-0.017474352711284807
-0.01580361504640938
-0.017254518808011723
-0.01601856375183195
-0.017332681973619934
-0.015950170981924767
-0.01729848558866634
-0.01590620420127015
-0.01744504152418173
-0.015940400586223744
-0.01746458231558378
-0.015896433805569127
-0.017386419149975574
-0.015896433805569127
-0.01726428920371275
-0.01595505617977528
-0.017425500732779677
-0.015925744992672203
-0.017449926722032244
-0.015862237420615533
-0.0172838299951148
-0.015867122618466047
-0.017405959941377627
-0.01590620420127015
-0.017337567171470444
-0.015901319003419637
-0.017249633610161214
-0.016038104543234
-0.017337567171470444
-0.0158866634098681
-0.017508549096238397
-0.015881778212017587
-0.017269174401563264
-0.015930630190522717
-0.017225207620908647
-0.01576941866145579
-0.017337567171470444
-0.015793844650708353
-0.017332681973619934
-0.015901319003419637
-0.01726428920371275
-0.015999022960429897
-0.017278944797264287
-0.015911089399120663
-0.017337567171470444
-0.015999022960429897
-0.01741084513922814
-0.016028334147532974
-0.01734733756717147
-0.016028334147532974
-0.017371763556424037
-0.015930630190522717
-0.01741084513922814
-0.01612115290669272
-0.017357107962872497
-0.015740107474352713
-0.01729848558866634
-0.015911089399120663
-0.017361993160723007
-0.015896433805569127
-0.01734733756717147
-0.016038104543234
-0.01732779677576942
-0.016008793356130924
-0.017366878358573524
-0.015857352222765023
-0.017337567171470444
-0.015847581827063997
-0.017357107962872497
-0.015857352222765023
-0.017318026380068394
-0.015915974596971177
-0.017205666829506593
-0.01595505617977528
-0.017254518808011723
-0.01590620420127015
-0.017420615534929164
-0.01585246702491451
-0.017274059599413777
-0.015950170981924767
-0.017459697117733267
-0.015857352222765023
-0.017371763556424037
-0.01598925256472887
-0.017249633610161214
-0.015813385442110407
-0.017308255984367367
-0.015876893014167073
-0.017274059599413777
-0.015847581827063997
-0.01729848558866634
-0.015793844650708353
-0.017405959941377627
-0.01602344894968246
-0.01732779677576942
-0.015984367366878357
-0.017308255984367367
-0.01583781143136297
-0.017366878358573524
-0.01587200781631656
-0.017425500732779677
-0.015842696629213483
-0.017337567171470444
-0.015945285784074253
-0.01729360039081583
-0.015749877870053736
-0.01741084513922814
-0.015959941377625794
-0.017337567171470444
-0.015725451880801173
-0.017420615534929164
-0.015730337078651686
-0.017405959941377627
-0.015881778212017587
-0.017303370786516854
-0.01581827063996092
-0.017366878358573524
-0.01590620420127015
-0.017288715192965317
-0.016057645334636054
-0.017352222765021984
-0.01598925256472887
-0.017274059599413777
-0.01608695652173913
-0.017249633610161214
-0.01593551538837323
-0.0172838299951148
-0.01582315583781143
-0.017254518808011723
-0.015891548607718613
-0.017435271128480704
-0.016062530532486564
-0.017308255984367367
-0.01601856375183195
-0.01729360039081583
-0.01601856375183195
-0.017361993160723007
-0.015842696629213483
-0.0172838299951148
-0.015759648265754763
-0.017361993160723007
-0.01590620420127015
-0.017537860283341474
-0.016096726917440157
-0.017171470444553007
-0.01583781143136297
-0.017332681973619934
-0.015784074255007326
-0.017352222765021984
-0.01596971177332682
-0.01714704445530044
-0.015828041035661943
-0.01746458231558378
-0.01602344894968246
-0.01729848558866634
-0.01593551538837323
-0.017288715192965317
-0.015959941377625794
-0.017303370786516854
-0.016033219345383487
-0.017454811919882754
-0.01590620420127015
-0.017337567171470444
-0.01581827063996092
-0.01729848558866634
-0.015715681485100146
-0.01718124084025403
-0.015842696629213483
-0.017259404005862237
-0.01583781143136297
-0.017357107962872497
-0.015847581827063997
-0.017420615534929164
-0.016091841719589644
-0.01738153395212506
-0.015964826575476307
-0.017318026380068394
-0.015730337078651686
-0.017366878358573524
-0.01601856375183195
-0.01729360039081583
-0.015940400586223744
-0.017386419149975574
-0.015847581827063997
-0.017391304347826087
-0.015701025891548606
-0.017303370786516854
-0.01592085979482169
-0.01729360039081583
-0.015740107474352713
-0.017322911577918904
-0.015828041035661943
-0.017440156326331214
-0.015881778212017587
-0.01740107474352711
-0.015881778212017587
-0.0172838299951148
-0.015857352222765023
-0.017269174401563264
-0.01593551538837323
-0.01744504152418173
-0.0158866634098681
-0.01731314118221788
-0.015876893014167073
-0.017337567171470444
-0.015847581827063997
-0.01740107474352711
-0.015798729848558866
-0.017337567171470444
-0.015842696629213483
-0.017386419149975574
-0.01585246702491451
-0.017288715192965317
-0.01593551538837323
-0.01726428920371275
-0.01587200781631656
-0.01729848558866634
-0.01590620420127015
-0.01732779677576942
-0.01595505617977528
-0.017361993160723007
-0.01592085979482169
-0.01726428920371275
-0.015940400586223744
-0.01729360039081583
-0.015808500244259893
-0.01734733756717147
-0.01596971177332682
-0.017337567171470444
-0.015930630190522717
-0.017357107962872497
-0.015974596971177334
-0.017420615534929164
-0.015945285784074253
-0.01720078163165608
-0.01578895945285784
-0.017254518808011723
-0.015945285784074253
-0.017366878358573524
-0.015959941377625794
-0.017386419149975574
-0.015847581827063997
-0.01732779677576942
-0.01592085979482169
-0.017357107962872497
-0.015779189057156816
-0.01734733756717147
-0.01581827063996092
-0.017318026380068394
-0.015896433805569127
-0.017308255984367367
-0.015891548607718613
-0.017303370786516854
-0.016033219345383487
-0.017225207620908647
-0.015959941377625794
-0.01726428920371275
-0.01576941866145579
-0.017459697117733267
-0.015925744992672203
-0.017337567171470444
-0.015911089399120663
-0.01734733756717147
-0.01601856375183195
-0.017278944797264287
-0.016047874938935027
-0.017454811919882754
-0.015896433805569127
-0.017303370786516854
-0.015930630190522717
-0.017274059599413777
-0.01592085979482169
-0.017303370786516854
-0.015959941377625794
-0.01723009281875916
-0.01585246702491451
-0.017357107962872497
-0.015945285784074253
-0.01711284807034685
-0.015959941377625794
-0.01721055202735711
-0.015984367366878357
-0.017322911577918904
-0.015847581827063997
-0.017357107962872497
-0.016062530532486564
-0.01734733756717147
-0.015842696629213483
-0.017332681973619934
-0.015964826575476307
-0.017278944797264287
-0.015847581827063997
-0.017308255984367367
-0.015896433805569127
-0.01734733756717147
-0.01578895945285784
-0.01746458231558378
-0.015881778212017587
-0.01726428920371275
-0.01592085979482169
-0.017420615534929164
-0.015779189057156816
-0.017308255984367367
-0.01607230092818759
-0.017191011235955057
-0.01580361504640938
-0.017425500732779677
-0.01592085979482169
-0.017107962872496336
-0.015847581827063997
-0.017332681973619934
-0.015901319003419637
-0.017259404005862237
-0.015857352222765023
-0.01731314118221788
-0.015764533463605276
-0.017420615534929164
-0.015857352222765023
-0.017318026380068394
-0.015925744992672203
-0.01729848558866634
-0.01583781143136297
-0.01726428920371275
-0.015793844650708353
-0.01738153395212506
-0.015959941377625794
-0.017278944797264287
-0.015774303859306303
-0.017308255984367367
-0.015994137762579384
-0.017308255984367367
-0.01581827063996092
-0.01729848558866634
-0.016067415730337077
-0.01734733756717147
-0.015798729848558866
-0.017278944797264287
-0.015999022960429897
-0.017337567171470444
-0.016033219345383487
-0.01732779677576942
-0.015881778212017587
-0.01720078163165608
-0.0158866634098681
-0.017342452369320957
-0.015915974596971177
-0.017176355642403517
-0.015774303859306303
-0.017156814851001467
-0.01585246702491451
-0.017318026380068394
-0.015945285784074253
-0.01741084513922814
-0.015925744992672203
-0.01726428920371275
-0.015764533463605276
-0.017288715192965317
-0.015676599902296043
-0.01732779677576942
-0.015857352222765023
-0.01738153395212506
-0.015959941377625794
-0.01743038593063019
-0.01600390815828041
-0.01729848558866634
-0.015798729848558866
-0.017322911577918904
-0.015842696629213483
-0.017322911577918904
-0.0158866634098681
-0.01741084513922814
-0.015930630190522717
-0.017454811919882754
-0.015901319003419637
-0.01726428920371275
-0.015813385442110407
-0.01731314118221788
-0.01585246702491451
-0.01743038593063019
-0.015881778212017587
-0.017391304347826087
-0.015793844650708353
-0.017371763556424037
-0.01593551538837323
-0.017254518808011723
-0.015979482169027847
-0.017435271128480704
-0.01601856375183195
-0.017371763556424037
-0.015979482169027847
-0.017318026380068394
-0.015862237420615533
-0.01741084513922814
-0.016038104543234
-0.017318026380068394
-0.015857352222765023
-0.017318026380068394
-0.01575476306790425
-0.017308255984367367
-0.01587200781631656
-0.0173961895456766
-0.015915974596971177
-0.01734733756717147
-0.015915974596971177
-0.017386419149975574
-0.015959941377625794
-0.01741084513922814
-0.015740107474352713
-0.017484123106985834
-0.015798729848558866
-0.017308255984367367
-0.015867122618466047
-0.01738153395212506
-0.015911089399120663
-0.017484123106985834
-0.015896433805569127
-0.01746458231558378
-0.015842696629213483
-0.017469467513434294
-0.01610649731314118
-0.017484123106985834
-0.0158866634098681
-0.017269174401563264
-0.015744992672203223
-0.017278944797264287
-0.015832926233512457
-0.017420615534929164
-0.015950170981924767
-0.017425500732779677
-0.015808500244259893
-0.017303370786516854
-0.01596971177332682
-0.017405959941377627
-0.01581827063996092
-0.017386419149975574
-0.015793844650708353
-0.017288715192965317
-0.01563751831949194
-0.013307278944797265
-0.0031607230092818763
-0.0010112359550561798
0.0002589154860771861
-7.327796775769418e-05
0.0006741573033707865
-0.0001612115290669272
0.000723009281875916
-0.0001270151441133366
0.0008451392281387396
-0.00017586712261846604
0.0009330727894479727
-6.35075720566683e-05
0.0010210063507572057
0.00012212994626282364
0.0007816316560820713
-9.77039570102589e-06
0.0009770395701025891
-6.35075720566683e-05
0.0010356619443087445
0.0001612115290669272
0.0011089399120664386
8.304836345872008e-05
0.0008891060087933561
-4.885197850512945e-06
0.0007914020517830972
-3.419638495359062e-05
0.0009330727894479727
6.35075720566683e-05
0.0011431362970200293
0.00012212994626282364
0.0009623839765510503
0.00017586712261846604
0.0008451392281387396
6.839276990718124e-05
0.0009233023937469467
6.839276990718124e-05
0.0008891060087933561
-2.442598925256473e-05
0.0009770395701025891
2.9311187103077675e-05
0.0009477283829995114
8.304836345872008e-05
0.0011040547142159257
-0.0001074743527112848
0.000986809965803615
9.281875915974596e-05
0.000898876404494382
9.770395701025892e-05
0.0010356619443087445
0.00015144113336590132
0.0009330727894479727
-9.281875915974596e-05
0.0009574987787005373
-8.304836345872008e-05
0.0008207132388861749
1.954079140205178e-05
0.0009965803615046408
-2.442598925256473e-05
0.000986809965803615
-7.327796775769418e-05
0.0009330727894479727
-1.4655593551538837e-05
0.0010747435271128481
2.442598925256473e-05
0.0007376648754274548
-8.304836345872008e-05
0.0009965803615046408
0.00012212994626282364
0.0009428431851489985
0.0001074743527112848
0.0011284807034684903
4.396678065461651e-05
0.0008842208109428432
7.816316560820712e-05
0.0007327796775769418
5.37371763556424e-05
0.0010405471421592574
8.304836345872008e-05
0.0009770395701025891
3.908158280410356e-05
0.0010600879335613091
9.770395701025892e-05
0.000815828041035662
8.793356130923302e-05
0.0010747435271128481
0.00013678553981436248
0.0010258915486077186
-9.77039570102589e-06
0.0008744504152418173
9.770395701025892e-05
0.0010405471421592574
1.954079140205178e-05
0.0009770395701025891
3.908158280410356e-05
0.0008842208109428432
-4.885197850512945e-06
0.000898876404494382
-2.9311187103077675e-05
0.0009770395701025891
0.00012212994626282364
0.0007620908646800195
-9.77039570102589e-06
0.0010600879335613091
4.885197850512946e-05
0.0009281875915974596
0.00010258915486077186
0.0009574987787005373
1.954079140205178e-05
0.000815828041035662
1.4655593551538837e-05
0.0009379579872984856
5.37371763556424e-05
0.0008695652173913043
-9.281875915974596e-05
0.0008011724474841231
0.00013190034196384952
0.0008842208109428432
-0.00015632633121641425
0.0008793356130923302
9.77039570102589e-06
0.000991695163654128
7.327796775769418e-05
0.0008695652173913043
-0.0001172447484123107
0.0009233023937469467
6.35075720566683e-05
0.0010210063507572057
0.0001270151441133366
0.0008891060087933561
-5.862237420615535e-05
0.0009526135808500244
1.4655593551538837e-05
0.0010503175378602833
-1.4655593551538837e-05
0.0009330727894479727
8.304836345872008e-05
0.0006888128969223254
-4.396678065461651e-05
0.000986809965803615
0.0001074743527112848
0.0008695652173913043
0.00015144113336590132
0.0008402540302882267
-2.9311187103077675e-05
0.0008549096238397655
3.908158280410356e-05
0.0008891060087933561
4.885197850512946e-05
0.0010112359550561798
9.281875915974596e-05
0.0008207132388861749
0.0
0.0008304836345872007
-3.419638495359062e-05
0.0009672691744015633
5.862237420615535e-05
0.000898876404494382
-0.0001172447484123107
0.000903761602344895
3.908158280410356e-05
0.0010405471421592574
-0.0001270151441133366
0.0008793356130923302
7.327796775769418e-05
0.0008891060087933561
-2.442598925256473e-05
0.0008842208109428432
-9.770395701025892e-05
0.0008255984367366878
2.9311187103077675e-05
0.0011577918905715681
3.419638495359062e-05
0.0008402540302882267
9.281875915974596e-05
0.0007034684904738642
-3.908158280410356e-05
0.001079628724963361
0.0
0.0009574987787005373
2.442598925256473e-05
0.0010063507572056667
5.862237420615535e-05
0.0008353688324377137
-7.816316560820712e-05
0.0007914020517830972
2.442598925256473e-05
0.0008695652173913043
1.954079140205178e-05
0.0007669760625305325
8.304836345872008e-05
0.0007962872496336101
9.281875915974596e-05
0.0009086468001954079
2.442598925256473e-05
0.0007669760625305325
4.885197850512946e-05
0.000723009281875916
0.00015144113336590132
0.000903761602344895
0.00015632633121641425
0.0008597948216902784
9.770395701025892e-05
0.0007620908646800195
0.00011235955056179774
0.0008304836345872007
-1.4655593551538837e-05
0.0009721543722520762
0.0001074743527112848
0.0009281875915974596
-0.00013190034196384952
0.0010307767464582316
5.37371763556424e-05
0.0009526135808500244
7.327796775769418e-05
0.000893991206643869
4.396678065461651e-05
0.0008255984367366878
-4.885197850512946e-05
0.0010600879335613091
-4.885197850512946e-05
0.000815828041035662
-0.00018563751831949193
0.0008597948216902784
1.4655593551538837e-05
0.0008646800195407913
-2.442598925256473e-05
0.0009721543722520762
-4.885197850512945e-06
0.0008842208109428432
8.793356130923302e-05
0.000986809965803615
1.4655593551538837e-05
0.0009233023937469467
-3.419638495359062e-05
0.000898876404494382
-8.793356130923302e-05
0.0010063507572056667
5.37371763556424e-05
0.0007669760625305325
3.908158280410356e-05
0.0007327796775769418
-0.00010258915486077186
0.0008695652173913043
-0.00010258915486077186
0.0008255984367366878
9.281875915974596e-05
0.0007914020517830972
-3.908158280410356e-05
0.0009135319980459208
-5.862237420615535e-05
0.0009086468001954079
-7.327796775769418e-05
0.0008842208109428432
-0.0002344894968246214
0.0008011724474841231
8.793356130923302e-05
0.0008011724474841231
-7.327796775769418e-05
0.0008891060087933561
-4.885197850512946e-05
0.0008011724474841231
6.35075720566683e-05
0.0010356619443087445
0.00010258915486077186
0.0006692721055202736
-0.0001074743527112848
0.0008597948216902784
9.281875915974596e-05
0.0008744504152418173
4.885197850512946e-05
0.0008549096238397655
0.0
0.0007474352711284806
-5.37371763556424e-05
0.0007425500732779677
-1.4655593551538837e-05
0.0008891060087933561
-0.00017586712261846604
0.0008646800195407913
-3.419638495359062e-05
0.0009086468001954079
-3.419638495359062e-05
0.0008500244259892526
-4.885197850512945e-06
0.000815828041035662
4.396678065461651e-05
0.0007376648754274548
-8.793356130923302e-05
0.0008695652173913043
-6.839276990718124e-05
0.0008207132388861749
-9.281875915974596e-05
0.0008011724474841231
-1.4655593551538837e-05
0.0009477283829995114
-8.304836345872008e-05
0.0008451392281387396
-0.00013678553981436248
0.0007620908646800195
-4.885197850512945e-06
0.000806057645334636
2.9311187103077675e-05
0.0009477283829995114
0.00014655593551538836
0.000806057645334636
3.908158280410356e-05
0.0008744504152418173
3.419638495359062e-05
0.000810942843185149
-6.35075720566683e-05
0.0009526135808500244
-1.4655593551538837e-05
0.0009330727894479727
-5.37371763556424e-05
0.0008011724474841231
-8.304836345872008e-05
0.0009135319980459208
-0.00013190034196384952
0.0008891060087933561
5.37371763556424e-05
0.0009477283829995114
4.885197850512946e-05
0.0008549096238397655
-2.442598925256473e-05
0.0007572056668295066
1.4655593551538837e-05
0.0008695652173913043
-0.000180752320468979
0.0009379579872984856
-0.0001074743527112848
0.0007523204689789937
-0.00016609672691744016
0.0008549096238397655
7.327796775769418e-05
0.0009965803615046408
-8.304836345872008e-05
0.0008646800195407913
-9.770395701025892e-05
0.0008353688324377137
-0.00016609672691744016
0.000986809965803615
-0.00013190034196384952
0.0009965803615046408
-0.0001270151441133366
0.0008207132388861749
-0.00011235955056179774
0.0006936980947728383
-6.839276990718124e-05
0.0008744504152418173
-9.281875915974596e-05
0.0008207132388861749
4.885197850512946e-05
0.0007523204689789937
-6.35075720566683e-05
0.0007181240840254031
4.885197850512946e-05
0.0009330727894479727
1.954079140205178e-05
0.0009428431851489985
-2.442598925256473e-05
0.0008451392281387396
-0.00013678553981436248
0.0009281875915974596
0.00010258915486077186
0.000806057645334636
0.00013678553981436248
0.0007767464582315583
0.0
0.00071323888617489
-7.816316560820712e-05
0.0007083536883243771
-0.00011235955056179774
0.000806057645334636
-0.0001172447484123107
0.000893991206643869
-9.770395701025892e-05
0.0008451392281387396
-6.35075720566683e-05
0.0007816316560820713
-1.954079140205178e-05
0.0007816316560820713
-1.954079140205178e-05
0.0009574987787005373
3.419638495359062e-05
0.0008500244259892526
-0.0002247191011235955
0.0007620908646800195
-0.0001074743527112848
0.0008255984367366878
-5.862237420615535e-05
0.0007816316560820713
-5.862237420615535e-05
0.0007816316560820713
-5.37371763556424e-05
0.0006057645334636053
4.885197850512946e-05
0.000635075720566683
9.770395701025892e-05
0.000986809965803615
-0.00015632633121641425
0.0008011724474841231
-5.37371763556424e-05
0.0007718612603810454
-7.327796775769418e-05
0.0009184171958964338
-0.00019540791402051784
0.000810942843185149
-0.000180752320468979
0.0009770395701025891
-1.4655593551538837e-05
0.0007327796775769418
6.35075720566683e-05
0.0007327796775769418
-0.00014167073766487544
0.0008353688324377137
0.00014655593551538836
0.0009184171958964338
-3.908158280410356e-05
0.0009233023937469467
2.442598925256473e-05
0.000810942843185149
-1.954079140205178e-05
0.0007865168539325843
-9.281875915974596e-05
0.0009281875915974596
2.9311187103077675e-05
0.0006790425012212994
-4.885197850512946e-05
0.0006399609184171959
-0.00013190034196384952
0.0006839276990718123
-4.396678065461651e-05
0.0008695652173913043
-0.00011235955056179774
0.000903761602344895
-3.908158280410356e-05
0.000810942843185149
-0.00013678553981436248
0.000893991206643869
-2.9311187103077675e-05
0.00071323888617489
2.9311187103077675e-05
0.0008304836345872007
-0.00021983390327308256
0.00071323888617489
-3.908158280410356e-05
0.0007083536883243771
-0.0002491450903761602
0.0007620908646800195
7.327796775769418e-05
0.0006692721055202736
-2.9311187103077675e-05
0.0007669760625305325
-0.0001612115290669272
0.0010258915486077186
-0.00019540791402051784
0.0008695652173913043
-0.00013190034196384952
0.0007474352711284806
-4.885197850512946e-05
0.0007523204689789937
-0.00011235955056179774
0.0007376648754274548
-0.00021983390327308256
0.0007425500732779677
-6.35075720566683e-05
0.0006204201270151441
-0.00026868588177821203
0.0008842208109428432
-1.954079140205178e-05
0.0008891060087933561
-0.0001172447484123107
0.0007767464582315583
-0.00015632633121641425
0.0008353688324377137
-1.4655593551538837e-05
0.000723009281875916
-0.00011235955056179774
0.000815828041035662
-3.419638495359062e-05
0.0006595017098192477
-0.0002491450903761602
0.0006643869076697606
-0.00021983390327308256
0.00063019052271617
0.0001270151441133366
0.0009135319980459208
-4.885197850512945e-06
0.000806057645334636
-2.442598925256473e-05
0.0007523204689789937
-5.862237420615535e-05
0.0007181240840254031
-0.00010258915486077186
0.000810942843185149
-0.00011235955056179774
0.0007425500732779677
-0.00010258915486077186
0.0008304836345872007
-7.816316560820712e-05
0.000810942843185149
-0.00015144113336590132
0.000806057645334636
-2.9311187103077675e-05
0.000806057645334636
2.9311187103077675e-05
0.00071323888617489
-9.281875915974596e-05
0.0007523204689789937
-0.00015144113336590132
0.0008304836345872007
-0.00023937469467513433
0.0007718612603810454
-0.0001612115290669272
0.0008402540302882267
-6.839276990718124e-05
0.0006985832926233512
-7.327796775769418e-05
0.0007914020517830972
0.00015632633121641425
0.0008793356130923302
-5.862237420615535e-05
0.0007962872496336101
-0.0001612115290669272
0.0007327796775769418
-7.327796775769418e-05
0.0009233023937469467
-0.0001612115290669272
0.0007425500732779677
-0.00017586712261846604
0.000806057645334636
-0.0002589154860771861
0.0007816316560820713
-0.00021983390327308256
0.0007278944797264289
4.885197850512945e-06
0.000981924767953102
2.9311187103077675e-05
0.0007181240840254031
-0.00014655593551538836
0.0008011724474841231
-6.35075720566683e-05
0.0009135319980459208
-3.908158280410356e-05
0.0009330727894479727
-9.770395701025892e-05
0.0006546165119687347
-1.4655593551538837e-05
0.0009379579872984856
3.908158280410356e-05
0.0007572056668295066
-1.954079140205178e-05
0.0007914020517830972
-0.00020029311187103076
0.0007425500732779677
-0.00015632633121641425
0.0008744504152418173
-9.281875915974596e-05
0.0008011724474841231
-3.419638495359062e-05
0.0007523204689789937
-0.0002149487054225696
0.0008402540302882267
-0.00015632633121641425
0.0007962872496336101
-0.00015632633121641425
0.0008207132388861749
-5.37371763556424e-05
0.0006888128969223254
5.37371763556424e-05
0.0007034684904738642
-0.00016609672691744016
0.0009184171958964338
-0.00020517830972154372
0.0009233023937469467
-0.0001172447484123107
0.0008011724474841231
-0.00019540791402051784
0.0007620908646800195
-0.00019540791402051784
0.0007767464582315583
-0.00010258915486077186
0.0009233023937469467
-5.37371763556424e-05
0.0009281875915974596
-9.281875915974596e-05
0.0007718612603810454
-0.00010258915486077186
0.0007718612603810454
-8.304836345872008e-05
0.0007327796775769418
-0.00011235955056179774
0.0007914020517830972
-0.00016609672691744016
0.0006595017098192477
-0.00018563751831949193
0.0007572056668295066
-0.0002247191011235955
0.0008646800195407913
-5.37371763556424e-05
0.000723009281875916
-0.00015632633121641425
0.0005520273571079628
4.885197850512945e-06
0.0008500244259892526
-0.0001709819247679531
0.0008646800195407913
-3.908158280410356e-05
0.0008011724474841231
-6.839276990718124e-05
0.0007816316560820713
-0.00016609672691744016
0.0008402540302882267
-0.00012212994626282364
0.0006546165119687347
-4.885197850512946e-05
0.0007865168539325843
-9.77039570102589e-06
0.0009721543722520762
0.00016609672691744016
0.0008793356130923302
-0.0001074743527112848
0.0009428431851489985
-1.4655593551538837e-05
0.0007962872496336101
-0.00012212994626282364
0.0008695652173913043
-1.954079140205178e-05
0.0009379579872984856
-0.00015632633121641425
0.0007523204689789937
-0.0001074743527112848
0.0006936980947728383
-4.396678065461651e-05
0.00048363458720078164
-0.00010258915486077186
0.0008011724474841231
-7.816316560820712e-05
0.0007181240840254031
0.0
0.0007572056668295066
-6.839276990718124e-05
0.0006985832926233512
-2.442598925256473e-05
0.0006497313141182217
5.862237420615535e-05
0.0008353688324377137
-0.0001172447484123107
0.0007865168539325843
8.304836345872008e-05
0.0006936980947728383
-9.281875915974596e-05
0.0007669760625305325
-0.00019540791402051784
0.0007523204689789937
-0.00010258915486077186
0.0009233023937469467
-0.00014655593551538836
0.000815828041035662
-7.327796775769418e-05
0.0008744504152418173
-0.00014655593551538836
0.000898876404494382
-2.442598925256473e-05
0.0006595017098192477
-7.816316560820712e-05
0.0006008793356130923
-0.00020029311187103076
0.0008744504152418173
9.77039570102589e-06
0.0008255984367366878
-3.419638495359062e-05
0.0008011724474841231
-5.37371763556424e-05
0.0006497313141182217
-7.327796775769418e-05
0.0007718612603810454
9.77039570102589e-06
0.0008549096238397655
0.00010258915486077186
0.0008207132388861749
-0.0001270151441133366
0.0005959941377625794
0.0
0.000625305324865657
-4.885197850512945e-06
0.000815828041035662
-6.839276990718124e-05
0.000903761602344895
-2.442598925256473e-05
0.0006106497313141182
-9.770395701025892e-05
0.0008744504152418173
-0.0001709819247679531
0.0007669760625305325
-0.00013678553981436248
0.0006546165119687347
-0.0001074743527112848
0.0008207132388861749
-7.327796775769418e-05
0.0008207132388861749
-4.396678065461651e-05
0.0009233023937469467
-4.396678065461651e-05
0.000810942843185149
1.954079140205178e-05
0.0006643869076697606
-8.304836345872008e-05
0.0007816316560820713
-0.0001612115290669272
0.0007865168539325843
-4.396678065461651e-05
0.0007718612603810454
-6.839276990718124e-05
0.0007718612603810454
-0.0001612115290669272
0.0008744504152418173
-0.0001172447484123107
0.0008744504152418173
-0.00012212994626282364
0.000903761602344895
-3.419638495359062e-05
0.0007962872496336101
-0.00012212994626282364
0.0008402540302882267
-0.0001612115290669272
0.0007914020517830972
-0.00015632633121641425
0.000898876404494382
-0.00020517830972154372
0.0006643869076697606
-4.885197850512946e-05
0.0007914020517830972
-6.839276990718124e-05
0.0009574987787005373
9.77039570102589e-06
0.0008500244259892526
-0.00021006350757205668
0.000723009281875916
1.4655593551538837e-05
0.0008451392281387396
-9.770395701025892e-05
0.000806057645334636
-0.00022960429897410844
0.0007816316560820713
-0.0001074743527112848
0.0007865168539325843
-0.0001270151441133366
0.0008891060087933561
-0.00011235955056179774
0.0007669760625305325
-6.35075720566683e-05
0.0008255984367366878
-0.00021983390327308256
0.0007083536883243771
-0.0001172447484123107
0.0008695652173913043
-0.00015632633121641425
0.0006204201270151441
-7.816316560820712e-05
0.0007376648754274548
-1.954079140205178e-05
0.0008842208109428432
-4.885197850512946e-05
0.0007816316560820713
-3.908158280410356e-05
0.0007278944797264289
-0.00014167073766487544
0.0008402540302882267
-8.304836345872008e-05
0.0008353688324377137
-8.304836345872008e-05
0.000635075720566683
-0.0001074743527112848
0.0008304836345872007
-2.9311187103077675e-05
0.0007865168539325843
-0.00019052271617000488
0.0008451392281387396
-6.35075720566683e-05
0.0006888128969223254
-4.885197850512946e-05
0.000810942843185149
-1.4655593551538837e-05
0.0007181240840254031
-0.00014167073766487544
0.0008793356130923302
-5.862237420615535e-05
0.0005862237420615535
-0.00014655593551538836
0.0007181240840254031
-0.00022960429897410844
0.00063019052271617
-0.0002784562774792379
0.00063019052271617
-0.00014167073766487544
0.0007376648754274548
-0.0002442598925256473
0.0007767464582315583
-0.00020029311187103076
0.0007376648754274548
-0.0002491450903761602
0.0006057645334636053
-0.0001172447484123107
0.0007865168539325843
-0.00010258915486077186
0.0006204201270151441
-0.0001612115290669272
0.0007816316560820713
-0.00010258915486077186
0.000723009281875916
9.77039570102589e-06
0.0007816316560820713
-9.281875915974596e-05
0.0007474352711284806
-0.0001270151441133366
0.0007376648754274548
-0.00011235955056179774
0.0008011724474841231
-2.9311187103077675e-05
0.000723009281875916
-0.00018563751831949193
0.0006204201270151441
-0.00013190034196384952
0.0008695652173913043
-3.419638495359062e-05
0.0005911089399120664
-0.00020517830972154372
0.0007962872496336101
-0.00010258915486077186
0.0008842208109428432
2.442598925256473e-05
0.0006595017098192477
-0.00021983390327308256
0.0006790425012212994
-5.862237420615535e-05
0.0006790425012212994
-0.0001612115290669272
0.0007572056668295066
-0.0002344894968246214
0.0006057645334636053
-0.0001709819247679531
0.0005911089399120664
-0.00013190034196384952
0.0008744504152418173
-1.954079140205178e-05
0.0008207132388861749
-0.00027357107962872496
0.0007767464582315583
-0.0001709819247679531
0.0007523204689789937
-5.862237420615535e-05
0.0007669760625305325
-0.00026380068392769905
0.0006839276990718123
-0.00011235955056179774
0.0007620908646800195
-7.816316560820712e-05
0.0009281875915974596
-0.0001074743527112848
0.0007718612603810454
2.442598925256473e-05
0.0006643869076697606
-0.00023937469467513433
0.0007034684904738642
1.4655593551538837e-05
0.0006448461162677088
-0.00014167073766487544
0.0005471421592574499
-9.281875915974596e-05
0.0007425500732779677
-0.0001270151441133366
0.0006497313141182217
-4.885197850512946e-05
0.0007572056668295066
-2.442598925256473e-05
0.000815828041035662
-0.00011235955056179774
0.0006497313141182217
-0.00014167073766487544
0.0006936980947728383
-0.0001074743527112848
0.0007816316560820713
-3.908158280410356e-05
0.0006839276990718123
-9.281875915974596e-05
0.0006936980947728383
-9.281875915974596e-05
0.0008451392281387396
-3.908158280410356e-05
0.0007376648754274548
-0.00016609672691744016
0.0006546165119687347
-0.00014167073766487544
0.0007914020517830972
-3.419638495359062e-05
0.0008500244259892526
-9.281875915974596e-05
0.0007376648754274548
-0.000180752320468979
0.0007718612603810454
-6.35075720566683e-05
0.0006399609184171959
-5.862237420615535e-05
0.0008646800195407913
-0.00014655593551538836
0.0007620908646800195
-5.37371763556424e-05
0.0007523204689789937
-5.37371763556424e-05
0.0007816316560820713
1.4655593551538837e-05
0.0006643869076697606
-0.00012212994626282364
0.00063019052271617
-0.00011235955056179774
0.0007523204689789937
-0.00012212994626282364
0.000810942843185149
-0.00013678553981436248
0.000625305324865657
-0.00021006350757205668
0.000806057645334636
-7.327796775769418e-05
0.0009184171958964338
-0.00010258915486077186
0.000810942843185149
-0.00010258915486077186
0.0008597948216902784
-5.862237420615535e-05
0.0007669760625305325
-5.862237420615535e-05
0.0007181240840254031
-0.00011235955056179774
0.0006741573033707865
-0.00015632633121641425
0.000893991206643869
-0.0001074743527112848
0.0007816316560820713
-0.00011235955056179774
0.0007620908646800195
-0.0002442598925256473
0.0008255984367366878
-0.00019540791402051784
0.0006204201270151441
-7.816316560820712e-05
0.0006448461162677088
-0.0001074743527112848
0.000723009281875916
-0.00019052271617000488
0.0008597948216902784
-0.0001612115290669272
0.0006595017098192477
-0.0002442598925256473
0.0006106497313141182
-0.00012212994626282364
0.00063019052271617
-0.00017586712261846604
0.0007669760625305325
3.908158280410356e-05
0.000810942843185149
-9.77039570102589e-06
0.0006057645334636053
-0.000180752320468979
0.0007620908646800195
-5.37371763556424e-05
0.00071323888617489
-0.00010258915486077186
0.0009574987787005373
-0.00010258915486077186
0.0007034684904738642
-0.00015632633121641425
0.0008011724474841231
-7.816316560820712e-05
0.0006936980947728383
-7.327796775769418e-05
0.0008695652173913043
-0.0002149487054225696
0.0006790425012212994
2.442598925256473e-05
0.0008451392281387396
-8.793356130923302e-05
0.0009086468001954079
-8.304836345872008e-05
0.0006448461162677088
-9.281875915974596e-05
0.0006888128969223254
-9.770395701025892e-05
0.0008304836345872007
-0.00013678553981436248
0.0006741573033707865
-0.00021983390327308256
0.0007523204689789937
-5.37371763556424e-05
0.0007181240840254031
4.396678065461651e-05
0.0006741573033707865
-0.00027357107962872496
0.0007572056668295066
-6.35075720566683e-05
0.0007962872496336101
-0.0001074743527112848
0.0006546165119687347
-9.281875915974596e-05
0.0006057645334636053
-3.908158280410356e-05
0.0008402540302882267
-0.00015144113336590132
0.0006888128969223254
-4.885197850512946e-05
0.0006888128969223254
-7.327796775769418e-05
0.0007474352711284806
-0.00028334147532975087
0.0007718612603810454
-0.0001172447484123107
0.000893991206643869
-0.0002784562774792379
0.0006595017098192477
-0.0002344894968246214
0.0007962872496336101
-0.0002540302882266732
0.00071323888617489
-4.885197850512946e-05
0.0005959941377625794
-5.862237420615535e-05
0.0005617977528089887
-0.00019540791402051784
0.0006399609184171959
-4.396678065461651e-05
0.0008011724474841231
-1.4655593551538837e-05
0.0007474352711284806
-3.908158280410356e-05
0.0006546165119687347
5.37371763556424e-05
0.0007181240840254031
-0.00029311187103077673
0.0007034684904738642
-8.304836345872008e-05
0.0007327796775769418
-0.00013190034196384952
0.0006692721055202736
-0.0001172447484123107
0.0006741573033707865
-0.00010258915486077186
0.0006546165119687347
-0.00013190034196384952
0.0007914020517830972
-0.00014655593551538836
0.0007278944797264289
-3.908158280410356e-05
0.0007669760625305325
4.885197850512945e-06
0.0007278944797264289
-0.00017586712261846604
0.0007376648754274548
-0.0001709819247679531
0.0007718612603810454
-0.0001612115290669272
0.0005959941377625794
-0.00013678553981436248
0.0006888128969223254
-6.839276990718124e-05
0.0007865168539325843
-0.00017586712261846604
0.0006497313141182217
-3.908158280410356e-05
0.000810942843185149
-0.00020029311187103076
0.0006155349291646311
-0.00014167073766487544
0.00071323888617489
-0.00020517830972154372
0.0006985832926233512
-0.0001270151441133366
0.0007181240840254031
-3.908158280410356e-05
0.00071323888617489
-0.00014167073766487544
0.0009184171958964338
-0.00015632633121641425
0.0008451392281387396
-0.0001270151441133366
0.0006155349291646311
-0.00018563751831949193
0.0007718612603810454
0.0
0.0006741573033707865
-0.00021006350757205668
0.0006399609184171959
-0.000180752320468979
0.00063019052271617
-0.00023937469467513433
0.0007620908646800195
-6.35075720566683e-05
0.00071323888617489
-8.793356130923302e-05
0.000810942843185149
-0.00011235955056179774
0.0007034684904738642
-0.00015632633121641425
0.0006839276990718123
-0.00012212994626282364
0.0005862237420615535
-6.839276990718124e-05
0.000810942843185149
-0.00010258915486077186
0.0006741573033707865
-0.00017586712261846604
0.0006448461162677088
-0.00016609672691744016
0.0004934049829018075
-0.0001612115290669272
0.0004640937957987298
-0.00018563751831949193
0.0007914020517830972
-0.0002149487054225696
0.0006936980947728383
-0.00015144113336590132
0.0007865168539325843
-0.000180752320468979
0.0006546165119687347
-3.908158280410356e-05
0.00071323888617489
-9.770395701025892e-05
0.00063019052271617
-0.00019052271617000488
0.00071323888617489
-0.00016609672691744016
0.0005813385442110405
-0.00012212994626282364
0.0007962872496336101
-5.862237420615535e-05
0.000635075720566683
-0.00039081582804103567
0.0006643869076697606
-0.00013678553981436248
0.0008597948216902784
-0.00014655593551538836
0.00063019052271617
-0.0001270151441133366
0.0008793356130923302
-5.862237420615535e-05
0.0006204201270151441
0.0
0.0008207132388861749
-0.00019540791402051784
0.0007523204689789937
-0.00014655593551538836
0.0005862237420615535
-0.00021983390327308256
0.0007767464582315583
-0.0002491450903761602
0.0006888128969223254
-5.862237420615535e-05
0.0006497313141182217
-0.00020029311187103076
0.0008402540302882267
-0.00021006350757205668
0.0006008793356130923
-0.0002491450903761602
0.0006985832926233512
-0.0002442598925256473
0.00063019052271617
-0.000180752320468979
0.0007620908646800195
-0.00020517830972154372
0.0009428431851489985
-9.770395701025892e-05
0.0007572056668295066
-0.00020029311187103076
0.00063019052271617
-0.0002149487054225696
0.0006448461162677088
-4.885197850512946e-05
0.0006595017098192477
-0.00020517830972154372
0.0006741573033707865
-0.00019052271617000488
0.0006399609184171959
-0.0002247191011235955
0.0004934049829018075
-0.0002491450903761602
0.0006936980947728383
-6.839276990718124e-05
0.0006985832926233512
-0.00012212994626282364
0.0005276013678553981
-0.0001709819247679531
0.0006692721055202736
-0.00020029311187103076
0.0007669760625305325
-0.00013190034196384952
0.0006497313141182217
-3.908158280410356e-05
0.0007083536883243771
-0.00016609672691744016
0.0005911089399120664
8.304836345872008e-05
0.0006643869076697606
-0.00021983390327308256
0.0007181240840254031
-0.00012212994626282364
0.0006155349291646311
-3.419638495359062e-05
0.0008451392281387396
-0.00012212994626282364
0.000625305324865657
-0.00012212994626282364
0.0007278944797264289
-0.0002589154860771861
0.0007572056668295066
-7.816316560820712e-05
0.0005764533463605276
-0.0001270151441133366
0.0005666829506595017
-0.00026380068392769905
0.000815828041035662
-0.00016609672691744016
0.0008255984367366878
-5.37371763556424e-05
0.0008353688324377137
0.0
0.0007572056668295066
-0.00011235955056179774
0.0007718612603810454
-3.908158280410356e-05
0.00071323888617489
4.885197850512946e-05
0.0005911089399120664
-0.0001172447484123107
0.0008011724474841231
-0.00014167073766487544
0.0005911089399120664
-0.0001270151441133366
0.000723009281875916
-0.00012212994626282364
0.0006888128969223254
4.885197850512945e-06
0.000635075720566683
-0.00010258915486077186
0.0006936980947728383
-0.00013678553981436248
0.0008549096238397655
-1.954079140205178e-05
0.0007181240840254031
-0.00026868588177821203
0.0005959941377625794
-0.00014655593551538836
0.0006448461162677088
-0.0002491450903761602
0.0008304836345872007
-0.0001612115290669272
0.0007767464582315583
-0.0001270151441133366
0.0005959941377625794
-0.0002344894968246214
0.000625305324865657
-7.327796775769418e-05
0.0007620908646800195
-0.0001172447484123107
0.0006595017098192477
-0.0001172447484123107
0.0007669760625305325
-0.00010258915486077186
0.0007572056668295066
-0.0002247191011235955
0.0006497313141182217
-0.0001709819247679531
0.0007278944797264289
-0.0001270151441133366
0.0008402540302882267
-0.00018563751831949193
0.0008011724474841231
-0.0001172447484123107
0.0008207132388861749
-0.0002784562774792379
0.0006595017098192477
-9.281875915974596e-05
0.0008500244259892526
-7.816316560820712e-05
0.0007620908646800195
-0.00014167073766487544
0.0005031753786028333
-6.839276990718124e-05
0.0008011724474841231
-9.281875915974596e-05
0.0006888128969223254
-8.793356130923302e-05
0.0005373717635564241
-0.00014167073766487544
0.000723009281875916
-7.327796775769418e-05
0.0006936980947728383
2.442598925256473e-05
0.0006399609184171959
-0.0003126526624328285
0.000815828041035662
-0.00021006350757205668
0.0006497313141182217
-0.00021983390327308256
0.0006790425012212994
-0.00020029311187103076
0.0007376648754274548
-7.816316560820712e-05
0.0007278944797264289
-0.000180752320468979
0.0006106497313141182
-9.281875915974596e-05
0.0008207132388861749
-0.00030776746458231557
0.0006399609184171959
-0.0002344894968246214
0.0006546165119687347
-0.00016609672691744016
0.0007181240840254031
-0.000180752320468979
0.000635075720566683
0.0
0.0005862237420615535
-0.00022960429897410844
0.0007865168539325843
-0.00013678553981436248
0.000532486565705911
-0.0002149487054225696
0.0008402540302882267
-0.00018563751831949193
0.0006888128969223254
-0.00015144113336590132
0.000532486565705911
-0.0002784562774792379
0.0006741573033707865
-0.00012212994626282364
0.0006204201270151441
-1.954079140205178e-05
0.0006888128969223254
-0.00013190034196384952
0.0007327796775769418
-8.793356130923302e-05
0.0006497313141182217
-0.0001709819247679531
0.0006839276990718123
-9.770395701025892e-05
0.000903761602344895
-0.00022960429897410844
0.0006106497313141182
-0.0002979970688812897
0.0005373717635564241
-0.0003419638495359062
0.0006057645334636053
-8.304836345872008e-05
0.0005764533463605276
-0.00014167073766487544
0.0005227161700048852
-0.00015632633121641425
0.0006790425012212994
-0.00026868588177821203
0.0009086468001954079
-0.00013190034196384952
0.0006204201270151441
-0.0002540302882266732
0.0007376648754274548
-0.00020517830972154372
0.0007425500732779677
-0.00021983390327308256
0.0005813385442110405
-0.00030288226673180264
0.0007327796775769418
-0.0001270151441133366
0.0006546165119687347
-0.00011235955056179774
0.0005569125549584758
-8.793356130923302e-05
0.0007865168539325843
-0.00026868588177821203
0.0006741573033707865
-0.00020029311187103076
0.0008207132388861749
-0.000180752320468979
0.000815828041035662
-0.00021006350757205668
0.0008304836345872007
-9.770395701025892e-05
0.0007474352711284806
-0.00020517830972154372
0.0006399609184171959
-0.00018563751831949193
0.0006546165119687347
-1.4655593551538837e-05
0.0006546165119687347
0.0001172447484123107
0.0006888128969223254
-0.0001270151441133366
0.0005520273571079628
-0.0001074743527112848
0.0007718612603810454
-0.00022960429897410844
0.0007816316560820713
-0.0001612115290669272
0.0007376648754274548
-0.00021983390327308256
0.0005617977528089887
-0.00018563751831949193
0.0007474352711284806
-0.0001612115290669272
0.0006985832926233512
-0.0001270151441133366
0.0004982901807523204
-4.396678065461651e-05
0.0007327796775769418
-2.442598925256473e-05
0.0007914020517830972
1.4655593551538837e-05
0.000815828041035662
-0.000180752320468979
0.0005178309721543722
-0.0002882266731802638
0.0005666829506595017
-0.00014167073766487544
0.0007425500732779677
-0.00015632633121641425
0.0007425500732779677
-0.00026380068392769905
0.0005715681485100147
-0.00022960429897410844
0.0006106497313141182
-0.00021983390327308256
0.0007278944797264289
-0.0002491450903761602
0.0004934049829018075
-0.00015144113336590132
0.0008353688324377137
-0.00037127503663898385
0.0007620908646800195
-2.9311187103077675e-05
0.0006839276990718123
-0.00023937469467513433
0.00071323888617489
-0.00014655593551538836
0.0005471421592574499
-0.00014167073766487544
0.0006643869076697606
-8.793356130923302e-05
0.0005764533463605276
-0.0001709819247679531
0.0006985832926233512
-0.0002344894968246214
0.0006448461162677088
-0.00012212994626282364
0.0005276013678553981
-1.4655593551538837e-05
0.0007327796775769418
-0.00016609672691744016
0.0008011724474841231
-5.37371763556424e-05
0.0006204201270151441
-0.00022960429897410844
0.0005617977528089887
-0.00011235955056179774
0.0009135319980459208
-0.0001074743527112848
0.0006155349291646311
-0.00014655593551538836
0.0008011724474841231
-5.37371763556424e-05
0.0009281875915974596
-1.954079140205178e-05
0.0006790425012212994
-0.00022960429897410844
0.0006448461162677088
-0.00014167073766487544
0.0006790425012212994
-0.00014167073766487544
0.0007718612603810454
-0.0002784562774792379
0.0008695652173913043
-0.000180752320468979
0.0008500244259892526
-0.00026868588177821203
0.0007816316560820713
-0.00019540791402051784
0.0007181240840254031
-0.00027357107962872496
0.0006595017098192477
-0.0002247191011235955
0.0007620908646800195
-0.0001270151441133366
0.0007376648754274548
-0.0002247191011235955
0.0006204201270151441
-0.00014167073766487544
0.000903761602344895
-0.00013678553981436248
0.000625305324865657
-9.77039570102589e-06
0.000806057645334636
-6.35075720566683e-05
0.0008793356130923302
-0.00012212994626282364
0.0006692721055202736
-0.0001709819247679531
0.0005911089399120664
-0.00011235955056179774
0.0006497313141182217
-0.0001612115290669272
0.0006595017098192477
-0.00012212994626282364
0.0006448461162677088
-0.00022960429897410844
0.0006790425012212994
-0.0001709819247679531
0.0007572056668295066
-0.00020029311187103076
0.0006692721055202736
-0.0002442598925256473
0.0006155349291646311
-0.00012212994626282364
0.00063019052271617
-0.00012212994626282364
0.0006057645334636053
-0.00019052271617000488
0.0008402540302882267
-0.00020029311187103076
0.0007816316560820713
-0.0001074743527112848
0.000806057645334636
-5.37371763556424e-05
0.0007181240840254031
-0.0001172447484123107
0.0003957010258915486
-0.00016609672691744016
0.0006546165119687347
-0.0002882266731802638
0.0006643869076697606
-5.37371763556424e-05
0.0007572056668295066
-5.37371763556424e-05
0.0006839276990718123
-0.00013678553981436248
0.0007327796775769418
-0.0002149487054225696
0.0007962872496336101
-4.396678065461651e-05
0.0005911089399120664
-0.00018563751831949193
0.0006741573033707865
-0.0002491450903761602
0.0006204201270151441
-0.0002442598925256473
0.000723009281875916
-0.00014167073766487544
0.0007572056668295066
-0.0002540302882266732
0.00037127503663898385
-0.00020029311187103076
0.0006497313141182217
-5.862237420615535e-05
0.0009281875915974596
-0.00014655593551538836
0.0005862237420615535
-8.304836345872008e-05
0.0006692721055202736
-0.00020029311187103076
0.00063019052271617
-0.0002149487054225696
0.000810942843185149
-0.00010258915486077186
0.0007181240840254031
-9.770395701025892e-05
0.00063019052271617
-9.770395701025892e-05
0.0005911089399120664
-7.816316560820712e-05
0.0006546165119687347
-0.0002149487054225696
0.00071323888617489
-0.00016609672691744016
0.0006692721055202736
-0.00015632633121641425
0.000893991206643869
-0.00026380068392769905
0.0008011724474841231
-8.793356130923302e-05
0.0006204201270151441
-0.0001074743527112848
0.0007034684904738642
-3.908158280410356e-05
0.0006057645334636053
-0.00020029311187103076
0.0005373717635564241
-1.954079140205178e-05
0.0007572056668295066
-0.00019052271617000488
0.0006057645334636053
-7.816316560820712e-05
0.0008011724474841231
-0.00021006350757205668
0.0007327796775769418
-0.0001709819247679531
0.0006448461162677088
-0.00014655593551538836
0.0006985832926233512
-7.816316560820712e-05
0.0006888128969223254
-0.00013678553981436248
0.0007914020517830972
-0.000180752320468979
0.0006546165119687347
-8.304836345872008e-05
0.0006692721055202736
-0.00021983390327308256
0.0007523204689789937
-3.908158280410356e-05
0.0007914020517830972
-0.0001270151441133366
0.0009184171958964338
-0.00027357107962872496
0.0005959941377625794
-6.839276990718124e-05
0.0007962872496336101
-0.00013190034196384952
0.000903761602344895
-0.00013190034196384952
0.0006546165119687347
-0.0003321934538348803
0.0007962872496336101
-0.00028334147532975087
0.000903761602344895
-0.0002442598925256473
0.0007816316560820713
-0.00011235955056179774
0.0006692721055202736
-0.0003419638495359062
0.000810942843185149
-0.00019540791402051784
0.0007376648754274548
-0.0001270151441133366
0.0006741573033707865
-0.00010258915486077186
0.0005666829506595017
-0.0002784562774792379
0.0006546165119687347
-0.00021006350757205668
0.0006595017098192477
-0.00012212994626282364
0.0006741573033707865
-0.0002247191011235955
0.0006888128969223254
-0.00012212994626282364
0.0006204201270151441
-0.00015144113336590132
0.0006155349291646311
-0.00017586712261846604
0.0005520273571079628
-0.0001270151441133366
0.0006936980947728383
-0.0002491450903761602
0.000625305324865657
-0.00019540791402051784
0.0006497313141182217
-0.000180752320468979
0.0008255984367366878
-0.00020517830972154372
0.000903761602344895
-0.00032730825598436733
0.0006546165119687347
-0.0002491450903761602
0.000903761602344895
-0.00020517830972154372
0.0007327796775769418
-0.0002247191011235955
0.0006741573033707865
-0.0002149487054225696
0.0005764533463605276
-0.00023937469467513433
0.0008011724474841231
-0.0001709819247679531
0.0008255984367366878
-0.0002589154860771861
0.00063019052271617
-0.00018563751831949193
0.0006399609184171959
-0.0002491450903761602
0.0005715681485100147
-0.0002149487054225696
0.00063019052271617
-0.00011235955056179774
0.0008891060087933561
-0.00015144113336590132
0.0008255984367366878
-4.885197850512946e-05
0.0007865168539325843
-0.00020029311187103076
0.0008891060087933561
-0.00013190034196384952
0.0006399609184171959
-9.770395701025892e-05
0.000635075720566683
-0.00010258915486077186
0.0004885197850512946
-0.00026868588177821203
0.0006106497313141182
-6.839276990718124e-05
0.0006008793356130923
-0.00019052271617000488
0.0006546165119687347
-0.00021006350757205668
0.0009330727894479727
-7.327796775769418e-05
0.000981924767953102
-6.35075720566683e-05
0.0007523204689789937
-0.00026868588177821203
0.0007767464582315583
-0.00023937469467513433
0.0006790425012212994
-0.00011235955056179774
0.0008793356130923302
-0.00011235955056179774
0.0007962872496336101
-0.0001172447484123107
0.00063019052271617
-0.00010258915486077186
0.0007718612603810454
-0.00010258915486077186
0.0006839276990718123
-0.0001270151441133366
0.0006692721055202736
4.396678065461651e-05
0.0006155349291646311
-0.00030288226673180264
0.0006741573033707865
-0.0001612115290669272
0.0006839276990718123
-9.281875915974596e-05
0.0005959941377625794
-0.0002882266731802638
0.0007914020517830972
-0.0001709819247679531
0.0005862237420615535
-0.00023937469467513433
0.0006936980947728383
-0.00014167073766487544
0.0006008793356130923
-0.00020029311187103076
0.000532486565705911
-0.00026868588177821203
0.0006936980947728383
-0.00014167073766487544
0.0006790425012212994
-0.00013190034196384952
0.00071323888617489
-0.00017586712261846604
0.0006595017098192477
-0.00027357107962872496
0.0007034684904738642
-5.37371763556424e-05
0.0006643869076697606
-0.00013190034196384952
0.0007181240840254031
-0.00030288226673180264
0.0007278944797264289
-0.00014655593551538836
0.0006839276990718123
-0.0002344894968246214
0.0008207132388861749
-0.00017586712261846604
0.0009379579872984856
-6.839276990718124e-05
0.0005959941377625794
-6.839276990718124e-05
0.0005569125549584758
-0.00014167073766487544
0.0006106497313141182
-0.00012212994626282364
0.00071323888617489
-0.0003175378602833415
0.0007474352711284806
-0.0002149487054225696
0.00063019052271617
-0.000356619443087445
0.0006839276990718123
-0.00017586712261846604
0.0008451392281387396
-3.419638495359062e-05
0.0008891060087933561
-0.0001270151441133366
0.0005959941377625794
-0.00020029311187103076
0.0006936980947728383
-6.839276990718124e-05
0.0005666829506595017
-0.0001172447484123107
0.0006204201270151441
-3.908158280410356e-05
0.0007474352711284806
-0.00022960429897410844
0.0008011724474841231
-0.00015632633121641425
0.0007816316560820713
-0.00019052271617000488
0.0007083536883243771
-0.00014167073766487544
0.0006155349291646311
-0.0002882266731802638
0.0007914020517830972
-0.0002344894968246214
0.0007278944797264289
-0.00029311187103077673
0.0005959941377625794
-0.00030288226673180264
0.0007083536883243771
-5.37371763556424e-05
0.0006839276990718123
-0.0002149487054225696
0.0006204201270151441
-0.0001612115290669272
0.0008255984367366878
-0.00010258915486077186
0.000542256961406937
-0.00020517830972154372
0.0007034684904738642
1.954079140205178e-05
0.0008549096238397655
-0.00015632633121641425
0.0006546165119687347
-0.00014167073766487544
0.0006692721055202736
4.885197850512945e-06
0.0007278944797264289
-5.37371763556424e-05
0.000810942843185149
-0.000180752320468979
0.0005178309721543722
-0.00020029311187103076
0.0007718612603810454
-0.0002149487054225696
0.0007767464582315583
-0.0002247191011235955
0.0007278944797264289
-0.00015144113336590132
0.0006448461162677088
-0.00015632633121641425
0.0005617977528089887
-5.37371763556424e-05
0.0006888128969223254
-0.00023937469467513433
0.0006888128969223254
-0.00019052271617000488
0.0008353688324377137
-0.0002442598925256473
0.0005862237420615535
-0.000180752320468979
0.0007620908646800195
-5.862237420615535e-05
0.0007181240840254031
-0.00015144113336590132
0.0007034684904738642
-0.00026868588177821203
0.0007474352711284806
-0.00019540791402051784
0.0007620908646800195
-0.0001270151441133366
0.0006741573033707865
-0.00030288226673180264
0.0006790425012212994
-0.00022960429897410844
0.0009135319980459208
-0.00013190034196384952
0.0007523204689789937
-0.0001709819247679531
0.0005862237420615535
-0.0002247191011235955
0.0005178309721543722
5.862237420615535e-05
0.0007327796775769418
-0.0001074743527112848
0.0006741573033707865
-1.954079140205178e-05
0.0007816316560820713
-0.0001172447484123107
0.0007474352711284806
-0.00021983390327308256
0.0006155349291646311
-0.0001612115290669272
0.0008646800195407913
-4.885197850512946e-05
0.0008304836345872007
-0.000180752320468979
0.0007327796775769418
-0.0002344894968246214
0.000542256961406937
-0.0003175378602833415
0.0007425500732779677
-8.304836345872008e-05
0.00063019052271617
-9.281875915974596e-05
0.0008891060087933561
-0.00019540791402051784
0.0007327796775769418
-2.442598925256473e-05
0.000625305324865657
-3.908158280410356e-05
0.0005520273571079628
-0.0001270151441133366
0.0005862237420615535
-0.00012212994626282364
0.0007914020517830972
7.327796775769418e-05
0.0008207132388861749
-7.327796775769418e-05
0.0005569125549584758
-0.0003663898387884709
0.0005862237420615535
-5.37371763556424e-05
0.0007083536883243771
-0.00018563751831949193
0.0007572056668295066
-0.00021006350757205668
0.0008891060087933561
-4.885197850512946e-05
0.0006790425012212994
-0.0001172447484123107
0.0005715681485100147
-0.00014167073766487544
0.0007865168539325843
-9.281875915974596e-05
0.0006106497313141182
-9.77039570102589e-06
0.0005666829506595017
-8.304836345872008e-05
0.0006546165119687347
6.35075720566683e-05
0.0007620908646800195
-0.00015144113336590132
0.0007278944797264289
-0.00021006350757205668
0.0006985832926233512
-0.0001270151441133366
0.0005862237420615535
-0.0001270151441133366
0.0008011724474841231
-0.00015144113336590132
0.0005715681485100147
-8.304836345872008e-05
0.0006448461162677088
-0.000180752320468979
0.000723009281875916
-0.00015632633121641425
0.0006448461162677088
-7.327796775769418e-05
0.0006057645334636053
-0.00010258915486077186
0.0006106497313141182
-0.00014655593551538836
0.00041035661944308744
-0.000180752320468979
0.0008597948216902784
-0.00015144113336590132
0.0007816316560820713
-0.0002491450903761602
0.0007572056668295066
-0.00018563751831949193
0.0005520273571079628
-8.793356130923302e-05
0.0007865168539325843
-2.9311187103077675e-05
0.0009135319980459208
-0.00018563751831949193
0.0007034684904738642
-0.00011235955056179774
0.0006985832926233512
-5.862237420615535e-05
0.0007572056668295066
-0.00020029311187103076
0.0008695652173913043
-0.00013190034196384952
0.0006008793356130923
-0.00017586712261846604
0.0006741573033707865
-0.00016609672691744016
0.0007425500732779677
-1.954079140205178e-05
0.0006888128969223254
-0.00012212994626282364
0.0006106497313141182
-0.00015632633121641425
0.000723009281875916
-0.00015632633121641425
0.0006839276990718123
-0.00026868588177821203
0.0008353688324377137
-0.00034684904738641916
0.000542256961406937
-0.0002344894968246214
0.0007034684904738642
-0.00022960429897410844
0.0007278944797264289
-0.00011235955056179774
0.0007327796775769418
-6.35075720566683e-05
0.000723009281875916
-0.00019052271617000488
0.00063019052271617
-0.00014167073766487544
0.0008304836345872007
-0.00021006350757205668
0.0006106497313141182
-0.000180752320468979
0.0007327796775769418
-6.839276990718124e-05
0.0007376648754274548
-0.0002882266731802638
0.0006741573033707865
-8.304836345872008e-05
0.0006497313141182217
-9.770395701025892e-05
0.000723009281875916
-0.0001709819247679531
0.0005617977528089887
-0.00017586712261846604
0.0006839276990718123
-0.0002540302882266732
0.0005862237420615535
-0.00023937469467513433
0.0006204201270151441
-0.00020029311187103076
0.0008842208109428432
-8.304836345872008e-05
0.0007425500732779677
-0.00014655593551538836
0.0007669760625305325
-1.954079140205178e-05
0.0006595017098192477
-0.00014655593551538836
0.0008646800195407913
-0.00012212994626282364
0.0006546165119687347
-0.00012212994626282364
0.0008451392281387396
-0.00016609672691744016
0.0006985832926233512
-8.793356130923302e-05
0.0005617977528089887
-0.0002491450903761602
0.0006497313141182217
-0.00033707865168539324
0.0007767464582315583
-0.00022960429897410844
0.0005764533463605276
-0.00030776746458231557
0.0006057645334636053
-0.00014167073766487544
0.0006839276990718123
-0.00013678553981436248
0.0006985832926233512
-0.00023937469467513433
0.0006936980947728383
-0.00017586712261846604
0.0006839276990718123
-0.0001172447484123107
0.0006643869076697606
-0.0002247191011235955
0.0006985832926233512
-0.00014167073766487544
0.0006643869076697606
-0.00018563751831949193
0.0005911089399120664
-0.0002149487054225696
0.0006643869076697606
-0.0002149487054225696
0.0006204201270151441
-0.0001172447484123107
0.0005373717635564241
-9.770395701025892e-05
0.0004982901807523204
-0.00017586712261846604
0.0007181240840254031
-0.0001709819247679531
0.0007474352711284806
-0.00028334147532975087
0.000723009281875916
-0.00017586712261846604
0.0006936980947728383
-0.00019540791402051784
0.0009184171958964338
-0.0002491450903761602
0.0006839276990718123
-0.00012212994626282364
0.0005569125549584758
-0.00015144113336590132
0.0007278944797264289
-0.0002442598925256473
0.0006155349291646311
-6.35075720566683e-05
0.0005617977528089887
-0.00021983390327308256
0.0005764533463605276
-0.00021006350757205668
0.00063019052271617
-0.0002344894968246214
0.000723009281875916
-0.0002247191011235955
0.0006692721055202736
-0.00022960429897410844
0.0007572056668295066
-0.00023937469467513433
0.0005911089399120664
-0.0002344894968246214
0.0006008793356130923
-0.0001172447484123107
0.0005666829506595017
-0.00022960429897410844
0.0006204201270151441
-0.00017586712261846604
0.0007083536883243771
-0.00016609672691744016
0.0005764533463605276
0.0
0.0005764533463605276
-0.00028334147532975087
0.0006888128969223254
-0.0003224230581338544
0.0005178309721543722
-0.00015632633121641425
0.0006936980947728383
-0.0001709819247679531
0.0007181240840254031
-0.00020517830972154372
0.000810942843185149
-0.0001612115290669272
0.0005471421592574499
-0.00020029311187103076
0.0007718612603810454
-0.00011235955056179774
0.0006888128969223254
-0.0003126526624328285
0.00071323888617489
3.419638495359062e-05
0.0006888128969223254
-0.00015632633121641425
0.0007914020517830972
-0.00021983390327308256
0.0007718612603810454
-0.00021983390327308256
0.0006741573033707865
-0.00023937469467513433
0.0005520273571079628
-0.0002247191011235955
0.0006839276990718123
-0.0004250122129946263
0.0005276013678553981
-0.00010258915486077186
0.0005129457743038593
-0.00030288226673180264
0.0006936980947728383
-0.0002442598925256473
0.0006595017098192477
-0.00021983390327308256
0.0006839276990718123
-0.0002882266731802638
0.0007914020517830972
-0.00011235955056179774
0.0006643869076697606
-0.00020029311187103076
0.0008793356130923302
-0.0002442598925256473
0.0007914020517830972
-0.00015144113336590132
0.0006741573033707865
-0.00021006350757205668
0.0006643869076697606
-9.770395701025892e-05
0.00071323888617489
-0.00017586712261846604
0.0007278944797264289
-0.00012212994626282364
0.0007034684904738642
-8.793356130923302e-05
0.000542256961406937
-0.0002442598925256473
0.0005276013678553981
-9.281875915974596e-05
0.0005813385442110405
-0.00027357107962872496
0.0008451392281387396
-0.00026380068392769905
0.0008255984367366878
-5.37371763556424e-05
0.0006155349291646311
-0.00019052271617000488
0.0007914020517830972
-9.281875915974596e-05
0.0005520273571079628
-0.0002589154860771861
0.0005911089399120664
-0.00021006350757205668
0.0007718612603810454
-0.00013190034196384952
0.0005911089399120664
-0.0002589154860771861
0.0007572056668295066
-0.00041035661944308744
0.0005178309721543722
-0.00018563751831949193
0.0005666829506595017
-0.00021006350757205668
0.0006643869076697606
-7.327796775769418e-05
0.0006936980947728383
-0.0001270151441133366
0.0007572056668295066
-3.419638495359062e-05
0.0006839276990718123
-0.0001709819247679531
0.0006448461162677088
-0.0002540302882266732
0.0007523204689789937
-8.304836345872008e-05
0.0005617977528089887
-0.000180752320468979
0.0005080605764533464
-0.0002882266731802638
0.000625305324865657
-7.327796775769418e-05
0.0008353688324377137
-0.00020029311187103076
0.0008353688324377137
-9.770395701025892e-05
0.0007474352711284806
-2.442598925256473e-05
0.0007620908646800195
-0.0001074743527112848
0.0006106497313141182
-0.00012212994626282364
0.0006985832926233512
-0.00019540791402051784
0.0006399609184171959
-0.00028334147532975087
0.00048363458720078164
-0.0003321934538348803
0.00048363458720078164
-0.00030776746458231557
0.0006106497313141182
-0.00022960429897410844
0.000806057645334636
-0.00040058622374206153
0.0010014655593551538
-0.00022960429897410844
0.0007669760625305325
-5.37371763556424e-05
0.0005862237420615535
-3.419638495359062e-05
0.0005813385442110405
-0.00034684904738641916
0.0007718612603810454
-0.0002344894968246214
0.0007474352711284806
-0.0001074743527112848
0.0007425500732779677
-0.00020029311187103076
0.0006643869076697606
-0.0002344894968246214
0.0007620908646800195
-0.0003859306301905227
0.00071323888617489
-0.0001270151441133366
0.0007620908646800195
-0.00015632633121641425
0.0007034684904738642
-2.9311187103077675e-05
0.0007376648754274548
-0.00022960429897410844
0.0006936980947728383
-0.0003419638495359062
0.0007278944797264289
-0.0003175378602833415
0.0006790425012212994
-0.00021983390327308256
0.0005911089399120664
-0.0002149487054225696
0.0007327796775769418
-0.00021006350757205668
0.000893991206643869
-0.0002442598925256473
0.0007572056668295066
-0.0001172447484123107
0.000815828041035662
-0.00015144113336590132
0.0006790425012212994
-0.0001172447484123107
0.0007181240840254031
-0.0003419638495359062
0.0006692721055202736
-0.00016609672691744016
0.000625305324865657
-0.0002540302882266732
0.0007034684904738642
-0.00027357107962872496
0.0006985832926233512
-0.0002784562774792379
0.0005080605764533464
-9.281875915974596e-05
0.0006595017098192477
-0.0002540302882266732
0.0006595017098192477
-0.00032730825598436733
0.0006741573033707865
-0.000180752320468979
0.0006595017098192477
-0.00020029311187103076
0.0006155349291646311
-0.00018563751831949193
0.000532486565705911
-0.00015632633121641425
0.0007718612603810454
-7.816316560820712e-05
0.00047874938935026865
-0.00026380068392769905
0.0005471421592574499
-0.00019052271617000488
0.0004982901807523204
-0.0002979970688812897
0.0006155349291646311
-5.37371763556424e-05
0.0007425500732779677
-0.0002540302882266732
0.0007034684904738642
-0.00016609672691744016
0.0006057645334636053
-0.00021983390327308256
0.0006155349291646311
-0.00014655593551538836
0.0005031753786028333
-0.0002442598925256473
0.00063019052271617
-8.793356130923302e-05
0.0006595017098192477
-0.0002491450903761602
0.0005569125549584758
-0.00018563751831949193
0.0007376648754274548
-0.00015632633121641425
0.00071323888617489
-0.0001709819247679531
0.0004396678065461651
-0.00027357107962872496
0.000815828041035662
-0.00020029311187103076
0.0007376648754274548
-0.00021983390327308256
0.0006497313141182217
-0.0002784562774792379
0.0007278944797264289
-0.00015144113336590132
0.0006985832926233512
-0.00012212994626282364
0.0008255984367366878
-0.00019052271617000488
0.0006546165119687347
-0.0001709819247679531
0.000532486565705911
-0.0002442598925256473
0.0005911089399120664
4.396678065461651e-05
0.0008304836345872007
-0.00020517830972154372
0.000635075720566683
-4.396678065461651e-05
0.000625305324865657
-0.0002540302882266732
0.0006839276990718123
-0.00030288226673180264
0.0006595017098192477
-0.00014655593551538836
0.0006057645334636053
-0.00020029311187103076
0.000635075720566683
-8.304836345872008e-05
0.0006448461162677088
-3.908158280410356e-05
0.00071323888617489
-0.00021006350757205668
0.0005129457743038593
-0.00020517830972154372
0.0007767464582315583
-8.304836345872008e-05
0.0004396678065461651
-4.885197850512946e-05
0.0007376648754274548
-0.00015144113336590132
0.0008207132388861749
-7.816316560820712e-05
0.0005911089399120664
-9.770395701025892e-05
0.0008207132388861749
-0.0003175378602833415
0.0007914020517830972
-0.00019052271617000488
0.0006839276990718123
-0.00015632633121641425
0.0006008793356130923
-0.00021006350757205668
0.0006741573033707865
-6.35075720566683e-05
0.0009184171958964338
-0.00012212994626282364
0.0006936980947728383
-6.35075720566683e-05
0.0006595017098192477
-0.00019052271617000488
0.0007523204689789937
-0.0002442598925256473
0.0005911089399120664
-0.00020517830972154372
0.0007327796775769418
-0.00029311187103077673
0.0006888128969223254
-0.000361504640937958
0.0005764533463605276
-0.00011235955056179774
0.0005911089399120664
-0.0002979970688812897
0.0007278944797264289
-0.00017586712261846604
0.0006985832926233512
-0.00021983390327308256
0.0006790425012212994
-0.00021006350757205668
0.0007767464582315583
-0.0001709819247679531
0.0006595017098192477
-9.770395701025892e-05
0.0007083536883243771
-0.00014167073766487544
0.0007278944797264289
-0.00021983390327308256
0.0006888128969223254
-0.00013678553981436248
0.0006888128969223254
-0.0001612115290669272
0.0007083536883243771
-4.396678065461651e-05
0.00063019052271617
-0.00011235955056179774
0.0006546165119687347
-0.00017586712261846604
0.000893991206643869
-0.00014167073766487544
0.0006448461162677088
-3.908158280410356e-05
0.0006008793356130923
-0.0002247191011235955
0.00071323888617489
-0.00014167073766487544
0.0007376648754274548
-0.00014655593551538836
0.00048363458720078164
-5.862237420615535e-05
0.0006643869076697606
-0.00017586712261846604
0.0005617977528089887
-0.00020029311187103076
0.0005373717635564241
-0.0003126526624328285
0.0007181240840254031
-0.0001270151441133366
0.0007278944797264289
-0.00021983390327308256
0.0007278944797264289
-0.00027357107962872496
0.0005715681485100147
-0.00018563751831949193
0.00041524181729360037
-0.00013678553981436248
0.0006692721055202736
-0.00015632633121641425
0.00071323888617489
-0.00028334147532975087
0.0006008793356130923
-0.00021006350757205668
0.0007425500732779677
-0.00022960429897410844
0.0008207132388861749
-0.00013678553981436248
0.0006839276990718123
-0.00019540791402051784
0.00063019052271617
-9.281875915974596e-05
0.0008597948216902784
-6.35075720566683e-05
0.0004689789936492428
-0.00020029311187103076
0.0006204201270151441
-0.00012212994626282364
0.0007278944797264289
-0.00021983390327308256
0.00071323888617489
-0.0001172447484123107
0.0005080605764533464
-0.0002344894968246214
0.0005813385442110405
-0.000180752320468979
0.0007474352711284806
-0.00012212994626282364
0.0005715681485100147
-0.00021983390327308256
0.0007767464582315583
-0.0002882266731802638
0.0006448461162677088
-0.00017586712261846604
0.0006595017098192477
-0.000356619443087445
0.0006106497313141182
-0.00021006350757205668
0.0006839276990718123
-0.0002589154860771861
0.0007083536883243771
-5.862237420615535e-05
0.0007181240840254031
-8.793356130923302e-05
0.0007376648754274548
0.0
0.0005276013678553981
-0.00023937469467513433
0.0006155349291646311
-0.00014655593551538836
0.000806057645334636
-0.00029311187103077673
0.0006448461162677088
-0.00013678553981436248
0.0005129457743038593
-0.0001270151441133366
0.0007572056668295066
-0.00017586712261846604
0.0006546165119687347
-0.00014655593551538836
0.0006595017098192477
-0.0002589154860771861
0.0005178309721543722
-0.00020029311187103076
0.0007425500732779677
-8.304836345872008e-05
0.0006643869076697606
-0.00015632633121641425
0.0005959941377625794
-7.327796775769418e-05
0.0007376648754274548
-0.00010258915486077186
0.0006448461162677088
-0.00019540791402051784
0.0006790425012212994
-0.0002491450903761602
0.0006497313141182217
-5.37371763556424e-05
0.000815828041035662
-0.00026380068392769905
0.0008011724474841231
-0.00018563751831949193
0.0007034684904738642
-0.00030776746458231557
0.0006008793356130923
-0.00016609672691744016
0.0006888128969223254
-0.00034684904738641916
0.0009233023937469467
-0.00017586712261846604
0.0006204201270151441
-0.00015632633121641425
0.0006204201270151441
-0.0001270151441133366
0.000542256961406937
-0.00021006350757205668
0.0006692721055202736
-0.0003126526624328285
0.00063019052271617
-0.0003126526624328285
0.0006448461162677088
-0.00011235955056179774
0.0005666829506595017
-0.0001709819247679531
0.0007034684904738642
-0.00010258915486077186
0.0006448461162677088
-0.00023937469467513433
0.0006790425012212994
-0.0002491450903761602
0.0006985832926233512
-0.00014167073766487544
0.0007083536883243771
-0.00023937469467513433
0.0006204201270151441
-0.00019540791402051784
0.0006204201270151441
-0.0002149487054225696
0.0007327796775769418
-0.000180752320468979
0.000635075720566683
-0.0002491450903761602
0.0007327796775769418
-0.0001074743527112848
0.0006790425012212994
-0.00016609672691744016
0.0006936980947728383
-0.0002491450903761602
0.0006497313141182217
-7.327796775769418e-05
0.0005911089399120664
-0.00041524181729360037
0.0007034684904738642
-0.00021983390327308256
0.0007523204689789937
-0.0002344894968246214
0.0005569125549584758
-7.816316560820712e-05
0.0005617977528089887
-0.0002882266731802638
0.0005911089399120664
-1.4655593551538837e-05
0.00071323888617489
-4.885197850512946e-05
0.0005373717635564241
-0.0002149487054225696
0.0005862237420615535
-0.00027357107962872496
0.0005373717635564241
-0.00026868588177821203
0.0006448461162677088
-0.0002491450903761602
0.000625305324865657
-0.0002784562774792379
0.000635075720566683
-0.00019540791402051784
0.0004934049829018075
-0.00027357107962872496
0.0007327796775769418
-0.00015144113336590132
0.0006936980947728383
-9.770395701025892e-05
0.000532486565705911
-0.00015144113336590132
0.0007083536883243771
-0.0001270151441133366
0.0005617977528089887
-0.00013678553981436248
0.0008891060087933561
-0.0002247191011235955
0.0007914020517830972
-0.0002882266731802638
0.0005764533463605276
-0.000180752320468979
0.00071323888617489
-0.0003126526624328285
0.0003957010258915486
-0.0001074743527112848
0.000723009281875916
-0.00027357107962872496
0.0006936980947728383
-0.00023937469467513433
0.0006155349291646311
-0.0002442598925256473
0.0006497313141182217
-0.00020517830972154372
0.0004885197850512946
-0.00020029311187103076
0.0007914020517830972
-0.000180752320468979
0.0007474352711284806
-0.00028334147532975087
0.0006888128969223254
-0.00016609672691744016
0.00071323888617489
-2.442598925256473e-05
0.0006839276990718123
-7.327796775769418e-05
0.00063019052271617
-0.0002979970688812897
0.0006741573033707865
-2.9311187103077675e-05
0.0005569125549584758
-0.00012212994626282364
0.0007474352711284806
-0.0002344894968246214
0.0008207132388861749
-0.00016609672691744016
0.0006985832926233512
-4.885197850512946e-05
0.0007083536883243771
-0.00022960429897410844
0.0006204201270151441
-0.0002442598925256473
0.0007572056668295066
-0.00029311187103077673
0.0006985832926233512
-0.00014167073766487544
0.0005813385442110405
-0.00028334147532975087
0.0006155349291646311
-0.00014167073766487544
0.000635075720566683
-0.00015632633121641425
0.0006057645334636053
-0.00011235955056179774
0.0006692721055202736
-0.00032730825598436733
0.0006155349291646311
-0.0003663898387884709
0.0005276013678553981
-0.0002540302882266732
0.0007181240840254031
-0.00019540791402051784
0.0006741573033707865
-0.00019540791402051784
0.0006936980947728383
-0.0002882266731802638
0.0004885197850512946
-0.0003321934538348803
0.0007034684904738642
-0.00018563751831949193
0.0007327796775769418
-0.0003419638495359062
0.0007425500732779677
-0.0002882266731802638
0.0005911089399120664
-0.00019052271617000488
0.0007034684904738642
-0.00020029311187103076
0.0007669760625305325
-0.00021983390327308256
0.0006936980947728383
-0.00017586712261846604
0.0006497313141182217
-0.0001074743527112848
0.0004982901807523204
-0.0003126526624328285
0.0009086468001954079
-0.00020029311187103076
0.0006839276990718123
-8.793356130923302e-05
0.000723009281875916
-0.0001172447484123107
0.0006497313141182217
-0.00028334147532975087
0.00063019052271617
-8.793356130923302e-05
0.0004934049829018075
-0.00022960429897410844
0.000532486565705911
-0.00021006350757205668
0.0005666829506595017
-0.0002149487054225696
0.0007718612603810454
-3.908158280410356e-05
0.000542256961406937
-0.0002540302882266732
0.0006936980947728383
-0.00020517830972154372
0.0005862237420615535
-7.327796775769418e-05
0.0008207132388861749
-0.0001270151441133366
0.0007034684904738642
-0.00016609672691744016
0.0006985832926233512
-0.000180752320468979
0.0006546165119687347
-0.00022960429897410844
0.0007181240840254031
-0.00026380068392769905
0.000903761602344895
-0.00020029311187103076
0.0005764533463605276
-0.0001612115290669272
0.0007181240840254031
-0.00021983390327308256
0.0008744504152418173
-0.0002344894968246214
0.0007523204689789937
-0.00023937469467513433
0.0005764533463605276
-0.00017586712261846604
0.000532486565705911
-0.0002784562774792379
0.0005959941377625794
-0.00028334147532975087
0.0006936980947728383
-0.000180752320468979
0.0004885197850512946
-0.0002344894968246214
0.0005520273571079628
-0.00018563751831949193
0.0006888128969223254
-0.0002589154860771861
0.0004640937957987298
-0.00019052271617000488
0.0007181240840254031
-0.00026868588177821203
0.0007767464582315583
-0.0002344894968246214
0.0006546165119687347
-0.00028334147532975087
0.000815828041035662
-3.419638495359062e-05
0.0006936980947728383
-6.839276990718124e-05
0.00063019052271617
-0.00015144113336590132
0.000635075720566683
-0.00016609672691744016
0.0006985832926233512
-0.00020029311187103076
0.0006497313141182217
-0.000180752320468979
0.0006546165119687347
-0.00014167073766487544
0.000542256961406937
-0.0003224230581338544
0.0005471421592574499
-0.00017586712261846604
0.0008011724474841231
-0.0002491450903761602
0.0005569125549584758
-0.00015144113336590132
0.0006790425012212994
-0.000180752320468979
0.0006936980947728383
-0.0002882266731802638
0.0005715681485100147
-0.00032730825598436733
0.0006985832926233512
-6.35075720566683e-05
0.00048363458720078164
-0.00014167073766487544
0.0005862237420615535
-0.00019540791402051784
0.0008011724474841231
-0.00021006350757205668
0.000723009281875916
-8.793356130923302e-05
0.0006008793356130923
-0.00014655593551538836
0.0005569125549584758
-0.0002247191011235955
0.000625305324865657
-0.0001612115290669272
0.0006692721055202736
-0.00019540791402051784
0.0006448461162677088
-0.0002344894968246214
0.0006155349291646311
-0.0002979970688812897
0.0005862237420615535
-0.0002979970688812897
0.000542256961406937
-0.0002540302882266732
0.0006595017098192477
-0.00019540791402051784
0.0007669760625305325
-7.816316560820712e-05
0.0006643869076697606
-0.00017586712261846604
0.0006008793356130923
-0.0002149487054225696
0.000532486565705911
-0.0002589154860771861
0.0006839276990718123
-0.0002344894968246214
0.0004934049829018075
-0.00014655593551538836
0.0006595017098192477
-0.00020517830972154372
0.0006741573033707865
-0.0002589154860771861
0.000532486565705911
-0.00013190034196384952
0.0007914020517830972
-4.885197850512945e-06
0.000635075720566683
-0.0003517342452369321
0.0006741573033707865
-0.0001172447484123107
0.0007718612603810454
-0.00030288226673180264
0.0006643869076697606
-0.00011235955056179774
0.0008353688324377137
-0.0002247191011235955
0.0005569125549584758
-8.304836345872008e-05
0.000361504640937958
-0.0002344894968246214
0.0004640937957987298
-0.0003321934538348803
0.0007376648754274548
-0.0001709819247679531
0.0007425500732779677
-7.816316560820712e-05
0.0005911089399120664
-0.0001612115290669272
0.0007034684904738642
-0.00019540791402051784
0.0007034684904738642
-0.0002149487054225696
0.0006008793356130923
-9.770395701025892e-05
0.00071323888617489
-0.00013678553981436248
0.0005764533463605276
-0.0002882266731802638
0.000542256961406937
-6.839276990718124e-05
0.000806057645334636
-8.793356130923302e-05
0.00071323888617489
-0.00023937469467513433
0.0007376648754274548
-0.00021006350757205668
0.0006497313141182217
-0.0003175378602833415
0.0004640937957987298
-0.00019052271617000488
0.00037616023448949683
-0.0002247191011235955
0.0004640937957987298
-0.00018563751831949193
0.0006448461162677088
-0.00021983390327308256
0.0006741573033707865
-0.0002491450903761602
0.0005813385442110405
-0.0002589154860771861
0.0006155349291646311
-0.0002540302882266732
0.0006643869076697606
-0.0001074743527112848
0.0006546165119687347
-0.00020517830972154372
0.0007083536883243771
-0.00020029311187103076
0.0005520273571079628
-0.00027357107962872496
0.0005959941377625794
-0.0001709819247679531
0.0006057645334636053
-0.00019540791402051784
0.000542256961406937
-0.00012212994626282364
0.0006399609184171959
-0.0002491450903761602
0.000635075720566683
-0.00032730825598436733
0.0008207132388861749
-0.00023937469467513433
0.0006106497313141182
-8.304836345872008e-05
0.0007962872496336101
-0.00016609672691744016
0.0007767464582315583
-0.0002344894968246214
0.0006595017098192477
-0.00019052271617000488
0.0007474352711284806
-0.00023937469467513433
0.000723009281875916
-0.0003859306301905227
0.0006936980947728383
-0.00028334147532975087
0.0006888128969223254
-0.000180752320468979
0.0007376648754274548
-0.00037127503663898385
0.000532486565705911
-0.0001270151441133366
0.0006106497313141182
-0.00021006350757205668
0.0006790425012212994
-0.00015632633121641425
0.0007620908646800195
-0.00018563751831949193
0.0006595017098192477
-5.862237420615535e-05
0.000810942843185149
-0.00018563751831949193
0.0007620908646800195
-0.0001709819247679531
0.0006497313141182217
-0.00012212994626282364
0.0007718612603810454
-0.0002979970688812897
0.0007181240840254031
-0.00014167073766487544
0.0007376648754274548
-9.281875915974596e-05
0.0005666829506595017
-0.00022960429897410844
0.0008011724474841231
-0.00027357107962872496
0.000723009281875916
-7.816316560820712e-05
0.0007376648754274548
-0.00026868588177821203
0.0007962872496336101
-0.0003224230581338544
0.0005959941377625794
-0.00010258915486077186
0.0007572056668295066
-9.770395701025892e-05
0.0007376648754274548
-0.00011235955056179774
0.0007181240840254031
-0.00020517830972154372
0.0007572056668295066
-0.0002589154860771861
0.0006692721055202736
-0.0002344894968246214
0.0005813385442110405
-0.0002149487054225696
0.0006692721055202736
-0.00015632633121641425
0.0007523204689789937
-0.00015632633121641425
0.0005276013678553981
-0.00020029311187103076
0.0006497313141182217
-0.00019052271617000488
0.0007034684904738642
-0.00026380068392769905
0.0007376648754274548
-8.793356130923302e-05
0.0005959941377625794
-0.0002247191011235955
0.0006106497313141182
-0.00032730825598436733
0.0005569125549584758
-0.00027357107962872496
0.0006204201270151441
-0.00014655593551538836
0.0006692721055202736
-0.0001172447484123107
0.0006448461162677088
-0.00030776746458231557
0.0005666829506595017
-0.00030288226673180264
0.00071323888617489
-0.000180752320468979
0.000532486565705911
-0.00011235955056179774
0.0005666829506595017
-0.00016609672691744016
0.0004982901807523204
-0.00019540791402051784
0.0006155349291646311
-0.0001709819247679531
0.0006448461162677088
-0.00014167073766487544
0.0005911089399120664
-0.0001270151441133366
0.0005666829506595017
-0.00016609672691744016
0.0006741573033707865
-0.0001709819247679531
0.0005031753786028333
-0.00023937469467513433
0.0006106497313141182
-0.0002149487054225696
0.0005911089399120664
-0.0002247191011235955
0.0006985832926233512
-0.0002784562774792379
0.0005569125549584758
-0.0003321934538348803
0.0005715681485100147
-0.0002247191011235955
0.0005764533463605276
-0.00022960429897410844
0.0006155349291646311
-0.00020029311187103076
0.0007083536883243771
-0.00011235955056179774
0.0005471421592574499
-0.0002882266731802638
0.0004885197850512946
-0.00013190034196384952
0.00063019052271617
-0.00015632633121641425
0.0006985832926233512
-0.00019540791402051784
0.000625305324865657
-0.0003224230581338544
0.0004982901807523204
-0.0003224230581338544
0.0005276013678553981
-0.00018563751831949193
0.0006008793356130923
-8.304836345872008e-05
0.0006692721055202736
-0.0003126526624328285
0.0006057645334636053
-0.0002589154860771861
0.0006399609184171959
-0.0002491450903761602
0.0007083536883243771
-0.00018563751831949193
0.0007914020517830972
-0.00023937469467513433
0.0005373717635564241
-0.00030776746458231557
0.0005764533463605276
-0.00019052271617000488
0.0007181240840254031
-0.00013190034196384952
0.000635075720566683
-0.00030288226673180264
0.00063019052271617
-0.00016609672691744016
0.0006888128969223254
-0.0003126526624328285
0.0007620908646800195
-0.0001612115290669272
0.0007474352711284806
-0.00033707865168539324
0.0007083536883243771
-0.0003224230581338544
0.0004885197850512946
-0.0002784562774792379
0.000815828041035662
-0.0001172447484123107
0.0007376648754274548
-0.0002882266731802638
0.0005471421592574499
-0.0002247191011235955
0.0004934049829018075
-0.00013190034196384952
0.0006057645334636053
-0.00028334147532975087
0.0007523204689789937
-0.0002247191011235955
0.0006839276990718123
-0.00037616023448949683
0.0005373717635564241
-0.00018563751831949193
0.0006497313141182217
-0.00026380068392769905
0.0005276013678553981
-0.00030288226673180264
0.00041524181729360037
-0.0002247191011235955
0.0006741573033707865
-0.0002442598925256473
0.0006936980947728383
-0.00017586712261846604
0.0005959941377625794
-0.00037616023448949683
0.0007034684904738642
-0.00016609672691744016
0.0005959941377625794
-0.0002979970688812897
0.000815828041035662
-0.0001074743527112848
0.0005813385442110405
-0.0003957010258915486
0.0005373717635564241
-0.00026868588177821203
0.0007376648754274548
-0.00027357107962872496
0.0007620908646800195
-0.0003126526624328285
0.0006008793356130923
-0.00016609672691744016
0.0006057645334636053
-0.0002882266731802638
0.0006399609184171959
-0.00019052271617000488
0.0006008793356130923
-0.00020517830972154372
0.0006399609184171959
-8.793356130923302e-05
0.0006204201270151441
-0.0002344894968246214
0.0005959941377625794
-0.00014167073766487544
0.0006839276990718123
-0.00027357107962872496
0.0005617977528089887
-0.00026868588177821203
0.0006008793356130923
-0.00026868588177821203
0.0005276013678553981
-0.00014167073766487544
0.0006448461162677088
-0.00032730825598436733
0.0007572056668295066
-0.0003224230581338544
0.000625305324865657
-0.0002442598925256473
0.0006399609184171959
-0.0002882266731802638
0.0005862237420615535
-0.0002784562774792379
0.0006985832926233512
-0.0002344894968246214
0.0005862237420615535
-0.0003126526624328285
0.0005031753786028333
-4.396678065461651e-05
0.0006448461162677088
-0.00016609672691744016
0.0006595017098192477
-0.00020029311187103076
0.0005862237420615535
-0.00012212994626282364
0.0006204201270151441
-0.00019052271617000488
0.0007425500732779677
-0.00013678553981436248
0.0007376648754274548
-0.0003321934538348803
0.0006008793356130923
-0.00021983390327308256
0.0007376648754274548
-0.00029311187103077673
0.0007034684904738642
-0.00027357107962872496
0.0006204201270151441
-0.00019540791402051784
0.0005666829506595017
-0.0002979970688812897
0.0007669760625305325
-8.793356130923302e-05
0.00047874938935026865
-0.00012212994626282364
0.0006546165119687347
-0.00014167073766487544
0.0005715681485100147
-0.00021006350757205668
0.0006008793356130923
-0.0003957010258915486
0.0007620908646800195
-0.0002344894968246214
0.0006888128969223254
-0.00020517830972154372
0.0006155349291646311
-0.0002589154860771861
0.0006106497313141182
-0.00020517830972154372
0.0008451392281387396
-0.00012212994626282364
0.00063019052271617
-0.00021983390327308256
0.0005227161700048852
-0.000361504640937958
0.0005862237420615535
-5.862237420615535e-05
0.0005813385442110405
-9.281875915974596e-05
0.0007669760625305325
-0.00021006350757205668
0.0007327796775769418
-0.00016609672691744016
0.0006936980947728383
-0.00013190034196384952
0.0006790425012212994
-0.00029311187103077673
0.00041524181729360037
-0.0001074743527112848
0.0006643869076697606
-0.00030776746458231557
0.0006057645334636053
-0.00020029311187103076
0.0007327796775769418
-4.885197850512946e-05
0.00047874938935026865
-0.0002442598925256473
0.0006448461162677088
-0.00010258915486077186
0.0006692721055202736
-0.00014167073766487544
0.0006546165119687347
-0.0002882266731802638
0.0005373717635564241
-0.00030288226673180264
0.000542256961406937
-0.00020517830972154372
0.0004934049829018075
3.419638495359062e-05
0.00071323888617489
-0.0001709819247679531
0.000815828041035662
-0.00027357107962872496
0.0005764533463605276
-0.00026380068392769905
0.0007572056668295066
-0.0001709819247679531
0.0005129457743038593
-0.00016609672691744016
0.0005813385442110405
-0.00017586712261846604
0.0006936980947728383
-0.00017586712261846604
0.0005911089399120664
-0.0001270151441133366
0.0007083536883243771
-0.00027357107962872496
0.0005227161700048852
-0.00011235955056179774
0.0008207132388861749
-0.0003224230581338544
0.0007962872496336101
-7.816316560820712e-05
0.0007425500732779677
-0.0002344894968246214
0.0007620908646800195
-6.35075720566683e-05
0.00041035661944308744
-0.00014167073766487544
0.0006204201270151441
-0.00023937469467513433
0.0007914020517830972
-0.00012212994626282364
0.0005764533463605276
-0.00013190034196384952
0.0007718612603810454
-9.770395701025892e-05
0.0004982901807523204
-0.00014655593551538836
0.0006936980947728383
-0.00015632633121641425
0.0006839276990718123
-0.00010258915486077186
0.0006399609184171959
-0.00018563751831949193
0.0005276013678553981
-0.00023937469467513433
0.0005373717635564241
-0.0001074743527112848
0.0006936980947728383
-0.0002344894968246214
0.0007034684904738642
-6.839276990718124e-05
0.000635075720566683
-0.00023937469467513433
0.0005520273571079628
-0.0002149487054225696
0.0006008793356130923
-0.00015144113336590132
0.0005373717635564241
-0.00026380068392769905
0.0005373717635564241
-0.00014655593551538836
0.0007327796775769418
-0.00020517830972154372
0.0005666829506595017
-0.00012212994626282364
0.000635075720566683
-0.0002882266731802638
0.0006057645334636053
-4.396678065461651e-05
0.0004054714215925745
-6.839276990718124e-05
0.000723009281875916
-0.00020029311187103076
0.0007865168539325843
-0.0001172447484123107
0.0006008793356130923
-0.000180752320468979
0.0005959941377625794
-0.00019052271617000488
0.0006399609184171959
-0.0002491450903761602
0.0006936980947728383
-0.0002149487054225696
0.0007865168539325843
-0.00015144113336590132
0.00044455300439667805
-0.00020029311187103076
0.0005520273571079628
-0.00015632633121641425
0.00042012701514411335
-0.00026380068392769905
0.0006692721055202736
-0.00020029311187103076
0.0007620908646800195
-7.816316560820712e-05
0.0006643869076697606
-0.0002442598925256473
0.0008255984367366878
-4.396678065461651e-05
0.0007523204689789937
-0.00015144113336590132
0.00063019052271617
-0.0001709819247679531
0.000723009281875916
-0.00020517830972154372
0.00043478260869565214
-7.816316560820712e-05
0.0005080605764533464
-0.00026868588177821203
0.0006643869076697606
-0.00020029311187103076
0.000449438202247191
-0.00020029311187103076
0.0007376648754274548
-0.00020029311187103076
0.0006155349291646311
-0.00015632633121641425
0.0007278944797264289
-0.00013678553981436248
0.0007327796775769418
-3.908158280410356e-05
0.0006741573033707865
-6.839276990718124e-05
0.000635075720566683
-0.00020029311187103076
0.0007278944797264289
-0.00016609672691744016
0.0007181240840254031
-0.00021983390327308256
0.0005569125549584758
-0.00012212994626282364
0.0005715681485100147
-9.770395701025892e-05
0.0007523204689789937
-0.00020029311187103076
0.000635075720566683
-0.0002442598925256473
0.0006692721055202736
-0.0002589154860771861
0.0006595017098192477
-6.35075720566683e-05
0.0006155349291646311
-1.954079140205178e-05
0.0006008793356130923
-0.00023937469467513433
0.0005813385442110405
-5.862237420615535e-05
0.0006057645334636053
-2.442598925256473e-05
0.0007425500732779677
-0.00014655593551538836
0.000625305324865657
0.0
0.0006106497313141182
-0.00023937469467513433
0.0006643869076697606
-0.00013678553981436248
0.0007181240840254031
-9.281875915974596e-05
0.0005911089399120664
-0.00020029311187103076
0.0006888128969223254
-0.00016609672691744016
0.0007327796775769418
-0.00012212994626282364
0.0008207132388861749
-0.00016609672691744016
0.0006839276990718123
-0.00019540791402051784
0.00063019052271617
0.0
0.000723009281875916
-0.00011235955056179774
0.0005862237420615535
-0.00019540791402051784
0.0006741573033707865
-0.0002344894968246214
0.000625305324865657
-0.0001709819247679531
0.000625305324865657
-0.0002979970688812897
0.000635075720566683
-0.00019540791402051784
0.0007083536883243771
-9.281875915974596e-05
0.0006008793356130923
-0.0001709819247679531
0.000815828041035662
-0.00015144113336590132
0.0006546165119687347
-0.0002149487054225696
0.0006155349291646311
-0.00028334147532975087
0.0004934049829018075
-5.862237420615535e-05
0.0006057645334636053
6.839276990718124e-05
0.000810942843185149
-0.00026868588177821203
0.0005862237420615535
-0.00021983390327308256
0.0005178309721543722
-0.0002344894968246214
0.0006741573033707865
-0.00022960429897410844
0.00048363458720078164
-0.00028334147532975087
0.0005373717635564241
-0.0002442598925256473
0.0007914020517830972
-0.00011235955056179774
0.0007376648754274548
-0.0002589154860771861
0.0005471421592574499
-0.00013190034196384952
0.0005715681485100147
-0.00026380068392769905
0.0006595017098192477
-0.0002882266731802638
0.0007327796775769418
-2.9311187103077675e-05
0.00063019052271617
-0.0002540302882266732
0.0006595017098192477
-0.0002979970688812897
0.0005276013678553981
-8.793356130923302e-05
0.0006057645334636053
-0.00019052271617000488
0.0005715681485100147
-7.816316560820712e-05
0.00048363458720078164
-2.9311187103077675e-05
0.0006399609184171959
-0.00015144113336590132
0.00063019052271617
-0.00014167073766487544
0.0008255984367366878
-0.00027357107962872496
0.0007816316560820713
-0.00034684904738641916
0.0004396678065461651
-0.00030288226673180264
0.0006155349291646311
-0.00017586712261846604
0.000635075720566683
-0.00014655593551538836
0.0007278944797264289
-0.0002784562774792379
0.000723009281875916
-0.00017586712261846604
0.0005666829506595017
-0.00019540791402051784
0.0006936980947728383
-9.281875915974596e-05
0.0005666829506595017
-0.00023937469467513433
0.0005862237420615535
-0.00013678553981436248
0.0005569125549584758
-0.00010258915486077186
0.0004982901807523204
-0.00027357107962872496
0.0007181240840254031
-0.00032730825598436733
0.0007669760625305325
-0.00019540791402051784
0.0007278944797264289
-0.0002589154860771861
0.000625305324865657
-0.00026380068392769905
0.0005520273571079628
-0.0003126526624328285
0.0006839276990718123
-0.00032730825598436733
0.0004934049829018075
-0.00041524181729360037
0.0007962872496336101
-0.0001612115290669272
0.000903761602344895
-0.0002442598925256473
0.0004592085979482169
-0.0002442598925256473
0.0006936980947728383
-0.00029311187103077673
0.0006595017098192477
-0.00015144113336590132
0.0007474352711284806
-9.770395701025892e-05
0.0006790425012212994
-0.0001612115290669272
0.0006692721055202736
-0.00011235955056179774
0.0006546165119687347
-0.00016609672691744016
0.0006057645334636053
-0.00020517830972154372
0.0006643869076697606
-0.0001612115290669272
0.00063019052271617
-0.0001172447484123107
0.0006546165119687347
-7.327796775769418e-05
0.0005617977528089887
-0.0002589154860771861
0.000723009281875916
-0.00021983390327308256
0.0006936980947728383
-0.00030288226673180264
0.0006497313141182217
-0.00011235955056179774
0.0005959941377625794
-0.0002784562774792379
0.0004689789936492428
-0.00011235955056179774
0.0005617977528089887
-0.00028334147532975087
0.0006839276990718123
-0.00028334147532975087
0.0007083536883243771
-0.00019052271617000488
0.000723009281875916
-0.00020029311187103076
0.0006057645334636053
-0.0001074743527112848
0.0004982901807523204
-0.0001270151441133366
0.0005178309721543722
-4.396678065461651e-05
0.000815828041035662
-0.00014167073766487544
0.000635075720566683
-0.0002344894968246214
0.000635075720566683
-0.0002589154860771861
0.0007083536883243771
-0.00026380068392769905
0.0004982901807523204
-0.00026380068392769905
0.0006692721055202736
-7.816316560820712e-05
0.0005617977528089887
-0.00013190034196384952
0.000625305324865657
-0.00023937469467513433
0.0007523204689789937
-2.9311187103077675e-05
0.0007181240840254031
-0.00017586712261846604
0.0007181240840254031
-0.00014167073766487544
0.0005520273571079628
-0.0002882266731802638
0.0006790425012212994
-0.0001270151441133366
0.000542256961406937
-0.0002149487054225696
0.0008011724474841231
-0.0002784562774792379
0.000635075720566683
-1.954079140205178e-05
0.0005911089399120664
-0.00030776746458231557
0.0006692721055202736
-0.00021983390327308256
0.0006497313141182217
-0.00027357107962872496
0.0005031753786028333
-0.00021983390327308256
0.0007327796775769418
-0.00014167073766487544
0.0005178309721543722
-0.00015144113336590132
0.0006692721055202736
-0.00027357107962872496
0.00048363458720078164
-0.0002882266731802638
0.0007767464582315583
-0.00021006350757205668
0.0006155349291646311
-0.00015632633121641425
0.0006985832926233512
-0.0002247191011235955
0.0008549096238397655
-0.00021983390327308256
0.0007572056668295066
-0.0002589154860771861
0.0007865168539325843
-0.00026380068392769905
0.0007034684904738642
-0.00018563751831949193
0.00071323888617489
-0.00023937469467513433
0.0006106497313141182
-4.885197850512946e-05
0.00045432340009770396
-0.00017586712261846604
0.0005666829506595017
-0.00019540791402051784
0.0006497313141182217
-0.00023937469467513433
0.0007816316560820713
-0.00019052271617000488
0.0007425500732779677
-0.000180752320468979
0.0006936980947728383
-0.0002589154860771861
0.0005862237420615535
-0.00017586712261846604
0.0008011724474841231
-6.35075720566683e-05
0.0006741573033707865
-7.327796775769418e-05
0.000810942843185149
-7.816316560820712e-05
0.0005911089399120664
-0.0003517342452369321
0.0006546165119687347
-0.00021983390327308256
0.0005178309721543722
-0.00023937469467513433
0.0007425500732779677
-0.00014655593551538836
0.0006204201270151441
-0.00016609672691744016
0.0005373717635564241
-0.0001612115290669272
0.0007083536883243771
-0.000180752320468979
0.0007181240840254031
-0.00014655593551538836
0.0007278944797264289
-0.00012212994626282364
0.0006399609184171959
-0.00013678553981436248
0.0006497313141182217
-0.00023937469467513433
0.0005666829506595017
-9.281875915974596e-05
0.0005129457743038593
-0.00016609672691744016
0.0006106497313141182
-0.0002540302882266732
0.0006741573033707865
-0.0002442598925256473
0.0006790425012212994
-0.00022960429897410844
0.0006057645334636053
-0.0003175378602833415
0.0006643869076697606
-0.0002149487054225696
0.000625305324865657
-0.00021006350757205668
0.0008744504152418173
-0.0002589154860771861
0.0005764533463605276
-0.00023937469467513433
0.0006399609184171959
-0.00020517830972154372
0.000635075720566683
-0.00030288226673180264
0.0004738641914997557
-0.0002344894968246214
0.0006692721055202736
-0.0003419638495359062
0.0006155349291646311
-5.862237420615535e-05
0.0005276013678553981
-0.0002344894968246214
0.0006106497313141182
-0.00013190034196384952
0.0007278944797264289
-0.00021006350757205668
0.0006057645334636053
-0.0002784562774792379
0.0004885197850512946
-7.327796775769418e-05
0.0007083536883243771
-0.00017586712261846604
0.0006106497313141182
-0.0002540302882266732
0.0005911089399120664
-0.0001074743527112848
0.000532486565705911
-0.00018563751831949193
0.0006155349291646311
-0.00012212994626282364
0.0006155349291646311
-0.00010258915486077186
0.0006546165119687347
-0.00022960429897410844
0.0006204201270151441
-0.0002589154860771861
0.0006204201270151441
-0.0002247191011235955
0.0006204201270151441
-0.0002247191011235955
0.0008451392281387396
-0.00030288226673180264
0.0005569125549584758
-0.00019052271617000488
0.0007718612603810454
-0.0001074743527112848
0.0006546165119687347
-0.0002491450903761602
0.0006057645334636053
-0.00034684904738641916
0.0007376648754274548
-0.00020517830972154372
0.0006399609184171959
-8.304836345872008e-05
0.0006057645334636053
-0.00026868588177821203
0.0005959941377625794
-0.00021006350757205668
0.00044455300439667805
-9.770395701025892e-05
0.0007425500732779677
-0.00019540791402051784
0.0008402540302882267
-0.00020517830972154372
0.0007962872496336101
-9.770395701025892e-05
0.0007034684904738642
-0.00020517830972154372
0.0005373717635564241
-2.9311187103077675e-05
0.0006643869076697606
-9.281875915974596e-05
0.0004982901807523204
-0.0002344894968246214
0.0007523204689789937
-0.0002149487054225696
0.0006790425012212994
-0.0002247191011235955
0.0006936980947728383
-0.00010258915486077186
0.0007914020517830972
-0.00023937469467513433
0.00063019052271617
-0.00021006350757205668
0.000723009281875916
-0.0003224230581338544
0.0006888128969223254
-0.00023937469467513433
0.0006057645334636053
-2.9311187103077675e-05
0.0005227161700048852
-0.00019052271617000488
0.000723009281875916
-9.281875915974596e-05
0.0008842208109428432
-0.00015632633121641425
0.0006595017098192477
-0.00028334147532975087
0.0006204201270151441
-0.0002247191011235955
0.0005617977528089887
-0.00021983390327308256
0.0007425500732779677
-0.00011235955056179774
0.0005569125549584758
-0.00010258915486077186
0.0007181240840254031
-0.00022960429897410844
0.0006692721055202736
-8.793356130923302e-05
0.0007376648754274548
-0.00019540791402051784
0.00071323888617489
-0.00018563751831949193
0.000542256961406937
-0.00018563751831949193
0.0007034684904738642
-0.00017586712261846604
0.0006595017098192477
-0.00019052271617000488
0.0006790425012212994
-6.35075720566683e-05
0.0008304836345872007
-0.00014655593551538836
0.0006448461162677088
-0.0002784562774792379
0.000806057645334636
-0.00018563751831949193
0.0006741573033707865
-0.00022960429897410844
0.000625305324865657
-0.00019052271617000488
0.0006936980947728383
-3.419638495359062e-05
0.0006546165119687347
-9.770395701025892e-05
0.000635075720566683
-0.00023937469467513433
0.0005862237420615535
-0.0002442598925256473
0.0007474352711284806
-0.00015144113336590132
0.0006497313141182217
-0.00014167073766487544
0.0007718612603810454
-0.00016609672691744016
0.0008451392281387396
-0.00013190034196384952
0.0006692721055202736
-0.0001612115290669272
0.0007181240840254031
-0.00028334147532975087
0.0006057645334636053
-6.35075720566683e-05
0.0006985832926233512
-0.00015632633121641425
0.0007572056668295066
-0.0002442598925256473
0.0005715681485100147
-0.0002247191011235955
0.0007425500732779677
-0.00030776746458231557
0.0007718612603810454
-0.00010258915486077186
0.0007083536883243771
-0.00021983390327308256
0.0006643869076697606
-0.00021983390327308256
0.0006839276990718123
-0.00020029311187103076
0.0007327796775769418
-0.00018563751831949193
0.0007425500732779677
-0.000180752320468979
0.0006204201270151441
-0.0003517342452369321
0.0007083536883243771
-0.00019540791402051784
0.000532486565705911
-0.0001709819247679531
0.0006692721055202736
-0.0002491450903761602
0.0006595017098192477
-8.793356130923302e-05
0.0006692721055202736
-0.0002344894968246214
0.00063019052271617
-0.0001709819247679531
0.0006497313141182217
-0.00015144113336590132
0.0006692721055202736
-0.00037127503663898385
0.0006155349291646311
-0.00018563751831949193
0.0006546165119687347
-0.0002540302882266732
0.0007669760625305325
-0.0002882266731802638
0.0006204201270151441
-4.396678065461651e-05
0.00071323888617489
-0.0002589154860771861
0.0006106497313141182
-0.00015144113336590132
0.000625305324865657
-0.0001709819247679531
0.0007181240840254031
-0.00026868588177821203
0.0005520273571079628
-0.00021983390327308256
0.0006106497313141182
-0.00029311187103077673
0.0006692721055202736
-0.0001709819247679531
0.0005959941377625794
-0.00026868588177821203
0.0006497313141182217
-0.0001612115290669272
0.0006399609184171959
-2.442598925256473e-05
0.0007572056668295066
-9.770395701025892e-05
0.0006155349291646311
-0.00011235955056179774
0.000625305324865657
-0.0003957010258915486
0.0004738641914997557
-0.00022960429897410844
0.0005276013678553981
-0.00029311187103077673
0.00063019052271617
-0.00010258915486077186
0.0007083536883243771
-0.0003663898387884709
0.0006692721055202736
-0.00013190034196384952
0.00063019052271617
-0.0002882266731802638
0.000815828041035662
-0.0002979970688812897
0.0007034684904738642
-0.0002589154860771861
0.0007034684904738642
-0.00017586712261846604
0.0006497313141182217
-0.00015632633121641425
0.0006888128969223254
-0.00021983390327308256
0.0005178309721543722
-6.839276990718124e-05
0.0007572056668295066
-0.00020517830972154372
0.0007278944797264289
-0.0002491450903761602
0.0006546165119687347
-0.0002149487054225696
0.000635075720566683
0.0
0.0006399609184171959
-0.00019052271617000488
0.00071323888617489
-0.00016609672691744016
0.0006204201270151441
-7.816316560820712e-05
0.0006595017098192477
-7.816316560820712e-05
0.0006839276990718123
-0.0001074743527112848
0.0006204201270151441
-0.00011235955056179774
0.0006985832926233512
-0.0003321934538348803
0.0006399609184171959
-0.00027357107962872496
0.0005373717635564241
-0.00010258915486077186
0.00037127503663898385
-0.00017586712261846604
0.0006057645334636053
-0.00020517830972154372
0.0006643869076697606
-0.00021983390327308256
0.0006399609184171959
-0.0001270151441133366
0.0007914020517830972
-5.37371763556424e-05
0.00071323888617489
-0.00011235955056179774
0.0007034684904738642
-0.00022960429897410844
0.00063019052271617
-0.0001172447484123107
0.0006888128969223254
-0.00027357107962872496
0.000635075720566683
-9.281875915974596e-05
0.0005862237420615535
-0.00020517830972154372
0.0006741573033707865
-0.00014167073766487544
0.00063019052271617
-0.00030288226673180264
0.0007572056668295066
-0.00019052271617000488
0.0006985832926233512
-0.0002540302882266732
0.000542256961406937
-0.00012212994626282364
0.0008891060087933561
9.77039570102589e-06
0.0007767464582315583
-0.00014655593551538836
0.0006057645334636053
-0.00030288226673180264
0.0009233023937469467
-7.816316560820712e-05
0.0005227161700048852
-0.0001612115290669272
0.0005813385442110405
-0.00017586712261846604
0.0005569125549584758
-0.0002589154860771861
0.0006106497313141182
-0.00010258915486077186
0.0007523204689789937
-8.793356130923302e-05
0.0006643869076697606
-0.0002344894968246214
0.0006692721055202736
-0.00014167073766487544
0.0006985832926233512
-0.0002344894968246214
0.0006985832926233512
-0.00014655593551538836
0.0004640937957987298
-0.00020029311187103076
0.0008891060087933561
-0.0002442598925256473
0.0006888128969223254
-0.00014167073766487544
0.0007181240840254031
-0.0002344894968246214
0.0006936980947728383
-0.00019052271617000488
0.0005080605764533464
-0.0003419638495359062
0.0005129457743038593
-0.00030776746458231557
0.0007718612603810454
-0.00029311187103077673
0.0007523204689789937
-0.00030288226673180264
0.0006448461162677088
-0.00027357107962872496
0.0005911089399120664
-0.0002149487054225696
0.0005764533463605276
-0.00039081582804103567
0.0006204201270151441
-0.0002491450903761602
0.000532486565705911
-0.00037127503663898385
0.0006888128969223254
-0.0003126526624328285
0.0006155349291646311
-0.00016609672691744016
0.0006008793356130923
-0.0002784562774792379
0.0006888128969223254
-0.00010258915486077186
0.000723009281875916
-0.00012212994626282364
0.0006839276990718123
-0.00015144113336590132
0.0006546165119687347
-0.000180752320468979
0.0006008793356130923
-0.0002247191011235955
0.0006106497313141182
-0.00018563751831949193
0.0008011724474841231
-0.00032730825598436733
0.0007083536883243771
-0.00010258915486077186
0.0006936980947728383
-0.00015144113336590132
0.0006985832926233512
-0.0002979970688812897
0.0004982901807523204
-0.00015144113336590132
0.0006839276990718123
-0.00020029311187103076
0.0006546165119687347
-0.0003224230581338544
0.0006008793356130923
-0.00023937469467513433
0.0005471421592574499
-0.0001270151441133366
0.0005617977528089887
-0.00029311187103077673
0.0005813385442110405
-0.00020029311187103076
0.0006936980947728383
-0.00018563751831949193
0.000723009281875916
-9.770395701025892e-05
0.0007718612603810454
-0.00027357107962872496
0.000542256961406937
-6.35075720566683e-05
0.0005959941377625794
-0.00012212994626282364
0.0006985832926233512
-0.00026380068392769905
0.0006985832926233512
-0.00021006350757205668
0.0006497313141182217
-0.00023937469467513433
0.0007181240840254031
-0.00030776746458231557
0.0006936980947728383
-0.0002247191011235955
0.0006692721055202736
-0.00016609672691744016
0.0005666829506595017
-0.0002882266731802638
0.00063019052271617
-0.00028334147532975087
0.0006057645334636053
-0.00013678553981436248
0.0005276013678553981
-0.00026380068392769905
0.0006595017098192477
-0.0002247191011235955
0.0006595017098192477
-0.00026868588177821203
0.0005764533463605276
-0.00028334147532975087
0.0006106497313141182
-0.00021006350757205668
0.0006643869076697606
-0.0002442598925256473
0.0007278944797264289
-0.0002247191011235955
0.000723009281875916
-8.304836345872008e-05
0.000723009281875916
-0.00015632633121641425
0.0006888128969223254
-0.0002442598925256473
0.0008207132388861749
-0.00020029311187103076
0.000542256961406937
-0.00020029311187103076
0.000625305324865657
-0.00014655593551538836
0.0007083536883243771
-0.0003321934538348803
0.0006008793356130923
-2.9311187103077675e-05
0.0006057645334636053
-0.00027357107962872496
0.0006546165119687347
-0.00015144113336590132
0.0006643869076697606
-0.00015144113336590132
0.0008255984367366878
-9.281875915974596e-05
0.0006448461162677088
-0.0001270151441133366
0.0006692721055202736
-0.00034684904738641916
0.0007034684904738642
-0.00027357107962872496
0.0007816316560820713
-0.0002149487054225696
0.0007865168539325843
-0.0002442598925256473
0.000635075720566683
-0.000449438202247191
0.000635075720566683
-0.0003126526624328285
0.000810942843185149
-0.00018563751831949193
0.0007914020517830972
-0.00022960429897410844
0.0006741573033707865
-0.00030776746458231557
0.0005666829506595017
-0.0002589154860771861
0.00063019052271617
-0.0003419638495359062
0.0006741573033707865
-0.00019540791402051784
0.0007523204689789937
-0.00020517830972154372
0.0006106497313141182
-0.00015144113336590132
0.0007523204689789937
-0.00026868588177821203
0.0007034684904738642
-0.0001270151441133366
0.0006204201270151441
-0.0002882266731802638
0.000625305324865657
-0.00011235955056179774
0.0005227161700048852
-0.0003859306301905227
0.0007327796775769418
-0.00013678553981436248
0.0007816316560820713
-0.0002491450903761602
0.0006204201270151441
-0.00020517830972154372
0.0006008793356130923
-0.00020517830972154372
0.0007474352711284806
-0.00015632633121641425
0.0007474352711284806
-0.00016609672691744016
0.000625305324865657
-0.00015632633121641425
0.0005862237420615535
-3.419638495359062e-05
0.0006204201270151441
-0.0001172447484123107
0.0007914020517830972
-0.00013678553981436248
0.0006936980947728383
-0.00017586712261846604
0.0008597948216902784
-0.00011235955056179774
0.0007767464582315583
-0.0002247191011235955
0.0006155349291646311
-0.00019540791402051784
0.0006643869076697606
-0.00019540791402051784
0.0006741573033707865
-0.0002540302882266732
0.0006888128969223254
-0.00018563751831949193
0.0009184171958964338
-0.00030776746458231557
0.0008011724474841231
-0.00026380068392769905
0.0007523204689789937
-9.281875915974596e-05
0.0007034684904738642
-0.00020029311187103076
0.0006790425012212994
-0.00027357107962872496
0.0006888128969223254
-0.00020029311187103076
0.0005666829506595017
-0.0002149487054225696
0.0006057645334636053
-0.00019052271617000488
0.0006155349291646311
-0.00023937469467513433
0.0006790425012212994
-0.00026868588177821203
0.00063019052271617
-0.00027357107962872496
0.0005715681485100147
-8.793356130923302e-05
0.0006936980947728383
-0.00023937469467513433
0.0006204201270151441
-0.0002247191011235955
0.0005959941377625794
-0.00013190034196384952
0.0006985832926233512
-0.0001270151441133366
0.0008011724474841231
-0.0002882266731802638
0.0005715681485100147
-0.0003224230581338544
0.0006936980947728383
-0.00029311187103077673
0.0005813385442110405
-0.0003224230581338544
0.0006643869076697606
-6.839276990718124e-05
0.0007572056668295066
-0.00013678553981436248
0.0006595017098192477
-0.00030288226673180264
0.0005959941377625794
-0.0002589154860771861
0.0005471421592574499
-0.0002882266731802638
0.0004934049829018075
-0.0001709819247679531
0.0006399609184171959
-0.00014167073766487544
0.0007669760625305325
-0.0002149487054225696
0.0007278944797264289
-0.000361504640937958
0.0007669760625305325
-0.00020029311187103076
0.0008500244259892526
-0.00016609672691744016
0.0007816316560820713
-0.00020029311187103076
0.0008451392281387396
-0.00019540791402051784
0.0006204201270151441
-0.0002979970688812897
0.0007914020517830972
-0.0002442598925256473
0.0008207132388861749
-3.908158280410356e-05
0.0005959941377625794
-0.00019540791402051784
0.0006936980947728383
-0.00020029311187103076
0.0006448461162677088
-0.00013190034196384952
0.0007474352711284806
-0.00014655593551538836
0.0007865168539325843
-0.00020517830972154372
0.0005813385442110405
-0.00016609672691744016
0.0007376648754274548
-0.00014167073766487544
0.0007865168539325843
-0.0001709819247679531
0.0006888128969223254
-0.00020517830972154372
0.0006448461162677088
-0.0002979970688812897
0.000542256961406937
-0.00041524181729360037
0.0006155349291646311
-0.0002882266731802638
0.0007278944797264289
-0.0002491450903761602
0.0005666829506595017
-0.0002442598925256473
0.0006155349291646311
-0.00019052271617000488
0.0006595017098192477
-4.396678065461651e-05
0.000810942843185149
-0.00016609672691744016
0.000625305324865657
-0.0002589154860771861
0.000723009281875916
-0.0002247191011235955
0.0006985832926233512
-0.00018563751831949193
0.00071323888617489
-0.0002589154860771861
0.0007376648754274548
-0.00019052271617000488
0.0006399609184171959
-7.327796775769418e-05
0.0006692721055202736
-0.0002247191011235955
0.0008646800195407913
-0.0002247191011235955
0.0007278944797264289
-0.0002882266731802638
0.0005471421592574499
-0.0002540302882266732
0.0007278944797264289
-8.793356130923302e-05
0.0006106497313141182
-0.00018563751831949193
0.000723009281875916
-0.00014655593551538836
0.0006057645334636053
-0.0002344894968246214
0.0007474352711284806
-0.00039081582804103567
0.0006497313141182217
-0.00028334147532975087
0.000625305324865657
-0.000356619443087445
0.0006546165119687347
-0.00019052271617000488
0.0005911089399120664
-0.00023937469467513433
0.0004738641914997557
-9.770395701025892e-05
0.0007083536883243771
-0.00019540791402051784
0.0006741573033707865
-0.00030288226673180264
0.0007083536883243771
-0.00029311187103077673
0.0007181240840254031
-0.00023937469467513433
0.0007278944797264289
-0.00027357107962872496
0.0006008793356130923
-0.00034684904738641916
0.00063019052271617
-0.0002491450903761602
0.0005862237420615535
-0.0002540302882266732
0.0006888128969223254
-0.00030288226673180264
0.000532486565705911
-0.00026868588177821203
0.0005813385442110405
-0.00021006350757205668
0.0005373717635564241
-0.0003419638495359062
0.0006106497313141182
-0.0001709819247679531
0.0006155349291646311
-0.00027357107962872496
0.0006936980947728383
-0.00040058622374206153
0.0005569125549584758
-0.00020029311187103076
0.0006448461162677088
-0.00010258915486077186
0.0007572056668295066
-0.00020517830972154372
0.0008646800195407913
-0.00015144113336590132
0.0007327796775769418
-0.00029311187103077673
0.0006790425012212994
-0.0001270151441133366
0.0006448461162677088
-0.0002540302882266732
0.0006106497313141182
-0.0001709819247679531
0.0008011724474841231
-0.0002540302882266732
0.000635075720566683
-0.00027357107962872496
0.0006692721055202736
-6.839276990718124e-05
0.0006741573033707865
-0.00029311187103077673
0.0005959941377625794
-0.00030288226673180264
0.0005617977528089887
-0.0003126526624328285
0.000449438202247191
-0.00020517830972154372
0.0007327796775769418
-0.0002589154860771861
0.0009477283829995114
-0.00018563751831949193
0.0006204201270151441
-0.0001612115290669272
0.000625305324865657
-0.0002149487054225696
0.0006790425012212994
-0.00020517830972154372
0.0006106497313141182
-0.0002149487054225696
0.0007767464582315583
-0.00019540791402051784
0.000723009281875916
-0.000361504640937958
0.0008500244259892526
-0.0001074743527112848
0.0006497313141182217
-0.00028334147532975087
0.0007181240840254031
-0.00015632633121641425
0.0006692721055202736
-0.00014655593551538836
0.0007865168539325843
-0.0003419638495359062
0.0005178309721543722
-0.00030776746458231557
0.0007278944797264289
-0.0002979970688812897
0.0006741573033707865
-0.0002784562774792379
0.0005862237420615535
-0.0003126526624328285
0.0006839276990718123
-0.00037127503663898385
0.0008744504152418173
-8.793356130923302e-05
0.0006692721055202736
-0.00014655593551538836
0.0006643869076697606
-0.0002442598925256473
0.0007620908646800195
-0.0002491450903761602
0.0006448461162677088
-0.00014167073766487544
0.0005569125549584758
-0.00019052271617000488
0.0006057645334636053
-0.00033707865168539324
0.0006888128969223254
-0.000361504640937958
0.0007962872496336101
-0.00019540791402051784
0.0006595017098192477
-0.0001270151441133366
0.0007278944797264289
-0.0002442598925256473
0.0006741573033707865
-0.0002344894968246214
0.0005617977528089887
-0.000180752320468979
0.0006692721055202736
-0.00027357107962872496
0.0006155349291646311
-0.0003321934538348803
0.0005569125549584758
-0.00020029311187103076
0.0006399609184171959
-0.0002784562774792379
0.0006985832926233512
-0.00019052271617000488
0.0006204201270151441
-0.00021983390327308256
0.0005129457743038593
-0.00023937469467513433
0.0006057645334636053
-0.0002540302882266732
0.0006741573033707865
-0.00013678553981436248
0.0007572056668295066
-0.00021006350757205668
0.0008500244259892526
-0.00033707865168539324
0.0004689789936492428
-0.0003517342452369321
0.00063019052271617
-0.0003419638495359062
0.000635075720566683
-0.00027357107962872496
0.0005617977528089887
-0.0002442598925256473
0.0007865168539325843
-0.00033707865168539324
0.0007620908646800195
-8.793356130923302e-05
0.0006155349291646311
-0.00023937469467513433
0.0007914020517830972
-0.0003224230581338544
0.000625305324865657
-0.00014167073766487544
0.0007620908646800195
-0.00016609672691744016
0.000635075720566683
-0.0003126526624328285
0.0006204201270151441
-0.0001172447484123107
0.0005813385442110405
-3.908158280410356e-05
0.0006155349291646311
-0.0002344894968246214
0.0007914020517830972
-0.0002540302882266732
0.0007425500732779677
-0.0002882266731802638
0.0005520273571079628
-0.0002149487054225696
0.0006692721055202736
-0.0004250122129946263
0.0006497313141182217
-0.00013190034196384952
0.000815828041035662
-0.00030776746458231557
0.00071323888617489
-0.000180752320468979
0.0005764533463605276
-0.00030776746458231557
0.0007523204689789937
-0.000361504640937958
0.0006399609184171959
-0.00022960429897410844
0.0005715681485100147
-0.0002540302882266732
0.0007278944797264289
-0.0001709819247679531
0.0007083536883243771
-0.00013190034196384952
0.0004250122129946263
-0.0003126526624328285
0.000542256961406937
-0.00033707865168539324
0.0006595017098192477
-0.0002491450903761602
0.0008011724474841231
-4.396678065461651e-05
0.0005911089399120664
-0.0003321934538348803
0.00048363458720078164
-0.00021006350757205668
0.00047874938935026865
-0.0002149487054225696
0.0007327796775769418
-0.00045432340009770396
0.0006399609184171959
-0.0002540302882266732
0.0005520273571079628
-0.00017586712261846604
0.0007083536883243771
-8.793356130923302e-05
0.0006399609184171959
-0.0002784562774792379
0.000723009281875916
-0.00021983390327308256
0.0007181240840254031
-0.00022960429897410844
0.0006155349291646311
-8.793356130923302e-05
0.0005276013678553981
-8.793356130923302e-05
0.0005080605764533464
-0.0002491450903761602
0.0008304836345872007
-0.00020029311187103076
0.0007669760625305325
-0.0002979970688812897
0.0006546165119687347
-0.00022960429897410844
0.0006155349291646311
-0.0002442598925256473
0.0006839276990718123
-0.0001612115290669272
0.0005813385442110405
-0.00021983390327308256
0.0006692721055202736
-0.0001074743527112848
0.0004396678065461651
-0.00032730825598436733
0.00063019052271617
-0.0002491450903761602
0.0006888128969223254
-0.00022960429897410844
0.000635075720566683
-0.00012212994626282364
0.0006497313141182217
-0.0001074743527112848
0.0006692721055202736
-0.00022960429897410844
0.0005813385442110405
-0.000180752320468979
0.0006839276990718123
-0.0002442598925256473
0.00063019052271617
-0.00018563751831949193
0.0006106497313141182
-0.000180752320468979
0.0006497313141182217
-0.0002540302882266732
0.0005911089399120664
-0.00022960429897410844
0.0005813385442110405
8.304836345872008e-05
0.0007914020517830972
-0.0003224230581338544
0.0007572056668295066
-0.0002882266731802638
0.0006497313141182217
-0.00029311187103077673
0.0007767464582315583
-0.0002540302882266732
0.0005764533463605276
-0.0002247191011235955
0.0006692721055202736
-0.00028334147532975087
0.0006643869076697606
-0.0002540302882266732
0.0007327796775769418
-0.000180752320468979
0.0004738641914997557
-0.0002344894968246214
0.0006546165119687347
-8.793356130923302e-05
0.000815828041035662
-7.816316560820712e-05
0.0006936980947728383
-0.0002540302882266732
0.00071323888617489
-0.0001612115290669272
0.0007572056668295066
-0.00026380068392769905
0.0008402540302882267
-0.0002442598925256473
0.0006643869076697606
-0.00020029311187103076
0.0009477283829995114
-0.0002491450903761602
0.0006741573033707865
-0.00015632633121641425
0.00048363458720078164
-0.00019540791402051784
0.0005959941377625794
-0.00023937469467513433
0.0004689789936492428
-0.0002589154860771861
0.000625305324865657
-0.00022960429897410844
0.0005178309721543722
-0.00019052271617000488
0.0006643869076697606
-0.00014655593551538836
0.0005862237420615535
-0.00037616023448949683
0.0005959941377625794
-0.00033707865168539324
0.0006888128969223254
-5.862237420615535e-05
0.0006741573033707865
-0.0001612115290669272
0.0006643869076697606
-0.00023937469467513433
0.000635075720566683
-0.00019540791402051784
0.0006936980947728383
-0.0002149487054225696
0.0006106497313141182
-9.770395701025892e-05
0.0007083536883243771
-0.00014167073766487544
0.0007376648754274548
-0.00029311187103077673
0.00071323888617489
-0.00017586712261846604
0.0007181240840254031
-0.00020517830972154372
0.0006839276990718123
-0.00016609672691744016
0.0006643869076697606
-0.00023937469467513433
0.000625305324865657
-0.0002784562774792379
0.0007620908646800195
-0.00017586712261846604
0.0006741573033707865
-0.00015632633121641425
0.0006155349291646311
-0.00032730825598436733
0.0007034684904738642
-0.00015144113336590132
0.0005031753786028333
-0.00018563751831949193
0.0004738641914997557
-0.0004298974108451392
0.0006888128969223254
-0.00040058622374206153
0.0007425500732779677
-0.00028334147532975087
0.000810942843185149
-0.0003957010258915486
0.0005959941377625794
-0.00017586712261846604
0.0006839276990718123
-0.00012212994626282364
0.0006839276990718123
-0.00030288226673180264
0.0007620908646800195
-0.00026868588177821203
0.0005862237420615535
-0.00019052271617000488
0.0005569125549584758
-0.0002344894968246214
0.00042012701514411335
-0.00021006350757205668
0.0006399609184171959
-0.0002491450903761602
0.0006057645334636053
-0.00021983390327308256
0.0005276013678553981
-0.00033707865168539324
0.0006057645334636053
-0.00014167073766487544
0.000532486565705911
-0.00021983390327308256
0.0005617977528089887
-0.0003321934538348803
0.0006106497313141182
-0.00027357107962872496
0.0007474352711284806
-0.0003419638495359062
0.000625305324865657
-0.00020517830972154372
0.0007865168539325843
-0.00028334147532975087
0.0005813385442110405
-0.00022960429897410844
0.0006692721055202736
-5.862237420615535e-05
0.0007083536883243771
-0.0001612115290669272
0.0006741573033707865
-0.00027357107962872496
0.0005471421592574499
-0.00020029311187103076
0.0006204201270151441
-0.00030776746458231557
0.0006790425012212994
-0.0003321934538348803
0.0004934049829018075
-0.0003175378602833415
0.0005569125549584758
-0.00030776746458231557
0.0005959941377625794
-0.0003663898387884709
0.0007669760625305325
-0.000356619443087445
0.00063019052271617
-0.00027357107962872496
0.0005569125549584758
-0.0003126526624328285
0.0006643869076697606
-0.00022960429897410844
0.0006546165119687347
-0.0003321934538348803
0.0006008793356130923
-0.0002882266731802638
0.0006741573033707865
-7.327796775769418e-05
0.000532486565705911
-0.00026868588177821203
0.0005569125549584758
-0.0001270151441133366
0.000810942843185149
-0.00015144113336590132
0.0006008793356130923
-0.0002149487054225696
0.0006888128969223254
-0.0002149487054225696
0.0006692721055202736
-0.00020517830972154372
0.0006839276990718123
-0.0002149487054225696
0.0006008793356130923
-0.00013678553981436248
0.0008597948216902784
-0.0003224230581338544
0.0006204201270151441
-0.00019540791402051784
0.0006985832926233512
-0.0002442598925256473
0.0006204201270151441
-0.00017586712261846604
0.0004934049829018075
-0.00028334147532975087
0.0006155349291646311
-0.0002344894968246214
0.0006448461162677088
-0.00027357107962872496
0.0006106497313141182
-0.00032730825598436733
0.0006155349291646311
-0.0002784562774792379
0.0006692721055202736
-0.00018563751831949193
0.0006839276990718123
-0.0002442598925256473
0.0008255984367366878
-0.0002247191011235955
0.0006399609184171959
-0.0003175378602833415
0.0006399609184171959
-0.0002784562774792379
0.00037616023448949683
-0.00019052271617000488
0.0005911089399120664
-0.0002540302882266732
0.000806057645334636
-7.327796775769418e-05
0.0007962872496336101
-0.00020029311187103076
0.0006008793356130923
-0.00026868588177821203
0.0006790425012212994
-0.0002882266731802638
0.000635075720566683
-0.00022960429897410844
0.0008207132388861749
-0.0001074743527112848
0.0006985832926233512
-0.0002784562774792379
0.0006936980947728383
-0.0002247191011235955
0.0006399609184171959
-0.00029311187103077673
0.0007034684904738642
-0.00017586712261846604
0.0007669760625305325
-0.00015144113336590132
0.0006790425012212994
-0.0001612115290669272
0.000723009281875916
-0.00021006350757205668
0.0005666829506595017
-0.00015632633121641425
0.0006643869076697606
-0.00030288226673180264
0.0006741573033707865
-8.793356130923302e-05
0.0005569125549584758
-0.00014655593551538836
0.0006741573033707865
-0.0002491450903761602
0.0006497313141182217
-0.00018563751831949193
0.0006497313141182217
-0.0002149487054225696
0.0004738641914997557
-0.00020517830972154372
0.0007767464582315583
-0.00017586712261846604
0.0006839276990718123
-0.0002344894968246214
0.000635075720566683
-0.00027357107962872496
0.0007669760625305325
-0.00027357107962872496
0.0007083536883243771
-0.00018563751831949193
0.000542256961406937
-0.0001709819247679531
0.0005715681485100147
-0.00019052271617000488
0.0007523204689789937
-0.0003321934538348803
0.0005959941377625794
-0.0003321934538348803
0.0005031753786028333
-0.00013190034196384952
0.0006985832926233512
-0.0002491450903761602
0.0006643869076697606
-0.0002784562774792379
0.0006057645334636053
-0.000180752320468979
0.00063019052271617
-0.00011235955056179774
0.0008402540302882267
-7.327796775769418e-05
0.000815828041035662
-0.00019540791402051784
0.0007181240840254031
-4.885197850512946e-05
0.0006008793356130923
-0.00011235955056179774
0.000723009281875916
-0.00030288226673180264
0.0006936980947728383
-0.00016609672691744016
0.0006936980947728383
-0.000180752320468979
0.0005276013678553981
-0.0001270151441133366
0.00042012701514411335
-0.00026868588177821203
0.0005911089399120664
-0.0001709819247679531
0.0006008793356130923
-0.00017586712261846604
0.0007181240840254031
-0.00028334147532975087
0.0007083536883243771
-0.00014167073766487544
0.0005031753786028333
-8.793356130923302e-05
0.00039081582804103567
-0.00015632633121641425
0.0007669760625305325
-0.00023937469467513433
0.0005862237420615535
-0.00020517830972154372
0.0005129457743038593
-0.0002589154860771861
0.0007034684904738642
-0.00030776746458231557
0.0007914020517830972
-0.00030776746458231557
0.0006839276990718123
-0.00020517830972154372
0.000635075720566683
-0.00020517830972154372
0.0006546165119687347
-0.0003517342452369321
0.0004054714215925745
-0.0002979970688812897
0.0007474352711284806
-0.0002589154860771861
0.0007914020517830972
-7.327796775769418e-05
0.0005569125549584758
-0.00010258915486077186
0.000723009281875916
-2.9311187103077675e-05
0.0006741573033707865
-0.00017586712261846604
0.0005276013678553981
-0.0002589154860771861
0.0006497313141182217
-0.0003517342452369321
0.000810942843185149
-0.00023937469467513433
0.000625305324865657
-0.0001612115290669272
0.0005373717635564241
-0.00013678553981436248
0.0008402540302882267
-0.0002784562774792379
0.0006546165119687347
-7.327796775769418e-05
0.0007376648754274548
-0.00021983390327308256
0.0006106497313141182
-0.000180752320468979
0.0005911089399120664
-0.00013190034196384952
0.0005569125549584758
-0.00015144113336590132
0.00063019052271617
-0.00021006350757205668
0.00044455300439667805
-0.00022960429897410844
0.0006692721055202736
-0.0002442598925256473
0.0008255984367366878
-4.396678065461651e-05
0.000625305324865657
-0.00026868588177821203
0.0006985832926233512
-0.00022960429897410844
0.0006790425012212994
-0.00038104543234000976
0.0007278944797264289
-0.00023937469467513433
0.0005569125549584758
-0.0001172447484123107
0.0005813385442110405
-0.0001612115290669272
0.00063019052271617
-0.0002149487054225696
0.0005471421592574499
-0.0002491450903761602
0.000625305324865657
-0.00028334147532975087
0.0006106497313141182
-0.00013190034196384952
0.0007083536883243771
-0.0002247191011235955
0.0007181240840254031
-0.0002149487054225696
0.0006008793356130923
-0.00027357107962872496
0.0006155349291646311
-0.00023937469467513433
0.0006546165119687347
-0.00038104543234000976
0.0007181240840254031
-0.00032730825598436733
0.0007620908646800195
-0.00015632633121641425
0.0006741573033707865
-0.00026868588177821203
0.0005471421592574499
-0.00033707865168539324
0.0005959941377625794
-0.00030776746458231557
0.0006985832926233512
-0.00016609672691744016
0.0007914020517830972
-0.0001709819247679531
0.0006839276990718123
-0.00019540791402051784
0.0006595017098192477
-0.0002979970688812897
0.00063019052271617
-0.00020517830972154372
0.0007816316560820713
-0.00021983390327308256
0.0006839276990718123
-0.00014167073766487544
0.0007034684904738642
-0.00013190034196384952
0.0007376648754274548
-0.0002491450903761602
0.0006985832926233512
-0.0002247191011235955
0.0005813385442110405
-0.00038104543234000976
0.0005569125549584758
-0.00029311187103077673
0.0006448461162677088
-2.442598925256473e-05
0.0009135319980459208
-0.0002589154860771861
0.0006057645334636053
-0.0002149487054225696
0.0007572056668295066
-0.00013190034196384952
0.0005764533463605276
-0.0003126526624328285
0.0007523204689789937
-0.00013678553981436248
0.000625305324865657
-0.0003321934538348803
0.0005227161700048852
-0.00014167073766487544
0.000542256961406937
-0.0002882266731802638
0.0005520273571079628
-0.00019540791402051784
0.0006057645334636053
-0.0002540302882266732
0.0005959941377625794
-0.00041035661944308744
0.00043478260869565214
-0.00021006350757205668
0.000723009281875916
-0.0003126526624328285
0.0007474352711284806
-0.00033707865168539324
0.0005129457743038593
-0.0001172447484123107
0.0006936980947728383
-0.00029311187103077673
0.0006155349291646311
-0.0001612115290669272
0.0007376648754274548
-0.00020517830972154372
0.0007474352711284806
-0.0003224230581338544
0.0006106497313141182
-0.0002344894968246214
0.0007083536883243771
-0.00017586712261846604
0.0004982901807523204
-0.0001612115290669272
0.0007767464582315583
-0.0002540302882266732
0.0005129457743038593
-0.0002247191011235955
0.0005715681485100147
-0.00015144113336590132
0.000542256961406937
-0.00022960429897410844
0.0007620908646800195
-0.0002882266731802638
0.0006008793356130923
-0.00019052271617000488
0.0006204201270151441
-0.00013190034196384952
0.0005471421592574499
-0.00026868588177821203
0.0007620908646800195
-0.0001270151441133366
0.0007181240840254031
-0.00021006350757205668
0.000635075720566683
-9.281875915974596e-05
0.0006936980947728383
-0.00020029311187103076
0.0004934049829018075
-0.00015632633121641425
0.0006155349291646311
-0.0002247191011235955
0.0006839276990718123
-0.00011235955056179774
0.00071323888617489
-0.00037616023448949683
0.0006155349291646311
-0.0001172447484123107
0.000625305324865657
-0.00021983390327308256
0.0007669760625305325
4.885197850512945e-06
0.0007034684904738642
-0.00017586712261846604
0.0007572056668295066
-0.0001612115290669272
0.000723009281875916
-0.0002589154860771861
0.0009135319980459208
-0.00013678553981436248
0.0007083536883243771
-0.00033707865168539324
0.00071323888617489
-0.0001270151441133366
0.0007914020517830972
-0.0003321934538348803
0.0006399609184171959
-0.0001074743527112848
0.000635075720566683
-0.0002344894968246214
0.0006936980947728383
-0.0001709819247679531
0.0005178309721543722
-7.816316560820712e-05
0.0006692721055202736
-0.0002784562774792379
0.000806057645334636
-0.00030776746458231557
0.0006595017098192477
-5.37371763556424e-05
0.0005520273571079628
-0.0002442598925256473
0.0007181240840254031
-0.0001709819247679531
0.0006106497313141182
-0.00020029311187103076
0.0007620908646800195
-0.00030776746458231557
0.000806057645334636
-0.00019540791402051784
0.0006546165119687347
-0.00015144113336590132
0.0006204201270151441
-0.0002979970688812897
0.0005569125549584758
-0.00015632633121641425
0.0006399609184171959
-0.00023937469467513433
0.0006155349291646311
-0.000180752320468979
0.0005666829506595017
-0.0002589154860771861
0.0005764533463605276
-0.00028334147532975087
0.0007474352711284806
-0.00018563751831949193
0.0005764533463605276
-0.00020029311187103076
0.0006839276990718123
-0.0001612115290669272
0.0006057645334636053
-0.0003663898387884709
0.0007278944797264289
-0.00023937469467513433
0.0006106497313141182
-0.00015144113336590132
0.0007034684904738642
-0.00014655593551538836
0.0005911089399120664
-0.00032730825598436733
0.0005666829506595017
-0.0003224230581338544
0.0005862237420615535
-0.00021983390327308256
0.0005276013678553981
-0.0002491450903761602
0.0008011724474841231
-0.00016609672691744016
0.0005959941377625794
-0.00021983390327308256
0.0004934049829018075
-8.304836345872008e-05
0.0005911089399120664
-0.0003517342452369321
0.0007083536883243771
-0.00019052271617000488
0.0007278944797264289
-7.816316560820712e-05
0.0006790425012212994
-2.442598925256473e-05
0.0006888128969223254
-7.327796775769418e-05
0.0007474352711284806
-6.35075720566683e-05
0.0005764533463605276
-0.000180752320468979
0.0007083536883243771
-0.00023937469467513433
0.0008549096238397655
-0.0002979970688812897
0.0005520273571079628
-0.00015632633121641425
0.0005080605764533464
-0.0002540302882266732
0.0007620908646800195
-0.00016609672691744016
0.0005276013678553981
-0.00034684904738641916
0.0006595017098192477
-3.419638495359062e-05
0.000625305324865657
-0.0003517342452369321
0.0007669760625305325
-0.0001612115290669272
0.0008304836345872007
-0.0002589154860771861
0.000723009281875916
-0.0002344894968246214
0.0004396678065461651
-0.0002247191011235955
0.0007425500732779677
-8.304836345872008e-05
0.000635075720566683
-0.00030776746458231557
0.0006643869076697606
-0.00021006350757205668
0.0006546165119687347
-0.0001612115290669272
0.0007425500732779677
-0.0002589154860771861
0.0007620908646800195
-0.00012212994626282364
0.0007278944797264289
-4.885197850512946e-05
0.000635075720566683
-0.00020029311187103076
0.0007474352711284806
-0.00023937469467513433
0.000991695163654128
-0.0002247191011235955
0.0006448461162677088
-0.00027357107962872496
0.0006057645334636053
-0.0001612115290669272
0.0006790425012212994
-0.0002344894968246214
0.0006888128969223254
-0.00011235955056179774
0.00071323888617489
-0.00022960429897410844
0.0007620908646800195
-0.00015632633121641425
0.0008500244259892526
-0.0001612115290669272
0.0007278944797264289
-0.0002344894968246214
0.0006643869076697606
-0.00011235955056179774
0.0007523204689789937
-0.00034684904738641916
0.0008011724474841231
-0.0002589154860771861
0.0006595017098192477
-0.00011235955056179774
0.0007376648754274548
-0.00013190034196384952
0.0007718612603810454
-0.0002149487054225696
0.0007865168539325843
-0.0002442598925256473
0.0006546165119687347
-0.0002344894968246214
0.0006106497313141182
-0.00012212994626282364
0.0006888128969223254
-0.00020517830972154372
0.0006008793356130923
-0.0002344894968246214
0.0006888128969223254
-0.0002589154860771861
0.0005764533463605276
-0.0002882266731802638
0.0006790425012212994
-0.0002442598925256473
0.0007767464582315583
-0.00030288226673180264
0.0006448461162677088
-0.00014167073766487544
0.0005129457743038593
-0.0003224230581338544
0.0006839276990718123
-0.00019052271617000488
0.0005569125549584758
-0.00019052271617000488
0.0006888128969223254
-0.0003321934538348803
0.0007474352711284806
-0.0001074743527112848
0.0006546165119687347
-4.396678065461651e-05
0.0006497313141182217
-0.00030776746458231557
0.0006888128969223254
-0.00029311187103077673
0.00063019052271617
-0.0002442598925256473
0.0005666829506595017
-0.00029311187103077673
0.0007865168539325843
-0.0003224230581338544
0.0005911089399120664
-0.00026380068392769905
0.0005813385442110405
-0.00012212994626282364
0.0007620908646800195
-0.00027357107962872496
0.0005520273571079628
-0.00013190034196384952
0.0007376648754274548
-0.00029311187103077673
0.0005764533463605276
-0.00017586712261846604
0.0006692721055202736
-0.0003224230581338544
0.0008500244259892526
-4.885197850512946e-05
0.0007718612603810454
-0.000356619443087445
0.0007718612603810454
-0.00017586712261846604
0.0006106497313141182
-0.0003663898387884709
0.0005617977528089887
-0.00022960429897410844
0.0005715681485100147
-0.00019540791402051784
0.0006008793356130923
-0.00027357107962872496
0.0005764533463605276
-0.00033707865168539324
0.00063019052271617
-0.000180752320468979
0.0004738641914997557
-0.00021983390327308256
0.0006546165119687347
-0.0002149487054225696
0.0006888128969223254
-0.00030776746458231557
0.0006936980947728383
-0.000361504640937958
0.0006106497313141182
-0.00034684904738641916
0.0005080605764533464
-0.0002491450903761602
0.00063019052271617
-0.00016609672691744016
0.0006448461162677088
-0.00014167073766487544
0.0005129457743038593
-0.00023937469467513433
0.0006741573033707865
-0.0001172447484123107
0.0005129457743038593
-9.281875915974596e-05
0.0007669760625305325
-0.00012212994626282364
0.0005617977528089887
-0.0002589154860771861
0.0004592085979482169
-0.00026868588177821203
0.0005178309721543722
-0.00016609672691744016
0.0005715681485100147
-0.00019540791402051784
0.0006790425012212994
-0.00030776746458231557
0.0007083536883243771
-0.00019052271617000488
0.0005813385442110405
-0.00011235955056179774
0.0006888128969223254
-0.00011235955056179774
0.0007083536883243771
-3.419638495359062e-05
0.0006741573033707865
-0.00023937469467513433
0.0006546165119687347
-4.885197850512946e-05
0.0008353688324377137
-7.816316560820712e-05
0.000542256961406937
-0.00019540791402051784
0.0006399609184171959
-0.00020029311187103076
0.0008353688324377137
-0.00026380068392769905
0.0009086468001954079
-7.327796775769418e-05
0.0007376648754274548
-0.00043478260869565214
0.0007181240840254031
-0.00018563751831949193
0.0008793356130923302
-0.00015144113336590132
0.0007083536883243771
-0.0004396678065461651
0.0007181240840254031
-0.00027357107962872496
0.0007327796775769418
-0.00021006350757205668
0.0006057645334636053
-0.000180752320468979
0.0007181240840254031
-0.0001709819247679531
0.0007620908646800195
-0.00034684904738641916
0.0005862237420615535
-0.00011235955056179774
0.0006497313141182217
-0.00020517830972154372
0.0007474352711284806
-0.0002882266731802638
0.0005911089399120664
-0.00020517830972154372
0.0006155349291646311
-0.00020517830972154372
0.0006985832926233512
-0.00023937469467513433
0.0007327796775769418
-0.000180752320468979
0.000806057645334636
-0.00013678553981436248
0.0006497313141182217
-0.00028334147532975087
0.00042012701514411335
-0.00017586712261846604
0.0005617977528089887
-0.00023937469467513433
0.0007669760625305325
-9.770395701025892e-05
0.0006839276990718123
-5.862237420615535e-05
0.0006399609184171959
-9.281875915974596e-05
0.0007767464582315583
-0.00014167073766487544
0.0004592085979482169
-0.00039081582804103567
0.0005373717635564241
-0.00019540791402051784
0.0006448461162677088
-0.0002589154860771861
0.0006008793356130923
-0.00030776746458231557
0.0006497313141182217
-0.00021983390327308256
0.0005666829506595017
-0.0002589154860771861
0.0006839276990718123
-0.00013678553981436248
0.000723009281875916
-0.0001612115290669272
0.0006008793356130923
-0.00030776746458231557
0.0007425500732779677
-0.00020029311187103076
0.0007523204689789937
-4.396678065461651e-05
0.0006741573033707865
-0.0001074743527112848
0.0006008793356130923
-0.0002247191011235955
0.0006204201270151441
-0.00015632633121641425
0.000532486565705911
-0.0002589154860771861
0.0007718612603810454
-0.00015144113336590132
0.00063019052271617
-0.0001270151441133366
0.0006790425012212994
-0.00015632633121641425
0.000635075720566683
-0.00022960429897410844
0.0007376648754274548
-0.00033707865168539324
0.0005959941377625794
-0.00015632633121641425
0.000635075720566683
-0.00015632633121641425
0.0005569125549584758
-0.0003175378602833415
0.000449438202247191
-0.0001709819247679531
0.0006106497313141182
-0.0002540302882266732
0.0005569125549584758
-0.0001270151441133366
0.0006790425012212994
-0.00020029311187103076
0.000635075720566683
-0.0002149487054225696
0.0007620908646800195
-0.00020517830972154372
0.000625305324865657
-0.00030288226673180264
0.0006985832926233512
-0.000180752320468979
0.0005715681485100147
-0.0001612115290669272
0.0007034684904738642
-0.00017586712261846604
0.0006643869076697606
-0.00014167073766487544
0.0005862237420615535
-0.0003224230581338544
0.0007181240840254031
-0.0002784562774792379
0.0006692721055202736
-0.00023937469467513433
0.0004982901807523204
-0.0002784562774792379
0.0005862237420615535
-0.00027357107962872496
0.0008207132388861749
-0.00026868588177821203
0.0006595017098192477
-0.00020517830972154372
0.0006936980947728383
-7.327796775769418e-05
0.0005911089399120664
-0.00022960429897410844
0.0005569125549584758
-0.00012212994626282364
0.000635075720566683
-0.00022960429897410844
0.0006008793356130923
-0.00013190034196384952
0.0005080605764533464
-0.0002247191011235955
0.000635075720566683
-0.00033707865168539324
0.0005276013678553981
-0.00030288226673180264
0.0006057645334636053
-0.00026868588177821203
0.0006839276990718123
-1.954079140205178e-05
0.000635075720566683
-8.793356130923302e-05
0.0007865168539325843
-0.00028334147532975087
0.0005813385442110405
-0.0003957010258915486
0.0005520273571079628
-0.0002540302882266732
0.0007083536883243771
-0.00021983390327308256
0.0005471421592574499
-0.0001612115290669272
0.0006448461162677088
-0.00030776746458231557
0.00048363458720078164
-0.00014655593551538836
0.000810942843185149
-0.0002882266731802638
0.0007376648754274548
-9.281875915974596e-05
0.0007523204689789937
-0.0002247191011235955
0.0006692721055202736
-0.000180752320468979
0.00048363458720078164
-0.00028334147532975087
0.0007962872496336101
-0.00045432340009770396
0.0004934049829018075
-0.00015632633121641425
0.0005227161700048852
-0.00022960429897410844
0.0006741573033707865
-0.0002784562774792379
0.0006008793356130923
-0.00029311187103077673
0.0007034684904738642
-0.00028334147532975087
0.0006106497313141182
-0.0001270151441133366
0.0006936980947728383
-0.00019052271617000488
0.0006741573033707865
-0.0002442598925256473
0.0006643869076697606
-0.00020517830972154372
0.00063019052271617
-0.0002344894968246214
0.0006204201270151441
-0.0002540302882266732
0.0006790425012212994
-0.00028334147532975087
0.0005715681485100147
-5.37371763556424e-05
0.0006546165119687347
-0.00015144113336590132
0.0006692721055202736
-0.0002442598925256473
0.0006692721055202736
-0.00017586712261846604
0.0006497313141182217
-0.0003419638495359062
0.0007474352711284806
-4.885197850512945e-06
0.0006741573033707865
-0.00017586712261846604
0.0006155349291646311
-0.00019540791402051784
0.0006155349291646311
-6.35075720566683e-05
0.0007718612603810454
-0.0002540302882266732
0.00071323888617489
-0.00028334147532975087
0.0004934049829018075
-0.0002491450903761602
0.0006546165119687347
-0.0003175378602833415
0.0006936980947728383
-0.00022960429897410844
0.0007767464582315583
-0.0002784562774792379
0.0007376648754274548
-0.0003859306301905227
0.000635075720566683
-0.00011235955056179774
0.0006888128969223254
-0.00037127503663898385
0.0006497313141182217
-0.00021006350757205668
0.00063019052271617
-0.00026380068392769905
0.0006936980947728383
-0.00013190034196384952
0.0005276013678553981
-0.000180752320468979
0.000625305324865657
-0.00014167073766487544
0.0007572056668295066
-0.00029311187103077673
0.0007425500732779677
-0.0001612115290669272
0.0007474352711284806
-0.0002784562774792379
0.0007425500732779677
-0.00026380068392769905
0.000723009281875916
-0.000356619443087445
0.0006790425012212994
-9.770395701025892e-05
0.00071323888617489
-0.00018563751831949193
0.0005471421592574499
-0.00019052271617000488
0.0006497313141182217
-0.0001612115290669272
0.0005031753786028333
-0.0002491450903761602
0.0005471421592574499
-0.00011235955056179774
0.000723009281875916
-0.000180752320468979
0.000532486565705911
-0.00022960429897410844
0.0006595017098192477
-0.00028334147532975087
0.000625305324865657
-0.00029311187103077673
0.0005569125549584758
-0.00016609672691744016
0.0006497313141182217
-0.00022960429897410844
0.0007083536883243771
-0.00020029311187103076
0.0006546165119687347
-0.00020029311187103076
0.000625305324865657
-0.0003175378602833415
0.0006106497313141182
-0.00034684904738641916
0.0006595017098192477
-0.00020029311187103076
0.0006741573033707865
-0.00014167073766487544
0.000723009281875916
-0.00029311187103077673
0.0008500244259892526
-0.0002882266731802638
0.000625305324865657
-0.0002491450903761602
0.000625305324865657
-0.00021983390327308256
0.0006741573033707865
-0.00014167073766487544
0.000806057645334636
-0.0002882266731802638
0.0008011724474841231
-0.0002442598925256473
0.0007962872496336101
-0.00021983390327308256
0.0006839276990718123
-0.00026868588177821203
0.0006008793356130923
-0.0003517342452369321
0.0006399609184171959
-0.0001612115290669272
0.0006985832926233512
-0.0002979970688812897
0.0006839276990718123
-0.00017586712261846604
0.000625305324865657
-0.0003224230581338544
0.0006888128969223254
-0.0002344894968246214
0.0004738641914997557
-0.00029311187103077673
0.0006155349291646311
-0.00030776746458231557
0.0006448461162677088
-0.00019540791402051784
0.0006643869076697606
-0.0002589154860771861
0.0006643869076697606
-0.00029311187103077673
0.0007376648754274548
-0.00017586712261846604
0.000815828041035662
-0.0001270151441133366
0.00071323888617489
-4.885197850512946e-05
0.0006741573033707865
-0.00012212994626282364
0.0005666829506595017
-5.37371763556424e-05
0.00041524181729360037
-0.0002540302882266732
0.0005569125549584758
-0.0001172447484123107
0.0006985832926233512
-0.00018563751831949193
0.0006741573033707865
-0.00032730825598436733
0.00071323888617489
-0.00015632633121641425
0.0006839276990718123
-0.00021983390327308256
0.0007914020517830972
-0.00022960429897410844
0.0005715681485100147
-0.00014167073766487544
0.000635075720566683
-0.0002979970688812897
0.0006741573033707865
-0.00039081582804103567
0.0006546165119687347
-0.000180752320468979
0.0007327796775769418
-0.00013678553981436248
0.0006741573033707865
-0.0001612115290669272
0.000635075720566683
-0.00015144113336590132
0.0006985832926233512
-0.00028334147532975087
0.0007181240840254031
-0.00014655593551538836
0.0006692721055202736
-0.0002540302882266732
0.0006106497313141182
-0.00026380068392769905
0.000625305324865657
-0.00030288226673180264
0.0006692721055202736
-0.0001709819247679531
0.0007083536883243771
-0.0002979970688812897
0.0007327796775769418
-0.00021006350757205668
0.0007816316560820713
-0.00013190034196384952
0.0007767464582315583
-0.0002491450903761602
0.000542256961406937
-0.00018563751831949193
0.0005569125549584758
-0.00015144113336590132
0.0005666829506595017
-0.00037127503663898385
0.0006204201270151441
-0.00026868588177821203
0.0005813385442110405
-0.00028334147532975087
0.0006155349291646311
-0.0001612115290669272
0.0007376648754274548
-0.0001270151441133366
0.0006790425012212994
-0.0003517342452369321
0.0005617977528089887
-0.00016609672691744016
0.0006448461162677088
-0.0001709819247679531
0.0007083536883243771
-0.00015632633121641425
0.0005813385442110405
-0.00021983390327308256
0.0008304836345872007
-0.0002344894968246214
0.0006643869076697606
-0.00015144113336590132
0.0004982901807523204
-0.000361504640937958
0.0005862237420615535
-0.00022960429897410844
0.0007181240840254031
-0.0001612115290669272
0.000625305324865657
-0.0003224230581338544
0.0006985832926233512
-0.000361504640937958
0.0007572056668295066
-0.00013190034196384952
0.0007572056668295066
-0.0004054714215925745
0.0007083536883243771
-0.0001172447484123107
0.0006448461162677088
-0.00021983390327308256
0.0007523204689789937
-0.00019540791402051784
0.0005959941377625794
-0.00039081582804103567
0.00071323888617489
-0.00030776746458231557
0.0005715681485100147
-0.0001612115290669272
0.0006595017098192477
-0.000180752320468979
0.0007034684904738642
-0.0003663898387884709
0.0007376648754274548
-0.00020517830972154372
0.0007718612603810454
-0.00023937469467513433
0.0006204201270151441
-0.00011235955056179774
0.0005373717635564241
-0.0002882266731802638
0.0005813385442110405
-0.00021006350757205668
0.000723009281875916
-4.396678065461651e-05
0.000723009281875916
-0.0002491450903761602
0.0006057645334636053
-0.0001709819247679531
0.0008402540302882267
-0.00020029311187103076
0.0006741573033707865
-0.0001709819247679531
0.0006790425012212994
-0.00016609672691744016
0.000635075720566683
-0.00017586712261846604
0.0005080605764533464
-0.0001074743527112848
0.000723009281875916
-0.0003517342452369321
0.0005617977528089887
-0.00018563751831949193
0.00063019052271617
-0.00020517830972154372
0.0006448461162677088
-0.00037616023448949683
0.000635075720566683
-0.00027357107962872496
0.0006497313141182217
-0.0001074743527112848
0.0007523204689789937
-0.00013678553981436248
0.0006546165119687347
-0.00029311187103077673
0.0007669760625305325
-0.0001270151441133366
0.0006839276990718123
-0.00013678553981436248
0.0007914020517830972
-0.0002979970688812897
0.0007669760625305325
-0.0001612115290669272
0.0007327796775769418
-0.00016609672691744016
0.00063019052271617
-0.0002344894968246214
0.0006497313141182217
-0.00020517830972154372
0.0007278944797264289
-0.0001172447484123107
0.0008207132388861749
-0.00015632633121641425
0.0007865168539325843
-0.00021983390327308256
0.0008353688324377137
-8.304836345872008e-05
0.0006448461162677088
-8.304836345872008e-05
0.000625305324865657
-0.0002589154860771861
0.0006399609184171959
-0.00021983390327308256
0.0007523204689789937
-9.281875915974596e-05
0.0006155349291646311
-0.0003517342452369321
0.0006888128969223254
-0.0002442598925256473
0.0005617977528089887
-0.00027357107962872496
0.0006057645334636053
-0.00023937469467513433
0.0006204201270151441
-0.00016609672691744016
0.0004738641914997557
-0.0002491450903761602
0.0006595017098192477
-0.00037127503663898385
0.0007327796775769418
-0.00037127503663898385
0.0005373717635564241
-0.0003419638495359062
0.0007034684904738642
-0.00029311187103077673
0.0005764533463605276
-0.00020517830972154372
0.0007572056668295066
-0.00029311187103077673
0.0006497313141182217
-0.00026868588177821203
0.0007865168539325843
-0.00023937469467513433
0.0006497313141182217
-0.00030776746458231557
0.0004982901807523204
-0.00021983390327308256
0.000625305324865657
-0.0002344894968246214
0.0007034684904738642
-5.862237420615535e-05
0.0005715681485100147
-0.00017586712261846604
0.0005862237420615535
-0.0002784562774792379
0.0006057645334636053
-9.770395701025892e-05
0.0004885197850512946
-0.00015632633121641425
0.0006497313141182217
-0.00030288226673180264
0.0005227161700048852
-0.0001270151441133366
0.0006204201270151441
-0.00015144113336590132
0.0007767464582315583
-0.0002149487054225696
0.0005666829506595017
-0.00021006350757205668
0.0008744504152418173
-0.00026380068392769905
0.0007523204689789937
-0.000180752320468979
0.0007327796775769418
-0.0002882266731802638
0.0007181240840254031
-0.000180752320468979
0.0005813385442110405
-0.0002442598925256473
0.000723009281875916
-0.0002442598925256473
0.0007327796775769418
-0.0002149487054225696
0.0006790425012212994
-0.00021983390327308256
0.000542256961406937
-0.0003321934538348803
0.0005764533463605276
-0.0002247191011235955
0.0007669760625305325
-0.00021983390327308256
0.0004885197850512946
-2.442598925256473e-05
0.0006546165119687347
-0.00023937469467513433
0.0008255984367366878
-0.0001612115290669272
0.0006399609184171959
-7.327796775769418e-05
0.0006839276990718123
-0.00018563751831949193
0.0006155349291646311
-0.0003419638495359062
0.0007327796775769418
-0.00027357107962872496
0.0006057645334636053
-0.00017586712261846604
0.0006204201270151441
-0.000180752320468979
0.000635075720566683
-0.00027357107962872496
0.0006448461162677088
-0.0003126526624328285
0.000635075720566683
-0.00016609672691744016
0.0006008793356130923
-0.00029311187103077673
0.0004689789936492428
-0.00013190034196384952
0.00063019052271617
-0.00014167073766487544
0.0007376648754274548
-0.00020517830972154372
0.0007474352711284806
-8.304836345872008e-05
0.0006546165119687347
-0.00020517830972154372
0.0006155349291646311
-0.0002491450903761602
0.0006448461162677088
-0.00016609672691744016
0.0007914020517830972
-0.0002491450903761602
0.0006155349291646311
-0.000361504640937958
0.0004396678065461651
-0.00019540791402051784
0.00047874938935026865
-0.00020029311187103076
0.0006204201270151441
-0.00019540791402051784
0.0006155349291646311
-0.000180752320468979
0.0005715681485100147
-0.00029311187103077673
0.0005569125549584758
-0.00015632633121641425
0.0005080605764533464
-0.0002540302882266732
0.0007718612603810454
-0.00015144113336590132
0.0006888128969223254
-0.00019540791402051784
0.0007914020517830972
-0.0002491450903761602
0.0007914020517830972
-0.00012212994626282364
0.000625305324865657
-0.00026380068392769905
0.0004982901807523204
-0.0002540302882266732
0.0005813385442110405
-0.0003175378602833415
0.0006546165119687347
-0.00019540791402051784
0.0007669760625305325
-0.00041035661944308744
0.0005520273571079628
-0.00027357107962872496
0.0004640937957987298
-0.00026868588177821203
0.0007669760625305325
-0.00027357107962872496
0.0006839276990718123
-0.00017586712261846604
0.0007327796775769418
-0.0002979970688812897
0.0005862237420615535
-0.00011235955056179774
0.00071323888617489
-0.00019052271617000488
0.0008402540302882267
-0.0002247191011235955
0.0006008793356130923
-0.0002540302882266732
0.0007034684904738642
-0.00020029311187103076
0.0005715681485100147
-0.0002540302882266732
0.0006155349291646311
-0.00033707865168539324
0.0007767464582315583
-0.00014655593551538836
0.000815828041035662
-0.0002882266731802638
0.0007865168539325843
-0.0002344894968246214
0.00071323888617489
-0.0002784562774792379
0.0007962872496336101
-0.00029311187103077673
0.0006741573033707865
-0.00023937469467513433
0.0007425500732779677
-0.0002442598925256473
0.0007425500732779677
-0.00020029311187103076
0.0006888128969223254
-0.00026380068392769905
0.0007523204689789937
-0.0001612115290669272
0.0006692721055202736
-0.0002247191011235955
0.0006692721055202736
-0.00020029311187103076
0.000625305324865657
-0.0002442598925256473
0.0007767464582315583
-0.00022960429897410844
0.0006888128969223254
-0.000180752320468979
0.0006985832926233512
-0.00019052271617000488
0.0005178309721543722
-0.00032730825598436733
0.0006008793356130923
-0.00030776746458231557
0.000723009281875916
-8.304836345872008e-05
0.0007181240840254031
-0.000361504640937958
0.0005862237420615535
-0.00013190034196384952
0.000542256961406937
-0.00016609672691744016
0.000815828041035662
-0.0003517342452369321
0.0005813385442110405
-0.00043478260869565214
0.0005617977528089887
-0.00018563751831949193
0.00071323888617489
-0.00013190034196384952
0.0006057645334636053
-0.0002442598925256473
0.0006643869076697606
-6.839276990718124e-05
0.000532486565705911
-0.00017586712261846604
0.0005715681485100147
-0.00028334147532975087
0.0007669760625305325
-0.0002540302882266732
0.000532486565705911
-0.00021983390327308256
0.00071323888617489
-0.00020029311187103076
0.0004934049829018075
-0.00013678553981436248
0.0006595017098192477
-0.00030776746458231557
0.0006106497313141182
-0.00022960429897410844
0.0006936980947728383
-0.0002442598925256473
0.0006888128969223254
-0.00021006350757205668
0.0007669760625305325
-0.00010258915486077186
0.0006741573033707865
-0.0001709819247679531
0.000532486565705911
-0.00017586712261846604
0.0007278944797264289
-0.0002784562774792379
0.000815828041035662
-0.00016609672691744016
0.0005813385442110405
-0.00028334147532975087
0.0005520273571079628
-7.327796775769418e-05
0.0005715681485100147
-1.4655593551538837e-05
0.0007083536883243771
-6.839276990718124e-05
0.0006839276990718123
-0.00014167073766487544
0.0004885197850512946
-0.00030776746458231557
0.0005520273571079628
-0.00021983390327308256
0.0006888128969223254
-0.00015144113336590132
0.000635075720566683
-3.908158280410356e-05
0.0005031753786028333
-0.00022960429897410844
0.0005959941377625794
-0.0001612115290669272
0.0006790425012212994
-0.0003517342452369321
0.000815828041035662
-0.0002540302882266732
0.0007034684904738642
-0.00027357107962872496
0.0006204201270151441
-0.00030288226673180264
0.0007083536883243771
-0.00030288226673180264
0.0005178309721543722
-0.00019540791402051784
0.0007327796775769418
-9.770395701025892e-05
0.0005959941377625794
-0.00018563751831949193
0.0007914020517830972
-0.00012212994626282364
0.0004640937957987298
-0.0002247191011235955
0.0006692721055202736
-0.00017586712261846604
0.0007767464582315583
-0.00019052271617000488
0.0006106497313141182
-0.00018563751831949193
0.0007620908646800195
-7.327796775769418e-05
0.00063019052271617
-0.0002149487054225696
0.0006057645334636053
-0.00014655593551538836
0.000542256961406937
-0.00019540791402051784
0.0005227161700048852
-0.00038104543234000976
0.0006057645334636053
-0.0002784562774792379
0.0006692721055202736
-0.00021983390327308256
0.0007327796775769418
1.4655593551538837e-05
0.00063019052271617
-0.0001612115290669272
0.0007034684904738642
-0.0001612115290669272
0.000625305324865657
-0.00026868588177821203
0.0006448461162677088
-0.00018563751831949193
0.0008402540302882267
-0.000356619443087445
0.0006399609184171959
-0.0001172447484123107
0.0005129457743038593
-0.0002979970688812897
0.0005813385442110405
-0.0002589154860771861
0.0006985832926233512
-0.00021983390327308256
0.0005764533463605276
-0.0003663898387884709
0.0005373717635564241
-0.0001270151441133366
0.0005227161700048852
-7.816316560820712e-05
0.00063019052271617
-0.00019540791402051784
0.0005715681485100147
-0.0002247191011235955
0.000635075720566683
-0.00015632633121641425
0.0006106497313141182
-0.0002247191011235955
0.0006204201270151441
-0.00015144113336590132
0.00043478260869565214
-0.0002882266731802638
0.0006741573033707865
-0.00017586712261846604
0.0005373717635564241
-0.00041035661944308744
0.0006741573033707865
-0.00030776746458231557
0.0005911089399120664
-0.00037616023448949683
0.0007425500732779677
-0.0002442598925256473
0.0006985832926233512
-0.00017586712261846604
0.0007523204689789937
-0.0001709819247679531
0.000625305324865657
-0.00013678553981436248
0.0007034684904738642
-0.00014655593551538836
0.0007083536883243771
-2.9311187103077675e-05
0.0006692721055202736
-0.00021983390327308256
0.0006155349291646311
-0.00040058622374206153
0.0007083536883243771
-0.00026380068392769905
0.0006839276990718123
-0.00021006350757205668
0.0006008793356130923
-0.00027357107962872496
0.0007865168539325843
-0.00016609672691744016
0.0006546165119687347
-0.0001612115290669272
0.0006936980947728383
-6.839276990718124e-05
0.000635075720566683
-0.00022960429897410844
0.0005617977528089887
-0.0002491450903761602
0.0004738641914997557
-0.0002344894968246214
0.0006692721055202736
-0.00019052271617000488
0.0007816316560820713
-0.0001074743527112848
0.0007181240840254031
-8.304836345872008e-05
0.0006741573033707865
-0.00015144113336590132
0.0006643869076697606
-0.00013190034196384952
0.0005569125549584758
-0.00010258915486077186
0.0006643869076697606
-0.00011235955056179774
0.0006497313141182217
-7.327796775769418e-05
0.0007181240840254031
-0.00026380068392769905
0.0006497313141182217
-0.0002442598925256473
0.0008255984367366878
-0.0001709819247679531
0.0005813385442110405
-0.0001074743527112848
0.0007278944797264289
-0.0001074743527112848
0.0006741573033707865
-0.00022960429897410844
0.0005862237420615535
-0.0003175378602833415
0.0007278944797264289
-0.0002344894968246214
0.0008451392281387396
-0.00014167073766487544
0.0005617977528089887
-0.00015144113336590132
0.000625305324865657
-0.00020517830972154372
0.0007181240840254031
-0.0002247191011235955
0.0006741573033707865
-0.00028334147532975087
0.0005129457743038593
-0.0002882266731802638
0.0006595017098192477
-0.00027357107962872496
0.0006643869076697606
-0.0003957010258915486
0.0008353688324377137
-0.00013190034196384952
0.0005080605764533464
-0.0003126526624328285
0.000542256961406937
-0.00017586712261846604
0.0006643869076697606
-0.00020029311187103076
0.0006692721055202736
-0.00013678553981436248
0.0007620908646800195
-0.00020517830972154372
0.0006888128969223254
-0.0002344894968246214
0.0005959941377625794
-0.0003224230581338544
0.0005227161700048852
-0.00012212994626282364
0.0006057645334636053
-0.0002344894968246214
0.0006204201270151441
-0.00038104543234000976
0.0006839276990718123
-0.00021006350757205668
0.0005764533463605276
-0.00014167073766487544
0.0005862237420615535
-0.0003321934538348803
0.0005471421592574499
-0.00020029311187103076
0.0005471421592574499
-0.00019540791402051784
0.0007669760625305325
-0.00016609672691744016
0.0008451392281387396
-0.00026380068392769905
0.00030288226673180264
-0.0002442598925256473
0.0006008793356130923
-0.0002540302882266732
0.0006985832926233512
-0.0002247191011235955
0.0006839276990718123
-0.00030288226673180264
0.00063019052271617
-0.0002344894968246214
0.0006546165119687347
-8.304836345872008e-05
0.0006595017098192477
-0.00016609672691744016
0.000625305324865657
-0.0002491450903761602
0.0006106497313141182
-0.00019540791402051784
0.0005911089399120664
-0.00016609672691744016
0.000810942843185149
-0.00017586712261846604
0.0007523204689789937
-0.00019540791402051784
0.0005862237420615535
-6.35075720566683e-05
0.0006448461162677088
-0.00013678553981436248
0.0007278944797264289
-0.0002589154860771861
0.0006399609184171959
-0.0002540302882266732
0.0005617977528089887
-0.00026380068392769905
0.0006839276990718123
-0.00021006350757205668
0.0006008793356130923
-0.00019052271617000488
0.0005715681485100147
-0.00012212994626282364
0.000625305324865657
-0.00019052271617000488
0.000625305324865657
-0.00023937469467513433
0.0006936980947728383
-0.00013678553981436248
0.0008255984367366878
-0.00033707865168539324
0.000635075720566683
-0.00011235955056179774
0.0006839276990718123
-0.0001270151441133366
0.0006448461162677088
-0.00013190034196384952
0.0007278944797264289
-9.770395701025892e-05
0.0007962872496336101
-0.0002589154860771861
0.0007474352711284806
-0.00015144113336590132
0.0006985832926233512
-9.281875915974596e-05
0.0006985832926233512
-0.00023937469467513433
0.0006399609184171959
-0.00030288226673180264
0.0007962872496336101
-0.0003663898387884709
0.0006888128969223254
-0.0003663898387884709
0.0006595017098192477
-0.0001709819247679531
0.0006546165119687347
-0.0003517342452369321
0.000625305324865657
-0.000356619443087445
0.0007620908646800195
-0.00015144113336590132
0.0007914020517830972
-0.00029311187103077673
0.0005813385442110405
-0.0002540302882266732
0.0005715681485100147
-0.0002784562774792379
0.0007767464582315583
-0.0003321934538348803
0.0006888128969223254
-0.00023937469467513433
0.00063019052271617
-0.0002491450903761602
0.0005911089399120664
-0.00020517830972154372
0.0005031753786028333
-4.885197850512946e-05
0.0005617977528089887
-0.00027357107962872496
0.0006546165119687347
-0.00011235955056179774
0.0005862237420615535
-0.00023937469467513433
0.0005911089399120664
-0.0002540302882266732
0.0007083536883243771
-0.0002882266731802638
0.0005813385442110405
-0.00014167073766487544
0.0008207132388861749
-0.00019540791402051784
0.0008793356130923302
-0.00033707865168539324
0.0006936980947728383
-8.793356130923302e-05
0.0006204201270151441
-0.0001709819247679531
0.0005471421592574499
-0.00020517830972154372
0.000635075720566683
-0.00029311187103077673
0.0007376648754274548
-0.0002344894968246214
0.00071323888617489
-0.0001612115290669272
0.0007620908646800195
-0.00016609672691744016
0.0007278944797264289
-0.00019052271617000488
0.0008011724474841231
-0.00020517830972154372
0.0007865168539325843
-0.00022960429897410844
0.0006985832926233512
-0.0002979970688812897
0.0008695652173913043
-0.0001074743527112848
0.0006741573033707865
-0.0002540302882266732
0.0007474352711284806
-0.00029311187103077673
0.000723009281875916
-0.000180752320468979
0.0004885197850512946
-5.862237420615535e-05
0.0006204201270151441
-0.0002149487054225696
0.0005862237420615535
-0.0002784562774792379
0.00071323888617489
-0.0003126526624328285
0.0006888128969223254
-0.0002491450903761602
0.0006546165119687347
-0.00034684904738641916
0.0006008793356130923
-0.000180752320468979
0.0007669760625305325
-0.00020029311187103076
0.0006888128969223254
-0.0002344894968246214
0.00063019052271617
-0.00023937469467513433
0.0004689789936492428
-0.0003126526624328285
0.000625305324865657
-0.0002442598925256473
0.0005276013678553981
-0.0001074743527112848
0.00071323888617489
-0.0001612115290669272
0.0006643869076697606
-0.00010258915486077186
0.0005617977528089887
-0.00014167073766487544
0.0005227161700048852
-0.00015144113336590132
0.0006008793356130923
-0.00019052271617000488
0.0005911089399120664
-0.00017586712261846604
0.000532486565705911
-0.00021006350757205668
0.0005373717635564241
-0.0001709819247679531
0.0006155349291646311
-0.00020029311187103076
0.0005715681485100147
-0.00021006350757205668
0.000625305324865657
-0.00015144113336590132
0.0005911089399120664
-0.0002491450903761602
0.0006106497313141182
-0.0002589154860771861
0.000532486565705911
-0.0002491450903761602
0.0006643869076697606
-0.00014655593551538836
0.0006106497313141182
-0.000180752320468979
0.0006448461162677088
-0.00037616023448949683
0.0007474352711284806
-0.0002589154860771861
0.0004885197850512946
-0.0001709819247679531
0.00047874938935026865
-0.00015632633121641425
0.0006448461162677088
-0.0002882266731802638
0.0007181240840254031
-0.00015632633121641425
0.0007034684904738642
-7.327796775769418e-05
0.0008255984367366878
-0.00020029311187103076
0.0005373717635564241
-0.00026380068392769905
0.0005227161700048852
-0.00019540791402051784
0.0006008793356130923
-0.0001709819247679531
0.0005129457743038593
-0.0002882266731802638
0.0006692721055202736
-0.00021006350757205668
0.000635075720566683
-0.00034684904738641916
0.0006643869076697606
-0.00030776746458231557
0.00041035661944308744
-0.00021983390327308256
0.0006839276990718123
-0.00020517830972154372
0.000635075720566683
-0.00033707865168539324
0.0006643869076697606
-0.0001172447484123107
0.0006643869076697606
-0.0003419638495359062
0.0004689789936492428
-0.0002149487054225696
0.0004396678065461651
-0.00022960429897410844
0.0007278944797264289
-8.793356130923302e-05
0.0005959941377625794
-0.0002882266731802638
0.0005764533463605276
-0.00030776746458231557
0.00047874938935026865
-0.00034684904738641916
0.0007718612603810454
-0.0002149487054225696
0.0007376648754274548
-0.0002442598925256473
0.0006008793356130923
-0.00028334147532975087
0.0007914020517830972
-0.00026868588177821203
0.0006399609184171959
-0.00037127503663898385
0.0005715681485100147
-0.00014655593551538836
0.0007816316560820713
-0.00016609672691744016
0.0005666829506595017
-0.00023937469467513433
0.0006155349291646311
-0.00014167073766487544
0.0006839276990718123
-0.0002882266731802638
0.0005715681485100147
-0.0003224230581338544
0.0005666829506595017
-0.00028334147532975087
0.0005911089399120664
-0.00026868588177821203
0.0006741573033707865
-0.000361504640937958
0.0006106497313141182
-0.0003321934538348803
0.00045432340009770396
-0.0002882266731802638
0.0007181240840254031
-0.0001709819247679531
0.0004934049829018075
-0.00021983390327308256
0.0006448461162677088
-0.00018563751831949193
0.0006595017098192477
-0.0001074743527112848
0.0006741573033707865
-0.0002540302882266732
0.0005569125549584758
-0.00016609672691744016
0.0007425500732779677
-0.0002442598925256473
0.0006643869076697606
-0.00019540791402051784
0.0005129457743038593
-0.00026868588177821203
0.0005520273571079628
-0.00026380068392769905
0.0007083536883243771
-0.00019540791402051784
0.000625305324865657
-0.00028334147532975087
0.0007278944797264289
-0.00032730825598436733
0.0006888128969223254
-9.281875915974596e-05
0.0005911089399120664
-0.00021983390327308256
0.0006106497313141182
-0.00030288226673180264
0.0005471421592574499
-0.0002491450903761602
0.0005911089399120664
-0.00015632633121641425
0.0005764533463605276
-0.00030288226673180264
0.000635075720566683
-0.00020029311187103076
0.0008451392281387396
-0.0002882266731802638
0.0006546165119687347
-0.0002442598925256473
0.00045432340009770396
-0.00037127503663898385
0.0005373717635564241
-0.0001612115290669272
0.0006643869076697606
-0.0003419638495359062
0.0006204201270151441
-9.770395701025892e-05
0.000532486565705911
-0.0003126526624328285
0.0006057645334636053
-0.0002979970688812897
0.0005911089399120664
-0.00022960429897410844
0.0006008793356130923
-0.0002540302882266732
0.0005276013678553981
-0.0002247191011235955
0.0005617977528089887
-0.00012212994626282364
0.0007474352711284806
-0.0002540302882266732
0.0006692721055202736
-0.0002149487054225696
0.0006008793356130923
-0.0002442598925256473
0.0005617977528089887
-0.0001270151441133366
0.0006643869076697606
-0.0002149487054225696
0.0007425500732779677
-0.00016609672691744016
0.0007181240840254031
-8.793356130923302e-05
0.0004298974108451392
-0.0002589154860771861
0.0007474352711284806
-0.0002344894968246214
0.0007034684904738642
-0.00019540791402051784
0.0007083536883243771
-0.00030288226673180264
0.0006008793356130923
-0.00014655593551538836
0.0007669760625305325
-0.00012212994626282364
0.0008500244259892526
-0.0002540302882266732
0.000532486565705911
-0.0002589154860771861
0.0007083536883243771
-0.0003224230581338544
0.0005276013678553981
-0.0002442598925256473
0.0007620908646800195
-0.0002540302882266732
0.0006595017098192477
-0.0003175378602833415
0.0005178309721543722
-0.00018563751831949193
0.000449438202247191
-0.00016609672691744016
0.0006936980947728383
-8.793356130923302e-05
0.0006741573033707865
-0.00015632633121641425
0.0006546165119687347
-0.00020029311187103076
0.0005080605764533464
-0.00020029311187103076
0.0006546165119687347
-0.000180752320468979
0.000625305324865657
-0.00019052271617000488
0.00048363458720078164
-0.00030288226673180264
0.0006204201270151441
-0.0002882266731802638
0.0005129457743038593
-0.00021006350757205668
0.0005178309721543722
-0.0002149487054225696
0.0007474352711284806
-0.00028334147532975087
0.0006595017098192477
-0.0002149487054225696
0.0006643869076697606
-0.0003517342452369321
0.0005666829506595017
-0.00020517830972154372
0.00063019052271617
-0.00030776746458231557
0.0005862237420615535
-0.0002784562774792379
0.0004885197850512946
-0.00019052271617000488
0.0006497313141182217
-0.00020517830972154372
0.0007034684904738642
-0.00020029311187103076
0.0007669760625305325
-0.00034684904738641916
0.0007523204689789937
-0.0002491450903761602
0.0007474352711284806
-0.00017586712261846604
0.00048363458720078164
-0.00014167073766487544
0.0006888128969223254
-0.00014167073766487544
0.000542256961406937
-0.00034684904738641916
0.0005080605764533464
-0.00022960429897410844
0.0006888128969223254
-0.00020029311187103076
0.0006888128969223254
-0.0001709819247679531
0.0006643869076697606
-0.00030776746458231557
0.0006985832926233512
-0.00013678553981436248
0.0007083536883243771
-0.00027357107962872496
0.0005617977528089887
-0.000356619443087445
0.0006155349291646311
-0.0002589154860771861
0.0006057645334636053
-0.0002491450903761602
0.0005666829506595017
-0.00023937469467513433
0.0005080605764533464
-0.00016609672691744016
0.0006057645334636053
-0.00023937469467513433
0.0006204201270151441
-0.00023937469467513433
0.0007425500732779677
-0.0002344894968246214
0.00063019052271617
-0.00028334147532975087
0.0006546165119687347
-0.00017586712261846604
0.0005666829506595017
-0.00021983390327308256
0.0008011724474841231
-0.0002247191011235955
0.0005129457743038593
-0.0002442598925256473
0.0005911089399120664
-0.0002784562774792379
0.0005520273571079628
-0.00017586712261846604
0.0005373717635564241
-0.00014167073766487544
0.0006643869076697606
-0.00014167073766487544
0.0005862237420615535
-0.00018563751831949193
0.0008549096238397655
-0.00019540791402051784
0.00063019052271617
-0.00016609672691744016
0.0007181240840254031
-0.00020517830972154372
0.0007474352711284806
-0.00017586712261846604
0.0005617977528089887
-0.00022960429897410844
0.0005080605764533464
-0.00022960429897410844
0.0006106497313141182
-0.00027357107962872496
0.0005764533463605276
-0.00032730825598436733
0.0006497313141182217
-0.00020029311187103076
0.0005764533463605276
-0.00019540791402051784
0.00063019052271617
-0.00020029311187103076
0.0005666829506595017
-0.00015632633121641425
0.0008304836345872007
-9.281875915974596e-05
0.0008011724474841231
-0.00013678553981436248
0.0006204201270151441
-0.0002344894968246214
0.0006643869076697606
-0.0002540302882266732
0.0007034684904738642
-0.00039081582804103567
0.0005911089399120664
-0.00014167073766487544
0.0005569125549584758
-0.00013678553981436248
0.0005911089399120664
-0.0002491450903761602
0.0005715681485100147
-0.0002784562774792379
0.0005959941377625794
-0.0003859306301905227
0.0006643869076697606
-0.00030288226673180264
0.0006741573033707865
-0.00021006350757205668
0.0006546165119687347
-0.0002149487054225696
0.00041035661944308744
-0.00011235955056179774
0.0005764533463605276
-0.00016609672691744016
0.0006790425012212994
-8.793356130923302e-05
0.0005764533463605276
-0.00030288226673180264
0.0007083536883243771
-0.00020517830972154372
0.0006008793356130923
-0.00026868588177821203
0.0006106497313141182
-0.0001074743527112848
0.0006888128969223254
-0.00030288226673180264
0.000449438202247191
-0.00023937469467513433
0.0005520273571079628
-0.00013190034196384952
0.0007034684904738642
-0.00017586712261846604
0.0005959941377625794
-8.304836345872008e-05
0.000532486565705911
-8.304836345872008e-05
0.0007083536883243771
-8.793356130923302e-05
0.0006155349291646311
-0.00013678553981436248
0.0007034684904738642
-0.0002344894968246214
0.0004592085979482169
-0.00032730825598436733
0.0004885197850512946
-0.0003517342452369321
0.0005666829506595017
-0.00020517830972154372
0.0004298974108451392
-0.00021006350757205668
0.0005813385442110405
-0.00021983390327308256
0.00041035661944308744
-0.0002784562774792379
0.0005276013678553981
-0.000361504640937958
0.0005276013678553981
-0.00022960429897410844
0.0005862237420615535
-0.00015632633121641425
0.0006643869076697606
-0.00026380068392769905
0.0006643869076697606
-3.419638495359062e-05
0.0006839276990718123
-0.00023937469467513433
0.0007523204689789937
-0.00037127503663898385
0.0004250122129946263
-0.00021006350757205668
0.000635075720566683
-0.00021006350757205668
0.0006985832926233512
-0.00016609672691744016
0.0006790425012212994
-0.000356619443087445
0.0007523204689789937
-0.0002540302882266732
0.0006497313141182217
-0.000180752320468979
0.0007034684904738642
-0.00027357107962872496
0.0006057645334636053
-0.0003224230581338544
0.0005715681485100147
-0.0002491450903761602
0.0006106497313141182
-8.793356130923302e-05
0.0005569125549584758
-0.0002979970688812897
0.00063019052271617
-0.00038104543234000976
0.0006399609184171959
-0.00028334147532975087
0.00071323888617489
-0.000180752320468979
0.0006643869076697606
-0.00023937469467513433
0.0005666829506595017
-0.00021983390327308256
0.0004934049829018075
-0.00020517830972154372
0.0008255984367366878
-0.00026868588177821203
0.0006936980947728383
-0.00022960429897410844
0.0006204201270151441
-0.00021006350757205668
0.0004982901807523204
-0.00019052271617000488
0.00063019052271617
-0.00032730825598436733
0.00063019052271617
-0.00030288226673180264
0.0004982901807523204
-0.0002344894968246214
0.000723009281875916
-0.00027357107962872496
0.0005569125549584758
-0.00023937469467513433
0.0006057645334636053
-0.00020517830972154372
0.0006595017098192477
-0.0001270151441133366
0.0005276013678553981
-0.00029311187103077673
0.0004982901807523204
-0.000356619443087445
0.0006448461162677088
-0.0002882266731802638
0.0005471421592574499
-0.00021006350757205668
0.0006595017098192477
-0.00011235955056179774
0.0007083536883243771
-8.304836345872008e-05
0.0005227161700048852
-0.00013678553981436248
0.0006985832926233512
-0.00017586712261846604
0.0006546165119687347
-0.0003126526624328285
0.0006546165119687347
-0.0002979970688812897
0.0005617977528089887
-0.00027357107962872496
0.00071323888617489
-0.00013190034196384952
0.000625305324865657
-0.00020517830972154372
0.000542256961406937
-0.0004250122129946263
0.0007962872496336101
-0.0002149487054225696
0.0004982901807523204
-0.0002784562774792379
0.0005666829506595017
-0.00011235955056179774
0.0005862237420615535
-0.00016609672691744016
0.000625305324865657
-0.0002540302882266732
0.0004738641914997557
-0.00014167073766487544
0.0005373717635564241
-0.00016609672691744016
0.0006595017098192477
-7.327796775769418e-05
0.00048363458720078164
-0.00020517830972154372
0.0006448461162677088
-0.0002589154860771861
0.0007962872496336101
-7.327796775769418e-05
0.0007083536883243771
-0.00015144113336590132
0.0006155349291646311
-0.00029311187103077673
0.0006106497313141182
-0.00029311187103077673
0.0005178309721543722
-0.00021006350757205668
0.0006692721055202736
-0.00010258915486077186
0.0006692721055202736
-0.00032730825598436733
0.0006008793356130923
-0.00023937469467513433
0.000542256961406937
-0.00020517830972154372
0.0005715681485100147
-0.00028334147532975087
0.000625305324865657
-0.00027357107962872496
0.0005764533463605276
-0.00020029311187103076
0.0007327796775769418
-0.00017586712261846604
0.0007669760625305325
-0.0002491450903761602
0.0008402540302882267
-0.00027357107962872496
0.0005227161700048852
-0.00021983390327308256
0.0005520273571079628
-0.00026868588177821203
0.0007718612603810454
-0.0003126526624328285
0.0005959941377625794
-0.00034684904738641916
0.000723009281875916
-0.00026380068392769905
0.0006692721055202736
-7.327796775769418e-05
0.0007767464582315583
-0.0002344894968246214
0.0006595017098192477
-0.0002882266731802638
0.0007034684904738642
-0.00026868588177821203
0.0006448461162677088
-0.0002247191011235955
0.0007327796775769418
-0.00020029311187103076
0.0005031753786028333
-0.00014655593551538836
0.0005617977528089887
-0.00011235955056179774
0.0006546165119687347
-0.0001172447484123107
0.0006448461162677088
-5.37371763556424e-05
0.0007620908646800195
-0.00021983390327308256
0.0008011724474841231
-0.00030776746458231557
0.0007523204689789937
-0.00021006350757205668
0.00047874938935026865
-0.0002247191011235955
0.00063019052271617
-0.00023937469467513433
0.000625305324865657
-0.00013678553981436248
0.00042012701514411335
-0.0001270151441133366
0.0007376648754274548
-0.0002442598925256473
0.0006985832926233512
-3.419638495359062e-05
0.0005715681485100147
-0.0004250122129946263
0.0007620908646800195
-0.00028334147532975087
0.0006106497313141182
-0.00020517830972154372
0.00063019052271617
-0.00021006350757205668
0.0005617977528089887
-0.00028334147532975087
0.0006497313141182217
-0.0002491450903761602
0.0007034684904738642
-0.0002979970688812897
0.0005911089399120664
-0.0003224230581338544
0.0005715681485100147
-0.00022960429897410844
0.0005031753786028333
-0.0002442598925256473
0.0006155349291646311
-0.00027357107962872496
0.0005520273571079628
-0.00026380068392769905
0.0006692721055202736
-0.0003175378602833415
0.0006399609184171959
-0.00026380068392769905
0.00041524181729360037
-0.000356619443087445
0.000625305324865657
-0.00014655593551538836
0.000635075720566683
-0.00014167073766487544
0.0006057645334636053
-0.00028334147532975087
0.0005764533463605276
-0.00017586712261846604
0.0006595017098192477
-0.00013678553981436248
0.0006399609184171959
-0.0003126526624328285
0.00071323888617489
-0.00020029311187103076
0.0003419638495359062
-0.0001612115290669272
0.0008549096238397655
-0.00019052271617000488
0.0005569125549584758
-0.00026868588177821203
0.0006008793356130923
-0.00026380068392769905
0.0005617977528089887
-0.00027357107962872496
0.00048363458720078164
-0.0002979970688812897
0.0006985832926233512
-0.00027357107962872496
0.0006936980947728383
-0.0002882266731802638
0.0005178309721543722
-0.00023937469467513433
0.0007474352711284806
-0.0002491450903761602
0.0006106497313141182
-0.0002540302882266732
0.00045432340009770396
-0.00018563751831949193
0.00037616023448949683
-0.0002540302882266732
0.0004738641914997557
-0.00021006350757205668
0.0005031753786028333
-0.0002247191011235955
0.0005715681485100147
-0.000180752320468979
0.0006497313141182217
-0.0002149487054225696
0.0005862237420615535
-0.00023937469467513433
0.0004592085979482169
-0.0003224230581338544
0.0005666829506595017
-0.00015144113336590132
0.000723009281875916
-0.00017586712261846604
0.0006643869076697606
-0.0003859306301905227
0.0005715681485100147
-0.0002540302882266732
0.00041524181729360037
-0.00030288226673180264
0.0006741573033707865
-7.816316560820712e-05
0.0006643869076697606
1.4655593551538837e-05
0.00063019052271617
-0.0001074743527112848
0.00042012701514411335
-0.0003321934538348803
0.0004689789936492428
-0.00020517830972154372
0.0006057645334636053
-0.0002491450903761602
0.0005911089399120664
-0.00022960429897410844
0.000723009281875916
-0.0002442598925256473
0.0006595017098192477
-0.00012212994626282364
0.0005764533463605276
-0.0002491450903761602
0.0006839276990718123
-0.0003126526624328285
0.0006155349291646311
-0.00011235955056179774
0.0005471421592574499
-0.00019052271617000488
0.0006204201270151441
-0.000180752320468979
0.0006936980947728383
-0.00011235955056179774
0.0006546165119687347
-0.00016609672691744016
0.000635075720566683
-0.0002442598925256473
0.0006497313141182217
-0.00021006350757205668
0.0007278944797264289
-9.77039570102589e-06
0.0006546165119687347
-0.00026868588177821203
0.0006448461162677088
-4.396678065461651e-05
0.0006643869076697606
-0.00023937469467513433
0.0004885197850512946
-0.0002442598925256473
0.0006546165119687347
-0.00030776746458231557
0.0006155349291646311
-0.0002979970688812897
0.0005178309721543722
-9.281875915974596e-05
0.0005569125549584758
-0.00015632633121641425
0.0006790425012212994
-0.0003126526624328285
0.0007034684904738642
-6.35075720566683e-05
0.0004885197850512946
-0.00013678553981436248
0.0007425500732779677
-6.839276990718124e-05
0.0006155349291646311
-0.00019052271617000488
0.0006985832926233512
-0.0001612115290669272
0.0005959941377625794
-0.00014655593551538836
0.0006595017098192477
-0.00023937469467513433
0.0006399609184171959
-0.0002540302882266732
0.0006643869076697606
-0.0001074743527112848
0.0006985832926233512
-0.00017586712261846604
0.0004396678065461651
-8.793356130923302e-05
0.000635075720566683
-0.0003175378602833415
0.000815828041035662
-0.0001709819247679531
0.00048363458720078164
-0.0002882266731802638
0.0007425500732779677
-4.396678065461651e-05
0.000361504640937958
-0.00021006350757205668
0.0005813385442110405
-7.816316560820712e-05
0.0007278944797264289
-0.0001172447484123107
0.00038104543234000976
-0.0002344894968246214
0.0005862237420615535
-0.00023937469467513433
0.0006839276990718123
-0.000361504640937958
0.0007083536883243771
-0.00020517830972154372
0.0007327796775769418
-2.9311187103077675e-05
0.0005666829506595017
2.442598925256473e-05
0.0006692721055202736
-4.885197850512946e-05
0.000449438202247191
-0.00012212994626282364
0.0006399609184171959
-0.00029311187103077673
0.0005520273571079628
-9.281875915974596e-05
0.0005764533463605276
-0.0002589154860771861
0.0005666829506595017
-4.885197850512946e-05
0.0005617977528089887
-0.0002247191011235955
0.0006155349291646311
-0.0001270151441133366
0.0008695652173913043
-0.00019052271617000488
0.000542256961406937
-0.0003126526624328285
0.0006448461162677088
-0.00018563751831949193
0.0004885197850512946
-0.00011235955056179774
0.0006643869076697606
-0.0002979970688812897
0.000542256961406937
-0.0002589154860771861
0.0006643869076697606
-0.0003175378602833415
0.0005178309721543722
-3.908158280410356e-05
0.0006790425012212994
-0.0002247191011235955
0.0005764533463605276
-0.00033707865168539324
0.0005178309721543722
-0.0003663898387884709
0.0006985832926233512
-0.0002149487054225696
0.000449438202247191
-0.0002784562774792379
0.0006936980947728383
-4.885197850512946e-05
0.0008353688324377137
-0.0002442598925256473
0.0006448461162677088
-0.00029311187103077673
0.0006204201270151441
-0.00026868588177821203
0.0005959941377625794
-0.0002344894968246214
0.0007034684904738642
-4.396678065461651e-05
0.0004982901807523204
-0.0002247191011235955
0.0006936980947728383
-0.00027357107962872496
0.0007474352711284806
-0.0002784562774792379
0.0006155349291646311
-0.00027357107962872496
0.000635075720566683
-0.0001270151441133366
0.0006692721055202736
-0.00028334147532975087
0.0004934049829018075
-0.00029311187103077673
0.000542256961406937
-0.00016609672691744016
0.0007278944797264289
-6.839276990718124e-05
0.0007767464582315583
-0.0002540302882266732
0.000723009281875916
-0.0003321934538348803
0.0006595017098192477
-0.00023937469467513433
0.0005911089399120664
-0.00026380068392769905
0.0007572056668295066
-0.00016609672691744016
0.0007474352711284806
-0.0002344894968246214
0.0006448461162677088
-0.00020029311187103076
0.000723009281875916
-0.00020517830972154372
0.0007474352711284806
-0.00027357107962872496
0.0005911089399120664
-0.0002149487054225696
0.0007034684904738642
-0.00011235955056179774
0.0005471421592574499
-5.37371763556424e-05
0.000723009281875916
-9.281875915974596e-05
0.000532486565705911
-0.00027357107962872496
0.0005617977528089887
-0.00026380068392769905
0.00038104543234000976
-0.00014167073766487544
0.0006546165119687347
-0.00012212994626282364
0.0007376648754274548
-0.0002589154860771861
0.000723009281875916
-0.000356619443087445
0.0007474352711284806
-0.0003175378602833415
0.0007278944797264289
-0.0001172447484123107
0.0008207132388861749
-0.0002882266731802638
0.0007962872496336101
-0.00014655593551538836
0.0006546165119687347
-0.0002784562774792379
0.000532486565705911
-9.770395701025892e-05
0.0005520273571079628
-0.00021006350757205668
0.0005715681485100147
-5.862237420615535e-05
0.0006448461162677088
-7.327796775769418e-05
0.0006399609184171959
-0.00012212994626282364
0.0006106497313141182
-0.0002882266731802638
0.000532486565705911
-0.00021006350757205668
0.0007327796775769418
-0.0002784562774792379
0.0007278944797264289
-0.00019052271617000488
0.000625305324865657
-0.0002979970688812897
0.000625305324865657
-0.00021006350757205668
0.0006008793356130923
-0.00015144113336590132
0.0007278944797264289
-0.0002882266731802638
0.0008011724474841231
-0.0001612115290669272
0.00045432340009770396
-0.00022960429897410844
0.0005031753786028333
-0.0003175378602833415
0.0006595017098192477
-0.0001172447484123107
0.00063019052271617
-0.00026380068392769905
0.00071323888617489
-0.00020517830972154372
0.0005471421592574499
-0.0003224230581338544
0.0007327796775769418
-0.0002149487054225696
0.0005959941377625794
-2.9311187103077675e-05
0.0005471421592574499
-9.770395701025892e-05
0.0006888128969223254
-0.00022960429897410844
0.0007962872496336101
-0.00016609672691744016
0.0004885197850512946
-0.0002491450903761602
0.0007181240840254031
-0.0002344894968246214
0.00063019052271617
-0.0002979970688812897
0.0006595017098192477
-0.0002247191011235955
0.0006155349291646311
-4.885197850512946e-05
0.0006595017098192477
-0.00012212994626282364
0.0005666829506595017
-0.00018563751831949193
0.0006595017098192477
-0.00026868588177821203
0.0006155349291646311
-0.0002442598925256473
0.0005569125549584758
-0.00013678553981436248
0.0006448461162677088
-0.0002540302882266732
0.0007620908646800195
-8.793356130923302e-05
0.0005813385442110405
-0.00015632633121641425
0.0005520273571079628
-0.0001709819247679531
0.0006155349291646311
-0.00015632633121641425
0.000542256961406937
-0.0001709819247679531
0.0006839276990718123
-0.00019052271617000488
0.0006546165119687347
-0.0002442598925256473
0.0005129457743038593
-0.00019540791402051784
0.0007620908646800195
-0.0002442598925256473
0.0004738641914997557
-0.00022960429897410844
0.0005862237420615535
-0.00017586712261846604
0.0006106497313141182
-0.00026868588177821203
0.0007425500732779677
-7.816316560820712e-05
0.00040058622374206153
-9.281875915974596e-05
0.00044455300439667805
-0.0002882266731802638
0.0005569125549584758
-0.00019540791402051784
0.0006399609184171959
-0.0002589154860771861
0.0007181240840254031
-0.0002149487054225696
0.0005764533463605276
-0.00019052271617000488
0.0006057645334636053
-0.0002247191011235955
0.0005764533463605276
-0.00019052271617000488
0.0006008793356130923
-0.00034684904738641916
0.0004934049829018075
-0.0002149487054225696
0.0006790425012212994
-0.00027357107962872496
0.0005129457743038593
-0.00016609672691744016
0.0005373717635564241
-8.793356130923302e-05
0.0006106497313141182
-0.000180752320468979
0.0006546165119687347
-0.0002344894968246214
0.0005471421592574499
-0.00023937469467513433
0.0005129457743038593
-0.00016609672691744016
0.0006204201270151441
-0.00021983390327308256
0.0005569125549584758
-0.0002784562774792379
0.0005715681485100147
-0.0003517342452369321
0.0006399609184171959
-0.0002344894968246214
0.0005911089399120664
-0.0002979970688812897
0.0007083536883243771
-0.00021983390327308256
0.0007474352711284806
-0.0003859306301905227
0.000723009281875916
-0.00015144113336590132
0.0005959941377625794
-0.00014167073766487544
0.0006204201270151441
-0.0002344894968246214
0.0008304836345872007
-0.00020517830972154372
0.0005666829506595017
-0.00013678553981436248
0.0006692721055202736
-0.00016609672691744016
0.0007816316560820713
-0.00028334147532975087
0.0005129457743038593
-0.00020517830972154372
0.00063019052271617
-0.0001270151441133366
0.0005959941377625794
-0.0002784562774792379
0.0005764533463605276
-0.000180752320468979
0.0006692721055202736
-0.00011235955056179774
0.0006839276990718123
-0.0003175378602833415
0.0006057645334636053
-0.00012212994626282364
0.00044455300439667805
-0.00027357107962872496
0.0007327796775769418
-0.000180752320468979
0.0007181240840254031
-0.00020517830972154372
0.0006643869076697606
-0.00026380068392769905
0.0006204201270151441
-0.00027357107962872496
0.000449438202247191
-0.00026380068392769905
0.0005666829506595017
-0.0003175378602833415
0.0007181240840254031
-8.304836345872008e-05
0.0005911089399120664
-0.0002589154860771861
0.0007572056668295066
-6.839276990718124e-05
0.0006106497313141182
-0.0002344894968246214
0.00063019052271617
-0.00030288226673180264
0.0007083536883243771
-0.00019540791402051784
0.0006448461162677088
-9.770395701025892e-05
0.0006155349291646311
-0.00019540791402051784
0.0006546165119687347
-4.396678065461651e-05
0.0007181240840254031
-9.281875915974596e-05
0.000625305324865657
-0.00017586712261846604
0.0007083536883243771
-0.00016609672691744016
0.0006888128969223254
-0.00022960429897410844
0.0006497313141182217
-0.00019540791402051784
0.0006546165119687347
-0.00014655593551538836
0.0006448461162677088
-0.0002589154860771861
0.0005276013678553981
-0.00019540791402051784
0.0003957010258915486
-0.0002491450903761602
0.0006643869076697606
-0.0001172447484123107
0.0006643869076697606
-0.0002344894968246214
0.000810942843185149
-0.0001270151441133366
0.0006741573033707865
-0.00015144113336590132
0.00063019052271617
-0.0002589154860771861
0.0006497313141182217
-0.0002589154860771861
0.0007181240840254031
-0.00019052271617000488
0.0007083536883243771
-0.0001612115290669272
0.0007865168539325843
-0.00027357107962872496
0.0007278944797264289
-0.00037616023448949683
0.0007718612603810454
-0.0001612115290669272
0.0006839276990718123
-0.00021983390327308256
0.0006497313141182217
-0.00022960429897410844
0.0007572056668295066
-0.0001270151441133366
0.0005911089399120664
-9.281875915974596e-05
0.000542256961406937
-0.00039081582804103567
0.0008549096238397655
-0.00017586712261846604
0.0007181240840254031
-0.0002784562774792379
0.000635075720566683
-0.00017586712261846604
0.0005227161700048852
-0.0002540302882266732
0.000903761602344895
-8.793356130923302e-05
0.0006936980947728383
-0.00013678553981436248
0.00047874938935026865
-0.00030288226673180264
0.0005666829506595017
-0.00021006350757205668
0.0006204201270151441
-8.793356130923302e-05
0.00071323888617489
-8.304836345872008e-05
0.0007425500732779677
-0.00026868588177821203
0.0007718612603810454
-0.00019540791402051784
0.0006497313141182217
-0.00026868588177821203
0.0005276013678553981
-0.0001172447484123107
0.000810942843185149
-0.0002247191011235955
0.000810942843185149
-0.00013678553981436248
0.0006497313141182217
-0.00012212994626282364
0.0007767464582315583
-0.0003224230581338544
0.0005520273571079628
-0.00018563751831949193
0.0007327796775769418
-0.00028334147532975087
0.0008793356130923302
-0.00010258915486077186
0.000723009281875916
-0.00020029311187103076
0.0006643869076697606
-3.908158280410356e-05
0.0005471421592574499
-0.00026868588177821203
0.0007914020517830972
-0.00016609672691744016
0.0007083536883243771
-8.304836345872008e-05
0.0006057645334636053
-0.00023937469467513433
0.0007034684904738642
-0.00028334147532975087
0.000625305324865657
-0.0001709819247679531
0.0007034684904738642
-0.0002491450903761602
0.0006106497313141182
-0.00013678553981436248
0.0004885197850512946
-0.00019052271617000488
0.0006448461162677088
-0.00018563751831949193
0.0006741573033707865
-0.00013190034196384952
0.0007376648754274548
-0.00022960429897410844
0.000635075720566683
-0.00010258915486077186
0.00047874938935026865
-0.00037616023448949683
0.0006595017098192477
-0.00023937469467513433
0.0005666829506595017
-0.0001612115290669272
0.0006741573033707865
-0.0002589154860771861
0.000625305324865657
-0.00014655593551538836
0.0005031753786028333
-5.862237420615535e-05
0.0007376648754274548
-0.0001172447484123107
0.0006790425012212994
-0.00014167073766487544
0.000815828041035662
-0.00023937469467513433
0.0007669760625305325
-1.954079140205178e-05
0.0007181240840254031
-0.00017586712261846604
0.0006106497313141182
-4.885197850512946e-05
0.0006057645334636053
-0.0001709819247679531
0.0005227161700048852
-0.0003126526624328285
0.0007474352711284806
-0.00016609672691744016
0.0006008793356130923
-0.00015144113336590132
0.0006497313141182217
-0.00023937469467513433
0.0006888128969223254
-0.00020029311187103076
0.0007181240840254031
-0.0003419638495359062
0.0006546165119687347
-0.0001612115290669272
0.0006448461162677088
-0.00020029311187103076
0.0007572056668295066
-0.00033707865168539324
0.0006741573033707865
-0.0002882266731802638
0.0006741573033707865
-0.0003175378602833415
0.0006692721055202736
-0.0002589154860771861
0.0006204201270151441
-8.793356130923302e-05
0.0006595017098192477
-0.0003224230581338544
0.0005666829506595017
-0.00029311187103077673
0.0006204201270151441
-0.00034684904738641916
0.0006595017098192477
-0.00032730825598436733
0.0007083536883243771
-0.00019052271617000488
0.0006497313141182217
-0.00013678553981436248
0.0006106497313141182
-0.00027357107962872496
0.0005959941377625794
-0.00016609672691744016
0.0007816316560820713
-0.00011235955056179774
0.0006106497313141182
-0.00030288226673180264
0.0006448461162677088
-0.00011235955056179774
0.0006497313141182217
-5.862237420615535e-05
0.00071323888617489
-0.0002491450903761602
0.000532486565705911
-0.00018563751831949193
0.0006399609184171959
-0.000361504640937958
0.0005031753786028333
-0.0002589154860771861
0.0006008793356130923
-9.770395701025892e-05
0.0006497313141182217
-0.00021983390327308256
0.0007767464582315583
-0.00019540791402051784
0.0006497313141182217
-0.0002589154860771861
0.0006106497313141182
-0.00019052271617000488
0.0005178309721543722
-0.00011235955056179774
0.0006936980947728383
-0.00014167073766487544
0.0007718612603810454
-0.00019052271617000488
0.0005520273571079628
-0.00021006350757205668
0.0006399609184171959
-0.00029311187103077673
0.0005569125549584758
-0.0002784562774792379
0.0007376648754274548
-0.0002784562774792379
0.0006155349291646311
-0.000180752320468979
0.0006204201270151441
-0.00014167073766487544
0.0006888128969223254
-0.0001612115290669272
0.0006741573033707865
-0.00020517830972154372
0.0005520273571079628
-0.0002784562774792379
0.0006399609184171959
-0.00012212994626282364
0.00063019052271617
-0.00030776746458231557
0.0006643869076697606
-0.00017586712261846604
0.0006790425012212994
-0.00015144113336590132
0.0006008793356130923
-0.0002442598925256473
0.0006155349291646311
-0.00023937469467513433
0.0006546165119687347
-0.00034684904738641916
0.0005666829506595017
-0.00020029311187103076
0.0006497313141182217
-0.00010258915486077186
0.0008549096238397655
-0.0002979970688812897
0.0007669760625305325
-0.0002882266731802638
0.0006155349291646311
-0.00033707865168539324
0.0007278944797264289
-0.0001709819247679531
0.0006595017098192477
-0.00015144113336590132
0.0008207132388861749
-0.0002149487054225696
0.000625305324865657
-0.0002149487054225696
0.0006204201270151441
-0.0002784562774792379
0.000635075720566683
-0.00018563751831949193
0.0007865168539325843
-0.00030776746458231557
0.0007278944797264289
-0.0003957010258915486
0.0007376648754274548
-1.954079140205178e-05
0.0006546165119687347
-0.00023937469467513433
0.000723009281875916
-0.00015632633121641425
0.0005666829506595017
-0.0002491450903761602
0.0005617977528089887
-0.0002491450903761602
0.000815828041035662
-0.0003126526624328285
0.00071323888617489
-0.00019052271617000488
0.0007034684904738642
-0.0003321934538348803
0.0004640937957987298
-0.0002540302882266732
0.0008353688324377137
-0.0001270151441133366
0.00071323888617489
-0.00017586712261846604
0.0007327796775769418
-0.000180752320468979
0.0008304836345872007
-0.000356619443087445
0.0006155349291646311
-0.00015144113336590132
0.0006936980947728383
-0.0002247191011235955
0.00071323888617489
-0.00020029311187103076
0.0005959941377625794
-0.0002149487054225696
0.000542256961406937
-0.00038104543234000976
0.000625305324865657
-0.0002149487054225696
0.0007034684904738642
-0.0002979970688812897
0.00048363458720078164
-8.304836345872008e-05
0.0007425500732779677
-0.0001709819247679531
0.00063019052271617
-0.00027357107962872496
0.0007572056668295066
-0.0002540302882266732
0.000723009281875916
-0.00029311187103077673
0.0006985832926233512
-0.0002589154860771861
0.0005813385442110405
-0.00043478260869565214
0.0006106497313141182
-0.00015144113336590132
0.0006936980947728383
-0.00022960429897410844
0.000625305324865657
-0.0003957010258915486
0.0005520273571079628
-0.0002442598925256473
0.0005862237420615535
-0.00014167073766487544
0.0006936980947728383
-0.00028334147532975087
0.0005813385442110405
-0.00023937469467513433
0.0006497313141182217
-0.00030288226673180264
0.0005813385442110405
-0.0002344894968246214
0.0005276013678553981
-0.0001172447484123107
0.0006643869076697606
-0.0002149487054225696
0.0006448461162677088
-0.0002491450903761602
0.0006057645334636053
-0.0002442598925256473
0.0007278944797264289
-0.00015632633121641425
0.0005617977528089887
-0.00015144113336590132
0.000635075720566683
-0.00015632633121641425
0.0003859306301905227
-9.770395701025892e-05
0.0006204201270151441
-0.0003419638495359062
0.0007327796775769418
-0.00013678553981436248
0.000723009281875916
-0.00032730825598436733
0.000723009281875916
-0.0003224230581338544
0.0005617977528089887
-0.00013678553981436248
0.0006448461162677088
-0.00026380068392769905
0.0006741573033707865
-0.0002149487054225696
0.0005520273571079628
-0.00013190034196384952
0.0005227161700048852
-0.0002344894968246214
0.0006595017098192477
4.885197850512945e-06
0.0006985832926233512
-0.00021983390327308256
0.0006888128969223254
-0.0001612115290669272
0.0007767464582315583
-0.00017586712261846604
0.0006399609184171959
-0.00013190034196384952
0.0007083536883243771
-0.0001709819247679531
0.0007181240840254031
-0.0002589154860771861
0.0007816316560820713
-0.000356619443087445
0.0005764533463605276
-0.00014655593551538836
0.0006888128969223254
-0.0002882266731802638
0.0004934049829018075
-0.000180752320468979
0.0007425500732779677
-0.00014655593551538836
0.0006888128969223254
-0.00021006350757205668
0.0006448461162677088
-0.0001709819247679531
0.0005080605764533464
-0.0001270151441133366
0.0006008793356130923
-0.0002247191011235955
0.0005129457743038593
-0.00022960429897410844
0.00071323888617489
-0.00020517830972154372
0.000542256961406937
-0.00030288226673180264
0.0006936980947728383
-0.00030288226673180264
0.000542256961406937
-0.00027357107962872496
0.000806057645334636
-0.00026380068392769905
0.0005373717635564241
-0.00013678553981436248
0.0005813385442110405
-0.00014655593551538836
0.0007376648754274548
-0.00015144113336590132
0.00047874938935026865
-0.00019052271617000488
0.0006106497313141182
-0.0003175378602833415
0.0006546165119687347
-0.00028334147532975087
0.0007620908646800195
-0.00016609672691744016
0.0008353688324377137
-0.0002491450903761602
0.0006204201270151441
-4.396678065461651e-05
0.0006888128969223254
-7.327796775769418e-05
0.0008597948216902784
-0.00030288226673180264
0.0005959941377625794
-0.00044455300439667805
0.0007620908646800195
-0.0003517342452369321
0.0005617977528089887
-0.00014655593551538836
0.0006741573033707865
-0.000180752320468979
0.0007181240840254031
-8.304836345872008e-05
0.0006057645334636053
-0.00023937469467513433
0.0008255984367366878
-0.0002149487054225696
0.0006106497313141182
-0.00030288226673180264
0.0007083536883243771
-0.0003224230581338544
0.0007327796775769418
-3.908158280410356e-05
0.0005617977528089887
-0.0002491450903761602
0.0005276013678553981
-0.00022960429897410844
0.0005471421592574499
-0.0003224230581338544
0.0005666829506595017
-0.0002442598925256473
0.0005813385442110405
-0.0002442598925256473
0.0006790425012212994
-0.00027357107962872496
0.0008500244259892526
-0.0002247191011235955
0.000635075720566683
-0.0001074743527112848
0.0005862237420615535
-0.00032730825598436733
0.0006497313141182217
-0.0002540302882266732
0.0007767464582315583
-0.00019052271617000488
0.0007083536883243771
-0.00019052271617000488
0.0006985832926233512
-0.00012212994626282364
0.0007816316560820713
-0.0003175378602833415
0.0007376648754274548
-0.0002589154860771861
0.0005715681485100147
-0.00020517830972154372
0.0005617977528089887
-0.00029311187103077673
0.0005764533463605276
-0.0001074743527112848
0.0005959941377625794
-0.00017586712261846604
0.0007620908646800195
-0.0003224230581338544
0.0006985832926233512
-0.0001270151441133366
0.0007523204689789937
-0.0003175378602833415
0.0006839276990718123
-0.0001270151441133366
0.0007376648754274548
-0.0003321934538348803
0.000723009281875916
-8.304836345872008e-05
0.000532486565705911
-0.00013190034196384952
0.0007425500732779677
-0.0003957010258915486
0.0006057645334636053
-0.0002491450903761602
0.0006546165119687347
-0.0003419638495359062
0.000723009281875916
-0.000180752320468979
0.0006204201270151441
-0.0003321934538348803
0.0004738641914997557
-0.0002589154860771861
0.0007083536883243771
-0.0002247191011235955
0.0007327796775769418
-0.00013678553981436248
0.0007865168539325843
-0.00022960429897410844
0.0007083536883243771
-0.00010258915486077186
0.0007034684904738642
-0.00018563751831949193
0.0005862237420615535
-0.00027357107962872496
0.0005911089399120664
-0.0002979970688812897
0.0006692721055202736
-0.0002344894968246214
0.0005373717635564241
-0.0002247191011235955
0.0007718612603810454
-7.327796775769418e-05
0.000625305324865657
-0.00020517830972154372
0.0006643869076697606
-0.0002540302882266732
0.0007083536883243771
-0.00023937469467513433
0.0005276013678553981
-0.00016609672691744016
0.0006790425012212994
-0.0002882266731802638
0.0005813385442110405
-0.0002540302882266732
0.0007376648754274548
-0.0002540302882266732
0.0007034684904738642
-0.00020029311187103076
0.0004640937957987298
-0.00026868588177821203
0.0004885197850512946
-0.0003663898387884709
0.000449438202247191
-0.00017586712261846604
0.0006155349291646311
-9.770395701025892e-05
0.0007523204689789937
-0.00015632633121641425
0.0006936980947728383
-0.00015632633121641425
0.0007572056668295066
-0.00013190034196384952
0.0005373717635564241
-0.00013678553981436248
0.0008011724474841231
-0.00026868588177821203
0.0006595017098192477
-0.00019540791402051784
0.0007083536883243771
-0.0002149487054225696
0.0006741573033707865
-0.0002979970688812897
0.0007474352711284806
-0.0001612115290669272
0.0006839276990718123
-0.00017586712261846604
0.0006790425012212994
-0.00010258915486077186
0.0005911089399120664
-9.281875915974596e-05
0.0006008793356130923
-0.00020029311187103076
0.0006936980947728383
-9.77039570102589e-06
0.0007181240840254031
-0.00015632633121641425
0.0007718612603810454
-9.770395701025892e-05
0.000532486565705911
-0.00026868588177821203
0.000625305324865657
-0.0002149487054225696
0.0006448461162677088
-0.00017586712261846604
0.0006643869076697606
-0.0001612115290669272
0.000723009281875916
-0.00018563751831949193
0.0005862237420615535
-0.00014655593551538836
0.0006155349291646311
-0.00020029311187103076
0.00047874938935026865
-0.00033707865168539324
0.0007034684904738642
-0.000361504640937958
0.0005813385442110405
-6.839276990718124e-05
0.0006497313141182217
-0.00017586712261846604
0.0007327796775769418
-0.0001172447484123107
0.0006741573033707865
-0.00018563751831949193
0.000635075720566683
-0.000180752320468979
0.0005617977528089887
-0.0002540302882266732
0.0005520273571079628
-5.37371763556424e-05
0.0008695652173913043
-0.00014167073766487544
0.0005764533463605276
-9.770395701025892e-05
0.0007474352711284806
-0.0001709819247679531
0.0007425500732779677
-0.00015632633121641425
0.0006839276990718123
-0.00013678553981436248
0.0006741573033707865
-0.0001270151441133366
0.00071323888617489
-0.00023937469467513433
0.0007865168539325843
-7.327796775769418e-05
0.0005129457743038593
-0.0001172447484123107
0.0005080605764533464
-0.00030288226673180264
0.0006546165119687347
-0.0001612115290669272
0.0005862237420615535
-0.00026380068392769905
0.0004689789936492428
-0.00030776746458231557
0.000542256961406937
-0.0001270151441133366
0.0006936980947728383
-0.00014655593551538836
0.0005520273571079628
-0.0003126526624328285
0.0008011724474841231
-0.00021983390327308256
0.0005911089399120664
-0.0002784562774792379
0.0005813385442110405
-9.77039570102589e-06
0.0005520273571079628
-0.0001709819247679531
0.00045432340009770396
-0.00020029311187103076
0.0007474352711284806
-0.00014655593551538836
0.0006008793356130923
-4.396678065461651e-05
0.000542256961406937
-0.00015144113336590132
0.0006595017098192477
-0.0003224230581338544
0.0006057645334636053
-0.00037616023448949683
0.0005031753786028333
-0.00021006350757205668
0.0007327796775769418
-0.00030288226673180264
0.0006985832926233512
-5.862237420615535e-05
0.0005031753786028333
-0.00020029311187103076
0.0005471421592574499
-0.000361504640937958
0.000635075720566683
-4.396678065461651e-05
0.0006546165119687347
-0.0002882266731802638
0.0005227161700048852
-0.0002442598925256473
0.0005617977528089887
-0.0002882266731802638
0.0006692721055202736
-3.908158280410356e-05
0.0006790425012212994
-0.0002589154860771861
0.0006839276990718123
-0.00021006350757205668
0.0007474352711284806
-0.00013678553981436248
0.0008842208109428432
-0.0001270151441133366
0.0006106497313141182
-0.0002442598925256473
0.0006155349291646311
-0.00023937469467513433
0.0006106497313141182
-0.0002149487054225696
0.0005373717635564241
-0.00020517830972154372
0.0005227161700048852
-0.00028334147532975087
0.000532486565705911
-0.0002540302882266732
0.00045432340009770396
-0.0002589154860771861
0.0006008793356130923
-0.00015632633121641425
0.0005276013678553981
-0.0001074743527112848
0.000625305324865657
-0.00022960429897410844
0.0005959941377625794
-0.00032730825598436733
0.0006985832926233512
-8.793356130923302e-05
0.0007718612603810454
-0.00026380068392769905
0.0006497313141182217
-0.00012212994626282364
0.0005471421592574499
-0.00017586712261846604
0.0007034684904738642
-0.00017586712261846604
0.0005276013678553981
-0.0002149487054225696
0.0006595017098192477
-0.000180752320468979
0.0005666829506595017
-9.77039570102589e-06
0.0006497313141182217
-0.0002979970688812897
0.0005666829506595017
-0.00015144113336590132
0.0005178309721543722
4.885197850512945e-06
0.000625305324865657
-0.00021983390327308256
0.0005569125549584758
-0.00017586712261846604
0.0006888128969223254
-0.0003126526624328285
0.0006008793356130923
-0.0002247191011235955
0.000542256961406937
-0.00028334147532975087
0.0007962872496336101
-0.0004250122129946263
0.0006595017098192477
-0.00028334147532975087
0.0007083536883243771
-0.00022960429897410844
0.00045432340009770396
-0.00018563751831949193
0.0006106497313141182
-0.00027357107962872496
0.0005911089399120664
-0.0002540302882266732
0.0005862237420615535
-0.0002149487054225696
0.0008011724474841231
-0.000180752320468979
0.0006888128969223254
-0.00012212994626282364
0.0006155349291646311
-0.00015632633121641425
0.0005715681485100147
-0.0002247191011235955
0.00063019052271617
-0.00027357107962872496
0.00042012701514411335
-0.00030288226673180264
0.0005813385442110405
-0.00027357107962872496
0.0006839276990718123
-0.0003224230581338544
0.0005276013678553981
-0.00014167073766487544
0.0008744504152418173
-0.00033707865168539324
0.0006497313141182217
-0.0002882266731802638
0.00063019052271617
-0.00012212994626282364
0.0006595017098192477
-0.00027357107962872496
0.0006643869076697606
-0.0001172447484123107
0.0006985832926233512
-0.00016609672691744016
0.0006155349291646311
-0.0002247191011235955
0.0007816316560820713
-0.0002491450903761602
0.0005227161700048852
-9.770395701025892e-05
0.000532486565705911
-0.0002589154860771861
0.0006741573033707865
-0.00020517830972154372
0.00063019052271617
-0.000356619443087445
0.0007523204689789937
-2.442598925256473e-05
0.0005520273571079628
-0.0002979970688812897
0.0007376648754274548
-0.0003126526624328285
0.0006595017098192477
-0.0001270151441133366
0.000723009281875916
-0.0002589154860771861
0.0007816316560820713
-0.00021006350757205668
0.0005276013678553981
-0.0002540302882266732
0.0006546165119687347
-0.0002784562774792379
0.0004640937957987298
-0.0002149487054225696
0.0006936980947728383
-0.0003859306301905227
0.0006155349291646311
-0.00029311187103077673
0.00041524181729360037
-0.00015144113336590132
0.0005373717635564241
-0.00019540791402051784
0.0006155349291646311
-0.00026380068392769905
0.00045432340009770396
-0.0002882266731802638
0.0006106497313141182
-0.0002540302882266732
0.0005471421592574499
-0.0001709819247679531
0.000625305324865657
-0.0004250122129946263
0.00063019052271617
-0.00023937469467513433
0.00063019052271617
-0.00039081582804103567
0.0005959941377625794
-0.0002149487054225696
0.0005959941377625794
-0.00014167073766487544
0.000723009281875916
-0.00037616023448949683
0.0006057645334636053
-0.00020029311187103076
0.0006643869076697606
-0.00016609672691744016
0.0007181240840254031
-0.00030776746458231557
0.0006008793356130923
-0.00021006350757205668
0.0007962872496336101
-0.0003419638495359062
0.000815828041035662
-0.0002882266731802638
0.0005373717635564241
-0.00015632633121641425
0.0005959941377625794
-0.00026868588177821203
0.0007474352711284806
-0.00027357107962872496
0.0005178309721543722
-0.00017586712261846604
0.0007718612603810454
-0.0003321934538348803
0.0006204201270151441
-0.00021006350757205668
0.00063019052271617
-0.00034684904738641916
0.0004885197850512946
-0.00043478260869565214
0.0005520273571079628
-0.0002589154860771861
0.0006643869076697606
-0.00020517830972154372
0.000356619443087445
-0.0003419638495359062
0.0006155349291646311
-0.000361504640937958
0.0007376648754274548
-0.00021983390327308256
0.0005862237420615535
-0.0002540302882266732
0.0006448461162677088
-0.00030776746458231557
0.000542256961406937
-0.00013678553981436248
0.0005080605764533464
-0.00037127503663898385
0.0005031753786028333
-0.00014167073766487544
0.0006643869076697606
-0.00019540791402051784
0.0006643869076697606
-0.00014167073766487544
0.000810942843185149
-0.00014655593551538836
0.0005764533463605276
-0.00014655593551538836
0.0007474352711284806
-0.0001612115290669272
0.0006790425012212994
-0.00020517830972154372
0.0006057645334636053
-6.35075720566683e-05
0.00047874938935026865
-0.00015632633121641425
0.0006888128969223254
-0.0001612115290669272
0.0006448461162677088
-4.396678065461651e-05
0.0006448461162677088
-0.00026380068392769905
0.0006497313141182217
-0.00026868588177821203
0.0006595017098192477
-0.00013678553981436248
0.00041035661944308744
-0.0001172447484123107
0.0006448461162677088
-0.00030776746458231557
0.0005276013678553981
-0.0001612115290669272
0.0007523204689789937
-0.0002247191011235955
0.0007767464582315583
-0.0002247191011235955
0.0007083536883243771
-9.281875915974596e-05
0.0006888128969223254
-0.0003957010258915486
0.0005617977528089887
-0.00026380068392769905
0.0007327796775769418
-0.00026868588177821203
0.00063019052271617
-0.00038104543234000976
0.0005764533463605276
-0.00019540791402051784
0.0006497313141182217
-0.00020029311187103076
0.0005715681485100147
-0.0002149487054225696
0.0006106497313141182
-0.0001172447484123107
0.0004640937957987298
-0.0002589154860771861
0.0005862237420615535
-2.9311187103077675e-05
0.0005715681485100147
-0.00023937469467513433
0.0006985832926233512
-0.00013678553981436248
0.00047874938935026865
-0.00014655593551538836
0.0004592085979482169
-0.00014655593551538836
0.0008451392281387396
-0.0001172447484123107
0.0007083536883243771
-0.00022960429897410844
0.00063019052271617
-0.00022960429897410844
0.0006204201270151441
-0.00015144113336590132
0.0008207132388861749
-0.00023937469467513433
0.0006448461162677088
-0.00021983390327308256
0.0005715681485100147
-0.0001270151441133366
0.0006155349291646311
-0.00026380068392769905
0.0005080605764533464
-0.00013678553981436248
0.0006155349291646311
-0.0002540302882266732
0.00063019052271617
-0.00013678553981436248
0.00042012701514411335
-0.00020517830972154372
0.0007181240840254031
-0.0002979970688812897
0.0005276013678553981
-0.0002979970688812897
0.0005373717635564241
-0.00012212994626282364
0.0006155349291646311
-0.00020029311187103076
0.0005959941377625794
-0.00029311187103077673
0.0005471421592574499
-0.00044455300439667805
0.0005373717635564241
-0.0002979970688812897
0.0006008793356130923
-7.327796775769418e-05
0.0005276013678553981
-0.00020029311187103076
0.0007474352711284806
-0.00017586712261846604
0.000635075720566683
-0.00014167073766487544
0.0006546165119687347
-6.839276990718124e-05
0.0007816316560820713
-0.0001074743527112848
0.0005129457743038593
-0.0002979970688812897
0.0004934049829018075
-0.0002442598925256473
0.0007914020517830972
-0.00021983390327308256
0.000635075720566683
-0.00021983390327308256
0.0006204201270151441
-0.00015144113336590132
0.0005276013678553981
-0.0002442598925256473
0.0006106497313141182
-0.0001270151441133366
0.000723009281875916
-0.00020029311187103076
0.0006595017098192477
-0.00014655593551538836
0.0006448461162677088
-0.00029311187103077673
0.0006448461162677088
-0.000180752320468979
0.0005764533463605276
-0.0002247191011235955
0.00045432340009770396
-0.000180752320468979
0.000723009281875916
-0.00021006350757205668
0.0006595017098192477
-0.0001709819247679531
0.0006399609184171959
-0.0001612115290669272
0.0006008793356130923
-0.00013190034196384952
0.0008842208109428432
-0.00014167073766487544
0.0005178309721543722
-0.00013678553981436248
0.0004738641914997557
-0.00019052271617000488
0.0006692721055202736
-0.00016609672691744016
0.000532486565705911
-0.0003517342452369321
0.0005764533463605276
-0.00026380068392769905
0.0005764533463605276
-0.00021006350757205668
0.0005080605764533464
-0.00020029311187103076
0.0005715681485100147
-0.0002149487054225696
0.0007327796775769418
-0.00026868588177821203
0.0006692721055202736
-0.0002344894968246214
0.000625305324865657
-0.0003175378602833415
0.0002979970688812897
-0.0002540302882266732
0.0004934049829018075
-0.00028334147532975087
0.0006155349291646311
-0.00011235955056179774
0.0006057645334636053
-0.00040058622374206153
0.0005862237420615535
-0.0001709819247679531
0.0005471421592574499
-0.00014167073766487544
0.000635075720566683
-0.0002247191011235955
0.0004250122129946263
-0.00015632633121641425
0.0004934049829018075
-0.0003126526624328285
0.0007181240840254031
-0.00014655593551538836
0.0006008793356130923
-0.0002589154860771861
0.0006448461162677088
-0.0002589154860771861
0.0005080605764533464
-0.00018563751831949193
0.0007572056668295066
-0.00013190034196384952
0.0006399609184171959
-0.00028334147532975087
0.0006155349291646311
-0.00010258915486077186
0.0006595017098192477
-5.862237420615535e-05
0.0005715681485100147
-0.00015632633121641425
0.0006497313141182217
-0.00021006350757205668
0.0007914020517830972
-0.000180752320468979
0.0005715681485100147
-0.00032730825598436733
0.0006204201270151441
-0.00013190034196384952
0.0004396678065461651
-0.00020029311187103076
0.0005276013678553981
-0.00013190034196384952
0.0005031753786028333
-7.816316560820712e-05
0.0007767464582315583
-0.00021006350757205668
0.000723009281875916
-0.00015144113336590132
0.0005129457743038593
-0.00015144113336590132
0.0006155349291646311
-0.0002784562774792379
0.000635075720566683
-8.304836345872008e-05
0.0006888128969223254
-0.00015144113336590132
0.0006008793356130923
-0.0003126526624328285
0.0004250122129946263
-0.00020029311187103076
0.0006204201270151441
-0.00022960429897410844
0.0007523204689789937
-0.00018563751831949193
0.000625305324865657
-0.000361504640937958
0.0005813385442110405
-0.0003175378602833415
0.00045432340009770396
-0.0001074743527112848
0.0008011724474841231
-9.281875915974596e-05
0.00071323888617489
-0.00020517830972154372
0.0006497313141182217
-0.0002344894968246214
0.000635075720566683
-0.00023937469467513433
0.0004640937957987298
-0.0002344894968246214
0.0006790425012212994
-0.0002149487054225696
0.0007376648754274548
-0.0002344894968246214
0.0006106497313141182
-0.00028334147532975087
0.0005373717635564241
-0.00019052271617000488
0.0005813385442110405
-6.839276990718124e-05
0.0006008793356130923
-0.0002442598925256473
0.0006741573033707865
-0.00030776746458231557
0.000625305324865657
-0.0001612115290669272
0.0004982901807523204
-0.0002540302882266732
0.0005373717635564241
-0.0002491450903761602
0.00041524181729360037
-9.770395701025892e-05
0.0006497313141182217
-0.00011235955056179774
0.0004934049829018075
-0.00013678553981436248
0.0005080605764533464
-0.00019540791402051784
0.0004885197850512946
-0.00014167073766487544
0.0005959941377625794
-0.0001612115290669272
0.0006399609184171959
-0.0002491450903761602
0.0002784562774792379
-0.000180752320468979
0.00071323888617489
-0.00014167073766487544
0.0006008793356130923
-0.00013190034196384952
0.0006839276990718123
-0.00028334147532975087
0.0006106497313141182
-0.0002442598925256473
0.000723009281875916
-4.396678065461651e-05
0.0005520273571079628
-0.00014167073766487544
0.00071323888617489
-0.000180752320468979
0.0007083536883243771
-0.0001270151441133366
0.0005471421592574499
-4.885197850512946e-05
0.0005715681485100147
-0.0003224230581338544
0.0007278944797264289
-0.00033707865168539324
0.0005520273571079628
-0.0002344894968246214
0.0005129457743038593
-0.0002882266731802638
0.0006546165119687347
-0.0002149487054225696
0.0006985832926233512
-0.0004592085979482169
0.0004982901807523204
-0.0002589154860771861
0.0005813385442110405
-0.00016609672691744016
0.0008304836345872007
-0.00021983390327308256
0.0005471421592574499
-0.0002149487054225696
0.0005276013678553981
-0.0002442598925256473
0.0007669760625305325
-0.00034684904738641916
0.0005911089399120664
-0.00012212994626282364
0.0006155349291646311
-0.0002589154860771861
0.0005959941377625794
-0.00026868588177821203
0.0006497313141182217
-0.0003175378602833415
0.00063019052271617
-0.0002442598925256473
0.0005862237420615535
-0.0002540302882266732
0.0004885197850512946
-0.0003224230581338544
0.0006106497313141182
-0.0001270151441133366
0.0006595017098192477
-0.00026868588177821203
0.0005031753786028333
-0.0002442598925256473
0.0006106497313141182
-0.00018563751831949193
0.000449438202247191
-0.00030776746458231557
0.0005813385442110405
-5.37371763556424e-05
0.0006741573033707865
-0.0002540302882266732
0.000625305324865657
-0.00028334147532975087
0.0006692721055202736
-0.00015144113336590132
0.000806057645334636
-0.000180752320468979
0.0007523204689789937
-0.0002979970688812897
0.0005178309721543722
-0.0002882266731802638
0.0007523204689789937
-0.00030776746458231557
0.0005471421592574499
-0.00030288226673180264
0.0005813385442110405
-0.0003175378602833415
0.0006497313141182217
-0.0002589154860771861
0.00048363458720078164
-0.0004396678065461651
0.000542256961406937
-0.00010258915486077186
0.0005959941377625794
-0.00022960429897410844
0.0005666829506595017
-0.00023937469467513433
0.0007718612603810454
-0.00018563751831949193
0.0005813385442110405
-7.816316560820712e-05
0.0005959941377625794
-0.00021983390327308256
0.0007278944797264289
-0.000180752320468979
0.000625305324865657
-4.885197850512946e-05
0.0007523204689789937
2.9311187103077675e-05
0.0006888128969223254
-0.00021983390327308256
0.0005813385442110405
-0.00023937469467513433
0.000542256961406937
-0.00026380068392769905
0.000810942843185149
-0.0002442598925256473
0.0006643869076697606
-4.885197850512946e-05
0.0005911089399120664
-0.0002784562774792379
0.0006448461162677088
-0.00023937469467513433
0.0007034684904738642
5.37371763556424e-05
0.0005959941377625794
-0.0001709819247679531
0.0006888128969223254
-0.00019540791402051784
0.0006497313141182217
-0.00020517830972154372
0.0005715681485100147
-0.0004298974108451392
0.0006595017098192477
-0.0002344894968246214
0.0005276013678553981
-0.00022960429897410844
0.0005813385442110405
-1.4655593551538837e-05
0.0006692721055202736
-0.00014655593551538836
0.000635075720566683
-0.0002491450903761602
0.0006497313141182217
-0.0002784562774792379
0.0006595017098192477
-0.00016609672691744016
0.0005862237420615535
-0.00029311187103077673
0.0006106497313141182
-0.0003126526624328285
0.0005666829506595017
-0.0001612115290669272
0.0004689789936492428
-0.0003321934538348803
0.0006790425012212994
-0.000180752320468979
0.0006741573033707865
-0.00021006350757205668
0.0005129457743038593
-0.00010258915486077186
0.0006595017098192477
-0.00014167073766487544
0.0006888128969223254
-0.00023937469467513433
0.0007523204689789937
-9.281875915974596e-05
0.0005764533463605276
-0.0003517342452369321
0.0006497313141182217
-0.00011235955056179774
0.0005227161700048852
-0.0001270151441133366
0.0006595017098192477
-0.00016609672691744016
0.000625305324865657
-0.00017586712261846604
0.0007278944797264289
-0.0003224230581338544
0.0006008793356130923
-0.00019052271617000488
0.00063019052271617
-0.0002784562774792379
0.00071323888617489
-0.00020517830972154372
0.0005911089399120664
-0.0003126526624328285
0.0007718612603810454
-0.00016609672691744016
0.0006497313141182217
-0.00026868588177821203
0.0008353688324377137
-0.0001612115290669272
0.0005959941377625794
-0.00021006350757205668
0.0007181240840254031
-0.00032730825598436733
0.0007523204689789937
-0.000180752320468979
0.0006497313141182217
-0.0003175378602833415
0.0006399609184171959
-0.00019052271617000488
0.00045432340009770396
-0.00020029311187103076
0.0006790425012212994
-0.0002589154860771861
0.0007083536883243771
-0.00017586712261846604
0.0006741573033707865
-0.00026380068392769905
0.00041035661944308744
-0.0002882266731802638
0.0005862237420615535
-0.00030288226673180264
0.0006155349291646311
-0.00021983390327308256
0.0008500244259892526
-6.35075720566683e-05
0.0005764533463605276
-0.00019540791402051784
0.000542256961406937
-0.00013190034196384952
0.0006839276990718123
-0.00015632633121641425
0.0006985832926233512
-0.0002540302882266732
0.0005520273571079628
-0.000180752320468979
0.0006985832926233512
-0.0003663898387884709
0.0006888128969223254
-0.00027357107962872496
0.0006790425012212994
-8.304836345872008e-05
0.0006448461162677088
-0.000180752320468979
0.0006497313141182217
-0.00027357107962872496
0.0006936980947728383
-0.00026380068392769905
0.0007327796775769418
-0.00015144113336590132
0.0007718612603810454
-0.00013678553981436248
0.0006399609184171959
-0.0002491450903761602
0.0006839276990718123
-0.00022960429897410844
0.00071323888617489
-0.0002784562774792379
0.000723009281875916
-0.00027357107962872496
0.0006595017098192477
-0.00014167073766487544
0.0005666829506595017
-0.00020517830972154372
0.0007181240840254031
-0.00017586712261846604
0.0007718612603810454
-9.281875915974596e-05
0.0007572056668295066
-0.0002149487054225696
0.00045432340009770396
-0.00019052271617000488
0.0007523204689789937
-0.000180752320468979
0.00063019052271617
-6.35075720566683e-05
0.0006448461162677088
-0.00022960429897410844
0.0005471421592574499
-0.00021006350757205668
0.0004885197850512946
-0.000180752320468979
0.00063019052271617
-0.00029311187103077673
0.0007083536883243771
-0.0002979970688812897
0.0005715681485100147
-0.00019052271617000488
0.0005178309721543722
-0.00038104543234000976
0.0006741573033707865
-0.000356619443087445
0.0005813385442110405
-0.00026380068392769905
0.0005373717635564241
-0.00013678553981436248
0.0005764533463605276
-0.0003957010258915486
0.0005080605764533464
-0.0002784562774792379
0.0007083536883243771
-0.00027357107962872496
0.0006985832926233512
-0.000180752320468979
0.0005959941377625794
-3.908158280410356e-05
0.0006985832926233512
-0.00016609672691744016
0.0006839276990718123
-0.00033707865168539324
0.0005276013678553981
-1.4655593551538837e-05
0.0006839276990718123
-0.00048363458720078164
0.0006448461162677088
-0.0003175378602833415
0.0007327796775769418
-0.0001709819247679531
0.0007034684904738642
-0.00020517830972154372
0.0005911089399120664
-0.00013190034196384952
0.000635075720566683
-0.0001709819247679531
0.0005813385442110405
-0.00028334147532975087
0.0005617977528089887
-0.00014655593551538836
0.0007523204689789937
-0.00020517830972154372
0.0007572056668295066
-0.0002589154860771861
0.00071323888617489
-0.0002247191011235955
0.0007278944797264289
-9.770395701025892e-05
0.00063019052271617
-0.00023937469467513433
0.00071323888617489
-0.000180752320468979
0.00071323888617489
-0.00022960429897410844
0.0006106497313141182
-0.00016609672691744016
0.0006692721055202736
-0.00014167073766487544
0.0006057645334636053
-0.0002442598925256473
0.0006497313141182217
-0.0001709819247679531
0.0006692721055202736
-5.862237420615535e-05
0.0007865168539325843
-0.00022960429897410844
0.0007865168539325843
-0.00018563751831949193
0.0005373717635564241
-0.00017586712261846604
0.0005178309721543722
-0.000180752320468979
0.0007425500732779677
-0.0001172447484123107
0.0007376648754274548
-0.00019052271617000488
0.0006692721055202736
-0.0001074743527112848
0.0005178309721543722
-0.0002784562774792379
0.0007327796775769418
-3.419638495359062e-05
0.0006741573033707865
-0.0001270151441133366
0.0005862237420615535
-0.0003224230581338544
0.0006888128969223254
-9.281875915974596e-05
0.00071323888617489
-0.00020029311187103076
0.000723009281875916
-0.00013190034196384952
0.0005178309721543722
-0.00026380068392769905
0.0007767464582315583
-0.0003175378602833415
0.0005276013678553981
-0.00013678553981436248
0.0007620908646800195
-9.770395701025892e-05
0.0005569125549584758
-0.00033707865168539324
0.0005031753786028333
-6.35075720566683e-05
0.0005715681485100147
-0.0004689789936492428
0.0006936980947728383
-2.9311187103077675e-05
0.0005862237420615535
-0.00018563751831949193
0.0005373717635564241
-0.0002589154860771861
0.0007523204689789937
-0.00018563751831949193
0.0007816316560820713
-0.00013190034196384952
0.0006839276990718123
-0.00018563751831949193
0.00044455300439667805
-0.00013678553981436248
0.0007327796775769418
-0.00021983390327308256
0.0005911089399120664
-3.908158280410356e-05
0.0005031753786028333
-0.0002979970688812897
0.0006643869076697606
-0.0001612115290669272
0.0005666829506595017
-0.00016609672691744016
0.0008255984367366878
-8.793356130923302e-05
0.0004738641914997557
-3.908158280410356e-05
0.0005178309721543722
-0.0001709819247679531
0.0006888128969223254
-0.000180752320468979
0.0006839276990718123
-0.00027357107962872496
0.0007865168539325843
-0.0002491450903761602
0.0005813385442110405
-0.00010258915486077186
0.0006399609184171959
-0.00028334147532975087
0.0006741573033707865
-0.00014655593551538836
0.0006204201270151441
-0.00019052271617000488
0.0007376648754274548
-0.0001074743527112848
0.0005227161700048852
-0.0002491450903761602
0.0005911089399120664
-5.37371763556424e-05
0.0007425500732779677
-0.00021006350757205668
0.0007572056668295066
-0.0003663898387884709
0.0006643869076697606
-0.0002491450903761602
0.0007620908646800195
-0.00026380068392769905
0.0005569125549584758
-0.00033707865168539324
0.0007181240840254031
-9.281875915974596e-05
0.000625305324865657
-0.00030776746458231557
0.0006741573033707865
-0.0002784562774792379
0.00045432340009770396
-0.0001612115290669272
0.0006155349291646311
-0.0002247191011235955
0.0004738641914997557
-0.00022960429897410844
0.0006106497313141182
-0.00013678553981436248
0.0007767464582315583
-0.0002247191011235955
0.0005813385442110405
-0.0001270151441133366
0.0006497313141182217
-0.00017586712261846604
0.0008353688324377137
-7.816316560820712e-05
0.0008549096238397655
-0.00020517830972154372
0.0005373717635564241
-0.0002882266731802638
0.0003419638495359062
-0.0002540302882266732
0.000806057645334636
-0.0001709819247679531
0.0007181240840254031
-0.0002979970688812897
0.0005959941377625794
-0.00019052271617000488
0.0005959941377625794
-0.0002149487054225696
0.0006546165119687347
-0.0001074743527112848
0.0006497313141182217
-0.00027357107962872496
0.0006741573033707865
-0.0001270151441133366
0.0004934049829018075
-0.0002344894968246214
0.0006595017098192477
-0.00019052271617000488
0.0005764533463605276
-0.0002491450903761602
0.0007816316560820713
-0.00022960429897410844
0.0007865168539325843
-0.00019052271617000488
0.0006008793356130923
-0.0002882266731802638
0.0006497313141182217
-0.0002882266731802638
0.000542256961406937
-0.0001270151441133366
0.0005031753786028333
-0.00022960429897410844
0.0006985832926233512
-0.00013678553981436248
0.0006546165119687347
-0.000361504640937958
0.0006643869076697606
-0.00023937469467513433
0.0006839276990718123
-0.00022960429897410844
0.0007620908646800195
-0.00029311187103077673
0.000806057645334636
-0.000180752320468979
0.000723009281875916
-0.00026868588177821203
0.0005715681485100147
-0.00015144113336590132
0.0006399609184171959
-0.00013190034196384952
0.0006790425012212994
-0.00017586712261846604
0.0007620908646800195
-0.0002442598925256473
0.0005959941377625794
-0.00023937469467513433
0.0005715681485100147
-0.00019540791402051784
0.0005471421592574499
-0.00026380068392769905
0.0006888128969223254
-0.00026868588177821203
0.000532486565705911
-3.908158280410356e-05
0.0007376648754274548
-0.00023937469467513433
0.0005813385442110405
-0.00033707865168539324
0.0005911089399120664
-0.0002589154860771861
0.000635075720566683
-0.000361504640937958
0.000542256961406937
-0.000180752320468979
0.0005080605764533464
-0.00032730825598436733
0.000542256961406937
-0.00027357107962872496
0.0006448461162677088
-0.0002540302882266732
0.0005276013678553981
-0.00020517830972154372
0.0007865168539325843
-0.0002344894968246214
0.0006643869076697606
-0.0001270151441133366
0.0006106497313141182
-0.0002979970688812897
0.0006839276990718123
-0.0002589154860771861
0.0006106497313141182
-0.00022960429897410844
0.0007865168539325843
-0.00013678553981436248
0.0006399609184171959
-0.0003126526624328285
0.0006448461162677088
-0.0002247191011235955
0.0005129457743038593
-0.00021006350757205668
0.0006643869076697606
-0.0002784562774792379
0.0006839276990718123
-0.000180752320468979
0.0005276013678553981
-0.00020029311187103076
0.0006204201270151441
-0.00019540791402051784
0.0006790425012212994
-0.0002491450903761602
0.0007376648754274548
-0.00020517830972154372
0.0006839276990718123
-0.00023937469467513433
0.0006888128969223254
-8.793356130923302e-05
0.0005617977528089887
-0.00012212994626282364
0.0005178309721543722
-0.00026380068392769905
0.0007083536883243771
-0.00019540791402051784
0.0006546165119687347
-0.00029311187103077673
0.0006790425012212994
-0.0001709819247679531
0.0006546165119687347
-0.0001612115290669272
0.0006008793356130923
-0.000180752320468979
0.0007865168539325843
-0.00027357107962872496
0.0006057645334636053
-0.00014167073766487544
0.0004738641914997557
-6.35075720566683e-05
0.0005959941377625794
-0.0001709819247679531
0.00044455300439667805
-9.281875915974596e-05
0.00071323888617489
-0.00030776746458231557
0.0006106497313141182
-0.00023937469467513433
0.0006106497313141182
-7.816316560820712e-05
0.0007083536883243771
-0.0002442598925256473
0.0006497313141182217
-0.0003859306301905227
0.0006497313141182217
-9.770395701025892e-05
0.0007865168539325843
-9.281875915974596e-05
0.0006595017098192477
-0.0001612115290669272
0.0006204201270151441
-0.0002149487054225696
0.0006595017098192477
-0.0001270151441133366
0.0005959941377625794
-0.00029311187103077673
0.00071323888617489
-0.00019540791402051784
0.0005715681485100147
-0.0001270151441133366
0.0004885197850512946
-0.0001709819247679531
0.00063019052271617
-0.0001709819247679531
0.0005911089399120664
-0.00027357107962872496
0.0006204201270151441
-0.00021983390327308256
0.000806057645334636
-0.00027357107962872496
0.0007425500732779677
-0.0002247191011235955
0.0006155349291646311
-0.00013190034196384952
0.0008549096238397655
-0.00019540791402051784
0.0006595017098192477
-0.0001612115290669272
0.0007474352711284806
-0.00033707865168539324
0.000635075720566683
-0.00013190034196384952
0.0007083536883243771
-9.77039570102589e-06
0.0005862237420615535
-0.00013678553981436248
0.0008500244259892526
-0.00020517830972154372
0.0006204201270151441
-0.0002784562774792379
0.0005666829506595017
-0.00019052271617000488
0.0005666829506595017
-8.304836345872008e-05
0.0007181240840254031
-0.0002344894968246214
0.000810942843185149
-0.00028334147532975087
0.0007327796775769418
-0.00026868588177821203
0.0005276013678553981
-0.00015144113336590132
0.0007572056668295066
-0.00020029311187103076
0.0007083536883243771
-0.00020517830972154372
0.0006448461162677088
-0.00017586712261846604
0.0006448461162677088
-0.0001074743527112848
0.0006546165119687347
-9.281875915974596e-05
0.0006741573033707865
-0.00018563751831949193
0.0008353688324377137
-0.0002149487054225696
0.0007523204689789937
-0.00023937469467513433
0.0007523204689789937
-0.00023937469467513433
0.0005373717635564241
-0.0003224230581338544
0.0007327796775769418
-0.0003419638495359062
0.0006106497313141182
-0.00013678553981436248
0.0007962872496336101
-0.00011235955056179774
0.0006204201270151441
-0.0002589154860771861
0.0005959941377625794
-0.00020517830972154372
0.0006008793356130923
-0.0002784562774792379
0.0005569125549584758
-0.00016609672691744016
0.0006155349291646311
-0.0002442598925256473
0.0006204201270151441
-0.00027357107962872496
0.0005813385442110405
-0.0002149487054225696
0.0006106497313141182
-0.00011235955056179774
0.0007376648754274548
-0.00040058622374206153
0.0006204201270151441
-0.00020029311187103076
0.0007718612603810454
-0.00014167073766487544
0.0005715681485100147
-0.00022960429897410844
0.000625305324865657
-0.00013190034196384952
0.0006839276990718123
-0.00011235955056179774
0.0006448461162677088
-0.00026868588177821203
0.000625305324865657
-0.00014655593551538836
0.000635075720566683
-0.0002540302882266732
0.0006448461162677088
-0.00030776746458231557
0.0006008793356130923
-0.0002344894968246214
0.0005129457743038593
-0.00014167073766487544
0.0006546165119687347
-0.0003126526624328285
0.0005764533463605276
-0.0002979970688812897
0.0005569125549584758
-3.908158280410356e-05
0.0007767464582315583
-0.00010258915486077186
0.0007474352711284806
-0.00013678553981436248
0.0006888128969223254
-0.00021983390327308256
0.0008011724474841231
-0.0003321934538348803
0.0007327796775769418
-0.0001172447484123107
0.0007083536883243771
-0.0002882266731802638
0.0006155349291646311
-0.00014655593551538836
0.0007376648754274548
-0.00034684904738641916
0.000723009281875916
-0.0003126526624328285
0.0005862237420615535
-0.00022960429897410844
0.0006741573033707865
-0.00030288226673180264
0.0005715681485100147
-0.0002882266731802638
0.000723009281875916
-0.00023937469467513433
0.000723009281875916
-0.0002344894968246214
0.0005666829506595017
-0.0003126526624328285
0.0006985832926233512
-0.00030288226673180264
0.0005959941377625794
-0.00013190034196384952
0.0006008793356130923
-0.00030776746458231557
0.0006497313141182217
-0.00023937469467513433
0.0006057645334636053
-0.00023937469467513433
0.0007376648754274548
-0.00015632633121641425
0.0006546165119687347
-3.908158280410356e-05
0.0005959941377625794
-0.00015144113336590132
0.000542256961406937
-0.00014655593551538836
0.0007474352711284806
-0.0003517342452369321
0.0007376648754274548
-0.00030776746458231557
0.0005666829506595017
-0.00028334147532975087
0.0006497313141182217
-0.00013678553981436248
0.000723009281875916
-7.816316560820712e-05
0.0005862237420615535
-0.00011235955056179774
0.0008451392281387396
-0.00023937469467513433
0.0005227161700048852
-9.770395701025892e-05
0.0006936980947728383
-0.00030776746458231557
0.0005764533463605276
-0.00016609672691744016
0.0005715681485100147
-0.00030288226673180264
0.0005569125549584758
-0.00022960429897410844
0.0007181240840254031
-0.0001172447484123107
0.0005471421592574499
-0.00037127503663898385
0.0006399609184171959
-0.00022960429897410844
0.0005227161700048852
-0.00012212994626282364
0.0004934049829018075
-0.000180752320468979
0.0005911089399120664
-0.000180752320468979
0.0005276013678553981
-0.00019052271617000488
0.0006057645334636053
-0.00020517830972154372
0.0005178309721543722
-3.419638495359062e-05
0.0006985832926233512
-0.0002589154860771861
0.0005569125549584758
-0.0001172447484123107
0.0006399609184171959
-9.770395701025892e-05
0.000635075720566683
-0.0003859306301905227
0.0005862237420615535
-0.0003321934538348803
0.0005617977528089887
-0.00022960429897410844
0.0008646800195407913
-0.0002882266731802638
0.0006057645334636053
-0.00017586712261846604
0.0006643869076697606
-0.00028334147532975087
0.0004250122129946263
-0.0001612115290669272
0.0007572056668295066
-0.00029311187103077673
0.00047874938935026865
-0.00026380068392769905
0.0007327796775769418
-0.00029311187103077673
0.0005080605764533464
-0.00021983390327308256
0.0005617977528089887
-0.00018563751831949193
0.0007425500732779677
-0.00012212994626282364
0.0007816316560820713
-0.0001172447484123107
0.0007376648754274548
-0.00019540791402051784
0.0007474352711284806
-0.00020517830972154372
0.00063019052271617
-0.00013190034196384952
0.0005227161700048852
-0.0002540302882266732
0.0007181240840254031
-0.0001612115290669272
0.00041524181729360037
-0.00014167073766487544
0.00063019052271617
-0.00030776746458231557
0.0004738641914997557
-0.00012212994626282364
0.0007816316560820713
-0.00021006350757205668
0.00063019052271617
-0.0004298974108451392
0.0006595017098192477
-0.00034684904738641916
0.0007181240840254031
-0.0002344894968246214
0.0005520273571079628
-0.0002491450903761602
0.000532486565705911
-0.00040058622374206153
0.000903761602344895
-0.00014167073766487544
0.0007278944797264289
-0.0002247191011235955
0.0007620908646800195
-0.000180752320468979
0.0005666829506595017
-0.0001172447484123107
0.0006985832926233512
-0.0002344894968246214
0.0006155349291646311
-8.304836345872008e-05
0.000723009281875916
-0.0002784562774792379
0.0006888128969223254
-0.00022960429897410844
0.000625305324865657
-0.00022960429897410844
0.0006106497313141182
-0.0002344894968246214
0.0005178309721543722
-0.0001612115290669272
0.0003957010258915486
-0.00013190034196384952
0.0006546165119687347
-0.00015632633121641425
0.0006497313141182217
-0.00011235955056179774
0.0007034684904738642
-0.00013190034196384952
0.0004396678065461651
-0.00020029311187103076
0.0006595017098192477
-0.00021006350757205668
0.0006057645334636053
-9.281875915974596e-05
0.0006204201270151441
-0.0002247191011235955
0.0005080605764533464
-0.00019540791402051784
0.0006741573033707865
-0.0002540302882266732
0.0006399609184171959
-0.00014167073766487544
0.0005959941377625794
-0.0002344894968246214
0.0004298974108451392
-0.00013678553981436248
0.000635075720566683
-0.00027357107962872496
0.000542256961406937
-0.00030776746458231557
0.0006204201270151441
-0.0001612115290669272
0.0006643869076697606
-0.0002344894968246214
0.0006448461162677088
-0.00019540791402051784
0.0005569125549584758
-0.00019540791402051784
0.0007669760625305325
-0.000180752320468979
0.0005764533463605276
-0.00015632633121641425
0.0004982901807523204
-0.00017586712261846604
0.0006008793356130923
-0.0002442598925256473
0.0006741573033707865
-0.0002540302882266732
0.0006008793356130923
-0.00010258915486077186
0.0004982901807523204
-0.0001709819247679531
0.0006204201270151441
-0.000361504640937958
0.0007523204689789937
-0.0002491450903761602
0.0007083536883243771
-0.00027357107962872496
0.0005129457743038593
-4.885197850512945e-06
0.0008597948216902784
-0.00021983390327308256
0.0006790425012212994
-0.00016609672691744016
0.000449438202247191
-0.0002589154860771861
0.00071323888617489
-0.00023937469467513433
0.0006057645334636053
-0.00034684904738641916
0.0006155349291646311
-8.793356130923302e-05
0.0006546165119687347
1.954079140205178e-05
0.0006497313141182217
-0.00014655593551538836
0.0006692721055202736
-0.00019052271617000488
0.0004738641914997557
-0.00017586712261846604
0.0004250122129946263
-5.862237420615535e-05
0.0006155349291646311
-0.00020029311187103076
0.000542256961406937
-0.0003126526624328285
0.0004934049829018075
-0.00018563751831949193
0.00041035661944308744
-0.00028334147532975087
0.0005080605764533464
-0.0001709819247679531
0.0005911089399120664
-0.0003175378602833415
0.0005617977528089887
-0.00032730825598436733
0.0005764533463605276
-0.00011235955056179774
0.0007376648754274548
-0.00019052271617000488
0.0005959941377625794
-0.0003175378602833415
0.0007278944797264289
-0.00013190034196384952
0.0006008793356130923
-0.0002442598925256473
0.00041524181729360037
-0.0002149487054225696
0.0006839276990718123
-0.00026868588177821203
0.0005569125549584758
-9.770395701025892e-05
0.0006790425012212994
-0.000180752320468979
0.0004934049829018075
-0.0002491450903761602
0.0006985832926233512
-0.0002344894968246214
0.000806057645334636
-0.00023937469467513433
0.0004640937957987298
-0.00017586712261846604
0.0008304836345872007
-6.839276990718124e-05
0.0005862237420615535
-0.0002589154860771861
0.0006008793356130923
-0.00014167073766487544
0.0006008793356130923
-0.00028334147532975087
0.00044455300439667805
-0.00013190034196384952
0.0005666829506595017
-0.00011235955056179774
0.000723009281875916
-0.00026868588177821203
0.0006790425012212994
-0.000180752320468979
0.000723009281875916
-5.862237420615535e-05
0.0006595017098192477
-0.00023937469467513433
0.0007767464582315583
-0.00019540791402051784
0.0005813385442110405
-0.00010258915486077186
0.0008695652173913043
-0.00013190034196384952
0.0007523204689789937
-0.00026380068392769905
0.0004298974108451392
-0.00020029311187103076
0.0006008793356130923
-0.00012212994626282364
0.00063019052271617
-0.000180752320468979
0.0005666829506595017
-0.0003175378602833415
0.000625305324865657
-0.0002247191011235955
0.0005862237420615535
-0.00013678553981436248
0.0007816316560820713
-7.816316560820712e-05
0.000635075720566683
-0.0001709819247679531
0.0004982901807523204
-0.0002589154860771861
0.0005813385442110405
-5.862237420615535e-05
0.0005959941377625794
-0.0001172447484123107
0.0006790425012212994
-0.0003419638495359062
0.0005227161700048852
-0.00014655593551538836
0.0004885197850512946
-0.00019052271617000488
0.0007669760625305325
-0.0003517342452369321
0.0005080605764533464
-0.0003175378602833415
0.000635075720566683
-0.0002540302882266732
0.0005911089399120664
-0.0002491450903761602
0.0006692721055202736
-0.0002540302882266732
0.0007327796775769418
-0.0002882266731802638
0.0005959941377625794
-5.862237420615535e-05
0.0005764533463605276
-5.862237420615535e-05
0.0005569125549584758
-0.00015632633121641425
0.000532486565705911
-0.0004054714215925745
0.0006546165119687347
-0.0002491450903761602
0.0006936980947728383
-0.00013678553981436248
0.0007474352711284806
-0.00013190034196384952
0.000723009281875916
-0.00017586712261846604
0.00071323888617489
-0.0002491450903761602
0.0005911089399120664
-0.0002344894968246214
0.0006888128969223254
-0.0002247191011235955
0.0005911089399120664
-0.0002540302882266732
0.0006595017098192477
-0.0002344894968246214
0.0005617977528089887
-0.00014655593551538836
0.0005666829506595017
-0.000180752320468979
0.0007181240840254031
-0.0002540302882266732
0.0006546165119687347
-0.0002540302882266732
0.0006790425012212994
-0.00012212994626282364
0.0008304836345872007
-0.00010258915486077186
0.0007327796775769418
-0.00020517830972154372
0.0006497313141182217
-0.00015632633121641425
0.0005911089399120664
-0.0001709819247679531
0.0006643869076697606
-0.0002540302882266732
0.0007669760625305325
-0.0002882266731802638
0.0007278944797264289
-0.00020029311187103076
0.0007278944797264289
-5.37371763556424e-05
0.0005080605764533464
-0.00021006350757205668
0.0004885197850512946
-0.0001709819247679531
0.000723009281875916
-0.0002979970688812897
0.0007425500732779677
-0.0002247191011235955
0.00047874938935026865
-0.00026868588177821203
0.0005666829506595017
-0.0002979970688812897
0.000542256961406937
-0.00028334147532975087
0.0007425500732779677
-0.0002149487054225696
0.0006643869076697606
-8.793356130923302e-05
0.0008353688324377137
-0.0002589154860771861
0.0006448461162677088
-0.00030288226673180264
0.0007767464582315583
-0.00020517830972154372
0.0006936980947728383
-0.0002442598925256473
0.0006595017098192477
-0.00020517830972154372
0.0006497313141182217
-0.00020029311187103076
0.0005471421592574499
-0.00021983390327308256
0.0006057645334636053
-0.00013678553981436248
0.0008451392281387396
-0.00019540791402051784
0.000542256961406937
-0.00020029311187103076
0.000542256961406937
-0.00042012701514411335
0.0007376648754274548
-0.00013190034196384952
0.0006985832926233512
-0.0001270151441133366
0.0006936980947728383
-0.00040058622374206153
0.000723009281875916
-0.00018563751831949193
0.0006204201270151441
-0.0002247191011235955
0.00063019052271617
-0.00021006350757205668
0.000635075720566683
-0.00021983390327308256
0.0005911089399120664
-0.00021006350757205668
0.0006497313141182217
-0.00032730825598436733
0.0006790425012212994
-0.00037127503663898385
0.0005959941377625794
-0.00020029311187103076
0.000625305324865657
-0.00017586712261846604
0.0007474352711284806
-0.00032730825598436733
0.0006936980947728383
-0.00021006350757205668
0.0005276013678553981
-0.0001172447484123107
0.0008255984367366878
-0.00013678553981436248
0.0006888128969223254
-0.00029311187103077673
0.00071323888617489
-0.00020029311187103076
0.0005520273571079628
-0.00030288226673180264
0.0006155349291646311
-0.00026868588177821203
0.0006448461162677088
-0.00021006350757205668
0.0006497313141182217
-0.0003126526624328285
0.0006155349291646311
-0.00016609672691744016
0.0005764533463605276
-0.0003175378602833415
0.0008207132388861749
-0.00033707865168539324
0.0006204201270151441
-0.0003321934538348803
0.0005764533463605276
-0.0002784562774792379
0.0006399609184171959
-0.0002247191011235955
0.0006546165119687347
-2.442598925256473e-05
0.00043478260869565214
-0.0002442598925256473
0.0006888128969223254
-0.00021006350757205668
0.0006057645334636053
-0.00018563751831949193
0.0006106497313141182
-0.0002979970688812897
0.0007474352711284806
-0.00027357107962872496
0.00071323888617489
-0.0002784562774792379
0.0007278944797264289
-0.0001172447484123107
0.0006839276990718123
-5.862237420615535e-05
0.0007425500732779677
-0.00029311187103077673
0.0007327796775769418
-4.885197850512946e-05
0.0006595017098192477
-0.00021983390327308256
0.0007034684904738642
-8.793356130923302e-05
0.0005178309721543722
-0.0002149487054225696
0.0007816316560820713
-0.00017586712261846604
0.0009086468001954079
-0.0002491450903761602
0.0006399609184171959
-0.00014655593551538836
0.000815828041035662
-0.00019052271617000488
0.0005129457743038593
-0.0001074743527112848
0.0006546165119687347
-0.00030288226673180264
0.0006741573033707865
-6.35075720566683e-05
0.0005862237420615535
-3.419638495359062e-05
0.000723009281875916
-9.281875915974596e-05
0.0006839276990718123
-0.0001709819247679531
0.0005276013678553981
-0.00020517830972154372
0.00063019052271617
-0.00019540791402051784
0.0007376648754274548
-0.0002344894968246214
0.0006057645334636053
-0.00018563751831949193
0.0006741573033707865
-0.00017586712261846604
0.0006008793356130923
-0.00019540791402051784
0.0006692721055202736
-0.00018563751831949193
0.0007327796775769418
-0.0001709819247679531
0.0006155349291646311
-9.770395701025892e-05
0.0004885197850512946
-0.000361504640937958
0.0006888128969223254
-0.00014167073766487544
0.0004982901807523204
-0.0002149487054225696
0.0006057645334636053
-0.00014167073766487544
0.0005080605764533464
-0.0002491450903761602
0.0004054714215925745
-0.00014167073766487544
0.0006399609184171959
-0.0002882266731802638
0.000815828041035662
-6.35075720566683e-05
0.0007914020517830972
-0.0002442598925256473
0.0007767464582315583
-6.839276990718124e-05
0.0006008793356130923
-0.0001074743527112848
0.0007181240840254031
-0.0001612115290669272
0.0006936980947728383
-0.00015144113336590132
0.00048363458720078164
-0.00019540791402051784
0.0005911089399120664
-0.00021006350757205668
0.0006839276990718123
-0.00028334147532975087
0.0007083536883243771
-0.00015632633121641425
0.0007962872496336101
-0.00010258915486077186
0.0008207132388861749
-0.0002784562774792379
0.0008695652173913043
-8.304836345872008e-05
0.0004689789936492428
-0.0002442598925256473
0.0007474352711284806
-0.0003126526624328285
0.0007962872496336101
-7.816316560820712e-05
0.0005617977528089887
-0.00019540791402051784
0.0006790425012212994
-0.00033707865168539324
0.0007034684904738642
-0.00014655593551538836
0.0007767464582315583
-0.00013678553981436248
0.0006106497313141182
-7.327796775769418e-05
0.0006497313141182217
-0.00013678553981436248
0.000723009281875916
-0.00028334147532975087
0.0004934049829018075
-9.281875915974596e-05
0.0006595017098192477
-0.00019540791402051784
0.0008646800195407913
-0.00026868588177821203
0.0005911089399120664
-0.00026380068392769905
0.0004592085979482169
-0.0001612115290669272
0.0006985832926233512
-0.00020029311187103076
0.0007425500732779677
-0.0001270151441133366
0.0007181240840254031
-0.00013678553981436248
0.00047874938935026865
-0.00020029311187103076
0.0007034684904738642
-0.0002882266731802638
0.0006008793356130923
-0.0002979970688812897
0.0005520273571079628
-0.00026868588177821203
0.0005666829506595017
-0.00018563751831949193
0.000625305324865657
-0.00010258915486077186
0.0005276013678553981
-0.00018563751831949193
0.0004885197850512946
3.908158280410356e-05
0.0007425500732779677
-0.0001709819247679531
0.0006985832926233512
-9.77039570102589e-06
0.0007034684904738642
-0.00020517830972154372
0.0004396678065461651
-0.0002540302882266732
0.000625305324865657
-0.00010258915486077186
0.0005569125549584758
-0.0002149487054225696
0.0005031753786028333
-0.00018563751831949193
0.0005715681485100147
-0.0002589154860771861
0.0007620908646800195
-0.0003175378602833415
0.0005617977528089887
-0.00021983390327308256
0.0005617977528089887
-0.00028334147532975087
0.0006936980947728383
-0.0002589154860771861
0.0006643869076697606
-0.00016609672691744016
0.0007327796775769418
-0.00019052271617000488
0.0005031753786028333
-0.0002442598925256473
0.0006595017098192477
-0.0003224230581338544
0.0006155349291646311
-0.0002589154860771861
0.0007620908646800195
-0.0002882266731802638
0.0007523204689789937
-0.0002882266731802638
0.00047874938935026865
-0.0001612115290669272
0.0006643869076697606
-0.00015144113336590132
0.000810942843185149
-0.0003663898387884709
0.0007523204689789937
-0.0002442598925256473
0.0006155349291646311
-0.00020517830972154372
0.0005911089399120664
-0.0001270151441133366
0.0006448461162677088
-8.304836345872008e-05
0.00063019052271617
-0.0003126526624328285
0.000723009281875916
-0.00019540791402051784
0.0006595017098192477
-6.35075720566683e-05
0.0007376648754274548
-0.0002784562774792379
0.0007034684904738642
-0.00021983390327308256
0.0005471421592574499
-0.00018563751831949193
0.0006008793356130923
-0.0002149487054225696
0.0006985832926233512
-0.0002882266731802638
0.0005276013678553981
-3.908158280410356e-05
0.0005715681485100147
-0.00017586712261846604
0.000625305324865657
-0.000180752320468979
0.0005276013678553981
-0.00015144113336590132
0.0005666829506595017
-0.00016609672691744016
0.0006106497313141182
-0.0002442598925256473
0.0007572056668295066
-0.00022960429897410844
0.0007767464582315583
-0.00018563751831949193
0.0006448461162677088
-0.00030288226673180264
0.0007034684904738642
-0.0002344894968246214
0.0007718612603810454
-0.0001612115290669272
0.0005911089399120664
-0.000356619443087445
0.0007767464582315583
-0.00014167073766487544
0.0007327796775769418
-0.00020517830972154372
0.0005862237420615535
-0.0002589154860771861
0.0005617977528089887
-0.00011235955056179774
0.000903761602344895
-1.4655593551538837e-05
0.00063019052271617
-0.0003321934538348803
0.0006008793356130923
-0.00014655593551538836
0.0006741573033707865
-0.00020029311187103076
0.0005129457743038593
-0.0002442598925256473
0.0006888128969223254
-0.000180752320468979
0.0005813385442110405
-0.00020517830972154372
0.0006936980947728383
-0.00015632633121641425
0.0007767464582315583
-0.00013678553981436248
0.0005276013678553981
-0.00019540791402051784
0.0005959941377625794
-0.00020517830972154372
0.0006546165119687347
-0.00015632633121641425
0.0005617977528089887
-0.0002247191011235955
0.0005862237420615535
-0.0002589154860771861
0.0005813385442110405
-0.00013190034196384952
0.0006399609184171959
-0.0001270151441133366
0.0006057645334636053
-0.000180752320468979
0.0006985832926233512
-0.00017586712261846604
0.000635075720566683
-0.00022960429897410844
0.0006546165119687347
-9.281875915974596e-05
0.0007620908646800195
-0.00023937469467513433
0.0007767464582315583
-6.839276990718124e-05
0.0006595017098192477
-0.0001172447484123107
0.0005862237420615535
-0.0003224230581338544
0.0006936980947728383
-0.000180752320468979
0.0005813385442110405
-0.00019540791402051784
0.0005813385442110405
-7.327796775769418e-05
0.0005080605764533464
-0.00014655593551538836
0.0007034684904738642
-7.816316560820712e-05
0.0005862237420615535
-0.0002442598925256473
0.0005617977528089887
-0.0002442598925256473
0.0007376648754274548
-0.0002149487054225696
0.0005959941377625794
-0.0002540302882266732
0.0006888128969223254
-0.00019540791402051784
0.0004396678065461651
-8.304836345872008e-05
0.0006741573033707865
-0.0001612115290669272
0.0008207132388861749
-0.00019052271617000488
0.0006595017098192477
-0.00019540791402051784
0.0007816316560820713
-0.00030776746458231557
0.0005813385442110405
-2.9311187103077675e-05
0.0007181240840254031
-0.00021983390327308256
0.0004982901807523204
-0.00026868588177821203
0.000532486565705911
-0.0002149487054225696
0.0006741573033707865
-0.00029311187103077673
0.0005569125549584758
-0.00016609672691744016
0.0007474352711284806
-0.00020029311187103076
0.0007376648754274548
-0.0002882266731802638
0.0005520273571079628
-0.0001270151441133366
0.0005617977528089887
-0.0002784562774792379
0.00040058622374206153
-0.0003126526624328285
0.00063019052271617
-0.00026380068392769905
0.0006448461162677088
-0.0001709819247679531
0.00071323888617489
-0.00026380068392769905
0.0005666829506595017
-0.0002979970688812897
0.0006741573033707865
-0.000180752320468979
0.0006595017098192477
-0.0002589154860771861
0.000532486565705911
-0.0002247191011235955
0.00042012701514411335
-7.327796775769418e-05
0.0007914020517830972
-8.304836345872008e-05
0.0006839276990718123
-0.000180752320468979
0.0006790425012212994
-0.00013678553981436248
0.0005080605764533464
-0.0001709819247679531
0.0005373717635564241
-0.00032730825598436733
0.0006643869076697606
-0.00020517830972154372
0.0005129457743038593
-0.00012212994626282364
0.0006008793356130923
-0.0002247191011235955
0.0006155349291646311
-0.00019540791402051784
0.0005617977528089887
-0.00018563751831949193
0.000625305324865657
-0.00019540791402051784
0.0006985832926233512
-0.0002442598925256473
0.0005520273571079628
-0.00028334147532975087
0.0005471421592574499
-7.816316560820712e-05
0.0005471421592574499
-0.0002149487054225696
0.00048363458720078164
-0.000180752320468979
0.000532486565705911
-3.908158280410356e-05
