0.0006685007584912452
-1.5426940580567196e-05
0.0007456354613940812
9.256164348340318e-05
0.0006016506826421207
0.00010798858406397038
0.0006839276990718123
-9.770395701025892e-05
0.000863908672511763
-4.628082174170159e-05
0.0006067929961689764
-0.0001285578381713933
0.0006582161314375337
5.6565448795413055e-05
0.0007199238937598025
-5.142313526855732e-05
0.0007816316560820713
5.6565448795413055e-05
0.000653073817910678
5.142313526855732e-06
0.0006839276990718123
2.0569254107422928e-05
0.0007404931478672255
-8.227701642969171e-05
0.0007302085208135139
1.0284627053711464e-05
0.0006273622502763993
-1.0284627053711464e-05
0.000596508369115265
-5.142313526855732e-05
0.0006993546396523796
-0.00024683104928907514
0.0008690509860386187
3.599619468799013e-05
0.0007250662072866582
1.0284627053711464e-05
0.0007507777749209369
-1.5426940580567196e-05
0.0006633584449643895
5.142313526855732e-05
0.0006839276990718123
0.00016969634638623916
0.0006839276990718123
-0.00011827321111768185
0.0007764893425552155
-2.0569254107422928e-05
0.0006222199367495436
-5.142313526855732e-06
0.0007404931478672255
0.0001594117193325277
0.0005605121744272748
0.0001285578381713933
0.000596508369115265
-8.741932995654745e-05
0.0007353508343403698
-4.628082174170159e-05
0.000653073817910678
-6.170776232226878e-05
0.0008433394184043401
-0.00021083485460108502
0.0007610624019746484
-7.199238937598025e-05
0.0007456354613940812
-0.00011313089759082611
0.0006119353096958321
0.00011827321111768185
0.0008330547913506286
-9.256164348340318e-05
0.0007970585966626385
-0.00013370015169824904
0.0006376468773301108
-0.00011313089759082611
0.0006376468773301108
1.5426940580567196e-05
0.0006839276990718123
-8.741932995654745e-05
0.0007456354613940812
-7.199238937598025e-05
0.0006582161314375337
2.0569254107422928e-05
0.0009307587483608875
-9.770395701025892e-05
0.0005810814285346977
-0.00013884246522510477
0.0006222199367495436
5.142313526855732e-06
0.0007302085208135139
-4.1138508214845856e-05
0.0006633584449643895
-5.6565448795413055e-05
0.0007250662072866582
-3.599619468799013e-05
0.0006633584449643895
-9.256164348340318e-05
0.0007250662072866582
-5.6565448795413055e-05
0.0007404931478672255
-2.0569254107422928e-05
0.0007764893425552155
7.713470290283599e-05
0.000575939115007842
8.227701642969171e-05
0.0007044969531792353
6.685007584912452e-05
0.00080734322371635
-0.0001285578381713933
0.0006890700125986682
-6.685007584912452e-05
0.0006170776232226879
-4.1138508214845856e-05
0.000653073817910678
6.685007584912452e-05
0.0005605121744272748
-7.199238937598025e-05
0.0005707968014809863
-2.0569254107422928e-05
0.0007199238937598025
-5.6565448795413055e-05
0.0005810814285346977
0.0001594117193325277
0.0008022009101894942
-4.628082174170159e-05
0.0007713470290283598
7.713470290283599e-05
0.0006993546396523796
-6.685007584912452e-05
0.0007302085208135139
2.571156763427866e-05
0.0006582161314375337
-0.00010284627053711464
0.0007764893425552155
-1.0284627053711464e-05
0.0007302085208135139
-6.170776232226878e-05
0.0007096392667060911
2.571156763427866e-05
0.0007456354613940812
1.5426940580567196e-05
0.0007404931478672255
-0.00013884246522510477
0.0005450852338467076
0.00023140410870850796
0.0007610624019746484
-9.256164348340318e-05
0.0006685007584912452
-0.00016455403285938342
0.000596508369115265
5.142313526855732e-06
0.0005913660555884092
0.00013884246522510477
0.0006993546396523796
-0.0001594117193325277
0.0005913660555884092
-0.0001439847787519605
0.0006222199367495436
-1.5426940580567196e-05
0.0007353508343403698
6.685007584912452e-05
0.0005862237420615535
-1.5426940580567196e-05
0.0007044969531792353
-7.199238937598025e-05
0.0007713470290283598
6.170776232226878e-05
0.0006685007584912452
-7.713470290283599e-05
0.0007662047155015041
-1.0284627053711464e-05
0.0007199238937598025
-4.628082174170159e-05
0.0007507777749209369
-9.256164348340318e-05
0.0006942123261255239
-0.00017998097343995063
0.0007404931478672255
-1.0284627053711464e-05
0.0007404931478672255
-3.599619468799013e-05
0.0007456354613940812
9.770395701025892e-05
0.000596508369115265
-1.5426940580567196e-05
0.00037538888746046844
-6.170776232226878e-05
0.0005450852338467076
6.170776232226878e-05
0.0005450852338467076
-9.770395701025892e-05
0.0006016506826421207
-6.685007584912452e-05
0.0007507777749209369
-8.741932995654745e-05
0.0004628082174170159
-0.00013370015169824904
0.0006582161314375337
-1.5426940580567196e-05
0.0007559200884477926
-2.571156763427866e-05
0.0006890700125986682
-5.142313526855732e-06
0.000653073817910678
-0.00016455403285938342
0.0006067929961689764
7.713470290283599e-05
0.0006016506826421207
-0.00010284627053711464
0.0007044969531792353
-2.571156763427866e-05
0.0006376468773301108
-5.142313526855732e-06
0.0006170776232226879
-0.0001439847787519605
0.00080734322371635
-8.227701642969171e-05
0.0007199238937598025
-3.085388116113439e-05
0.0006582161314375337
5.142313526855732e-05
0.0007199238937598025
3.085388116113439e-05
0.000653073817910678
-2.571156763427866e-05
0.000632504563803255
5.142313526855732e-05
0.000653073817910678
-7.199238937598025e-05
0.0006787853855449566
1.0284627053711464e-05
0.0007096392667060911
-0.00014912709227881624
0.0005450852338467076
6.170776232226878e-05
0.0007507777749209369
0.00010798858406397038
0.0007816316560820713
-0.0001748386599130949
0.0007816316560820713
2.571156763427866e-05
0.0006170776232226879
-3.599619468799013e-05
0.0006942123261255239
2.571156763427866e-05
0.0008793356130923302
-0.00020569254107422928
0.0006839276990718123
-7.199238937598025e-05
0.0005605121744272748
5.142313526855732e-06
0.0007970585966626385
-1.0284627053711464e-05
0.000575939115007842
7.713470290283599e-05
0.0005656544879541305
-8.227701642969171e-05
0.0007559200884477926
-9.770395701025892e-05
0.0007250662072866582
0.00016455403285938342
0.0007199238937598025
-0.00016455403285938342
0.0005553698609004191
-7.199238937598025e-05
0.0006685007584912452
-0.00010798858406397038
0.0006736430720181009
5.142313526855732e-06
0.0007507777749209369
0.0
0.0007353508343403698
-3.599619468799013e-05
0.0005862237420615535
0.0
0.0006890700125986682
-0.00010798858406397038
0.0006170776232226879
-0.00024168873576221943
0.000632504563803255
1.5426940580567196e-05
0.0005605121744272748
-7.713470290283599e-05
0.0007610624019746484
-0.00013370015169824904
0.0005913660555884092
-7.713470290283599e-05
0.0006993546396523796
-0.00016969634638623916
0.0006427891908569666
-2.571156763427866e-05
0.0005707968014809863
5.142313526855732e-05
0.0007662047155015041
-9.770395701025892e-05
0.0005913660555884092
5.6565448795413055e-05
0.0006170776232226879
-9.256164348340318e-05
0.0007764893425552155
8.741932995654745e-05
0.0007662047155015041
-0.00010798858406397038
0.0008433394184043401
-2.0569254107422928e-05
0.0005553698609004191
-1.0284627053711464e-05
0.0006633584449643895
-8.741932995654745e-05
0.0007353508343403698
-3.599619468799013e-05
0.0007816316560820713
-0.00011827321111768185
0.0004936620985781503
-7.713470290283599e-05
0.0006016506826421207
0.00011313089759082611
0.0005245159797392847
-0.0002365464222353637
0.000498804412105006
-0.00011313089759082611
0.0005502275473735634
-5.142313526855732e-05
0.0005348006067929962
0.00013884246522510477
0.0005450852338467076
-5.142313526855732e-06
0.0007250662072866582
-0.00011313089759082611
0.0007610624019746484
0.0001594117193325277
0.0007559200884477926
-1.5426940580567196e-05
0.0008022009101894942
5.142313526855732e-06
0.0005913660555884092
-0.00011313089759082611
0.0007404931478672255
0.00012341552464453757
0.0007199238937598025
5.142313526855732e-06
0.0005502275473735634
-0.00010798858406397038
0.0007713470290283598
-5.142313526855732e-06
0.0006787853855449566
-0.00010798858406397038
0.0007404931478672255
-0.00010284627053711464
0.0006067929961689764
0.00011313089759082611
0.0006119353096958321
6.685007584912452e-05
0.0007610624019746484
-5.6565448795413055e-05
0.0007559200884477926
0.00013370015169824904
0.000632504563803255
-0.00011827321111768185
0.0007096392667060911
3.085388116113439e-05
0.0005656544879541305
0.0
0.0007199238937598025
1.5426940580567196e-05
0.0006067929961689764
-7.713470290283599e-05
0.0007302085208135139
-4.1138508214845856e-05
0.0006582161314375337
7.713470290283599e-05
0.0006787853855449566
-3.085388116113439e-05
0.000632504563803255
-9.256164348340318e-05
0.0005142313526855732
-4.1138508214845856e-05
0.0006376468773301108
-6.170776232226878e-05
0.0005399429203198519
-1.0284627053711464e-05
0.0006582161314375337
3.599619468799013e-05
0.0005810814285346977
-2.0569254107422928e-05
0.0006839276990718123
0.0001594117193325277
0.0006376468773301108
-1.5426940580567196e-05
0.0005553698609004191
9.770395701025892e-05
0.00044223896330959297
-7.199238937598025e-05
0.0007147815802329468
-4.628082174170159e-05
0.0006170776232226879
3.599619468799013e-05
0.0006582161314375337
-1.0284627053711464e-05
0.0006685007584912452
-1.5426940580567196e-05
0.0007456354613940812
5.142313526855732e-06
0.0006942123261255239
5.142313526855732e-06
0.0006787853855449566
-4.628082174170159e-05
0.0006479315043838223
-0.0001285578381713933
0.0006839276990718123
-0.00015426940580567198
0.0006427891908569666
0.00011827321111768185
0.0006890700125986682
-7.199238937598025e-05
0.0005605121744272748
-5.142313526855732e-05
0.0007302085208135139
-0.00011827321111768185
0.0006222199367495436
2.0569254107422928e-05
0.0009461856889414548
-8.741932995654745e-05
0.0005862237420615535
-5.6565448795413055e-05
0.0007919162831357828
-5.142313526855732e-06
0.0008227701642969171
-0.0001594117193325277
0.0006685007584912452
-2.0569254107422928e-05
0.0005707968014809863
-0.00014912709227881624
0.0006890700125986682
-1.5426940580567196e-05
0.0005810814285346977
-1.0284627053711464e-05
0.0006119353096958321
-3.599619468799013e-05
0.0006067929961689764
-0.00010798858406397038
0.0005399429203198519
-4.628082174170159e-05
0.0005810814285346977
1.5426940580567196e-05
0.0006890700125986682
1.5426940580567196e-05
0.000786773969608927
1.0284627053711464e-05
0.0006170776232226879
-0.00016455403285938342
0.0008176278507700614
4.628082174170159e-05
0.0005862237420615535
-5.142313526855732e-06
0.0006067929961689764
0.00013884246522510477
0.0008227701642969171
-0.00018512328696680637
0.0007559200884477926
8.227701642969171e-05
0.0007096392667060911
-3.085388116113439e-05
0.0007559200884477926
-3.085388116113439e-05
0.0009153318077803203
9.256164348340318e-05
0.0006376468773301108
5.142313526855732e-06
0.0005502275473735634
-8.227701642969171e-05
0.0006170776232226879
4.1138508214845856e-05
0.0008484817319311958
-0.00010284627053711464
0.0007199238937598025
0.0001285578381713933
0.0007456354613940812
-1.5426940580567196e-05
0.0006222199367495436
-7.199238937598025e-05
0.0007970585966626385
8.741932995654745e-05
0.0006942123261255239
0.00010798858406397038
0.0005810814285346977
-7.713470290283599e-05
0.0006633584449643895
0.00015426940580567198
0.0007096392667060911
-5.142313526855732e-06
0.000596508369115265
-5.142313526855732e-06
0.0006787853855449566
-0.00020569254107422928
0.0006067929961689764
-5.142313526855732e-05
0.0006016506826421207
-8.741932995654745e-05
0.0005193736662124289
4.1138508214845856e-05
0.0006222199367495436
1.5426940580567196e-05
0.0007096392667060911
-8.741932995654745e-05
0.000632504563803255
-5.6565448795413055e-05
0.0006427891908569666
-9.256164348340318e-05
0.0006479315043838223
-3.085388116113439e-05
0.0006736430720181009
-9.256164348340318e-05
0.0005862237420615535
-0.0001285578381713933
0.0007096392667060911
3.085388116113439e-05
0.00048337747152443886
-0.00014912709227881624
0.000653073817910678
-5.6565448795413055e-05
0.0005862237420615535
7.713470290283599e-05
0.0006685007584912452
5.142313526855732e-05
0.0006376468773301108
0.00015426940580567198
0.0006119353096958321
2.571156763427866e-05
0.0007816316560820713
-4.628082174170159e-05
0.0006119353096958321
0.00010798858406397038
0.0006427891908569666
-0.00011827321111768185
0.0006170776232226879
-1.0284627053711464e-05
0.0006479315043838223
-5.142313526855732e-06
0.0006582161314375337
-0.00021083485460108502
0.0006736430720181009
5.142313526855732e-05
0.0005810814285346977
-0.00010798858406397038
0.0006685007584912452
-1.5426940580567196e-05
0.0008433394184043401
-5.142313526855732e-06
0.0006890700125986682
-2.0569254107422928e-05
0.00042166970920217003
5.142313526855732e-06
0.0006273622502763993
-0.00011313089759082611
0.0007662047155015041
0.00019540791402051784
0.0007662047155015041
-0.00011827321111768185
0.0007044969531792353
-5.142313526855732e-06
0.0005142313526855732
-0.00016969634638623916
0.0007096392667060911
-1.0284627053711464e-05
0.0006942123261255239
0.0
0.0006222199367495436
-0.0002519733628159309
0.0005913660555884092
-0.00012341552464453757
0.0004885197850512946
-8.741932995654745e-05
0.0008279124778237729
-9.770395701025892e-05
0.0008022009101894942
-3.085388116113439e-05
0.000653073817910678
-7.713470290283599e-05
0.000632504563803255
0.0001285578381713933
0.0007199238937598025
-3.599619468799013e-05
0.0005656544879541305
-0.0001902656004936621
0.0008690509860386187
1.5426940580567196e-05
0.0006942123261255239
1.5426940580567196e-05
0.0006685007584912452
2.571156763427866e-05
0.0006479315043838223
-0.00013884246522510477
0.0008844779266191859
-9.256164348340318e-05
0.0006942123261255239
-0.0001594117193325277
0.000653073817910678
-9.770395701025892e-05
0.0006839276990718123
-6.170776232226878e-05
0.0006067929961689764
0.0
0.0008279124778237729
-0.00010284627053711464
0.0005913660555884092
0.00010798858406397038
0.00080734322371635
-8.741932995654745e-05
0.0006633584449643895
-7.199238937598025e-05
0.0005245159797392847
-8.741932995654745e-05
0.0006016506826421207
-0.00012341552464453757
0.0005862237420615535
-0.00012341552464453757
0.0007919162831357828
7.199238937598025e-05
0.0006736430720181009
-3.599619468799013e-05
0.0006787853855449566
-6.685007584912452e-05
0.0004628082174170159
-5.142313526855732e-06
0.0005810814285346977
-0.00014912709227881624
0.0005656544879541305
5.142313526855732e-05
0.0006736430720181009
7.199238937598025e-05
0.0005450852338467076
-0.00020055022754737354
0.0006067929961689764
-2.0569254107422928e-05
0.0005039467256318618
7.713470290283599e-05
0.0007250662072866582
-0.00017998097343995063
0.00048337747152443886
-8.227701642969171e-05
0.0007353508343403698
4.1138508214845856e-05
0.0007199238937598025
-7.713470290283599e-05
0.000575939115007842
-5.142313526855732e-06
0.0007559200884477926
-9.770395701025892e-05
0.0007610624019746484
-5.6565448795413055e-05
0.0007610624019746484
-7.713470290283599e-05
0.0006273622502763993
-7.199238937598025e-05
0.0007147815802329468
-7.199238937598025e-05
0.0007147815802329468
-3.085388116113439e-05
0.0007713470290283598
4.628082174170159e-05
0.000575939115007842
-5.6565448795413055e-05
0.0005142313526855732
-0.00014912709227881624
0.0006685007584912452
0.00010284627053711464
0.0007147815802329468
2.0569254107422928e-05
0.0007610624019746484
6.685007584912452e-05
0.0007353508343403698
-7.713470290283599e-05
0.0005553698609004191
-1.0284627053711464e-05
0.00045252359036330444
-0.00012341552464453757
0.0006016506826421207
-7.713470290283599e-05
0.0006222199367495436
-2.0569254107422928e-05
0.0005810814285346977
-9.770395701025892e-05
0.0005810814285346977
-5.6565448795413055e-05
0.0007816316560820713
-4.628082174170159e-05
0.0005862237420615535
-5.142313526855732e-05
0.000632504563803255
-1.5426940580567196e-05
0.0004730928444707274
-0.00011313089759082611
0.0006427891908569666
2.571156763427866e-05
0.0006119353096958321
-9.770395701025892e-05
0.0006479315043838223
6.685007584912452e-05
0.0008793356130923302
-0.00012341552464453757
0.0006839276990718123
5.142313526855732e-06
0.0007044969531792353
-0.0001439847787519605
0.0005605121744272748
-9.770395701025892e-05
0.0007559200884477926
-9.256164348340318e-05
0.0006685007584912452
2.571156763427866e-05
0.0007096392667060911
-5.142313526855732e-05
0.0005605121744272748
-0.00020055022754737354
0.0007096392667060911
-8.227701642969171e-05
0.0006942123261255239
-0.00015426940580567198
0.0006787853855449566
-0.00014912709227881624
0.0005707968014809863
-0.00017998097343995063
0.000786773969608927
2.571156763427866e-05
0.0005193736662124289
-2.571156763427866e-05
0.0006890700125986682
-6.685007584912452e-05
0.0006170776232226879
-9.256164348340318e-05
0.0006222199367495436
-6.170776232226878e-05
0.0005656544879541305
-0.00013884246522510477
0.0005862237420615535
-1.5426940580567196e-05
0.0007096392667060911
4.1138508214845856e-05
0.0009204741213071761
5.6565448795413055e-05
0.0006993546396523796
5.142313526855732e-06
0.0007816316560820713
1.0284627053711464e-05
0.0004730928444707274
-6.170776232226878e-05
0.000863908672511763
0.00010284627053711464
0.0007610624019746484
1.0284627053711464e-05
0.0006016506826421207
6.170776232226878e-05
0.000498804412105006
-6.685007584912452e-05
0.0005399429203198519
0.0
0.0006376468773301108
-0.0001748386599130949
0.0007713470290283598
-0.00011313089759082611
0.0006067929961689764
1.5426940580567196e-05
0.0004936620985781503
2.571156763427866e-05
0.0007816316560820713
-4.628082174170159e-05
0.0007302085208135139
-8.741932995654745e-05
0.0007507777749209369
-8.741932995654745e-05
0.0006479315043838223
-0.00022111948165479649
0.0007302085208135139
6.170776232226878e-05
0.0007610624019746484
0.0
0.0006067929961689764
-5.142313526855732e-06
0.0006582161314375337
-0.00013884246522510477
0.000653073817910678
-0.00011827321111768185
0.0007199238937598025
4.628082174170159e-05
0.0006942123261255239
-3.085388116113439e-05
0.0006376468773301108
-0.00019540791402051784
0.0004936620985781503
3.599619468799013e-05
0.000596508369115265
-0.00021083485460108502
0.0007404931478672255
-0.00013370015169824904
0.0007456354613940812
1.5426940580567196e-05
0.0007199238937598025
-4.1138508214845856e-05
0.0006993546396523796
-8.227701642969171e-05
0.0005810814285346977
-0.00017998097343995063
0.0007147815802329468
5.142313526855732e-06
0.0005245159797392847
-6.170776232226878e-05
0.0008741932995654745
6.685007584912452e-05
0.0006067929961689764
-7.199238937598025e-05
0.0007147815802329468
-5.142313526855732e-06
0.0006273622502763993
-1.5426940580567196e-05
0.0005348006067929962
-9.770395701025892e-05
0.0006839276990718123
-5.6565448795413055e-05
0.0008536240454580516
8.227701642969171e-05
0.0006479315043838223
-0.0001439847787519605
0.0007147815802329468
6.170776232226878e-05
0.0007044969531792353
-3.085388116113439e-05
0.0007199238937598025
1.0284627053711464e-05
0.0005450852338467076
-0.00017998097343995063
0.0005913660555884092
5.142313526855732e-05
0.0007456354613940812
-8.741932995654745e-05
0.0007456354613940812
-1.0284627053711464e-05
0.0006016506826421207
-5.142313526855732e-05
0.0008279124778237729
5.142313526855732e-06
0.0005296582932661404
-9.770395701025892e-05
0.0006479315043838223
9.770395701025892e-05
0.0006427891908569666
-0.00011313089759082611
0.000596508369115265
-4.628082174170159e-05
0.0007302085208135139
-7.713470290283599e-05
0.0007456354613940812
-0.00010284627053711464
0.0007662047155015041
-2.0569254107422928e-05
0.000498804412105006
5.6565448795413055e-05
0.0008793356130923302
-6.170776232226878e-05
0.000786773969608927
2.571156763427866e-05
0.0006222199367495436
-8.741932995654745e-05
0.0005296582932661404
5.142313526855732e-06
0.0007147815802329468
-7.199238937598025e-05
0.000786773969608927
0.00013370015169824904
0.0006479315043838223
3.599619468799013e-05
0.0006942123261255239
-0.00010798858406397038
0.0006685007584912452
-0.00011827321111768185
0.000575939115007842
-5.142313526855732e-06
0.0005450852338467076
-3.599619468799013e-05
0.0006376468773301108
-8.227701642969171e-05
0.0006685007584912452
-3.085388116113439e-05
0.0006067929961689764
-2.571156763427866e-05
0.0006479315043838223
-9.770395701025892e-05
0.0007096392667060911
-0.00015426940580567198
0.0006170776232226879
5.142313526855732e-06
0.0006170776232226879
-7.713470290283599e-05
0.0008536240454580516
3.085388116113439e-05
0.0006119353096958321
4.628082174170159e-05
0.0005810814285346977
-0.00011313089759082611
0.000632504563803255
1.5426940580567196e-05
0.0007353508343403698
0.0
0.0006839276990718123
-6.170776232226878e-05
0.0006633584449643895
-1.0284627053711464e-05
0.0007096392667060911
-9.770395701025892e-05
0.0008947625536728974
-1.0284627053711464e-05
0.0007044969531792353
-0.00016969634638623916
0.0005553698609004191
-7.199238937598025e-05
0.0007044969531792353
-5.142313526855732e-06
0.0009307587483608875
-5.6565448795413055e-05
0.0005450852338467076
-2.571156763427866e-05
0.0005605121744272748
-6.170776232226878e-05
0.0007713470290283598
2.0569254107422928e-05
0.0006890700125986682
4.628082174170159e-05
0.0008433394184043401
1.0284627053711464e-05
0.0007353508343403698
6.685007584912452e-05
0.0006633584449643895
-2.571156763427866e-05
0.0005605121744272748
-0.0001439847787519605
0.0006582161314375337
-9.256164348340318e-05
0.0005810814285346977
-9.770395701025892e-05
0.0006890700125986682
0.00010798858406397038
0.0006222199367495436
-0.00013370015169824904
0.0007404931478672255
-3.085388116113439e-05
0.0007353508343403698
-1.0284627053711464e-05
0.0007559200884477926
-2.571156763427866e-05
0.0006222199367495436
2.0569254107422928e-05
0.0005245159797392847
-3.085388116113439e-05
0.0005553698609004191
-0.0001594117193325277
0.0006890700125986682
-0.00011313089759082611
0.0006067929961689764
-8.227701642969171e-05
0.0007662047155015041
5.142313526855732e-06
0.0005348006067929962
-7.713470290283599e-05
0.0007816316560820713
-5.142313526855732e-06
0.0006890700125986682
-6.685007584912452e-05
0.0006067929961689764
-9.256164348340318e-05
0.0006839276990718123
-0.0001902656004936621
0.0005193736662124289
-3.085388116113439e-05
0.0005348006067929962
-0.00019540791402051784
0.0005039467256318618
-1.5426940580567196e-05
0.0006942123261255239
-5.142313526855732e-06
0.0008484817319311958
-1.0284627053711464e-05
0.0006942123261255239
-3.085388116113439e-05
0.000632504563803255
-5.142313526855732e-06
0.0007250662072866582
-0.0001285578381713933
0.0006685007584912452
-9.770395701025892e-05
0.0006685007584912452
-0.0001285578381713933
0.000596508369115265
-0.0001594117193325277
0.0006736430720181009
-0.00015426940580567198
0.0006273622502763993
4.628082174170159e-05
0.0007404931478672255
-3.599619468799013e-05
0.0008741932995654745
-5.142313526855732e-06
0.0005913660555884092
-6.170776232226878e-05
0.0008381971048774844
-3.085388116113439e-05
0.0007456354613940812
5.142313526855732e-06
0.0005502275473735634
2.0569254107422928e-05
0.0007764893425552155
0.00016455403285938342
0.0007044969531792353
-4.1138508214845856e-05
0.0006222199367495436
-4.628082174170159e-05
0.0005913660555884092
-6.170776232226878e-05
0.0007147815802329468
-9.256164348340318e-05
0.0007919162831357828
4.628082174170159e-05
0.000863908672511763
-0.00011827321111768185
0.0006222199367495436
5.142313526855732e-05
0.0006479315043838223
6.685007584912452e-05
0.0007610624019746484
-5.142313526855732e-05
0.00048337747152443886
-8.741932995654745e-05
0.0006839276990718123
-8.741932995654745e-05
0.0006427891908569666
-0.00010284627053711464
0.0007199238937598025
0.0001439847787519605
0.00080734322371635
6.170776232226878e-05
0.0008741932995654745
-0.0001285578381713933
0.0007096392667060911
-9.256164348340318e-05
0.0006736430720181009
-3.599619468799013e-05
0.0006582161314375337
1.0284627053711464e-05
0.000498804412105006
-1.5426940580567196e-05
0.0007662047155015041
0.00015426940580567198
0.0006633584449643895
8.741932995654745e-05
0.0007456354613940812
-0.00010798858406397038
0.0006787853855449566
-4.628082174170159e-05
0.000596508369115265
3.085388116113439e-05
0.0006582161314375337
-9.256164348340318e-05
0.0005810814285346977
-0.0001902656004936621
0.0006890700125986682
-0.00013884246522510477
0.000498804412105006
-2.0569254107422928e-05
0.0007096392667060911
3.085388116113439e-05
0.000632504563803255
-6.170776232226878e-05
0.000653073817910678
-0.00013884246522510477
0.0006016506826421207
2.0569254107422928e-05
0.0005913660555884092
-8.741932995654745e-05
0.0008690509860386187
-5.6565448795413055e-05
0.0007199238937598025
-7.713470290283599e-05
0.0006582161314375337
-0.00011313089759082611
0.0006479315043838223
-3.085388116113439e-05
0.0007302085208135139
-6.685007584912452e-05
0.000596508369115265
-3.599619468799013e-05
0.0006942123261255239
-7.713470290283599e-05
0.000863908672511763
0.0
0.0007919162831357828
-2.0569254107422928e-05
0.0005810814285346977
6.170776232226878e-05
0.0008587663589849073
-7.713470290283599e-05
0.000863908672511763
-9.256164348340318e-05
0.000786773969608927
-0.00015426940580567198
0.000632504563803255
-4.1138508214845856e-05
0.0007404931478672255
-1.5426940580567196e-05
0.00080734322371635
-0.00011827321111768185
0.0008536240454580516
-8.227701642969171e-05
0.0005605121744272748
7.199238937598025e-05
0.0007456354613940812
-7.199238937598025e-05
0.000632504563803255
-0.00013370015169824904
0.0008227701642969171
-8.741932995654745e-05
0.0006787853855449566
-7.199238937598025e-05
0.0005245159797392847
-8.741932995654745e-05
0.0007044969531792353
-1.5426940580567196e-05
0.0005193736662124289
-9.256164348340318e-05
0.0006839276990718123
-0.00020055022754737354
0.0007507777749209369
-0.00018512328696680637
0.0008741932995654745
-5.142313526855732e-05
0.0005296582932661404
-0.00014912709227881624
0.0006119353096958321
-5.142313526855732e-06
0.0008227701642969171
-8.741932995654745e-05
0.0007970585966626385
-0.00010798858406397038
0.0006273622502763993
-0.0002674003033964981
0.0006582161314375337
-3.085388116113439e-05
0.0006942123261255239
-8.227701642969171e-05
0.0006119353096958321
-4.628082174170159e-05
0.0005656544879541305
-0.00014912709227881624
0.0008433394184043401
-4.628082174170159e-05
0.0007456354613940812
-5.6565448795413055e-05
0.0006222199367495436
0.0
0.0006427891908569666
-6.170776232226878e-05
0.0007507777749209369
-4.1138508214845856e-05
0.000596508369115265
-8.741932995654745e-05
0.0006222199367495436
-4.1138508214845856e-05
0.000575939115007842
-6.170776232226878e-05
0.0008330547913506286
5.142313526855732e-06
0.0007919162831357828
-1.0284627053711464e-05
0.0008227701642969171
5.6565448795413055e-05
0.0008124855372432057
-0.00013884246522510477
0.000632504563803255
0.0
0.000596508369115265
6.170776232226878e-05
0.0005193736662124289
0.0
0.0007044969531792353
-0.00011313089759082611
0.0006427891908569666
-0.00019540791402051784
0.0006582161314375337
-4.628082174170159e-05
0.0006942123261255239
-0.00012341552464453757
0.0007662047155015041
-0.00012341552464453757
0.0007559200884477926
-0.0001748386599130949
0.0006993546396523796
-0.00021083485460108502
0.000653073817910678
-8.741932995654745e-05
0.0007662047155015041
-2.571156763427866e-05
0.0006170776232226879
5.142313526855732e-06
0.0006273622502763993
-8.227701642969171e-05
0.0006942123261255239
-0.00021083485460108502
0.0007662047155015041
-1.0284627053711464e-05
0.0005913660555884092
-6.170776232226878e-05
0.0006839276990718123
-0.0001748386599130949
0.0006016506826421207
3.085388116113439e-05
0.0008022009101894942
8.741932995654745e-05
0.0006685007584912452
8.227701642969171e-05
0.0007250662072866582
2.0569254107422928e-05
0.0007919162831357828
1.0284627053711464e-05
0.0007713470290283598
-7.713470290283599e-05
0.0007404931478672255
-2.0569254107422928e-05
0.0006787853855449566
-0.00011313089759082611
0.0008433394184043401
-8.741932995654745e-05
0.0007353508343403698
0.0
0.0006427891908569666
4.1138508214845856e-05
0.0008433394184043401
-4.1138508214845856e-05
0.0005399429203198519
9.256164348340318e-05
0.0006787853855449566
-2.571156763427866e-05
0.0006119353096958321
-9.770395701025892e-05
0.0007096392667060911
8.741932995654745e-05
0.0006839276990718123
-0.00011827321111768185
0.0006993546396523796
-0.00022626179518165222
0.0006222199367495436
-5.142313526855732e-06
0.0006376468773301108
-0.00019540791402051784
0.0006736430720181009
-0.0001285578381713933
0.0007147815802329468
-3.599619468799013e-05
0.0007919162831357828
-0.00013370015169824904
0.0006067929961689764
-4.628082174170159e-05
0.0007199238937598025
-0.00017998097343995063
0.000498804412105006
1.0284627053711464e-05
0.0007096392667060911
5.142313526855732e-06
0.0006736430720181009
-1.0284627053711464e-05
0.0008741932995654745
-9.256164348340318e-05
0.0006633584449643895
-9.256164348340318e-05
0.0005862237420615535
-0.00028282724397706526
0.0006582161314375337
-0.0001594117193325277
0.0007559200884477926
-3.599619468799013e-05
0.0006016506826421207
-3.085388116113439e-05
0.0005913660555884092
-3.599619468799013e-05
0.0006633584449643895
-6.685007584912452e-05
0.0006222199367495436
-3.085388116113439e-05
0.0005605121744272748
8.741932995654745e-05
0.0007302085208135139
-0.00014912709227881624
0.00080734322371635
-6.170776232226878e-05
0.000498804412105006
-3.599619468799013e-05
0.0006736430720181009
-9.256164348340318e-05
0.0007559200884477926
-9.256164348340318e-05
0.0005399429203198519
6.170776232226878e-05
0.00080734322371635
2.0569254107422928e-05
0.0005348006067929962
-5.6565448795413055e-05
0.000575939115007842
8.227701642969171e-05
0.0005296582932661404
8.227701642969171e-05
0.0006633584449643895
-0.00014912709227881624
0.0008690509860386187
-0.00012341552464453757
0.0007559200884477926
0.0
0.0005553698609004191
1.0284627053711464e-05
0.0006016506826421207
-0.00013370015169824904
0.0006890700125986682
-0.0001748386599130949
0.0008381971048774844
4.1138508214845856e-05
0.0006067929961689764
-4.1138508214845856e-05
0.0005913660555884092
-0.00015426940580567198
0.0006119353096958321
-0.00011313089759082611
0.0006479315043838223
-5.6565448795413055e-05
0.000596508369115265
-0.00016455403285938342
0.0007764893425552155
-0.00016455403285938342
0.0007919162831357828
-8.741932995654745e-05
0.0005296582932661404
0.0001439847787519605
0.0006685007584912452
-6.685007584912452e-05
0.0008536240454580516
-0.00011313089759082611
0.0006427891908569666
-0.00011313089759082611
0.0007919162831357828
-0.00013370015169824904
0.0006427891908569666
3.599619468799013e-05
0.0007250662072866582
-4.1138508214845856e-05
0.0007970585966626385
-2.571156763427866e-05
0.000653073817910678
3.599619468799013e-05
0.0008896202401460417
-3.599619468799013e-05
0.0006839276990718123
1.5426940580567196e-05
0.0007250662072866582
-0.00014912709227881624
0.0006016506826421207
-0.00013370015169824904
0.0006376468773301108
-3.599619468799013e-05
0.0005913660555884092
-1.0284627053711464e-05
0.0007250662072866582
-6.170776232226878e-05
0.0006685007584912452
4.628082174170159e-05
0.0005193736662124289
7.713470290283599e-05
0.0007353508343403698
-2.0569254107422928e-05
0.0004679505309438716
-0.00017998097343995063
0.0004628082174170159
-4.628082174170159e-05
0.000575939115007842
-4.1138508214845856e-05
0.0006736430720181009
5.6565448795413055e-05
0.0008330547913506286
-5.142313526855732e-06
0.0006376468773301108
5.6565448795413055e-05
0.0008381971048774844
-0.00010284627053711464
0.0006067929961689764
0.00017998097343995063
0.0006685007584912452
3.085388116113439e-05
0.0006427891908569666
-6.685007584912452e-05
0.0006376468773301108
-9.770395701025892e-05
0.0006479315043838223
5.142313526855732e-05
0.0005810814285346977
-9.770395701025892e-05
0.0006633584449643895
-3.085388116113439e-05
0.0006222199367495436
-5.142313526855732e-06
0.0006633584449643895
-3.599619468799013e-05
0.0006170776232226879
6.170776232226878e-05
0.0006016506826421207
4.1138508214845856e-05
0.0006890700125986682
-0.0012752937546602215
-0.004525235903633044
-0.00590337592883038
-0.005682256447175584
-0.006325045638032551
-0.0057799604041858434
-0.006294191756871416
-0.005872522047669247
-0.006237626308076003
-0.0057131103283367185
-0.0062324839945491475
-0.005882806674722958
-0.006412464967989098
-0.005877664361196102
-0.006160491605173168
-0.005769675777132132
-0.006237626308076003
-0.005831383539454401
-0.006345614892139974
-0.005785102717712699
-0.006247910935129715
-0.005954799064098938
-0.006319903324505695
-0.005836525852981256
-0.006417607281515953
-0.005939372123518371
-0.0064587457897308
-0.005754248836551565
-0.006499884297945646
-0.005929087496464659
-0.006376468773301108
-0.005975368318206361
-0.006402180340935386
-0.006011364512894351
-0.006325045638032551
-0.0057902450312395555
-0.006345614892139974
-0.006006222199367495
-0.006335330265086262
-0.005795387344766411
-0.00638675340035482
-0.005923945182937804
-0.006391895713881676
-0.005826241225927544
-0.006499884297945646
-0.0058468104800349675
-0.0062427686216028596
-0.005826241225927544
-0.006376468773301108
-0.005785102717712699
-0.006335330265086262
-0.00590337592883038
-0.006397038027408531
-0.005862237420615535
-0.006294191756871416
-0.005882806674722958
-0.006299334070398272
-0.005985652945260073
-0.006299334070398272
-0.005795387344766411
-0.006448461162677089
-0.005774818090658987
-0.006448461162677089
-0.005887948988249813
-0.006453603476203944
-0.005980510631733217
-0.006289049443344561
-0.0058416681665081115
-0.006407322654462243
-0.005934229809991516
-0.006119353096958322
-0.005898233615303525
-0.006247910935129715
-0.005754248836551565
-0.006253053248656571
-0.005872522047669247
-0.00638675340035482
-0.0059702260046795045
-0.0064227495950428095
-0.005959941377625794
-0.0062324839945491475
-0.005923945182937804
-0.006330187951559407
-0.005810814285346978
-0.006505026611472501
-0.005826241225927544
-0.006335330265086262
-0.005785102717712699
-0.0063610418327205405
-0.005764533463605275
-0.006201630113388014
-0.005702825701283006
-0.006505026611472501
-0.00585709510708868
-0.0064278919085696655
-0.005887948988249813
-0.006175918545753734
-0.005610264057799604
-0.006268480189237138
-0.0059085182423572365
-0.0063044763839251285
-0.005774818090658987
-0.006355899519193685
-0.005810814285346978
-0.006191345486334302
-0.005831383539454401
-0.00621705705396858
-0.00589309130177667
-0.006417607281515953
-0.00586737973414239
-0.0062324839945491475
-0.005836525852981256
-0.006283907129817705
-0.005821098912400689
-0.006366184146247397
-0.00586737973414239
-0.0062324839945491475
-0.005821098912400689
-0.006314761010978839
-0.005882806674722958
-0.006196487799861157
-0.005862237420615535
-0.0063044763839251285
-0.00572339495539043
-0.0063610418327205405
-0.005934229809991516
-0.0063610418327205405
-0.005836525852981256
-0.006340472578613117
-0.005769675777132132
-0.006201630113388014
-0.0059085182423572365
-0.006319903324505695
-0.005887948988249813
-0.00621705705396858
-0.00590337592883038
-0.006325045638032551
-0.005795387344766411
-0.006355899519193685
-0.0057131103283367185
-0.006263337875710283
-0.005959941377625794
-0.006181060859280591
-0.00572339495539043
-0.006469030416784512
-0.0057902450312395555
-0.006294191756871416
-0.005949656750572082
-0.006402180340935386
-0.005738821895970997
-0.006366184146247397
-0.005821098912400689
-0.006448461162677089
-0.0057902450312395555
-0.006186203172807446
-0.0058416681665081115
-0.0064278919085696655
-0.00586737973414239
-0.006273622502763993
-0.005872522047669247
-0.006505026611472501
-0.005985652945260073
-0.0062324839945491475
-0.005826241225927544
-0.006355899519193685
-0.00589309130177667
-0.0064227495950428095
-0.005898233615303525
-0.006530738179106781
-0.0058416681665081115
-0.0062324839945491475
-0.005795387344766411
-0.0064587457897308
-0.005877664361196102
-0.006247910935129715
-0.005980510631733217
-0.00621705705396858
-0.005851952793561824
-0.006376468773301108
-0.005795387344766411
-0.006397038027408531
-0.005800529658293266
-0.006263337875710283
-0.005810814285346978
-0.006268480189237138
-0.00589309130177667
-0.006417607281515953
-0.005800529658293266
-0.006345614892139974
-0.005882806674722958
-0.006314761010978839
-0.00589309130177667
-0.006438176535623377
-0.005754248836551565
-0.006299334070398272
-0.0059085182423572365
-0.006453603476203944
-0.005923945182937804
-0.006299334070398272
-0.005898233615303525
-0.006268480189237138
-0.0057799604041858434
-0.006175918545753734
-0.005831383539454401
-0.006299334070398272
-0.0059702260046795045
-0.006278764816290849
-0.00586737973414239
-0.006412464967989098
-0.00589309130177667
-0.006381611086827964
-0.005795387344766411
-0.006345614892139974
-0.005872522047669247
-0.006453603476203944
-0.005810814285346978
-0.006268480189237138
-0.005774818090658987
-0.0063044763839251285
-0.005785102717712699
-0.006227341681022292
-0.005836525852981256
-0.006376468773301108
-0.0058468104800349675
-0.006335330265086262
-0.005929087496464659
-0.006129637724012033
-0.005774818090658987
-0.006253053248656571
-0.005872522047669247
-0.006258195562183426
-0.00586737973414239
-0.0063610418327205405
-0.005851952793561824
-0.006206772426914869
-0.005887948988249813
-0.006289049443344561
-0.005697683387756151
-0.006283907129817705
-0.0057799604041858434
-0.006057645334636053
-0.005764533463605275
-0.0063044763839251285
-0.0059085182423572365
-0.006263337875710283
-0.0059188028694109485
-0.006330187951559407
-0.005862237420615535
-0.0064330342220965215
-0.0058416681665081115
-0.006196487799861157
-0.005697683387756151
-0.006453603476203944
-0.005944514437045226
-0.006319903324505695
-0.005923945182937804
-0.0063610418327205405
-0.005815956598873833
-0.0064330342220965215
-0.005774818090658987
-0.006417607281515953
-0.00590337592883038
-0.0062324839945491475
-0.005795387344766411
-0.006314761010978839
-0.005949656750572082
-0.006335330265086262
-0.005898233615303525
-0.006278764816290849
-0.005872522047669247
-0.006294191756871416
-0.00586737973414239
-0.006253053248656571
-0.005810814285346978
-0.006335330265086262
-0.005872522047669247
-0.006206772426914869
-0.00589309130177667
-0.006325045638032551
-0.00568739876070244
-0.006201630113388014
-0.00590337592883038
-0.006381611086827964
-0.005836525852981256
-0.006309618697451984
-0.005877664361196102
-0.006407322654462243
-0.005805671971820121
-0.006309618697451984
-0.0057131103283367185
-0.006289049443344561
-0.005821098912400689
-0.006278764816290849
-0.00589309130177667
-0.006350757205666829
-0.005934229809991516
-0.006247910935129715
-0.005682256447175584
-0.006309618697451984
-0.005923945182937804
-0.006283907129817705
-0.005898233615303525
-0.006196487799861157
-0.005944514437045226
-0.006222199367495436
-0.005764533463605275
-0.006319903324505695
-0.0055845524901653254
-0.0064587457897308
-0.005836525852981256
-0.006355899519193685
-0.005939372123518371
-0.006191345486334302
-0.005774818090658987
-0.006247910935129715
-0.005923945182937804
-0.006299334070398272
-0.005826241225927544
-0.006253053248656571
-0.005610264057799604
-0.006309618697451984
-0.005707968014809863
-0.006273622502763993
-0.005805671971820121
-0.006314761010978839
-0.00572339495539043
-0.0061707762322268786
-0.0057902450312395555
-0.006335330265086262
-0.005815956598873833
-0.006319903324505695
-0.005800529658293266
-0.006124495410485178
-0.00586737973414239
-0.006289049443344561
-0.0059188028694109485
-0.006314761010978839
-0.005764533463605275
-0.006355899519193685
-0.005682256447175584
-0.006371326459774253
-0.005749106523024709
-0.006376468773301108
-0.005815956598873833
-0.0063044763839251285
-0.005851952793561824
-0.006263337875710283
-0.005877664361196102
-0.006350757205666829
-0.005831383539454401
-0.0064227495950428095
-0.0059188028694109485
-0.006381611086827964
-0.005985652945260073
-0.006381611086827964
-0.005764533463605275
-0.006319903324505695
-0.005821098912400689
-0.006448461162677089
-0.005774818090658987
-0.006134780037538888
-0.00589309130177667
-0.006463888103257655
-0.005754248836551565
-0.006206772426914869
-0.0057902450312395555
-0.006253053248656571
-0.005965083691152649
-0.006335330265086262
-0.005959941377625794
-0.006150206978119456
-0.00590337592883038
-0.006319903324505695
-0.0059136605558840925
-0.006350757205666829
-0.005743964209497853
-0.006114210783431466
-0.005826241225927544
-0.006211914740441724
-0.005702825701283006
-0.006309618697451984
-0.00590337592883038
-0.006191345486334302
-0.00575939115007842
-0.006124495410485178
-0.005800529658293266
-0.006448461162677089
-0.005882806674722958
-0.0062324839945491475
-0.005738821895970997
-0.006309618697451984
-0.005815956598873833
-0.006325045638032551
-0.005882806674722958
-0.006186203172807446
-0.005934229809991516
-0.006412464967989098
-0.005815956598873833
-0.0064278919085696655
-0.005733679582444142
-0.006191345486334302
-0.005764533463605275
-0.006355899519193685
-0.00586737973414239
-0.006350757205666829
-0.005887948988249813
-0.006397038027408531
-0.005728537268917287
-0.006309618697451984
-0.0058468104800349675
-0.006299334070398272
-0.0058468104800349675
-0.006160491605173168
-0.005795387344766411
-0.006289049443344561
-0.0059188028694109485
-0.006124495410485178
-0.00575939115007842
-0.0062324839945491475
-0.0057799604041858434
-0.006325045638032551
-0.0057799604041858434
-0.006314761010978839
-0.005677114133648729
-0.006191345486334302
-0.005661687193068161
-0.0063044763839251285
-0.005810814285346978
-0.006309618697451984
-0.005656544879541306
-0.006155349291646311
-0.005743964209497853
-0.006448461162677089
-0.005692541074229296
-0.006381611086827964
-0.005898233615303525
-0.006366184146247397
-0.005815956598873833
-0.006397038027408531
-0.0057902450312395555
-0.006247910935129715
-0.005810814285346978
-0.0062427686216028596
-0.0057902450312395555
-0.00638675340035482
-0.00590337592883038
-0.006124495410485178
-0.005826241225927544
-0.006314761010978839
-0.005764533463605275
-0.0063044763839251285
-0.005872522047669247
-0.0062427686216028596
-0.005862237420615535
-0.006247910935129715
-0.005800529658293266
-0.006273622502763993
-0.005831383539454401
-0.006227341681022292
-0.005749106523024709
-0.006330187951559407
-0.005815956598873833
-0.006258195562183426
-0.005836525852981256
-0.00638675340035482
-0.005887948988249813
-0.0062324839945491475
-0.005697683387756151
-0.006289049443344561
-0.005929087496464659
-0.006330187951559407
-0.00586737973414239
-0.006381611086827964
-0.005754248836551565
-0.006376468773301108
-0.005785102717712699
-0.006330187951559407
-0.005769675777132132
-0.0063044763839251285
-0.00565140256601445
-0.006299334070398272
-0.00572339495539043
-0.006443318849150232
-0.0058416681665081115
-0.006273622502763993
-0.0057799604041858434
-0.006319903324505695
-0.005826241225927544
-0.006443318849150232
-0.00568739876070244
-0.0064227495950428095
-0.0057799604041858434
-0.006325045638032551
-0.005738821895970997
-0.00610906846990461
-0.00575939115007842
-0.006283907129817705
-0.0057799604041858434
-0.006268480189237138
-0.005821098912400689
-0.006453603476203944
-0.005862237420615535
-0.006484457357365078
-0.005862237420615535
-0.006222199367495436
-0.0058468104800349675
-0.006319903324505695
-0.005805671971820121
-0.0062427686216028596
-0.0058468104800349675
-0.006417607281515953
-0.005872522047669247
-0.006191345486334302
-0.005939372123518371
-0.0062324839945491475
-0.00590337592883038
-0.006139922351065745
-0.005728537268917287
-0.006355899519193685
-0.005646260252487594
-0.006355899519193685
-0.0057182526418635745
-0.006407322654462243
-0.005800529658293266
-0.006114210783431466
-0.005785102717712699
-0.006397038027408531
-0.005656544879541306
-0.006247910935129715
-0.005743964209497853
-0.006273622502763993
-0.005774818090658987
-0.006314761010978839
-0.005800529658293266
-0.006211914740441724
-0.005810814285346978
-0.006119353096958322
-0.00589309130177667
-0.006335330265086262
-0.005620548684853315
-0.006417607281515953
-0.0057902450312395555
-0.006335330265086262
-0.0057902450312395555
-0.006129637724012033
-0.0058468104800349675
-0.006175918545753734
-0.005728537268917287
-0.006263337875710283
-0.005821098912400689
-0.006114210783431466
-0.005702825701283006
-0.006412464967989098
-0.00575939115007842
-0.006237626308076003
-0.005738821895970997
-0.006278764816290849
-0.005882806674722958
-0.006417607281515953
-0.005929087496464659
-0.0063610418327205405
-0.005862237420615535
-0.006469030416784512
-0.005800529658293266
-0.006273622502763993
-0.005815956598873833
-0.006448461162677089
-0.005826241225927544
-0.006206772426914869
-0.0057131103283367185
-0.006325045638032551
-0.005646260252487594
-0.006340472578613117
-0.005959941377625794
-0.006294191756871416
-0.005959941377625794
-0.006289049443344561
-0.005630833311907027
-0.006268480189237138
-0.005764533463605275
-0.006268480189237138
-0.005872522047669247
-0.00621705705396858
-0.005743964209497853
-0.006350757205666829
-0.005800529658293266
-0.006186203172807446
-0.005882806674722958
-0.006381611086827964
-0.005831383539454401
-0.006283907129817705
-0.005795387344766411
-0.006402180340935386
-0.0059136605558840925
-0.006196487799861157
-0.005805671971820121
-0.006366184146247397
-0.005692541074229296
-0.006196487799861157
-0.005774818090658987
-0.0063044763839251285
-0.005862237420615535
-0.006417607281515953
-0.005872522047669247
-0.006479315043838222
-0.005810814285346978
-0.006335330265086262
-0.005635975625433882
-0.006371326459774253
-0.005785102717712699
-0.0061707762322268786
-0.005805671971820121
-0.006469030416784512
-0.005769675777132132
-0.006294191756871416
-0.005754248836551565
-0.006139922351065745
-0.005728537268917287
-0.006273622502763993
-0.00585709510708868
-0.006299334070398272
-0.005754248836551565
-0.006366184146247397
-0.00575939115007842
-0.006402180340935386
-0.005851952793561824
-0.006263337875710283
-0.005733679582444142
-0.006530738179106781
-0.005944514437045226
-0.006319903324505695
-0.00590337592883038
-0.006319903324505695
-0.005692541074229296
-0.006273622502763993
-0.005805671971820121
-0.006196487799861157
-0.005671971820121873
-0.006371326459774253
-0.005882806674722958
-0.006181060859280591
-0.005821098912400689
-0.0064587457897308
-0.005769675777132132
-0.006253053248656571
-0.005697683387756151
-0.0062324839945491475
-0.005764533463605275
-0.006294191756871416
-0.005682256447175584
-0.006211914740441724
-0.005805671971820121
-0.006366184146247397
-0.005795387344766411
-0.006201630113388014
-0.005810814285346978
-0.006078214588743476
-0.005754248836551565
-0.0064587457897308
-0.005646260252487594
-0.006155349291646311
-0.005800529658293266
-0.006134780037538888
-0.0058468104800349675
-0.006330187951559407
-0.005851952793561824
-0.006309618697451984
-0.005831383539454401
-0.006150206978119456
-0.0060422183940554855
-0.006355899519193685
-0.005754248836551565
-0.006299334070398272
-0.005707968014809863
-0.006073072275216619
-0.005821098912400689
-0.006160491605173168
-0.0059136605558840925
-0.006227341681022292
-0.00586737973414239
-0.006201630113388014
-0.005682256447175584
-0.006191345486334302
-0.005769675777132132
-0.006366184146247397
-0.005815956598873833
-0.006525595865579924
-0.005805671971820121
-0.006325045638032551
-0.005826241225927544
-0.006191345486334302
-0.0057799604041858434
-0.006397038027408531
-0.005697683387756151
-0.006340472578613117
-0.005898233615303525
-0.006484457357365078
-0.005836525852981256
-0.006278764816290849
-0.00565140256601445
-0.006314761010978839
-0.0057902450312395555
-0.006417607281515953
-0.0059085182423572365
-0.006181060859280591
-0.00575939115007842
-0.006309618697451984
-0.00572339495539043
-0.006206772426914869
-0.005738821895970997
-0.006381611086827964
-0.005749106523024709
-0.0064278919085696655
-0.005764533463605275
-0.006211914740441724
-0.0059188028694109485
-0.006325045638032551
-0.005810814285346978
-0.006381611086827964
-0.0057182526418635745
-0.006273622502763993
-0.005774818090658987
-0.006314761010978839
-0.005697683387756151
-0.006278764816290849
-0.005862237420615535
-0.0062427686216028596
-0.005774818090658987
-0.006263337875710283
-0.00589309130177667
-0.006314761010978839
-0.00575939115007842
-0.006453603476203944
-0.005764533463605275
-0.006155349291646311
-0.005805671971820121
-0.006355899519193685
-0.005785102717712699
-0.006155349291646311
-0.005862237420615535
-0.00621705705396858
-0.0058416681665081115
-0.006325045638032551
-0.005749106523024709
-0.006335330265086262
-0.005810814285346978
-0.005985652945260073
-0.005682256447175584
-0.006263337875710283
-0.005815956598873833
-0.006350757205666829
-0.005682256447175584
-0.006289049443344561
-0.005666829506595018
-0.006325045638032551
-0.005774818090658987
-0.006263337875710283
-0.005923945182937804
-0.006335330265086262
-0.005810814285346978
-0.006222199367495436
-0.0057131103283367185
-0.006350757205666829
-0.005851952793561824
-0.006535880492633636
-0.0058468104800349675
-0.006258195562183426
-0.005743964209497853
-0.006371326459774253
-0.005641117938960738
-0.006253053248656571
-0.005800529658293266
-0.006443318849150232
-0.005934229809991516
-0.006319903324505695
-0.0057182526418635745
-0.006355899519193685
-0.005815956598873833
-0.006381611086827964
-0.005877664361196102
-0.006201630113388014
-0.00586737973414239
-0.006325045638032551
-0.005826241225927544
-0.006479315043838222
-0.005810814285346978
-0.006283907129817705
-0.005774818090658987
-0.0063044763839251285
-0.00568739876070244
-0.006309618697451984
-0.005882806674722958
-0.006186203172807446
-0.005692541074229296
-0.00621705705396858
-0.0058468104800349675
-0.006294191756871416
-0.005810814285346978
-0.006150206978119456
-0.005831383539454401
-0.006222199367495436
-0.005872522047669247
-0.006253053248656571
-0.005898233615303525
-0.006227341681022292
-0.0057799604041858434
-0.006160491605173168
-0.00568739876070244
-0.006340472578613117
-0.0058468104800349675
-0.006397038027408531
-0.005805671971820121
-0.006335330265086262
-0.00589309130177667
-0.006510168924999358
-0.0058416681665081115
-0.006083356902270331
-0.005635975625433882
-0.0063610418327205405
-0.005635975625433882
-0.006191345486334302
-0.005934229809991516
-0.0063610418327205405
-0.005934229809991516
-0.006335330265086262
-0.005959941377625794
-0.006469030416784512
-0.005738821895970997
-0.006443318849150232
-0.005887948988249813
-0.0063610418327205405
-0.005934229809991516
-0.006407322654462243
-0.00585709510708868
-0.006268480189237138
-0.005872522047669247
-0.006325045638032551
-0.005882806674722958
-0.006438176535623377
-0.005826241225927544
-0.006268480189237138
-0.005697683387756151
-0.006283907129817705
-0.005882806674722958
-0.006345614892139974
-0.00585709510708868
-0.006366184146247397
-0.005851952793561824
-0.006391895713881676
-0.00575939115007842
-0.006340472578613117
-0.00590337592883038
-0.006247910935129715
-0.0059085182423572365
-0.006453603476203944
-0.005754248836551565
-0.006160491605173168
-0.005671971820121873
-0.006294191756871416
-0.005805671971820121
-0.006289049443344561
-0.005851952793561824
-0.006325045638032551
-0.00568739876070244
-0.0064278919085696655
-0.005815956598873833
-0.006330187951559407
-0.005733679582444142
-0.006397038027408531
-0.005800529658293266
-0.006222199367495436
-0.005800529658293266
-0.006355899519193685
-0.005821098912400689
-0.006253053248656571
-0.0057131103283367185
-0.006160491605173168
-0.005677114133648729
-0.006268480189237138
-0.005800529658293266
-0.0062427686216028596
-0.00575939115007842
-0.006294191756871416
-0.00586737973414239
-0.006412464967989098
-0.005882806674722958
-0.006253053248656571
-0.005697683387756151
-0.0063610418327205405
-0.0057131103283367185
-0.006247910935129715
-0.005702825701283006
-0.006335330265086262
-0.005646260252487594
-0.006402180340935386
-0.005707968014809863
-0.0062427686216028596
-0.005738821895970997
-0.006175918545753734
-0.005877664361196102
-0.006258195562183426
-0.005733679582444142
-0.006273622502763993
-0.005785102717712699
-0.0064278919085696655
-0.005851952793561824
-0.006314761010978839
-0.005769675777132132
-0.006376468773301108
-0.005831383539454401
-0.006294191756871416
-0.00575939115007842
-0.006319903324505695
-0.0058416681665081115
-0.006247910935129715
-0.005898233615303525
-0.006155349291646311
-0.005826241225927544
-0.006355899519193685
-0.0057799604041858434
-0.0064227495950428095
-0.0055896948036921815
-0.006325045638032551
-0.005872522047669247
-0.006340472578613117
-0.00585709510708868
-0.006350757205666829
-0.00565140256601445
-0.006289049443344561
-0.005661687193068161
-0.006247910935129715
-0.0057799604041858434
-0.006402180340935386
-0.005821098912400689
-0.006073072275216619
-0.005728537268917287
-0.006391895713881676
-0.00572339495539043
-0.006268480189237138
-0.005682256447175584
-0.006268480189237138
-0.00585709510708868
-0.006258195562183426
-0.005661687193068161
-0.0060319337670017735
-0.005620548684853315
-0.006124495410485178
-0.005656544879541306
-0.0064278919085696655
-0.00572339495539043
-0.00621705705396858
-0.005774818090658987
-0.006196487799861157
-0.005795387344766411
-0.006309618697451984
-0.00565140256601445
-0.006294191756871416
-0.00572339495539043
-0.006222199367495436
-0.005769675777132132
-0.006191345486334302
-0.005923945182937804
-0.0063044763839251285
-0.005769675777132132
-0.006309618697451984
-0.00572339495539043
-0.006407322654462243
-0.0057799604041858434
-0.006289049443344561
-0.005826241225927544
-0.00610906846990461
-0.005682256447175584
-0.006253053248656571
-0.005682256447175584
-0.006294191756871416
-0.005831383539454401
-0.0062427686216028596
-0.005815956598873833
-0.006124495410485178
-0.005671971820121873
-0.006314761010978839
-0.0057182526418635745
-0.006325045638032551
-0.0058468104800349675
-0.006340472578613117
-0.005831383539454401
-0.006196487799861157
-0.005697683387756151
-0.006412464967989098
-0.005800529658293266
-0.006201630113388014
-0.005836525852981256
-0.006273622502763993
-0.005785102717712699
-0.006319903324505695
-0.005800529658293266
-0.006402180340935386
-0.005821098912400689
-0.006273622502763993
-0.005769675777132132
-0.006258195562183426
-0.005646260252487594
-0.006397038027408531
-0.00561540637132646
-0.006314761010978839
-0.0058468104800349675
-0.006139922351065745
-0.0057182526418635745
-0.006181060859280591
-0.00561540637132646
-0.006247910935129715
-0.0057799604041858434
-0.0064947419844187905
-0.005728537268917287
-0.006319903324505695
-0.005702825701283006
-0.006314761010978839
-0.00572339495539043
-0.006366184146247397
-0.005599979430745892
-0.006335330265086262
-0.005934229809991516
-0.006299334070398272
-0.005821098912400689
-0.006186203172807446
-0.0057799604041858434
-0.006402180340935386
-0.005743964209497853
-0.006335330265086262
-0.005800529658293266
-0.006227341681022292
-0.0057182526418635745
-0.006402180340935386
-0.0058468104800349675
-0.006273622502763993
-0.005743964209497853
-0.006325045638032551
-0.005821098912400689
-0.006402180340935386
-0.005754248836551565
-0.006376468773301108
-0.005815956598873833
-0.00621705705396858
-0.0057799604041858434
-0.006407322654462243
-0.005661687193068161
-0.006253053248656571
-0.005882806674722958
-0.006402180340935386
-0.005728537268917287
-0.0062427686216028596
-0.005682256447175584
-0.006319903324505695
-0.005795387344766411
-0.006283907129817705
-0.005738821895970997
-0.006206772426914869
-0.005733679582444142
-0.0062427686216028596
-0.005764533463605275
-0.0061707762322268786
-0.005836525852981256
-0.0062324839945491475
-0.005815956598873833
-0.006355899519193685
-0.005764533463605275
-0.006309618697451984
-0.005743964209497853
-0.006397038027408531
-0.005805671971820121
-0.006299334070398272
-0.005785102717712699
-0.006139922351065745
-0.005805671971820121
-0.006283907129817705
-0.005733679582444142
-0.006258195562183426
-0.005692541074229296
-0.006175918545753734
-0.005815956598873833
-0.006227341681022292
-0.005815956598873833
-0.006340472578613117
-0.005815956598873833
-0.006376468773301108
-0.0058416681665081115
-0.006319903324505695
-0.005646260252487594
-0.006299334070398272
-0.005579410176638469
-0.006206772426914869
-0.005630833311907027
-0.006340472578613117
-0.005728537268917287
-0.006314761010978839
-0.005754248836551565
-0.006366184146247397
-0.005764533463605275
-0.006253053248656571
-0.005795387344766411
-0.0064330342220965215
-0.005898233615303525
-0.006191345486334302
-0.005769675777132132
-0.0064227495950428095
-0.005872522047669247
-0.006247910935129715
-0.005671971820121873
-0.0064227495950428095
-0.00572339495539043
-0.00638675340035482
-0.005697683387756151
-0.006278764816290849
-0.005923945182937804
-0.006371326459774253
-0.005980510631733217
-0.006129637724012033
-0.005728537268917287
-0.006330187951559407
-0.005749106523024709
-0.006191345486334302
-0.005800529658293266
-0.006319903324505695
-0.0058416681665081115
-0.006314761010978839
-0.005769675777132132
-0.006278764816290849
-0.00575939115007842
-0.006417607281515953
-0.005877664361196102
-0.006278764816290849
-0.005826241225927544
-0.0064227495950428095
-0.005733679582444142
-0.006237626308076003
-0.005795387344766411
-0.006366184146247397
-0.005821098912400689
-0.0061450646645926
-0.005805671971820121
-0.006273622502763993
-0.005774818090658987
-0.006314761010978839
-0.005682256447175584
-0.006119353096958322
-0.005815956598873833
-0.006273622502763993
-0.005769675777132132
-0.0062427686216028596
-0.005836525852981256
-0.006381611086827964
-0.005728537268917287
-0.006355899519193685
-0.005795387344766411
-0.006345614892139974
-0.005872522047669247
-0.006196487799861157
-0.005594837117219037
-0.006381611086827964
-0.005677114133648729
-0.006340472578613117
-0.0058416681665081115
-0.006247910935129715
-0.005898233615303525
-0.006227341681022292
-0.005697683387756151
-0.0063044763839251285
-0.005574267863111613
-0.00621705705396858
-0.0057902450312395555
-0.006314761010978839
-0.005810814285346978
-0.006299334070398272
-0.005815956598873833
-0.006206772426914869
-0.005764533463605275
-0.006319903324505695
-0.005630833311907027
-0.006175918545753734
-0.005728537268917287
-0.006253053248656571
-0.005800529658293266
-0.006206772426914869
-0.0057799604041858434
-0.00638675340035482
-0.005677114133648729
-0.006253053248656571
-0.0055845524901653254
-0.006268480189237138
-0.005641117938960738
-0.006330187951559407
-0.005815956598873833
-0.006340472578613117
-0.005769675777132132
-0.006391895713881676
-0.00585709510708868
-0.00621705705396858
-0.005980510631733217
-0.006448461162677089
-0.005682256447175584
-0.006078214588743476
-0.005795387344766411
-0.006222199367495436
-0.005821098912400689
-0.006402180340935386
-0.005815956598873833
-0.006206772426914869
-0.005707968014809863
-0.006309618697451984
-0.005743964209497853
-0.006283907129817705
-0.005733679582444142
-0.006314761010978839
-0.00586737973414239
-0.006325045638032551
-0.005826241225927544
-0.0062324839945491475
-0.005666829506595018
-0.006247910935129715
-0.005728537268917287
-0.006253053248656571
-0.005754248836551565
-0.006407322654462243
-0.0058416681665081115
-0.006278764816290849
-0.00575939115007842
-0.006155349291646311
-0.0057799604041858434
-0.006335330265086262
-0.005805671971820121
-0.006181060859280591
-0.005738821895970997
-0.00638675340035482
-0.005944514437045226
-0.006247910935129715
-0.005774818090658987
-0.006181060859280591
-0.005815956598873833
-0.006134780037538888
-0.005733679582444142
-0.006258195562183426
-0.005877664361196102
-0.006222199367495436
-0.005671971820121873
-0.006134780037538888
-0.005821098912400689
-0.006263337875710283
-0.005800529658293266
-0.006355899519193685
-0.005733679582444142
-0.006211914740441724
-0.005851952793561824
-0.006366184146247397
-0.00575939115007842
-0.006150206978119456
-0.005743964209497853
-0.006175918545753734
-0.005764533463605275
-0.006273622502763993
-0.005707968014809863
-0.006196487799861157
-0.005836525852981256
-0.006160491605173168
-0.00561540637132646
-0.006129637724012033
-0.00575939115007842
-0.006330187951559407
-0.005579410176638469
-0.006299334070398272
-0.005743964209497853
-0.006289049443344561
-0.005656544879541306
-0.006098783842850899
-0.005666829506595018
-0.006247910935129715
-0.0057902450312395555
-0.006201630113388014
-0.005692541074229296
-0.006201630113388014
-0.00572339495539043
-0.006175918545753734
-0.0057131103283367185
-0.006391895713881676
-0.005738821895970997
-0.006484457357365078
-0.005702825701283006
-0.006139922351065745
-0.005795387344766411
-0.006402180340935386
-0.005749106523024709
-0.006314761010978839
-0.005836525852981256
-0.006283907129817705
-0.005805671971820121
-0.00621705705396858
-0.00585709510708868
-0.006253053248656571
-0.005707968014809863
-0.0061450646645926
-0.0057799604041858434
-0.006258195562183426
-0.005677114133648729
-0.0062324839945491475
-0.005728537268917287
-0.006273622502763993
-0.005836525852981256
-0.006350757205666829
-0.005785102717712699
-0.006263337875710283
-0.0058468104800349675
-0.0063044763839251285
-0.005671971820121873
-0.006325045638032551
-0.0055896948036921815
-0.006139922351065745
-0.005831383539454401
-0.0061450646645926
-0.005682256447175584
-0.006309618697451984
-0.00575939115007842
-0.006325045638032551
-0.005749106523024709
-0.006294191756871416
-0.005851952793561824
-0.006186203172807446
-0.00568739876070244
-0.006299334070398272
-0.00568739876070244
-0.006263337875710283
-0.005702825701283006
-0.006052503021109197
-0.005646260252487594
-0.006294191756871416
-0.0057131103283367185
-0.006479315043838222
-0.005733679582444142
-0.0062427686216028596
-0.005641117938960738
-0.006247910935129715
-0.005707968014809863
-0.006247910935129715
-0.0057902450312395555
-0.0064330342220965215
-0.005810814285346978
-0.006397038027408531
-0.005851952793561824
-0.006417607281515953
-0.005677114133648729
-0.006407322654462243
-0.005692541074229296
-0.006227341681022292
-0.0057799604041858434
-0.006340472578613117
-0.0058468104800349675
-0.006299334070398272
-0.005682256447175584
-0.006309618697451984
-0.005795387344766411
-0.006330187951559407
-0.005815956598873833
-0.006237626308076003
-0.00585709510708868
-0.006160491605173168
-0.0057182526418635745
-0.006350757205666829
-0.005821098912400689
-0.006340472578613117
-0.0058468104800349675
-0.006026791453474918
-0.005805671971820121
-0.006211914740441724
-0.0057902450312395555
-0.006330187951559407
-0.00586737973414239
-0.006181060859280591
-0.0059085182423572365
-0.006283907129817705
-0.005671971820121873
-0.006294191756871416
-0.005661687193068161
-0.006263337875710283
-0.005754248836551565
-0.0063610418327205405
-0.005738821895970997
-0.006417607281515953
-0.005677114133648729
-0.006268480189237138
-0.005805671971820121
-0.006247910935129715
-0.005800529658293266
-0.006371326459774253
-0.005630833311907027
-0.006330187951559407
-0.005671971820121873
-0.006088499215797187
-0.005800529658293266
-0.0062427686216028596
-0.005677114133648729
-0.006253053248656571
-0.005728537268917287
-0.006175918545753734
-0.005754248836551565
-0.006340472578613117
-0.005769675777132132
-0.006165633918700023
-0.005882806674722958
-0.006150206978119456
-0.005851952793561824
-0.006258195562183426
-0.0057902450312395555
-0.006237626308076003
-0.005682256447175584
-0.006309618697451984
-0.005934229809991516
-0.006443318849150232
-0.00589309130177667
-0.006350757205666829
-0.005682256447175584
-0.0061707762322268786
-0.005754248836551565
-0.006114210783431466
-0.005692541074229296
-0.006273622502763993
-0.005800529658293266
-0.006463888103257655
-0.005764533463605275
-0.006350757205666829
-0.00565140256601445
-0.006247910935129715
-0.005769675777132132
-0.006350757205666829
-0.005769675777132132
-0.006191345486334302
-0.0057131103283367185
-0.006268480189237138
-0.005764533463605275
-0.00621705705396858
-0.005923945182937804
-0.006211914740441724
-0.005836525852981256
-0.006196487799861157
-0.005743964209497853
-0.006309618697451984
-0.0057799604041858434
-0.006314761010978839
-0.00586737973414239
-0.006314761010978839
-0.0057902450312395555
-0.0063610418327205405
-0.005707968014809863
-0.006309618697451984
-0.005707968014809863
-0.006201630113388014
-0.005743964209497853
-0.006237626308076003
-0.005810814285346978
-0.006371326459774253
-0.005661687193068161
-0.006309618697451984
-0.005635975625433882
-0.0061707762322268786
-0.005872522047669247
-0.006314761010978839
-0.005707968014809863
-0.006196487799861157
-0.005810814285346978
-0.006412464967989098
-0.005800529658293266
-0.006160491605173168
-0.00565140256601445
-0.006263337875710283
-0.0058416681665081115
-0.006366184146247397
-0.005702825701283006
-0.006175918545753734
-0.005697683387756151
-0.006273622502763993
-0.00561540637132646
-0.006273622502763993
-0.0057131103283367185
-0.006181060859280591
-0.0058468104800349675
-0.006191345486334302
-0.005682256447175584
-0.006474172730311367
-0.0057799604041858434
-0.006211914740441724
-0.005677114133648729
-0.006340472578613117
-0.005697683387756151
-0.0062324839945491475
-0.005795387344766411
-0.006340472578613117
-0.0057902450312395555
-0.0062324839945491475
-0.005682256447175584
-0.006263337875710283
-0.0057182526418635745
-0.006227341681022292
-0.00575939115007842
-0.006325045638032551
-0.005815956598873833
-0.006325045638032551
-0.00575939115007842
-0.0063044763839251285
-0.005810814285346978
-0.006263337875710283
-0.005800529658293266
-0.0063044763839251285
-0.005661687193068161
-0.0061707762322268786
-0.005610264057799604
-0.006330187951559407
-0.005702825701283006
-0.006407322654462243
-0.0057799604041858434
-0.006299334070398272
-0.005831383539454401
-0.006438176535623377
-0.005774818090658987
-0.006299334070398272
-0.005641117938960738
-0.006155349291646311
-0.0057182526418635745
-0.006376468773301108
-0.005821098912400689
-0.006258195562183426
-0.0055845524901653254
-0.006355899519193685
-0.005682256447175584
-0.006227341681022292
-0.0057182526418635745
-0.006366184146247397
-0.005738821895970997
-0.006258195562183426
-0.005795387344766411
-0.006196487799861157
-0.005728537268917287
-0.006253053248656571
-0.005754248836551565
-0.006397038027408531
-0.0058416681665081115
-0.006247910935129715
-0.005635975625433882
-0.006222199367495436
-0.005851952793561824
-0.0063044763839251285
-0.00572339495539043
-0.006222199367495436
-0.00589309130177667
-0.006273622502763993
-0.005764533463605275
-0.006186203172807446
-0.005702825701283006
-0.006047360707582341
-0.005702825701283006
-0.006165633918700023
-0.005826241225927544
-0.0064278919085696655
-0.005743964209497853
-0.006335330265086262
-0.005707968014809863
-0.006155349291646311
-0.005810814285346978
-0.006237626308076003
-0.005605121744272749
-0.006335330265086262
-0.00575939115007842
-0.006340472578613117
-0.005738821895970997
-0.006294191756871416
-0.005785102717712699
-0.006150206978119456
-0.005877664361196102
-0.006129637724012033
-0.005805671971820121
-0.006227341681022292
-0.005743964209497853
-0.006268480189237138
-0.005733679582444142
-0.006325045638032551
-0.005733679582444142
-0.006155349291646311
-0.00572339495539043
-0.006165633918700023
-0.005795387344766411
-0.006247910935129715
-0.005625690998380172
-0.006222199367495436
-0.005682256447175584
-0.006299334070398272
-0.005851952793561824
-0.006201630113388014
-0.005733679582444142
-0.006129637724012033
-0.005805671971820121
-0.006283907129817705
-0.005815956598873833
-0.00610906846990461
-0.00575939115007842
-0.006181060859280591
-0.005851952793561824
-0.006376468773301108
-0.005815956598873833
-0.006355899519193685
-0.005959941377625794
-0.0061450646645926
-0.005769675777132132
-0.006283907129817705
-0.005635975625433882
-0.006129637724012033
-0.005738821895970997
-0.006335330265086262
-0.005743964209497853
-0.006299334070398272
-0.005702825701283006
-0.006407322654462243
-0.005641117938960738
-0.006186203172807446
-0.005682256447175584
-0.006191345486334302
-0.005887948988249813
-0.006278764816290849
-0.00585709510708868
-0.006474172730311367
-0.005707968014809863
-0.006335330265086262
-0.005707968014809863
-0.0062324839945491475
-0.005882806674722958
-0.006206772426914869
-0.0059085182423572365
-0.006417607281515953
-0.0057902450312395555
-0.006289049443344561
-0.005754248836551565
-0.006211914740441724
-0.00585709510708868
-0.00621705705396858
-0.005702825701283006
-0.006345614892139974
-0.005646260252487594
-0.006273622502763993
-0.005764533463605275
-0.006237626308076003
-0.005862237420615535
-0.006268480189237138
-0.005754248836551565
-0.006253053248656571
-0.005641117938960738
-0.006139922351065745
-0.005728537268917287
-0.0063044763839251285
-0.005692541074229296
-0.006340472578613117
-0.005728537268917287
-0.006206772426914869
-0.005656544879541306
-0.006253053248656571
-0.005851952793561824
-0.0061707762322268786
-0.005749106523024709
-0.0063610418327205405
-0.005635975625433882
-0.006283907129817705
-0.005975368318206361
-0.006319903324505695
-0.005677114133648729
-0.006299334070398272
-0.005923945182937804
-0.006294191756871416
-0.005728537268917287
-0.0062427686216028596
-0.005692541074229296
-0.006283907129817705
-0.005774818090658987
-0.006345614892139974
-0.0059136605558840925
-0.006366184146247397
-0.005851952793561824
-0.006237626308076003
-0.0057799604041858434
-0.006155349291646311
-0.005887948988249813
-0.006340472578613117
-0.005625690998380172
-0.006371326459774253
-0.005635975625433882
-0.0063610418327205405
-0.0057182526418635745
-0.006319903324505695
-0.005774818090658987
-0.006314761010978839
-0.00572339495539043
-0.006191345486334302
-0.0057902450312395555
-0.006119353096958322
-0.005743964209497853
-0.006258195562183426
-0.005810814285346978
-0.006335330265086262
-0.005692541074229296
-0.006268480189237138
-0.0057131103283367185
-0.006330187951559407
-0.005800529658293266
-0.006196487799861157
-0.005774818090658987
-0.006283907129817705
-0.005769675777132132
-0.006345614892139974
-0.005697683387756151
-0.006268480189237138
-0.005785102717712699
-0.0063044763839251285
-0.005810814285346978
-0.006474172730311367
-0.005749106523024709
-0.006340472578613117
-0.005697683387756151
-0.006222199367495436
-0.005697683387756151
-0.006119353096958322
-0.0057799604041858434
-0.006299334070398272
-0.005872522047669247
-0.006412464967989098
-0.005743964209497853
-0.006345614892139974
-0.00586737973414239
-0.006407322654462243
-0.005635975625433882
-0.006314761010978839
-0.005733679582444142
-0.006289049443344561
-0.00575939115007842
-0.006330187951559407
-0.00572339495539043
-0.006273622502763993
-0.0057902450312395555
-0.006263337875710283
-0.005872522047669247
-0.006299334070398272
-0.00568739876070244
-0.006160491605173168
-0.005815956598873833
-0.0063044763839251285
-0.0057799604041858434
-0.00638675340035482
-0.005671971820121873
-0.006258195562183426
-0.005774818090658987
-0.006278764816290849
-0.005769675777132132
-0.006211914740441724
-0.005677114133648729
-0.00610906846990461
-0.005754248836551565
-0.006273622502763993
-0.005677114133648729
-0.006160491605173168
-0.005754248836551565
-0.006299334070398272
-0.005965083691152649
-0.006263337875710283
-0.005836525852981256
-0.006237626308076003
-0.005836525852981256
-0.006201630113388014
-0.00586737973414239
-0.006201630113388014
-0.005826241225927544
-0.006314761010978839
-0.005697683387756151
-0.006206772426914869
-0.005872522047669247
-0.006319903324505695
-0.005769675777132132
-0.0063610418327205405
-0.005682256447175584
-0.006443318849150232
-0.005821098912400689
-0.006263337875710283
-0.005769675777132132
-0.006057645334636053
-0.005625690998380172
-0.0062324839945491475
-0.0057182526418635745
-0.00621705705396858
-0.00585709510708868
-0.006186203172807446
-0.005836525852981256
-0.006253053248656571
-0.00572339495539043
-0.006335330265086262
-0.005754248836551565
-0.006273622502763993
-0.005805671971820121
-0.0063044763839251285
-0.005666829506595018
-0.006119353096958322
-0.005795387344766411
-0.006201630113388014
-0.005810814285346978
-0.006191345486334302
-0.00586737973414239
-0.006412464967989098
-0.005738821895970997
-0.006165633918700023
-0.005944514437045226
-0.006294191756871416
-0.005738821895970997
-0.006263337875710283
-0.005785102717712699
-0.006268480189237138
-0.005851952793561824
-0.006294191756871416
-0.00575939115007842
-0.006350757205666829
-0.005625690998380172
-0.006294191756871416
-0.005862237420615535
-0.006191345486334302
-0.005923945182937804
-0.006175918545753734
-0.005810814285346978
-0.006335330265086262
-0.005815956598873833
-0.006402180340935386
-0.005795387344766411
-0.006268480189237138
-0.00572339495539043
-0.006289049443344561
-0.0057131103283367185
-0.00621705705396858
-0.0057902450312395555
-0.006350757205666829
-0.005754248836551565
-0.006309618697451984
-0.005821098912400689
-0.006227341681022292
-0.005682256447175584
-0.006175918545753734
-0.005743964209497853
-0.0063044763839251285
-0.0057902450312395555
-0.006330187951559407
-0.005877664361196102
-0.006283907129817705
-0.005641117938960738
-0.006417607281515953
-0.005728537268917287
-0.006438176535623377
-0.005785102717712699
-0.006268480189237138
-0.005697683387756151
-0.00621705705396858
-0.005800529658293266
-0.006355899519193685
-0.0057131103283367185
-0.006294191756871416
-0.00589309130177667
-0.00621705705396858
-0.00590337592883038
-0.006299334070398272
-0.0058468104800349675
-0.006263337875710283
-0.005666829506595018
-0.006052503021109197
-0.005836525852981256
-0.006139922351065745
-0.005738821895970997
-0.006222199367495436
-0.005872522047669247
-0.00621705705396858
-0.00586737973414239
-0.006196487799861157
-0.005646260252487594
-0.006263337875710283
-0.005810814285346978
-0.006289049443344561
-0.005646260252487594
-0.006155349291646311
-0.00586737973414239
-0.006340472578613117
-0.005836525852981256
-0.006289049443344561
-0.0058468104800349675
-0.006283907129817705
-0.005754248836551565
-0.006355899519193685
-0.005733679582444142
-0.006247910935129715
-0.005810814285346978
-0.0064330342220965215
-0.005785102717712699
-0.006283907129817705
-0.005697683387756151
-0.006253053248656571
-0.005563983236057903
-0.006417607281515953
-0.005851952793561824
-0.006253053248656571
-0.005728537268917287
-0.006093641529324042
-0.0057902450312395555
-0.006273622502763993
-0.00572339495539043
-0.006268480189237138
-0.0057799604041858434
-0.006222199367495436
-0.00575939115007842
-0.006366184146247397
-0.005702825701283006
-0.006273622502763993
-0.0057799604041858434
-0.00621705705396858
-0.005821098912400689
-0.006402180340935386
-0.00585709510708868
-0.006201630113388014
-0.005738821895970997
-0.006186203172807446
-0.005821098912400689
-0.006263337875710283
-0.005707968014809863
-0.006289049443344561
-0.005851952793561824
-0.0064227495950428095
-0.005677114133648729
-0.006273622502763993
-0.005697683387756151
-0.006381611086827964
-0.005851952793561824
-0.006283907129817705
-0.005774818090658987
-0.006211914740441724
-0.005707968014809863
-0.006294191756871416
-0.00575939115007842
-0.006397038027408531
-0.005836525852981256
-0.006335330265086262
-0.0058468104800349675
-0.006325045638032551
-0.005929087496464659
-0.006371326459774253
-0.00572339495539043
-0.006350757205666829
-0.005677114133648729
-0.006211914740441724
-0.00575939115007842
-0.006268480189237138
-0.005666829506595018
-0.00621705705396858
-0.005887948988249813
-0.006222199367495436
-0.0059136605558840925
-0.006278764816290849
-0.005481706219628211
-0.006325045638032551
-0.005795387344766411
-0.006412464967989098
-0.005728537268917287
-0.006283907129817705
-0.005728537268917287
-0.006247910935129715
-0.005666829506595018
-0.006319903324505695
-0.005610264057799604
-0.006129637724012033
-0.0057131103283367185
-0.006283907129817705
-0.005743964209497853
-0.006314761010978839
-0.005656544879541306
-0.006289049443344561
-0.005785102717712699
-0.006253053248656571
-0.00575939115007842
-0.006391895713881676
-0.005749106523024709
-0.0062427686216028596
-0.0058416681665081115
-0.0063044763839251285
-0.005743964209497853
-0.006160491605173168
-0.005646260252487594
-0.006278764816290849
-0.005749106523024709
-0.006073072275216619
-0.005887948988249813
-0.006222199367495436
-0.005646260252487594
-0.006124495410485178
-0.0057131103283367185
-0.006057645334636053
-0.0057799604041858434
-0.00638675340035482
-0.005749106523024709
-0.0061707762322268786
-0.005646260252487594
-0.006273622502763993
-0.005785102717712699
-0.006268480189237138
-0.00590337592883038
-0.006211914740441724
-0.005743964209497853
-0.006258195562183426
-0.005800529658293266
-0.006283907129817705
-0.00572339495539043
-0.006098783842850899
-0.0057131103283367185
-0.006211914740441724
-0.005831383539454401
-0.006376468773301108
-0.005707968014809863
-0.006160491605173168
-0.005646260252487594
-0.0061039261563777545
-0.005743964209497853
-0.006371326459774253
-0.0057131103283367185
-0.0064227495950428095
-0.005805671971820121
-0.006124495410485178
-0.005738821895970997
-0.006366184146247397
-0.00590337592883038
-0.006263337875710283
-0.005826241225927544
-0.006165633918700023
-0.005697683387756151
-0.005995937572313785
-0.00575939115007842
-0.00621705705396858
-0.005682256447175584
-0.0061039261563777545
-0.00575939115007842
-0.00621705705396858
-0.0057131103283367185
-0.0063610418327205405
-0.005754248836551565
-0.006330187951559407
-0.005707968014809863
-0.006211914740441724
-0.005795387344766411
-0.006278764816290849
-0.005646260252487594
-0.006268480189237138
-0.0057799604041858434
-0.006335330265086262
-0.005826241225927544
-0.0062324839945491475
-0.005934229809991516
-0.006278764816290849
-0.00585709510708868
-0.0062324839945491475
-0.005738821895970997
-0.006319903324505695
-0.005743964209497853
-0.006253053248656571
-0.005692541074229296
-0.006253053248656571
-0.005733679582444142
-0.006160491605173168
-0.005692541074229296
-0.006335330265086262
-0.005641117938960738
-0.006381611086827964
-0.0057182526418635745
-0.006253053248656571
-0.005749106523024709
-0.006319903324505695
-0.005749106523024709
-0.00621705705396858
-0.00585709510708868
-0.006417607281515953
-0.0057182526418635745
-0.006222199367495436
-0.005594837117219037
-0.006258195562183426
-0.00572339495539043
-0.006222199367495436
-0.0057182526418635745
-0.00621705705396858
-0.005887948988249813
-0.006443318849150232
-0.0057131103283367185
-0.006237626308076003
-0.005810814285346978
-0.006453603476203944
-0.005769675777132132
-0.006196487799861157
-0.005800529658293266
-0.006294191756871416
-0.005728537268917287
-0.006278764816290849
-0.005836525852981256
-0.006289049443344561
-0.005743964209497853
-0.006206772426914869
-0.005826241225927544
-0.006191345486334302
-0.0057182526418635745
-0.006325045638032551
-0.005800529658293266
-0.006397038027408531
-0.005702825701283006
-0.006309618697451984
-0.005805671971820121
-0.006366184146247397
-0.005764533463605275
-0.006314761010978839
-0.005836525852981256
-0.006175918545753734
-0.005692541074229296
-0.006283907129817705
-0.005795387344766411
-0.006247910935129715
-0.0055845524901653254
-0.006309618697451984
-0.005831383539454401
-0.006397038027408531
-0.005851952793561824
-0.006474172730311367
-0.005646260252487594
-0.006407322654462243
-0.005630833311907027
-0.006283907129817705
-0.0057182526418635745
-0.006345614892139974
-0.005697683387756151
-0.0061707762322268786
-0.005764533463605275
-0.0062427686216028596
-0.00575939115007842
-0.0063044763839251285
-0.005646260252487594
-0.006350757205666829
-0.005877664361196102
-0.0064227495950428095
-0.005666829506595018
-0.006294191756871416
-0.0058468104800349675
-0.006376468773301108
-0.005769675777132132
-0.006391895713881676
-0.00575939115007842
-0.006247910935129715
-0.005697683387756151
-0.006237626308076003
-0.0058416681665081115
-0.006309618697451984
-0.005985652945260073
-0.006222199367495436
-0.005641117938960738
-0.006283907129817705
-0.00575939115007842
-0.006222199367495436
-0.005625690998380172
-0.0061450646645926
-0.005661687193068161
-0.006263337875710283
-0.005815956598873833
-0.006253053248656571
-0.00590337592883038
-0.006325045638032551
-0.005682256447175584
-0.006273622502763993
-0.005769675777132132
-0.006289049443344561
-0.005949656750572082
-0.006227341681022292
-0.00572339495539043
-0.006026791453474918
-0.005646260252487594
-0.006340472578613117
-0.005692541074229296
-0.006283907129817705
-0.005810814285346978
-0.006078214588743476
-0.005682256447175584
-0.006283907129817705
-0.005836525852981256
-0.006114210783431466
-0.005738821895970997
-0.006309618697451984
-0.005764533463605275
-0.006299334070398272
-0.005887948988249813
-0.006340472578613117
-0.005785102717712699
-0.006227341681022292
-0.005831383539454401
-0.006366184146247397
-0.005769675777132132
-0.006186203172807446
-0.005677114133648729
-0.006222199367495436
-0.005743964209497853
-0.00621705705396858
-0.005738821895970997
-0.006268480189237138
-0.005666829506595018
-0.006237626308076003
-0.0059188028694109485
-0.006402180340935386
-0.00565140256601445
-0.0062427686216028596
-0.005749106523024709
-0.006196487799861157
-0.0058416681665081115
-0.006350757205666829
-0.005795387344766411
-0.0061707762322268786
-0.005599979430745892
-0.006227341681022292
-0.0057131103283367185
-0.006397038027408531
-0.005877664361196102
-0.0064330342220965215
-0.005702825701283006
-0.006391895713881676
-0.005795387344766411
-0.006283907129817705
-0.005569125549584758
-0.0063610418327205405
-0.005738821895970997
-0.006402180340935386
-0.005697683387756151
-0.006124495410485178
-0.005548556295477336
-0.006258195562183426
-0.00568739876070244
-0.006294191756871416
-0.005785102717712699
-0.006273622502763993
-0.005677114133648729
-0.00621705705396858
-0.005610264057799604
-0.006206772426914869
-0.005769675777132132
-0.006330187951559407
-0.005764533463605275
-0.006397038027408531
-0.005749106523024709
-0.0061039261563777545
-0.005502275473735634
-0.006355899519193685
-0.0057182526418635745
-0.006319903324505695
-0.005702825701283006
-0.006345614892139974
-0.005769675777132132
-0.0062324839945491475
-0.005738821895970997
-0.006355899519193685
-0.00575939115007842
-0.006196487799861157
-0.0057131103283367185
-0.0063610418327205405
-0.005769675777132132
-0.0062324839945491475
-0.0060319337670017735
-0.006175918545753734
-0.005754248836551565
-0.006438176535623377
-0.0057799604041858434
-0.006314761010978839
-0.005697683387756151
-0.006196487799861157
-0.005805671971820121
-0.006278764816290849
-0.0057902450312395555
-0.0061450646645926
-0.005553698609004191
-0.006309618697451984
-0.005836525852981256
-0.00621705705396858
-0.005635975625433882
-0.006299334070398272
-0.005774818090658987
-0.006191345486334302
-0.005641117938960738
-0.006181060859280591
-0.005635975625433882
-0.006268480189237138
-0.005754248836551565
-0.006227341681022292
-0.005671971820121873
-0.006263337875710283
-0.005862237420615535
-0.006371326459774253
-0.005666829506595018
-0.00621705705396858
-0.005641117938960738
-0.006222199367495436
-0.005697683387756151
-0.0064227495950428095
-0.005677114133648729
-0.006309618697451984
-0.005646260252487594
-0.006134780037538888
-0.0058416681665081115
-0.006186203172807446
-0.00572339495539043
-0.006196487799861157
-0.005707968014809863
-0.006196487799861157
-0.00589309130177667
-0.006350757205666829
-0.005625690998380172
-0.006278764816290849
-0.005682256447175584
-0.0063610418327205405
-0.005769675777132132
-0.006397038027408531
-0.005728537268917287
-0.0063610418327205405
-0.0057799604041858434
-0.006278764816290849
-0.0057799604041858434
-0.006355899519193685
-0.005774818090658987
-0.0062427686216028596
-0.005728537268917287
-0.006417607281515953
-0.005635975625433882
-0.006319903324505695
-0.005666829506595018
-0.006371326459774253
-0.005707968014809863
-0.006278764816290849
-0.005743964209497853
-0.006150206978119456
-0.005692541074229296
-0.006160491605173168
-0.005646260252487594
-0.006186203172807446
-0.005805671971820121
-0.006160491605173168
-0.005810814285346978
-0.006237626308076003
-0.005702825701283006
-0.006165633918700023
-0.005738821895970997
-0.0062324839945491475
-0.005697683387756151
-0.006160491605173168
-0.005677114133648729
-0.006268480189237138
-0.005743964209497853
-0.006273622502763993
-0.005707968014809863
-0.0061450646645926
-0.00575939115007842
-0.006114210783431466
-0.005692541074229296
-0.006160491605173168
-0.005661687193068161
-0.006134780037538888
-0.005682256447175584
-0.006268480189237138
-0.005697683387756151
-0.006258195562183426
-0.0055896948036921815
-0.006273622502763993
-0.005810814285346978
-0.006129637724012033
-0.005733679582444142
-0.006098783842850899
-0.0055845524901653254
-0.006227341681022292
-0.005944514437045226
-0.0061039261563777545
-0.005805671971820121
-0.0062324839945491475
-0.005738821895970997
-0.006186203172807446
-0.005985652945260073
-0.006309618697451984
-0.005661687193068161
-0.006273622502763993
-0.005733679582444142
-0.006186203172807446
-0.005677114133648729
-0.006371326459774253
-0.005641117938960738
-0.0061707762322268786
-0.005923945182937804
-0.006119353096958322
-0.005785102717712699
-0.006376468773301108
-0.005728537268917287
-0.006196487799861157
-0.005749106523024709
-0.006355899519193685
-0.005682256447175584
-0.006165633918700023
-0.005692541074229296
-0.0061707762322268786
-0.005795387344766411
-0.006294191756871416
-0.005872522047669247
-0.00621705705396858
-0.005728537268917287
-0.006391895713881676
-0.0057131103283367185
-0.006402180340935386
-0.005785102717712699
-0.006196487799861157
-0.0057182526418635745
-0.006165633918700023
-0.005671971820121873
-0.006299334070398272
-0.005563983236057903
-0.006273622502763993
-0.005738821895970997
-0.006381611086827964
-0.00568739876070244
-0.006201630113388014
-0.005774818090658987
-0.006129637724012033
-0.0058468104800349675
-0.006134780037538888
-0.0057799604041858434
-0.006314761010978839
-0.005810814285346978
-0.006309618697451984
-0.005743964209497853
-0.006309618697451984
-0.0057799604041858434
-0.006294191756871416
-0.005774818090658987
-0.006350757205666829
-0.005810814285346978
-0.006155349291646311
-0.00575939115007842
-0.0062324839945491475
-0.005831383539454401
-0.006237626308076003
-0.005795387344766411
-0.006381611086827964
-0.005774818090658987
-0.0061707762322268786
-0.005738821895970997
-0.006227341681022292
-0.005743964209497853
-0.0062427686216028596
-0.005800529658293266
-0.006335330265086262
-0.005975368318206361
-0.006283907129817705
-0.0057799604041858434
-0.006222199367495436
-0.005800529658293266
-0.0062427686216028596
-0.005502275473735634
-0.0062324839945491475
-0.005682256447175584
-0.006191345486334302
-0.005949656750572082
-0.006191345486334302
-0.005764533463605275
-0.006191345486334302
-0.005620548684853315
-0.0061707762322268786
-0.005810814285346978
-0.006258195562183426
-0.005805671971820121
-0.0062427686216028596
-0.00565140256601445
-0.006134780037538888
-0.0057182526418635745
-0.006227341681022292
-0.005887948988249813
-0.006283907129817705
-0.005785102717712699
-0.0062427686216028596
-0.005785102717712699
-0.006134780037538888
-0.0057902450312395555
-0.006124495410485178
-0.0055845524901653254
-0.006273622502763993
-0.0057902450312395555
-0.006325045638032551
-0.005738821895970997
-0.00610906846990461
-0.005877664361196102
-0.006222199367495436
-0.00572339495539043
-0.00621705705396858
-0.0058416681665081115
-0.006278764816290849
-0.005800529658293266
-0.006319903324505695
-0.0058468104800349675
-0.006119353096958322
-0.005733679582444142
-0.0062324839945491475
-0.0057182526418635745
-0.006237626308076003
-0.005733679582444142
-0.0061450646645926
-0.005944514437045226
-0.006268480189237138
-0.0058468104800349675
-0.006268480189237138
-0.005692541074229296
-0.006268480189237138
-0.005769675777132132
-0.0064227495950428095
-0.005882806674722958
-0.006376468773301108
-0.00585709510708868
-0.006181060859280591
-0.005774818090658987
-0.006253053248656571
-0.005769675777132132
-0.006407322654462243
-0.005738821895970997
-0.006283907129817705
-0.005677114133648729
-0.006150206978119456
-0.0057902450312395555
-0.006319903324505695
-0.005862237420615535
-0.006335330265086262
-0.00575939115007842
-0.006350757205666829
-0.005795387344766411
-0.006309618697451984
-0.0057799604041858434
-0.006417607281515953
-0.005749106523024709
-0.006273622502763993
-0.005805671971820121
-0.006186203172807446
-0.005800529658293266
-0.006397038027408531
-0.005764533463605275
-0.006376468773301108
-0.0057182526418635745
-0.006268480189237138
-0.005728537268917287
-0.006283907129817705
-0.005795387344766411
-0.006309618697451984
-0.005661687193068161
-0.006289049443344561
-0.005862237420615535
-0.006438176535623377
-0.005872522047669247
-0.006319903324505695
-0.00585709510708868
-0.006114210783431466
-0.005697683387756151
-0.006253053248656571
-0.005774818090658987
-0.0061707762322268786
-0.005764533463605275
-0.006325045638032551
-0.005862237420615535
-0.006119353096958322
-0.00575939115007842
-0.006371326459774253
-0.00561540637132646
-0.006057645334636053
-0.005923945182937804
-0.006299334070398272
-0.005682256447175584
-0.006227341681022292
-0.005877664361196102
-0.00621705705396858
-0.005826241225927544
-0.006201630113388014
-0.0058468104800349675
-0.006222199367495436
-0.005851952793561824
-0.006479315043838222
-0.005836525852981256
-0.006253053248656571
-0.005949656750572082
-0.00621705705396858
-0.005785102717712699
-0.006278764816290849
-0.005646260252487594
-0.005985652945260073
-0.005831383539454401
-0.006438176535623377
-0.005877664361196102
-0.006237626308076003
-0.005785102717712699
-0.006175918545753734
-0.005785102717712699
-0.0063610418327205405
-0.00568739876070244
-0.0062427686216028596
-0.005774818090658987
-0.006237626308076003
-0.005877664361196102
-0.006278764816290849
-0.005800529658293266
-0.006062787648162909
-0.005769675777132132
-0.006258195562183426
-0.005646260252487594
-0.006258195562183426
-0.00585709510708868
-0.006289049443344561
-0.005887948988249813
-0.006345614892139974
-0.005851952793561824
-0.006134780037538888
-0.00572339495539043
-0.006278764816290849
-0.0057131103283367185
-0.006211914740441724
-0.006016506826421207
-0.006227341681022292
-0.005738821895970997
-0.0061707762322268786
-0.005738821895970997
-0.006175918545753734
-0.005764533463605275
-0.00621705705396858
-0.005805671971820121
-0.006201630113388014
-0.00572339495539043
-0.00621705705396858
-0.00572339495539043
-0.0062427686216028596
-0.005836525852981256
-0.006237626308076003
-0.005898233615303525
-0.006268480189237138
-0.00568739876070244
-0.006273622502763993
-0.005821098912400689
-0.006309618697451984
-0.005826241225927544
-0.006273622502763993
-0.005939372123518371
-0.00621705705396858
-0.005872522047669247
-0.00621705705396858
-0.00568739876070244
-0.006139922351065745
-0.005677114133648729
-0.00638675340035482
-0.005826241225927544
-0.006299334070398272
-0.005656544879541306
-0.006237626308076003
-0.005697683387756151
-0.006078214588743476
-0.005671971820121873
-0.006350757205666829
-0.005774818090658987
-0.006181060859280591
-0.005810814285346978
-0.006381611086827964
-0.0057182526418635745
-0.006278764816290849
-0.005826241225927544
-0.006165633918700023
-0.005980510631733217
-0.006150206978119456
-0.005774818090658987
-0.006345614892139974
-0.005826241225927544
-0.006283907129817705
-0.005728537268917287
-0.0062324839945491475
-0.005666829506595018
-0.006263337875710283
-0.005769675777132132
-0.006211914740441724
-0.005749106523024709
-0.006160491605173168
-0.005754248836551565
-0.006253053248656571
-0.005851952793561824
-0.006247910935129715
-0.005661687193068161
-0.006366184146247397
-0.005671971820121873
-0.006175918545753734
-0.005836525852981256
-0.006268480189237138
-0.00565140256601445
-0.006211914740441724
-0.005769675777132132
-0.006402180340935386
-0.005959941377625794
-0.006237626308076003
-0.005630833311907027
-0.006222199367495436
-0.005872522047669247
-0.006247910935129715
-0.0057182526418635745
-0.006165633918700023
-0.005810814285346978
-0.006165633918700023
-0.0057182526418635745
-0.0063044763839251285
-0.005682256447175584
-0.006294191756871416
-0.005677114133648729
-0.006355899519193685
-0.0058416681665081115
-0.006139922351065745
-0.005805671971820121
-0.006175918545753734
-0.0057182526418635745
-0.006278764816290849
-0.005692541074229296
-0.006381611086827964
-0.0057182526418635745
-0.0063610418327205405
-0.00568739876070244
-0.006443318849150232
-0.00575939115007842
-0.006191345486334302
-0.005677114133648729
-0.0063610418327205405
-0.00572339495539043
-0.006191345486334302
-0.00568739876070244
-0.0063610418327205405
-0.005800529658293266
-0.006314761010978839
-0.00586737973414239
-0.0061707762322268786
-0.005728537268917287
-0.0062427686216028596
-0.005682256447175584
-0.006355899519193685
-0.005887948988249813
-0.006273622502763993
-0.0059136605558840925
-0.0062427686216028596
-0.005949656750572082
-0.006093641529324042
-0.005594837117219037
-0.006314761010978839
-0.005733679582444142
-0.0062427686216028596
-0.005682256447175584
-0.006263337875710283
-0.005810814285346978
-0.006345614892139974
-0.005872522047669247
-0.006299334070398272
-0.005851952793561824
-0.006330187951559407
-0.005810814285346978
-0.006201630113388014
-0.005836525852981256
-0.00621705705396858
-0.0057182526418635745
-0.006263337875710283
-0.0057902450312395555
-0.006186203172807446
-0.00572339495539043
-0.006181060859280591
-0.005692541074229296
-0.006345614892139974
-0.0057182526418635745
-0.0064330342220965215
-0.005785102717712699
-0.006211914740441724
-0.005743964209497853
-0.0061450646645926
-0.005769675777132132
-0.006335330265086262
-0.005851952793561824
-0.006175918545753734
-0.00589309130177667
-0.0062427686216028596
-0.00585709510708868
-0.006211914740441724
-0.005754248836551565
-0.006227341681022292
-0.005697683387756151
-0.006253053248656571
-0.0057131103283367185
-0.006165633918700023
-0.005826241225927544
-0.006263337875710283
-0.005851952793561824
-0.006263337875710283
-0.0057131103283367185
-0.006381611086827964
-0.0057182526418635745
-0.006268480189237138
-0.0057182526418635745
-0.006253053248656571
-0.005692541074229296
-0.006181060859280591
-0.005743964209497853
-0.006134780037538888
-0.005800529658293266
-0.006247910935129715
-0.005851952793561824
-0.006227341681022292
-0.005682256447175584
-0.006268480189237138
-0.005749106523024709
-0.0063610418327205405
-0.005754248836551565
-0.006253053248656571
-0.005815956598873833
-0.006150206978119456
-0.00572339495539043
-0.006222199367495436
-0.005677114133648729
-0.006330187951559407
-0.0059702260046795045
-0.006402180340935386
-0.005929087496464659
-0.006206772426914869
-0.005872522047669247
-0.0061450646645926
-0.0057131103283367185
-0.0063044763839251285
-0.005671971820121873
-0.006139922351065745
-0.005682256447175584
-0.006330187951559407
-0.00575939115007842
-0.006237626308076003
-0.005836525852981256
-0.006263337875710283
-0.005882806674722958
-0.00638675340035482
-0.005851952793561824
-0.006273622502763993
-0.005677114133648729
-0.006253053248656571
-0.005754248836551565
-0.006175918545753734
-0.00589309130177667
-0.006253053248656571
-0.005661687193068161
-0.006335330265086262
-0.005625690998380172
-0.006139922351065745
-0.005743964209497853
-0.006278764816290849
-0.005728537268917287
-0.006119353096958322
-0.005872522047669247
-0.006222199367495436
-0.005754248836551565
-0.006294191756871416
-0.0057799604041858434
-0.0062427686216028596
-0.005810814285346978
-0.006417607281515953
-0.005774818090658987
-0.006165633918700023
-0.00575939115007842
-0.006299334070398272
-0.005831383539454401
-0.006381611086827964
-0.0058416681665081115
-0.006325045638032551
-0.005769675777132132
-0.006381611086827964
-0.0057799604041858434
-0.006350757205666829
-0.005831383539454401
-0.006222199367495436
-0.005738821895970997
-0.006391895713881676
-0.005682256447175584
-0.006211914740441724
-0.005815956598873833
-0.006443318849150232
-0.00575939115007842
-0.006330187951559407
-0.005795387344766411
-0.006340472578613117
-0.0057182526418635745
-0.006345614892139974
-0.00590337592883038
-0.006268480189237138
-0.005625690998380172
-0.006191345486334302
-0.005707968014809863
-0.006366184146247397
-0.005641117938960738
-0.006283907129817705
-0.005774818090658987
-0.006175918545753734
-0.0057131103283367185
-0.006206772426914869
-0.005677114133648729
-0.006222199367495436
-0.005682256447175584
-0.006253053248656571
-0.005677114133648729
-0.006134780037538888
-0.005743964209497853
-0.006273622502763993
-0.0059136605558840925
-0.006294191756871416
-0.005800529658293266
-0.006211914740441724
-0.005635975625433882
-0.006407322654462243
-0.005697683387756151
-0.006314761010978839
-0.00585709510708868
-0.006278764816290849
-0.005677114133648729
-0.006150206978119456
-0.005800529658293266
-0.006376468773301108
-0.005769675777132132
-0.0062427686216028596
-0.00586737973414239
-0.006191345486334302
-0.005738821895970997
-0.006325045638032551
-0.005805671971820121
-0.006093641529324042
-0.005821098912400689
-0.006181060859280591
-0.005769675777132132
-0.006124495410485178
-0.005872522047669247
-0.006330187951559407
-0.005733679582444142
-0.0063044763839251285
-0.005862237420615535
-0.006206772426914869
-0.00590337592883038
-0.006309618697451984
-0.00590337592883038
-0.006088499215797187
-0.0054559946519939315
-0.006129637724012033
-0.00565140256601445
-0.006283907129817705
-0.005728537268917287
-0.006222199367495436
-0.005666829506595018
-0.0061707762322268786
-0.00575939115007842
-0.006191345486334302
-0.005795387344766411
-0.006150206978119456
-0.005800529658293266
-0.0063044763839251285
-0.005646260252487594
-0.006309618697451984
-0.005641117938960738
-0.006227341681022292
-0.005795387344766411
-0.006309618697451984
-0.005733679582444142
-0.006227341681022292
-0.0058468104800349675
-0.006263337875710283
-0.0057131103283367185
-0.006340472578613117
-0.005805671971820121
-0.006289049443344561
-0.005821098912400689
-0.006114210783431466
-0.005707968014809863
-0.006222199367495436
-0.0055896948036921815
-0.006350757205666829
-0.0058468104800349675
-0.00621705705396858
-0.0058468104800349675
-0.006278764816290849
-0.005738821895970997
-0.0061450646645926
-0.00586737973414239
-0.006083356902270331
-0.005836525852981256
-0.0062427686216028596
-0.005702825701283006
-0.006155349291646311
-0.00568739876070244
-0.006253053248656571
-0.005795387344766411
-0.006237626308076003
-0.005677114133648729
-0.0062427686216028596
-0.005815956598873833
-0.006196487799861157
-0.005821098912400689
-0.006366184146247397
-0.005872522047669247
-0.006299334070398272
-0.005764533463605275
-0.006474172730311367
-0.0057902450312395555
-0.00610906846990461
-0.005743964209497853
-0.006443318849150232
-0.005821098912400689
-0.006165633918700023
-0.005702825701283006
-0.006155349291646311
-0.00585709510708868
-0.006227341681022292
-0.0058468104800349675
-0.006350757205666829
-0.005702825701283006
-0.006227341681022292
-0.0059188028694109485
-0.006407322654462243
-0.006011364512894351
-0.006165633918700023
-0.005646260252487594
-0.006206772426914869
-0.005821098912400689
-0.00610906846990461
-0.00572339495539043
-0.006258195562183426
-0.005805671971820121
-0.006278764816290849
-0.0057131103283367185
-0.006258195562183426
-0.005785102717712699
-0.006309618697451984
-0.0059188028694109485
-0.006155349291646311
-0.005821098912400689
-0.006186203172807446
-0.005625690998380172
-0.006098783842850899
-0.005862237420615535
-0.0063610418327205405
-0.005553698609004191
-0.006247910935129715
-0.00575939115007842
-0.006263337875710283
-0.005666829506595018
-0.0062427686216028596
-0.005625690998380172
-0.006175918545753734
-0.005666829506595018
-0.006335330265086262
-0.00585709510708868
-0.006201630113388014
-0.0058468104800349675
-0.0062427686216028596
-0.00575939115007842
-0.006289049443344561
-0.00585709510708868
-0.0062324839945491475
-0.005754248836551565
-0.006345614892139974
-0.005785102717712699
-0.006417607281515953
-0.005831383539454401
-0.006227341681022292
-0.0057799604041858434
-0.006345614892139974
-0.005697683387756151
-0.006289049443344561
-0.005733679582444142
-0.006350757205666829
-0.005677114133648729
-0.0062324839945491475
-0.00586737973414239
-0.006124495410485178
-0.00572339495539043
-0.006253053248656571
-0.005754248836551565
-0.0061707762322268786
-0.00568739876070244
-0.006211914740441724
-0.005805671971820121
-0.006299334070398272
-0.005810814285346978
-0.006237626308076003
-0.005754248836551565
-0.006350757205666829
-0.005605121744272749
-0.006206772426914869
-0.005666829506595018
-0.006253053248656571
-0.005707968014809863
-0.006160491605173168
-0.005872522047669247
-0.0061039261563777545
-0.005656544879541306
-0.00638675340035482
-0.0057131103283367185
-0.0062324839945491475
-0.005826241225927544
-0.006273622502763993
-0.005774818090658987
-0.006355899519193685
-0.005697683387756151
-0.0062324839945491475
-0.0057131103283367185
-0.0063044763839251285
-0.005625690998380172
-0.006222199367495436
-0.005769675777132132
-0.006397038027408531
-0.005831383539454401
-0.0063044763839251285
-0.005754248836551565
-0.006201630113388014
-0.005805671971820121
-0.006330187951559407
-0.005795387344766411
-0.006129637724012033
-0.005872522047669247
-0.006191345486334302
-0.005810814285346978
-0.006325045638032551
-0.005815956598873833
-0.006129637724012033
-0.005692541074229296
-0.006247910935129715
-0.005646260252487594
-0.006345614892139974
-0.0058468104800349675
-0.0061707762322268786
-0.005877664361196102
-0.0063044763839251285
-0.00565140256601445
-0.006309618697451984
-0.005707968014809863
-0.006381611086827964
-0.005754248836551565
-0.006155349291646311
-0.005702825701283006
-0.006201630113388014
-0.005990795258786928
-0.0061707762322268786
-0.005815956598873833
-0.006371326459774253
-0.005671971820121873
-0.006469030416784512
-0.00575939115007842
-0.0063044763839251285
-0.005826241225927544
-0.006309618697451984
-0.005764533463605275
-0.0062427686216028596
-0.005862237420615535
-0.006289049443344561
-0.005692541074229296
-0.006330187951559407
-0.005666829506595018
-0.006150206978119456
-0.005764533463605275
-0.0062427686216028596
-0.005749106523024709
-0.006196487799861157
-0.005635975625433882
-0.006273622502763993
-0.00565140256601445
-0.006412464967989098
-0.005697683387756151
-0.006227341681022292
-0.005805671971820121
-0.006237626308076003
-0.005646260252487594
-0.006139922351065745
-0.005821098912400689
-0.006181060859280591
-0.005630833311907027
-0.006196487799861157
-0.0058416681665081115
-0.006268480189237138
-0.0057799604041858434
-0.0064587457897308
-0.005862237420615535
-0.006186203172807446
-0.005774818090658987
-0.006366184146247397
-0.0057799604041858434
-0.006289049443344561
-0.00590337592883038
-0.006155349291646311
-0.005661687193068161
-0.006139922351065745
-0.005641117938960738
-0.0062427686216028596
-0.00572339495539043
-0.006196487799861157
-0.00572339495539043
-0.006237626308076003
-0.005877664361196102
-0.006247910935129715
-0.005785102717712699
-0.006222199367495436
-0.005671971820121873
-0.006175918545753734
-0.005821098912400689
-0.006139922351065745
-0.005738821895970997
-0.006191345486334302
-0.005563983236057903
-0.006124495410485178
-0.005851952793561824
-0.0063610418327205405
-0.005810814285346978
-0.006211914740441724
-0.005826241225927544
-0.006227341681022292
-0.005764533463605275
-0.006253053248656571
-0.00565140256601445
-0.0061450646645926
-0.005821098912400689
-0.0062427686216028596
-0.005671971820121873
-0.006165633918700023
-0.005836525852981256
-0.0060422183940554855
-0.005815956598873833
-0.006355899519193685
-0.00561540637132646
-0.006026791453474918
-0.005635975625433882
-0.006196487799861157
-0.0057902450312395555
-0.006186203172807446
-0.005821098912400689
-0.006129637724012033
-0.005882806674722958
-0.006222199367495436
-0.005707968014809863
-0.006278764816290849
-0.005898233615303525
-0.006181060859280591
-0.005749106523024709
-0.006278764816290849
-0.00585709510708868
-0.00610906846990461
-0.005826241225927544
-0.006294191756871416
-0.005697683387756151
-0.006155349291646311
-0.00590337592883038
-0.006397038027408531
-0.00589309130177667
-0.006098783842850899
-0.00568739876070244
-0.006201630113388014
-0.005692541074229296
-0.006139922351065745
-0.0057182526418635745
-0.00638675340035482
-0.0057131103283367185
-0.006247910935129715
-0.005707968014809863
-0.006227341681022292
-0.0057131103283367185
-0.006201630113388014
-0.005810814285346978
-0.006309618697451984
-0.0057182526418635745
-0.006289049443344561
-0.005805671971820121
-0.006206772426914869
-0.005641117938960738
-0.006119353096958322
-0.0057799604041858434
-0.006134780037538888
-0.005656544879541306
-0.006289049443344561
-0.005821098912400689
-0.0063044763839251285
-0.00585709510708868
-0.006294191756871416
-0.0057131103283367185
-0.006350757205666829
-0.005641117938960738
-0.006237626308076003
-0.005635975625433882
-0.006283907129817705
-0.005810814285346978
-0.006134780037538888
-0.0058468104800349675
-0.0062427686216028596
-0.005754248836551565
-0.006114210783431466
-0.005826241225927544
-0.0062427686216028596
-0.005810814285346978
-0.006191345486334302
-0.005641117938960738
-0.00638675340035482
-0.005898233615303525
-0.006376468773301108
-0.00590337592883038
-0.006299334070398272
-0.005677114133648729
-0.006222199367495436
-0.005800529658293266
-0.006474172730311367
-0.005826241225927544
-0.006191345486334302
-0.0057902450312395555
-0.006376468773301108
-0.0059188028694109485
-0.006206772426914869
-0.0058416681665081115
-0.006258195562183426
-0.005661687193068161
-0.006319903324505695
-0.0057182526418635745
-0.006340472578613117
-0.005677114133648729
-0.006314761010978839
-0.0057799604041858434
-0.006325045638032551
-0.005949656750572082
-0.006330187951559407
-0.005646260252487594
-0.006155349291646311
-0.005661687193068161
-0.006165633918700023
-0.005738821895970997
-0.006191345486334302
-0.005646260252487594
-0.00621705705396858
-0.005882806674722958
-0.006191345486334302
-0.005749106523024709
-0.006093641529324042
-0.005610264057799604
-0.0061450646645926
-0.005697683387756151
-0.006222199367495436
-0.005785102717712699
-0.006376468773301108
-0.005702825701283006
-0.006289049443344561
-0.00568739876070244
-0.0064587457897308
-0.005743964209497853
-0.006078214588743476
-0.005764533463605275
-0.006186203172807446
-0.0057902450312395555
-0.006253053248656571
-0.005682256447175584
-0.006391895713881676
-0.005625690998380172
-0.006412464967989098
-0.00572339495539043
-0.00610906846990461
-0.005563983236057903
-0.006186203172807446
-0.0059085182423572365
-0.006376468773301108
-0.005795387344766411
-0.006222199367495436
-0.005743964209497853
-0.006355899519193685
-0.005733679582444142
-0.006129637724012033
-0.005625690998380172
-0.006330187951559407
-0.005836525852981256
-0.006134780037538888
-0.005805671971820121
-0.0061450646645926
-0.005697683387756151
-0.006325045638032551
-0.005749106523024709
-0.006314761010978839
-0.0057799604041858434
-0.006196487799861157
-0.005738821895970997
-0.006201630113388014
-0.005805671971820121
-0.006078214588743476
-0.005707968014809863
-0.0062427686216028596
-0.005738821895970997
-0.006206772426914869
-0.005872522047669247
-0.006129637724012033
-0.00568739876070244
-0.006227341681022292
-0.005810814285346978
-0.005975368318206361
-0.005702825701283006
-0.006366184146247397
-0.005728537268917287
-0.006160491605173168
-0.0058416681665081115
-0.006196487799861157
-0.005733679582444142
-0.006438176535623377
-0.005821098912400689
-0.006211914740441724
-0.005646260252487594
-0.006206772426914869
-0.005774818090658987
-0.006165633918700023
-0.005800529658293266
-0.006222199367495436
-0.005836525852981256
-0.0062324839945491475
-0.0058468104800349675
-0.006078214588743476
-0.005743964209497853
-0.0061707762322268786
-0.00565140256601445
-0.006330187951559407
-0.005923945182937804
-0.006186203172807446
-0.005661687193068161
-0.006114210783431466
-0.0059188028694109485
-0.006299334070398272
-0.005805671971820121
-0.006371326459774253
-0.00572339495539043
-0.006083356902270331
-0.005671971820121873
-0.006139922351065745
-0.005702825701283006
-0.006150206978119456
-0.005733679582444142
-0.006222199367495436
-0.005862237420615535
-0.006381611086827964
-0.005810814285346978
-0.006206772426914869
-0.005743964209497853
-0.006129637724012033
-0.00565140256601445
-0.006083356902270331
-0.0059085182423572365
-0.006175918545753734
-0.0057182526418635745
-0.006160491605173168
-0.005692541074229296
-0.006155349291646311
-0.005702825701283006
-0.006083356902270331
-0.005774818090658987
-0.0062427686216028596
-0.005769675777132132
-0.006150206978119456
-0.005785102717712699
-0.006150206978119456
-0.005738821895970997
-0.006150206978119456
-0.005929087496464659
-0.006268480189237138
-0.00586737973414239
-0.006201630113388014
-0.005630833311907027
-0.006268480189237138
-0.0057131103283367185
-0.006160491605173168
-0.005661687193068161
-0.006160491605173168
-0.00568739876070244
-0.006309618697451984
-0.00585709510708868
-0.006155349291646311
-0.005785102717712699
-0.006289049443344561
-0.005661687193068161
-0.006134780037538888
-0.005754248836551565
-0.006273622502763993
-0.005677114133648729
-0.006227341681022292
-0.00568739876070244
-0.006093641529324042
-0.005923945182937804
-0.006114210783431466
-0.005707968014809863
-0.006165633918700023
-0.005682256447175584
-0.006088499215797187
-0.005579410176638469
-0.006335330265086262
-0.005682256447175584
-0.006273622502763993
-0.005671971820121873
-0.006098783842850899
-0.005661687193068161
-0.006196487799861157
-0.005733679582444142
-0.006181060859280591
-0.005795387344766411
-0.00621705705396858
-0.0057131103283367185
-0.006196487799861157
-0.0057182526418635745
-0.006299334070398272
-0.0057131103283367185
-0.006273622502763993
-0.005754248836551565
-0.006294191756871416
-0.005764533463605275
-0.00610906846990461
-0.005702825701283006
-0.006078214588743476
-0.005738821895970997
-0.006201630113388014
-0.00575939115007842
-0.006283907129817705
-0.005821098912400689
-0.006083356902270331
-0.005754248836551565
-0.006247910935129715
-0.005733679582444142
-0.006268480189237138
-0.005949656750572082
-0.0062324839945491475
-0.005677114133648729
-0.0064227495950428095
-0.005769675777132132
-0.0062324839945491475
-0.005764533463605275
-0.006273622502763993
-0.005728537268917287
-0.006289049443344561
-0.005733679582444142
-0.006479315043838222
-0.0057131103283367185
-0.006335330265086262
-0.00590337592883038
-0.006181060859280591
-0.005728537268917287
-0.006355899519193685
-0.005898233615303525
-0.006258195562183426
-0.005821098912400689
-0.0063044763839251285
-0.0057799604041858434
-0.006299334070398272
-0.0055896948036921815
-0.006067929961689764
-0.0057799604041858434
-0.006201630113388014
-0.005774818090658987
-0.006186203172807446
-0.0058468104800349675
-0.006283907129817705
-0.005831383539454401
-0.006206772426914869
-0.005671971820121873
-0.006134780037538888
-0.005774818090658987
-0.006340472578613117
-0.005692541074229296
-0.006314761010978839
-0.0058416681665081115
-0.006150206978119456
-0.005738821895970997
-0.00621705705396858
-0.005733679582444142
-0.006222199367495436
-0.0057799604041858434
-0.006371326459774253
-0.0057902450312395555
-0.006273622502763993
-0.005707968014809863
-0.006294191756871416
-0.005743964209497853
-0.006201630113388014
-0.0057182526418635745
-0.006268480189237138
-0.0057131103283367185
-0.0061707762322268786
-0.0057902450312395555
-0.006139922351065745
-0.005671971820121873
-0.006289049443344561
-0.005862237420615535
-0.006510168924999358
-0.005733679582444142
-0.006258195562183426
-0.005707968014809863
-0.006299334070398272
-0.005923945182937804
-0.006211914740441724
-0.005836525852981256
-0.0064330342220965215
-0.005764533463605275
-0.006201630113388014
-0.005692541074229296
-0.0061707762322268786
-0.005707968014809863
-0.006253053248656571
-0.00589309130177667
-0.006175918545753734
-0.005620548684853315
-0.006345614892139974
-0.005821098912400689
-0.006319903324505695
-0.005872522047669247
-0.006165633918700023
-0.005877664361196102
-0.006253053248656571
-0.0058468104800349675
-0.006253053248656571
-0.005743964209497853
-0.006258195562183426
-0.005810814285346978
-0.006098783842850899
-0.0057182526418635745
-0.006314761010978839
-0.0057182526418635745
-0.006165633918700023
-0.005666829506595018
-0.006150206978119456
-0.005754248836551565
-0.006247910935129715
-0.0057131103283367185
-0.006330187951559407
-0.005800529658293266
-0.006314761010978839
-0.005815956598873833
-0.006453603476203944
-0.005800529658293266
-0.006211914740441724
-0.005738821895970997
-0.006196487799861157
-0.005671971820121873
-0.00621705705396858
-0.005851952793561824
-0.006119353096958322
-0.00572339495539043
-0.006165633918700023
-0.0057902450312395555
-0.006314761010978839
-0.005743964209497853
-0.006181060859280591
-0.00586737973414239
-0.006278764816290849
-0.0057902450312395555
-0.0061707762322268786
-0.00572339495539043
-0.006026791453474918
-0.005810814285346978
-0.006165633918700023
-0.005697683387756151
-0.006155349291646311
-0.005697683387756151
-0.006237626308076003
-0.00568739876070244
-0.0061039261563777545
-0.005826241225927544
-0.006355899519193685
-0.0057182526418635745
-0.006088499215797187
-0.005738821895970997
-0.006268480189237138
-0.0057902450312395555
-0.006283907129817705
-0.005872522047669247
-0.00621705705396858
-0.005877664361196102
-0.006129637724012033
-0.005682256447175584
-0.006088499215797187
-0.005872522047669247
-0.006191345486334302
-0.0059188028694109485
-0.006150206978119456
-0.0057902450312395555
-0.0061039261563777545
-0.005774818090658987
-0.006175918545753734
-0.005635975625433882
-0.006129637724012033
-0.005769675777132132
-0.006222199367495436
-0.005749106523024709
-0.006273622502763993
-0.0057131103283367185
-0.006093641529324042
-0.00568739876070244
-0.006366184146247397
-0.00572339495539043
-0.0062324839945491475
-0.005805671971820121
-0.006258195562183426
-0.005810814285346978
-0.006181060859280591
-0.0057131103283367185
-0.0063044763839251285
-0.0059085182423572365
-0.006227341681022292
-0.0058416681665081115
-0.006155349291646311
-0.005795387344766411
-0.006139922351065745
-0.00568739876070244
-0.0063610418327205405
-0.005785102717712699
-0.006160491605173168
-0.005785102717712699
-0.0062324839945491475
-0.005743964209497853
-0.006119353096958322
-0.005641117938960738
-0.006227341681022292
-0.005754248836551565
-0.006376468773301108
-0.005785102717712699
-0.0061707762322268786
-0.0057182526418635745
-0.006181060859280591
-0.00585709510708868
-0.006155349291646311
-0.005821098912400689
-0.006119353096958322
-0.005697683387756151
-0.006263337875710283
-0.005677114133648729
-0.0062324839945491475
-0.005692541074229296
-0.006119353096958322
-0.005764533463605275
-0.006268480189237138
-0.005815956598873833
-0.006247910935129715
-0.00572339495539043
-0.006247910935129715
-0.005702825701283006
-0.006196487799861157
-0.005815956598873833
-0.006319903324505695
-0.005749106523024709
-0.006191345486334302
-0.005800529658293266
-0.006124495410485178
-0.005697683387756151
-0.00621705705396858
-0.005769675777132132
-0.006227341681022292
-0.005646260252487594
-0.006247910935129715
-0.00568739876070244
-0.006165633918700023
-0.005697683387756151
-0.006294191756871416
-0.005635975625433882
-0.006191345486334302
-0.005733679582444142
-0.006330187951559407
-0.005656544879541306
-0.006412464967989098
-0.0057799604041858434
-0.006319903324505695
-0.005810814285346978
-0.006129637724012033
-0.0057131103283367185
-0.006268480189237138
-0.005641117938960738
-0.006268480189237138
-0.005872522047669247
-0.006474172730311367
-0.0059188028694109485
-0.0063610418327205405
-0.005785102717712699
-0.0063044763839251285
-0.005738821895970997
-0.00621705705396858
-0.0057131103283367185
-0.006325045638032551
-0.00585709510708868
-0.006268480189237138
-0.00589309130177667
-0.006299334070398272
-0.005605121744272749
-0.006160491605173168
-0.005764533463605275
-0.006227341681022292
-0.0059085182423572365
-0.006258195562183426
-0.005661687193068161
-0.006026791453474918
-0.00586737973414239
-0.006253053248656571
-0.005862237420615535
-0.006314761010978839
-0.005671971820121873
-0.006289049443344561
-0.005671971820121873
-0.006258195562183426
-0.005774818090658987
-0.006263337875710283
-0.005656544879541306
-0.006181060859280591
-0.005810814285346978
-0.00610906846990461
-0.0058468104800349675
-0.006289049443344561
-0.005810814285346978
-0.006237626308076003
-0.005805671971820121
-0.0062324839945491475
-0.005795387344766411
-0.006186203172807446
-0.005738821895970997
-0.0061707762322268786
-0.0058468104800349675
-0.0063610418327205405
-0.00575939115007842
-0.006289049443344561
-0.005800529658293266
-0.006196487799861157
-0.005800529658293266
-0.006278764816290849
-0.005800529658293266
-0.006093641529324042
-0.005707968014809863
-0.006314761010978839
-0.005923945182937804
-0.0063044763839251285
-0.00568739876070244
-0.006319903324505695
-0.005682256447175584
-0.006088499215797187
-0.005697683387756151
-0.006129637724012033
-0.0057799604041858434
-0.006294191756871416
-0.005697683387756151
-0.006160491605173168
-0.005677114133648729
-0.006268480189237138
-0.005641117938960738
-0.006191345486334302
-0.005702825701283006
-0.006201630113388014
-0.005774818090658987
-0.006381611086827964
-0.005821098912400689
-0.0061450646645926
-0.005702825701283006
-0.006083356902270331
-0.00589309130177667
-0.006119353096958322
-0.005826241225927544
-0.006119353096958322
-0.005610264057799604
-0.006186203172807446
-0.005800529658293266
-0.0061707762322268786
-0.005702825701283006
-0.006222199367495436
-0.0058416681665081115
-0.006181060859280591
-0.00590337592883038
-0.00621705705396858
-0.005795387344766411
-0.006268480189237138
-0.005702825701283006
-0.006330187951559407
-0.005692541074229296
-0.006289049443344561
-0.005646260252487594
-0.00621705705396858
-0.005851952793561824
-0.006129637724012033
-0.005882806674722958
-0.006206772426914869
-0.005800529658293266
-0.006191345486334302
-0.005774818090658987
-0.006093641529324042
-0.005666829506595018
-0.006402180340935386
-0.0057131103283367185
-0.006078214588743476
-0.00568739876070244
-0.006273622502763993
-0.005605121744272749
-0.0062324839945491475
-0.005625690998380172
-0.006350757205666829
-0.005872522047669247
-0.006273622502763993
-0.005646260252487594
-0.006278764816290849
-0.005656544879541306
-0.006381611086827964
-0.005728537268917287
-0.006129637724012033
-0.005594837117219037
-0.006319903324505695
-0.0058416681665081115
-0.006314761010978839
-0.005661687193068161
-0.00621705705396858
-0.0057182526418635745
-0.006222199367495436
-0.005769675777132132
-0.006129637724012033
-0.005785102717712699
-0.006283907129817705
-0.00568739876070244
-0.006273622502763993
-0.0059702260046795045
-0.006155349291646311
-0.005661687193068161
-0.00610906846990461
-0.00586737973414239
-0.006273622502763993
-0.0058468104800349675
-0.006314761010978839
-0.005738821895970997
-0.006314761010978839
-0.005749106523024709
-0.006093641529324042
-0.005599979430745892
-0.006186203172807446
-0.005579410176638469
-0.006314761010978839
-0.0057131103283367185
-0.006247910935129715
-0.005851952793561824
-0.006314761010978839
-0.00575939115007842
-0.006150206978119456
-0.0057182526418635745
-0.0062427686216028596
-0.005692541074229296
-0.0062427686216028596
-0.005821098912400689
-0.006206772426914869
-0.005733679582444142
-0.006155349291646311
-0.0059136605558840925
-0.006345614892139974
-0.00568739876070244
-0.006309618697451984
-0.005795387344766411
-0.006175918545753734
-0.005733679582444142
-0.006325045638032551
-0.005605121744272749
-0.006150206978119456
-0.00568739876070244
-0.006299334070398272
-0.005754248836551565
-0.006289049443344561
-0.005728537268917287
-0.006201630113388014
-0.005656544879541306
-0.0062324839945491475
-0.005769675777132132
-0.0063610418327205405
-0.005836525852981256
-0.006083356902270331
-0.005764533463605275
-0.006201630113388014
-0.005692541074229296
-0.006227341681022292
-0.005656544879541306
-0.006222199367495436
-0.00554341398195048
-0.006165633918700023
-0.0057182526418635745
-0.006227341681022292
-0.0057902450312395555
-0.006186203172807446
-0.005666829506595018
-0.006355899519193685
-0.005810814285346978
-0.006196487799861157
-0.00586737973414239
-0.006201630113388014
-0.0057799604041858434
-0.006340472578613117
-0.005743964209497853
-0.006289049443344561
-0.0055896948036921815
-0.006268480189237138
-0.005682256447175584
-0.006253053248656571
-0.005656544879541306
-0.006206772426914869
-0.005810814285346978
-0.006268480189237138
-0.005682256447175584
-0.006175918545753734
-0.00575939115007842
-0.006206772426914869
-0.00572339495539043
-0.006211914740441724
-0.005738821895970997
-0.0063044763839251285
-0.005749106523024709
-0.0062427686216028596
-0.0055845524901653254
-0.006340472578613117
-0.005831383539454401
-0.006155349291646311
-0.005815956598873833
-0.0062324839945491475
-0.005800529658293266
-0.006237626308076003
-0.005738821895970997
-0.006114210783431466
-0.005733679582444142
-0.006371326459774253
-0.005764533463605275
-0.006181060859280591
-0.0058416681665081115
-0.006350757205666829
-0.005697683387756151
-0.006294191756871416
-0.005764533463605275
-0.0061707762322268786
-0.005810814285346978
-0.006196487799861157
-0.005743964209497853
-0.0061707762322268786
-0.005785102717712699
-0.006114210783431466
-0.005743964209497853
-0.0062324839945491475
-0.0057131103283367185
-0.00621705705396858
-0.005697683387756151
-0.006263337875710283
-0.005671971820121873
-0.006114210783431466
-0.005738821895970997
-0.006175918545753734
-0.00568739876070244
-0.006129637724012033
-0.005821098912400689
-0.006093641529324042
-0.005805671971820121
-0.0061707762322268786
-0.005646260252487594
-0.006057645334636053
-0.005821098912400689
-0.006227341681022292
-0.005677114133648729
-0.0064227495950428095
-0.00572339495539043
-0.006345614892139974
-0.005697683387756151
-0.006294191756871416
-0.005754248836551565
-0.006211914740441724
-0.005728537268917287
-0.006196487799861157
-0.005569125549584758
-0.006247910935129715
-0.0057902450312395555
-0.006150206978119456
-0.00575939115007842
-0.006330187951559407
-0.005785102717712699
-0.006206772426914869
-0.005661687193068161
-0.006253053248656571
-0.005749106523024709
-0.006124495410485178
-0.005975368318206361
-0.0062427686216028596
-0.005677114133648729
-0.006211914740441724
-0.0057182526418635745
-0.00621705705396858
-0.005743964209497853
-0.006258195562183426
-0.005702825701283006
-0.006268480189237138
-0.005877664361196102
-0.006314761010978839
-0.005677114133648729
-0.006273622502763993
-0.005635975625433882
-0.006139922351065745
-0.005815956598873833
-0.006350757205666829
-0.00590337592883038
-0.006294191756871416
-0.005743964209497853
-0.006165633918700023
-0.005677114133648729
-0.006237626308076003
-0.005512560100789345
-0.005990795258786928
-0.005785102717712699
-0.006294191756871416
-0.0058416681665081115
-0.006299334070398272
-0.005826241225927544
-0.006165633918700023
-0.005795387344766411
-0.006258195562183426
-0.005851952793561824
-0.006196487799861157
-0.00575939115007842
-0.006201630113388014
-0.005641117938960738
-0.006258195562183426
-0.005738821895970997
-0.006134780037538888
-0.005872522047669247
-0.00610906846990461
-0.005774818090658987
-0.006314761010978839
-0.005661687193068161
-0.006263337875710283
-0.0057131103283367185
-0.006407322654462243
-0.0058416681665081115
-0.006227341681022292
-0.005733679582444142
-0.006350757205666829
-0.005785102717712699
-0.006253053248656571
-0.0058468104800349675
-0.006237626308076003
-0.005610264057799604
-0.006222199367495436
-0.005733679582444142
-0.006268480189237138
-0.005620548684853315
-0.006314761010978839
-0.005702825701283006
-0.006211914740441724
-0.00568739876070244
-0.006355899519193685
-0.005697683387756151
-0.006253053248656571
-0.005764533463605275
-0.006227341681022292
-0.005738821895970997
-0.006407322654462243
-0.005671971820121873
-0.006258195562183426
-0.0057131103283367185
-0.006222199367495436
-0.005795387344766411
-0.006330187951559407
-0.005738821895970997
-0.006417607281515953
-0.005610264057799604
-0.006222199367495436
-0.005800529658293266
-0.006196487799861157
-0.00568739876070244
-0.006237626308076003
-0.005682256447175584
-0.006335330265086262
-0.005929087496464659
-0.006278764816290849
-0.005641117938960738
-0.006160491605173168
-0.005538271668423624
-0.006237626308076003
-0.005826241225927544
-0.006268480189237138
-0.005671971820121873
-0.00621705705396858
-0.0057799604041858434
-0.006211914740441724
-0.005646260252487594
-0.00621705705396858
-0.005769675777132132
-0.006222199367495436
-0.005728537268917287
-0.006222199367495436
-0.005620548684853315
-0.006139922351065745
-0.005815956598873833
-0.006237626308076003
-0.005682256447175584
-0.006345614892139974
-0.0055896948036921815
-0.006278764816290849
-0.005682256447175584
-0.006283907129817705
-0.00586737973414239
-0.006155349291646311
-0.005682256447175584
-0.006206772426914869
-0.005738821895970997
-0.0062324839945491475
-0.00572339495539043
-0.006330187951559407
-0.005795387344766411
-0.006201630113388014
-0.00575939115007842
-0.006211914740441724
-0.005826241225927544
-0.0063044763839251285
-0.0058468104800349675
-0.006206772426914869
-0.005569125549584758
-0.006330187951559407
-0.0057131103283367185
-0.006283907129817705
-0.00575939115007842
-0.006350757205666829
-0.0057902450312395555
-0.006273622502763993
-0.005569125549584758
-0.0063044763839251285
-0.005697683387756151
-0.0063044763839251285
-0.005831383539454401
-0.006196487799861157
-0.005733679582444142
-0.006263337875710283
-0.00575939115007842
-0.0064278919085696655
-0.005800529658293266
-0.0063044763839251285
-0.005821098912400689
-0.006155349291646311
-0.005671971820121873
-0.006227341681022292
-0.005610264057799604
-0.006227341681022292
-0.005898233615303525
-0.006222199367495436
-0.00565140256601445
-0.006186203172807446
-0.005682256447175584
-0.006263337875710283
-0.005697683387756151
-0.006211914740441724
-0.005697683387756151
-0.0062427686216028596
-0.005810814285346978
-0.00600107988584064
-0.0057182526418635745
-0.0063044763839251285
-0.00544571002494022
-0.004756640012341553
-0.0009050471807266089
-0.000287969557503921
0.0005656544879541305
0.00021083485460108502
0.0007147815802329468
-5.142313526855732e-05
0.0008536240454580516
5.142313526855732e-05
0.0007044969531792353
4.1138508214845856e-05
0.0009153318077803203
8.227701642969171e-05
0.0007353508343403698
-1.5426940580567196e-05
0.00080734322371635
0.00011313089759082611
0.0009101894942534646
-0.00010284627053711464
0.0007559200884477926
0.00011827321111768185
0.0010284627053711464
0.00010798858406397038
0.0009256164348340318
9.256164348340318e-05
0.0009153318077803203
-0.00012341552464453757
0.000863908672511763
2.571156763427866e-05
0.0008484817319311958
4.1138508214845856e-05
0.001054174273005425
0.00012341552464453757
0.0009770395701025891
0.00013884246522510477
0.0008844779266191859
7.199238937598025e-05
0.000941043375414599
4.628082174170159e-05
0.0008022009101894942
9.256164348340318e-05
0.0008227701642969171
6.170776232226878e-05
0.0006839276990718123
0.0001594117193325277
0.0007559200884477926
9.770395701025892e-05
0.0006736430720181009
6.170776232226878e-05
0.0008381971048774844
0.00011313089759082611
0.0007610624019746484
6.170776232226878e-05
0.0010027511377368678
-7.199238937598025e-05
0.0010387473324248578
0.0001748386599130949
0.0009256164348340318
5.6565448795413055e-05
0.0008022009101894942
6.170776232226878e-05
0.0005862237420615535
-7.713470290283599e-05
0.0008330547913506286
0.0001748386599130949
0.0007662047155015041
-4.628082174170159e-05
0.0008844779266191859
0.00013884246522510477
0.000863908672511763
-3.085388116113439e-05
0.0008022009101894942
0.0001439847787519605
0.0008330547913506286
1.5426940580567196e-05
0.0008433394184043401
5.142313526855732e-06
0.0008227701642969171
0.00011313089759082611
0.0008022009101894942
0.00013370015169824904
0.0007919162831357828
7.713470290283599e-05
0.0009153318077803203
2.0569254107422928e-05
0.0007713470290283598
2.571156763427866e-05
0.0008433394184043401
0.00016969634638623916
0.0008279124778237729
0.0001594117193325277
0.00080734322371635
0.00022626179518165222
0.0008690509860386187
0.00012341552464453757
0.0007559200884477926
0.0001285578381713933
0.0007507777749209369
-2.571156763427866e-05
0.0009770395701025891
0.00012341552464453757
0.000941043375414599
9.256164348340318e-05
0.0007353508343403698
8.227701642969171e-05
0.0007816316560820713
6.170776232226878e-05
0.0007662047155015041
0.00015426940580567198
0.0008279124778237729
5.142313526855732e-06
0.0006582161314375337
8.227701642969171e-05
0.0009564703159951662
-6.170776232226878e-05
0.0007353508343403698
8.741932995654745e-05
0.0009513280024683105
3.085388116113439e-05
0.0008793356130923302
0.00011313089759082611
0.0008484817319311958
0.0
0.0009050471807266089
8.741932995654745e-05
0.0008279124778237729
0.00013370015169824904
0.001018178078317435
-0.0001748386599130949
0.0009050471807266089
3.085388116113439e-05
0.0006736430720181009
-8.741932995654745e-05
0.0006427891908569666
1.0284627053711464e-05
0.0006993546396523796
2.571156763427866e-05
0.0007302085208135139
-5.6565448795413055e-05
0.0006736430720181009
3.599619468799013e-05
0.0006582161314375337
-3.599619468799013e-05
0.0007662047155015041
0.0003033964980844882
0.0007919162831357828
6.685007584912452e-05
0.0007507777749209369
-2.571156763427866e-05
0.0007610624019746484
-4.1138508214845856e-05
0.0007764893425552155
-5.142313526855732e-06
0.0005913660555884092
0.00024168873576221943
0.0007816316560820713
5.142313526855732e-05
0.0008124855372432057
0.00019540791402051784
0.0007404931478672255
6.685007584912452e-05
0.0007764893425552155
0.0001285578381713933
0.0007816316560820713
0.00010798858406397038
0.0006633584449643895
4.1138508214845856e-05
0.0007404931478672255
2.571156763427866e-05
0.0007764893425552155
-1.5426940580567196e-05
0.0007816316560820713
0.00013370015169824904
0.0006736430720181009
1.5426940580567196e-05
0.0007456354613940812
7.713470290283599e-05
0.0006942123261255239
8.741932995654745e-05
0.0006839276990718123
7.713470290283599e-05
0.0006993546396523796
7.199238937598025e-05
0.0006787853855449566
0.00013370015169824904
0.0006067929961689764
8.741932995654745e-05
0.0008536240454580516
0.00022111948165479649
0.0007662047155015041
0.0002571156763427866
0.0007713470290283598
6.170776232226878e-05
0.0008381971048774844
-3.085388116113439e-05
0.0007199238937598025
9.770395701025892e-05
0.0007919162831357828
0.00014912709227881624
0.0007199238937598025
-0.00010798858406397038
0.0006273622502763993
8.227701642969171e-05
0.0005553698609004191
0.0
0.0008176278507700614
0.00016969634638623916
0.0007353508343403698
0.00014912709227881624
0.0008896202401460417
0.0001439847787519605
0.0006890700125986682
9.770395701025892e-05
0.0009307587483608875
1.0284627053711464e-05
0.0007044969531792353
0.00012341552464453757
0.0008022009101894942
-3.085388116113439e-05
0.0006890700125986682
-0.00020055022754737354
0.0007250662072866582
8.741932995654745e-05
0.0007404931478672255
4.628082174170159e-05
0.0008536240454580516
0.00017998097343995063
0.0009718972565757334
-2.571156763427866e-05
0.000863908672511763
1.0284627053711464e-05
0.0007919162831357828
1.0284627053711464e-05
0.0007713470290283598
-5.142313526855732e-05
0.0007096392667060911
4.628082174170159e-05
0.0006582161314375337
0.00017998097343995063
0.0007559200884477926
0.00010284627053711464
0.0009667549430488777
0.0003188234386650554
0.0007456354613940812
0.00020569254107422928
0.0007610624019746484
9.256164348340318e-05
0.0010850281541665595
8.741932995654745e-05
0.000786773969608927
0.00010798858406397038
0.0007919162831357828
8.227701642969171e-05
0.0008896202401460417
3.599619468799013e-05
0.0007199238937598025
0.00011313089759082611
0.0007096392667060911
-8.741932995654745e-05
0.0006582161314375337
6.685007584912452e-05
0.0006993546396523796
-4.1138508214845856e-05
0.0008536240454580516
0.00010284627053711464
0.0007250662072866582
-4.1138508214845856e-05
0.0008022009101894942
6.685007584912452e-05
0.0007147815802329468
8.227701642969171e-05
0.00080734322371635
-1.5426940580567196e-05
0.0007919162831357828
9.770395701025892e-05
0.0007713470290283598
1.0284627053711464e-05
0.0006993546396523796
-2.571156763427866e-05
0.0008999048671997532
1.5426940580567196e-05
0.0007456354613940812
4.1138508214845856e-05
0.0006736430720181009
3.085388116113439e-05
0.0006942123261255239
-3.085388116113439e-05
0.0011158820353276938
0.00010798858406397038
0.0007970585966626385
-1.0284627053711464e-05
0.0007096392667060911
2.571156763427866e-05
0.0008433394184043401
7.199238937598025e-05
0.0007610624019746484
1.0284627053711464e-05
0.0007919162831357828
-0.00011827321111768185
0.0008124855372432057
7.199238937598025e-05
0.0007404931478672255
9.770395701025892e-05
0.0007250662072866582
5.142313526855732e-06
0.0008279124778237729
4.1138508214845856e-05
0.0008587663589849073
4.628082174170159e-05
0.0007919162831357828
5.142313526855732e-05
0.0007662047155015041
-8.227701642969171e-05
0.0008844779266191859
-0.0001594117193325277
0.0006839276990718123
1.5426940580567196e-05
0.0007147815802329468
-0.00022626179518165222
0.0008999048671997532
-2.571156763427866e-05
0.0009359010618877432
-0.00013370015169824904
0.0006376468773301108
2.0569254107422928e-05
0.000653073817910678
5.6565448795413055e-05
0.0007764893425552155
-0.0001285578381713933
0.0007610624019746484
3.599619468799013e-05
0.0008587663589849073
0.00010798858406397038
0.0006993546396523796
1.0284627053711464e-05
0.0008536240454580516
-0.00011313089759082611
0.0008176278507700614
-8.227701642969171e-05
0.0006067929961689764
-7.199238937598025e-05
0.0006890700125986682
-0.00016969634638623916
0.0006479315043838223
0.0002365464222353637
0.0008022009101894942
-2.0569254107422928e-05
0.0007044969531792353
-3.085388116113439e-05
0.0009256164348340318
-2.0569254107422928e-05
0.0006685007584912452
0.00011827321111768185
0.0007404931478672255
3.085388116113439e-05
0.0007044969531792353
7.713470290283599e-05
0.0005553698609004191
-8.227701642969171e-05
0.0008227701642969171
-5.142313526855732e-05
0.0008022009101894942
-5.142313526855732e-06
0.0007199238937598025
3.599619468799013e-05
0.0006067929961689764
9.770395701025892e-05
0.0009204741213071761
9.770395701025892e-05
0.0006993546396523796
3.085388116113439e-05
0.0006633584449643895
0.00011827321111768185
0.0007456354613940812
2.0569254107422928e-05
0.0007713470290283598
3.085388116113439e-05
0.0006582161314375337
-6.685007584912452e-05
0.0007456354613940812
0.00023140410870850796
0.0006427891908569666
8.741932995654745e-05
0.0008433394184043401
5.142313526855732e-06
0.0006736430720181009
4.628082174170159e-05
0.0007559200884477926
5.142313526855732e-06
0.0007662047155015041
0.00014912709227881624
0.0008587663589849073
0.00014912709227881624
0.0008484817319311958
0.0
0.0008124855372432057
-5.6565448795413055e-05
0.0007147815802329468
0.00018512328696680637
0.0008330547913506286
1.5426940580567196e-05
0.0007353508343403698
-3.085388116113439e-05
0.0006376468773301108
5.142313526855732e-06
0.0005502275473735634
2.0569254107422928e-05
0.0007250662072866582
0.00011313089759082611
0.0008690509860386187
-0.00013884246522510477
0.0007919162831357828
1.0284627053711464e-05
0.0007919162831357828
-0.00013370015169824904
0.0005605121744272748
0.00015426940580567198
0.0007353508343403698
-8.227701642969171e-05
0.0005193736662124289
0.0
0.0008330547913506286
3.085388116113439e-05
0.0008176278507700614
7.713470290283599e-05
0.0008690509860386187
8.227701642969171e-05
0.0008227701642969171
0.00010798858406397038
0.0008484817319311958
5.142313526855732e-05
0.0009256164348340318
8.227701642969171e-05
0.0008484817319311958
5.6565448795413055e-05
0.0006222199367495436
5.6565448795413055e-05
0.0007919162831357828
-4.1138508214845856e-05
0.0007456354613940812
6.170776232226878e-05
0.0007507777749209369
-9.770395701025892e-05
0.0007610624019746484
4.628082174170159e-05
0.0007919162831357828
1.5426940580567196e-05
0.0006942123261255239
-6.685007584912452e-05
0.0008227701642969171
6.685007584912452e-05
0.0006839276990718123
2.0569254107422928e-05
0.0007713470290283598
-0.00013370015169824904
0.0007147815802329468
-5.6565448795413055e-05
0.0006582161314375337
-4.628082174170159e-05
0.000653073817910678
5.142313526855732e-05
0.0007044969531792353
-4.1138508214845856e-05
0.0006170776232226879
6.170776232226878e-05
0.0007507777749209369
3.085388116113439e-05
0.0006736430720181009
2.571156763427866e-05
0.0007764893425552155
5.6565448795413055e-05
0.0008227701642969171
-9.256164348340318e-05
0.0007764893425552155
2.571156763427866e-05
0.0008124855372432057
0.0001439847787519605
0.0007199238937598025
9.256164348340318e-05
0.0007713470290283598
0.00022626179518165222
0.0007456354613940812
4.1138508214845856e-05
0.000786773969608927
2.571156763427866e-05
0.0006273622502763993
0.00016455403285938342
0.0007250662072866582
-2.0569254107422928e-05
0.0009050471807266089
9.770395701025892e-05
0.0007404931478672255
-7.199238937598025e-05
0.0007404931478672255
9.256164348340318e-05
0.000653073817910678
9.256164348340318e-05
0.0007353508343403698
7.713470290283599e-05
0.0009153318077803203
0.0001748386599130949
0.0007250662072866582
0.00011313089759082611
0.0008587663589849073
-3.599619468799013e-05
0.0007199238937598025
-1.0284627053711464e-05
0.000632504563803255
6.685007584912452e-05
0.0007302085208135139
2.571156763427866e-05
0.0008741932995654745
-5.142313526855732e-06
0.0006942123261255239
-6.685007584912452e-05
0.0006685007584912452
4.628082174170159e-05
0.0006839276990718123
2.0569254107422928e-05
0.0010336050188980022
0.0002365464222353637
0.00080734322371635
-1.0284627053711464e-05
0.0006633584449643895
4.1138508214845856e-05
0.0006736430720181009
4.628082174170159e-05
0.0008330547913506286
8.227701642969171e-05
0.0007713470290283598
-1.0284627053711464e-05
0.0005296582932661404
3.085388116113439e-05
0.000786773969608927
-4.628082174170159e-05
0.0007610624019746484
0.00021083485460108502
0.0009050471807266089
-0.00015426940580567198
0.0005193736662124289
0.00011313089759082611
0.0007353508343403698
2.0569254107422928e-05
0.0007096392667060911
-2.571156763427866e-05
0.0007302085208135139
0.00011827321111768185
0.0008124855372432057
0.00013884246522510477
0.0009461856889414548
6.685007584912452e-05
0.0008433394184043401
9.256164348340318e-05
0.0008484817319311958
0.00014912709227881624
0.0008124855372432057
0.00011313089759082611
0.0009616126295220219
3.599619468799013e-05
0.0008227701642969171
5.142313526855732e-05
0.00080734322371635
0.00011827321111768185
0.0006376468773301108
1.5426940580567196e-05
0.0007302085208135139
-1.5426940580567196e-05
0.0008227701642969171
1.0284627053711464e-05
0.0008227701642969171
8.227701642969171e-05
0.0008124855372432057
-2.0569254107422928e-05
0.0006993546396523796
0.0001285578381713933
0.0007044969531792353
5.6565448795413055e-05
0.0007250662072866582
-5.142313526855732e-06
0.0006736430720181009
7.199238937598025e-05
0.0008022009101894942
0.00011313089759082611
0.0007456354613940812
-0.00010284627053711464
0.0006839276990718123
-5.142313526855732e-05
0.0006633584449643895
-4.1138508214845856e-05
0.0007713470290283598
8.227701642969171e-05
0.0006993546396523796
1.5426940580567196e-05
0.0008381971048774844
7.199238937598025e-05
0.000596508369115265
3.599619468799013e-05
0.0006685007584912452
-7.199238937598025e-05
0.0006427891908569666
-8.227701642969171e-05
0.0006993546396523796
2.571156763427866e-05
0.0005502275473735634
-3.085388116113439e-05
0.000632504563803255
0.00011313089759082611
0.0007662047155015041
-2.0569254107422928e-05
0.0008124855372432057
4.1138508214845856e-05
0.0006582161314375337
-6.685007584912452e-05
0.0007610624019746484
-1.0284627053711464e-05
0.0007302085208135139
2.0569254107422928e-05
0.0007764893425552155
3.085388116113439e-05
0.0006993546396523796
-2.571156763427866e-05
0.0008381971048774844
4.1138508214845856e-05
0.0008176278507700614
2.571156763427866e-05
0.0008330547913506286
5.6565448795413055e-05
0.0008844779266191859
0.00013370015169824904
0.0008022009101894942
7.199238937598025e-05
0.0007559200884477926
6.685007584912452e-05
0.0007559200884477926
-5.142313526855732e-06
0.0007147815802329468
8.227701642969171e-05
0.0009153318077803203
2.0569254107422928e-05
0.0006787853855449566
-1.5426940580567196e-05
0.0008227701642969171
7.199238937598025e-05
0.000653073817910678
-8.227701642969171e-05
0.0007610624019746484
5.6565448795413055e-05
0.0006736430720181009
9.256164348340318e-05
0.0007713470290283598
2.571156763427866e-05
0.0007713470290283598
-8.227701642969171e-05
0.0007456354613940812
5.142313526855732e-06
0.000596508369115265
2.0569254107422928e-05
0.0009513280024683105
9.256164348340318e-05
0.0007096392667060911
-3.599619468799013e-05
0.0008947625536728974
0.00016455403285938342
0.0006376468773301108
-5.142313526855732e-06
0.0007044969531792353
6.685007584912452e-05
0.0006942123261255239
-3.085388116113439e-05
0.0006942123261255239
-0.0001902656004936621
0.0007302085208135139
5.142313526855732e-05
0.000786773969608927
-5.142313526855732e-05
0.0007610624019746484
-0.0001594117193325277
0.0006427891908569666
1.0284627053711464e-05
0.00080734322371635
4.1138508214845856e-05
0.0006787853855449566
7.713470290283599e-05
0.0007764893425552155
-0.00013370015169824904
0.0006016506826421207
-0.00011313089759082611
0.0007919162831357828
6.685007584912452e-05
0.0007559200884477926
-2.0569254107422928e-05
0.0007147815802329468
-7.713470290283599e-05
0.0006890700125986682
4.1138508214845856e-05
0.0005605121744272748
-1.0284627053711464e-05
0.0006890700125986682
4.628082174170159e-05
0.0006839276990718123
0.00018512328696680637
0.000498804412105006
4.1138508214845856e-05
0.0008844779266191859
-9.770395701025892e-05
0.000632504563803255
-2.571156763427866e-05
0.0008022009101894942
4.628082174170159e-05
0.0005707968014809863
0.00013884246522510477
0.0007507777749209369
6.685007584912452e-05
0.0006839276990718123
-2.571156763427866e-05
0.0006582161314375337
4.628082174170159e-05
0.0008690509860386187
-4.628082174170159e-05
0.0006839276990718123
5.142313526855732e-06
0.0006787853855449566
-0.00010798858406397038
0.000786773969608927
0.00014912709227881624
0.00080734322371635
-4.628082174170159e-05
0.0006582161314375337
-4.1138508214845856e-05
0.0006119353096958321
5.142313526855732e-06
0.0007662047155015041
5.142313526855732e-05
0.0007250662072866582
-3.085388116113439e-05
0.0009256164348340318
-1.0284627053711464e-05
0.0007559200884477926
0.00015426940580567198
0.0007199238937598025
-9.256164348340318e-05
0.0006222199367495436
-3.085388116113439e-05
0.0008947625536728974
9.256164348340318e-05
0.0008176278507700614
1.5426940580567196e-05
0.0007713470290283598
-4.628082174170159e-05
0.0007764893425552155
0.00012341552464453757
0.00080734322371635
0.00024168873576221943
0.000786773969608927
-3.599619468799013e-05
0.0006685007584912452
-1.0284627053711464e-05
0.0006685007584912452
-9.256164348340318e-05
0.0009050471807266089
0.00014912709227881624
0.0007199238937598025
4.1138508214845856e-05
0.0006942123261255239
-2.571156763427866e-05
0.0007096392667060911
9.770395701025892e-05
0.0008227701642969171
6.685007584912452e-05
0.0008433394184043401
-8.741932995654745e-05
0.0007456354613940812
0.0001594117193325277
0.0008279124778237729
0.0001285578381713933
0.000786773969608927
9.256164348340318e-05
0.0008227701642969171
-0.00010798858406397038
0.0009359010618877432
5.142313526855732e-06
0.0006942123261255239
1.0284627053711464e-05
0.0006479315043838223
-6.685007584912452e-05
0.0008381971048774844
6.685007584912452e-05
0.0006736430720181009
-3.599619468799013e-05
0.0007764893425552155
1.0284627053711464e-05
0.0008279124778237729
-7.713470290283599e-05
0.0007764893425552155
0.00014912709227881624
0.0007353508343403698
0.00013370015169824904
0.0008022009101894942
-8.741932995654745e-05
0.0007456354613940812
-1.0284627053711464e-05
0.0008690509860386187
-0.0001902656004936621
0.0006685007584912452
-0.00015426940580567198
0.0008536240454580516
1.5426940580567196e-05
0.0008587663589849073
-3.085388116113439e-05
0.000863908672511763
-6.685007584912452e-05
0.0007147815802329468
-5.6565448795413055e-05
0.0007096392667060911
-1.5426940580567196e-05
0.0007507777749209369
0.0001285578381713933
0.0006067929961689764
-0.00014912709227881624
0.0007147815802329468
1.5426940580567196e-05
0.0006222199367495436
-0.00010284627053711464
0.0007919162831357828
-5.6565448795413055e-05
0.0006993546396523796
-4.1138508214845856e-05
0.0007610624019746484
-8.741932995654745e-05
0.0007507777749209369
7.713470290283599e-05
0.0005913660555884092
3.085388116113439e-05
0.0008844779266191859
-1.0284627053711464e-05
0.0006119353096958321
5.142313526855732e-05
0.0008484817319311958
-0.00011827321111768185
0.0006890700125986682
-1.0284627053711464e-05
0.000632504563803255
-0.00012341552464453757
0.0007147815802329468
5.142313526855732e-06
0.0006890700125986682
3.085388116113439e-05
0.0006942123261255239
2.0569254107422928e-05
0.000653073817910678
0.00013884246522510477
0.0005810814285346977
8.741932995654745e-05
0.0008279124778237729
-3.085388116113439e-05
0.0008330547913506286
-3.085388116113439e-05
0.0006993546396523796
-0.00023140410870850796
0.0007764893425552155
0.0
0.0006685007584912452
-0.0001902656004936621
0.0008793356130923302
0.0001594117193325277
0.0006427891908569666
0.0001594117193325277
0.0005913660555884092
-0.00020569254107422928
0.0008279124778237729
-7.199238937598025e-05
0.0004628082174170159
-0.00012341552464453757
0.000653073817910678
-4.628082174170159e-05
0.0005810814285346977
4.1138508214845856e-05
0.0006067929961689764
4.628082174170159e-05
0.0008793356130923302
7.713470290283599e-05
0.0006170776232226879
-8.741932995654745e-05
0.0006376468773301108
5.142313526855732e-06
0.0008124855372432057
0.00013370015169824904
0.000863908672511763
0.00014912709227881624
0.0006376468773301108
-4.1138508214845856e-05
0.0006942123261255239
-3.085388116113439e-05
0.000786773969608927
-5.142313526855732e-05
0.0008124855372432057
7.713470290283599e-05
0.0005913660555884092
-1.5426940580567196e-05
0.0007816316560820713
5.142313526855732e-05
0.0005399429203198519
8.227701642969171e-05
0.0008022009101894942
-7.199238937598025e-05
0.0007970585966626385
-5.6565448795413055e-05
0.0005810814285346977
2.571156763427866e-05
0.0006839276990718123
-1.5426940580567196e-05
0.0008176278507700614
0.00010284627053711464
0.0007559200884477926
-1.5426940580567196e-05
0.0006942123261255239
-9.770395701025892e-05
0.0008022009101894942
-0.0001285578381713933
0.0006890700125986682
-8.227701642969171e-05
0.0007456354613940812
-4.1138508214845856e-05
0.0007250662072866582
-3.599619468799013e-05
0.0007507777749209369
0.0
0.0008227701642969171
-0.00019540791402051784
0.0009153318077803203
7.713470290283599e-05
0.0006222199367495436
-5.142313526855732e-05
0.0008330547913506286
9.256164348340318e-05
0.0006839276990718123
-0.00011313089759082611
0.0009513280024683105
2.571156763427866e-05
0.0007559200884477926
-2.0569254107422928e-05
0.0006633584449643895
5.142313526855732e-05
0.0007302085208135139
-0.00011827321111768185
0.0006633584449643895
4.1138508214845856e-05
0.0007507777749209369
1.0284627053711464e-05
0.000653073817910678
6.685007584912452e-05
0.0008124855372432057
1.5426940580567196e-05
0.0007302085208135139
-0.00013370015169824904
0.0006273622502763993
9.256164348340318e-05
0.0007559200884477926
-0.00012341552464453757
0.0006993546396523796
-5.142313526855732e-06
0.0008381971048774844
-6.170776232226878e-05
0.0006993546396523796
-7.713470290283599e-05
0.0005245159797392847
-8.741932995654745e-05
0.0006839276990718123
0.0
0.0010233203918442906
-0.00012341552464453757
0.0009101894942534646
-4.628082174170159e-05
0.0007199238937598025
8.227701642969171e-05
0.0005553698609004191
-2.0569254107422928e-05
0.0007404931478672255
2.571156763427866e-05
0.0007199238937598025
7.713470290283599e-05
0.0007713470290283598
3.085388116113439e-05
0.000653073817910678
2.0569254107422928e-05
0.0006427891908569666
-0.00010798858406397038
0.0007096392667060911
-3.599619468799013e-05
0.0007044969531792353
0.00010284627053711464
0.0007353508343403698
8.227701642969171e-05
0.0006890700125986682
5.142313526855732e-06
0.0005862237420615535
0.00015426940580567198
0.0006736430720181009
0.00010798858406397038
0.0007250662072866582
0.00017998097343995063
0.0005656544879541305
-5.142313526855732e-05
0.0006273622502763993
-0.00013884246522510477
0.0007147815802329468
5.6565448795413055e-05
0.0008381971048774844
-8.227701642969171e-05
0.0006582161314375337
0.0
0.000863908672511763
0.00013370015169824904
0.0008124855372432057
9.770395701025892e-05
0.0005245159797392847
-7.199238937598025e-05
0.0006993546396523796
3.085388116113439e-05
0.0007250662072866582
-1.0284627053711464e-05
0.0006376468773301108
-7.199238937598025e-05
0.0008279124778237729
-0.0001902656004936621
0.0005605121744272748
-0.00013884246522510477
0.00048337747152443886
-9.770395701025892e-05
0.0007919162831357828
-5.142313526855732e-06
0.0007662047155015041
-0.00013370015169824904
0.0007764893425552155
-7.713470290283599e-05
0.0007096392667060911
6.685007584912452e-05
0.0007404931478672255
4.628082174170159e-05
0.0007610624019746484
0.00011827321111768185
0.0007662047155015041
9.256164348340318e-05
0.0007919162831357828
4.628082174170159e-05
0.0006942123261255239
-3.599619468799013e-05
0.0007096392667060911
-3.085388116113439e-05
0.0007662047155015041
-9.256164348340318e-05
0.0007250662072866582
-5.142313526855732e-06
0.0006942123261255239
1.5426940580567196e-05
0.0007456354613940812
0.0
0.0006787853855449566
-8.227701642969171e-05
0.000575939115007842
-1.0284627053711464e-05
0.0006736430720181009
-1.5426940580567196e-05
0.0007404931478672255
2.0569254107422928e-05
0.0007250662072866582
0.00011313089759082611
0.0008433394184043401
-8.741932995654745e-05
0.0004782351579975831
0.00011827321111768185
0.0006170776232226879
-2.0569254107422928e-05
0.0007507777749209369
-0.00011313089759082611
0.0007302085208135139
-2.0569254107422928e-05
0.0007199238937598025
-0.00016455403285938342
0.0007507777749209369
0.00013884246522510477
0.0007610624019746484
-5.142313526855732e-05
0.0007507777749209369
2.0569254107422928e-05
0.0006582161314375337
-7.713470290283599e-05
0.000653073817910678
0.00014912709227881624
0.0007507777749209369
0.00013884246522510477
0.0005862237420615535
7.713470290283599e-05
0.0006839276990718123
-6.170776232226878e-05
0.0007456354613940812
-7.199238937598025e-05
0.0007147815802329468
-8.227701642969171e-05
0.0006839276990718123
-0.00010284627053711464
0.0007559200884477926
-3.599619468799013e-05
0.0007250662072866582
0.00014912709227881624
0.0008484817319311958
-6.170776232226878e-05
0.0006222199367495436
1.0284627053711464e-05
0.0006685007584912452
0.0
0.0008330547913506286
-5.142313526855732e-06
0.0007559200884477926
-3.599619468799013e-05
0.0007096392667060911
-6.685007584912452e-05
0.0007044969531792353
0.00012341552464453757
0.000653073817910678
-1.5426940580567196e-05
0.0007816316560820713
0.00010798858406397038
0.0006787853855449566
-5.142313526855732e-05
0.000575939115007842
-9.256164348340318e-05
0.0008484817319311958
5.142313526855732e-05
0.0008330547913506286
6.170776232226878e-05
0.0007456354613940812
4.628082174170159e-05
0.000863908672511763
4.628082174170159e-05
0.0007302085208135139
-3.599619468799013e-05
0.0006427891908569666
-0.00015426940580567198
0.0007919162831357828
-6.170776232226878e-05
0.000575939115007842
0.0001439847787519605
0.0007404931478672255
6.170776232226878e-05
0.0006273622502763993
-2.571156763427866e-05
0.0008484817319311958
-5.142313526855732e-05
0.0007353508343403698
7.713470290283599e-05
0.0006582161314375337
2.0569254107422928e-05
0.0006942123261255239
-0.00013370015169824904
0.0005810814285346977
3.085388116113439e-05
0.0008999048671997532
-0.00014912709227881624
0.000786773969608927
-6.170776232226878e-05
0.0007610624019746484
0.0
0.0006839276990718123
0.00010798858406397038
0.0008433394184043401
-3.599619468799013e-05
0.0008124855372432057
1.5426940580567196e-05
0.0011107397218008382
0.00012341552464453757
0.0006890700125986682
-5.142313526855732e-05
0.0008690509860386187
9.770395701025892e-05
0.0007250662072866582
1.0284627053711464e-05
0.0008896202401460417
9.256164348340318e-05
0.0008690509860386187
1.5426940580567196e-05
0.0008793356130923302
-4.628082174170159e-05
0.0006942123261255239
0.00015426940580567198
0.0006890700125986682
9.770395701025892e-05
0.0006427891908569666
0.0
0.0006736430720181009
-3.599619468799013e-05
0.0007559200884477926
2.0569254107422928e-05
0.0007404931478672255
0.00018512328696680637
0.0006376468773301108
4.1138508214845856e-05
0.0007096392667060911
-2.571156763427866e-05
0.0008124855372432057
0.00011313089759082611
0.0007919162831357828
-9.770395701025892e-05
0.0009461856889414548
-1.5426940580567196e-05
0.0007816316560820713
2.0569254107422928e-05
0.0007507777749209369
0.00018512328696680637
0.0008741932995654745
-5.6565448795413055e-05
0.0006633584449643895
-5.142313526855732e-05
0.0007919162831357828
-1.0284627053711464e-05
0.0005656544879541305
3.085388116113439e-05
0.0008330547913506286
5.142313526855732e-06
0.0006067929961689764
7.199238937598025e-05
0.0007610624019746484
1.0284627053711464e-05
0.0007353508343403698
-9.770395701025892e-05
0.0007199238937598025
7.199238937598025e-05
0.0008587663589849073
0.00010284627053711464
0.0007662047155015041
-2.0569254107422928e-05
0.0007764893425552155
0.00015426940580567198
0.0008484817319311958
-6.685007584912452e-05
0.0007147815802329468
-4.1138508214845856e-05
0.0007302085208135139
2.0569254107422928e-05
0.0009513280024683105
0.00010284627053711464
0.0008433394184043401
8.741932995654745e-05
0.0007456354613940812
-1.0284627053711464e-05
0.0008844779266191859
-2.571156763427866e-05
0.0008433394184043401
2.571156763427866e-05
0.0005605121744272748
3.085388116113439e-05
0.0005913660555884092
-6.170776232226878e-05
0.0007713470290283598
-8.227701642969171e-05
0.0006119353096958321
5.142313526855732e-05
0.0008484817319311958
4.628082174170159e-05
0.0007713470290283598
6.685007584912452e-05
0.0009513280024683105
-5.142313526855732e-05
0.0008022009101894942
2.571156763427866e-05
0.0007662047155015041
-0.00010798858406397038
0.0009101894942534646
4.628082174170159e-05
0.0006993546396523796
5.142313526855732e-06
0.0007404931478672255
-2.0569254107422928e-05
0.0005245159797392847
0.0001439847787519605
0.0007199238937598025
0.00015426940580567198
0.0008124855372432057
-0.0001594117193325277
0.0006993546396523796
9.770395701025892e-05
0.0007764893425552155
-7.199238937598025e-05
0.0006633584449643895
7.199238937598025e-05
0.0006582161314375337
-5.6565448795413055e-05
0.0005090890391587175
-0.00011827321111768185
0.0006839276990718123
4.628082174170159e-05
0.0006787853855449566
-0.00010284627053711464
0.0006890700125986682
0.00010284627053711464
0.0007096392667060911
5.142313526855732e-05
0.0007610624019746484
-0.00010284627053711464
0.000653073817910678
-4.628082174170159e-05
0.0008844779266191859
0.0
0.0007404931478672255
0.00015426940580567198
0.0006993546396523796
-1.0284627053711464e-05
0.000786773969608927
-5.6565448795413055e-05
0.0006685007584912452
-5.6565448795413055e-05
0.0006119353096958321
-0.00023140410870850796
0.0005656544879541305
-0.00014912709227881624
0.0007662047155015041
-3.599619468799013e-05
0.0007404931478672255
-9.770395701025892e-05
0.000863908672511763
0.00011827321111768185
0.0007456354613940812
-2.0569254107422928e-05
0.0003959581415678914
0.00011827321111768185
0.000786773969608927
-0.00013370015169824904
0.0008484817319311958
-9.256164348340318e-05
0.000863908672511763
-5.6565448795413055e-05
0.0005502275473735634
-1.0284627053711464e-05
0.0008587663589849073
-8.227701642969171e-05
0.0007250662072866582
7.199238937598025e-05
0.0008022009101894942
-6.170776232226878e-05
0.0007353508343403698
9.256164348340318e-05
0.00080734322371635
0.00013370015169824904
0.0008227701642969171
-6.170776232226878e-05
0.0006787853855449566
-0.00013884246522510477
0.0006685007584912452
-1.5426940580567196e-05
0.0008279124778237729
2.571156763427866e-05
0.0007404931478672255
-4.1138508214845856e-05
0.000786773969608927
-3.599619468799013e-05
0.0008896202401460417
-0.00021083485460108502
0.0006170776232226879
-7.713470290283599e-05
0.0008484817319311958
0.00013370015169824904
0.0008330547913506286
-7.713470290283599e-05
0.0007816316560820713
-1.5426940580567196e-05
0.000575939115007842
0.0
0.0007199238937598025
-0.00012341552464453757
0.0008124855372432057
5.142313526855732e-05
0.0007044969531792353
5.142313526855732e-06
0.0007559200884477926
-2.0569254107422928e-05
0.0008227701642969171
2.571156763427866e-05
0.0006942123261255239
-0.0001748386599130949
0.0006582161314375337
8.741932995654745e-05
0.0009307587483608875
7.199238937598025e-05
0.0008381971048774844
0.0001902656004936621
0.0007404931478672255
2.571156763427866e-05
0.00080734322371635
-1.5426940580567196e-05
0.000786773969608927
1.0284627053711464e-05
0.0007764893425552155
-9.256164348340318e-05
0.000596508369115265
7.713470290283599e-05
0.0005553698609004191
1.0284627053711464e-05
0.0007764893425552155
-5.142313526855732e-05
0.0006119353096958321
-4.628082174170159e-05
0.0007764893425552155
-0.00011313089759082611
0.0006170776232226879
-3.599619468799013e-05
0.0007919162831357828
0.0
0.0007610624019746484
7.713470290283599e-05
0.0008330547913506286
2.571156763427866e-05
0.0006736430720181009
6.685007584912452e-05
0.0006787853855449566
0.00011313089759082611
0.0006993546396523796
4.1138508214845856e-05
0.0008536240454580516
1.0284627053711464e-05
0.0009513280024683105
6.685007584912452e-05
0.0007507777749209369
-0.00013370015169824904
0.0008793356130923302
8.227701642969171e-05
0.000575939115007842
5.142313526855732e-06
0.0008176278507700614
-3.085388116113439e-05
0.0007507777749209369
0.00021597716812794075
0.0008279124778237729
-7.713470290283599e-05
0.0006119353096958321
-4.1138508214845856e-05
0.0007507777749209369
-3.599619468799013e-05
0.0006067929961689764
-5.142313526855732e-05
0.0006582161314375337
3.599619468799013e-05
0.0007507777749209369
-7.713470290283599e-05
0.0008330547913506286
0.0001439847787519605
0.0006376468773301108
-3.085388116113439e-05
0.0007199238937598025
0.00010284627053711464
0.0008227701642969171
9.770395701025892e-05
0.0009667549430488777
-8.227701642969171e-05
0.0004473812768364487
1.0284627053711464e-05
0.0006016506826421207
3.599619468799013e-05
0.0009461856889414548
-0.00010798858406397038
0.0006890700125986682
8.227701642969171e-05
0.0007456354613940812
2.571156763427866e-05
0.000863908672511763
-6.685007584912452e-05
0.0007559200884477926
-0.00011313089759082611
0.0005707968014809863
-0.0001439847787519605
0.0007096392667060911
-5.142313526855732e-06
0.0006685007584912452
-6.685007584912452e-05
0.0007662047155015041
-0.00010798858406397038
0.0006993546396523796
1.0284627053711464e-05
0.0006839276990718123
-0.00012341552464453757
0.0008587663589849073
-2.571156763427866e-05
0.0006942123261255239
5.142313526855732e-05
0.0007302085208135139
-5.6565448795413055e-05
0.0005605121744272748
-0.00016969634638623916
0.0007713470290283598
6.685007584912452e-05
0.0006582161314375337
2.0569254107422928e-05
0.0007147815802329468
4.1138508214845856e-05
0.0007919162831357828
-0.00010798858406397038
0.000596508369115265
9.770395701025892e-05
0.0007507777749209369
-6.170776232226878e-05
0.0007507777749209369
4.1138508214845856e-05
0.000575939115007842
4.628082174170159e-05
0.0008741932995654745
-1.0284627053711464e-05
0.0007044969531792353
5.6565448795413055e-05
0.0008690509860386187
3.085388116113439e-05
0.0007250662072866582
5.142313526855732e-06
0.0006685007584912452
-1.0284627053711464e-05
0.0009256164348340318
1.0284627053711464e-05
0.0006942123261255239
-1.0284627053711464e-05
0.0004885197850512946
-1.5426940580567196e-05
0.0007096392667060911
-5.142313526855732e-05
0.0006942123261255239
-4.628082174170159e-05
0.0007662047155015041
5.142313526855732e-05
0.0006016506826421207
-6.685007584912452e-05
0.0005913660555884092
-0.00011827321111768185
0.0007096392667060911
0.00010284627053711464
0.0007147815802329468
-2.571156763427866e-05
0.0007764893425552155
-5.142313526855732e-06
0.0005296582932661404
5.142313526855732e-05
0.0008227701642969171
-9.770395701025892e-05
0.000863908672511763
4.1138508214845856e-05
0.0008793356130923302
5.142313526855732e-06
0.0008433394184043401
7.199238937598025e-05
0.0006839276990718123
-4.1138508214845856e-05
0.0008947625536728974
0.00013370015169824904
0.0007456354613940812
6.685007584912452e-05
0.0009101894942534646
3.085388116113439e-05
0.0008484817319311958
-4.628082174170159e-05
0.0007713470290283598
3.085388116113439e-05
0.0007559200884477926
-6.170776232226878e-05
0.0009050471807266089
8.227701642969171e-05
0.0005193736662124289
-5.6565448795413055e-05
0.0007816316560820713
-2.0569254107422928e-05
0.0006839276990718123
1.5426940580567196e-05
0.0008587663589849073
8.227701642969171e-05
0.0006273622502763993
-4.1138508214845856e-05
0.0005913660555884092
-6.170776232226878e-05
0.0007044969531792353
-0.00010284627053711464
0.0006479315043838223
-5.142313526855732e-05
0.0007147815802329468
5.142313526855732e-06
0.0008124855372432057
2.0569254107422928e-05
0.000632504563803255
-6.685007584912452e-05
0.0007044969531792353
-7.199238937598025e-05
0.0005502275473735634
-3.599619468799013e-05
0.0006942123261255239
-3.085388116113439e-05
0.0006942123261255239
0.00013884246522510477
0.0008330547913506286
-6.170776232226878e-05
0.0006633584449643895
2.571156763427866e-05
0.0008536240454580516
-6.170776232226878e-05
0.0007816316560820713
-9.256164348340318e-05
0.0007662047155015041
7.713470290283599e-05
0.0010130357647905792
-9.770395701025892e-05
0.0007302085208135139
5.142313526855732e-06
0.0005553698609004191
-9.770395701025892e-05
0.0009101894942534646
0.00016969634638623916
0.0008381971048774844
1.0284627053711464e-05
0.0006787853855449566
8.227701642969171e-05
0.0007764893425552155
5.142313526855732e-05
0.0007816316560820713
0.00013370015169824904
0.0007559200884477926
-1.5426940580567196e-05
0.000786773969608927
0.00011313089759082611
0.0007044969531792353
-3.599619468799013e-05
0.00080734322371635
2.0569254107422928e-05
0.0006479315043838223
-3.599619468799013e-05
0.0005810814285346977
1.0284627053711464e-05
0.0007970585966626385
-6.170776232226878e-05
0.0007919162831357828
5.142313526855732e-05
0.000575939115007842
-8.741932995654745e-05
0.0007353508343403698
2.0569254107422928e-05
0.0007096392667060911
-1.0284627053711464e-05
0.0007044969531792353
-0.00018512328696680637
0.0006273622502763993
3.085388116113439e-05
0.0007044969531792353
2.0569254107422928e-05
0.0007353508343403698
-3.599619468799013e-05
0.0007250662072866582
-0.00011313089759082611
0.0006942123261255239
-4.1138508214845856e-05
0.0007302085208135139
5.142313526855732e-05
0.0007302085208135139
-2.571156763427866e-05
0.0007404931478672255
0.0
0.000653073817910678
6.170776232226878e-05
0.0007302085208135139
5.6565448795413055e-05
0.0007199238937598025
-6.170776232226878e-05
0.0007764893425552155
-5.6565448795413055e-05
0.0006376468773301108
-8.741932995654745e-05
0.0006890700125986682
0.00011827321111768185
0.0009050471807266089
6.685007584912452e-05
0.0007559200884477926
9.770395701025892e-05
0.0007713470290283598
-0.0001439847787519605
0.0007919162831357828
6.170776232226878e-05
0.0007816316560820713
-2.0569254107422928e-05
0.0006839276990718123
-7.713470290283599e-05
0.0006993546396523796
0.00011313089759082611
0.0007456354613940812
0.00026225798986964237
0.0005450852338467076
4.628082174170159e-05
0.0007199238937598025
-1.5426940580567196e-05
0.000653073817910678
3.599619468799013e-05
0.0006273622502763993
4.628082174170159e-05
0.0006839276990718123
-2.571156763427866e-05
0.000632504563803255
-4.628082174170159e-05
0.0007970585966626385
-9.256164348340318e-05
0.0007044969531792353
4.628082174170159e-05
0.0007713470290283598
2.571156763427866e-05
0.0006685007584912452
-9.256164348340318e-05
0.0006685007584912452
-5.142313526855732e-06
0.0006479315043838223
-0.00014912709227881624
0.0007353508343403698
0.00016969634638623916
0.0007764893425552155
-3.599619468799013e-05
0.0007302085208135139
7.199238937598025e-05
0.0007919162831357828
0.00010798858406397038
0.0008844779266191859
5.6565448795413055e-05
0.0007970585966626385
0.00010284627053711464
0.0008484817319311958
-1.5426940580567196e-05
0.0007404931478672255
3.085388116113439e-05
0.000786773969608927
0.0
0.0008381971048774844
9.770395701025892e-05
0.0007404931478672255
1.5426940580567196e-05
0.000575939115007842
-1.0284627053711464e-05
0.0006376468773301108
0.00010284627053711464
0.0006993546396523796
-4.1138508214845856e-05
0.0007970585966626385
-9.256164348340318e-05
0.0008279124778237729
0.00013370015169824904
0.0007559200884477926
1.0284627053711464e-05
0.0007713470290283598
0.00013370015169824904
0.0007404931478672255
-1.5426940580567196e-05
0.0006736430720181009
8.227701642969171e-05
0.0008022009101894942
4.1138508214845856e-05
0.0008793356130923302
0.0001748386599130949
0.0007507777749209369
-7.713470290283599e-05
0.0007147815802329468
9.256164348340318e-05
0.0007610624019746484
5.142313526855732e-06
0.0007919162831357828
9.770395701025892e-05
0.0008484817319311958
-3.085388116113439e-05
0.0006993546396523796
2.0569254107422928e-05
0.0008587663589849073
0.00010798858406397038
0.0008793356130923302
-6.685007584912452e-05
0.0008022009101894942
-1.0284627053711464e-05
0.0006839276990718123
-6.170776232226878e-05
0.0008022009101894942
4.1138508214845856e-05
0.0007662047155015041
0.00010798858406397038
0.0008279124778237729
2.571156763427866e-05
0.0007970585966626385
-0.00012341552464453757
0.0006942123261255239
-7.199238937598025e-05
0.0006633584449643895
-3.085388116113439e-05
0.0007816316560820713
-1.5426940580567196e-05
0.0008793356130923302
7.713470290283599e-05
0.0006427891908569666
-6.685007584912452e-05
0.0007096392667060911
-2.571156763427866e-05
0.0007610624019746484
2.0569254107422928e-05
0.0007456354613940812
8.741932995654745e-05
0.0007353508343403698
-4.1138508214845856e-05
0.0006736430720181009
5.142313526855732e-06
0.0006839276990718123
-9.770395701025892e-05
0.0007816316560820713
3.599619468799013e-05
0.0004936620985781503
-4.1138508214845856e-05
0.0007250662072866582
1.5426940580567196e-05
0.0008536240454580516
1.5426940580567196e-05
0.0005039467256318618
-0.00011313089759082611
0.0006942123261255239
9.770395701025892e-05
0.0007250662072866582
3.599619468799013e-05
0.0006942123261255239
6.170776232226878e-05
0.0006890700125986682
7.199238937598025e-05
0.0007456354613940812
0.0
0.0006839276990718123
0.0002725426169233538
0.0005450852338467076
7.199238937598025e-05
0.0006685007584912452
4.1138508214845856e-05
0.0008587663589849073
-0.0001439847787519605
0.0007250662072866582
5.142313526855732e-05
0.0007096392667060911
8.227701642969171e-05
0.0005502275473735634
5.142313526855732e-05
0.0008124855372432057
4.1138508214845856e-05
0.0006633584449643895
-1.5426940580567196e-05
0.0008741932995654745
-1.5426940580567196e-05
0.0006222199367495436
-5.142313526855732e-05
0.0007199238937598025
-5.142313526855732e-06
0.0008330547913506286
-1.0284627053711464e-05
0.0006993546396523796
8.227701642969171e-05
0.000653073817910678
9.770395701025892e-05
0.0007559200884477926
1.5426940580567196e-05
0.0007970585966626385
-5.142313526855732e-06
0.0007507777749209369
0.0001748386599130949
0.0007610624019746484
0.00020055022754737354
0.000632504563803255
-0.00010798858406397038
0.0008844779266191859
-5.142313526855732e-05
0.0006839276990718123
-4.628082174170159e-05
0.0007353508343403698
-0.00011827321111768185
0.0007353508343403698
-4.1138508214845856e-05
0.0007610624019746484
4.628082174170159e-05
0.0006479315043838223
5.6565448795413055e-05
0.0006479315043838223
0.00010798858406397038
0.0006839276990718123
-0.0001439847787519605
0.0009204741213071761
-4.1138508214845856e-05
0.0007353508343403698
5.142313526855732e-06
0.000863908672511763
0.00013370015169824904
0.0006067929961689764
-1.5426940580567196e-05
0.000786773969608927
0.00013884246522510477
0.0007713470290283598
-9.256164348340318e-05
0.0007353508343403698
-0.00013370015169824904
0.000941043375414599
-5.142313526855732e-05
0.0008844779266191859
-3.599619468799013e-05
0.0006376468773301108
-0.00011313089759082611
0.000653073817910678
5.142313526855732e-06
0.0005707968014809863
5.142313526855732e-05
0.0007559200884477926
-3.599619468799013e-05
0.0004885197850512946
-4.628082174170159e-05
0.0007250662072866582
-0.0001748386599130949
0.0008176278507700614
-5.142313526855732e-05
0.0007764893425552155
3.085388116113439e-05
0.0008999048671997532
-1.0284627053711464e-05
0.0007147815802329468
-2.571156763427866e-05
0.0008227701642969171
-9.770395701025892e-05
0.0007816316560820713
-5.6565448795413055e-05
0.0006942123261255239
-0.0001439847787519605
0.0006839276990718123
-2.0569254107422928e-05
0.0006479315043838223
-5.142313526855732e-05
0.00080734322371635
5.142313526855732e-05
0.0008176278507700614
-0.00013884246522510477
0.0005296582932661404
-9.256164348340318e-05
0.0006067929961689764
1.0284627053711464e-05
0.0007147815802329468
0.00013370015169824904
0.0006993546396523796
0.00010798858406397038
0.0008741932995654745
-3.085388116113439e-05
0.0006633584449643895
0.00011313089759082611
0.0005296582932661404
-1.0284627053711464e-05
0.0005399429203198519
-5.142313526855732e-06
0.000632504563803255
-0.0001285578381713933
0.0007353508343403698
8.227701642969171e-05
0.000653073817910678
1.5426940580567196e-05
0.0007199238937598025
-6.170776232226878e-05
0.0006633584449643895
5.142313526855732e-06
0.0006633584449643895
-0.0001594117193325277
0.0008433394184043401
-6.685007584912452e-05
0.0006993546396523796
0.00011827321111768185
0.0006993546396523796
-2.0569254107422928e-05
0.0006273622502763993
-2.0569254107422928e-05
0.0008022009101894942
1.0284627053711464e-05
0.000653073817910678
-4.1138508214845856e-05
0.0006942123261255239
5.142313526855732e-05
0.0007147815802329468
7.199238937598025e-05
0.0006479315043838223
0.0
0.0006736430720181009
-0.00012341552464453757
0.0006222199367495436
1.5426940580567196e-05
0.0006170776232226879
2.0569254107422928e-05
0.0008330547913506286
6.685007584912452e-05
0.0007044969531792353
5.142313526855732e-05
0.0007507777749209369
7.713470290283599e-05
0.0005656544879541305
-2.571156763427866e-05
0.0006067929961689764
8.227701642969171e-05
0.0008433394184043401
-0.00010798858406397038
0.0005656544879541305
3.085388116113439e-05
0.0007816316560820713
4.628082174170159e-05
0.0006633584449643895
6.685007584912452e-05
0.0006427891908569666
0.00012341552464453757
0.0006273622502763993
2.0569254107422928e-05
0.0005862237420615535
-0.0001594117193325277
0.0007199238937598025
-9.256164348340318e-05
0.0007302085208135139
1.5426940580567196e-05
0.0007507777749209369
-6.170776232226878e-05
0.0006479315043838223
7.199238937598025e-05
0.0007044969531792353
0.00013370015169824904
0.0008690509860386187
-7.199238937598025e-05
0.0007970585966626385
-3.085388116113439e-05
0.0008227701642969171
-9.256164348340318e-05
0.0006839276990718123
0.00012341552464453757
0.0006016506826421207
-8.227701642969171e-05
0.000632504563803255
1.5426940580567196e-05
0.0008022009101894942
0.00020055022754737354
0.0007199238937598025
9.770395701025892e-05
0.0007919162831357828
7.199238937598025e-05
0.0006222199367495436
-0.00013884246522510477
0.0006479315043838223
-3.599619468799013e-05
0.0008279124778237729
0.00010798858406397038
0.0008124855372432057
-0.0002365464222353637
0.0006890700125986682
-1.0284627053711464e-05
0.0006787853855449566
-1.5426940580567196e-05
0.0008536240454580516
-5.142313526855732e-06
0.0008741932995654745
-0.00010284627053711464
0.00080734322371635
0.0001594117193325277
0.0008999048671997532
0.00023140410870850796
0.0008279124778237729
6.170776232226878e-05
0.0007199238937598025
-5.142313526855732e-05
0.0007919162831357828
8.741932995654745e-05
0.0006479315043838223
-0.00013370015169824904
0.000786773969608927
7.199238937598025e-05
0.000786773969608927
0.00011827321111768185
0.0005707968014809863
5.142313526855732e-05
0.0007250662072866582
0.00010284627053711464
0.0007199238937598025
-2.571156763427866e-05
0.0008741932995654745
-2.571156763427866e-05
0.0006942123261255239
0.00015426940580567198
0.0006839276990718123
-0.00011313089759082611
0.0008433394184043401
-2.571156763427866e-05
0.0006273622502763993
-5.142313526855732e-06
0.0007250662072866582
-6.685007584912452e-05
0.0006016506826421207
4.1138508214845856e-05
0.0004885197850512946
-7.199238937598025e-05
0.0006890700125986682
-0.00010284627053711464
0.0008536240454580516
7.199238937598025e-05
0.0006736430720181009
6.170776232226878e-05
0.0007199238937598025
-0.00017998097343995063
0.0006736430720181009
5.142313526855732e-06
0.0007044969531792353
-2.571156763427866e-05
0.0007404931478672255
-2.571156763427866e-05
0.000863908672511763
0.00012341552464453757
0.0006427891908569666
-0.0001285578381713933
0.0007970585966626385
8.227701642969171e-05
0.0007662047155015041
0.00011827321111768185
0.0007662047155015041
0.0001439847787519605
0.0006222199367495436
-0.00011313089759082611
0.0007044969531792353
-1.0284627053711464e-05
0.000863908672511763
-0.00011827321111768185
0.0008587663589849073
-6.685007584912452e-05
0.0007044969531792353
-5.142313526855732e-06
0.0006273622502763993
1.0284627053711464e-05
0.0006839276990718123
-7.199238937598025e-05
0.0007353508343403698
8.227701642969171e-05
0.0007662047155015041
0.00011827321111768185
0.0006222199367495436
0.00011827321111768185
0.0005862237420615535
-1.0284627053711464e-05
0.0008227701642969171
7.199238937598025e-05
0.0007816316560820713
8.227701642969171e-05
0.0007302085208135139
-1.5426940580567196e-05
0.0008176278507700614
-0.00010284627053711464
0.0009359010618877432
8.741932995654745e-05
0.000653073817910678
7.199238937598025e-05
0.0007096392667060911
-0.00010284627053711464
0.0009307587483608875
1.0284627053711464e-05
0.0006685007584912452
-4.628082174170159e-05
0.0009359010618877432
-5.142313526855732e-05
0.0005656544879541305
4.628082174170159e-05
0.0008587663589849073
0.0
0.0008330547913506286
6.685007584912452e-05
0.000632504563803255
-7.713470290283599e-05
0.0007147815802329468
1.5426940580567196e-05
0.0007507777749209369
-5.142313526855732e-05
0.0006427891908569666
1.0284627053711464e-05
0.0007559200884477926
-3.085388116113439e-05
0.0006839276990718123
-7.713470290283599e-05
0.0007970585966626385
1.0284627053711464e-05
0.0007713470290283598
-8.227701642969171e-05
0.0006222199367495436
0.0001439847787519605
0.0007147815802329468
4.1138508214845856e-05
0.00080734322371635
-9.256164348340318e-05
0.0006273622502763993
-0.00012341552464453757
0.0007250662072866582
-4.1138508214845856e-05
0.0005348006067929962
0.0001439847787519605
0.0006427891908569666
3.085388116113439e-05
0.000786773969608927
1.0284627053711464e-05
0.0007713470290283598
-0.00011827321111768185
0.0007096392667060911
-0.00010284627053711464
0.00080734322371635
2.571156763427866e-05
0.0007610624019746484
-2.571156763427866e-05
0.0006479315043838223
-0.00010284627053711464
0.0005913660555884092
6.170776232226878e-05
0.0007353508343403698
-4.1138508214845856e-05
0.000786773969608927
0.00013370015169824904
0.0008330547913506286
4.628082174170159e-05
0.0006427891908569666
-9.770395701025892e-05
0.0007302085208135139
2.571156763427866e-05
0.0006890700125986682
-0.00013884246522510477
0.0008227701642969171
5.142313526855732e-05
0.0007662047155015041
4.628082174170159e-05
0.000632504563803255
-0.00013370015169824904
0.000596508369115265
-5.142313526855732e-05
0.0006633584449643895
-3.085388116113439e-05
0.0006839276990718123
-0.00021083485460108502
0.0005707968014809863
2.571156763427866e-05
0.0009204741213071761
-2.0569254107422928e-05
0.0007610624019746484
-4.628082174170159e-05
0.0004730928444707274
-6.170776232226878e-05
0.000596508369115265
-2.0569254107422928e-05
0.0006479315043838223
-4.1138508214845856e-05
0.0007713470290283598
-2.0569254107422928e-05
0.0006479315043838223
6.170776232226878e-05
0.0007096392667060911
-3.085388116113439e-05
0.0009050471807266089
-0.00018512328696680637
0.0007559200884477926
5.142313526855732e-06
0.0005502275473735634
-2.571156763427866e-05
0.0006427891908569666
-2.0569254107422928e-05
0.0006736430720181009
-2.571156763427866e-05
0.0006427891908569666
-0.00018512328696680637
0.000575939115007842
2.0569254107422928e-05
0.0006942123261255239
-0.00011827321111768185
0.0005039467256318618
-6.170776232226878e-05
0.0007250662072866582
-9.256164348340318e-05
0.0007559200884477926
7.199238937598025e-05
0.0008484817319311958
0.00011827321111768185
0.0005450852338467076
6.170776232226878e-05
0.0007610624019746484
-5.6565448795413055e-05
0.0006170776232226879
3.599619468799013e-05
0.0008176278507700614
-4.1138508214845856e-05
0.0006170776232226879
-0.00010284627053711464
0.0006890700125986682
0.0
0.0006942123261255239
-3.085388116113439e-05
0.0006222199367495436
-0.00011313089759082611
0.0007096392667060911
4.628082174170159e-05
0.0007302085208135139
-0.00010798858406397038
0.0007404931478672255
-5.142313526855732e-06
0.0006685007584912452
0.00012341552464453757
0.0009101894942534646
3.599619468799013e-05
0.0006736430720181009
-6.170776232226878e-05
0.0007816316560820713
-6.170776232226878e-05
0.0005142313526855732
0.0001594117193325277
0.0007096392667060911
-3.085388116113439e-05
0.000653073817910678
-5.142313526855732e-05
0.0007662047155015041
-0.0001285578381713933
0.0007044969531792353
-3.085388116113439e-05
0.0008381971048774844
0.0001439847787519605
0.0006170776232226879
-0.00011313089759082611
0.0007353508343403698
0.0
0.0007764893425552155
3.085388116113439e-05
0.0008433394184043401
-0.00014912709227881624
0.0006273622502763993
-5.142313526855732e-05
0.0007662047155015041
4.628082174170159e-05
0.0005605121744272748
-3.599619468799013e-05
0.0007559200884477926
-4.1138508214845856e-05
0.0007302085208135139
0.0001439847787519605
0.000786773969608927
1.0284627053711464e-05
0.0006942123261255239
-4.628082174170159e-05
0.0007816316560820713
9.770395701025892e-05
0.0007456354613940812
-9.770395701025892e-05
0.0008690509860386187
7.713470290283599e-05
0.0007559200884477926
4.1138508214845856e-05
0.0007250662072866582
4.628082174170159e-05
0.0006479315043838223
2.571156763427866e-05
0.0007764893425552155
4.1138508214845856e-05
0.0007096392667060911
-1.0284627053711464e-05
0.0006685007584912452
-7.199238937598025e-05
0.0006736430720181009
-4.1138508214845856e-05
0.0006119353096958321
2.571156763427866e-05
0.0007764893425552155
-0.0001594117193325277
0.0005605121744272748
0.00013884246522510477
0.0005502275473735634
-6.685007584912452e-05
0.0006479315043838223
-5.142313526855732e-05
0.0006736430720181009
2.0569254107422928e-05
0.0007250662072866582
-1.0284627053711464e-05
0.0007456354613940812
-6.685007584912452e-05
0.0005605121744272748
5.6565448795413055e-05
0.000632504563803255
0.0
0.0006633584449643895
-5.6565448795413055e-05
0.0006222199367495436
-2.571156763427866e-05
0.0006170776232226879
-3.599619468799013e-05
0.0006273622502763993
-1.0284627053711464e-05
0.0006376468773301108
-1.0284627053711464e-05
0.000596508369115265
-0.00013370015169824904
0.0005502275473735634
-0.00012341552464453757
0.0006839276990718123
0.00017998097343995063
0.0006993546396523796
0.00010284627053711464
0.000653073817910678
2.571156763427866e-05
0.0007147815802329468
-3.599619468799013e-05
0.0008536240454580516
7.713470290283599e-05
0.0005502275473735634
7.199238937598025e-05
0.0007507777749209369
-5.142313526855732e-06
0.0006427891908569666
0.0
0.0007302085208135139
-3.599619468799013e-05
0.0007662047155015041
-5.142313526855732e-06
0.0007662047155015041
5.142313526855732e-06
0.0008124855372432057
-0.00024683104928907514
0.0006736430720181009
3.599619468799013e-05
0.000786773969608927
-0.0001594117193325277
0.0007456354613940812
-8.741932995654745e-05
0.0007044969531792353
-0.00021083485460108502
0.0007919162831357828
-7.713470290283599e-05
0.0007404931478672255
4.1138508214845856e-05
0.0007970585966626385
-5.142313526855732e-06
0.0007816316560820713
-3.599619468799013e-05
0.000786773969608927
1.0284627053711464e-05
0.0009307587483608875
6.170776232226878e-05
0.0007147815802329468
0.0
0.0008536240454580516
-0.0001748386599130949
0.0008896202401460417
-0.00011827321111768185
0.00080734322371635
2.0569254107422928e-05
0.0006787853855449566
5.142313526855732e-05
0.00080734322371635
-0.00012341552464453757
0.0007353508343403698
5.142313526855732e-05
0.0007713470290283598
-5.142313526855732e-05
0.0006582161314375337
-8.741932995654745e-05
0.0006633584449643895
0.00013884246522510477
0.0006222199367495436
-1.5426940580567196e-05
0.0006376468773301108
0.0001594117193325277
0.0008896202401460417
4.1138508214845856e-05
0.0007662047155015041
4.1138508214845856e-05
0.0006633584449643895
-5.6565448795413055e-05
0.0005245159797392847
-0.0001748386599130949
0.0005348006067929962
1.5426940580567196e-05
0.0007044969531792353
6.170776232226878e-05
0.0008022009101894942
9.256164348340318e-05
0.000786773969608927
3.599619468799013e-05
0.000786773969608927
-5.142313526855732e-06
0.000653073817910678
0.0001285578381713933
0.0006170776232226879
9.256164348340318e-05
0.0007662047155015041
-4.1138508214845856e-05
0.0007199238937598025
-0.0001439847787519605
0.0006170776232226879
2.0569254107422928e-05
0.0007970585966626385
-4.1138508214845856e-05
0.0006787853855449566
2.0569254107422928e-05
0.0007404931478672255
0.00012341552464453757
0.0008176278507700614
-5.142313526855732e-06
0.0008793356130923302
-5.142313526855732e-05
0.0006170776232226879
0.00023140410870850796
0.0006170776232226879
5.6565448795413055e-05
0.0008022009101894942
2.571156763427866e-05
0.0004473812768364487
-0.00014912709227881624
0.0007199238937598025
-1.0284627053711464e-05
0.0006942123261255239
-2.0569254107422928e-05
0.000786773969608927
-0.0002674003033964981
0.0007507777749209369
-9.770395701025892e-05
0.000653073817910678
7.713470290283599e-05
0.0007199238937598025
0.0
0.0006787853855449566
-9.256164348340318e-05
0.0006427891908569666
-0.0001748386599130949
0.000632504563803255
0.00013370015169824904
0.000596508369115265
-4.628082174170159e-05
0.0005707968014809863
-0.00019540791402051784
0.0005810814285346977
-8.227701642969171e-05
0.0007919162831357828
-0.00020569254107422928
0.0006787853855449566
-6.685007584912452e-05
0.0008124855372432057
0.00013884246522510477
0.0006067929961689764
-1.5426940580567196e-05
0.00080734322371635
3.599619468799013e-05
0.0007404931478672255
-2.571156763427866e-05
0.0006942123261255239
-0.00011827321111768185
0.0006376468773301108
-0.00020569254107422928
0.0007816316560820713
-1.0284627053711464e-05
0.0006067929961689764
-9.770395701025892e-05
0.0008433394184043401
-5.6565448795413055e-05
0.0008999048671997532
-1.0284627053711464e-05
0.0007919162831357828
-1.0284627053711464e-05
0.0007919162831357828
-0.00013370015169824904
0.0005810814285346977
0.0
0.0007250662072866582
0.00010284627053711464
0.0005348006067929962
-7.199238937598025e-05
0.0005605121744272748
4.1138508214845856e-05
0.0007353508343403698
5.142313526855732e-06
0.0005450852338467076
5.6565448795413055e-05
0.0006890700125986682
3.599619468799013e-05
0.0007199238937598025
-2.0569254107422928e-05
0.0006993546396523796
4.628082174170159e-05
0.0006427891908569666
-0.00011313089759082611
0.0006890700125986682
9.256164348340318e-05
0.0008022009101894942
-5.142313526855732e-06
0.000786773969608927
0.00012341552464453757
0.0007919162831357828
5.142313526855732e-05
0.0007044969531792353
-5.142313526855732e-05
0.00080734322371635
3.599619468799013e-05
0.0006685007584912452
5.6565448795413055e-05
0.0005707968014809863
6.685007584912452e-05
0.000863908672511763
-0.00011313089759082611
0.0007199238937598025
-1.0284627053711464e-05
0.0006016506826421207
-8.741932995654745e-05
0.0006787853855449566
-0.00020569254107422928
0.0008536240454580516
-0.0001594117193325277
0.0006119353096958321
-6.685007584912452e-05
0.0007610624019746484
-4.628082174170159e-05
0.0005553698609004191
-5.6565448795413055e-05
0.0006427891908569666
0.00011827321111768185
0.0006273622502763993
1.5426940580567196e-05
0.0006839276990718123
5.6565448795413055e-05
0.0006016506826421207
-2.0569254107422928e-05
0.000653073817910678
-1.5426940580567196e-05
0.0007610624019746484
-0.00011827321111768185
0.0007610624019746484
-6.685007584912452e-05
0.0006067929961689764
0.0
0.0005245159797392847
-1.5426940580567196e-05
0.0005553698609004191
1.5426940580567196e-05
0.0007404931478672255
-0.0001748386599130949
0.0007250662072866582
-9.256164348340318e-05
0.000632504563803255
3.599619468799013e-05
0.0007199238937598025
-0.00016969634638623916
0.000575939115007842
1.5426940580567196e-05
0.0005399429203198519
0.0
0.000575939115007842
7.199238937598025e-05
0.0006839276990718123
3.599619468799013e-05
0.0006942123261255239
-7.199238937598025e-05
0.0008176278507700614
7.713470290283599e-05
0.0006582161314375337
-1.0284627053711464e-05
0.0008433394184043401
-2.571156763427866e-05
0.0006787853855449566
-9.256164348340318e-05
0.0005142313526855732
-3.599619468799013e-05
0.0005862237420615535
-8.741932995654745e-05
0.0007353508343403698
4.1138508214845856e-05
0.0007404931478672255
-3.599619468799013e-05
0.0006633584449643895
7.713470290283599e-05
0.0006736430720181009
3.085388116113439e-05
0.0007199238937598025
-9.770395701025892e-05
0.000653073817910678
-0.0001748386599130949
0.0007507777749209369
4.628082174170159e-05
0.0006787853855449566
-8.227701642969171e-05
0.0006685007584912452
-4.1138508214845856e-05
0.0006787853855449566
3.085388116113439e-05
0.0008227701642969171
-5.6565448795413055e-05
0.0007507777749209369
6.685007584912452e-05
0.0006736430720181009
-0.00010284627053711464
0.0005707968014809863
-5.142313526855732e-06
0.0006427891908569666
4.1138508214845856e-05
0.0008279124778237729
-9.770395701025892e-05
0.0009153318077803203
-7.713470290283599e-05
0.0006067929961689764
2.571156763427866e-05
0.0006787853855449566
-0.00016969634638623916
0.0006685007584912452
4.628082174170159e-05
0.0006067929961689764
5.142313526855732e-05
0.0005245159797392847
-5.142313526855732e-06
0.0008536240454580516
5.142313526855732e-06
0.00043709664978273726
8.227701642969171e-05
0.0006427891908569666
-0.00012341552464453757
0.0006479315043838223
-1.5426940580567196e-05
0.0006942123261255239
-5.142313526855732e-06
0.0005450852338467076
-9.256164348340318e-05
0.0004679505309438716
-0.00016969634638623916
0.0006993546396523796
-5.6565448795413055e-05
0.0006273622502763993
2.571156763427866e-05
0.0007507777749209369
-0.00016455403285938342
0.0006016506826421207
-9.256164348340318e-05
0.0005399429203198519
-0.00019540791402051784
0.0004165273956753143
-0.00011313089759082611
0.000632504563803255
6.170776232226878e-05
0.0007044969531792353
-7.199238937598025e-05
0.0005862237420615535
-0.00016455403285938342
0.0006787853855449566
0.0
0.0006170776232226879
-5.6565448795413055e-05
0.0008124855372432057
-0.00011827321111768185
0.0005656544879541305
-1.5426940580567196e-05
0.0006222199367495436
-9.256164348340318e-05
0.0007816316560820713
-5.6565448795413055e-05
0.0006839276990718123
-0.00012341552464453757
0.0007713470290283598
-0.00011827321111768185
0.0008124855372432057
7.713470290283599e-05
0.0007250662072866582
5.142313526855732e-05
0.0008279124778237729
7.713470290283599e-05
0.0006427891908569666
4.1138508214845856e-05
0.0007044969531792353
-0.00013884246522510477
0.0007250662072866582
1.0284627053711464e-05
0.0008124855372432057
-0.00011313089759082611
0.0007764893425552155
6.170776232226878e-05
0.000575939115007842
-0.00010284627053711464
0.000786773969608927
-0.00022626179518165222
0.0007559200884477926
-4.1138508214845856e-05
0.0005193736662124289
-2.0569254107422928e-05
0.0006942123261255239
-0.00013370015169824904
0.000632504563803255
-6.170776232226878e-05
0.000941043375414599
-6.170776232226878e-05
0.0007302085208135139
-4.628082174170159e-05
0.0006736430720181009
-3.085388116113439e-05
0.0006942123261255239
-5.142313526855732e-06
0.0006942123261255239
0.00011313089759082611
0.0006479315043838223
-0.0001439847787519605
0.0007610624019746484
-0.00011313089759082611
0.000632504563803255
-2.571156763427866e-05
0.0005245159797392847
3.599619468799013e-05
0.0006222199367495436
-0.00011827321111768185
0.000653073817910678
-2.571156763427866e-05
0.0007147815802329468
1.5426940580567196e-05
0.0007456354613940812
-0.00020055022754737354
0.0005862237420615535
5.142313526855732e-06
0.000632504563803255
-9.770395701025892e-05
0.0006273622502763993
-2.0569254107422928e-05
0.0006376468773301108
-5.142313526855732e-05
0.0007713470290283598
-5.142313526855732e-05
0.000653073817910678
8.741932995654745e-05
0.0007507777749209369
0.00017998097343995063
0.0007713470290283598
4.1138508214845856e-05
0.0007507777749209369
-0.00014912709227881624
0.0006890700125986682
-2.571156763427866e-05
0.0007662047155015041
-8.741932995654745e-05
0.0005810814285346977
-1.5426940580567196e-05
0.000632504563803255
-7.199238937598025e-05
0.0006582161314375337
2.571156763427866e-05
0.0006479315043838223
0.0
0.0005862237420615535
-0.00010284627053711464
0.0007559200884477926
0.00010798858406397038
0.0005862237420615535
-2.571156763427866e-05
0.0008433394184043401
0.00012341552464453757
0.0006222199367495436
-5.142313526855732e-05
0.000596508369115265
1.5426940580567196e-05
0.0008124855372432057
4.628082174170159e-05
0.0007096392667060911
0.0
0.0007919162831357828
0.00010798858406397038
0.0006787853855449566
5.142313526855732e-05
0.0006222199367495436
2.571156763427866e-05
0.0007456354613940812
1.5426940580567196e-05
0.0008124855372432057
-4.628082174170159e-05
0.0007970585966626385
5.142313526855732e-06
0.0006427891908569666
-0.00015426940580567198
0.0007096392667060911
7.199238937598025e-05
0.000632504563803255
-3.599619468799013e-05
0.0007147815802329468
0.00010798858406397038
0.0006170776232226879
-0.0001285578381713933
0.0008484817319311958
-0.00013370015169824904
0.0008947625536728974
5.142313526855732e-06
0.0006273622502763993
-1.0284627053711464e-05
0.0007044969531792353
-6.685007584912452e-05
0.0007970585966626385
-3.599619468799013e-05
0.0007456354613940812
-4.1138508214845856e-05
0.0006016506826421207
-4.628082174170159e-05
0.0007096392667060911
-6.685007584912452e-05
0.0007250662072866582
-2.571156763427866e-05
0.0005450852338467076
-5.6565448795413055e-05
0.0007764893425552155
-5.142313526855732e-06
0.000596508369115265
-8.227701642969171e-05
0.0008176278507700614
5.142313526855732e-06
0.0008381971048774844
-0.00011827321111768185
0.0006479315043838223
-0.0001439847787519605
0.0006170776232226879
9.256164348340318e-05
0.0007456354613940812
-7.713470290283599e-05
0.0005707968014809863
-0.00011827321111768185
0.0007353508343403698
-2.0569254107422928e-05
0.0007507777749209369
-1.0284627053711464e-05
0.0007816316560820713
-9.770395701025892e-05
0.0006067929961689764
-0.00013370015169824904
0.0007302085208135139
1.0284627053711464e-05
0.0007713470290283598
8.227701642969171e-05
0.0007764893425552155
5.142313526855732e-06
0.0009050471807266089
-0.0001285578381713933
0.0007507777749209369
3.085388116113439e-05
0.0006119353096958321
-1.0284627053711464e-05
0.0006787853855449566
5.142313526855732e-05
0.0007456354613940812
-0.00011827321111768185
0.0006942123261255239
-1.5426940580567196e-05
0.0007456354613940812
0.00010798858406397038
0.0005502275473735634
-1.0284627053711464e-05
0.0007404931478672255
-0.0001439847787519605
0.0008227701642969171
-4.628082174170159e-05
0.0006119353096958321
-1.5426940580567196e-05
0.0005193736662124289
5.142313526855732e-05
0.0006427891908569666
1.5426940580567196e-05
0.0006787853855449566
-0.00011827321111768185
0.0006222199367495436
-5.6565448795413055e-05
0.0009050471807266089
-1.0284627053711464e-05
0.0006582161314375337
7.199238937598025e-05
0.000653073817910678
2.571156763427866e-05
0.0006427891908569666
-0.00016969634638623916
0.0007816316560820713
-0.00011827321111768185
0.0007764893425552155
3.085388116113439e-05
0.0005862237420615535
0.00012341552464453757
0.0007199238937598025
0.00013884246522510477
0.0006016506826421207
7.199238937598025e-05
0.0006787853855449566
0.0
0.0006479315043838223
-0.00022626179518165222
0.0007044969531792353
-5.6565448795413055e-05
0.0007764893425552155
1.0284627053711464e-05
0.0006993546396523796
0.00011313089759082611
0.0005913660555884092
-3.085388116113439e-05
0.0007919162831357828
-0.0001285578381713933
0.0006942123261255239
-1.0284627053711464e-05
0.0006222199367495436
-0.0001594117193325277
0.000786773969608927
-0.0001594117193325277
0.0009050471807266089
4.628082174170159e-05
0.0007610624019746484
0.0
0.0008484817319311958
-0.00014912709227881624
0.0006993546396523796
-2.571156763427866e-05
0.000575939115007842
4.628082174170159e-05
0.0008999048671997532
-6.685007584912452e-05
0.0007559200884477926
-0.00029311187103077673
0.0006993546396523796
-1.0284627053711464e-05
0.0007919162831357828
-9.256164348340318e-05
0.0006633584449643895
-7.713470290283599e-05
0.000863908672511763
3.599619468799013e-05
0.0006787853855449566
0.0001285578381713933
0.0006170776232226879
4.628082174170159e-05
0.0007713470290283598
3.085388116113439e-05
0.0006273622502763993
-0.0001285578381713933
0.0007404931478672255
5.6565448795413055e-05
0.0006993546396523796
-0.00010798858406397038
0.0007713470290283598
-6.685007584912452e-05
0.0006119353096958321
-0.00010284627053711464
0.0005296582932661404
1.0284627053711464e-05
0.0007456354613940812
-0.00010284627053711464
0.0007147815802329468
-9.770395701025892e-05
0.0005862237420615535
-8.741932995654745e-05
0.0005913660555884092
4.628082174170159e-05
0.0005142313526855732
-0.0001439847787519605
0.0007353508343403698
-3.085388116113439e-05
0.0005090890391587175
7.199238937598025e-05
0.0005553698609004191
-5.6565448795413055e-05
0.000596508369115265
-1.5426940580567196e-05
0.0006376468773301108
-0.0001748386599130949
0.0008536240454580516
-3.599619468799013e-05
0.0006685007584912452
1.0284627053711464e-05
0.0006839276990718123
8.741932995654745e-05
0.0006170776232226879
0.00011313089759082611
0.0005656544879541305
-0.00010284627053711464
0.0007456354613940812
0.0
0.0008381971048774844
-3.085388116113439e-05
0.0006942123261255239
-0.00018512328696680637
0.0006993546396523796
3.085388116113439e-05
0.0005707968014809863
-6.685007584912452e-05
0.0008227701642969171
-1.5426940580567196e-05
0.0007199238937598025
6.170776232226878e-05
0.0007199238937598025
-7.199238937598025e-05
0.0006736430720181009
1.5426940580567196e-05
0.0007456354613940812
0.0
0.0007199238937598025
0.00013370015169824904
0.0007147815802329468
1.0284627053711464e-05
0.0007559200884477926
-0.00011827321111768185
0.0006479315043838223
3.599619468799013e-05
0.000632504563803255
5.142313526855732e-06
0.0006222199367495436
-4.628082174170159e-05
0.0006942123261255239
-5.6565448795413055e-05
0.0007662047155015041
-9.770395701025892e-05
0.0006993546396523796
-7.713470290283599e-05
0.0006685007584912452
4.628082174170159e-05
0.0005913660555884092
-7.713470290283599e-05
0.0006942123261255239
-8.227701642969171e-05
0.0005245159797392847
2.571156763427866e-05
0.0007250662072866582
-5.142313526855732e-05
0.0008793356130923302
7.713470290283599e-05
0.0004679505309438716
1.0284627053711464e-05
0.0007044969531792353
-1.5426940580567196e-05
0.0007147815802329468
-0.0001902656004936621
0.0005810814285346977
-2.0569254107422928e-05
0.0007147815802329468
-6.170776232226878e-05
0.0006839276990718123
-0.00012341552464453757
0.0006222199367495436
-2.0569254107422928e-05
0.0006222199367495436
-6.170776232226878e-05
0.0008124855372432057
-0.00024683104928907514
0.00080734322371635
-6.685007584912452e-05
0.0007250662072866582
-7.199238937598025e-05
0.0005450852338467076
6.170776232226878e-05
0.0005913660555884092
5.6565448795413055e-05
0.000632504563803255
6.170776232226878e-05
0.000632504563803255
-0.00012341552464453757
0.0007199238937598025
-5.142313526855732e-06
0.00045252359036330444
-0.00010284627053711464
0.0007096392667060911
-0.00021083485460108502
0.0006942123261255239
-9.256164348340318e-05
0.0005913660555884092
-0.00015426940580567198
0.0008381971048774844
-8.227701642969171e-05
0.0006890700125986682
-0.00011313089759082611
0.0007610624019746484
-5.142313526855732e-05
0.0006839276990718123
-5.142313526855732e-05
0.0006685007584912452
-0.00017998097343995063
0.0007662047155015041
-1.5426940580567196e-05
0.00043709664978273726
4.1138508214845856e-05
0.0007353508343403698
1.5426940580567196e-05
0.0006582161314375337
-7.713470290283599e-05
0.0006685007584912452
-0.00021597716812794075
0.0008279124778237729
4.628082174170159e-05
0.0005142313526855732
5.142313526855732e-06
0.0005656544879541305
-7.199238937598025e-05
0.0004936620985781503
-0.00012341552464453757
0.0006633584449643895
-9.256164348340318e-05
0.0006736430720181009
4.1138508214845856e-05
0.0006685007584912452
-0.00024168873576221943
0.0006890700125986682
0.00013370015169824904
0.0007456354613940812
-9.770395701025892e-05
0.0005862237420615535
5.142313526855732e-06
0.0007199238937598025
3.599619468799013e-05
0.0009256164348340318
1.0284627053711464e-05
0.0007713470290283598
-8.741932995654745e-05
0.000786773969608927
-9.770395701025892e-05
0.0007199238937598025
-9.256164348340318e-05
0.00080734322371635
4.1138508214845856e-05
0.0007353508343403698
-0.00011827321111768185
0.0007507777749209369
1.5426940580567196e-05
0.0006273622502763993
6.170776232226878e-05
0.0008176278507700614
-5.142313526855732e-05
0.0006273622502763993
2.0569254107422928e-05
0.0007302085208135139
-9.770395701025892e-05
0.0007764893425552155
-9.770395701025892e-05
0.0005245159797392847
2.571156763427866e-05
0.0006993546396523796
-7.199238937598025e-05
0.0007147815802329468
-1.5426940580567196e-05
0.0005502275473735634
-6.170776232226878e-05
0.0006839276990718123
-0.00014912709227881624
0.0006222199367495436
-9.256164348340318e-05
0.0007044969531792353
-0.00011827321111768185
0.0007507777749209369
-0.00012341552464453757
0.0007764893425552155
-9.256164348340318e-05
0.0007250662072866582
1.5426940580567196e-05
0.0007147815802329468
-5.142313526855732e-05
0.0007096392667060911
-5.6565448795413055e-05
0.0007353508343403698
-5.142313526855732e-06
0.0006685007584912452
7.713470290283599e-05
0.0005810814285346977
-3.599619468799013e-05
0.0008022009101894942
-2.0569254107422928e-05
0.0006376468773301108
-0.00015426940580567198
0.0007816316560820713
-4.1138508214845856e-05
0.000575939115007842
-5.142313526855732e-06
0.0007970585966626385
-0.00010284627053711464
0.0008433394184043401
-4.1138508214845856e-05
0.0006633584449643895
6.170776232226878e-05
0.0007353508343403698
-1.5426940580567196e-05
0.0007919162831357828
-8.227701642969171e-05
0.0006787853855449566
-9.770395701025892e-05
0.0008330547913506286
7.199238937598025e-05
0.0007302085208135139
-5.142313526855732e-06
0.0007096392667060911
-0.00021597716812794075
0.0006170776232226879
8.741932995654745e-05
0.0007199238937598025
-4.628082174170159e-05
0.0006942123261255239
5.142313526855732e-06
0.0007456354613940812
-2.571156763427866e-05
0.0007044969531792353
5.142313526855732e-06
0.0005862237420615535
-9.770395701025892e-05
0.0007302085208135139
-1.0284627053711464e-05
0.0006016506826421207
-1.0284627053711464e-05
0.000596508369115265
-3.085388116113439e-05
0.0009667549430488777
-1.5426940580567196e-05
0.0006685007584912452
3.085388116113439e-05
0.0006839276990718123
-8.741932995654745e-05
0.0009307587483608875
-3.599619468799013e-05
0.0007199238937598025
-9.256164348340318e-05
0.000632504563803255
-2.0569254107422928e-05
0.0006222199367495436
1.5426940580567196e-05
0.0007970585966626385
-0.00012341552464453757
0.0007147815802329468
-9.770395701025892e-05
0.0006479315043838223
-7.713470290283599e-05
0.0007404931478672255
-2.571156763427866e-05
0.0006016506826421207
1.5426940580567196e-05
0.0008947625536728974
8.227701642969171e-05
0.0009307587483608875
-5.142313526855732e-05
0.000653073817910678
-6.685007584912452e-05
0.0008381971048774844
0.0001285578381713933
0.0007044969531792353
-4.1138508214845856e-05
0.0006582161314375337
-0.00018512328696680637
0.0006016506826421207
1.0284627053711464e-05
0.0006633584449643895
-3.599619468799013e-05
0.0007559200884477926
6.685007584912452e-05
0.0007816316560820713
6.170776232226878e-05
0.0006273622502763993
-7.199238937598025e-05
0.0007404931478672255
8.227701642969171e-05
0.0005913660555884092
-0.00016969634638623916
0.0008227701642969171
-1.5426940580567196e-05
0.0005605121744272748
-9.770395701025892e-05
0.0006787853855449566
1.0284627053711464e-05
0.00080734322371635
5.142313526855732e-06
0.0006427891908569666
-0.00023140410870850796
0.0008947625536728974
4.1138508214845856e-05
0.000653073817910678
-0.00012341552464453757
0.0006427891908569666
-0.00016455403285938342
0.0006787853855449566
-6.685007584912452e-05
0.0007096392667060911
-1.0284627053711464e-05
0.0006633584449643895
-1.0284627053711464e-05
0.0005090890391587175
0.0001439847787519605
0.0007353508343403698
3.599619468799013e-05
0.000653073817910678
-0.00017998097343995063
0.000575939115007842
0.0001285578381713933
0.0007919162831357828
0.00013370015169824904
0.0006016506826421207
9.770395701025892e-05
0.0008433394184043401
-0.00021597716812794075
0.0005913660555884092
-6.170776232226878e-05
0.0007970585966626385
5.6565448795413055e-05
0.0007147815802329468
-0.00011827321111768185
0.0006119353096958321
-5.142313526855732e-05
0.0007250662072866582
-2.571156763427866e-05
0.0007147815802329468
-0.00016969634638623916
0.0005656544879541305
-4.1138508214845856e-05
0.000596508369115265
7.713470290283599e-05
0.0006890700125986682
-4.1138508214845856e-05
0.0006479315043838223
0.0
0.0006222199367495436
1.5426940580567196e-05
0.0006942123261255239
2.571156763427866e-05
0.0006582161314375337
5.142313526855732e-06
0.0006736430720181009
-7.713470290283599e-05
0.0004782351579975831
-0.00012341552464453757
0.0005707968014809863
-8.227701642969171e-05
0.0006479315043838223
-6.170776232226878e-05
0.00080734322371635
-5.6565448795413055e-05
0.0007302085208135139
6.685007584912452e-05
0.0006427891908569666
-4.628082174170159e-05
0.0005913660555884092
-0.00012341552464453757
0.0005862237420615535
-0.00017998097343995063
0.0005810814285346977
0.0001594117193325277
0.0008433394184043401
-2.571156763427866e-05
0.0004679505309438716
9.256164348340318e-05
0.0005502275473735634
-4.628082174170159e-05
0.0007816316560820713
-5.6565448795413055e-05
0.0007559200884477926
-6.685007584912452e-05
0.0008330547913506286
-6.170776232226878e-05
0.0005656544879541305
-0.00014912709227881624
0.0005193736662124289
-4.628082174170159e-05
0.0008381971048774844
-7.199238937598025e-05
0.0007610624019746484
-2.571156763427866e-05
0.0007559200884477926
-7.713470290283599e-05
0.000653073817910678
-0.00016969634638623916
0.0006376468773301108
-1.5426940580567196e-05
0.0007147815802329468
-0.0001439847787519605
0.0007096392667060911
-0.00010798858406397038
0.0006222199367495436
-5.142313526855732e-05
0.0006890700125986682
-0.00010284627053711464
0.0006942123261255239
-3.599619468799013e-05
0.0008330547913506286
-0.00012341552464453757
0.0006736430720181009
-8.227701642969171e-05
0.0006839276990718123
5.6565448795413055e-05
0.0006582161314375337
-2.571156763427866e-05
0.0007096392667060911
-0.00011827321111768185
0.0006839276990718123
-0.00015426940580567198
0.0006016506826421207
3.085388116113439e-05
0.0008227701642969171
-6.685007584912452e-05
0.0006736430720181009
-2.571156763427866e-05
0.0005913660555884092
-3.599619468799013e-05
0.0007199238937598025
-6.685007584912452e-05
0.0006633584449643895
-6.170776232226878e-05
0.0006839276990718123
9.770395701025892e-05
0.000632504563803255
-3.599619468799013e-05
0.0006119353096958321
0.00010284627053711464
0.0007919162831357828
-2.0569254107422928e-05
0.0008227701642969171
-8.227701642969171e-05
0.0004679505309438716
-5.6565448795413055e-05
0.0007919162831357828
-0.0001439847787519605
0.0006273622502763993
-4.1138508214845856e-05
0.0006119353096958321
-0.00021597716812794075
0.0006479315043838223
4.628082174170159e-05
0.000786773969608927
-5.142313526855732e-05
0.000632504563803255
-5.142313526855732e-06
0.0005090890391587175
-7.199238937598025e-05
0.000575939115007842
-6.685007584912452e-05
0.0006479315043838223
-5.142313526855732e-06
0.0006427891908569666
2.0569254107422928e-05
0.0006993546396523796
-0.00020055022754737354
0.0005090890391587175
6.170776232226878e-05
0.0006067929961689764
-1.0284627053711464e-05
0.0008022009101894942
0.00022626179518165222
0.000632504563803255
-9.770395701025892e-05
0.0005810814285346977
4.628082174170159e-05
0.000575939115007842
-3.085388116113439e-05
0.0008741932995654745
-0.00011313089759082611
0.0008536240454580516
6.170776232226878e-05
0.0005553698609004191
0.00010284627053711464
0.0005553698609004191
-5.6565448795413055e-05
0.0008330547913506286
-4.628082174170159e-05
0.000498804412105006
-0.00020569254107422928
0.0006582161314375337
-6.170776232226878e-05
0.0005707968014809863
2.0569254107422928e-05
0.0007302085208135139
5.142313526855732e-06
0.0006222199367495436
-0.00016455403285938342
0.0005090890391587175
-0.00015426940580567198
0.0006376468773301108
-7.199238937598025e-05
0.0006479315043838223
0.00010798858406397038
0.0006839276990718123
-0.00014912709227881624
0.0006067929961689764
-5.142313526855732e-06
0.0008022009101894942
-2.0569254107422928e-05
0.0006685007584912452
0.00010284627053711464
0.0007764893425552155
5.142313526855732e-05
0.0006016506826421207
-0.00016455403285938342
0.000786773969608927
0.00012341552464453757
0.0007919162831357828
-0.00011827321111768185
0.0007044969531792353
0.0
0.0007559200884477926
5.142313526855732e-05
0.0007610624019746484
-5.6565448795413055e-05
0.0006427891908569666
-3.085388116113439e-05
0.0006427891908569666
-0.00010284627053711464
0.0008433394184043401
-0.0002519733628159309
0.0007044969531792353
8.741932995654745e-05
0.0007662047155015041
-5.142313526855732e-06
0.0006839276990718123
-0.00011313089759082611
0.0007353508343403698
-8.741932995654745e-05
0.0008484817319311958
8.741932995654745e-05
0.0006427891908569666
-3.599619468799013e-05
0.0007764893425552155
3.085388116113439e-05
0.0007610624019746484
-0.00010798858406397038
0.0006582161314375337
-6.685007584912452e-05
0.0005450852338467076
3.085388116113439e-05
0.0006119353096958321
0.0
0.00043709664978273726
-8.227701642969171e-05
0.000632504563803255
3.085388116113439e-05
0.000941043375414599
0.0
0.0007610624019746484
5.142313526855732e-06
0.0007764893425552155
4.1138508214845856e-05
0.0008176278507700614
0.0
0.0006170776232226879
-3.599619468799013e-05
0.0006067929961689764
-1.0284627053711464e-05
0.000786773969608927
-2.0569254107422928e-05
0.0006170776232226879
-0.0001439847787519605
0.0006376468773301108
-6.170776232226878e-05
0.0006890700125986682
-0.0001285578381713933
0.0007816316560820713
2.0569254107422928e-05
0.0006427891908569666
-6.685007584912452e-05
0.0008330547913506286
-2.0569254107422928e-05
0.0007919162831357828
5.6565448795413055e-05
0.000632504563803255
-2.0569254107422928e-05
0.0007147815802329468
-2.0569254107422928e-05
0.0006993546396523796
0.0
0.0006376468773301108
-5.6565448795413055e-05
0.0005296582932661404
0.00011313089759082611
0.0006016506826421207
6.170776232226878e-05
0.0007919162831357828
-5.142313526855732e-05
0.000575939115007842
-0.00020055022754737354
0.0006993546396523796
-1.5426940580567196e-05
0.0006067929961689764
-3.599619468799013e-05
0.0005913660555884092
7.713470290283599e-05
0.0008433394184043401
5.142313526855732e-05
0.0006942123261255239
5.142313526855732e-06
0.0007404931478672255
-2.571156763427866e-05
0.0005656544879541305
9.256164348340318e-05
0.0007662047155015041
-9.256164348340318e-05
0.0005707968014809863
-6.685007584912452e-05
0.0006582161314375337
-7.713470290283599e-05
0.0006427891908569666
-6.685007584912452e-05
0.0007610624019746484
5.142313526855732e-06
0.0007404931478672255
-4.1138508214845856e-05
0.0007302085208135139
-0.00013884246522510477
0.0007662047155015041
0.0001594117193325277
0.0007919162831357828
-0.00015426940580567198
0.0007610624019746484
-1.5426940580567196e-05
0.0006222199367495436
5.142313526855732e-05
0.000653073817910678
-7.199238937598025e-05
0.0008690509860386187
1.5426940580567196e-05
0.0005656544879541305
-0.0001439847787519605
0.0007353508343403698
-6.170776232226878e-05
0.0006427891908569666
-2.0569254107422928e-05
0.0006170776232226879
-0.0001594117193325277
0.0008536240454580516
-2.571156763427866e-05
0.0008587663589849073
-0.00016969634638623916
0.0005913660555884092
-7.199238937598025e-05
0.0006016506826421207
-0.00017998097343995063
0.0007353508343403698
-0.0001594117193325277
0.0007816316560820713
4.628082174170159e-05
0.000653073817910678
-5.6565448795413055e-05
0.0005502275473735634
-0.0001439847787519605
0.0006170776232226879
-0.00020055022754737354
0.0006633584449643895
-0.00011827321111768185
0.0006685007584912452
-3.599619468799013e-05
0.0006787853855449566
4.1138508214845856e-05
0.0006582161314375337
-8.227701642969171e-05
0.0005862237420615535
1.0284627053711464e-05
0.0007559200884477926
9.770395701025892e-05
0.0008536240454580516
0.0
0.0006273622502763993
-1.5426940580567196e-05
0.0006633584449643895
-8.741932995654745e-05
0.0007919162831357828
4.1138508214845856e-05
0.0008330547913506286
-7.713470290283599e-05
0.0007764893425552155
0.00017998097343995063
0.0006222199367495436
-0.00010798858406397038
0.0008022009101894942
0.00010798858406397038
0.0006119353096958321
5.142313526855732e-05
0.0006222199367495436
-4.628082174170159e-05
0.0005245159797392847
4.1138508214845856e-05
0.0007096392667060911
-9.256164348340318e-05
0.000575939115007842
-0.00013884246522510477
0.0005348006067929962
-1.5426940580567196e-05
0.0005502275473735634
-3.085388116113439e-05
0.0006633584449643895
-0.00011313089759082611
0.0006942123261255239
-8.741932995654745e-05
0.0006942123261255239
-7.199238937598025e-05
0.0006427891908569666
-5.6565448795413055e-05
0.0006170776232226879
-4.628082174170159e-05
0.0007353508343403698
-2.0569254107422928e-05
0.0006273622502763993
-5.142313526855732e-05
0.0005553698609004191
-0.00022626179518165222
0.0007302085208135139
5.6565448795413055e-05
0.0006376468773301108
-0.00010284627053711464
0.0007456354613940812
-7.199238937598025e-05
0.0007610624019746484
0.00013884246522510477
0.0006993546396523796
9.256164348340318e-05
0.000786773969608927
2.571156763427866e-05
0.0005450852338467076
-4.1138508214845856e-05
0.0007559200884477926
-7.713470290283599e-05
0.0007816316560820713
-7.199238937598025e-05
0.0007302085208135139
-0.00013370015169824904
0.0005810814285346977
-0.00011313089759082611
0.0007404931478672255
-9.770395701025892e-05
0.0006479315043838223
-5.142313526855732e-05
0.0006427891908569666
7.199238937598025e-05
0.0007199238937598025
-0.00016969634638623916
0.0005913660555884092
-5.142313526855732e-05
0.0006119353096958321
-0.0002674003033964981
0.0007919162831357828
-5.6565448795413055e-05
0.0004679505309438716
-0.00011313089759082611
0.0005913660555884092
1.0284627053711464e-05
0.000632504563803255
-7.199238937598025e-05
0.0006479315043838223
-0.00013370015169824904
0.0006376468773301108
-8.741932995654745e-05
0.0006273622502763993
-9.770395701025892e-05
0.0006273622502763993
-0.00018512328696680637
0.0007353508343403698
0.00010798858406397038
0.0006736430720181009
9.770395701025892e-05
0.0007096392667060911
0.00019540791402051784
0.0007147815802329468
0.0001439847787519605
0.0009307587483608875
-1.5426940580567196e-05
0.0006890700125986682
-0.00021083485460108502
0.000632504563803255
-0.00010798858406397038
0.0006633584449643895
5.142313526855732e-05
0.0006427891908569666
-1.0284627053711464e-05
0.0007096392667060911
-7.713470290283599e-05
0.0007456354613940812
-6.170776232226878e-05
0.0007816316560820713
2.0569254107422928e-05
0.0007302085208135139
-0.00010284627053711464
0.0007096392667060911
5.142313526855732e-06
0.00045766590389016015
-2.571156763427866e-05
0.0006582161314375337
-0.00013370015169824904
0.0006273622502763993
-5.142313526855732e-05
0.0008484817319311958
0.00013370015169824904
0.00042166970920217003
8.227701642969171e-05
0.0007250662072866582
5.142313526855732e-06
0.0005913660555884092
-8.741932995654745e-05
0.0008124855372432057
-4.628082174170159e-05
0.0007713470290283598
-5.142313526855732e-06
0.0006993546396523796
0.00010284627053711464
0.0006067929961689764
-8.741932995654745e-05
0.0006839276990718123
-0.0001285578381713933
0.000786773969608927
3.599619468799013e-05
0.0006736430720181009
-0.00012341552464453757
0.0006685007584912452
-7.199238937598025e-05
0.000596508369115265
0.00010284627053711464
0.0007044969531792353
-3.599619468799013e-05
0.0007662047155015041
-5.142313526855732e-05
0.0005502275473735634
-7.199238937598025e-05
0.0007610624019746484
-8.227701642969171e-05
0.0005245159797392847
-6.685007584912452e-05
0.0007199238937598025
5.142313526855732e-06
0.0007250662072866582
-1.5426940580567196e-05
0.0006685007584912452
-6.685007584912452e-05
0.000575939115007842
-3.085388116113439e-05
0.000653073817910678
-1.5426940580567196e-05
0.0006376468773301108
-5.142313526855732e-05
0.0006016506826421207
-0.00015426940580567198
0.0007353508343403698
-6.685007584912452e-05
0.0006685007584912452
-4.1138508214845856e-05
0.0004319543362558815
-5.142313526855732e-06
0.0005142313526855732
-5.142313526855732e-06
0.0007713470290283598
-6.685007584912452e-05
0.0007147815802329468
-1.0284627053711464e-05
0.0006839276990718123
-5.142313526855732e-06
0.0006839276990718123
5.142313526855732e-06
0.0006067929961689764
4.1138508214845856e-05
0.0007044969531792353
-3.599619468799013e-05
0.0007044969531792353
-5.142313526855732e-06
0.0008022009101894942
4.628082174170159e-05
0.0008227701642969171
6.170776232226878e-05
0.0009153318077803203
-0.00014912709227881624
0.0007199238937598025
-1.5426940580567196e-05
0.00080734322371635
-5.142313526855732e-06
0.0006016506826421207
-1.5426940580567196e-05
0.0007456354613940812
-7.713470290283599e-05
0.0007147815802329468
2.571156763427866e-05
0.0006479315043838223
3.599619468799013e-05
0.0006222199367495436
3.085388116113439e-05
0.000596508369115265
-1.0284627053711464e-05
0.0008484817319311958
-0.00013884246522510477
0.0007147815802329468
5.6565448795413055e-05
0.0006582161314375337
5.142313526855732e-06
0.0006273622502763993
-4.628082174170159e-05
0.0006582161314375337
-9.770395701025892e-05
0.0006222199367495436
-7.713470290283599e-05
0.0006736430720181009
4.628082174170159e-05
0.0006787853855449566
-0.00024168873576221943
0.0007404931478672255
-5.6565448795413055e-05
0.0006942123261255239
-0.0001594117193325277
0.0007250662072866582
-1.5426940580567196e-05
0.0006016506826421207
2.571156763427866e-05
0.000632504563803255
-9.256164348340318e-05
0.0007096392667060911
-9.770395701025892e-05
0.0005656544879541305
-2.571156763427866e-05
0.0006273622502763993
1.5426940580567196e-05
0.0007096392667060911
-7.199238937598025e-05
0.0006736430720181009
-6.170776232226878e-05
0.000596508369115265
-4.628082174170159e-05
0.0008484817319311958
-7.199238937598025e-05
0.0007559200884477926
7.199238937598025e-05
0.0007044969531792353
-3.085388116113439e-05
0.0007764893425552155
1.5426940580567196e-05
0.0008896202401460417
5.6565448795413055e-05
0.0005913660555884092
0.0
0.0006890700125986682
0.00010284627053711464
0.0006839276990718123
7.713470290283599e-05
0.0007662047155015041
7.713470290283599e-05
0.0006993546396523796
1.0284627053711464e-05
0.0005707968014809863
-1.5426940580567196e-05
0.0007507777749209369
1.0284627053711464e-05
0.0005245159797392847
4.628082174170159e-05
0.000786773969608927
5.142313526855732e-06
0.0008022009101894942
0.00016455403285938342
0.000596508369115265
1.5426940580567196e-05
0.0007096392667060911
-0.00011827321111768185
0.000632504563803255
-2.571156763427866e-05
0.0006222199367495436
0.0001285578381713933
0.0006479315043838223
1.0284627053711464e-05
0.000653073817910678
-8.741932995654745e-05
0.0005913660555884092
-3.085388116113439e-05
0.0006736430720181009
-7.199238937598025e-05
0.0006942123261255239
4.1138508214845856e-05
0.0006067929961689764
-3.085388116113439e-05
0.0005296582932661404
3.599619468799013e-05
0.0006685007584912452
-0.00012341552464453757
0.0006479315043838223
9.256164348340318e-05
0.0007662047155015041
0.0
0.0007250662072866582
-2.571156763427866e-05
0.0007662047155015041
7.713470290283599e-05
0.0006787853855449566
-0.00013370015169824904
0.000632504563803255
8.741932995654745e-05
0.0005862237420615535
-0.00017998097343995063
0.0006119353096958321
3.599619468799013e-05
0.0007096392667060911
5.142313526855732e-06
0.0005193736662124289
-5.142313526855732e-06
0.0005605121744272748
5.6565448795413055e-05
0.0006787853855449566
-6.685007584912452e-05
0.0005810814285346977
4.1138508214845856e-05
0.000632504563803255
-2.571156763427866e-05
0.0007507777749209369
-0.00020569254107422928
0.0006582161314375337
8.227701642969171e-05
0.0005553698609004191
-0.00013884246522510477
0.00048337747152443886
7.713470290283599e-05
0.0007044969531792353
0.0
0.0006427891908569666
6.685007584912452e-05
0.0005913660555884092
-6.170776232226878e-05
0.000786773969608927
1.5426940580567196e-05
0.000596508369115265
-0.00012341552464453757
0.0006067929961689764
-0.0001285578381713933
0.000653073817910678
-8.741932995654745e-05
0.0006942123261255239
-0.00018512328696680637
0.0007816316560820713
-8.741932995654745e-05
0.0006222199367495436
3.599619468799013e-05
0.0007713470290283598
6.170776232226878e-05
0.0005142313526855732
0.0001439847787519605
0.0005553698609004191
-0.00011313089759082611
0.0008947625536728974
-4.1138508214845856e-05
0.0008022009101894942
1.5426940580567196e-05
0.0006839276990718123
0.00010284627053711464
0.0005707968014809863
-0.0001285578381713933
0.0005707968014809863
-1.5426940580567196e-05
0.0005913660555884092
-0.00016969634638623916
0.0005707968014809863
-7.713470290283599e-05
0.0006119353096958321
5.6565448795413055e-05
0.0007713470290283598
-0.0001439847787519605
0.0007147815802329468
-7.713470290283599e-05
0.0005913660555884092
0.00011827321111768185
0.0006890700125986682
-8.227701642969171e-05
0.0006273622502763993
-5.6565448795413055e-05
0.0006787853855449566
-9.256164348340318e-05
0.000596508369115265
-1.0284627053711464e-05
0.0008484817319311958
-7.713470290283599e-05
0.0006993546396523796
0.00010798858406397038
0.0006067929961689764
-9.770395701025892e-05
0.0008587663589849073
-3.085388116113439e-05
0.000786773969608927
8.227701642969171e-05
0.0006993546396523796
-5.142313526855732e-05
0.0006942123261255239
9.770395701025892e-05
0.0007559200884477926
0.00011827321111768185
0.0007044969531792353
-4.628082174170159e-05
0.0004730928444707274
3.599619468799013e-05
0.0007507777749209369
-7.199238937598025e-05
0.000596508369115265
-0.00017998097343995063
0.0006736430720181009
-5.142313526855732e-05
0.0005605121744272748
7.199238937598025e-05
0.0006839276990718123
0.00011827321111768185
0.0008433394184043401
8.741932995654745e-05
0.0008279124778237729
3.599619468799013e-05
0.0006222199367495436
-0.00014912709227881624
0.0007044969531792353
5.142313526855732e-06
0.0006376468773301108
8.227701642969171e-05
0.0006067929961689764
-5.142313526855732e-05
0.0007096392667060911
4.628082174170159e-05
0.0006427891908569666
-4.1138508214845856e-05
0.0006170776232226879
-7.199238937598025e-05
0.0006582161314375337
2.571156763427866e-05
0.0006685007584912452
-0.00012341552464453757
0.0007816316560820713
-8.227701642969171e-05
0.0006479315043838223
-6.685007584912452e-05
0.0006067929961689764
-0.0001439847787519605
0.0007662047155015041
6.170776232226878e-05
0.0006787853855449566
-3.085388116113439e-05
0.0006685007584912452
-9.770395701025892e-05
0.0005707968014809863
-0.00013370015169824904
0.0006273622502763993
1.0284627053711464e-05
0.0007713470290283598
-7.199238937598025e-05
0.0008433394184043401
0.0
0.0006119353096958321
0.00010284627053711464
0.000632504563803255
-9.256164348340318e-05
0.0006890700125986682
-5.6565448795413055e-05
0.0007764893425552155
-4.1138508214845856e-05
0.0007404931478672255
-9.256164348340318e-05
0.0009667549430488777
-7.713470290283599e-05
0.0007147815802329468
0.00011827321111768185
0.0008536240454580516
-0.00011313089759082611
0.0006685007584912452
-0.00010284627053711464
0.0006170776232226879
-8.741932995654745e-05
0.0008124855372432057
0.0001285578381713933
0.0006170776232226879
-0.00010284627053711464
0.0007764893425552155
-4.628082174170159e-05
0.000596508369115265
-0.0001285578381713933
0.0006942123261255239
-1.5426940580567196e-05
0.000863908672511763
-6.685007584912452e-05
0.0005605121744272748
-5.142313526855732e-06
0.0006222199367495436
-0.00010284627053711464
0.0007816316560820713
3.085388116113439e-05
0.0007507777749209369
-8.741932995654745e-05
0.0007250662072866582
-2.0569254107422928e-05
0.0007250662072866582
-8.741932995654745e-05
0.0008227701642969171
2.571156763427866e-05
0.0007404931478672255
5.142313526855732e-05
0.0008279124778237729
-0.00027768493045020955
0.0006787853855449566
-8.741932995654745e-05
0.0006633584449643895
-0.00013370015169824904
0.0005090890391587175
-0.0001439847787519605
0.0009359010618877432
-5.6565448795413055e-05
0.0007147815802329468
-8.227701642969171e-05
0.000632504563803255
-7.713470290283599e-05
0.000596508369115265
-8.227701642969171e-05
0.0006685007584912452
0.0001285578381713933
0.000498804412105006
-2.571156763427866e-05
0.0008536240454580516
-0.00010284627053711464
0.0006736430720181009
-3.085388116113439e-05
0.0007456354613940812
2.0569254107422928e-05
0.0007353508343403698
-2.0569254107422928e-05
0.0008279124778237729
2.0569254107422928e-05
0.000596508369115265
-0.00022626179518165222
0.0005656544879541305
-0.0001748386599130949
0.0008227701642969171
-0.00011827321111768185
0.0006890700125986682
-3.085388116113439e-05
0.0007456354613940812
-6.685007584912452e-05
0.0007610624019746484
-0.00022626179518165222
0.0006890700125986682
-8.741932995654745e-05
0.0007353508343403698
-5.6565448795413055e-05
0.00080734322371635
3.085388116113439e-05
0.0004885197850512946
2.0569254107422928e-05
0.000653073817910678
-5.142313526855732e-05
0.00080734322371635
-0.00011827321111768185
0.0006273622502763993
-9.256164348340318e-05
0.0005039467256318618
-0.00017998097343995063
0.0006427891908569666
-6.685007584912452e-05
0.000575939115007842
-0.0001748386599130949
0.0007610624019746484
-4.628082174170159e-05
0.000632504563803255
-0.00017998097343995063
0.0005296582932661404
-0.00017998097343995063
0.000596508369115265
0.00010284627053711464
0.0008227701642969171
-0.00018512328696680637
0.0006685007584912452
-8.741932995654745e-05
0.00080734322371635
-6.685007584912452e-05
0.0007199238937598025
4.628082174170159e-05
0.0005450852338467076
7.199238937598025e-05
0.0006839276990718123
-0.00011313089759082611
0.0006736430720181009
-2.571156763427866e-05
0.0006993546396523796
1.0284627053711464e-05
0.0007147815802329468
5.142313526855732e-06
0.0007662047155015041
5.6565448795413055e-05
0.0005913660555884092
-5.142313526855732e-05
0.0006890700125986682
-8.741932995654745e-05
0.0006993546396523796
4.628082174170159e-05
0.0007662047155015041
-0.00014912709227881624
0.0007044969531792353
5.142313526855732e-06
0.000498804412105006
-0.00014912709227881624
0.0006273622502763993
8.227701642969171e-05
0.0007456354613940812
-4.628082174170159e-05
0.0005296582932661404
-0.00018512328696680637
0.0006119353096958321
-3.085388116113439e-05
0.0007147815802329468
-6.170776232226878e-05
0.0006942123261255239
0.00014912709227881624
0.0006736430720181009
-9.256164348340318e-05
0.0006685007584912452
6.685007584912452e-05
0.0007147815802329468
-0.00016969634638623916
0.0006890700125986682
-5.142313526855732e-06
0.0006685007584912452
-3.599619468799013e-05
0.0007302085208135139
-4.1138508214845856e-05
0.0006273622502763993
2.571156763427866e-05
0.0007919162831357828
-1.5426940580567196e-05
0.0007250662072866582
-1.0284627053711464e-05
0.0006016506826421207
2.0569254107422928e-05
0.0007970585966626385
1.0284627053711464e-05
0.0007404931478672255
-9.770395701025892e-05
0.0005399429203198519
4.628082174170159e-05
0.0007507777749209369
-8.227701642969171e-05
0.0006376468773301108
5.142313526855732e-05
0.000596508369115265
-5.6565448795413055e-05
0.0006067929961689764
0.00011827321111768185
0.0006633584449643895
-4.628082174170159e-05
0.0007147815802329468
-0.00010284627053711464
0.0007507777749209369
-9.256164348340318e-05
0.0005450852338467076
3.085388116113439e-05
0.0004885197850512946
-0.00012341552464453757
0.0005090890391587175
-4.1138508214845856e-05
0.0007096392667060911
-2.571156763427866e-05
0.0005245159797392847
-0.00010284627053711464
0.0006222199367495436
-3.085388116113439e-05
0.0005656544879541305
-2.0569254107422928e-05
0.0006170776232226879
-0.00013370015169824904
0.0007147815802329468
-0.00019540791402051784
0.0007610624019746484
-9.770395701025892e-05
0.0005913660555884092
7.199238937598025e-05
0.0005296582932661404
-0.00012341552464453757
0.0007353508343403698
1.0284627053711464e-05
0.000575939115007842
-3.085388116113439e-05
0.0007250662072866582
0.0001902656004936621
0.0006222199367495436
-3.085388116113439e-05
0.0007816316560820713
-1.0284627053711464e-05
0.0007044969531792353
-0.00012341552464453757
0.0005707968014809863
-5.142313526855732e-05
0.0007199238937598025
-6.685007584912452e-05
0.0007302085208135139
2.0569254107422928e-05
0.000575939115007842
-8.227701642969171e-05
0.0006787853855449566
4.628082174170159e-05
0.0007353508343403698
1.5426940580567196e-05
0.0007044969531792353
-4.628082174170159e-05
0.0006376468773301108
3.085388116113439e-05
0.0006376468773301108
-5.142313526855732e-05
0.0007250662072866582
9.770395701025892e-05
0.0006273622502763993
6.170776232226878e-05
0.0007713470290283598
6.170776232226878e-05
0.000786773969608927
9.770395701025892e-05
0.0007353508343403698
-1.0284627053711464e-05
0.0006685007584912452
-8.227701642969171e-05
0.000596508369115265
-5.142313526855732e-05
0.0008124855372432057
2.0569254107422928e-05
0.0007353508343403698
4.628082174170159e-05
0.0007096392667060911
-5.6565448795413055e-05
0.0005707968014809863
0.0
0.0008793356130923302
8.741932995654745e-05
0.0007610624019746484
-0.00011313089759082611
0.000596508369115265
5.142313526855732e-06
0.0006942123261255239
0.0001594117193325277
0.000575939115007842
0.00011313089759082611
0.0008022009101894942
-9.256164348340318e-05
0.0005656544879541305
5.142313526855732e-05
0.0006685007584912452
0.00015426940580567198
0.0007404931478672255
-7.713470290283599e-05
0.0005656544879541305
1.5426940580567196e-05
0.000596508369115265
7.713470290283599e-05
0.0006170776232226879
-0.00011313089759082611
0.0007559200884477926
1.5426940580567196e-05
0.0009101894942534646
4.1138508214845856e-05
0.0006479315043838223
-1.5426940580567196e-05
0.0007559200884477926
-1.5426940580567196e-05
0.0006479315043838223
7.199238937598025e-05
0.000596508369115265
-1.5426940580567196e-05
0.0007610624019746484
-0.0001594117193325277
0.0006582161314375337
-7.199238937598025e-05
0.0006839276990718123
-5.142313526855732e-05
0.0006993546396523796
1.0284627053711464e-05
0.0006016506826421207
4.628082174170159e-05
0.0006427891908569666
-5.6565448795413055e-05
0.0005707968014809863
-5.142313526855732e-06
0.0007199238937598025
-7.713470290283599e-05
0.0006993546396523796
0.0
0.0006016506826421207
-0.00010798858406397038
0.000575939115007842
4.628082174170159e-05
0.000632504563803255
0.00010284627053711464
0.0005348006067929962
5.6565448795413055e-05
0.0005810814285346977
6.170776232226878e-05
0.0006942123261255239
-0.00016455403285938342
0.0005502275473735634
0.00019540791402051784
0.0005810814285346977
4.628082174170159e-05
0.0006890700125986682
-9.256164348340318e-05
0.0008022009101894942
3.085388116113439e-05
0.00042166970920217003
1.5426940580567196e-05
0.00036510426040675697
1.5426940580567196e-05
0.0007096392667060911
5.142313526855732e-06
0.0007404931478672255
-4.1138508214845856e-05
0.0008124855372432057
7.199238937598025e-05
0.000498804412105006
-0.0001594117193325277
0.000596508369115265
8.741932995654745e-05
0.0007610624019746484
-0.00010284627053711464
0.0006273622502763993
-9.256164348340318e-05
0.0006479315043838223
-6.170776232226878e-05
0.0005913660555884092
5.142313526855732e-06
0.0006942123261255239
0.00013370015169824904
0.0007199238937598025
-0.00011827321111768185
0.0006479315043838223
-6.170776232226878e-05
0.0006479315043838223
5.142313526855732e-05
0.0006787853855449566
0.00014912709227881624
0.0007507777749209369
-4.628082174170159e-05
0.0006890700125986682
1.0284627053711464e-05
0.0007507777749209369
-1.0284627053711464e-05
0.0006787853855449566
5.6565448795413055e-05
0.0005707968014809863
0.00010284627053711464
0.000596508369115265
4.1138508214845856e-05
0.0007044969531792353
-0.00010798858406397038
0.00080734322371635
-2.0569254107422928e-05
0.0007199238937598025
-6.170776232226878e-05
0.000498804412105006
0.0
0.0005913660555884092
-0.00013884246522510477
0.0006016506826421207
8.227701642969171e-05
0.0007250662072866582
0.00022111948165479649
0.0006479315043838223
5.142313526855732e-05
0.0007044969531792353
-3.599619468799013e-05
0.0007919162831357828
-5.142313526855732e-05
0.0005862237420615535
7.713470290283599e-05
0.00048337747152443886
-8.741932995654745e-05
0.0007610624019746484
4.628082174170159e-05
0.0006993546396523796
1.5426940580567196e-05
0.0007713470290283598
3.599619468799013e-05
0.0007559200884477926
-9.770395701025892e-05
0.0006067929961689764
-1.5426940580567196e-05
0.0006273622502763993
5.142313526855732e-06
0.0005656544879541305
-5.6565448795413055e-05
0.0005913660555884092
-0.00012341552464453757
0.0005399429203198519
-4.1138508214845856e-05
0.0006839276990718123
2.571156763427866e-05
0.000653073817910678
-0.0001439847787519605
0.0006376468773301108
-4.1138508214845856e-05
0.0005656544879541305
-5.142313526855732e-05
0.0006170776232226879
-2.571156763427866e-05
0.0007147815802329468
-0.00012341552464453757
0.0005810814285346977
0.0
0.00048337747152443886
-2.0569254107422928e-05
0.0008844779266191859
-5.142313526855732e-06
0.0005142313526855732
4.628082174170159e-05
0.0008124855372432057
-4.1138508214845856e-05
0.0006273622502763993
-8.741932995654745e-05
0.0006222199367495436
-3.599619468799013e-05
0.0006787853855449566
-2.571156763427866e-05
0.0005399429203198519
-0.00013370015169824904
0.000653073817910678
-0.0001594117193325277
0.0008587663589849073
0.00012341552464453757
0.0005862237420615535
-0.0001594117193325277
0.0005039467256318618
-0.00011313089759082611
0.0005090890391587175
5.6565448795413055e-05
0.0007404931478672255
-4.1138508214845856e-05
0.0007353508343403698
-3.085388116113439e-05
0.0005399429203198519
-5.142313526855732e-06
0.0006376468773301108
5.6565448795413055e-05
0.0006222199367495436
-3.599619468799013e-05
0.0007353508343403698
-1.5426940580567196e-05
0.0006582161314375337
-2.0569254107422928e-05
0.0008587663589849073
2.571156763427866e-05
0.0006479315043838223
0.0001285578381713933
0.0006222199367495436
-0.00012341552464453757
0.0006222199367495436
-0.0001902656004936621
0.0006170776232226879
-2.571156763427866e-05
0.0006633584449643895
-8.741932995654745e-05
0.0006170776232226879
-2.571156763427866e-05
0.0006993546396523796
-2.0569254107422928e-05
0.0004268120227290258
2.571156763427866e-05
0.0008330547913506286
-3.599619468799013e-05
0.0008176278507700614
0.00011313089759082611
0.0006016506826421207
-8.227701642969171e-05
0.000575939115007842
-6.685007584912452e-05
0.0007456354613940812
1.0284627053711464e-05
0.0006839276990718123
6.170776232226878e-05
0.0007096392667060911
-4.628082174170159e-05
0.0005605121744272748
-1.5426940580567196e-05
0.0007250662072866582
4.1138508214845856e-05
0.0006787853855449566
-8.741932995654745e-05
0.0007044969531792353
-3.599619468799013e-05
0.0006222199367495436
5.142313526855732e-06
0.0005913660555884092
-3.599619468799013e-05
0.0007610624019746484
7.713470290283599e-05
0.0005502275473735634
-0.0001902656004936621
0.0006685007584912452
3.085388116113439e-05
0.0005245159797392847
-0.00013370015169824904
0.0007404931478672255
-6.685007584912452e-05
0.0005553698609004191
-4.1138508214845856e-05
0.0007456354613940812
2.571156763427866e-05
0.0007096392667060911
-8.227701642969171e-05
0.0007713470290283598
-1.0284627053711464e-05
0.0007507777749209369
-0.00015426940580567198
0.0007044969531792353
-7.199238937598025e-05
0.0005090890391587175
-5.142313526855732e-06
0.0005502275473735634
-1.0284627053711464e-05
0.0004936620985781503
-1.5426940580567196e-05
0.0006839276990718123
-0.00012341552464453757
0.0006582161314375337
1.0284627053711464e-05
0.0006427891908569666
-3.599619468799013e-05
0.0006479315043838223
-0.00024168873576221943
0.0008896202401460417
5.142313526855732e-06
0.0006273622502763993
-0.00013370015169824904
0.0005245159797392847
-2.571156763427866e-05
0.0007970585966626385
-4.628082174170159e-05
0.0005605121744272748
-3.085388116113439e-05
0.000632504563803255
1.5426940580567196e-05
0.0006633584449643895
0.00010798858406397038
0.0005245159797392847
0.0001594117193325277
0.0007404931478672255
-0.0001594117193325277
0.0004679505309438716
5.142313526855732e-06
0.0006839276990718123
-1.5426940580567196e-05
0.0007096392667060911
1.5426940580567196e-05
0.000653073817910678
-0.00011313089759082611
0.0006427891908569666
-7.713470290283599e-05
0.0006787853855449566
1.0284627053711464e-05
0.0007713470290283598
0.00010284627053711464
0.0006685007584912452
2.0569254107422928e-05
0.0007610624019746484
7.199238937598025e-05
0.0008896202401460417
-9.770395701025892e-05
0.0005245159797392847
6.685007584912452e-05
0.0005553698609004191
2.571156763427866e-05
0.0005810814285346977
0.00010798858406397038
0.0005450852338467076
-0.00014912709227881624
0.0005605121744272748
-9.770395701025892e-05
0.0005810814285346977
-0.00020569254107422928
0.0006427891908569666
-0.00010284627053711464
0.0006016506826421207
-0.00010284627053711464
0.0005810814285346977
3.599619468799013e-05
0.0005553698609004191
-6.685007584912452e-05
0.0007970585966626385
-1.5426940580567196e-05
0.0006376468773301108
-0.00012341552464453757
0.000498804412105006
-0.00013370015169824904
0.0005399429203198519
-0.00013370015169824904
0.0006685007584912452
-5.142313526855732e-05
0.0005913660555884092
-0.00010798858406397038
0.0006067929961689764
2.0569254107422928e-05
0.0007404931478672255
-1.5426940580567196e-05
0.0005862237420615535
-4.628082174170159e-05
0.0007096392667060911
-5.142313526855732e-05
0.0007456354613940812
-0.00010284627053711464
0.0006119353096958321
-8.741932995654745e-05
0.0006222199367495436
-5.6565448795413055e-05
0.0007507777749209369
-0.00010798858406397038
0.0006016506826421207
-9.770395701025892e-05
0.0006170776232226879
8.741932995654745e-05
0.0008176278507700614
0.00013370015169824904
0.0007096392667060911
-0.00017998097343995063
0.000632504563803255
-6.685007584912452e-05
0.0006787853855449566
8.227701642969171e-05
0.0007559200884477926
5.142313526855732e-06
0.0007353508343403698
8.227701642969171e-05
0.0007250662072866582
-3.085388116113439e-05
0.0005399429203198519
0.00011827321111768185
0.0008124855372432057
-7.713470290283599e-05
0.0006736430720181009
1.0284627053711464e-05
0.0007919162831357828
-1.0284627053711464e-05
0.000653073817910678
-5.6565448795413055e-05
0.0007970585966626385
0.00010798858406397038
0.0006016506826421207
0.0
0.0005296582932661404
-6.685007584912452e-05
0.000653073817910678
0.00010284627053711464
0.0006119353096958321
-5.6565448795413055e-05
0.0007559200884477926
6.685007584912452e-05
0.0007816316560820713
-0.00013884246522510477
0.000786773969608927
-1.0284627053711464e-05
0.0007250662072866582
-1.0284627053711464e-05
0.0007404931478672255
-0.00010798858406397038
0.0006119353096958321
-9.770395701025892e-05
0.0006890700125986682
-4.1138508214845856e-05
0.0007662047155015041
9.770395701025892e-05
0.0005810814285346977
-0.00012341552464453757
0.0006067929961689764
-3.599619468799013e-05
0.0005810814285346977
-6.170776232226878e-05
0.0008124855372432057
-5.142313526855732e-06
0.0008176278507700614
0.0001748386599130949
0.0005553698609004191
9.770395701025892e-05
0.0007610624019746484
9.770395701025892e-05
0.000632504563803255
-8.227701642969171e-05
0.0006942123261255239
-0.00012341552464453757
0.000653073817910678
-5.142313526855732e-06
0.0005605121744272748
0.0
0.0006787853855449566
-7.713470290283599e-05
0.0007456354613940812
-5.142313526855732e-06
0.0008433394184043401
-0.00010798858406397038
0.0006427891908569666
4.628082174170159e-05
0.0006633584449643895
1.5426940580567196e-05
0.0006016506826421207
-9.256164348340318e-05
0.0006787853855449566
3.599619468799013e-05
0.0006273622502763993
-8.227701642969171e-05
0.0007970585966626385
-9.770395701025892e-05
0.0007199238937598025
-0.00013884246522510477
0.0005913660555884092
-9.256164348340318e-05
0.0007044969531792353
-0.00014912709227881624
0.0008227701642969171
1.5426940580567196e-05
0.0006067929961689764
-9.770395701025892e-05
0.0005862237420615535
-8.227701642969171e-05
0.0007404931478672255
5.142313526855732e-05
0.0007816316560820713
-2.571156763427866e-05
0.0007816316560820713
-0.00024683104928907514
0.0005090890391587175
-9.256164348340318e-05
0.0005707968014809863
-4.628082174170159e-05
0.0008022009101894942
-5.6565448795413055e-05
0.0007610624019746484
-0.00012341552464453757
0.0005399429203198519
-5.142313526855732e-06
0.0007096392667060911
0.00010284627053711464
0.0007610624019746484
3.085388116113439e-05
0.0008536240454580516
-9.770395701025892e-05
0.0007662047155015041
-0.0001594117193325277
0.0007970585966626385
-5.6565448795413055e-05
0.0007044969531792353
-2.0569254107422928e-05
0.0006376468773301108
-0.00010798858406397038
0.0007044969531792353
-0.00014912709227881624
0.0005810814285346977
-0.0001439847787519605
0.0007507777749209369
-0.00010798858406397038
0.0006787853855449566
-7.713470290283599e-05
0.0007302085208135139
-2.571156763427866e-05
0.0005913660555884092
1.5426940580567196e-05
0.0006376468773301108
8.741932995654745e-05
0.000786773969608927
-0.00017998097343995063
0.0006222199367495436
-0.00013884246522510477
0.0006479315043838223
-0.00022626179518165222
0.0007404931478672255
-2.571156763427866e-05
0.0006376468773301108
-0.00014912709227881624
0.0005862237420615535
6.170776232226878e-05
0.0007353508343403698
2.0569254107422928e-05
0.0009564703159951662
-5.142313526855732e-06
0.0005502275473735634
-9.256164348340318e-05
0.0004679505309438716
3.085388116113439e-05
0.0006016506826421207
-0.00013884246522510477
0.0007764893425552155
1.5426940580567196e-05
0.0006582161314375337
-3.599619468799013e-05
0.0008227701642969171
-0.00018512328696680637
0.0005605121744272748
-7.713470290283599e-05
0.0007456354613940812
-2.571156763427866e-05
0.0006890700125986682
3.085388116113439e-05
0.0006273622502763993
-7.199238937598025e-05
0.0006993546396523796
-0.00011827321111768185
0.0007302085208135139
5.142313526855732e-06
0.0006222199367495436
3.599619468799013e-05
0.0007559200884477926
-2.0569254107422928e-05
0.0006787853855449566
0.0001285578381713933
0.0007662047155015041
1.0284627053711464e-05
0.0005656544879541305
-5.142313526855732e-06
0.0006839276990718123
-5.6565448795413055e-05
0.0007610624019746484
0.00012341552464453757
0.0007404931478672255
1.5426940580567196e-05
0.0007096392667060911
-0.00015426940580567198
0.0005862237420615535
0.00010798858406397038
0.0007970585966626385
-0.00011313089759082611
0.0006839276990718123
-6.170776232226878e-05
0.0006222199367495436
-0.00016969634638623916
0.0007559200884477926
-0.00024168873576221943
0.0006890700125986682
-0.00013370015169824904
0.0007610624019746484
2.0569254107422928e-05
0.0007816316560820713
-3.599619468799013e-05
0.0007044969531792353
-3.085388116113439e-05
0.0007610624019746484
-8.741932995654745e-05
0.0007250662072866582
0.00015426940580567198
0.0009050471807266089
0.0001439847787519605
0.0006787853855449566
2.0569254107422928e-05
0.0008227701642969171
-5.142313526855732e-06
0.0008279124778237729
-1.0284627053711464e-05
0.0007353508343403698
-8.741932995654745e-05
0.0006427891908569666
-2.0569254107422928e-05
0.0007507777749209369
1.5426940580567196e-05
0.0006376468773301108
0.0
0.000632504563803255
-2.571156763427866e-05
0.0006273622502763993
0.00013884246522510477
0.0007302085208135139
-9.256164348340318e-05
0.0007147815802329468
0.0
0.0006685007584912452
-5.142313526855732e-05
0.0007970585966626385
-1.0284627053711464e-05
0.0005707968014809863
-5.142313526855732e-05
0.000632504563803255
-5.142313526855732e-05
0.0006582161314375337
-3.599619468799013e-05
0.00042166970920217003
2.571156763427866e-05
0.0006222199367495436
-0.00017998097343995063
0.0005399429203198519
3.085388116113439e-05
0.0006787853855449566
-9.770395701025892e-05
0.0007404931478672255
2.0569254107422928e-05
0.0008227701642969171
6.685007584912452e-05
0.0006993546396523796
0.00010284627053711464
0.0006633584449643895
-4.1138508214845856e-05
0.0007507777749209369
-7.713470290283599e-05
0.0007147815802329468
5.142313526855732e-06
0.0007353508343403698
-0.00010798858406397038
0.0005502275473735634
-0.00013370015169824904
0.0007456354613940812
1.5426940580567196e-05
0.0006273622502763993
4.1138508214845856e-05
0.0008022009101894942
-2.571156763427866e-05
0.0008176278507700614
0.00010284627053711464
0.0006479315043838223
-7.713470290283599e-05
0.000498804412105006
3.085388116113439e-05
0.0007199238937598025
-0.0002365464222353637
0.0007199238937598025
7.713470290283599e-05
0.0006942123261255239
-3.599619468799013e-05
0.000596508369115265
-6.170776232226878e-05
0.0005245159797392847
-2.571156763427866e-05
0.0007713470290283598
-3.599619468799013e-05
0.0006222199367495436
4.1138508214845856e-05
0.0007199238937598025
-0.00012341552464453757
0.0008227701642969171
7.199238937598025e-05
0.0006016506826421207
-0.00011313089759082611
0.0008124855372432057
-9.770395701025892e-05
0.0006787853855449566
-0.00012341552464453757
0.0004319543362558815
-9.256164348340318e-05
0.0008741932995654745
-2.571156763427866e-05
0.0006685007584912452
-0.00016455403285938342
0.0006787853855449566
-4.628082174170159e-05
0.0004885197850512946
3.599619468799013e-05
0.0007096392667060911
-4.1138508214845856e-05
0.000596508369115265
5.6565448795413055e-05
0.0007302085208135139
0.00011313089759082611
0.0006890700125986682
-0.00011827321111768185
0.0005862237420615535
1.5426940580567196e-05
0.0005296582932661404
0.0
0.0006222199367495436
-5.6565448795413055e-05
0.0007559200884477926
-2.0569254107422928e-05
0.0006736430720181009
-4.628082174170159e-05
0.0005245159797392847
-7.713470290283599e-05
0.000632504563803255
-2.571156763427866e-05
0.0006685007584912452
-0.00014912709227881624
0.0008433394184043401
-6.685007584912452e-05
0.0005862237420615535
-6.685007584912452e-05
0.0007147815802329468
-2.0569254107422928e-05
0.0008124855372432057
0.00010284627053711464
0.0008433394184043401
-0.00020569254107422928
0.0005399429203198519
-3.085388116113439e-05
0.0005039467256318618
-0.00012341552464453757
0.0006942123261255239
-5.6565448795413055e-05
0.0007199238937598025
-4.628082174170159e-05
0.0006016506826421207
5.142313526855732e-06
0.0007662047155015041
-0.00020055022754737354
0.0007199238937598025
-0.00010798858406397038
0.000786773969608927
-0.00012341552464453757
0.0006067929961689764
-7.713470290283599e-05
0.0007507777749209369
-3.599619468799013e-05
0.0005810814285346977
2.571156763427866e-05
0.0006633584449643895
-0.0002519733628159309
0.0006376468773301108
-0.00016455403285938342
0.0006119353096958321
-0.00021083485460108502
0.000575939115007842
-8.227701642969171e-05
0.0007302085208135139
0.0
0.0007044969531792353
6.170776232226878e-05
0.0007610624019746484
-5.142313526855732e-06
0.0006993546396523796
3.085388116113439e-05
0.0007404931478672255
-1.5426940580567196e-05
0.0006067929961689764
-6.170776232226878e-05
0.0007096392667060911
-0.00013370015169824904
0.0006890700125986682
5.142313526855732e-05
0.0006376468773301108
-0.00020055022754737354
0.0005450852338467076
-4.1138508214845856e-05
0.000596508369115265
-0.00010798858406397038
0.0007404931478672255
3.599619468799013e-05
0.0006736430720181009
2.571156763427866e-05
0.0008022009101894942
7.713470290283599e-05
0.0007199238937598025
-5.142313526855732e-06
0.0006890700125986682
-7.199238937598025e-05
0.0006016506826421207
-0.00015426940580567198
0.0006427891908569666
-5.142313526855732e-05
0.0007353508343403698
4.628082174170159e-05
0.0006890700125986682
-1.0284627053711464e-05
0.000653073817910678
-0.0001748386599130949
0.0007302085208135139
-5.6565448795413055e-05
0.0007404931478672255
2.0569254107422928e-05
0.0006993546396523796
-5.142313526855732e-06
0.0006633584449643895
-0.00020055022754737354
0.0004885197850512946
-6.170776232226878e-05
0.0005502275473735634
-3.085388116113439e-05
0.0006427891908569666
0.0
0.0007147815802329468
-0.00019540791402051784
0.0005862237420615535
2.571156763427866e-05
0.0005862237420615535
2.571156763427866e-05
0.0006273622502763993
-0.00016455403285938342
0.0007764893425552155
-7.199238937598025e-05
0.0007816316560820713
-0.00010798858406397038
0.0007199238937598025
2.0569254107422928e-05
0.0006119353096958321
-0.00011313089759082611
0.0006016506826421207
-0.00013884246522510477
0.0007096392667060911
5.142313526855732e-06
0.0006016506826421207
-9.770395701025892e-05
0.00080734322371635
-0.00011313089759082611
0.0006787853855449566
-9.256164348340318e-05
0.0006736430720181009
-7.713470290283599e-05
0.000596508369115265
-0.0002365464222353637
0.000596508369115265
-0.0001439847787519605
0.0005605121744272748
-0.00013370015169824904
0.000575939115007842
-2.571156763427866e-05
0.000575939115007842
-1.0284627053711464e-05
0.0007662047155015041
-9.256164348340318e-05
0.0009513280024683105
-0.00020055022754737354
0.0006016506826421207
-0.00010284627053711464
0.0007044969531792353
-1.5426940580567196e-05
0.0007816316560820713
-0.00011827321111768185
0.0005605121744272748
-0.00010798858406397038
0.0006839276990718123
-0.00016969634638623916
0.0007456354613940812
6.685007584912452e-05
0.0008022009101894942
1.5426940580567196e-05
0.0007250662072866582
-0.00017998097343995063
0.0007610624019746484
-5.142313526855732e-05
0.0006427891908569666
-0.00011313089759082611
0.000596508369115265
-0.00017998097343995063
0.0007507777749209369
-0.00015426940580567198
0.000653073817910678
-2.0569254107422928e-05
0.0007199238937598025
7.199238937598025e-05
0.0006273622502763993
1.0284627053711464e-05
0.0005399429203198519
-0.0001285578381713933
0.0007250662072866582
6.685007584912452e-05
0.0005707968014809863
9.256164348340318e-05
0.000653073817910678
1.0284627053711464e-05
0.0006890700125986682
-2.571156763427866e-05
0.0005656544879541305
5.142313526855732e-06
0.0006016506826421207
-6.170776232226878e-05
0.0007404931478672255
4.1138508214845856e-05
0.0006119353096958321
9.256164348340318e-05
0.0008330547913506286
-0.00011313089759082611
0.0006839276990718123
-6.685007584912452e-05
0.0007456354613940812
-3.085388116113439e-05
0.0007096392667060911
-0.00013884246522510477
0.0004936620985781503
0.0
0.0007250662072866582
4.628082174170159e-05
0.0005142313526855732
-0.00013370015169824904
0.0005090890391587175
6.685007584912452e-05
0.0006222199367495436
-5.142313526855732e-05
0.0005810814285346977
0.0001439847787519605
0.0007044969531792353
-0.0001902656004936621
0.0006839276990718123
-7.713470290283599e-05
0.000653073817910678
3.599619468799013e-05
0.0006273622502763993
-2.0569254107422928e-05
0.0006170776232226879
2.571156763427866e-05
0.0007353508343403698
0.0
0.0007456354613940812
-0.00010798858406397038
0.0007199238937598025
-2.0569254107422928e-05
0.0007250662072866582
-4.1138508214845856e-05
0.0007044969531792353
-4.1138508214845856e-05
0.0006685007584912452
5.142313526855732e-05
0.0006890700125986682
0.00013370015169824904
0.0005862237420615535
6.685007584912452e-05
0.0006479315043838223
9.256164348340318e-05
0.0008330547913506286
-7.199238937598025e-05
0.0006222199367495436
-4.1138508214845856e-05
0.0005810814285346977
0.00010284627053711464
0.0006119353096958321
7.199238937598025e-05
0.0007302085208135139
9.256164348340318e-05
0.0007147815802329468
-0.00010284627053711464
0.0007456354613940812
-1.0284627053711464e-05
0.0006685007584912452
9.256164348340318e-05
0.0007507777749209369
-2.0569254107422928e-05
0.0006376468773301108
-0.00011827321111768185
0.0007507777749209369
5.6565448795413055e-05
0.0006993546396523796
1.0284627053711464e-05
0.0006993546396523796
5.6565448795413055e-05
0.0006273622502763993
-4.1138508214845856e-05
0.0008124855372432057
4.1138508214845856e-05
0.0006376468773301108
0.0001285578381713933
0.0009101894942534646
9.256164348340318e-05
0.0007044969531792353
-1.5426940580567196e-05
0.0006067929961689764
1.5426940580567196e-05
0.0005553698609004191
-0.00012341552464453757
0.0005707968014809863
-2.0569254107422928e-05
0.0004885197850512946
-2.571156763427866e-05
0.0006479315043838223
-0.00015426940580567198
0.0005553698609004191
0.00010798858406397038
0.0006685007584912452
-0.00011313089759082611
0.0007456354613940812
-5.142313526855732e-05
0.0006582161314375337
7.199238937598025e-05
0.0008022009101894942
-4.628082174170159e-05
0.0006839276990718123
0.0001594117193325277
0.000575939115007842
-6.170776232226878e-05
0.000786773969608927
8.741932995654745e-05
0.0007713470290283598
5.142313526855732e-06
0.000653073817910678
-8.227701642969171e-05
0.0006016506826421207
1.5426940580567196e-05
0.0006016506826421207
-9.256164348340318e-05
0.0006067929961689764
-4.1138508214845856e-05
0.0006376468773301108
-3.599619468799013e-05
0.0006787853855449566
-0.0001285578381713933
0.0006119353096958321
2.571156763427866e-05
0.0006993546396523796
-0.0001285578381713933
0.0008124855372432057
5.142313526855732e-06
0.0006273622502763993
1.0284627053711464e-05
0.0006067929961689764
-4.1138508214845856e-05
0.0006222199367495436
-9.256164348340318e-05
0.0006993546396523796
-6.685007584912452e-05
0.0007044969531792353
-4.628082174170159e-05
0.0008484817319311958
-6.685007584912452e-05
0.0006633584449643895
-0.00011827321111768185
0.0006222199367495436
9.770395701025892e-05
0.0006993546396523796
-5.142313526855732e-05
0.0006273622502763993
-7.199238937598025e-05
0.0006067929961689764
-2.0569254107422928e-05
0.0006427891908569666
0.0
0.0006633584449643895
5.6565448795413055e-05
0.0006633584449643895
-0.0001902656004936621
0.0008124855372432057
-0.00024168873576221943
0.0005090890391587175
-1.0284627053711464e-05
0.0005142313526855732
3.085388116113439e-05
0.0006993546396523796
-0.00013370015169824904
0.000632504563803255
-3.599619468799013e-05
0.0007610624019746484
-9.770395701025892e-05
0.0005913660555884092
-8.741932995654745e-05
0.0007404931478672255
-5.142313526855732e-05
0.0005348006067929962
-5.142313526855732e-05
0.0007199238937598025
-7.199238937598025e-05
0.0007096392667060911
2.571156763427866e-05
0.0006016506826421207
-7.713470290283599e-05
0.0005193736662124289
-3.085388116113439e-05
0.0004679505309438716
-1.0284627053711464e-05
0.0005862237420615535
-6.170776232226878e-05
0.0006273622502763993
-4.628082174170159e-05
0.0005862237420615535
-6.170776232226878e-05
0.0007353508343403698
7.713470290283599e-05
0.0006376468773301108
-4.628082174170159e-05
0.0006427891908569666
5.142313526855732e-06
0.0007199238937598025
7.199238937598025e-05
0.0007250662072866582
0.0
0.0008536240454580516
1.0284627053711464e-05
0.0006016506826421207
0.0
0.0006890700125986682
-6.685007584912452e-05
0.0007199238937598025
-3.085388116113439e-05
0.0006839276990718123
3.599619468799013e-05
0.0007147815802329468
5.142313526855732e-06
0.0005656544879541305
5.142313526855732e-06
0.0007199238937598025
-0.00011313089759082611
0.0006376468773301108
0.00011827321111768185
0.0007507777749209369
7.199238937598025e-05
0.0006479315043838223
0.00013884246522510477
0.0007507777749209369
1.0284627053711464e-05
0.0008022009101894942
5.142313526855732e-05
0.0007199238937598025
-5.142313526855732e-06
0.0007713470290283598
2.571156763427866e-05
0.0006993546396523796
-4.1138508214845856e-05
0.0005245159797392847
-4.628082174170159e-05
0.00080734322371635
-1.0284627053711464e-05
0.0007147815802329468
-5.142313526855732e-06
0.0006685007584912452
3.599619468799013e-05
0.0006479315043838223
-0.00010284627053711464
0.0006787853855449566
3.085388116113439e-05
0.0008381971048774844
4.628082174170159e-05
0.0006685007584912452
-8.227701642969171e-05
0.0006170776232226879
-4.1138508214845856e-05
0.0006427891908569666
-0.00010798858406397038
0.0006736430720181009
0.00012341552464453757
0.0006222199367495436
9.256164348340318e-05
0.000786773969608927
-0.00012341552464453757
0.0007404931478672255
-0.0001439847787519605
0.00080734322371635
6.170776232226878e-05
0.0007199238937598025
1.5426940580567196e-05
0.0008279124778237729
-1.5426940580567196e-05
0.000632504563803255
-5.142313526855732e-06
0.0007250662072866582
1.0284627053711464e-05
0.0006685007584912452
9.770395701025892e-05
0.0005245159797392847
0.0
0.0008227701642969171
-5.142313526855732e-06
0.0007147815802329468
-0.0002519733628159309
0.0006479315043838223
2.571156763427866e-05
0.0005193736662124289
-0.00021083485460108502
0.0005913660555884092
-0.00011827321111768185
0.0007404931478672255
-1.0284627053711464e-05
0.0005553698609004191
-3.085388116113439e-05
0.0007353508343403698
-3.085388116113439e-05
0.0006736430720181009
-7.199238937598025e-05
0.0006582161314375337
-1.0284627053711464e-05
0.0006736430720181009
-0.00022111948165479649
0.0005913660555884092
0.00010284627053711464
0.0006067929961689764
1.0284627053711464e-05
0.0007096392667060911
9.256164348340318e-05
0.0007199238937598025
3.599619468799013e-05
0.000575939115007842
5.142313526855732e-05
0.00080734322371635
-0.00010284627053711464
0.0005707968014809863
0.0
0.0007404931478672255
2.571156763427866e-05
0.0006222199367495436
7.199238937598025e-05
0.000632504563803255
-2.0569254107422928e-05
0.0007353508343403698
-0.00014912709227881624
0.0006119353096958321
-6.170776232226878e-05
0.00045252359036330444
1.5426940580567196e-05
0.0006170776232226879
4.628082174170159e-05
0.0006170776232226879
-6.685007584912452e-05
0.0005450852338467076
-0.00020569254107422928
0.0006942123261255239
6.685007584912452e-05
0.0006839276990718123
5.142313526855732e-06
0.0007147815802329468
-7.199238937598025e-05
0.0006376468773301108
8.741932995654745e-05
0.000632504563803255
-5.142313526855732e-05
0.0006427891908569666
-8.741932995654745e-05
0.0005810814285346977
-7.199238937598025e-05
0.0005399429203198519
-4.628082174170159e-05
0.0005605121744272748
-5.6565448795413055e-05
0.0006685007584912452
0.00010798858406397038
0.0006890700125986682
-0.00013884246522510477
0.0006067929961689764
-4.628082174170159e-05
0.0005450852338467076
-0.00011827321111768185
0.0007610624019746484
-4.1138508214845856e-05
0.0006427891908569666
-0.00010284627053711464
0.0007044969531792353
1.5426940580567196e-05
0.0006839276990718123
8.227701642969171e-05
0.0007044969531792353
-8.741932995654745e-05
0.0006633584449643895
-0.00011827321111768185
0.0006479315043838223
-1.5426940580567196e-05
0.0008536240454580516
-2.571156763427866e-05
0.000596508369115265
-3.085388116113439e-05
0.0006427891908569666
-2.571156763427866e-05
0.0006222199367495436
-1.5426940580567196e-05
0.0006067929961689764
5.142313526855732e-05
0.0006787853855449566
-5.142313526855732e-06
0.0005502275473735634
-8.741932995654745e-05
0.0005553698609004191
0.0
0.0008227701642969171
-0.00012341552464453757
0.000863908672511763
-0.00012341552464453757
0.000653073817910678
1.5426940580567196e-05
0.0006222199367495436
-0.00013370015169824904
0.0004319543362558815
-0.00019540791402051784
0.0007404931478672255
0.00020055022754737354
0.0007096392667060911
-0.00012341552464453757
0.0005399429203198519
-0.00021597716812794075
0.000596508369115265
-0.00010284627053711464
0.0006222199367495436
-6.170776232226878e-05
0.0005707968014809863
-0.00024683104928907514
0.0005656544879541305
-0.0001285578381713933
0.0006942123261255239
-0.0001439847787519605
0.0007404931478672255
8.741932995654745e-05
0.0006582161314375337
0.0
0.0004782351579975831
3.599619468799013e-05
0.0006016506826421207
-0.00011827321111768185
0.000632504563803255
1.0284627053711464e-05
0.00080734322371635
4.1138508214845856e-05
0.0007559200884477926
0.00013884246522510477
0.0007404931478672255
-0.00016455403285938342
0.0006479315043838223
9.770395701025892e-05
0.0008947625536728974
-7.713470290283599e-05
0.0007764893425552155
-0.00013370015169824904
0.0006222199367495436
-2.0569254107422928e-05
0.0008587663589849073
-5.6565448795413055e-05
0.0007970585966626385
-0.00010284627053711464
0.0006170776232226879
1.5426940580567196e-05
0.0007096392667060911
1.0284627053711464e-05
0.0007044969531792353
0.00015426940580567198
0.0006993546396523796
-4.1138508214845856e-05
0.0006016506826421207
-2.0569254107422928e-05
0.0005348006067929962
-3.085388116113439e-05
0.0006890700125986682
-0.00011827321111768185
0.0005039467256318618
-6.170776232226878e-05
0.0006376468773301108
9.256164348340318e-05
0.0006016506826421207
5.6565448795413055e-05
0.0006427891908569666
2.0569254107422928e-05
0.0006890700125986682
-5.142313526855732e-05
0.0005142313526855732
-8.741932995654745e-05
0.0006685007584912452
-5.142313526855732e-05
0.0006479315043838223
0.00011827321111768185
0.0007199238937598025
-4.1138508214845856e-05
0.0005399429203198519
9.770395701025892e-05
0.0006170776232226879
3.085388116113439e-05
0.0006170776232226879
-4.628082174170159e-05
0.0006787853855449566
1.5426940580567196e-05
0.0004782351579975831
-2.571156763427866e-05
0.0005399429203198519
-6.170776232226878e-05
0.0006376468773301108
-8.227701642969171e-05
0.0008227701642969171
-5.142313526855732e-05
0.0006067929961689764
-1.5426940580567196e-05
0.0005605121744272748
1.5426940580567196e-05
0.000632504563803255
-0.00015426940580567198
0.000575939115007842
-5.142313526855732e-06
0.0008484817319311958
-0.00013370015169824904
0.0008484817319311958
6.685007584912452e-05
0.0006839276990718123
-0.00013370015169824904
0.0005810814285346977
2.0569254107422928e-05
0.0006942123261255239
-5.142313526855732e-05
0.0006685007584912452
9.256164348340318e-05
0.0007199238937598025
-9.770395701025892e-05
0.000596508369115265
-5.6565448795413055e-05
0.000786773969608927
-1.0284627053711464e-05
0.0007250662072866582
-9.770395701025892e-05
0.0007610624019746484
1.0284627053711464e-05
0.0007919162831357828
-6.685007584912452e-05
0.0006273622502763993
4.1138508214845856e-05
0.0006685007584912452
5.142313526855732e-05
0.0006479315043838223
-0.00013884246522510477
0.0006479315043838223
-0.00021597716812794075
0.0006633584449643895
7.713470290283599e-05
0.0006376468773301108
6.685007584912452e-05
0.0007713470290283598
-4.1138508214845856e-05
0.0006787853855449566
-8.741932995654745e-05
0.0008536240454580516
-0.0002365464222353637
0.0007353508343403698
4.1138508214845856e-05
0.0006582161314375337
-2.571156763427866e-05
0.0007404931478672255
-7.199238937598025e-05
0.0005553698609004191
9.256164348340318e-05
0.0006685007584912452
1.0284627053711464e-05
0.000632504563803255
-5.142313526855732e-06
0.000863908672511763
-6.170776232226878e-05
0.000941043375414599
5.142313526855732e-05
0.0007610624019746484
-9.256164348340318e-05
0.0007147815802329468
-1.5426940580567196e-05
0.0007507777749209369
-3.085388116113439e-05
0.0008176278507700614
-3.085388116113439e-05
0.0006787853855449566
-4.628082174170159e-05
0.0006633584449643895
-4.1138508214845856e-05
0.0007713470290283598
-9.256164348340318e-05
0.000786773969608927
-0.00010798858406397038
0.0009101894942534646
2.0569254107422928e-05
0.0007919162831357828
-9.770395701025892e-05
0.0006839276990718123
2.0569254107422928e-05
0.000863908672511763
1.5426940580567196e-05
0.0007404931478672255
7.199238937598025e-05
0.0008793356130923302
3.085388116113439e-05
0.0005656544879541305
-1.0284627053711464e-05
0.0007096392667060911
-0.00012341552464453757
0.0006993546396523796
0.0
0.0008124855372432057
-9.256164348340318e-05
0.0007816316560820713
-3.599619468799013e-05
0.0006479315043838223
-6.170776232226878e-05
0.0007302085208135139
-0.00011313089759082611
0.0007404931478672255
7.199238937598025e-05
0.0007970585966626385
0.00012341552464453757
0.0006376468773301108
3.599619468799013e-05
0.0006685007584912452
-6.170776232226878e-05
0.0007147815802329468
-1.5426940580567196e-05
0.0006067929961689764
-9.770395701025892e-05
0.0005450852338467076
-2.571156763427866e-05
0.0005656544879541305
-9.770395701025892e-05
0.00080734322371635
7.713470290283599e-05
0.0006633584449643895
-1.0284627053711464e-05
0.0007816316560820713
-0.00011827321111768185
0.0006633584449643895
0.0
0.0008022009101894942
4.628082174170159e-05
0.000653073817910678
1.5426940580567196e-05
0.0006376468773301108
-7.199238937598025e-05
0.0007096392667060911
8.741932995654745e-05
0.0006582161314375337
-0.00012341552464453757
0.0005553698609004191
-7.199238937598025e-05
0.0007559200884477926
-0.00016969634638623916
0.0005142313526855732
-8.741932995654745e-05
0.0007507777749209369
-1.5426940580567196e-05
0.0007456354613940812
1.5426940580567196e-05
0.0005656544879541305
-0.0001594117193325277
0.0005450852338467076
-4.1138508214845856e-05
0.0006993546396523796
5.6565448795413055e-05
0.000632504563803255
-0.00012341552464453757
0.0006839276990718123
-5.142313526855732e-06
0.0007662047155015041
-0.0001594117193325277
0.0008279124778237729
-5.142313526855732e-06
0.0006427891908569666
-3.599619468799013e-05
0.0005810814285346977
-0.0001748386599130949
0.000632504563803255
-0.00020055022754737354
0.0009153318077803203
-5.6565448795413055e-05
0.0006633584449643895
-8.741932995654745e-05
0.0006016506826421207
-6.685007584912452e-05
0.0007044969531792353
-5.142313526855732e-05
0.0007147815802329468
-0.00015426940580567198
0.00080734322371635
6.170776232226878e-05
0.0007250662072866582
5.142313526855732e-06
0.0006993546396523796
-5.142313526855732e-06
0.000863908672511763
2.0569254107422928e-05
0.0007764893425552155
-0.00010284627053711464
0.0006222199367495436
-5.142313526855732e-05
0.0005245159797392847
-6.170776232226878e-05
0.0007456354613940812
-2.571156763427866e-05
0.0005553698609004191
-4.1138508214845856e-05
0.0005656544879541305
4.1138508214845856e-05
0.0005090890391587175
2.571156763427866e-05
0.0008536240454580516
-1.0284627053711464e-05
0.0007044969531792353
7.199238937598025e-05
0.0005707968014809863
-3.599619468799013e-05
0.0005553698609004191
-1.0284627053711464e-05
0.000596508369115265
0.00016969634638623916
0.0006427891908569666
-9.256164348340318e-05
0.0007610624019746484
-6.685007584912452e-05
0.00041138508214845856
-0.0001439847787519605
0.0006736430720181009
-6.170776232226878e-05
0.0007147815802329468
-0.00011827321111768185
0.0006273622502763993
-9.256164348340318e-05
0.0006685007584912452
-8.227701642969171e-05
0.0007044969531792353
-1.0284627053711464e-05
0.000653073817910678
-4.1138508214845856e-05
0.0006222199367495436
9.256164348340318e-05
0.0008330547913506286
1.0284627053711464e-05
0.0006016506826421207
8.227701642969171e-05
0.0009256164348340318
-0.0001902656004936621
0.0008124855372432057
-1.5426940580567196e-05
0.0005656544879541305
-0.00018512328696680637
0.0006222199367495436
-0.00012341552464453757
0.0006067929961689764
-8.741932995654745e-05
0.0006222199367495436
-0.00017998097343995063
0.0008587663589849073
1.5426940580567196e-05
0.0006273622502763993
-0.00010798858406397038
0.0006787853855449566
-0.00015426940580567198
0.0006582161314375337
2.571156763427866e-05
0.0006273622502763993
-1.0284627053711464e-05
0.0006685007584912452
-8.741932995654745e-05
0.0006222199367495436
4.1138508214845856e-05
0.0006479315043838223
0.00011313089759082611
0.0006427891908569666
5.6565448795413055e-05
0.0006016506826421207
-0.00020569254107422928
0.0006839276990718123
-0.00014912709227881624
0.0007199238937598025
-0.00021083485460108502
0.0007250662072866582
-0.00013884246522510477
0.0006479315043838223
7.199238937598025e-05
0.0007970585966626385
5.142313526855732e-06
0.000653073817910678
6.170776232226878e-05
0.0007970585966626385
0.00013884246522510477
0.0005399429203198519
-3.599619468799013e-05
0.0007199238937598025
-9.770395701025892e-05
0.0007559200884477926
-7.199238937598025e-05
0.0005348006067929962
-4.1138508214845856e-05
0.0005193736662124289
-0.00018512328696680637
0.0009101894942534646
-0.00014912709227881624
0.0004679505309438716
-3.599619468799013e-05
0.0008793356130923302
-5.142313526855732e-06
0.0008381971048774844
-1.0284627053711464e-05
0.0008227701642969171
-3.599619468799013e-05
0.0006222199367495436
-7.199238937598025e-05
0.0006685007584912452
3.085388116113439e-05
0.0007302085208135139
1.0284627053711464e-05
0.0008176278507700614
-6.170776232226878e-05
0.0006273622502763993
-3.085388116113439e-05
0.0007250662072866582
0.0
0.0006376468773301108
-1.0284627053711464e-05
0.00045252359036330444
-0.00017998097343995063
0.0006736430720181009
-0.00010284627053711464
0.0006376468773301108
1.5426940580567196e-05
0.000632504563803255
1.5426940580567196e-05
0.0008587663589849073
2.0569254107422928e-05
0.0006427891908569666
-0.0001594117193325277
0.0006942123261255239
4.1138508214845856e-05
0.0007044969531792353
-5.142313526855732e-05
0.0006685007584912452
-0.0001902656004936621
0.0006582161314375337
-1.0284627053711464e-05
0.0007559200884477926
-0.00011313089759082611
0.0005296582932661404
-0.00016455403285938342
0.0006942123261255239
-7.199238937598025e-05
0.0007970585966626385
-0.0001594117193325277
0.0005605121744272748
4.1138508214845856e-05
0.000596508369115265
-0.00010798858406397038
0.0006427891908569666
-8.741932995654745e-05
0.0006839276990718123
0.0
0.0007250662072866582
-0.00011313089759082611
0.0006479315043838223
-0.0001439847787519605
0.0006633584449643895
-0.00010284627053711464
0.0005502275473735634
0.00010284627053711464
0.000575939115007842
-3.599619468799013e-05
0.0008433394184043401
4.628082174170159e-05
0.0006376468773301108
4.1138508214845856e-05
0.0006376468773301108
-0.00021597716812794075
0.00045766590389016015
-5.142313526855732e-06
0.000786773969608927
-3.599619468799013e-05
0.0006582161314375337
-5.142313526855732e-06
0.0005862237420615535
-9.256164348340318e-05
0.0007764893425552155
-3.599619468799013e-05
0.0008176278507700614
3.085388116113439e-05
0.000632504563803255
-0.00016969634638623916
0.00042166970920217003
-0.00022111948165479649
0.0008433394184043401
3.085388116113439e-05
0.0008022009101894942
-0.00015426940580567198
0.0006839276990718123
-5.142313526855732e-05
0.0005193736662124289
7.713470290283599e-05
0.0007713470290283598
-0.00015426940580567198
0.0005348006067929962
-3.085388116113439e-05
0.00043709664978273726
8.741932995654745e-05
0.0007919162831357828
-0.00013370015169824904
0.0006787853855449566
-9.256164348340318e-05
0.0006685007584912452
-0.00011827321111768185
0.0006890700125986682
-0.00028282724397706526
0.0006736430720181009
0.0
0.0006993546396523796
-9.256164348340318e-05
0.000653073817910678
-0.00016969634638623916
0.0007199238937598025
1.5426940580567196e-05
0.0006736430720181009
8.741932995654745e-05
0.0007970585966626385
-8.227701642969171e-05
0.0006067929961689764
-9.256164348340318e-05
0.0005399429203198519
-0.00023140410870850796
0.0006890700125986682
-0.00012341552464453757
0.000653073817910678
-0.0002519733628159309
0.0008690509860386187
-8.741932995654745e-05
0.0006942123261255239
-0.0001285578381713933
0.0006582161314375337
-1.0284627053711464e-05
0.0008279124778237729
-0.00023140410870850796
0.0005553698609004191
1.5426940580567196e-05
0.0006839276990718123
-0.00012341552464453757
0.0008381971048774844
-3.599619468799013e-05
0.000653073817910678
-6.170776232226878e-05
0.0007559200884477926
-6.170776232226878e-05
0.0005450852338467076
-4.1138508214845856e-05
0.0008176278507700614
6.685007584912452e-05
0.000632504563803255
-0.00010284627053711464
0.0006222199367495436
-2.571156763427866e-05
0.0007404931478672255
2.571156763427866e-05
0.0005656544879541305
2.571156763427866e-05
0.0006736430720181009
3.599619468799013e-05
0.0008484817319311958
-4.1138508214845856e-05
0.000786773969608927
-0.00020569254107422928
0.0007353508343403698
-9.256164348340318e-05
0.0005193736662124289
8.227701642969171e-05
0.0008896202401460417
1.0284627053711464e-05
0.0006736430720181009
-5.142313526855732e-05
0.0006016506826421207
-0.00013884246522510477
0.0008793356130923302
-4.628082174170159e-05
0.0007816316560820713
0.0
0.0005913660555884092
-1.5426940580567196e-05
0.0005245159797392847
-0.00013370015169824904
0.0007147815802329468
-1.5426940580567196e-05
0.0006479315043838223
2.571156763427866e-05
0.0008999048671997532
-5.142313526855732e-06
0.0007662047155015041
-3.085388116113439e-05
0.0007662047155015041
-3.599619468799013e-05
0.0006685007584912452
4.628082174170159e-05
0.000786773969608927
7.713470290283599e-05
0.000575939115007842
-0.00015426940580567198
0.0006479315043838223
-7.713470290283599e-05
0.0008999048671997532
-2.0569254107422928e-05
0.0006890700125986682
-0.00014912709227881624
0.000498804412105006
-1.0284627053711464e-05
0.0008124855372432057
3.085388116113439e-05
0.0006993546396523796
-1.0284627053711464e-05
0.0005502275473735634
0.00018512328696680637
0.0006582161314375337
-5.142313526855732e-05
0.0007250662072866582
7.199238937598025e-05
0.0007764893425552155
8.227701642969171e-05
0.0005810814285346977
-0.00013370015169824904
0.0006993546396523796
-6.170776232226878e-05
0.0007044969531792353
-0.00013370015169824904
0.0006942123261255239
-8.227701642969171e-05
0.00043709664978273726
-5.6565448795413055e-05
0.0005193736662124289
-4.628082174170159e-05
0.0006942123261255239
-6.170776232226878e-05
0.0006273622502763993
7.713470290283599e-05
0.0007919162831357828
-0.00010798858406397038
0.0006479315043838223
-0.00015426940580567198
0.0007713470290283598
1.5426940580567196e-05
0.0006376468773301108
-0.00014912709227881624
0.000786773969608927
0.00010284627053711464
0.0006273622502763993
-4.1138508214845856e-05
0.0006016506826421207
8.741932995654745e-05
0.0006685007584912452
-8.741932995654745e-05
0.0006222199367495436
-8.227701642969171e-05
0.0006582161314375337
0.0
0.0007456354613940812
-0.00020055022754737354
0.0007353508343403698
-7.713470290283599e-05
0.0008587663589849073
-0.0002519733628159309
0.0006376468773301108
-0.00017998097343995063
0.000596508369115265
-5.142313526855732e-05
0.0007302085208135139
-5.6565448795413055e-05
0.0006633584449643895
-0.00027768493045020955
0.0007507777749209369
-0.00010284627053711464
0.000632504563803255
3.599619468799013e-05
0.0008176278507700614
-2.0569254107422928e-05
0.0008793356130923302
9.770395701025892e-05
0.0005862237420615535
-4.1138508214845856e-05
0.0008330547913506286
1.5426940580567196e-05
0.000596508369115265
-9.256164348340318e-05
0.0006119353096958321
1.5426940580567196e-05
0.0006067929961689764
-0.00010284627053711464
0.0007250662072866582
8.227701642969171e-05
0.0009667549430488777
-5.142313526855732e-06
0.0007147815802329468
-4.628082174170159e-05
0.0006839276990718123
-9.256164348340318e-05
0.0006633584449643895
6.685007584912452e-05
0.0005810814285346977
-3.599619468799013e-05
0.0007816316560820713
-1.5426940580567196e-05
0.0008022009101894942
3.085388116113439e-05
0.0006273622502763993
-5.142313526855732e-06
0.0007764893425552155
4.1138508214845856e-05
0.0007302085208135139
-1.5426940580567196e-05
0.0007764893425552155
-5.142313526855732e-06
0.0007250662072866582
5.6565448795413055e-05
0.0008124855372432057
3.085388116113439e-05
0.0006736430720181009
-6.170776232226878e-05
0.000596508369115265
6.685007584912452e-05
0.0005502275473735634
-3.085388116113439e-05
0.0006942123261255239
-3.599619468799013e-05
0.000596508369115265
-0.00015426940580567198
0.0006222199367495436
9.256164348340318e-05
0.0007302085208135139
-6.685007584912452e-05
0.0007713470290283598
-0.00014912709227881624
0.0006222199367495436
-0.00013370015169824904
0.0006942123261255239
4.628082174170159e-05
0.0007147815802329468
-7.713470290283599e-05
0.0006376468773301108
-0.0001439847787519605
0.0006787853855449566
-0.00010798858406397038
0.0007404931478672255
-0.00017998097343995063
0.0007456354613940812
-0.00010284627053711464
0.0005707968014809863
-5.6565448795413055e-05
0.0006273622502763993
-0.00022111948165479649
0.0005553698609004191
-0.0001285578381713933
0.00080734322371635
5.142313526855732e-06
0.000653073817910678
0.0001594117193325277
0.0005707968014809863
1.0284627053711464e-05
0.000575939115007842
-0.0001439847787519605
0.0006016506826421207
0.00013884246522510477
0.0007147815802329468
-0.00012341552464453757
0.000786773969608927
-0.00016455403285938342
0.0006787853855449566
7.199238937598025e-05
0.0006376468773301108
-0.0001285578381713933
0.000786773969608927
3.599619468799013e-05
0.0006479315043838223
5.142313526855732e-06
0.0007713470290283598
9.256164348340318e-05
0.000653073817910678
5.6565448795413055e-05
0.0007559200884477926
-6.170776232226878e-05
0.0008381971048774844
-3.599619468799013e-05
0.0007044969531792353
-0.00014912709227881624
0.0006067929961689764
-6.170776232226878e-05
0.0008279124778237729
-7.199238937598025e-05
0.0007507777749209369
-1.0284627053711464e-05
0.0006685007584912452
0.00011827321111768185
0.0005656544879541305
2.0569254107422928e-05
0.0008124855372432057
5.142313526855732e-05
0.0007302085208135139
4.628082174170159e-05
0.0007456354613940812
-9.256164348340318e-05
0.0007662047155015041
-6.685007584912452e-05
0.0008947625536728974
3.599619468799013e-05
0.0007199238937598025
-0.0002519733628159309
0.000632504563803255
-7.713470290283599e-05
0.0007044969531792353
-5.142313526855732e-06
0.000863908672511763
-0.00011827321111768185
0.0006787853855449566
-6.170776232226878e-05
0.0006839276990718123
-1.0284627053711464e-05
0.0006273622502763993
-0.0001439847787519605
0.0007353508343403698
9.256164348340318e-05
0.0006427891908569666
1.5426940580567196e-05
0.0006942123261255239
8.741932995654745e-05
0.0007816316560820713
1.0284627053711464e-05
0.0008484817319311958
-1.0284627053711464e-05
0.0007199238937598025
1.5426940580567196e-05
0.0007302085208135139
-4.1138508214845856e-05
0.0006685007584912452
0.0001285578381713933
0.0006787853855449566
-4.1138508214845856e-05
0.000632504563803255
-8.741932995654745e-05
0.0006170776232226879
5.142313526855732e-06
0.0005348006067929962
-0.0001285578381713933
0.0007250662072866582
0.00010798858406397038
0.0007610624019746484
9.256164348340318e-05
0.0006222199367495436
8.227701642969171e-05
0.0006222199367495436
7.713470290283599e-05
0.000596508369115265
-9.256164348340318e-05
0.0006479315043838223
7.713470290283599e-05
0.0005090890391587175
-2.571156763427866e-05
0.0007044969531792353
-0.0001594117193325277
0.0006993546396523796
-4.628082174170159e-05
0.0005656544879541305
0.0
0.0007250662072866582
-5.142313526855732e-05
0.0005296582932661404
-0.0001285578381713933
0.0006016506826421207
-9.770395701025892e-05
0.000653073817910678
0.0
0.0006633584449643895
-7.713470290283599e-05
0.0008176278507700614
-6.685007584912452e-05
0.0006273622502763993
-1.0284627053711464e-05
0.0007044969531792353
-0.00013370015169824904
0.0005553698609004191
0.0
0.0008484817319311958
4.628082174170159e-05
0.0007199238937598025
1.0284627053711464e-05
0.0007199238937598025
-2.571156763427866e-05
0.0008433394184043401
4.1138508214845856e-05
0.0007250662072866582
-5.142313526855732e-06
0.0009101894942534646
-0.00010284627053711464
0.0007302085208135139
-5.6565448795413055e-05
0.0006427891908569666
-7.199238937598025e-05
0.0006890700125986682
-8.741932995654745e-05
0.0006479315043838223
-3.599619468799013e-05
0.0007456354613940812
-7.199238937598025e-05
0.0007713470290283598
-0.0001285578381713933
0.0006890700125986682
-0.00012341552464453757
0.0007147815802329468
-8.741932995654745e-05
0.0006427891908569666
-0.00010284627053711464
0.0006016506826421207
-1.5426940580567196e-05
0.0006582161314375337
5.6565448795413055e-05
0.0006685007584912452
0.00011827321111768185
0.0007456354613940812
-0.00021083485460108502
0.0006222199367495436
5.142313526855732e-05
0.0007199238937598025
6.685007584912452e-05
0.0008433394184043401
5.142313526855732e-06
0.0006376468773301108
1.0284627053711464e-05
0.0006633584449643895
-0.00010284627053711464
0.0005039467256318618
9.770395701025892e-05
0.0007199238937598025
1.5426940580567196e-05
0.0007507777749209369
5.142313526855732e-05
0.0006890700125986682
2.0569254107422928e-05
0.0005707968014809863
-1.0284627053711464e-05
0.0007096392667060911
5.142313526855732e-05
0.0007353508343403698
-4.1138508214845856e-05
0.0008124855372432057
0.0001594117193325277
0.0007662047155015041
-0.00017998097343995063
0.00080734322371635
0.00011313089759082611
0.0009564703159951662
-7.199238937598025e-05
0.0007199238937598025
-0.00017998097343995063
0.000863908672511763
-5.142313526855732e-05
0.0007610624019746484
7.199238937598025e-05
0.0006222199367495436
-4.1138508214845856e-05
0.0006633584449643895
-2.0569254107422928e-05
0.0007147815802329468
-3.599619468799013e-05
0.0007302085208135139
-5.142313526855732e-05
0.0007610624019746484
-5.142313526855732e-05
0.0005450852338467076
2.571156763427866e-05
0.0006993546396523796
-7.713470290283599e-05
0.0007199238937598025
-0.00015426940580567198
0.0007456354613940812
-6.170776232226878e-05
0.0008484817319311958
0.00011827321111768185
0.0007507777749209369
9.770395701025892e-05
0.0007662047155015041
-5.142313526855732e-06
0.0007610624019746484
-7.199238937598025e-05
0.0007199238937598025
9.256164348340318e-05
0.0007713470290283598
4.628082174170159e-05
0.0007302085208135139
-8.741932995654745e-05
0.0005039467256318618
-7.199238937598025e-05
0.0005707968014809863
2.571156763427866e-05
0.0006479315043838223
-9.770395701025892e-05
0.0006633584449643895
-0.00016969634638623916
0.0006633584449643895
-4.1138508214845856e-05
0.0007507777749209369
-4.628082174170159e-05
0.0007199238937598025
-8.741932995654745e-05
0.0007456354613940812
7.199238937598025e-05
0.0006479315043838223
-4.628082174170159e-05
0.0006427891908569666
-0.00019540791402051784
0.0008793356130923302
-4.628082174170159e-05
0.0007044969531792353
9.770395701025892e-05
0.0006016506826421207
2.0569254107422928e-05
0.00032396575219191114
8.227701642969171e-05
0.0007044969531792353
-1.5426940580567196e-05
0.000786773969608927
5.6565448795413055e-05
0.0006222199367495436
-0.00011313089759082611
0.0007147815802329468
-0.00013884246522510477
0.000653073817910678
2.0569254107422928e-05
0.0006839276990718123
-4.628082174170159e-05
0.0007353508343403698
-4.1138508214845856e-05
0.0007147815802329468
8.227701642969171e-05
0.0007250662072866582
-6.170776232226878e-05
0.0007302085208135139
2.571156763427866e-05
0.0006273622502763993
-7.713470290283599e-05
0.0005707968014809863
-3.085388116113439e-05
0.0005450852338467076
1.0284627053711464e-05
0.0007507777749209369
-4.1138508214845856e-05
0.0007147815802329468
-1.0284627053711464e-05
0.000653073817910678
-4.1138508214845856e-05
0.0006222199367495436
-1.5426940580567196e-05
0.0008124855372432057
-7.713470290283599e-05
0.0007507777749209369
-1.0284627053711464e-05
0.0007044969531792353
-7.199238937598025e-05
0.0005348006067929962
1.0284627053711464e-05
0.0007096392667060911
2.571156763427866e-05
0.0007199238937598025
-6.685007584912452e-05
0.0007970585966626385
-0.00010284627053711464
0.0006067929961689764
-0.0002725426169233538
0.0007610624019746484
-5.142313526855732e-05
0.0006170776232226879
-0.00013884246522510477
0.0008947625536728974
3.599619468799013e-05
0.0005913660555884092
6.170776232226878e-05
0.0006890700125986682
-7.199238937598025e-05
0.0006993546396523796
-3.085388116113439e-05
0.0007610624019746484
-4.1138508214845856e-05
0.000653073817910678
3.599619468799013e-05
0.0007250662072866582
-0.00011313089759082611
0.0008433394184043401
-0.0001285578381713933
0.0006222199367495436
-1.0284627053711464e-05
0.0005553698609004191
-4.628082174170159e-05
0.0007507777749209369
-7.713470290283599e-05
0.0006993546396523796
-0.00010798858406397038
0.000863908672511763
-6.685007584912452e-05
0.0007764893425552155
-2.571156763427866e-05
0.0006633584449643895
-2.0569254107422928e-05
0.0006787853855449566
-8.227701642969171e-05
0.000596508369115265
-5.142313526855732e-06
0.0006942123261255239
-2.571156763427866e-05
0.0006942123261255239
-7.199238937598025e-05
0.0006479315043838223
-8.741932995654745e-05
0.0007559200884477926
7.713470290283599e-05
0.0005296582932661404
-6.685007584912452e-05
0.0007456354613940812
2.571156763427866e-05
0.0006067929961689764
2.571156763427866e-05
0.0008022009101894942
0.00015426940580567198
0.0007456354613940812
-8.227701642969171e-05
0.0008176278507700614
1.0284627053711464e-05
0.0008433394184043401
-9.770395701025892e-05
0.0006273622502763993
-2.0569254107422928e-05
0.0006993546396523796
4.1138508214845856e-05
0.0008947625536728974
3.599619468799013e-05
0.0006016506826421207
5.142313526855732e-06
0.0006273622502763993
0.00010284627053711464
0.0005605121744272748
0.00012341552464453757
0.0006685007584912452
-0.00016455403285938342
0.0006839276990718123
-8.227701642969171e-05
0.0007764893425552155
3.599619468799013e-05
0.0007559200884477926
-5.142313526855732e-06
0.0005810814285346977
-0.0001439847787519605
0.0007610624019746484
-5.142313526855732e-06
0.0007507777749209369
-0.00013370015169824904
0.0009204741213071761
9.770395701025892e-05
0.0006787853855449566
0.00010798858406397038
0.0007662047155015041
6.170776232226878e-05
0.0006427891908569666
-0.00010798858406397038
0.0005142313526855732
-0.0001902656004936621
0.0007404931478672255
3.599619468799013e-05
0.0006170776232226879
-0.00011827321111768185
0.0007764893425552155
-7.199238937598025e-05
0.0005348006067929962
-6.685007584912452e-05
0.0007662047155015041
-5.142313526855732e-06
0.0008690509860386187
-1.5426940580567196e-05
0.0005707968014809863
3.599619468799013e-05
0.0005862237420615535
-5.142313526855732e-05
0.0006170776232226879
0.0
0.0007199238937598025
1.0284627053711464e-05
0.0006582161314375337
-6.170776232226878e-05
0.0007044969531792353
8.741932995654745e-05
0.000786773969608927
4.1138508214845856e-05
0.0006170776232226879
-0.00020055022754737354
0.0006273622502763993
-3.599619468799013e-05
0.0007456354613940812
-3.599619468799013e-05
0.0006222199367495436
2.571156763427866e-05
0.000632504563803255
-3.599619468799013e-05
0.0006736430720181009
-2.0569254107422928e-05
0.0005707968014809863
-0.00020569254107422928
0.0006582161314375337
4.1138508214845856e-05
0.000653073817910678
-5.142313526855732e-05
0.0005450852338467076
-0.00010284627053711464
0.0006942123261255239
-7.713470290283599e-05
0.0007816316560820713
-4.1138508214845856e-05
0.0007353508343403698
-0.00014912709227881624
0.0007919162831357828
2.571156763427866e-05
0.0006839276990718123
4.1138508214845856e-05
0.0007713470290283598
-5.142313526855732e-05
0.0006890700125986682
-6.170776232226878e-05
0.0007404931478672255
5.142313526855732e-06
0.0007970585966626385
5.142313526855732e-06
0.0006839276990718123
-5.6565448795413055e-05
0.000653073817910678
-2.571156763427866e-05
0.0007199238937598025
-0.00013884246522510477
0.0006942123261255239
-5.6565448795413055e-05
0.0006633584449643895
0.0001439847787519605
0.0007353508343403698
-0.0002365464222353637
0.0007096392667060911
-4.628082174170159e-05
0.0007096392667060911
-4.1138508214845856e-05
0.0008124855372432057
-5.142313526855732e-05
0.000786773969608927
-0.00012341552464453757
0.0006787853855449566
-8.227701642969171e-05
0.0006993546396523796
-3.599619468799013e-05
0.0005862237420615535
2.571156763427866e-05
0.0007559200884477926
8.227701642969171e-05
0.0006222199367495436
-1.0284627053711464e-05
0.0006787853855449566
6.170776232226878e-05
0.0007096392667060911
-0.00013884246522510477
0.000786773969608927
-1.0284627053711464e-05
0.0007919162831357828
0.0001285578381713933
0.0009667549430488777
-6.170776232226878e-05
0.0007970585966626385
-0.0001439847787519605
0.0006839276990718123
-9.256164348340318e-05
0.0008124855372432057
-4.1138508214845856e-05
0.0007250662072866582
-2.0569254107422928e-05
0.0007816316560820713
5.6565448795413055e-05
0.0007456354613940812
-3.599619468799013e-05
0.0005605121744272748
-5.142313526855732e-06
0.0006633584449643895
-0.00013370015169824904
0.0008022009101894942
4.1138508214845856e-05
0.000632504563803255
-0.00022626179518165222
0.0006170776232226879
-1.0284627053711464e-05
0.000653073817910678
6.170776232226878e-05
0.0007662047155015041
8.741932995654745e-05
0.0007816316560820713
-8.227701642969171e-05
0.0006273622502763993
-0.00013884246522510477
0.0006427891908569666
0.00011827321111768185
0.0007096392667060911
-0.00016455403285938342
0.0008484817319311958
-2.571156763427866e-05
0.0005553698609004191
-0.00019540791402051784
0.0005656544879541305
-0.00012341552464453757
0.000632504563803255
-5.142313526855732e-06
0.0005502275473735634
-4.1138508214845856e-05
0.0006787853855449566
-0.00010284627053711464
0.0007353508343403698
6.685007584912452e-05
0.0006582161314375337
-7.199238937598025e-05
0.0007610624019746484
-9.256164348340318e-05
0.0005245159797392847
-0.0001439847787519605
0.0008124855372432057
-0.00011827321111768185
0.0008690509860386187
3.599619468799013e-05
0.0007404931478672255
-7.199238937598025e-05
0.0004936620985781503
-0.00012341552464453757
0.0006993546396523796
-8.741932995654745e-05
0.0008279124778237729
1.0284627053711464e-05
0.0006376468773301108
-6.170776232226878e-05
0.0007199238937598025
-0.00012341552464453757
0.0005502275473735634
4.1138508214845856e-05
0.0008022009101894942
9.256164348340318e-05
0.0006170776232226879
-7.199238937598025e-05
0.0006016506826421207
-5.142313526855732e-05
0.0006633584449643895
1.0284627053711464e-05
0.0006633584449643895
0.00012341552464453757
0.0007199238937598025
-0.00012341552464453757
0.000632504563803255
-3.599619468799013e-05
0.0006273622502763993
3.599619468799013e-05
0.0006479315043838223
-2.571156763427866e-05
0.0006787853855449566
-0.0002519733628159309
0.0006479315043838223
6.170776232226878e-05
0.000596508369115265
-8.227701642969171e-05
0.0007610624019746484
5.142313526855732e-06
0.000653073817910678
3.085388116113439e-05
0.0006890700125986682
5.142313526855732e-06
0.0004782351579975831
-3.085388116113439e-05
0.0007404931478672255
-9.256164348340318e-05
0.0007250662072866582
3.085388116113439e-05
0.0004319543362558815
7.713470290283599e-05
0.0006685007584912452
4.1138508214845856e-05
0.0008741932995654745
-4.1138508214845856e-05
0.0007816316560820713
-3.085388116113439e-05
0.0008741932995654745
0.0
0.000596508369115265
-4.1138508214845856e-05
0.0006736430720181009
2.571156763427866e-05
0.0007353508343403698
-5.142313526855732e-05
0.0007610624019746484
-8.227701642969171e-05
0.0007044969531792353
-5.142313526855732e-06
0.000863908672511763
0.00017998097343995063
0.0007096392667060911
-2.0569254107422928e-05
0.0007456354613940812
-3.599619468799013e-05
0.0007816316560820713
-7.199238937598025e-05
0.0006273622502763993
5.142313526855732e-06
0.000786773969608927
-0.00010284627053711464
0.0005450852338467076
-0.00011313089759082611
0.0005193736662124289
-4.1138508214845856e-05
0.0006067929961689764
4.1138508214845856e-05
0.0006479315043838223
1.5426940580567196e-05
0.0007044969531792353
0.0001902656004936621
0.0007456354613940812
-0.00011827321111768185
0.0005605121744272748
-1.0284627053711464e-05
0.0006016506826421207
-0.00011827321111768185
0.000786773969608927
-0.00011313089759082611
0.0006427891908569666
-2.0569254107422928e-05
0.0007096392667060911
-6.170776232226878e-05
0.0006376468773301108
-5.6565448795413055e-05
0.0006787853855449566
-5.142313526855732e-05
0.0006890700125986682
-5.6565448795413055e-05
0.00045766590389016015
-0.00010798858406397038
0.0007096392667060911
0.00010798858406397038
0.0007764893425552155
-7.713470290283599e-05
0.0006119353096958321
-0.0001594117193325277
0.0007250662072866582
-2.571156763427866e-05
0.0005862237420615535
9.256164348340318e-05
0.0006479315043838223
-3.599619468799013e-05
0.000653073817910678
-1.5426940580567196e-05
0.00080734322371635
9.770395701025892e-05
0.000653073817910678
-6.170776232226878e-05
0.0007044969531792353
-9.256164348340318e-05
0.00045252359036330444
6.170776232226878e-05
0.0007250662072866582
9.770395701025892e-05
0.0006942123261255239
-6.685007584912452e-05
0.0006993546396523796
-4.628082174170159e-05
0.0006942123261255239
-6.685007584912452e-05
0.0005862237420615535
-7.199238937598025e-05
0.0007199238937598025
-0.00012341552464453757
0.0005502275473735634
-0.00010284627053711464
0.0006736430720181009
-4.628082174170159e-05
0.0007250662072866582
-0.0001285578381713933
0.0005553698609004191
-0.00010798858406397038
0.0006942123261255239
-2.0569254107422928e-05
0.0007353508343403698
-0.00012341552464453757
0.0006839276990718123
4.1138508214845856e-05
0.0006273622502763993
-8.227701642969171e-05
0.0006890700125986682
1.0284627053711464e-05
0.000632504563803255
-1.5426940580567196e-05
0.0007404931478672255
8.741932995654745e-05
0.0009461856889414548
4.1138508214845856e-05
0.0005707968014809863
-0.0001902656004936621
0.000786773969608927
2.571156763427866e-05
0.0006633584449643895
-5.142313526855732e-05
0.0007507777749209369
-6.685007584912452e-05
0.0005656544879541305
-6.685007584912452e-05
0.0005707968014809863
5.142313526855732e-06
0.0006633584449643895
-0.00010284627053711464
0.0005707968014809863
-4.1138508214845856e-05
0.0007250662072866582
-0.0002674003033964981
0.0008536240454580516
9.770395701025892e-05
0.0007507777749209369
3.085388116113439e-05
0.0006479315043838223
-0.00010284627053711464
0.0005502275473735634
7.199238937598025e-05
0.0006942123261255239
-3.085388116113439e-05
0.0008433394184043401
-1.0284627053711464e-05
0.0007404931478672255
-0.00024168873576221943
0.0008022009101894942
-0.0001902656004936621
0.0008947625536728974
-0.00010798858406397038
0.0006582161314375337
-0.00018512328696680637
0.0007044969531792353
-6.170776232226878e-05
0.0005605121744272748
9.256164348340318e-05
0.0007404931478672255
-0.0001748386599130949
0.0007147815802329468
-2.0569254107422928e-05
0.0007713470290283598
-9.256164348340318e-05
0.0006736430720181009
-8.227701642969171e-05
0.0007919162831357828
2.0569254107422928e-05
0.0007507777749209369
5.142313526855732e-06
0.000632504563803255
-0.00013884246522510477
0.0007096392667060911
-0.00013884246522510477
0.0005090890391587175
-9.256164348340318e-05
0.0006942123261255239
-0.00010284627053711464
0.0006427891908569666
-0.00010798858406397038
0.000575939115007842
-9.770395701025892e-05
0.0006633584449643895
8.227701642969171e-05
0.0005810814285346977
-8.227701642969171e-05
0.0006890700125986682
0.0
0.0005245159797392847
-6.685007584912452e-05
0.0006222199367495436
0.0
0.0007970585966626385
-0.00016969634638623916
0.0006582161314375337
1.0284627053711464e-05
0.0004165273956753143
-0.00011827321111768185
0.0006839276990718123
8.227701642969171e-05
0.0006633584449643895
-5.6565448795413055e-05
0.0007764893425552155
1.5426940580567196e-05
0.0006839276990718123
-3.599619468799013e-05
0.000786773969608927
-8.741932995654745e-05
0.0007970585966626385
3.085388116113439e-05
0.0005296582932661404
1.0284627053711464e-05
0.0009461856889414548
3.085388116113439e-05
0.0005913660555884092
-0.0001594117193325277
0.0007302085208135139
-4.1138508214845856e-05
0.0006736430720181009
-0.00018512328696680637
0.0005605121744272748
-4.628082174170159e-05
0.0006273622502763993
-0.00013884246522510477
0.0007456354613940812
1.5426940580567196e-05
0.0005090890391587175
-6.685007584912452e-05
0.0007250662072866582
-0.0001748386599130949
0.00041138508214845856
0.0
0.0007713470290283598
7.713470290283599e-05
0.0007919162831357828
-0.00010284627053711464
0.000653073817910678
-0.00013370015169824904
0.0007250662072866582
-0.00015426940580567198
0.0006170776232226879
7.713470290283599e-05
0.0008227701642969171
-0.0001594117193325277
0.0005245159797392847
-8.227701642969171e-05
0.0006942123261255239
3.085388116113439e-05
0.0006685007584912452
-0.00014912709227881624
0.0007764893425552155
-5.142313526855732e-05
0.0007507777749209369
-3.599619468799013e-05
0.0006839276990718123
1.0284627053711464e-05
0.0008227701642969171
-0.0001439847787519605
0.0005039467256318618
-8.741932995654745e-05
0.000653073817910678
-5.6565448795413055e-05
0.0006582161314375337
-0.00014912709227881624
0.000632504563803255
0.0
0.0007096392667060911
-5.142313526855732e-05
0.0008844779266191859
0.00013884246522510477
0.0007096392667060911
-0.00020055022754737354
0.0007250662072866582
-1.0284627053711464e-05
0.0007044969531792353
5.6565448795413055e-05
0.000632504563803255
1.5426940580567196e-05
0.0007764893425552155
-4.1138508214845856e-05
0.0008124855372432057
0.00021083485460108502
0.000653073817910678
7.713470290283599e-05
0.0007353508343403698
1.0284627053711464e-05
0.0007764893425552155
-5.6565448795413055e-05
0.00048337747152443886
-1.0284627053711464e-05
0.0007044969531792353
-3.085388116113439e-05
0.0007559200884477926
-8.741932995654745e-05
0.0008279124778237729
3.085388116113439e-05
0.0007456354613940812
-7.713470290283599e-05
0.0007559200884477926
-3.085388116113439e-05
0.0007199238937598025
5.142313526855732e-05
0.0006376468773301108
8.741932995654745e-05
0.0007302085208135139
6.685007584912452e-05
0.0006890700125986682
-0.00020569254107422928
0.0005913660555884092
-3.085388116113439e-05
0.0006993546396523796
-5.6565448795413055e-05
0.000632504563803255
6.685007584912452e-05
0.0007199238937598025
4.628082174170159e-05
0.0006993546396523796
-0.00013370015169824904
0.0006222199367495436
-0.0001285578381713933
0.000575939115007842
6.170776232226878e-05
0.0007456354613940812
-0.00016969634638623916
0.0006067929961689764
-0.00011827321111768185
0.000632504563803255
6.170776232226878e-05
0.0006222199367495436
-6.685007584912452e-05
0.0006582161314375337
-1.0284627053711464e-05
0.0006839276990718123
-5.6565448795413055e-05
0.0006273622502763993
-7.713470290283599e-05
0.0006479315043838223
-0.00011313089759082611
0.0007250662072866582
8.741932995654745e-05
0.0006942123261255239
-0.00010284627053711464
0.00080734322371635
-0.00011313089759082611
0.0006016506826421207
0.00010798858406397038
0.0007919162831357828
-6.170776232226878e-05
0.0004473812768364487
-9.770395701025892e-05
0.0006222199367495436
5.142313526855732e-06
0.0007199238937598025
-5.142313526855732e-06
0.0006890700125986682
0.0
0.0006942123261255239
-0.00018512328696680637
0.0006839276990718123
-0.00015426940580567198
0.0007919162831357828
-1.5426940580567196e-05
0.0006633584449643895
-8.227701642969171e-05
0.0006736430720181009
-8.227701642969171e-05
0.000653073817910678
-0.00024683104928907514
0.0009256164348340318
-5.6565448795413055e-05
0.0006016506826421207
1.5426940580567196e-05
0.0006376468773301108
-0.00022111948165479649
0.0007764893425552155
-7.713470290283599e-05
0.0006427891908569666
-1.0284627053711464e-05
0.0005605121744272748
-8.227701642969171e-05
0.0005348006067929962
-0.00012341552464453757
0.0005553698609004191
-4.628082174170159e-05
0.0007456354613940812
1.0284627053711464e-05
0.0006633584449643895
2.571156763427866e-05
0.0006993546396523796
-5.6565448795413055e-05
0.0006685007584912452
-3.599619468799013e-05
0.0007044969531792353
-8.741932995654745e-05
0.0005656544879541305
-9.770395701025892e-05
0.0005039467256318618
9.770395701025892e-05
0.0006890700125986682
-0.00013370015169824904
0.0007147815802329468
-0.00010798858406397038
0.0006685007584912452
-4.628082174170159e-05
0.0005450852338467076
-8.227701642969171e-05
0.00044223896330959297
-4.1138508214845856e-05
0.0007662047155015041
2.571156763427866e-05
0.0007610624019746484
-0.00019540791402051784
0.0006273622502763993
-0.00012341552464453757
0.0005810814285346977
-6.170776232226878e-05
0.0006479315043838223
-9.256164348340318e-05
0.0006376468773301108
3.599619468799013e-05
0.0005862237420615535
-9.770395701025892e-05
0.0006890700125986682
-0.0001439847787519605
0.0006016506826421207
4.1138508214845856e-05
0.0006222199367495436
-0.00010798858406397038
0.000575939115007842
5.6565448795413055e-05
0.0006376468773301108
0.0
0.0008279124778237729
-1.0284627053711464e-05
0.0008330547913506286
-0.00016455403285938342
0.0006479315043838223
0.00011313089759082611
0.0006633584449643895
-3.085388116113439e-05
0.0006890700125986682
-9.770395701025892e-05
0.0006273622502763993
5.142313526855732e-06
0.0006376468773301108
-3.599619468799013e-05
0.000596508369115265
-0.00013370015169824904
0.0005656544879541305
-3.599619468799013e-05
0.000632504563803255
3.085388116113439e-05
0.0005913660555884092
-0.00010798858406397038
0.0005450852338467076
-0.00010284627053711464
0.0005913660555884092
-4.1138508214845856e-05
0.0005707968014809863
6.170776232226878e-05
0.0006839276990718123
-9.770395701025892e-05
0.00080734322371635
-0.0001748386599130949
0.0007096392667060911
1.0284627053711464e-05
0.0006427891908569666
-0.0001285578381713933
0.0006222199367495436
-3.085388116113439e-05
0.0005553698609004191
9.256164348340318e-05
0.0007044969531792353
6.170776232226878e-05
0.0004885197850512946
-1.5426940580567196e-05
0.000575939115007842
3.599619468799013e-05
0.0005399429203198519
-9.256164348340318e-05
0.00042166970920217003
-0.00012341552464453757
0.0006479315043838223
5.6565448795413055e-05
0.0006890700125986682
-0.00017998097343995063
0.0004679505309438716
-0.00010284627053711464
0.0006170776232226879
-4.628082174170159e-05
0.0004473812768364487
-2.571156763427866e-05
0.0005707968014809863
-5.142313526855732e-05
0.0006685007584912452
-7.199238937598025e-05
0.0005656544879541305
-0.00013884246522510477
0.0006633584449643895
0.0
0.0005707968014809863
-0.0001285578381713933
0.000498804412105006
-0.00030853881161134396
0.0007919162831357828
0.00022626179518165222
0.000786773969608927
5.142313526855732e-06
0.0006273622502763993
5.142313526855732e-05
0.0006427891908569666
5.142313526855732e-05
0.0007044969531792353
2.0569254107422928e-05
0.000596508369115265
-9.256164348340318e-05
0.0006119353096958321
-3.599619468799013e-05
0.0004782351579975831
-0.00016455403285938342
0.0006582161314375337
-0.0001902656004936621
0.0006787853855449566
0.00011827321111768185
0.0006479315043838223
-8.741932995654745e-05
0.0007764893425552155
3.599619468799013e-05
0.0005399429203198519
-9.256164348340318e-05
0.000653073817910678
6.170776232226878e-05
0.0004782351579975831
3.085388116113439e-05
0.0006119353096958321
0.00016969634638623916
0.0005090890391587175
-9.256164348340318e-05
0.0007302085208135139
5.142313526855732e-06
0.0006119353096958321
5.142313526855732e-06
0.0007816316560820713
-0.00016455403285938342
0.0006479315043838223
-0.00010798858406397038
0.0007816316560820713
-3.085388116113439e-05
0.0006839276990718123
-0.00022111948165479649
0.0004268120227290258
0.0
0.0006222199367495436
-0.00011827321111768185
0.0007044969531792353
-1.5426940580567196e-05
0.0004679505309438716
-8.227701642969171e-05
0.0006170776232226879
1.0284627053711464e-05
0.0006222199367495436
-6.685007584912452e-05
0.0007970585966626385
-0.00014912709227881624
0.0005810814285346977
3.599619468799013e-05
0.0005862237420615535
-2.0569254107422928e-05
0.0005502275473735634
-0.00011313089759082611
0.0007353508343403698
4.1138508214845856e-05
0.0006067929961689764
-0.00010284627053711464
0.0005862237420615535
0.0
0.0007044969531792353
3.599619468799013e-05
0.0006633584449643895
-5.142313526855732e-06
0.0005039467256318618
-5.6565448795413055e-05
0.0007713470290283598
6.170776232226878e-05
0.0008124855372432057
-0.0001902656004936621
0.0007404931478672255
-0.00013370015169824904
0.0005707968014809863
-0.00011827321111768185
0.0005399429203198519
-2.571156763427866e-05
0.0007096392667060911
-2.0569254107422928e-05
0.00080734322371635
-4.628082174170159e-05
0.0006016506826421207
5.6565448795413055e-05
0.0005810814285346977
-9.256164348340318e-05
0.0006170776232226879
-0.0001902656004936621
0.0006736430720181009
-7.713470290283599e-05
0.0006736430720181009
-9.256164348340318e-05
0.0006119353096958321
-2.571156763427866e-05
0.0007764893425552155
-0.00010284627053711464
0.0005707968014809863
-1.0284627053711464e-05
0.0006787853855449566
-6.685007584912452e-05
0.0006170776232226879
4.1138508214845856e-05
0.000596508369115265
-0.00015426940580567198
0.0007096392667060911
1.0284627053711464e-05
0.0005296582932661404
-8.227701642969171e-05
0.0007713470290283598
-3.085388116113439e-05
0.0007764893425552155
-0.00020569254107422928
0.0005605121744272748
-4.1138508214845856e-05
0.00044223896330959297
0.0
0.0006890700125986682
-2.0569254107422928e-05
0.0007456354613940812
-6.685007584912452e-05
0.0005707968014809863
5.142313526855732e-06
0.0004628082174170159
-8.741932995654745e-05
0.000632504563803255
-4.1138508214845856e-05
0.0006119353096958321
3.085388116113439e-05
0.0006479315043838223
-7.713470290283599e-05
0.0005862237420615535
1.0284627053711464e-05
0.0005707968014809863
-6.685007584912452e-05
0.000653073817910678
-5.142313526855732e-06
0.0004730928444707274
2.571156763427866e-05
0.0005862237420615535
-0.00011827321111768185
0.0007713470290283598
-0.00024168873576221943
0.0005810814285346977
-0.00013370015169824904
0.0007713470290283598
-0.00017998097343995063
0.0006119353096958321
7.199238937598025e-05
0.0006839276990718123
-4.1138508214845856e-05
0.0005296582932661404
7.713470290283599e-05
0.0006376468773301108
-0.00015426940580567198
0.0007713470290283598
-8.741932995654745e-05
0.0005553698609004191
5.142313526855732e-06
0.0007919162831357828
-0.00013370015169824904
0.0005810814285346977
9.256164348340318e-05
0.0005656544879541305
-6.685007584912452e-05
0.0006890700125986682
5.142313526855732e-05
0.0007096392667060911
-3.599619468799013e-05
0.0007353508343403698
-0.00011313089759082611
0.0005553698609004191
-3.599619468799013e-05
0.0005913660555884092
-5.142313526855732e-06
0.0006839276990718123
7.199238937598025e-05
0.0005810814285346977
0.00010284627053711464
0.0006685007584912452
5.142313526855732e-06
0.0008536240454580516
3.599619468799013e-05
0.0006633584449643895
-2.0569254107422928e-05
0.0007610624019746484
-4.1138508214845856e-05
0.0006633584449643895
-0.0001285578381713933
0.0008227701642969171
4.1138508214845856e-05
0.000653073817910678
0.0
0.0006890700125986682
-1.0284627053711464e-05
0.000632504563803255
-5.142313526855732e-05
0.0006582161314375337
0.00014912709227881624
0.0007199238937598025
-0.0001748386599130949
0.0007713470290283598
0.00015426940580567198
0.0007044969531792353
9.770395701025892e-05
0.0006427891908569666
0.0
0.0006839276990718123
-3.599619468799013e-05
0.0007404931478672255
-0.00020569254107422928
0.0007404931478672255
-0.00013370015169824904
0.0005656544879541305
8.741932995654745e-05
0.0008124855372432057
4.1138508214845856e-05
0.0006839276990718123
-4.628082174170159e-05
0.0007456354613940812
-1.0284627053711464e-05
0.0007353508343403698
0.0
0.0007456354613940812
-8.741932995654745e-05
0.0006942123261255239
-5.142313526855732e-05
0.0007147815802329468
-0.0001285578381713933
0.0006016506826421207
-0.0001439847787519605
0.0007610624019746484
-1.5426940580567196e-05
0.0004730928444707274
-5.142313526855732e-06
0.0006376468773301108
1.0284627053711464e-05
0.0006479315043838223
5.6565448795413055e-05
0.0006067929961689764
3.085388116113439e-05
0.0007199238937598025
0.00011313089759082611
0.0006736430720181009
5.142313526855732e-05
0.0005913660555884092
-7.713470290283599e-05
0.0005862237420615535
-0.00010798858406397038
0.0007302085208135139
-8.741932995654745e-05
0.0006273622502763993
-1.5426940580567196e-05
0.0005707968014809863
-0.00011827321111768185
0.0007147815802329468
0.00010284627053711464
0.0007302085208135139
-8.741932995654745e-05
0.000863908672511763
3.599619468799013e-05
0.0006479315043838223
-3.085388116113439e-05
0.0006067929961689764
-8.741932995654745e-05
0.0008536240454580516
-9.770395701025892e-05
0.0007147815802329468
2.571156763427866e-05
0.0006427891908569666
-0.00019540791402051784
0.0006479315043838223
-3.599619468799013e-05
0.0006170776232226879
-7.199238937598025e-05
0.0004885197850512946
-9.256164348340318e-05
0.0008330547913506286
-5.142313526855732e-05
0.0005348006067929962
-2.571156763427866e-05
0.0007250662072866582
0.0
0.000653073817910678
-0.0002725426169233538
0.0006839276990718123
-5.142313526855732e-05
0.0007507777749209369
3.085388116113439e-05
0.0006427891908569666
3.085388116113439e-05
0.0005142313526855732
5.142313526855732e-06
0.0007456354613940812
-4.1138508214845856e-05
0.0007302085208135139
6.685007584912452e-05
0.0006222199367495436
-3.599619468799013e-05
0.0007147815802329468
-0.0001748386599130949
0.0005810814285346977
1.0284627053711464e-05
0.0005450852338467076
-5.142313526855732e-05
0.0006479315043838223
-0.0001902656004936621
0.0004268120227290258
-5.6565448795413055e-05
0.0007404931478672255
1.0284627053711464e-05
0.0006427891908569666
9.770395701025892e-05
0.0008793356130923302
-0.0001594117193325277
0.0006222199367495436
-3.599619468799013e-05
0.000653073817910678
-9.256164348340318e-05
0.0007250662072866582
-0.00012341552464453757
0.0006633584449643895
0.0
0.0006479315043838223
5.142313526855732e-06
0.0008124855372432057
-8.227701642969171e-05
0.0006993546396523796
-0.00016455403285938342
0.0008896202401460417
-0.0001748386599130949
0.0006376468773301108
0.00010798858406397038
0.0006016506826421207
-0.00012341552464453757
0.0007044969531792353
-1.0284627053711464e-05
0.0007713470290283598
-0.00011313089759082611
0.000653073817910678
-5.6565448795413055e-05
0.000863908672511763
7.713470290283599e-05
0.0006273622502763993
9.256164348340318e-05
0.0007096392667060911
-3.085388116113439e-05
0.0007096392667060911
5.142313526855732e-05
0.0006479315043838223
-6.170776232226878e-05
0.0007713470290283598
5.142313526855732e-05
0.0005142313526855732
-0.00013884246522510477
0.00048337747152443886
-0.00015426940580567198
0.0008999048671997532
-3.599619468799013e-05
0.0006839276990718123
5.142313526855732e-06
0.0007559200884477926
-2.571156763427866e-05
0.0008022009101894942
0.00016969634638623916
0.0005296582932661404
3.599619468799013e-05
0.0005245159797392847
-5.142313526855732e-05
0.0006376468773301108
-5.142313526855732e-05
0.000786773969608927
3.599619468799013e-05
0.0007610624019746484
-9.770395701025892e-05
0.000596508369115265
-5.6565448795413055e-05
0.0007404931478672255
-0.0001285578381713933
0.0007250662072866582
9.256164348340318e-05
0.0004885197850512946
-1.5426940580567196e-05
0.000596508369115265
-8.741932995654745e-05
0.000596508369115265
-3.599619468799013e-05
0.0004936620985781503
-7.713470290283599e-05
0.0006839276990718123
-4.1138508214845856e-05
0.0008330547913506286
0.0001439847787519605
0.00080734322371635
-2.571156763427866e-05
0.0006222199367495436
-0.00013370015169824904
0.0006170776232226879
-0.00011827321111768185
0.0005605121744272748
-0.00015426940580567198
0.0005605121744272748
-0.0001902656004936621
0.0006736430720181009
-5.6565448795413055e-05
0.0005862237420615535
-0.00021083485460108502
0.0006273622502763993
4.1138508214845856e-05
0.0007302085208135139
-0.00017998097343995063
0.0007250662072866582
-0.0002725426169233538
0.0007147815802329468
-8.227701642969171e-05
0.000596508369115265
5.142313526855732e-05
0.0004782351579975831
2.571156763427866e-05
0.0006067929961689764
-4.628082174170159e-05
0.0008330547913506286
-2.0569254107422928e-05
0.0007199238937598025
3.085388116113439e-05
0.0007764893425552155
-0.00018512328696680637
0.0007147815802329468
-0.00012341552464453757
0.0007919162831357828
-0.00011313089759082611
0.0006582161314375337
-8.227701642969171e-05
0.0007662047155015041
-0.00018512328696680637
0.0006736430720181009
-5.6565448795413055e-05
0.0005913660555884092
-4.628082174170159e-05
0.0006787853855449566
-7.713470290283599e-05
0.0007302085208135139
4.628082174170159e-05
0.0005348006067929962
-0.00014912709227881624
0.0007507777749209369
-5.6565448795413055e-05
0.0005862237420615535
3.085388116113439e-05
0.000632504563803255
0.0
0.0008484817319311958
-4.628082174170159e-05
0.0005605121744272748
-5.142313526855732e-06
0.0008176278507700614
-3.085388116113439e-05
0.0005553698609004191
0.0
0.0006170776232226879
3.599619468799013e-05
0.0006016506826421207
4.1138508214845856e-05
0.0007302085208135139
5.142313526855732e-06
0.0004936620985781503
-0.00013884246522510477
0.0005193736662124289
-0.00013884246522510477
0.0006119353096958321
-0.00015426940580567198
0.0005707968014809863
-0.00013884246522510477
0.0006016506826421207
-0.00011313089759082611
0.0006736430720181009
-6.170776232226878e-05
0.0006839276990718123
0.00016455403285938342
0.00080734322371635
3.599619468799013e-05
0.0006736430720181009
-4.1138508214845856e-05
0.0008433394184043401
0.00010798858406397038
0.000653073817910678
9.256164348340318e-05
0.0006067929961689764
0.0
0.0007199238937598025
-0.00013370015169824904
0.0006787853855449566
5.6565448795413055e-05
0.000632504563803255
-7.713470290283599e-05
0.0006839276990718123
3.599619468799013e-05
0.0006479315043838223
-6.170776232226878e-05
0.0006736430720181009
-3.599619468799013e-05
0.0007610624019746484
-0.00011313089759082611
0.0005348006067929962
-0.00013884246522510477
0.0006890700125986682
-0.00013370015169824904
0.0006170776232226879
-3.085388116113439e-05
0.0007610624019746484
-3.085388116113439e-05
0.0007662047155015041
-3.599619468799013e-05
0.0006839276990718123
-1.5426940580567196e-05
0.0006993546396523796
-1.0284627053711464e-05
0.0007456354613940812
1.0284627053711464e-05
0.0007559200884477926
-8.227701642969171e-05
0.0005605121744272748
-5.142313526855732e-06
0.000596508369115265
-6.685007584912452e-05
0.0006890700125986682
-1.5426940580567196e-05
0.0005193736662124289
6.685007584912452e-05
0.0005605121744272748
-7.713470290283599e-05
0.0007970585966626385
9.256164348340318e-05
0.0006582161314375337
-9.770395701025892e-05
0.0006119353096958321
-8.227701642969171e-05
0.0005450852338467076
-0.00023140410870850796
0.0007507777749209369
-6.170776232226878e-05
0.0005605121744272748
-1.5426940580567196e-05
0.000596508369115265
-2.0569254107422928e-05
0.000498804412105006
-0.00016455403285938342
0.0006222199367495436
-0.00013370015169824904
0.0006685007584912452
-4.628082174170159e-05
0.0007199238937598025
-6.685007584912452e-05
0.0006736430720181009
-7.713470290283599e-05
0.000653073817910678
-3.599619468799013e-05
0.000596508369115265
4.1138508214845856e-05
0.0007147815802329468
-7.713470290283599e-05
0.0008124855372432057
-6.170776232226878e-05
0.0007507777749209369
-3.599619468799013e-05
0.0008176278507700614
1.5426940580567196e-05
0.0008433394184043401
-9.770395701025892e-05
0.0006685007584912452
-1.0284627053711464e-05
0.0006685007584912452
-0.00012341552464453757
0.0006067929961689764
1.5426940580567196e-05
0.0008433394184043401
-4.628082174170159e-05
0.0007559200884477926
-3.085388116113439e-05
0.0008741932995654745
5.6565448795413055e-05
0.000863908672511763
-3.085388116113439e-05
0.0009153318077803203
2.0569254107422928e-05
0.0005502275473735634
-3.599619468799013e-05
0.000653073817910678
-1.5426940580567196e-05
0.0006685007584912452
1.5426940580567196e-05
0.0006016506826421207
5.142313526855732e-06
0.0006839276990718123
4.1138508214845856e-05
0.0007044969531792353
-0.00020569254107422928
0.0006170776232226879
-0.00012341552464453757
0.0008279124778237729
-0.0001439847787519605
0.0006736430720181009
-6.685007584912452e-05
0.0007559200884477926
-7.199238937598025e-05
0.0007610624019746484
-1.5426940580567196e-05
0.0005399429203198519
7.713470290283599e-05
0.0007353508343403698
-0.00017998097343995063
0.0007096392667060911
-0.00012341552464453757
0.0005090890391587175
-9.770395701025892e-05
0.000786773969608927
0.0
0.0005142313526855732
-1.0284627053711464e-05
0.0007764893425552155
-0.00016455403285938342
0.0007096392667060911
-0.00010798858406397038
0.0006119353096958321
-2.0569254107422928e-05
0.0005913660555884092
-0.00010798858406397038
0.0005707968014809863
-3.085388116113439e-05
0.0007302085208135139
-0.00018512328696680637
0.000786773969608927
5.6565448795413055e-05
0.00048337747152443886
0.00010798858406397038
0.0005090890391587175
-0.00011313089759082611
0.000632504563803255
-3.085388116113439e-05
0.0008999048671997532
-2.0569254107422928e-05
0.000863908672511763
6.170776232226878e-05
0.0006633584449643895
0.0
0.0006942123261255239
1.0284627053711464e-05
0.0006942123261255239
-8.227701642969171e-05
0.0007662047155015041
-4.628082174170159e-05
0.0006685007584912452
-7.713470290283599e-05
0.0006427891908569666
3.599619468799013e-05
0.0008176278507700614
1.0284627053711464e-05
0.0005450852338467076
-9.256164348340318e-05
0.0006067929961689764
2.571156763427866e-05
0.0006839276990718123
-0.00016455403285938342
0.0005142313526855732
1.0284627053711464e-05
0.0005707968014809863
6.685007584912452e-05
0.0007353508343403698
5.142313526855732e-05
0.0007816316560820713
-0.0001902656004936621
0.0004268120227290258
-5.142313526855732e-05
0.0006222199367495436
-2.571156763427866e-05
0.000575939115007842
-5.142313526855732e-05
0.0005090890391587175
-5.142313526855732e-06
0.0007302085208135139
4.1138508214845856e-05
0.0006839276990718123
2.571156763427866e-05
0.0006119353096958321
-0.00020055022754737354
0.0008176278507700614
-1.0284627053711464e-05
0.0005142313526855732
-0.00017998097343995063
0.0006685007584912452
-0.00020055022754737354
0.0007713470290283598
-7.199238937598025e-05
0.0007713470290283598
-7.199238937598025e-05
0.0004730928444707274
-7.199238937598025e-05
0.0007044969531792353
-4.1138508214845856e-05
0.0005913660555884092
-7.713470290283599e-05
0.0005450852338467076
-0.00016455403285938342
0.0006376468773301108
1.0284627053711464e-05
0.0006119353096958321
-2.0569254107422928e-05
0.0006736430720181009
-5.6565448795413055e-05
0.0008124855372432057
-0.00011827321111768185
0.0006942123261255239
0.00011827321111768185
0.0006993546396523796
-8.741932995654745e-05
0.0007250662072866582
-0.0001439847787519605
0.0005090890391587175
5.6565448795413055e-05
0.0006685007584912452
-8.227701642969171e-05
0.0006582161314375337
-3.085388116113439e-05
0.0006273622502763993
5.142313526855732e-06
0.0006222199367495436
-2.0569254107422928e-05
0.0007662047155015041
-5.142313526855732e-05
0.0006016506826421207
-8.741932995654745e-05
0.0006633584449643895
-5.6565448795413055e-05
0.0007662047155015041
-2.571156763427866e-05
0.0006787853855449566
-8.741932995654745e-05
0.0005296582932661404
-0.00010284627053711464
0.0006170776232226879
-5.6565448795413055e-05
0.0007044969531792353
0.0001748386599130949
0.0006016506826421207
-1.0284627053711464e-05
0.0007302085208135139
-0.0001285578381713933
0.0005193736662124289
-6.685007584912452e-05
0.0007456354613940812
-0.00014912709227881624
0.0005605121744272748
-6.170776232226878e-05
0.000596508369115265
4.1138508214845856e-05
0.0006273622502763993
-0.00013370015169824904
0.0006376468773301108
-8.741932995654745e-05
0.0006890700125986682
0.0
0.0007404931478672255
-1.0284627053711464e-05
0.000498804412105006
-4.628082174170159e-05
0.0006685007584912452
-0.00020055022754737354
0.0006582161314375337
3.085388116113439e-05
0.0006839276990718123
-0.0001902656004936621
0.0007353508343403698
-0.00011827321111768185
0.0005810814285346977
2.0569254107422928e-05
0.0007250662072866582
1.0284627053711464e-05
0.0006633584449643895
-4.628082174170159e-05
0.0007919162831357828
-0.00010284627053711464
0.0006890700125986682
-3.599619468799013e-05
0.0007302085208135139
-0.00010798858406397038
0.0006479315043838223
-1.5426940580567196e-05
0.0005553698609004191
-7.199238937598025e-05
0.0007302085208135139
-8.227701642969171e-05
0.0006376468773301108
-3.599619468799013e-05
0.0007147815802329468
-0.00010798858406397038
0.0005296582932661404
-8.741932995654745e-05
0.0003805312009873242
6.170776232226878e-05
0.0006633584449643895
-0.00024683104928907514
0.0007662047155015041
-0.00013884246522510477
0.0007199238937598025
1.5426940580567196e-05
0.0005348006067929962
-5.142313526855732e-05
0.0006376468773301108
5.142313526855732e-06
0.0006942123261255239
-7.199238937598025e-05
0.0007713470290283598
6.170776232226878e-05
0.0005656544879541305
1.5426940580567196e-05
0.0008896202401460417
-6.170776232226878e-05
0.0007404931478672255
7.199238937598025e-05
0.0006839276990718123
-0.0001594117193325277
0.0007559200884477926
-5.142313526855732e-05
0.0006839276990718123
-0.00010798858406397038
0.0007147815802329468
-0.0001439847787519605
0.0006016506826421207
3.599619468799013e-05
0.0006736430720181009
-0.00014912709227881624
0.0007662047155015041
-2.571156763427866e-05
0.0007096392667060911
-5.6565448795413055e-05
0.0006787853855449566
-3.085388116113439e-05
0.0005502275473735634
3.085388116113439e-05
0.0006787853855449566
5.6565448795413055e-05
0.0006787853855449566
-4.628082174170159e-05
0.0005399429203198519
-8.227701642969171e-05
0.0007713470290283598
8.741932995654745e-05
0.0007147815802329468
-6.170776232226878e-05
0.0007764893425552155
-7.199238937598025e-05
0.0005502275473735634
-2.0569254107422928e-05
0.0006222199367495436
-5.142313526855732e-05
0.00048337747152443886
5.142313526855732e-05
0.0005707968014809863
-0.00010798858406397038
0.0006427891908569666
-9.256164348340318e-05
0.0008279124778237729
-0.0001902656004936621
0.00045766590389016015
8.741932995654745e-05
0.0005553698609004191
-6.685007584912452e-05
0.0005605121744272748
-0.00010798858406397038
0.0006273622502763993
-4.1138508214845856e-05
0.0009564703159951662
-7.199238937598025e-05
0.0005605121744272748
0.00012341552464453757
0.000498804412105006
-0.00013884246522510477
0.0007250662072866582
-1.5426940580567196e-05
0.0007404931478672255
-8.741932995654745e-05
0.0006633584449643895
-5.142313526855732e-05
0.0007404931478672255
-0.0001285578381713933
0.0006685007584912452
-5.6565448795413055e-05
0.0005245159797392847
-0.0001594117193325277
0.0007404931478672255
-0.00016455403285938342
0.0005296582932661404
-6.685007584912452e-05
0.0005450852338467076
3.085388116113439e-05
0.0005707968014809863
5.6565448795413055e-05
0.0005810814285346977
-3.599619468799013e-05
0.0007147815802329468
5.142313526855732e-06
0.000575939115007842
-0.00015426940580567198
0.0006787853855449566
0.0
0.0005810814285346977
-2.571156763427866e-05
0.0005707968014809863
-0.00010284627053711464
0.0007559200884477926
-2.0569254107422928e-05
0.000863908672511763
-0.00010798858406397038
0.0006067929961689764
2.571156763427866e-05
0.0005502275473735634
5.142313526855732e-06
0.0007404931478672255
8.741932995654745e-05
0.0006839276990718123
-4.628082174170159e-05
0.0007404931478672255
5.142313526855732e-06
0.0005862237420615535
-1.5426940580567196e-05
0.0007456354613940812
-7.199238937598025e-05
0.0007147815802329468
3.085388116113439e-05
0.0007199238937598025
-0.00010284627053711464
0.0008536240454580516
2.0569254107422928e-05
0.0007507777749209369
-0.00016455403285938342
0.0006016506826421207
-8.741932995654745e-05
0.0005450852338467076
-0.00010284627053711464
0.0006067929961689764
-5.142313526855732e-05
0.0005245159797392847
-6.170776232226878e-05
0.0008536240454580516
4.1138508214845856e-05
0.0006376468773301108
3.599619468799013e-05
0.00045766590389016015
4.628082174170159e-05
0.0006427891908569666
-0.0001439847787519605
0.00080734322371635
3.599619468799013e-05
0.0006890700125986682
-3.085388116113439e-05
0.0006222199367495436
-4.628082174170159e-05
0.0005039467256318618
3.599619468799013e-05
0.0007353508343403698
-0.00010798858406397038
0.0008793356130923302
3.085388116113439e-05
0.0004885197850512946
-0.00013370015169824904
0.0006890700125986682
-0.00013884246522510477
0.000632504563803255
-3.599619468799013e-05
0.0008176278507700614
-0.0002365464222353637
0.0005707968014809863
-9.256164348340318e-05
0.0005605121744272748
-0.00011313089759082611
0.0007764893425552155
-8.227701642969171e-05
0.0007250662072866582
5.142313526855732e-06
0.0005245159797392847
-6.170776232226878e-05
0.0004885197850512946
-3.085388116113439e-05
0.0005245159797392847
-1.0284627053711464e-05
0.0005553698609004191
5.142313526855732e-05
0.0005039467256318618
3.599619468799013e-05
0.0005193736662124289
0.0
0.0006787853855449566
-7.713470290283599e-05
0.0006839276990718123
-0.00011827321111768185
0.0007302085208135139
1.5426940580567196e-05
0.000575939115007842
-3.085388116113439e-05
0.0006376468773301108
-5.142313526855732e-06
0.0007404931478672255
6.170776232226878e-05
0.0005245159797392847
-5.142313526855732e-06
0.0008844779266191859
-0.00012341552464453757
0.0005553698609004191
2.0569254107422928e-05
0.0005862237420615535
-0.0001285578381713933
0.0005553698609004191
-8.227701642969171e-05
0.0005810814285346977
-2.0569254107422928e-05
0.0006170776232226879
-2.571156763427866e-05
0.0005862237420615535
5.142313526855732e-06
0.0007353508343403698
-0.00013370015169824904
0.000786773969608927
1.0284627053711464e-05
0.0006119353096958321
-5.6565448795413055e-05
0.0007199238937598025
-7.199238937598025e-05
0.0007970585966626385
-6.685007584912452e-05
0.0005348006067929962
-0.0001748386599130949
0.0007044969531792353
-2.0569254107422928e-05
0.0006222199367495436
-7.199238937598025e-05
0.0006736430720181009
-8.741932995654745e-05
0.000632504563803255
6.170776232226878e-05
0.0007250662072866582
9.770395701025892e-05
0.0008124855372432057
-4.1138508214845856e-05
0.0005913660555884092
0.0001594117193325277
0.000653073817910678
-5.6565448795413055e-05
0.0006016506826421207
-1.5426940580567196e-05
0.0007610624019746484
-9.256164348340318e-05
0.0006170776232226879
5.142313526855732e-05
0.0007970585966626385
-6.170776232226878e-05
0.0007816316560820713
-0.00012341552464453757
0.0005810814285346977
-6.685007584912452e-05
0.0006993546396523796
-0.00028282724397706526
0.0005450852338467076
2.571156763427866e-05
0.0008227701642969171
0.00016455403285938342
0.0004885197850512946
-6.170776232226878e-05
0.0006479315043838223
-0.00011827321111768185
0.0005193736662124289
-0.00013884246522510477
0.000863908672511763
2.571156763427866e-05
0.0007764893425552155
1.5426940580567196e-05
0.0007353508343403698
-1.5426940580567196e-05
0.0006582161314375337
1.5426940580567196e-05
0.0006993546396523796
2.0569254107422928e-05
0.00045252359036330444
-2.571156763427866e-05
0.0005810814285346977
-4.628082174170159e-05
0.0007662047155015041
-0.00011827321111768185
0.0005862237420615535
-0.0001285578381713933
0.0007353508343403698
-0.0001902656004936621
0.0007404931478672255
-1.0284627053711464e-05
0.0004885197850512946
-4.1138508214845856e-05
0.0005810814285346977
0.00013370015169824904
0.0004936620985781503
-8.227701642969171e-05
0.0006942123261255239
-7.199238937598025e-05
0.000786773969608927
2.571156763427866e-05
0.0007199238937598025
6.170776232226878e-05
0.0005605121744272748
9.770395701025892e-05
0.0005348006067929962
0.00011827321111768185
0.0007919162831357828
-3.599619468799013e-05
0.0006993546396523796
0.00013884246522510477
0.0005296582932661404
-0.00010798858406397038
0.0005245159797392847
4.1138508214845856e-05
0.0005862237420615535
-7.713470290283599e-05
0.0006582161314375337
1.5426940580567196e-05
0.0006427891908569666
-0.0001285578381713933
0.0005348006067929962
-0.00010798858406397038
0.0005090890391587175
-9.256164348340318e-05
0.0006685007584912452
-5.6565448795413055e-05
0.0005553698609004191
-2.0569254107422928e-05
0.0006427891908569666
-2.0569254107422928e-05
0.0007713470290283598
-0.00013370015169824904
0.0006479315043838223
3.085388116113439e-05
0.0004885197850512946
-9.770395701025892e-05
0.0005296582932661404
-0.00010284627053711464
0.0006067929961689764
-5.142313526855732e-06
0.0006685007584912452
-0.0001902656004936621
0.0007970585966626385
-5.142313526855732e-06
0.0005193736662124289
-9.770395701025892e-05
0.0006479315043838223
-1.5426940580567196e-05
0.0006993546396523796
8.741932995654745e-05
0.0006839276990718123
-4.1138508214845856e-05
0.000575939115007842
-3.599619468799013e-05
0.000596508369115265
1.0284627053711464e-05
0.0007816316560820713
2.571156763427866e-05
0.0006736430720181009
-3.599619468799013e-05
0.00048337747152443886
-0.00011313089759082611
0.0006376468773301108
8.227701642969171e-05
0.0007096392667060911
-7.713470290283599e-05
0.000786773969608927
-5.6565448795413055e-05
0.0005450852338467076
-5.142313526855732e-05
0.000596508369115265
5.142313526855732e-05
0.0007353508343403698
7.199238937598025e-05
0.0006376468773301108
-0.00017998097343995063
0.0006376468773301108
2.0569254107422928e-05
0.0007147815802329468
0.00013370015169824904
0.0007199238937598025
-7.713470290283599e-05
0.000575939115007842
9.770395701025892e-05
0.0005656544879541305
5.142313526855732e-06
0.0006633584449643895
-1.5426940580567196e-05
0.0004628082174170159
-7.713470290283599e-05
0.000653073817910678
-0.00013370015169824904
0.0005810814285346977
0.0001285578381713933
0.0005553698609004191
2.571156763427866e-05
0.0006273622502763993
-0.0001439847787519605
0.0005090890391587175
-0.0001439847787519605
0.0007147815802329468
-0.00011827321111768185
0.0005348006067929962
-0.0001594117193325277
0.0004268120227290258
-9.770395701025892e-05
0.0006736430720181009
-3.599619468799013e-05
0.000632504563803255
2.0569254107422928e-05
0.0007507777749209369
-5.142313526855732e-06
0.0007610624019746484
-2.571156763427866e-05
0.0007250662072866582
-9.256164348340318e-05
0.0005862237420615535
-9.770395701025892e-05
0.0004885197850512946
-6.170776232226878e-05
0.0006170776232226879
-0.00015426940580567198
0.0007044969531792353
-7.199238937598025e-05
0.0006273622502763993
-0.00020055022754737354
0.0006993546396523796
-0.00010284627053711464
0.0006273622502763993
0.00018512328696680637
0.0006016506826421207
-2.571156763427866e-05
0.0008227701642969171
7.713470290283599e-05
0.0005913660555884092
-6.170776232226878e-05
0.0005862237420615535
3.085388116113439e-05
0.0006273622502763993
7.199238937598025e-05
0.0006170776232226879
0.0
0.0006993546396523796
-3.599619468799013e-05
0.0006479315043838223
2.0569254107422928e-05
0.0007302085208135139
-0.00017998097343995063
0.0005450852338467076
9.770395701025892e-05
0.0004936620985781503
-0.0001594117193325277
0.000653073817910678
-0.00011827321111768185
0.0006222199367495436
-6.170776232226878e-05
0.0008227701642969171
-0.00021597716812794075
0.0008176278507700614
6.685007584912452e-05
0.0007096392667060911
2.0569254107422928e-05
0.0007353508343403698
-0.0001439847787519605
0.0007096392667060911
-0.00010284627053711464
0.000632504563803255
-0.00010284627053711464
0.0007353508343403698
2.571156763427866e-05
0.000653073817910678
-5.142313526855732e-06
0.0006633584449643895
-1.5426940580567196e-05
0.0006787853855449566
7.199238937598025e-05
0.000632504563803255
-0.00010284627053711464
0.000575939115007842
-8.741932995654745e-05
0.0006582161314375337
-0.00011827321111768185
0.0007096392667060911
-0.00015426940580567198
0.0005399429203198519
-0.00012341552464453757
0.0006993546396523796
-0.00024168873576221943
0.0006942123261255239
-7.713470290283599e-05
0.0005810814285346977
-7.713470290283599e-05
0.0007713470290283598
-0.00010284627053711464
0.00045252359036330444
-8.227701642969171e-05
0.0006582161314375337
-8.227701642969171e-05
0.0007816316560820713
-7.199238937598025e-05
0.0008176278507700614
1.0284627053711464e-05
0.0007816316560820713
0.0
0.0006633584449643895
-0.00012341552464453757
0.0007199238937598025
-0.0001594117193325277
0.0006427891908569666
-5.142313526855732e-06
0.000786773969608927
-1.5426940580567196e-05
0.0008381971048774844
-0.00019540791402051784
0.00042166970920217003
9.256164348340318e-05
0.0007404931478672255
-2.571156763427866e-05
0.00080734322371635
-0.00010284627053711464
0.000596508369115265
7.713470290283599e-05
0.0004730928444707274
-0.00011313089759082611
0.0005553698609004191
-5.6565448795413055e-05
0.0006839276990718123
-0.00012341552464453757
0.0006427891908569666
9.770395701025892e-05
0.0005605121744272748
0.00017998097343995063
0.0006170776232226879
5.142313526855732e-06
0.0006993546396523796
-0.00010284627053711464
0.0007302085208135139
1.0284627053711464e-05
0.0008381971048774844
5.6565448795413055e-05
0.0006685007584912452
-5.142313526855732e-06
0.0008227701642969171
-7.713470290283599e-05
0.0006170776232226879
8.741932995654745e-05
0.0007353508343403698
-4.628082174170159e-05
0.0008947625536728974
2.571156763427866e-05
0.0006787853855449566
-8.227701642969171e-05
0.0006016506826421207
-5.142313526855732e-06
0.0005656544879541305
-8.227701642969171e-05
0.0006582161314375337
-3.599619468799013e-05
0.0005399429203198519
-9.256164348340318e-05
0.000596508369115265
-5.142313526855732e-05
0.0006839276990718123
0.0
0.0005553698609004191
-0.00013370015169824904
0.0005399429203198519
-0.00010798858406397038
0.0005399429203198519
-8.741932995654745e-05
0.0006273622502763993
2.571156763427866e-05
0.0006993546396523796
6.170776232226878e-05
0.0005913660555884092
2.0569254107422928e-05
0.0007250662072866582
-8.741932995654745e-05
0.0005296582932661404
0.0
0.0007302085208135139
6.170776232226878e-05
0.0005193736662124289
-0.00010798858406397038
0.000632504563803255
0.00013370015169824904
0.0005707968014809863
4.628082174170159e-05
0.000632504563803255
-6.170776232226878e-05
0.0008381971048774844
-0.00012341552464453757
0.0007044969531792353
-0.00010798858406397038
0.000653073817910678
-0.00013884246522510477
0.0005913660555884092
-5.6565448795413055e-05
0.0005142313526855732
4.628082174170159e-05
0.0006016506826421207
-8.741932995654745e-05
0.0007507777749209369
-3.599619468799013e-05
0.0005142313526855732
-0.00016455403285938342
0.000653073817910678
-9.770395701025892e-05
0.0005090890391587175
-4.628082174170159e-05
0.0007044969531792353
7.713470290283599e-05
0.000632504563803255
2.0569254107422928e-05
0.0005656544879541305
4.628082174170159e-05
0.0007302085208135139
-4.1138508214845856e-05
0.0006170776232226879
-0.00013884246522510477
0.0005810814285346977
-2.571156763427866e-05
0.0006839276990718123
-0.00010798858406397038
0.0006222199367495436
3.085388116113439e-05
0.0008484817319311958
3.085388116113439e-05
0.0008124855372432057
-1.0284627053711464e-05
0.0008484817319311958
-0.00020055022754737354
0.0004885197850512946
-1.5426940580567196e-05
0.0006376468773301108
-0.00011827321111768185
0.0005913660555884092
-0.00019540791402051784
0.0007662047155015041
-5.142313526855732e-06
0.0004885197850512946
-8.741932995654745e-05
0.0007199238937598025
0.00015426940580567198
0.0006787853855449566
0.0001439847787519605
0.0007302085208135139
-4.1138508214845856e-05
0.0006787853855449566
4.1138508214845856e-05
0.0009667549430488777
7.199238937598025e-05
0.0006633584449643895
-8.741932995654745e-05
0.0007404931478672255
1.5426940580567196e-05
0.0005142313526855732
-6.685007584912452e-05
0.0007662047155015041
5.6565448795413055e-05
0.0006479315043838223
9.770395701025892e-05
0.0007044969531792353
7.199238937598025e-05
0.0005913660555884092
-4.1138508214845856e-05
0.0006427891908569666
-0.00017998097343995063
0.0007199238937598025
5.142313526855732e-05
0.0004011004550947471
-0.00011313089759082611
0.0006170776232226879
5.142313526855732e-06
0.0006273622502763993
-8.741932995654745e-05
0.0005553698609004191
-2.571156763427866e-05
0.0005553698609004191
-2.0569254107422928e-05
0.0006479315043838223
-0.00016969634638623916
0.0004730928444707274
-4.628082174170159e-05
0.0004319543362558815
0.0
0.0007970585966626385
-0.00017998097343995063
0.0006582161314375337
-1.5426940580567196e-05
0.0006427891908569666
-0.00012341552464453757
0.0007456354613940812
-0.00016969634638623916
0.0006016506826421207
5.142313526855732e-06
0.0007507777749209369
-0.00015426940580567198
0.0005502275473735634
-5.142313526855732e-06
0.0006016506826421207
3.599619468799013e-05
0.0005193736662124289
-8.227701642969171e-05
0.0003959581415678914
-1.0284627053711464e-05
0.000653073817910678
-8.741932995654745e-05
0.0007404931478672255
5.142313526855732e-06
0.0006582161314375337
-6.170776232226878e-05
0.0006479315043838223
4.628082174170159e-05
0.0008536240454580516
5.142313526855732e-06
0.0005399429203198519
1.0284627053711464e-05
0.0006427891908569666
-9.770395701025892e-05
0.0005656544879541305
2.571156763427866e-05
0.0006273622502763993
4.1138508214845856e-05
0.0006376468773301108
-6.685007584912452e-05
0.0005348006067929962
-0.00028282724397706526
0.0007662047155015041
-0.00011313089759082611
0.0006067929961689764
-7.713470290283599e-05
0.0006787853855449566
-4.1138508214845856e-05
0.0005656544879541305
-9.770395701025892e-05
0.0006376468773301108
-8.227701642969171e-05
0.0006119353096958321
-2.0569254107422928e-05
0.0008279124778237729
0.00013370015169824904
0.0005707968014809863
-8.741932995654745e-05
0.000596508369115265
-4.1138508214845856e-05
0.0008176278507700614
-0.00011313089759082611
0.000941043375414599
-1.0284627053711464e-05
0.0007456354613940812
6.685007584912452e-05
0.0004628082174170159
-4.628082174170159e-05
0.0006839276990718123
-0.0001439847787519605
0.0005810814285346977
-9.770395701025892e-05
0.000653073817910678
-2.571156763427866e-05
0.0006016506826421207
-0.0001902656004936621
0.0006736430720181009
-1.0284627053711464e-05
0.0006427891908569666
-8.227701642969171e-05
0.0006582161314375337
-0.00011313089759082611
0.0006376468773301108
-0.0001439847787519605
0.0008022009101894942
-3.085388116113439e-05
0.0007096392667060911
-0.00011313089759082611
0.0007404931478672255
-3.085388116113439e-05
0.0005399429203198519
-5.142313526855732e-06
0.0006736430720181009
-0.00013884246522510477
0.0007147815802329468
-5.142313526855732e-05
0.0007764893425552155
4.628082174170159e-05
0.0006633584449643895
-5.6565448795413055e-05
0.0003959581415678914
-0.00012341552464453757
0.0006685007584912452
-0.00011313089759082611
0.0007250662072866582
-0.00015426940580567198
0.0007044969531792353
-7.199238937598025e-05
0.000653073817910678
-5.6565448795413055e-05
0.0005245159797392847
-0.0002725426169233538
0.0007302085208135139
5.6565448795413055e-05
0.0006890700125986682
-6.685007584912452e-05
0.0006119353096958321
-0.00022111948165479649
0.0008279124778237729
-0.00010284627053711464
0.00045766590389016015
-0.0001748386599130949
0.0003393926927724783
0.0
0.0008741932995654745
-2.571156763427866e-05
0.00080734322371635
-5.142313526855732e-05
0.000575939115007842
-0.0001439847787519605
0.000575939115007842
-4.628082174170159e-05
0.00080734322371635
5.142313526855732e-05
0.000632504563803255
2.571156763427866e-05
0.0006787853855449566
-0.00020569254107422928
0.0005450852338467076
-5.142313526855732e-05
0.0006736430720181009
-4.628082174170159e-05
0.0007456354613940812
-0.00011313089759082611
0.0006170776232226879
-6.170776232226878e-05
0.0006685007584912452
1.0284627053711464e-05
0.0006685007584912452
-1.5426940580567196e-05
0.0006787853855449566
-0.00011827321111768185
0.0007199238937598025
-0.00012341552464453757
0.0005605121744272748
-3.085388116113439e-05
0.0006427891908569666
-0.00013884246522510477
0.0004679505309438716
-0.00022626179518165222
0.0006582161314375337
-0.00014912709227881624
0.0006016506826421207
-7.713470290283599e-05
0.0005348006067929962
-3.085388116113439e-05
0.0005193736662124289
7.199238937598025e-05
0.0006839276990718123
-1.0284627053711464e-05
0.0006427891908569666
-5.142313526855732e-06
0.0006839276990718123
5.142313526855732e-06
0.0006890700125986682
-0.0001748386599130949
0.0007662047155015041
0.0001285578381713933
0.0006016506826421207
-5.142313526855732e-06
0.000632504563803255
-7.199238937598025e-05
0.0008279124778237729
8.741932995654745e-05
0.0007353508343403698
-4.628082174170159e-05
0.0007610624019746484
5.142313526855732e-05
0.0007404931478672255
-0.00010798858406397038
0.0007764893425552155
0.00013884246522510477
0.0006479315043838223
-0.00013884246522510477
0.0005913660555884092
-9.256164348340318e-05
0.0006067929961689764
-0.00013884246522510477
0.0006016506826421207
2.0569254107422928e-05
0.0006582161314375337
-8.741932995654745e-05
0.0007044969531792353
-0.00013370015169824904
0.0009513280024683105
4.628082174170159e-05
0.0006993546396523796
-2.571156763427866e-05
0.0008947625536728974
-0.00015426940580567198
0.000653073817910678
-3.599619468799013e-05
0.0007559200884477926
8.741932995654745e-05
0.0006170776232226879
-0.00011313089759082611
0.0007507777749209369
-6.685007584912452e-05
0.0006119353096958321
-7.713470290283599e-05
0.0007096392667060911
-0.0001285578381713933
0.0006582161314375337
-4.628082174170159e-05
0.0008999048671997532
-0.00010798858406397038
0.0006273622502763993
8.227701642969171e-05
0.0006427891908569666
-8.227701642969171e-05
0.0005039467256318618
5.142313526855732e-05
0.0006685007584912452
-0.0001439847787519605
0.0005605121744272748
5.142313526855732e-06
0.0006170776232226879
-4.1138508214845856e-05
0.0004885197850512946
-3.599619468799013e-05
0.0006736430720181009
-0.00018512328696680637
0.0007970585966626385
5.142313526855732e-06
0.0005656544879541305
-5.142313526855732e-05
0.0006993546396523796
-0.00013370015169824904
0.000575939115007842
-9.770395701025892e-05
0.00044223896330959297
-6.685007584912452e-05
0.0004628082174170159
-1.0284627053711464e-05
0.0006222199367495436
-0.00013370015169824904
0.0005193736662124289
6.170776232226878e-05
0.0004885197850512946
-2.0569254107422928e-05
0.0006736430720181009
-0.00020055022754737354
0.0008536240454580516
6.170776232226878e-05
0.0008484817319311958
-2.0569254107422928e-05
0.0006427891908569666
-0.00013884246522510477
0.0005707968014809863
-7.199238937598025e-05
0.0007404931478672255
-8.741932995654745e-05
0.000632504563803255
-5.142313526855732e-06
0.0006942123261255239
-7.713470290283599e-05
0.0007764893425552155
-5.6565448795413055e-05
0.0006376468773301108
0.0
0.00039081582804103567
-0.00012341552464453757
0.0007456354613940812
-0.00010284627053711464
0.0006942123261255239
-5.142313526855732e-05
0.0005656544879541305
1.0284627053711464e-05
0.0006787853855449566
-2.0569254107422928e-05
0.0006427891908569666
-1.5426940580567196e-05
0.0007559200884477926
5.142313526855732e-05
0.0005296582932661404
-8.741932995654745e-05
0.0005862237420615535
4.1138508214845856e-05
0.0007147815802329468
-1.5426940580567196e-05
0.0006376468773301108
-0.00010798858406397038
0.0007147815802329468
6.170776232226878e-05
0.0007456354613940812
0.0
0.0005450852338467076
3.085388116113439e-05
0.0004782351579975831
2.0569254107422928e-05
0.0006582161314375337
0.00013884246522510477
0.0005605121744272748
2.571156763427866e-05
0.0006685007584912452
3.599619468799013e-05
0.0007559200884477926
-5.142313526855732e-05
0.0006119353096958321
-8.741932995654745e-05
0.000632504563803255
-0.00010284627053711464
0.0006633584449643895
0.00015426940580567198
0.0005142313526855732
-5.6565448795413055e-05
0.0005502275473735634
-0.0001285578381713933
0.0006376468773301108
-0.00018512328696680637
0.0006633584449643895
-2.0569254107422928e-05
0.0006273622502763993
-4.1138508214845856e-05
0.000863908672511763
-1.0284627053711464e-05
0.0007404931478672255
-0.0001285578381713933
0.0007199238937598025
-0.00017998097343995063
0.0006787853855449566
-7.713470290283599e-05
0.0006582161314375337
-0.00015426940580567198
0.000632504563803255
0.00016455403285938342
0.0006376468773301108
-2.0569254107422928e-05
0.0007044969531792353
-7.713470290283599e-05
0.0007404931478672255
-0.00016969634638623916
0.0006119353096958321
-0.00014912709227881624
0.0006376468773301108
-5.142313526855732e-06
0.0005245159797392847
5.142313526855732e-06
0.0005707968014809863
-5.142313526855732e-05
0.000632504563803255
-6.685007584912452e-05
0.0008227701642969171
5.6565448795413055e-05
0.0007096392667060911
-0.0001594117193325277
0.0006685007584912452
9.770395701025892e-05
0.0005399429203198519
1.0284627053711464e-05
0.0007610624019746484
0.0001748386599130949
0.000786773969608927
-0.00013370015169824904
0.0006170776232226879
2.571156763427866e-05
0.0007662047155015041
-3.085388116113439e-05
0.0006376468773301108
-8.227701642969171e-05
0.0008022009101894942
-8.741932995654745e-05
0.0008176278507700614
4.628082174170159e-05
0.0007044969531792353
-3.085388116113439e-05
0.0006839276990718123
-7.199238937598025e-05
0.0006839276990718123
-2.571156763427866e-05
0.0008690509860386187
4.1138508214845856e-05
0.0007147815802329468
0.00011827321111768185
0.0005399429203198519
-0.00013370015169824904
0.0006119353096958321
6.685007584912452e-05
0.0007199238937598025
-0.00016969634638623916
0.0006427891908569666
-0.00013370015169824904
0.000653073817910678
0.0
0.0006787853855449566
-6.170776232226878e-05
0.0007044969531792353
2.571156763427866e-05
0.000498804412105006
-3.599619468799013e-05
0.0005862237420615535
1.5426940580567196e-05
0.0007404931478672255
-7.199238937598025e-05
0.0005502275473735634
7.713470290283599e-05
0.0005810814285346977
-4.628082174170159e-05
0.0005502275473735634
-0.00017998097343995063
0.000653073817910678
-5.142313526855732e-06
0.0007713470290283598
-9.770395701025892e-05
0.0006119353096958321
-0.00010798858406397038
0.0005553698609004191
-6.170776232226878e-05
0.0006633584449643895
-2.0569254107422928e-05
0.0007764893425552155
-4.628082174170159e-05
0.0006427891908569666
-2.571156763427866e-05
0.0007404931478672255
-6.685007584912452e-05
0.0005553698609004191
-0.00021597716812794075
0.0005605121744272748
-2.0569254107422928e-05
0.0007096392667060911
-5.142313526855732e-05
0.0005450852338467076
5.142313526855732e-06
0.0007610624019746484
2.571156763427866e-05
0.0006170776232226879
-0.00010798858406397038
0.0005193736662124289
-6.685007584912452e-05
0.0005450852338467076
3.085388116113439e-05
0.0007044969531792353
2.571156763427866e-05
0.0006016506826421207
-6.685007584912452e-05
0.0006119353096958321
-0.00022111948165479649
0.0008279124778237729
-0.00012341552464453757
0.0006890700125986682
-0.00024168873576221943
0.0008330547913506286
2.0569254107422928e-05
0.0005913660555884092
-2.0569254107422928e-05
0.0006016506826421207
-0.00014912709227881624
0.000653073817910678
-6.170776232226878e-05
0.0006993546396523796
9.256164348340318e-05
0.0005399429203198519
-5.6565448795413055e-05
0.0007147815802329468
-0.00010284627053711464
0.0006890700125986682
-4.628082174170159e-05
0.0005656544879541305
3.085388116113439e-05
0.0009153318077803203
-4.1138508214845856e-05
0.0006273622502763993
5.6565448795413055e-05
0.0005707968014809863
-3.599619468799013e-05
0.0008536240454580516
-5.6565448795413055e-05
0.0005296582932661404
-0.00022626179518165222
0.0005862237420615535
-0.0001594117193325277
0.0005707968014809863
3.085388116113439e-05
0.000596508369115265
-0.00013884246522510477
0.0005605121744272748
2.0569254107422928e-05
0.0005296582932661404
-7.713470290283599e-05
0.0006427891908569666
-7.713470290283599e-05
0.0008176278507700614
-4.1138508214845856e-05
0.0006839276990718123
2.571156763427866e-05
0.0005862237420615535
-2.0569254107422928e-05
0.0005553698609004191
-8.741932995654745e-05
0.0009513280024683105
-1.5426940580567196e-05
0.0007456354613940812
-1.5426940580567196e-05
0.0005707968014809863
-0.00016455403285938342
0.0007970585966626385
5.6565448795413055e-05
0.0006067929961689764
-1.0284627053711464e-05
0.0007559200884477926
-4.1138508214845856e-05
0.0005296582932661404
-2.571156763427866e-05
0.0006685007584912452
-6.170776232226878e-05
0.0005553698609004191
8.741932995654745e-05
0.0007199238937598025
-0.0001439847787519605
0.0005090890391587175
2.0569254107422928e-05
0.0005142313526855732
0.00011313089759082611
0.0007250662072866582
-2.571156763427866e-05
0.0006479315043838223
-2.571156763427866e-05
0.0005810814285346977
-5.142313526855732e-06
0.0006427891908569666
-0.0001285578381713933
0.0006890700125986682
-2.0569254107422928e-05
0.0006479315043838223
-5.142313526855732e-06
0.0007559200884477926
-7.199238937598025e-05
0.0006376468773301108
-5.142313526855732e-06
0.0006067929961689764
-0.00010284627053711464
0.0006222199367495436
-0.0001439847787519605
0.0006119353096958321
-3.599619468799013e-05
0.0005656544879541305
0.0001748386599130949
0.0006890700125986682
-0.00024683104928907514
0.0008330547913506286
-0.00016969634638623916
0.0009307587483608875
-7.199238937598025e-05
0.0005296582932661404
-0.00013370015169824904
0.0007507777749209369
-4.628082174170159e-05
0.0007044969531792353
4.628082174170159e-05
0.0006582161314375337
-6.170776232226878e-05
0.0007507777749209369
-0.00012341552464453757
0.000596508369115265
0.00011313089759082611
0.000596508369115265
-0.00018512328696680637
0.0007507777749209369
-0.0002519733628159309
0.0008330547913506286
7.199238937598025e-05
0.0007816316560820713
-0.00014912709227881624
0.0006993546396523796
-0.00012341552464453757
0.000632504563803255
-0.00012341552464453757
0.0006993546396523796
-0.00016969634638623916
0.0007919162831357828
-0.00012341552464453757
0.0007147815802329468
5.142313526855732e-05
0.0005810814285346977
-0.0001439847787519605
0.0005656544879541305
-0.00016455403285938342
0.000632504563803255
1.0284627053711464e-05
0.0006119353096958321
-0.00016455403285938342
0.0006427891908569666
-0.00016455403285938342
0.0006787853855449566
-6.170776232226878e-05
0.0004730928444707274
-0.00010798858406397038
0.0005656544879541305
-8.227701642969171e-05
0.0005707968014809863
-3.599619468799013e-05
0.0006633584449643895
0.0
0.0007456354613940812
-0.00016969634638623916
0.0008227701642969171
-0.00011313089759082611
0.0006942123261255239
-0.0002519733628159309
0.0006067929961689764
-6.170776232226878e-05
0.0006582161314375337
5.6565448795413055e-05
0.0007764893425552155
3.599619468799013e-05
0.0006067929961689764
-2.0569254107422928e-05
0.0006839276990718123
-0.00013370015169824904
0.0008484817319311958
1.0284627053711464e-05
0.0008279124778237729
-4.628082174170159e-05
0.0005142313526855732
-5.142313526855732e-05
0.0006942123261255239
-0.0001285578381713933
0.0007199238937598025
6.170776232226878e-05
0.0008484817319311958
-2.571156763427866e-05
0.0006839276990718123
-7.713470290283599e-05
0.00045252359036330444
-9.770395701025892e-05
0.0006427891908569666
-5.142313526855732e-05
0.0007199238937598025
0.00011313089759082611
0.0006119353096958321
-7.199238937598025e-05
0.0007044969531792353
2.0569254107422928e-05
0.000596508369115265
5.142313526855732e-05
0.0008279124778237729
3.599619468799013e-05
0.000786773969608927
-6.685007584912452e-05
0.0006427891908569666
-0.00019540791402051784
0.0006890700125986682
-7.713470290283599e-05
0.0007302085208135139
-0.00016455403285938342
0.0006685007584912452
7.713470290283599e-05
0.0007764893425552155
-3.085388116113439e-05
0.0006890700125986682
-0.0001285578381713933
0.000575939115007842
-9.770395701025892e-05
0.0007044969531792353
-0.00010284627053711464
0.0007713470290283598
-0.0001748386599130949
0.0008896202401460417
1.5426940580567196e-05
0.0006787853855449566
-0.00016969634638623916
0.00080734322371635
-3.085388116113439e-05
0.0006942123261255239
5.142313526855732e-06
0.0008844779266191859
-2.0569254107422928e-05
0.00080734322371635
5.142313526855732e-06
0.0005656544879541305
-1.0284627053711464e-05
0.000596508369115265
0.00011313089759082611
0.0008022009101894942
-9.256164348340318e-05
0.0006839276990718123
-6.170776232226878e-05
0.0007456354613940812
2.0569254107422928e-05
0.0006582161314375337
-0.0002519733628159309
0.0006839276990718123
-3.085388116113439e-05
0.0007662047155015041
-8.227701642969171e-05
0.0005039467256318618
-0.00014912709227881624
0.0008124855372432057
-2.0569254107422928e-05
0.0007353508343403698
-5.142313526855732e-06
0.0006839276990718123
-6.170776232226878e-05
0.0007044969531792353
6.685007584912452e-05
0.0005553698609004191
-1.5426940580567196e-05
0.0007507777749209369
2.571156763427866e-05
0.0007816316560820713
-0.0002982541845576325
0.0006427891908569666
0.00010284627053711464
0.0007713470290283598
-3.085388116113439e-05
0.0007764893425552155
2.571156763427866e-05
0.0006736430720181009
-0.00022111948165479649
0.0006170776232226879
-0.00016455403285938342
0.0006376468773301108
-1.0284627053711464e-05
0.0006787853855449566
-2.571156763427866e-05
0.0006839276990718123
-0.00013370015169824904
0.00044223896330959297
7.713470290283599e-05
0.0006633584449643895
2.571156763427866e-05
0.0008793356130923302
7.713470290283599e-05
0.0006582161314375337
7.713470290283599e-05
0.0005399429203198519
-0.00020055022754737354
0.0004319543362558815
-4.1138508214845856e-05
0.0006376468773301108
-0.00013370015169824904
0.0005348006067929962
-0.00017998097343995063
0.0007147815802329468
-0.00010798858406397038
0.0007302085208135139
2.571156763427866e-05
0.0006170776232226879
-6.685007584912452e-05
0.0008947625536728974
-0.00013884246522510477
0.0007147815802329468
1.5426940580567196e-05
0.0007302085208135139
-2.571156763427866e-05
0.0007919162831357828
6.170776232226878e-05
0.0007713470290283598
1.0284627053711464e-05
0.0006942123261255239
-4.628082174170159e-05
0.000653073817910678
-0.00011827321111768185
0.0006376468773301108
-1.5426940580567196e-05
0.0008176278507700614
-0.00015426940580567198
0.0007250662072866582
-1.5426940580567196e-05
0.0007713470290283598
-1.5426940580567196e-05
0.0006993546396523796
4.628082174170159e-05
0.0006427891908569666
-1.0284627053711464e-05
0.00045252359036330444
-0.00010284627053711464
0.000596508369115265
-2.571156763427866e-05
0.0007302085208135139
-6.170776232226878e-05
0.0006582161314375337
-2.0569254107422928e-05
0.0005553698609004191
-0.00012341552464453757
0.0004319543362558815
-0.00010284627053711464
0.0009101894942534646
0.00011313089759082611
0.0006787853855449566
1.0284627053711464e-05
0.0005605121744272748
-8.227701642969171e-05
0.0006119353096958321
0.0
0.0006479315043838223
8.741932995654745e-05
0.0006170776232226879
-7.199238937598025e-05
0.0006067929961689764
0.00011313089759082611
0.0007404931478672255
-0.00020055022754737354
0.0006016506826421207
5.142313526855732e-05
0.0004885197850512946
-5.142313526855732e-05
0.0006170776232226879
-9.256164348340318e-05
0.0005707968014809863
-1.0284627053711464e-05
0.0006582161314375337
-0.00024683104928907514
0.0008279124778237729
-2.0569254107422928e-05
0.0006427891908569666
-8.741932995654745e-05
0.0006787853855449566
-0.0001902656004936621
0.0007610624019746484
3.085388116113439e-05
0.0007044969531792353
2.571156763427866e-05
0.0007507777749209369
0.0
0.0006787853855449566
-0.00014912709227881624
0.0006736430720181009
-1.5426940580567196e-05
0.0005707968014809863
1.0284627053711464e-05
0.0005605121744272748
-7.713470290283599e-05
0.0005450852338467076
-5.6565448795413055e-05
0.0006890700125986682
0.00011827321111768185
0.0006427891908569666
3.085388116113439e-05
0.0009101894942534646
7.713470290283599e-05
0.0006993546396523796
-0.00010284627053711464
0.0007404931478672255
5.6565448795413055e-05
0.0007147815802329468
-6.170776232226878e-05
0.0006633584449643895
1.0284627053711464e-05
0.0006890700125986682
-0.0001439847787519605
0.0006633584449643895
4.628082174170159e-05
0.0007353508343403698
-0.00010284627053711464
0.0006633584449643895
5.142313526855732e-06
0.000596508369115265
-6.685007584912452e-05
0.0008227701642969171
0.0001285578381713933
0.0006993546396523796
0.00017998097343995063
0.0006479315043838223
-0.0001439847787519605
0.0007147815802329468
3.085388116113439e-05
0.0007302085208135139
-2.571156763427866e-05
0.0006736430720181009
-5.142313526855732e-06
0.0007302085208135139
-4.628082174170159e-05
0.0007199238937598025
-0.0001285578381713933
0.0007044969531792353
5.6565448795413055e-05
0.0007919162831357828
4.1138508214845856e-05
0.0006787853855449566
-0.00015426940580567198
0.0006582161314375337
-5.142313526855732e-05
0.0006479315043838223
-3.599619468799013e-05
0.0005862237420615535
-0.0001594117193325277
0.0007713470290283598
2.571156763427866e-05
0.0006839276990718123
2.0569254107422928e-05
0.0005913660555884092
-6.685007584912452e-05
0.000786773969608927
3.085388116113439e-05
0.0007713470290283598
-2.571156763427866e-05
0.0006273622502763993
6.685007584912452e-05
0.0008381971048774844
6.170776232226878e-05
0.0006119353096958321
-7.199238937598025e-05
0.0005502275473735634
-9.256164348340318e-05
0.0007353508343403698
-5.6565448795413055e-05
0.0006839276990718123
3.085388116113439e-05
0.0008330547913506286
8.741932995654745e-05
0.0005913660555884092
3.599619468799013e-05
0.0005193736662124289
5.6565448795413055e-05
0.0006119353096958321
3.085388116113439e-05
0.0006582161314375337
-0.00017998097343995063
0.0007096392667060911
-8.741932995654745e-05
0.0005656544879541305
0.0
0.000653073817910678
5.142313526855732e-05
0.0006479315043838223
-9.256164348340318e-05
0.0006633584449643895
-7.199238937598025e-05
0.0008381971048774844
5.142313526855732e-06
0.0006016506826421207
4.628082174170159e-05
0.0005707968014809863
-9.256164348340318e-05
0.000575939115007842
-2.571156763427866e-05
0.0006839276990718123
0.00011827321111768185
0.0007662047155015041
-6.685007584912452e-05
0.0006685007584912452
-3.599619468799013e-05
0.0006170776232226879
-3.085388116113439e-05
0.0006427891908569666
-5.142313526855732e-05
0.0006273622502763993
-8.741932995654745e-05
0.0007816316560820713
4.628082174170159e-05
0.0006890700125986682
-0.00014912709227881624
0.0006016506826421207
-6.170776232226878e-05
0.0006582161314375337
-0.00013884246522510477
0.0008896202401460417
3.085388116113439e-05
0.0007507777749209369
-9.770395701025892e-05
0.0008484817319311958
2.0569254107422928e-05
0.0008022009101894942
-3.085388116113439e-05
0.0006479315043838223
-0.00012341552464453757
0.0006633584449643895
4.1138508214845856e-05
0.0007610624019746484
-0.0001285578381713933
0.0006787853855449566
-6.170776232226878e-05
0.0007250662072866582
-0.00010284627053711464
0.000632504563803255
-8.227701642969171e-05
0.00044223896330959297
-5.142313526855732e-05
0.0007816316560820713
7.199238937598025e-05
0.0006016506826421207
-8.741932995654745e-05
0.0007044969531792353
-0.00013370015169824904
0.0006273622502763993
-4.1138508214845856e-05
0.0007044969531792353
-4.1138508214845856e-05
0.0007610624019746484
-0.00013370015169824904
0.0007559200884477926
-0.00010284627053711464
0.0006633584449643895
-9.256164348340318e-05
0.0007507777749209369
9.770395701025892e-05
0.0006685007584912452
6.170776232226878e-05
0.0007456354613940812
-6.685007584912452e-05
0.0008536240454580516
-5.142313526855732e-05
0.0008022009101894942
-6.685007584912452e-05
0.0007353508343403698
-0.0001439847787519605
0.0004628082174170159
2.571156763427866e-05
0.0007816316560820713
-8.741932995654745e-05
0.0007044969531792353
-0.00017998097343995063
0.000596508369115265
-0.00011313089759082611
0.0006633584449643895
6.170776232226878e-05
0.0005707968014809863
-6.170776232226878e-05
0.0007250662072866582
-0.00017998097343995063
0.0008999048671997532
-0.00015426940580567198
0.0005913660555884092
-9.256164348340318e-05
0.0006119353096958321
-0.0002519733628159309
0.0007302085208135139
-3.599619468799013e-05
0.000632504563803255
-8.741932995654745e-05
0.0006685007584912452
5.6565448795413055e-05
0.0005039467256318618
-5.6565448795413055e-05
0.0007456354613940812
2.571156763427866e-05
0.0007250662072866582
8.227701642969171e-05
0.0006376468773301108
2.571156763427866e-05
0.0007919162831357828
-3.599619468799013e-05
0.0005810814285346977
0.0001594117193325277
0.0004679505309438716
-5.142313526855732e-06
0.0005862237420615535
2.571156763427866e-05
0.0007250662072866582
-1.5426940580567196e-05
0.0007404931478672255
4.628082174170159e-05
0.0006119353096958321
-4.1138508214845856e-05
0.0006376468773301108
-0.00011313089759082611
0.0005862237420615535
-0.00011313089759082611
0.0007353508343403698
-3.085388116113439e-05
0.0005553698609004191
-0.00016455403285938342
0.0006736430720181009
0.00010798858406397038
0.0006890700125986682
-2.0569254107422928e-05
0.0007919162831357828
2.0569254107422928e-05
0.0007713470290283598
-0.00011827321111768185
0.0005502275473735634
-0.0001285578381713933
0.0007302085208135139
-0.0001439847787519605
0.0007353508343403698
-5.142313526855732e-05
0.0007404931478672255
-5.6565448795413055e-05
0.0006376468773301108
1.5426940580567196e-05
0.0006685007584912452
-2.0569254107422928e-05
0.0006170776232226879
-0.00016969634638623916
0.0006890700125986682
-0.0001594117193325277
0.0005810814285346977
-9.256164348340318e-05
0.0007816316560820713
5.142313526855732e-05
0.0007970585966626385
-7.713470290283599e-05
0.0006067929961689764
-0.00016969634638623916
0.0006119353096958321
-2.0569254107422928e-05
0.0007199238937598025
-4.1138508214845856e-05
0.0007559200884477926
4.1138508214845856e-05
0.0006273622502763993
-0.00019540791402051784
0.0005862237420615535
-6.685007584912452e-05
0.0006736430720181009
1.5426940580567196e-05
0.0006479315043838223
-1.5426940580567196e-05
0.0007919162831357828
-0.0001748386599130949
0.0007662047155015041
-6.685007584912452e-05
0.0005605121744272748
-3.599619468799013e-05
0.0006787853855449566
-3.599619468799013e-05
0.0007970585966626385
-0.00015426940580567198
0.0007610624019746484
-0.00011827321111768185
0.0007610624019746484
0.00011827321111768185
0.0007096392667060911
-2.571156763427866e-05
0.0008022009101894942
-5.142313526855732e-05
0.0005810814285346977
-9.770395701025892e-05
0.0006479315043838223
-5.142313526855732e-06
0.0007764893425552155
-5.142313526855732e-05
0.0005810814285346977
-0.00020569254107422928
0.0006479315043838223
-6.170776232226878e-05
0.0005656544879541305
-0.00018512328696680637
0.0007404931478672255
0.00011313089759082611
0.0007456354613940812
-7.713470290283599e-05
0.0008124855372432057
3.599619468799013e-05
0.0005656544879541305
9.770395701025892e-05
0.0006170776232226879
2.571156763427866e-05
0.0007353508343403698
-2.0569254107422928e-05
0.0006942123261255239
-0.00020569254107422928
0.0006479315043838223
-1.5426940580567196e-05
0.0008947625536728974
2.0569254107422928e-05
0.0006787853855449566
-2.571156763427866e-05
0.0007044969531792353
-5.142313526855732e-05
0.0007456354613940812
0.00015426940580567198
0.0006787853855449566
-0.00010798858406397038
0.0006993546396523796
-4.628082174170159e-05
0.0005450852338467076
-1.0284627053711464e-05
0.0007507777749209369
-7.713470290283599e-05
0.0007199238937598025
0.00013884246522510477
0.000632504563803255
6.170776232226878e-05
0.0006890700125986682
-6.170776232226878e-05
0.0004936620985781503
-0.00014912709227881624
0.0007353508343403698
-1.5426940580567196e-05
0.0007559200884477926
2.571156763427866e-05
0.0007044969531792353
-9.256164348340318e-05
0.0007610624019746484
-0.00010284627053711464
0.0007404931478672255
-7.713470290283599e-05
0.0008022009101894942
-2.0569254107422928e-05
0.0007713470290283598
-3.085388116113439e-05
0.0007713470290283598
5.6565448795413055e-05
0.0008176278507700614
9.256164348340318e-05
0.0006633584449643895
-1.0284627053711464e-05
0.0007147815802329468
3.599619468799013e-05
0.0007302085208135139
0.00013884246522510477
0.0007662047155015041
-8.741932995654745e-05
0.0007199238937598025
-2.571156763427866e-05
0.0007096392667060911
1.5426940580567196e-05
0.0006890700125986682
-0.00015426940580567198
0.000575939115007842
2.571156763427866e-05
0.0006633584449643895
-0.00021083485460108502
0.0007559200884477926
-1.5426940580567196e-05
0.0005656544879541305
-5.142313526855732e-06
0.0008433394184043401
-3.085388116113439e-05
0.0006016506826421207
-7.713470290283599e-05
0.0007353508343403698
-2.0569254107422928e-05
0.0005553698609004191
-5.142313526855732e-05
0.0007764893425552155
-3.085388116113439e-05
0.0007199238937598025
-0.0003496773198261898
0.0006685007584912452
-1.5426940580567196e-05
0.000653073817910678
-0.00013884246522510477
0.0006942123261255239
-5.142313526855732e-05
0.0005913660555884092
-9.256164348340318e-05
0.0007250662072866582
-0.00013370015169824904
0.0008022009101894942
-4.1138508214845856e-05
0.0008227701642969171
4.1138508214845856e-05
0.0006736430720181009
5.142313526855732e-06
0.0006427891908569666
3.085388116113439e-05
0.0006016506826421207
-0.00013370015169824904
0.0007662047155015041
3.599619468799013e-05
0.000653073817910678
-0.00017998097343995063
0.000653073817910678
5.142313526855732e-06
0.0006222199367495436
4.1138508214845856e-05
0.0006376468773301108
-7.713470290283599e-05
0.0007147815802329468
2.0569254107422928e-05
0.0005707968014809863
-0.0001439847787519605
0.0005193736662124289
-6.685007584912452e-05
0.0006582161314375337
-4.1138508214845856e-05
0.000498804412105006
-0.0001748386599130949
0.0007456354613940812
1.5426940580567196e-05
0.0005399429203198519
-5.142313526855732e-05
0.0005605121744272748
-3.599619468799013e-05
0.0007044969531792353
-3.085388116113439e-05
0.0007147815802329468
-0.00011827321111768185
0.0005656544879541305
5.6565448795413055e-05
0.0007713470290283598
-4.628082174170159e-05
0.0008433394184043401
0.00010284627053711464
0.0007404931478672255
-6.685007584912452e-05
0.0008433394184043401
5.142313526855732e-05
0.0007044969531792353
-7.713470290283599e-05
0.0007764893425552155
5.142313526855732e-05
0.0008433394184043401
3.085388116113439e-05
0.0004679505309438716
-0.0001594117193325277
0.0007507777749209369
-2.0569254107422928e-05
0.0006016506826421207
3.085388116113439e-05
0.0007970585966626385
-2.571156763427866e-05
0.0007970585966626385
-1.5426940580567196e-05
0.0007302085208135139
-6.685007584912452e-05
0.0006016506826421207
-0.00013370015169824904
0.0007559200884477926
-0.00016969634638623916
0.0007302085208135139
-6.170776232226878e-05
0.0007353508343403698
-5.142313526855732e-05
0.0005707968014809863
-0.00012341552464453757
0.0007816316560820713
-0.00013884246522510477
0.0006427891908569666
-2.0569254107422928e-05
0.0005656544879541305
-9.256164348340318e-05
0.0006993546396523796
7.713470290283599e-05
0.0007147815802329468
-6.170776232226878e-05
0.0009101894942534646
-6.685007584912452e-05
0.0008484817319311958
2.0569254107422928e-05
0.0007507777749209369
-0.00016455403285938342
0.0005502275473735634
-5.6565448795413055e-05
0.000575939115007842
2.571156763427866e-05
0.0006376468773301108
-8.227701642969171e-05
0.0009616126295220219
-5.6565448795413055e-05
0.0007199238937598025
-0.00020569254107422928
0.0008947625536728974
-5.142313526855732e-06
0.0006787853855449566
0.00011827321111768185
0.0008176278507700614
-9.256164348340318e-05
0.0007456354613940812
0.00012341552464453757
0.00031368112513819967
-0.0001285578381713933
0.0006479315043838223
9.770395701025892e-05
0.0008433394184043401
2.571156763427866e-05
0.0007816316560820713
-6.170776232226878e-05
0.0007970585966626385
2.0569254107422928e-05
0.0007250662072866582
1.0284627053711464e-05
0.0007713470290283598
-2.571156763427866e-05
0.0006993546396523796
5.142313526855732e-06
0.0006273622502763993
-7.713470290283599e-05
0.0009204741213071761
-3.085388116113439e-05
0.0006427891908569666
3.085388116113439e-05
0.000596508369115265
5.142313526855732e-06
0.0007302085208135139
9.770395701025892e-05
0.0007404931478672255
6.685007584912452e-05
0.0006427891908569666
-0.00013370015169824904
0.0005245159797392847
-9.770395701025892e-05
0.0006170776232226879
-3.599619468799013e-05
0.0007147815802329468
2.571156763427866e-05
0.0006787853855449566
-4.1138508214845856e-05
0.0006427891908569666
-2.0569254107422928e-05
0.0006993546396523796
1.0284627053711464e-05
0.0007919162831357828
-2.571156763427866e-05
0.0008433394184043401
-6.170776232226878e-05
0.0007610624019746484
6.685007584912452e-05
0.0006479315043838223
5.142313526855732e-06
0.0006942123261255239
6.685007584912452e-05
0.0006427891908569666
0.00010798858406397038
0.0005090890391587175
3.599619468799013e-05
0.0007662047155015041
2.0569254107422928e-05
0.0006890700125986682
-0.00013370015169824904
0.0007353508343403698
-0.00011827321111768185
0.0005193736662124289
-0.00015426940580567198
0.0006633584449643895
5.6565448795413055e-05
0.0006736430720181009
4.628082174170159e-05
0.0009513280024683105
5.142313526855732e-06
0.0007816316560820713
-7.199238937598025e-05
0.0007250662072866582
-7.199238937598025e-05
0.0006479315043838223
-5.142313526855732e-05
0.0007919162831357828
2.571156763427866e-05
0.0005707968014809863
7.199238937598025e-05
0.0008947625536728974
-0.00010798858406397038
0.0007353508343403698
-0.00017998097343995063
0.000596508369115265
-0.00017998097343995063
0.0006839276990718123
-3.599619468799013e-05
0.0006736430720181009
2.571156763427866e-05
0.0007044969531792353
-0.00011313089759082611
0.0006685007584912452
-8.227701642969171e-05
0.0006119353096958321
-0.00013884246522510477
0.0007404931478672255
-0.00016969634638623916
0.000596508369115265
-0.0001594117193325277
0.0006479315043838223
-0.0001594117193325277
0.0006222199367495436
-0.00016969634638623916
0.0008022009101894942
-0.0001594117193325277
0.0007096392667060911
-5.6565448795413055e-05
0.0008124855372432057
-0.0001594117193325277
0.0005913660555884092
-9.770395701025892e-05
0.0006119353096958321
-6.685007584912452e-05
0.0006119353096958321
3.085388116113439e-05
0.000653073817910678
0.0001594117193325277
0.0004885197850512946
-0.00018512328696680637
0.000632504563803255
-0.00013884246522510477
0.0004936620985781503
8.227701642969171e-05
0.0007662047155015041
-7.199238937598025e-05
0.0008279124778237729
-8.227701642969171e-05
0.0007507777749209369
-0.00028282724397706526
0.0006170776232226879
-2.0569254107422928e-05
0.0006427891908569666
-5.6565448795413055e-05
0.0006067929961689764
0.0
0.0007559200884477926
-0.00016969634638623916
0.0007970585966626385
-1.0284627053711464e-05
0.0008741932995654745
-3.599619468799013e-05
0.0007610624019746484
1.5426940580567196e-05
0.0006376468773301108
6.170776232226878e-05
0.0006787853855449566
3.599619468799013e-05
0.0008176278507700614
-4.628082174170159e-05
0.0006119353096958321
-8.741932995654745e-05
0.0007456354613940812
-8.227701642969171e-05
0.0007096392667060911
-6.170776232226878e-05
0.0006685007584912452
-0.00011827321111768185
0.0007096392667060911
5.6565448795413055e-05
0.0008844779266191859
-7.199238937598025e-05
0.0007456354613940812
-3.085388116113439e-05
0.0006633584449643895
-5.142313526855732e-06
0.0006787853855449566
-9.256164348340318e-05
0.0007559200884477926
0.0
0.000786773969608927
5.6565448795413055e-05
0.0008124855372432057
-0.00018512328696680637
0.0005605121744272748
0.0001285578381713933
0.0007764893425552155
-1.5426940580567196e-05
0.0007456354613940812
-4.628082174170159e-05
0.0007250662072866582
-7.199238937598025e-05
0.0006170776232226879
-5.142313526855732e-05
0.0005810814285346977
-0.00010284627053711464
