0.0006985832926233512
2.9311187103077675e-05
0.0007669760625305325
-6.839276990718124e-05
0.0009330727894479727
-0.00013678553981436248
0.000893991206643869
9.77039570102589e-06
0.0010356619443087445
-0.00022960429897410844
0.0008500244259892526
-1.4655593551538837e-05
0.0007620908646800195
0.0
0.0008646800195407913
9.770395701025892e-05
0.0007523204689789937
5.862237420615535e-05
0.0007474352711284806
5.862237420615535e-05
0.000903761602344895
0.0
0.0006643869076697606
4.885197850512946e-05
0.0008353688324377137
-4.885197850512946e-05
0.0009965803615046408
1.954079140205178e-05
0.0009965803615046408
5.862237420615535e-05
0.0008891060087933561
-1.954079140205178e-05
0.000991695163654128
0.0002149487054225696
0.0007474352711284806
-1.4655593551538837e-05
0.0008597948216902784
6.35075720566683e-05
0.000893991206643869
-1.954079140205178e-05
0.0007278944797264289
-9.770395701025892e-05
0.0008207132388861749
0.00014167073766487544
0.0010552027357107962
0.0
0.0010161211529066928
-2.442598925256473e-05
0.0008597948216902784
-4.885197850512946e-05
0.0010210063507572057
9.77039570102589e-06
0.0008597948216902784
-4.885197850512945e-06
0.0008549096238397655
-4.396678065461651e-05
0.0009526135808500244
-4.885197850512945e-06
0.000810942843185149
4.885197850512945e-06
0.000893991206643869
-0.0001074743527112848
0.000806057645334636
-2.9311187103077675e-05
0.0009428431851489985
-4.396678065461651e-05
0.000810942843185149
4.885197850512946e-05
0.0008549096238397655
0.00010258915486077186
0.0009721543722520762
-0.00013678553981436248
0.0008646800195407913
5.37371763556424e-05
0.0010258915486077186
-0.0001172447484123107
0.0007523204689789937
0.00012212994626282364
0.0009135319980459208
-0.00013190034196384952
0.0009428431851489985
-8.793356130923302e-05
0.0008304836345872007
-0.00015144113336590132
0.0010454323400097703
-3.419638495359062e-05
0.000903761602344895
-0.0001612115290669272
0.0009526135808500244
-0.00012212994626282364
0.0009477283829995114
3.908158280410356e-05
0.0009135319980459208
-3.419638495359062e-05
0.0009233023937469467
-2.9311187103077675e-05
0.0008842208109428432
2.442598925256473e-05
0.0007865168539325843
-7.327796775769418e-05
0.0009379579872984856
-6.839276990718124e-05
0.0007620908646800195
4.885197850512945e-06
0.0007620908646800195
-8.793356130923302e-05
0.0007718612603810454
-0.0001709819247679531
0.0008891060087933561
-0.00013678553981436248
0.0008793356130923302
0.00011235955056179774
0.0008011724474841231
-4.885197850512945e-06
0.0010991695163654128
9.77039570102589e-06
0.0009574987787005373
9.770395701025892e-05
0.0006839276990718123
9.77039570102589e-06
0.000806057645334636
5.862237420615535e-05
0.0007620908646800195
5.862237420615535e-05
0.0009721543722520762
-4.885197850512945e-06
0.0009379579872984856
-4.885197850512945e-06
0.0008255984367366878
5.862237420615535e-05
0.0008695652173913043
1.954079140205178e-05
0.0008304836345872007
0.00011235955056179774
0.0010112359550561798
-3.908158280410356e-05
0.0009770395701025891
0.00011235955056179774
0.0009184171958964338
-3.908158280410356e-05
0.0008451392281387396
-0.00015144113336590132
0.0008549096238397655
-4.885197850512945e-06
0.0008402540302882267
-0.00020517830972154372
0.0008207132388861749
3.419638495359062e-05
0.0009281875915974596
0.00014167073766487544
0.0009184171958964338
-9.770395701025892e-05
0.0009526135808500244
7.327796775769418e-05
0.0010698583292623352
0.00010258915486077186
0.0009526135808500244
-1.954079140205178e-05
0.0008402540302882267
-9.281875915974596e-05
0.0009330727894479727
-3.419638495359062e-05
0.000898876404494382
-5.37371763556424e-05
0.0008646800195407913
-9.77039570102589e-06
0.0010600879335613091
0.0001172447484123107
0.0007718612603810454
3.419638495359062e-05
0.0009672691744015633
-4.396678065461651e-05
0.0008011724474841231
5.37371763556424e-05
0.0009965803615046408
-1.954079140205178e-05
0.0009526135808500244
4.885197850512946e-05
0.000903761602344895
-3.908158280410356e-05
0.0006790425012212994
8.793356130923302e-05
0.0008353688324377137
-4.396678065461651e-05
0.0008842208109428432
-2.442598925256473e-05
0.0010307767464582316
0.00014655593551538836
0.0009281875915974596
-0.00015632633121641425
0.0009233023937469467
-0.00016609672691744016
0.0008011724474841231
0.00019540791402051784
0.0008353688324377137
-1.4655593551538837e-05
0.0010014655593551538
3.908158280410356e-05
0.0007669760625305325
-4.885197850512945e-06
0.001089399120664387
-0.00014167073766487544
0.0008744504152418173
-9.77039570102589e-06
0.0009330727894479727
-3.908158280410356e-05
0.0008549096238397655
-0.00014655593551538836
0.0006448461162677088
-0.0001074743527112848
0.0009330727894479727
2.9311187103077675e-05
0.0008353688324377137
-0.00011235955056179774
0.0008597948216902784
-5.37371763556424e-05
0.0008353688324377137
-9.77039570102589e-06
0.0007962872496336101
-0.00015632633121641425
0.0010112359550561798
0.00013190034196384952
0.0007523204689789937
2.9311187103077675e-05
0.0010014655593551538
3.419638495359062e-05
0.000986809965803615
4.885197850512945e-06
0.0010014655593551538
-2.442598925256473e-05
0.0008011724474841231
7.816316560820712e-05
0.0007474352711284806
4.885197850512946e-05
0.0010307767464582316
-8.304836345872008e-05
0.0008549096238397655
-4.885197850512945e-06
0.0009233023937469467
-0.00013190034196384952
0.0008304836345872007
-7.816316560820712e-05
0.0007865168539325843
7.816316560820712e-05
0.000981924767953102
5.37371763556424e-05
0.000806057645334636
1.4655593551538837e-05
0.0009135319980459208
-2.9311187103077675e-05
0.0008646800195407913
4.396678065461651e-05
0.0009281875915974596
8.793356130923302e-05
0.0009330727894479727
-0.00015632633121641425
0.0010307767464582316
0.0001270151441133366
0.000903761602344895
-9.770395701025892e-05
0.0009526135808500244
5.37371763556424e-05
0.0008353688324377137
-8.793356130923302e-05
0.0006888128969223254
-2.442598925256473e-05
0.0008891060087933561
9.770395701025892e-05
0.0008891060087933561
0.0001270151441133366
0.0009428431851489985
-0.00014167073766487544
0.0008646800195407913
-0.00013678553981436248
0.0007620908646800195
-0.00013678553981436248
0.0009428431851489985
0.0
0.0008646800195407913
-2.442598925256473e-05
0.0007572056668295066
-0.00019052271617000488
0.0007376648754274548
-5.862237420615535e-05
0.0008646800195407913
-9.77039570102589e-06
0.0009770395701025891
-5.862237420615535e-05
0.0008549096238397655
1.954079140205178e-05
0.0006936980947728383
-0.0001172447484123107
0.0010405471421592574
0.0
0.0008207132388861749
-5.37371763556424e-05
0.0008793356130923302
4.885197850512945e-06
0.0010356619443087445
6.35075720566683e-05
0.0009428431851489985
0.00010258915486077186
0.0007669760625305325
-4.396678065461651e-05
0.0009574987787005373
0.00013190034196384952
0.0008451392281387396
9.77039570102589e-06
0.0008255984367366878
-4.885197850512945e-06
0.0009965803615046408
-2.442598925256473e-05
0.0006399609184171959
9.77039570102589e-06
0.0007962872496336101
-2.9311187103077675e-05
0.0008744504152418173
-9.77039570102589e-06
0.0008549096238397655
-8.304836345872008e-05
0.0009086468001954079
-3.419638495359062e-05
0.0008402540302882267
4.885197850512946e-05
0.0007278944797264289
-0.00019540791402051784
0.0009135319980459208
-2.442598925256473e-05
0.0007865168539325843
-6.839276990718124e-05
0.0008011724474841231
5.37371763556424e-05
0.0006546165119687347
-0.00010258915486077186
0.000903761602344895
-5.37371763556424e-05
0.0007327796775769418
-3.908158280410356e-05
0.0008842208109428432
-0.0001074743527112848
0.0008549096238397655
-6.839276990718124e-05
0.000806057645334636
-6.35075720566683e-05
0.0008646800195407913
-3.908158280410356e-05
0.0008793356130923302
5.37371763556424e-05
0.0010552027357107962
-1.954079140205178e-05
0.0008695652173913043
-0.00015632633121641425
0.000810942843185149
-8.793356130923302e-05
0.0010747435271128481
-4.885197850512946e-05
0.0010307767464582316
5.37371763556424e-05
0.000893991206643869
-7.816316560820712e-05
0.0009477283829995114
-9.281875915974596e-05
0.0008646800195407913
-9.281875915974596e-05
0.0010600879335613091
0.00013678553981436248
0.0008597948216902784
4.885197850512945e-06
0.0007620908646800195
-4.396678065461651e-05
0.0009135319980459208
-0.00014655593551538836
0.0008207132388861749
-4.396678065461651e-05
0.0008646800195407913
-1.954079140205178e-05
0.0008744504152418173
-7.327796775769418e-05
0.0009330727894479727
9.77039570102589e-06
0.0008549096238397655
3.419638495359062e-05
0.0009233023937469467
-0.00010258915486077186
0.0010698583292623352
-0.0001074743527112848
0.0010600879335613091
9.77039570102589e-06
0.0010210063507572057
5.862237420615535e-05
0.0008011724474841231
3.419638495359062e-05
0.0008842208109428432
2.442598925256473e-05
0.0009135319980459208
-7.816316560820712e-05
0.0012554958475818271
-4.885197850512946e-05
0.0009623839765510503
-7.327796775769418e-05
0.0008793356130923302
-3.419638495359062e-05
0.0005617977528089887
0.0001270151441133366
0.0009672691744015633
0.00023937469467513433
0.0009330727894479727
2.442598925256473e-05
0.0010356619443087445
-6.839276990718124e-05
0.0008597948216902784
-0.00011235955056179774
0.0009184171958964338
-4.885197850512946e-05
0.0008891060087933561
-0.00014655593551538836
0.000898876404494382
-4.396678065461651e-05
0.0008207132388861749
1.4655593551538837e-05
0.0009330727894479727
-9.77039570102589e-06
0.0006546165119687347
-3.419638495359062e-05
0.0009428431851489985
-0.0002540302882266732
0.0008891060087933561
5.862237420615535e-05
0.00071323888617489
-0.00015632633121641425
0.000991695163654128
-0.00011235955056179774
0.0008646800195407913
-9.770395701025892e-05
0.0009086468001954079
-2.442598925256473e-05
0.0009721543722520762
9.77039570102589e-06
0.0009233023937469467
-6.35075720566683e-05
0.0009623839765510503
-2.9311187103077675e-05
0.0007669760625305325
2.9311187103077675e-05
0.0008891060087933561
2.9311187103077675e-05
0.0009233023937469467
-9.770395701025892e-05
0.0009379579872984856
-9.770395701025892e-05
0.0009526135808500244
-5.37371763556424e-05
0.0010405471421592574
7.816316560820712e-05
0.0008695652173913043
-0.00017586712261846604
0.0008207132388861749
1.4655593551538837e-05
0.0007914020517830972
-0.00010258915486077186
0.000981924767953102
5.862237420615535e-05
0.0008353688324377137
8.793356130923302e-05
0.0008255984367366878
-5.862237420615535e-05
0.0009721543722520762
2.9311187103077675e-05
0.0008744504152418173
-3.419638495359062e-05
0.0009086468001954079
-0.00011235955056179774
0.0009086468001954079
4.885197850512946e-05
0.0009135319980459208
-0.0002589154860771861
0.0009672691744015633
-7.816316560820712e-05
0.0007376648754274548
-7.327796775769418e-05
0.0007278944797264289
-0.00014167073766487544
0.0008255984367366878
4.396678065461651e-05
0.0010014655593551538
-6.35075720566683e-05
0.0008695652173913043
6.35075720566683e-05
0.0009379579872984856
-1.954079140205178e-05
0.0008011724474841231
-1.4655593551538837e-05
0.0010356619443087445
-2.442598925256473e-05
0.0007914020517830972
-4.396678065461651e-05
0.0008744504152418173
-7.327796775769418e-05
0.0008597948216902784
-0.00020029311187103076
0.0008402540302882267
0.0
0.0008500244259892526
-6.839276990718124e-05
0.0009672691744015633
-4.885197850512946e-05
0.0009330727894479727
-3.419638495359062e-05
0.000810942843185149
2.442598925256473e-05
0.0007962872496336101
-2.442598925256473e-05
0.0008304836345872007
-8.793356130923302e-05
0.0008842208109428432
3.419638495359062e-05
0.0009184171958964338
4.396678065461651e-05
0.0006839276990718123
-0.0002344894968246214
0.0007669760625305325
9.77039570102589e-06
0.0008011724474841231
-8.793356130923302e-05
0.0008744504152418173
-0.00013190034196384952
0.000981924767953102
0.0
0.000981924767953102
-8.304836345872008e-05
0.0009672691744015633
8.793356130923302e-05
0.0008549096238397655
-9.281875915974596e-05
0.0008255984367366878
-6.839276990718124e-05
0.0009330727894479727
-9.77039570102589e-06
0.000815828041035662
-9.77039570102589e-06
0.0008744504152418173
7.816316560820712e-05
0.000898876404494382
0.0
0.0008646800195407913
3.908158280410356e-05
0.0009965803615046408
-2.9311187103077675e-05
0.0009623839765510503
2.442598925256473e-05
0.0008402540302882267
-3.419638495359062e-05
0.000903761602344895
7.327796775769418e-05
0.0009281875915974596
-3.419638495359062e-05
0.000898876404494382
6.839276990718124e-05
0.0009086468001954079
-0.00010258915486077186
0.0009623839765510503
-9.770395701025892e-05
0.0008744504152418173
1.4655593551538837e-05
0.0009330727894479727
3.908158280410356e-05
0.0007669760625305325
4.885197850512946e-05
0.0009770395701025891
-5.862237420615535e-05
0.0008646800195407913
-8.793356130923302e-05
0.0009379579872984856
6.839276990718124e-05
0.0007572056668295066
-1.954079140205178e-05
0.0009086468001954079
1.954079140205178e-05
0.0008451392281387396
-7.327796775769418e-05
0.0009379579872984856
4.885197850512945e-06
0.0009428431851489985
-4.396678065461651e-05
0.0006595017098192477
9.77039570102589e-06
0.0008695652173913043
0.0001612115290669272
0.0008695652173913043
0.0
0.0009135319980459208
-6.839276990718124e-05
0.0007572056668295066
0.00014167073766487544
0.0009135319980459208
-7.816316560820712e-05
0.0009574987787005373
7.327796775769418e-05
0.000806057645334636
0.00017586712261846604
0.0009428431851489985
-9.770395701025892e-05
0.000815828041035662
-1.4655593551538837e-05
0.0007865168539325843
-4.396678065461651e-05
0.0009770395701025891
-5.862237420615535e-05
0.0008793356130923302
-0.00012212994626282364
0.0008451392281387396
-8.793356130923302e-05
0.0008793356130923302
-0.0001074743527112848
0.0008500244259892526
-1.954079140205178e-05
0.001064973131411822
6.35075720566683e-05
0.0009281875915974596
-0.0001172447484123107
0.0009184171958964338
-0.000180752320468979
0.0008353688324377137
-1.954079140205178e-05
0.0009965803615046408
-0.00014655593551538836
0.0008451392281387396
8.304836345872008e-05
0.0008695652173913043
3.419638495359062e-05
0.0008451392281387396
-3.908158280410356e-05
0.0009086468001954079
-7.327796775769418e-05
0.0009623839765510503
3.908158280410356e-05
0.000981924767953102
-0.0001074743527112848
0.0008255984367366878
-0.00016609672691744016
0.0007767464582315583
8.793356130923302e-05
0.0009623839765510503
-2.9311187103077675e-05
0.0008646800195407913
1.4655593551538837e-05
0.0010454323400097703
4.885197850512946e-05
0.0008744504152418173
-5.37371763556424e-05
0.001089399120664387
-9.77039570102589e-06
0.0008255984367366878
-8.304836345872008e-05
0.0009477283829995114
-5.862237420615535e-05
0.000981924767953102
-5.37371763556424e-05
0.0009477283829995114
-0.00015144113336590132
0.0009330727894479727
-2.442598925256473e-05
0.0007523204689789937
0.00019540791402051784
0.0009721543722520762
-1.954079140205178e-05
0.000810942843185149
9.77039570102589e-06
0.0008646800195407913
1.4655593551538837e-05
0.000981924767953102
-9.77039570102589e-06
0.0008646800195407913
-4.396678065461651e-05
0.0009086468001954079
9.770395701025892e-05
0.0008353688324377137
-3.419638495359062e-05
0.0008304836345872007
4.885197850512945e-06
0.000806057645334636
9.77039570102589e-06
0.000893991206643869
4.885197850512945e-06
0.0010307767464582316
-2.9311187103077675e-05
0.0008744504152418173
-5.37371763556424e-05
0.0007767464582315583
-4.885197850512945e-06
0.0008304836345872007
-6.35075720566683e-05
0.0008549096238397655
-3.908158280410356e-05
0.0009526135808500244
9.770395701025892e-05
0.00071323888617489
1.954079140205178e-05
0.0008255984367366878
-3.419638495359062e-05
0.0009623839765510503
-0.00020517830972154372
0.0007572056668295066
-2.9311187103077675e-05
0.0008304836345872007
-1.4655593551538837e-05
0.0008891060087933561
-6.35075720566683e-05
0.0008891060087933561
-4.885197850512946e-05
0.000903761602344895
-4.885197850512946e-05
0.0008597948216902784
9.77039570102589e-06
0.0008891060087933561
-4.885197850512946e-05
0.001084513922813874
-3.419638495359062e-05
0.0009379579872984856
6.35075720566683e-05
0.0007914020517830972
-5.862237420615535e-05
0.0008646800195407913
-4.885197850512945e-06
0.0008500244259892526
4.396678065461651e-05
0.0010307767464582316
-0.0001270151441133366
0.0008549096238397655
0.00027357107962872496
0.0009184171958964338
-5.37371763556424e-05
0.0009672691744015633
4.885197850512946e-05
0.0008011724474841231
-4.885197850512945e-06
0.0010210063507572057
1.4655593551538837e-05
0.0009574987787005373
5.862237420615535e-05
0.0008353688324377137
0.0001270151441133366
0.0009672691744015633
1.4655593551538837e-05
0.0007376648754274548
-7.816316560820712e-05
0.0008353688324377137
-9.77039570102589e-06
0.0008646800195407913
-2.9311187103077675e-05
0.0009526135808500244
-7.816316560820712e-05
0.0010063507572056667
-2.9311187103077675e-05
0.0008304836345872007
4.885197850512945e-06
0.0007718612603810454
1.4655593551538837e-05
0.0008402540302882267
-6.35075720566683e-05
0.0007181240840254031
-0.00012212994626282364
0.0007767464582315583
3.419638495359062e-05
0.0010161211529066928
-1.954079140205178e-05
0.0010112359550561798
-4.396678065461651e-05
0.0010991695163654128
5.862237420615535e-05
0.000806057645334636
9.77039570102589e-06
0.0010161211529066928
1.4655593551538837e-05
0.000810942843185149
-9.770395701025892e-05
0.0009428431851489985
0.00013190034196384952
0.0008793356130923302
-4.885197850512946e-05
0.0010503175378602833
-8.304836345872008e-05
0.000903761602344895
-7.327796775769418e-05
0.0008744504152418173
2.9311187103077675e-05
0.001064973131411822
1.954079140205178e-05
0.000806057645334636
-0.00014167073766487544
0.0010112359550561798
-0.00014655593551538836
0.0008353688324377137
-4.396678065461651e-05
0.000903761602344895
-5.37371763556424e-05
0.0009330727894479727
1.4655593551538837e-05
0.00071323888617489
-5.37371763556424e-05
0.000893991206643869
-6.35075720566683e-05
0.0007425500732779677
4.885197850512946e-05
0.0008695652173913043
-7.816316560820712e-05
0.001064973131411822
-2.9311187103077675e-05
0.0006448461162677088
8.304836345872008e-05
0.0008207132388861749
3.908158280410356e-05
0.0009379579872984856
0.00014655593551538836
0.0009281875915974596
-2.9311187103077675e-05
0.001064973131411822
-1.954079140205178e-05
0.000903761602344895
4.885197850512945e-06
0.000898876404494382
-9.77039570102589e-06
0.00071323888617489
4.396678065461651e-05
0.0008793356130923302
-0.0001172447484123107
0.0007572056668295066
2.9311187103077675e-05
0.0010747435271128481
-0.00014655593551538836
0.0009526135808500244
-4.396678065461651e-05
0.0007718612603810454
1.954079140205178e-05
0.0008597948216902784
-9.770395701025892e-05
0.0009623839765510503
-8.304836345872008e-05
0.0006692721055202736
-5.37371763556424e-05
0.0008304836345872007
-2.442598925256473e-05
0.0008793356130923302
-9.77039570102589e-06
0.0007572056668295066
9.770395701025892e-05
0.000903761602344895
-4.396678065461651e-05
0.0008207132388861749
-4.885197850512945e-06
0.0008646800195407913
4.885197850512946e-05
0.0007278944797264289
0.00012212994626282364
0.0009135319980459208
2.442598925256473e-05
0.0008597948216902784
9.77039570102589e-06
0.0009965803615046408
0.0001074743527112848
0.0009526135808500244
-4.885197850512945e-06
0.000903761602344895
-7.327796775769418e-05
0.0007865168539325843
-9.281875915974596e-05
0.000806057645334636
0.00014167073766487544
0.0010307767464582316
3.419638495359062e-05
0.0008646800195407913
-9.77039570102589e-06
0.0007523204689789937
8.304836345872008e-05
0.0008695652173913043
0.00021006350757205668
0.0009672691744015633
2.9311187103077675e-05
0.0009086468001954079
-0.00015632633121641425
0.0007572056668295066
4.396678065461651e-05
0.0009623839765510503
-0.00016609672691744016
0.0008744504152418173
3.419638495359062e-05
0.0008402540302882267
-8.793356130923302e-05
0.0010063507572056667
0.0001270151441133366
0.0008500244259892526
-0.0001612115290669272
0.0007523204689789937
8.304836345872008e-05
0.0008891060087933561
-0.00015144113336590132
0.0010161211529066928
-4.885197850512945e-06
0.0008842208109428432
-9.77039570102589e-06
0.0008500244259892526
6.35075720566683e-05
0.000893991206643869
3.908158280410356e-05
0.0009086468001954079
-3.419638495359062e-05
0.0008793356130923302
4.885197850512945e-06
0.0009526135808500244
8.304836345872008e-05
0.0008744504152418173
-0.00013678553981436248
0.0005959941377625794
-4.396678065461651e-05
0.0009526135808500244
-0.0001270151441133366
0.0009721543722520762
2.442598925256473e-05
0.0008451392281387396
-7.816316560820712e-05
0.0008255984367366878
-0.00015144113336590132
0.0009526135808500244
8.304836345872008e-05
0.0008842208109428432
-6.35075720566683e-05
0.0009428431851489985
-5.862237420615535e-05
0.0006692721055202736
-3.419638495359062e-05
0.0009086468001954079
-0.0001074743527112848
0.0008891060087933561
-9.281875915974596e-05
0.000991695163654128
-0.00013678553981436248
0.000903761602344895
0.000180752320468979
0.0009526135808500244
-0.00011235955056179774
0.0010014655593551538
9.77039570102589e-06
0.0008402540302882267
-9.281875915974596e-05
0.0008597948216902784
1.4655593551538837e-05
0.0010112359550561798
-2.442598925256473e-05
0.000893991206643869
-6.35075720566683e-05
0.000810942843185149
-0.00012212994626282364
0.0007718612603810454
0.00015632633121641425
0.000815828041035662
6.839276990718124e-05
0.0008500244259892526
4.396678065461651e-05
0.0007523204689789937
-1.4655593551538837e-05
0.000635075720566683
9.77039570102589e-06
0.000898876404494382
-2.9311187103077675e-05
0.0009477283829995114
-4.885197850512946e-05
0.0009135319980459208
5.37371763556424e-05
0.0010258915486077186
1.954079140205178e-05
0.0009428431851489985
-0.00012212994626282364
0.0007914020517830972
-9.77039570102589e-06
0.0007572056668295066
-5.862237420615535e-05
0.0008451392281387396
-0.00014655593551538836
0.0007620908646800195
-6.35075720566683e-05
0.0009428431851489985
-0.0001074743527112848
0.000723009281875916
-4.885197850512945e-06
0.0009233023937469467
7.327796775769418e-05
0.0010503175378602833
1.4655593551538837e-05
0.0008744504152418173
0.00012212994626282364
0.0007181240840254031
-6.35075720566683e-05
0.0009623839765510503
0.00012212994626282364
0.0007523204689789937
1.954079140205178e-05
0.0009281875915974596
0.0001172447484123107
0.000810942843185149
4.396678065461651e-05
0.0008549096238397655
9.77039570102589e-06
0.0008549096238397655
-7.816316560820712e-05
0.000898876404494382
4.885197850512945e-06
0.000986809965803615
-7.327796775769418e-05
0.000723009281875916
-4.885197850512945e-06
0.0008793356130923302
-1.4655593551538837e-05
0.0009526135808500244
6.35075720566683e-05
0.0009428431851489985
-2.442598925256473e-05
0.0009281875915974596
0.00014167073766487544
0.0007865168539325843
0.0
0.000898876404494382
-9.77039570102589e-06
0.0007962872496336101
0.00016609672691744016
0.0008793356130923302
-2.9311187103077675e-05
0.0009721543722520762
0.0
0.0008842208109428432
-9.281875915974596e-05
0.0010063507572056667
-3.908158280410356e-05
0.0009330727894479727
0.0001270151441133366
0.0010405471421592574
-4.885197850512946e-05
0.0008793356130923302
4.396678065461651e-05
0.0007620908646800195
-0.00014655593551538836
0.0010210063507572057
-3.908158280410356e-05
0.0008011724474841231
0.00014655593551538836
0.0007865168539325843
-4.885197850512946e-05
0.0008500244259892526
-0.00014167073766487544
0.0006204201270151441
-0.00019052271617000488
0.000723009281875916
-6.35075720566683e-05
0.0009135319980459208
5.37371763556424e-05
0.0009135319980459208
-3.419638495359062e-05
0.0010503175378602833
0.0001172447484123107
0.0007669760625305325
7.816316560820712e-05
0.0006643869076697606
-6.839276990718124e-05
0.0007816316560820713
-1.4655593551538837e-05
0.0008891060087933561
2.442598925256473e-05
0.0008744504152418173
0.0002149487054225696
0.0009233023937469467
-5.862237420615535e-05
0.0008842208109428432
-0.00011235955056179774
0.0007620908646800195
8.304836345872008e-05
0.0010307767464582316
-1.954079140205178e-05
0.0008353688324377137
4.885197850512945e-06
0.0009184171958964338
4.885197850512946e-05
0.000893991206643869
4.885197850512945e-06
0.0008304836345872007
0.0001612115290669272
0.0008793356130923302
6.35075720566683e-05
0.0009526135808500244
6.35075720566683e-05
0.0009379579872984856
-3.908158280410356e-05
0.0008744504152418173
-1.954079140205178e-05
0.0008353688324377137
4.885197850512945e-06
0.0010063507572056667
-7.327796775769418e-05
0.0009135319980459208
-1.4655593551538837e-05
0.0007474352711284806
4.885197850512946e-05
0.000991695163654128
0.00016609672691744016
0.0008695652173913043
7.327796775769418e-05
0.0007474352711284806
-2.9311187103077675e-05
0.0007620908646800195
-6.35075720566683e-05
0.0009233023937469467
5.37371763556424e-05
0.0006643869076697606
-0.0001074743527112848
0.0008744504152418173
-9.281875915974596e-05
0.0008207132388861749
4.396678065461651e-05
0.000991695163654128
0.00015144113336590132
0.0008842208109428432
-7.816316560820712e-05
0.0007669760625305325
2.442598925256473e-05
0.0008891060087933561
-0.00014167073766487544
0.0007474352711284806
-1.4655593551538837e-05
0.0009135319980459208
1.4655593551538837e-05
0.0009135319980459208
0.0001074743527112848
0.0009330727894479727
0.00012212994626282364
0.0009574987787005373
-8.793356130923302e-05
0.0009135319980459208
-5.862237420615535e-05
0.0009184171958964338
0.0002247191011235955
0.0008744504152418173
-9.770395701025892e-05
0.0009526135808500244
-5.862237420615535e-05
0.00071323888617489
0.00015632633121641425
0.000903761602344895
-1.4655593551538837e-05
0.0008549096238397655
0.0001074743527112848
0.000810942843185149
0.0001612115290669272
0.0008646800195407913
-9.281875915974596e-05
0.0009574987787005373
1.954079140205178e-05
0.0007278944797264289
-4.885197850512945e-06
0.000898876404494382
2.9311187103077675e-05
0.0009184171958964338
0.0
0.0007620908646800195
4.885197850512945e-06
0.000806057645334636
1.954079140205178e-05
0.001089399120664387
0.0001074743527112848
0.0010600879335613091
-1.954079140205178e-05
0.0009477283829995114
3.419638495359062e-05
0.0009770395701025891
-4.885197850512946e-05
0.0007962872496336101
-0.0001270151441133366
0.0008304836345872007
-7.327796775769418e-05
0.0008500244259892526
-1.954079140205178e-05
0.0008646800195407913
-8.793356130923302e-05
0.0009184171958964338
-0.00013678553981436248
0.0010698583292623352
-5.862237420615535e-05
0.0008842208109428432
9.77039570102589e-06
0.0009672691744015633
3.419638495359062e-05
0.001079628724963361
-0.00013678553981436248
0.0008646800195407913
-4.396678065461651e-05
0.0007767464582315583
3.419638495359062e-05
0.0009770395701025891
-0.0002344894968246214
0.0008207132388861749
-6.839276990718124e-05
0.000893991206643869
-0.0001270151441133366
0.0008695652173913043
-0.0001172447484123107
0.0007083536883243771
-7.816316560820712e-05
0.0009330727894479727
-0.00015632633121641425
0.000898876404494382
-0.0001709819247679531
0.0008646800195407913
-9.770395701025892e-05
0.0007767464582315583
-7.816316560820712e-05
0.0008304836345872007
-3.419638495359062e-05
0.0006546165119687347
-0.0002247191011235955
0.0010405471421592574
5.37371763556424e-05
0.0009770395701025891
4.885197850512946e-05
0.000815828041035662
0.0001074743527112848
0.0009184171958964338
-6.35075720566683e-05
0.0007572056668295066
-0.00015632633121641425
0.0006741573033707865
-7.327796775769418e-05
0.0011089399120664386
0.0
0.0007767464582315583
-6.35075720566683e-05
0.0006497313141182217
9.77039570102589e-06
0.0007425500732779677
-2.442598925256473e-05
0.0007816316560820713
4.885197850512946e-05
0.0007474352711284806
-0.0001612115290669272
0.0008011724474841231
-1.4655593551538837e-05
0.0008597948216902784
0.00011235955056179774
0.0008500244259892526
-0.00011235955056179774
0.0008451392281387396
-5.862237420615535e-05
0.0009330727894479727
7.816316560820712e-05
0.0009184171958964338
-4.396678065461651e-05
0.0008451392281387396
-6.839276990718124e-05
0.000903761602344895
-2.9311187103077675e-05
0.0008646800195407913
-8.304836345872008e-05
0.0008744504152418173
-0.00012212994626282364
0.0009086468001954079
4.885197850512945e-06
0.000806057645334636
6.839276990718124e-05
0.0007083536883243771
-0.0001612115290669272
0.0009526135808500244
-2.442598925256473e-05
0.0009477283829995114
6.839276990718124e-05
0.0008451392281387396
-0.00013678553981436248
0.0007425500732779677
-6.35075720566683e-05
0.0008646800195407913
-0.00015632633121641425
0.0009281875915974596
-0.00010258915486077186
0.0008500244259892526
-0.00018563751831949193
0.0009574987787005373
-8.793356130923302e-05
0.0008451392281387396
-3.908158280410356e-05
0.0007718612603810454
3.419638495359062e-05
0.0008402540302882267
9.281875915974596e-05
0.0008597948216902784
-0.00011235955056179774
0.000810942843185149
4.885197850512946e-05
0.0008793356130923302
3.908158280410356e-05
0.0009184171958964338
-0.0001074743527112848
0.0006692721055202736
-6.35075720566683e-05
0.0007767464582315583
9.77039570102589e-06
0.0006692721055202736
-5.37371763556424e-05
0.0007718612603810454
-4.396678065461651e-05
0.0007669760625305325
-0.00010258915486077186
0.0007962872496336101
7.327796775769418e-05
0.0007572056668295066
-0.00015632633121641425
0.0007914020517830972
-0.00018563751831949193
0.0007718612603810454
2.442598925256473e-05
0.000815828041035662
-8.304836345872008e-05
0.0008500244259892526
4.396678065461651e-05
0.0010307767464582316
-7.816316560820712e-05
0.000815828041035662
-3.908158280410356e-05
0.0008646800195407913
-0.00010258915486077186
0.0009086468001954079
-4.396678065461651e-05
0.0008402540302882267
3.419638495359062e-05
0.0008353688324377137
-1.4655593551538837e-05
0.0007474352711284806
-7.327796775769418e-05
0.0009574987787005373
-4.396678065461651e-05
0.0008402540302882267
0.0001270151441133366
0.000903761602344895
8.793356130923302e-05
0.0009379579872984856
-0.00014655593551538836
0.00071323888617489
9.770395701025892e-05
0.0009233023937469467
-0.00010258915486077186
0.0009428431851489985
4.885197850512945e-06
0.0009623839765510503
6.35075720566683e-05
0.0007620908646800195
-0.000180752320468979
0.000893991206643869
-1.954079140205178e-05
0.000893991206643869
-9.77039570102589e-06
0.0009965803615046408
-1.954079140205178e-05
0.0008793356130923302
-0.00015144113336590132
0.0010600879335613091
-0.00013678553981436248
0.000806057645334636
2.9311187103077675e-05
0.0008793356130923302
1.954079140205178e-05
0.0008549096238397655
1.954079140205178e-05
0.000806057645334636
4.885197850512946e-05
0.0007083536883243771
-6.35075720566683e-05
0.0008597948216902784
5.862237420615535e-05
0.0008353688324377137
-2.9311187103077675e-05
0.0009623839765510503
-0.00010258915486077186
0.0008353688324377137
0.00011235955056179774
0.0008891060087933561
-6.35075720566683e-05
0.000815828041035662
-2.442598925256473e-05
0.0010307767464582316
0.0001270151441133366
0.0007620908646800195
-3.908158280410356e-05
0.0008597948216902784
5.37371763556424e-05
0.0010991695163654128
0.0002247191011235955
0.0010258915486077186
-0.00011235955056179774
0.0008500244259892526
5.37371763556424e-05
0.0007425500732779677
3.419638495359062e-05
0.0009428431851489985
1.4655593551538837e-05
0.0008891060087933561
-4.885197850512945e-06
0.0006936980947728383
5.862237420615535e-05
0.0007816316560820713
5.862237420615535e-05
0.0009477283829995114
3.419638495359062e-05
0.0009379579872984856
0.003673668783585735
0.014406448461162678
0.016082071323888617
0.018168050806057646
0.017020029311187103
0.018617489008304837
0.016761113825109916
0.018412310698583293
0.01678065461651197
0.018519785051294577
0.016824621397166586
0.01853932584269663
0.01704934049829018
0.018637029799706887
0.01691255495847582
0.018402540302882266
0.01700048851978505
0.018578407425500734
0.01696629213483146
0.01860771861260381
0.016917440156326333
0.018602833414753297
0.016971177332681973
0.01862237420615535
0.016790425012212996
0.01877381533952125
0.01689789936492428
0.018617489008304837
0.016956521739130436
0.018764044943820224
0.017078651685393256
0.01857352222765022
0.016858817782120176
0.018744504152418174
0.017117733268197363
0.018549096238397657
0.01700048851978505
0.018661455788959454
0.017039570102589153
0.01882266731802638
0.017068881289692233
0.018612603810454324
0.016844162188568636
0.01855886663409868
0.01714704445530044
0.018695652173913044
0.01693209574987787
0.018720078163165607
0.016893014167073766
0.0186419149975574
0.016976062530532486
0.018729848558866634
0.016936980947728383
0.018637029799706887
0.016961406936980946
0.018612603810454324
0.016922325354176843
0.018514899853444063
0.01711284807034685
0.01865657059110894
0.016936980947728383
0.01859306301905227
0.016839276990718122
0.01847581827063996
0.016844162188568636
0.018695652173913044
0.016961406936980946
0.018803126526624327
0.01684904738641915
0.01878847093307279
0.01701514411333659
0.018827552515876894
0.016917440156326333
0.018700537371763557
0.01688324377137274
0.018549096238397657
0.01704934049829018
0.018685881778212017
0.016888128969223253
0.01872496336101612
0.016785539814362482
0.018529555446995603
0.01679531021006351
0.018602833414753297
0.016834391792867612
0.018568637029799707
0.01696629213483146
0.018500244259892527
0.016809965803615046
0.018680996580361504
0.016980947728383
0.01875915974596971
0.01684904738641915
0.018602833414753297
0.01708353688324377
0.01867611138251099
0.016980947728383
0.018661455788959454
0.016785539814362482
0.018612603810454324
0.01696629213483146
0.018749389350268687
0.01694675134342941
0.018783585735222277
0.016917440156326333
0.018646800195407914
0.017078651685393256
0.018783585735222277
0.016844162188568636
0.018646800195407914
0.016790425012212996
0.018568637029799707
0.01699560332193454
0.01867611138251099
0.01688324377137274
0.018632144601856374
0.016878358573522226
0.01872496336101612
0.016985832926233513
0.018597948216902783
0.01696629213483146
0.0187933561309233
0.016853932584269662
0.01853932584269663
0.01684904738641915
0.018519785051294577
0.016980947728383
0.018754274548119197
0.01701514411333659
0.018578407425500734
0.016790425012212996
0.018534440644846117
0.016868588177821203
0.018661455788959454
0.017010258915486076
0.018466047874938937
0.017054225696140693
0.01858817782120176
0.016951636541279923
0.018749389350268687
0.016902784562774793
0.018764044943820224
0.016868588177821203
0.01873961895456766
0.01689789936492428
0.018495359062042013
0.01706399609184172
0.018695652173913044
0.01684904738641915
0.018695652173913044
0.016878358573522226
0.01844162188568637
0.016834391792867612
0.018402540302882266
0.016971177332681973
0.018495359062042013
0.017005373717635563
0.01860771861260381
0.01680019540791402
0.018602833414753297
0.016917440156326333
0.01865657059110894
0.01688324377137274
0.01865657059110894
0.016917440156326333
0.01847581827063996
0.016834391792867612
0.018695652173913044
0.016824621397166586
0.01847581827063996
0.01689789936492428
0.018544211040547143
0.016790425012212996
0.01840742550073278
0.016839276990718122
0.018632144601856374
0.016980947728383
0.018646800195407914
0.016936980947728383
0.018729848558866634
0.016927210552027356
0.018583292623351247
0.016839276990718122
0.018729848558866634
0.01696629213483146
0.018426966292134833
0.016834391792867612
0.018514899853444063
0.016805080605764532
0.01865657059110894
0.016873473375671716
0.018500244259892527
0.016834391792867612
0.018568637029799707
0.01679531021006351
0.018329262335124573
0.01686370297997069
0.018568637029799707
0.01693209574987787
0.0186419149975574
0.017044455300439666
0.0183781143136297
0.016980947728383
0.01847093307278945
0.01691255495847582
0.018480703468490473
0.016873473375671716
0.018495359062042013
0.016893014167073766
0.01884220810942843
0.016868588177821203
0.018553981436248167
0.016805080605764532
0.01838788470933073
0.016873473375671716
0.01855886663409868
0.016761113825109916
0.01840742550073278
0.016844162188568636
0.018754274548119197
0.016893014167073766
0.018695652173913044
0.017073766487542746
0.018661455788959454
0.016678065461651195
0.01860771861260381
0.016834391792867612
0.01862237420615535
0.016873473375671716
0.018451392281387397
0.016805080605764532
0.018485588666340987
0.016907669760625306
0.018495359062042013
0.017020029311187103
0.01857352222765022
0.01693209574987787
0.01859306301905227
0.016990718124084026
0.018412310698583293
0.016868588177821203
0.018602833414753297
0.016805080605764532
0.01865657059110894
0.016868588177821203
0.018553981436248167
0.01693209574987787
0.01844162188568637
0.016775769418661456
0.018451392281387397
0.017073766487542746
0.01873961895456766
0.01700048851978505
0.01867122618466048
0.017005373717635563
0.018446507083536883
0.016868588177821203
0.018510014655593553
0.016868588177821203
0.018578407425500734
0.016971177332681973
0.01867611138251099
0.016976062530532486
0.018578407425500734
0.01686370297997069
0.01850512945774304
0.016917440156326333
0.018480703468490473
0.01693209574987787
0.018519785051294577
0.016941866145578896
0.01858817782120176
0.016858817782120176
0.018597948216902783
0.016927210552027356
0.018368343917928676
0.017020029311187103
0.018720078163165607
0.016893014167073766
0.018651685393258427
0.016873473375671716
0.018343917928676113
0.016853932584269662
0.018510014655593553
0.016717147044455302
0.018632144601856374
0.016971177332681973
0.01840742550073278
0.016971177332681973
0.01855886663409868
0.016907669760625306
0.018529555446995603
0.016790425012212996
0.018534440644846117
0.016736687835857352
0.01839276990718124
0.016956521739130436
0.01853932584269663
0.016819736199316072
0.018549096238397657
0.016878358573522226
0.018431851489985343
0.016873473375671716
0.01853932584269663
0.016902784562774793
0.0186419149975574
0.016893014167073766
0.018461162677088423
0.01680019540791402
0.018510014655593553
0.016839276990718122
0.018495359062042013
0.016809965803615046
0.018510014655593553
0.016751343429408892
0.018402540302882266
0.016692721055202735
0.018568637029799707
0.01684904738641915
0.018466047874938937
0.016868588177821203
0.018549096238397657
0.016907669760625306
0.018544211040547143
0.016824621397166586
0.018749389350268687
0.016888128969223253
0.018431851489985343
0.016893014167073766
0.018480703468490473
0.016927210552027356
0.01847581827063996
0.016878358573522226
0.018617489008304837
0.016819736199316072
0.018485588666340987
0.016853932584269662
0.018553981436248167
0.01702979970688813
0.018627259404005864
0.01679531021006351
0.018612603810454324
0.016873473375671716
0.018466047874938937
0.016853932584269662
0.018544211040547143
0.016853932584269662
0.01840742550073278
0.017054225696140693
0.018495359062042013
0.016834391792867612
0.018368343917928676
0.0168295065950171
0.018529555446995603
0.016985832926233513
0.01852467024914509
0.016980947728383
0.018597948216902783
0.016853932584269662
0.01842208109428432
0.016956521739130436
0.018426966292134833
0.016990718124084026
0.0184904738641915
0.016741573033707866
0.01838788470933073
0.016907669760625306
0.018783585735222277
0.016805080605764532
0.018578407425500734
0.016961406936980946
0.018431851489985343
0.016873473375671716
0.01870542256961407
0.01678065461651197
0.018329262335124573
0.016770884220810942
0.018544211040547143
0.016868588177821203
0.01865657059110894
0.01673180263800684
0.018627259404005864
0.01693209574987787
0.018466047874938937
0.01688324377137274
0.018534440644846117
0.01681485100146556
0.018549096238397657
0.016858817782120176
0.018695652173913044
0.016878358573522226
0.01844162188568637
0.016775769418661456
0.018744504152418174
0.016805080605764532
0.018646800195407914
0.016858817782120176
0.01852467024914509
0.016756228627259406
0.01857352222765022
0.016902784562774793
0.018583292623351247
0.01678065461651197
0.0184904738641915
0.016917440156326333
0.018265754763067906
0.016868588177821203
0.018510014655593553
0.016907669760625306
0.01855886663409868
0.01688324377137274
0.018553981436248167
0.01666340986809966
0.018412310698583293
0.016868588177821203
0.018295065950170983
0.016819736199316072
0.018231558378114313
0.016707376648754275
0.018529555446995603
0.016873473375671716
0.01855886663409868
0.016819736199316072
0.01838788470933073
0.016853932584269662
0.0184904738641915
0.016927210552027356
0.018495359062042013
0.01679531021006351
0.018343917928676113
0.016756228627259406
0.018353688324377136
0.01689789936492428
0.018353688324377136
0.01693209574987787
0.018597948216902783
0.01704934049829018
0.018637029799706887
0.016819736199316072
0.018549096238397657
0.01681485100146556
0.018343917928676113
0.016922325354176843
0.018534440644846117
0.016907669760625306
0.018466047874938937
0.017024914509037616
0.018661455788959454
0.016971177332681973
0.01839276990718124
0.017034684904738643
0.018617489008304837
0.016761113825109916
0.01842208109428432
0.01680019540791402
0.018397655105031753
0.01688324377137274
0.018461162677088423
0.016888128969223253
0.018661455788959454
0.016805080605764532
0.01844162188568637
0.016907669760625306
0.018343917928676113
0.016761113825109916
0.01830483634587201
0.016819736199316072
0.018549096238397657
0.016722032242305812
0.0183781143136297
0.016922325354176843
0.0183781143136297
0.01679531021006351
0.018461162677088423
0.01673180263800684
0.018568637029799707
0.016985832926233513
0.01852467024914509
0.016785539814362482
0.0183781143136297
0.016717147044455302
0.018602833414753297
0.01676599902296043
0.018602833414753297
0.016873473375671716
0.018339032730825596
0.01678065461651197
0.01839276990718124
0.016741573033707866
0.01860771861260381
0.01681485100146556
0.018446507083536883
0.016692721055202735
0.018578407425500734
0.016922325354176843
0.018553981436248167
0.016785539814362482
0.018412310698583293
0.016634098680996582
0.018519785051294577
0.01661455788959453
0.018549096238397657
0.01676599902296043
0.01842208109428432
0.016824621397166586
0.01838788470933073
0.016844162188568636
0.018480703468490473
0.016853932584269662
0.018456277479237906
0.016770884220810942
0.018519785051294577
0.01659990229604299
0.018549096238397657
0.01678065461651197
0.018412310698583293
0.016819736199316072
0.018451392281387397
0.016722032242305812
0.01855886663409868
0.016736687835857352
0.01838788470933073
0.0168295065950171
0.01860771861260381
0.0168295065950171
0.0184904738641915
0.016756228627259406
0.018495359062042013
0.016687835857352222
0.018534440644846117
0.01678065461651197
0.018500244259892527
0.016643869076697605
0.018583292623351247
0.01691255495847582
0.01847581827063996
0.016726917440156325
0.01858817782120176
0.016717147044455302
0.018329262335124573
0.016702491450903762
0.018637029799706887
0.016858817782120176
0.018597948216902783
0.016809965803615046
0.018246213971665853
0.01681485100146556
0.018480703468490473
0.016736687835857352
0.01858817782120176
0.016775769418661456
0.018602833414753297
0.016687835857352222
0.018431851489985343
0.016839276990718122
0.018485588666340987
0.016722032242305812
0.018514899853444063
0.016707376648754275
0.018553981436248167
0.016907669760625306
0.018485588666340987
0.01688324377137274
0.018485588666340987
0.016790425012212996
0.018553981436248167
0.01691255495847582
0.01852467024914509
0.016888128969223253
0.018246213971665853
0.016956521739130436
0.018632144601856374
0.016756228627259406
0.018632144601856374
0.016775769418661456
0.018417195896433803
0.01681485100146556
0.018363458720078163
0.01699560332193454
0.018480703468490473
0.016868588177821203
0.018382999511480216
0.016878358573522226
0.018348803126526626
0.01679531021006351
0.018265754763067906
0.01669760625305325
0.018461162677088423
0.016761113825109916
0.01839276990718124
0.016907669760625306
0.018412310698583293
0.016785539814362482
0.018329262335124573
0.016809965803615046
0.01858817782120176
0.016819736199316072
0.018402540302882266
0.016888128969223253
0.018348803126526626
0.016790425012212996
0.018309721543722523
0.016722032242305812
0.0184904738641915
0.016834391792867612
0.01859306301905227
0.016839276990718122
0.01860771861260381
0.016741573033707866
0.018617489008304837
0.016634098680996582
0.01865657059110894
0.01669760625305325
0.01857352222765022
0.016844162188568636
0.018343917928676113
0.016707376648754275
0.018544211040547143
0.016888128969223253
0.01847093307278945
0.01671226184660479
0.018500244259892527
0.016726917440156325
0.018456277479237906
0.016722032242305812
0.018334147532975086
0.016761113825109916
0.018480703468490473
0.016658524670249145
0.01837322911577919
0.01674645823155838
0.01847093307278945
0.01661455788959453
0.018402540302882266
0.016844162188568636
0.01847581827063996
0.01691255495847582
0.018602833414753297
0.01676599902296043
0.01838788470933073
0.016736687835857352
0.01860771861260381
0.016707376648754275
0.0183781143136297
0.016956521739130436
0.01842208109428432
0.01678065461651197
0.018339032730825596
0.01659990229604299
0.018397655105031753
0.016785539814362482
0.018563751831949193
0.016726917440156325
0.01847581827063996
0.016853932584269662
0.018436736687835856
0.0168295065950171
0.018602833414753297
0.016590131900341965
0.018549096238397657
0.0168295065950171
0.01847581827063996
0.01684904738641915
0.01844162188568637
0.016717147044455302
0.01857352222765022
0.016785539814362482
0.01837322911577919
0.016673180263800685
0.018514899853444063
0.016922325354176843
0.01838788470933073
0.016805080605764532
0.01829018075232047
0.016741573033707866
0.01842208109428432
0.01680019540791402
0.018402540302882266
0.016824621397166586
0.018451392281387397
0.016961406936980946
0.018456277479237906
0.016858817782120176
0.01837322911577919
0.01659501709819248
0.018431851489985343
0.01674645823155838
0.01838788470933073
0.01681485100146556
0.018397655105031753
0.01681485100146556
0.018495359062042013
0.01671226184660479
0.01842208109428432
0.0168295065950171
0.01839276990718124
0.016678065461651195
0.018412310698583293
0.016761113825109916
0.01837322911577919
0.016858817782120176
0.018426966292134833
0.01674645823155838
0.018597948216902783
0.0168295065950171
0.018397655105031753
0.016770884220810942
0.018319491939423546
0.0168295065950171
0.018329262335124573
0.016878358573522226
0.01847093307278945
0.01671226184660479
0.018456277479237906
0.016668295065950172
0.018339032730825596
0.016736687835857352
0.01850512945774304
0.016893014167073766
0.01853932584269663
0.016707376648754275
0.018549096238397657
0.016844162188568636
0.018446507083536883
0.01691255495847582
0.018466047874938937
0.01686370297997069
0.01853932584269663
0.01669760625305325
0.01837322911577919
0.016951636541279923
0.01853932584269663
0.01666340986809966
0.018451392281387397
0.016736687835857352
0.01832437713727406
0.016834391792867612
0.01847581827063996
0.016902784562774793
0.01860771861260381
0.016990718124084026
0.01862237420615535
0.0168295065950171
0.01852467024914509
0.0165657059110894
0.018402540302882266
0.01689789936492428
0.01840742550073278
0.01673180263800684
0.018578407425500734
0.01681485100146556
0.018329262335124573
0.01668295065950171
0.01850512945774304
0.016893014167073766
0.018534440644846117
0.016775769418661456
0.018519785051294577
0.016878358573522226
0.018431851489985343
0.016736687835857352
0.018485588666340987
0.016844162188568636
0.018285295554469956
0.01684904738641915
0.018417195896433803
0.016907669760625306
0.018446507083536883
0.01669760625305325
0.018495359062042013
0.01684904738641915
0.01852467024914509
0.016844162188568636
0.01838788470933073
0.016785539814362482
0.018544211040547143
0.016741573033707866
0.018446507083536883
0.016839276990718122
0.018729848558866634
0.01678065461651197
0.018480703468490473
0.016893014167073766
0.018612603810454324
0.016873473375671716
0.01829018075232047
0.016707376648754275
0.018353688324377136
0.016785539814362482
0.018544211040547143
0.016809965803615046
0.018451392281387397
0.016638983878847092
0.018446507083536883
0.016624328285295555
0.01853932584269663
0.016692721055202735
0.018637029799706887
0.01674645823155838
0.018446507083536883
0.016668295065950172
0.018280410356619443
0.016770884220810942
0.01847581827063996
0.016741573033707866
0.018431851489985343
0.01678065461651197
0.01847093307278945
0.01671226184660479
0.018480703468490473
0.016770884220810942
0.018343917928676113
0.016717147044455302
0.018514899853444063
0.016717147044455302
0.01819247679531021
0.016819736199316072
0.018529555446995603
0.016722032242305812
0.018461162677088423
0.016790425012212996
0.018500244259892527
0.016751343429408892
0.01840742550073278
0.016668295065950172
0.01827063996091842
0.01664875427454812
0.018485588666340987
0.016824621397166586
0.018368343917928676
0.016702491450903762
0.018461162677088423
0.016761113825109916
0.018343917928676113
0.01678065461651197
0.018495359062042013
0.016751343429408892
0.01832437713727406
0.016634098680996582
0.018402540302882266
0.016834391792867612
0.018451392281387397
0.016819736199316072
0.01837322911577919
0.016726917440156325
0.018461162677088423
0.01680019540791402
0.01844162188568637
0.0168295065950171
0.018343917928676113
0.016736687835857352
0.01857352222765022
0.016741573033707866
0.01847581827063996
0.016805080605764532
0.018436736687835856
0.016736687835857352
0.01847581827063996
0.016819736199316072
0.018368343917928676
0.01684904738641915
0.01837322911577919
0.016741573033707866
0.01838788470933073
0.01676599902296043
0.018334147532975086
0.01666340986809966
0.01835857352222765
0.01680019540791402
0.0184904738641915
0.016824621397166586
0.018519785051294577
0.016624328285295555
0.018368343917928676
0.0168295065950171
0.01835857352222765
0.016678065461651195
0.018353688324377136
0.016678065461651195
0.018334147532975086
0.016888128969223253
0.01827063996091842
0.016634098680996582
0.018343917928676113
0.016824621397166586
0.018382999511480216
0.016590131900341965
0.018583292623351247
0.016809965803615046
0.018544211040547143
0.016878358573522226
0.01847581827063996
0.016702491450903762
0.018431851489985343
0.016805080605764532
0.0184904738641915
0.016809965803615046
0.018431851489985343
0.01662921348314607
0.018363458720078163
0.016668295065950172
0.018461162677088423
0.016687835857352222
0.018568637029799707
0.01684904738641915
0.018251099169516366
0.016658524670249145
0.018456277479237906
0.016761113825109916
0.018514899853444063
0.016775769418661456
0.018461162677088423
0.016722032242305812
0.01847093307278945
0.016790425012212996
0.018426966292134833
0.016751343429408892
0.018500244259892527
0.016775769418661456
0.01835857352222765
0.01679531021006351
0.018412310698583293
0.01662921348314607
0.01859306301905227
0.016736687835857352
0.018363458720078163
0.016785539814362482
0.018544211040547143
0.01674645823155838
0.018363458720078163
0.016770884220810942
0.01827063996091842
0.016575476306790425
0.01827063996091842
0.016756228627259406
0.018334147532975086
0.016526624328285295
0.01835857352222765
0.016717147044455302
0.018255984367366876
0.016809965803615046
0.01844162188568637
0.01678065461651197
0.01840742550073278
0.01678065461651197
0.01829018075232047
0.016722032242305812
0.018510014655593553
0.016785539814362482
0.018436736687835856
0.016673180263800685
0.018397655105031753
0.016717147044455302
0.01839276990718124
0.016687835857352222
0.018265754763067906
0.01686370297997069
0.018553981436248167
0.016619443087445042
0.018353688324377136
0.016560820713238885
0.018431851489985343
0.01688324377137274
0.018236443575964826
0.01674645823155838
0.0184904738641915
0.01674645823155838
0.018451392281387397
0.016785539814362482
0.018368343917928676
0.016741573033707866
0.01838788470933073
0.016736687835857352
0.01847093307278945
0.016673180263800685
0.018466047874938937
0.01684904738641915
0.0183781143136297
0.016619443087445042
0.01838788470933073
0.01671226184660479
0.018226673180263803
0.01669760625305325
0.018431851489985343
0.016717147044455302
0.01827552515876893
0.01669760625305325
0.018456277479237906
0.016902784562774793
0.018353688324377136
0.01688324377137274
0.018514899853444063
0.016678065461651195
0.018402540302882266
0.016673180263800685
0.01824132877381534
0.016839276990718122
0.01853932584269663
0.016824621397166586
0.01840742550073278
0.016809965803615046
0.01842208109428432
0.016702491450903762
0.018397655105031753
0.0165657059110894
0.01838788470933073
0.016707376648754275
0.01847093307278945
0.016726917440156325
0.018431851489985343
0.016643869076697605
0.018133854421104056
0.01666340986809966
0.018417195896433803
0.016678065461651195
0.01842208109428432
0.01659501709819248
0.018534440644846117
0.016726917440156325
0.018368343917928676
0.01676599902296043
0.018343917928676113
0.01676599902296043
0.018466047874938937
0.016624328285295555
0.018251099169516366
0.01666340986809966
0.018339032730825596
0.01659501709819248
0.018549096238397657
0.01673180263800684
0.01844162188568637
0.01689789936492428
0.01844162188568637
0.01678065461651197
0.01806057645334636
0.01678065461651197
0.01865657059110894
0.0168295065950171
0.018251099169516366
0.016707376648754275
0.018397655105031753
0.01674645823155838
0.01827552515876893
0.016873473375671716
0.018343917928676113
0.0168295065950171
0.018466047874938937
0.01662921348314607
0.018280410356619443
0.016726917440156325
0.018436736687835856
0.016643869076697605
0.018510014655593553
0.016619443087445042
0.018309721543722523
0.016736687835857352
0.01842208109428432
0.016678065461651195
0.018436736687835856
0.01679531021006351
0.01832437713727406
0.016673180263800685
0.018299951148021493
0.016673180263800685
0.018426966292134833
0.016790425012212996
0.018583292623351247
0.016687835857352222
0.018319491939423546
0.016756228627259406
0.01835857352222765
0.01679531021006351
0.018353688324377136
0.01653150952613581
0.018314606741573033
0.016678065461651195
0.0183781143136297
0.016819736199316072
0.018495359062042013
0.016717147044455302
0.01842208109428432
0.016736687835857352
0.01832437713727406
0.016853932584269662
0.018510014655593553
0.016790425012212996
0.018466047874938937
0.01674645823155838
0.01830483634587201
0.01671226184660479
0.01827552515876893
0.016619443087445042
0.01847581827063996
0.016575476306790425
0.018363458720078163
0.01668295065950171
0.018128969223253542
0.016844162188568636
0.0183781143136297
0.016888128969223253
0.018402540302882266
0.016604787493893502
0.018182706399609182
0.016590131900341965
0.018480703468490473
0.016770884220810942
0.018363458720078163
0.016726917440156325
0.018348803126526626
0.016687835857352222
0.018280410356619443
0.01651196873473376
0.018295065950170983
0.01671226184660479
0.01840742550073278
0.016736687835857352
0.018353688324377136
0.01662921348314607
0.018397655105031753
0.016687835857352222
0.018197361993160723
0.016634098680996582
0.018363458720078163
0.016638983878847092
0.01827552515876893
0.016726917440156325
0.0183781143136297
0.01654616511968735
0.018431851489985343
0.01664875427454812
0.018510014655593553
0.01662921348314607
0.018461162677088423
0.016756228627259406
0.018334147532975086
0.016751343429408892
0.018265754763067906
0.016643869076697605
0.01847093307278945
0.016785539814362482
0.018295065950170983
0.016736687835857352
0.018597948216902783
0.01662921348314607
0.018480703468490473
0.016707376648754275
0.01867122618466048
0.01664875427454812
0.018431851489985343
0.016726917440156325
0.018348803126526626
0.016658524670249145
0.018456277479237906
0.016751343429408892
0.01832437713727406
0.016770884220810942
0.018280410356619443
0.016853932584269662
0.018510014655593553
0.01676599902296043
0.018466047874938937
0.016751343429408892
0.0184904738641915
0.016853932584269662
0.018339032730825596
0.01681485100146556
0.018285295554469956
0.016775769418661456
0.01819247679531021
0.016702491450903762
0.018295065950170983
0.016692721055202735
0.018578407425500734
0.016687835857352222
0.018255984367366876
0.016482657547630678
0.018412310698583293
0.016692721055202735
0.018299951148021493
0.016819736199316072
0.018285295554469956
0.016790425012212996
0.018461162677088423
0.01666340986809966
0.01838788470933073
0.01662921348314607
0.01835857352222765
0.016658524670249145
0.018353688324377136
0.01680019540791402
0.018510014655593553
0.016497313141182218
0.018339032730825596
0.016638983878847092
0.018334147532975086
0.016756228627259406
0.01829018075232047
0.016658524670249145
0.018446507083536883
0.01671226184660479
0.01844162188568637
0.016785539814362482
0.018412310698583293
0.01653150952613581
0.018456277479237906
0.016726917440156325
0.018431851489985343
0.016604787493893502
0.018314606741573033
0.016844162188568636
0.018495359062042013
0.016736687835857352
0.018431851489985343
0.016673180263800685
0.01842208109428432
0.01659501709819248
0.018251099169516366
0.016604787493893502
0.01853932584269663
0.01679531021006351
0.018436736687835856
0.016756228627259406
0.01847093307278945
0.016551050317537862
0.018343917928676113
0.01658036150464094
0.018382999511480216
0.01680019540791402
0.018348803126526626
0.016702491450903762
0.018309721543722523
0.016702491450903762
0.018299951148021493
0.01659501709819248
0.018231558378114313
0.016809965803615046
0.018363458720078163
0.016678065461651195
0.01842208109428432
0.016805080605764532
0.01847093307278945
0.016638983878847092
0.01838788470933073
0.016761113825109916
0.018246213971665853
0.016658524670249145
0.018436736687835856
0.01676599902296043
0.01840742550073278
0.016717147044455302
0.01835857352222765
0.016702491450903762
0.018461162677088423
0.01671226184660479
0.01839276990718124
0.016707376648754275
0.018343917928676113
0.016638983878847092
0.018363458720078163
0.01666340986809966
0.018353688324377136
0.016668295065950172
0.018202247191011236
0.016853932584269662
0.018402540302882266
0.016775769418661456
0.018319491939423546
0.016687835857352222
0.01847093307278945
0.01684904738641915
0.01844162188568637
0.016751343429408892
0.018285295554469956
0.016741573033707866
0.018221787982413286
0.016736687835857352
0.018466047874938937
0.016741573033707866
0.01850512945774304
0.016736687835857352
0.018153395212506106
0.016707376648754275
0.018363458720078163
0.016770884220810942
0.018368343917928676
0.016888128969223253
0.018368343917928676
0.016678065461651195
0.018412310698583293
0.016722032242305812
0.018534440644846117
0.0168295065950171
0.01855886663409868
0.016619443087445042
0.0184904738641915
0.016687835857352222
0.01844162188568637
0.016590131900341965
0.018402540302882266
0.016790425012212996
0.018329262335124573
0.016624328285295555
0.01847581827063996
0.016785539814362482
0.01842208109428432
0.016741573033707866
0.018343917928676113
0.016839276990718122
0.018456277479237906
0.01664875427454812
0.018426966292134833
0.01673180263800684
0.01852467024914509
0.016770884220810942
0.018426966292134833
0.016624328285295555
0.018417195896433803
0.016619443087445042
0.018436736687835856
0.016619443087445042
0.018343917928676113
0.01659990229604299
0.01827552515876893
0.016751343429408892
0.01827063996091842
0.016702491450903762
0.018221787982413286
0.016707376648754275
0.01844162188568637
0.016692721055202735
0.018510014655593553
0.016790425012212996
0.01827063996091842
0.01671226184660479
0.01837322911577919
0.016707376648754275
0.01847581827063996
0.016770884220810942
0.01855886663409868
0.016634098680996582
0.018265754763067906
0.016756228627259406
0.018446507083536883
0.016834391792867612
0.01830483634587201
0.016673180263800685
0.018295065950170983
0.016722032242305812
0.018431851489985343
0.016653639472398632
0.018544211040547143
0.016668295065950172
0.018549096238397657
0.016756228627259406
0.01838788470933073
0.016643869076697605
0.018412310698583293
0.016678065461651195
0.018202247191011236
0.016741573033707866
0.018436736687835856
0.016702491450903762
0.0183781143136297
0.016619443087445042
0.01829018075232047
0.01678065461651197
0.018451392281387397
0.016658524670249145
0.018339032730825596
0.016638983878847092
0.018510014655593553
0.016638983878847092
0.0183781143136297
0.0168295065950171
0.01839276990718124
0.016809965803615046
0.018319491939423546
0.016678065461651195
0.018456277479237906
0.016756228627259406
0.018529555446995603
0.016673180263800685
0.01847581827063996
0.016702491450903762
0.01842208109428432
0.016824621397166586
0.018612603810454324
0.016736687835857352
0.018568637029799707
0.016643869076697605
0.01827552515876893
0.016492427943331705
0.018446507083536883
0.0165657059110894
0.018412310698583293
0.01678065461651197
0.018334147532975086
0.016668295065950172
0.018417195896433803
0.016634098680996582
0.018446507083536883
0.01661455788959453
0.018480703468490473
0.016692721055202735
0.018226673180263803
0.016834391792867612
0.018446507083536883
0.016502198339032728
0.018431851489985343
0.016770884220810942
0.018314606741573033
0.01659501709819248
0.018495359062042013
0.016643869076697605
0.018382999511480216
0.01671226184660479
0.018295065950170983
0.016707376648754275
0.01839276990718124
0.016668295065950172
0.018510014655593553
0.01673180263800684
0.018382999511480216
0.01659990229604299
0.01829018075232047
0.016756228627259406
0.01820713238886175
0.016643869076697605
0.018451392281387397
0.016805080605764532
0.018397655105031753
0.01662921348314607
0.018510014655593553
0.016819736199316072
0.018348803126526626
0.01671226184660479
0.018519785051294577
0.016673180263800685
0.01838788470933073
0.01671226184660479
0.018368343917928676
0.01661455788959453
0.018417195896433803
0.016785539814362482
0.018246213971665853
0.016643869076697605
0.018221787982413286
0.016619443087445042
0.018495359062042013
0.016785539814362482
0.018549096238397657
0.01666340986809966
0.018314606741573033
0.01641914997557401
0.018280410356619443
0.016756228627259406
0.01842208109428432
0.016809965803615046
0.018221787982413286
0.01671226184660479
0.018309721543722523
0.01681485100146556
0.018329262335124573
0.01671226184660479
0.018314606741573033
0.01674645823155838
0.01850512945774304
0.01674645823155838
0.018480703468490473
0.016741573033707866
0.018353688324377136
0.016526624328285295
0.018348803126526626
0.01662921348314607
0.018368343917928676
0.01679531021006351
0.018329262335124573
0.016878358573522226
0.018485588666340987
0.016809965803615046
0.018309721543722523
0.016785539814362482
0.018334147532975086
0.016853932584269662
0.018343917928676113
0.016888128969223253
0.018246213971665853
0.016722032242305812
0.018402540302882266
0.01673180263800684
0.018309721543722523
0.016619443087445042
0.01832437713727406
0.016702491450903762
0.018431851489985343
0.016770884220810942
0.0183781143136297
0.01666340986809966
0.018534440644846117
0.0168295065950171
0.018549096238397657
0.01666340986809966
0.01847093307278945
0.01659990229604299
0.018285295554469956
0.016692721055202735
0.018285295554469956
0.01668295065950171
0.01838788470933073
0.01676599902296043
0.018319491939423546
0.016707376648754275
0.018299951148021493
0.01668295065950171
0.01824132877381534
0.01668295065950171
0.018348803126526626
0.016756228627259406
0.018348803126526626
0.01664875427454812
0.018549096238397657
0.016658524670249145
0.018299951148021493
0.01679531021006351
0.018339032730825596
0.016717147044455302
0.018749389350268687
0.016790425012212996
0.01842208109428432
0.016902784562774793
0.01838788470933073
0.016707376648754275
0.01832437713727406
0.01666340986809966
0.018246213971665853
0.016775769418661456
0.018446507083536883
0.016624328285295555
0.018255984367366876
0.016961406936980946
0.01817782120175867
0.016770884220810942
0.018348803126526626
0.016619443087445042
0.018231558378114313
0.016638983878847092
0.01824132877381534
0.016741573033707866
0.018314606741573033
0.016873473375671716
0.01837322911577919
0.01662921348314607
0.018431851489985343
0.01680019540791402
0.01840742550073278
0.016678065461651195
0.018461162677088423
0.016668295065950172
0.018451392281387397
0.01662921348314607
0.01838788470933073
0.016658524670249145
0.018417195896433803
0.016741573033707866
0.018426966292134833
0.016790425012212996
0.018236443575964826
0.01668295065950171
0.018549096238397657
0.016590131900341965
0.018343917928676113
0.016756228627259406
0.018417195896433803
0.01658036150464094
0.018431851489985343
0.01669760625305325
0.018510014655593553
0.01679531021006351
0.018466047874938937
0.01686370297997069
0.018319491939423546
0.016609672691744015
0.018339032730825596
0.016609672691744015
0.018583292623351247
0.016722032242305812
0.018353688324377136
0.016502198339032728
0.018510014655593553
0.01674645823155838
0.01835857352222765
0.01666340986809966
0.01832437713727406
0.01661455788959453
0.01840742550073278
0.016717147044455302
0.018412310698583293
0.016638983878847092
0.018348803126526626
0.016658524670249145
0.018402540302882266
0.01664875427454812
0.018534440644846117
0.01651685393258427
0.01850512945774304
0.016775769418661456
0.018495359062042013
0.016585246702491452
0.018363458720078163
0.01681485100146556
0.018182706399609182
0.01659501709819248
0.018461162677088423
0.016770884220810942
0.01824132877381534
0.01659990229604299
0.018329262335124573
0.01664875427454812
0.018510014655593553
0.016751343429408892
0.01835857352222765
0.016722032242305812
0.01839276990718124
0.016668295065950172
0.018226673180263803
0.016668295065950172
0.018343917928676113
0.016722032242305812
0.018353688324377136
0.016692721055202735
0.01832437713727406
0.016634098680996582
0.018299951148021493
0.016707376648754275
0.018334147532975086
0.016604787493893502
0.01847093307278945
0.01673180263800684
0.018544211040547143
0.016858817782120176
0.018363458720078163
0.016590131900341965
0.018343917928676113
0.016638983878847092
0.01847093307278945
0.016839276990718122
0.018417195896433803
0.01661455788959453
0.018451392281387397
0.016736687835857352
0.01839276990718124
0.01666340986809966
0.018485588666340987
0.0168295065950171
0.018368343917928676
0.016761113825109916
0.01844162188568637
0.016736687835857352
0.018417195896433803
0.016790425012212996
0.018368343917928676
0.016717147044455302
0.01837322911577919
0.016736687835857352
0.018280410356619443
0.016643869076697605
0.018426966292134833
0.016717147044455302
0.018348803126526626
0.016775769418661456
0.018280410356619443
0.016844162188568636
0.01826086956521739
0.016785539814362482
0.018226673180263803
0.016658524670249145
0.018319491939423546
0.016736687835857352
0.018221787982413286
0.01662921348314607
0.018251099169516366
0.016507083536883245
0.018231558378114313
0.016761113825109916
0.018255984367366876
0.01666340986809966
0.018334147532975086
0.01662921348314607
0.018397655105031753
0.01666340986809966
0.018255984367366876
0.016638983878847092
0.018285295554469956
0.01666340986809966
0.018314606741573033
0.01662921348314607
0.01847581827063996
0.01673180263800684
0.018397655105031753
0.016922325354176843
0.018363458720078163
0.016653639472398632
0.01824132877381534
0.016770884220810942
0.018251099169516366
0.016643869076697605
0.01842208109428432
0.016775769418661456
0.0183781143136297
0.01678065461651197
0.018544211040547143
0.016643869076697605
0.0183781143136297
0.016756228627259406
0.018251099169516366
0.01669760625305325
0.018168050806057646
0.016590131900341965
0.018368343917928676
0.016922325354176843
0.018353688324377136
0.016687835857352222
0.01838788470933073
0.01669760625305325
0.018182706399609182
0.016619443087445042
0.01827552515876893
0.01678065461651197
0.018343917928676113
0.016609672691744015
0.01827552515876893
0.016653639472398632
0.018295065950170983
0.016687835857352222
0.01840742550073278
0.016785539814362482
0.01855886663409868
0.01653639472398632
0.01829018075232047
0.016741573033707866
0.01847093307278945
0.01671226184660479
0.018339032730825596
0.016790425012212996
0.018319491939423546
0.016741573033707866
0.018353688324377136
0.0165657059110894
0.018514899853444063
0.01679531021006351
0.018534440644846117
0.01662921348314607
0.018368343917928676
0.016673180263800685
0.018168050806057646
0.016624328285295555
0.01830483634587201
0.016692721055202735
0.018617489008304837
0.016702491450903762
0.018514899853444063
0.01669760625305325
0.018368343917928676
0.016678065461651195
0.018285295554469956
0.01659990229604299
0.018353688324377136
0.016575476306790425
0.018343917928676113
0.016678065461651195
0.018309721543722523
0.01654616511968735
0.018451392281387397
0.016722032242305812
0.01827063996091842
0.01659501709819248
0.01852467024914509
0.016570591108939912
0.018480703468490473
0.016819736199316072
0.018329262335124573
0.016717147044455302
0.018568637029799707
0.016634098680996582
0.018402540302882266
0.016785539814362482
0.018412310698583293
0.016761113825109916
0.01847581827063996
0.016624328285295555
0.01827063996091842
0.0165657059110894
0.018148510014655596
0.01668295065950171
0.018329262335124573
0.016702491450903762
0.018514899853444063
0.016736687835857352
0.018685881778212017
0.016805080605764532
0.018466047874938937
0.016751343429408892
0.01853932584269663
0.01666340986809966
0.018314606741573033
0.016751343429408892
0.018446507083536883
0.016668295065950172
0.018265754763067906
0.016902784562774793
0.01829018075232047
0.016590131900341965
0.018382999511480216
0.016853932584269662
0.018339032730825596
0.016590131900341965
0.01827552515876893
0.016526624328285295
0.01830483634587201
0.016678065461651195
0.01847093307278945
0.01666340986809966
0.018295065950170983
0.016634098680996582
0.018412310698583293
0.01651685393258427
0.018334147532975086
0.0168295065950171
0.018329262335124573
0.016692721055202735
0.01832437713727406
0.016785539814362482
0.018397655105031753
0.016604787493893502
0.018299951148021493
0.01669760625305325
0.018431851489985343
0.016678065461651195
0.01847581827063996
0.016668295065950172
0.01838788470933073
0.016482657547630678
0.01842208109428432
0.0168295065950171
0.018461162677088423
0.016643869076697605
0.018549096238397657
0.016477772349780165
0.01850512945774304
0.016653639472398632
0.018343917928676113
0.016687835857352222
0.018549096238397657
0.01661455788959453
0.018426966292134833
0.016726917440156325
0.018436736687835856
0.016609672691744015
0.018451392281387397
0.016726917440156325
0.018329262335124573
0.01659990229604299
0.018314606741573033
0.016805080605764532
0.01844162188568637
0.016819736199316072
0.01837322911577919
0.016643869076697605
0.018343917928676113
0.016873473375671716
0.01858817782120176
0.01666340986809966
0.018426966292134833
0.016673180263800685
0.018343917928676113
0.016770884220810942
0.018529555446995603
0.016502198339032728
0.01857352222765022
0.016687835857352222
0.01850512945774304
0.01661455788959453
0.01830483634587201
0.016555935515388375
0.01842208109428432
0.016770884220810942
0.018265754763067906
0.016477772349780165
0.01838788470933073
0.016702491450903762
0.018382999511480216
0.01666340986809966
0.018451392281387397
0.016634098680996582
0.018510014655593553
0.01662921348314607
0.018343917928676113
0.01658036150464094
0.018461162677088423
0.016756228627259406
0.018412310698583293
0.016634098680996582
0.018436736687835856
0.01653150952613581
0.018334147532975086
0.01659501709819248
0.018426966292134833
0.01671226184660479
0.018568637029799707
0.01684904738641915
0.018231558378114313
0.016643869076697605
0.01838788470933073
0.016678065461651195
0.01842208109428432
0.016638983878847092
0.018348803126526626
0.016590131900341965
0.018480703468490473
0.01681485100146556
0.01842208109428432
0.016678065461651195
0.018382999511480216
0.01666340986809966
0.01830483634587201
0.016609672691744015
0.018363458720078163
0.01661455788959453
0.018299951148021493
0.016551050317537862
0.018314606741573033
0.01659990229604299
0.01847581827063996
0.016687835857352222
0.018236443575964826
0.01676599902296043
0.01829018075232047
0.016702491450903762
0.01824132877381534
0.016785539814362482
0.018500244259892527
0.01668295065950171
0.018329262335124573
0.01669760625305325
0.01827552515876893
0.016722032242305812
0.0183781143136297
0.016609672691744015
0.018348803126526626
0.01691255495847582
0.0183781143136297
0.01678065461651197
0.01826086956521739
0.016619443087445042
0.01827063996091842
0.01666340986809966
0.018343917928676113
0.01673180263800684
0.018319491939423546
0.016726917440156325
0.018426966292134833
0.016736687835857352
0.018368343917928676
0.016819736199316072
0.018451392281387397
0.016585246702491452
0.018402540302882266
0.01651685393258427
0.018495359062042013
0.016604787493893502
0.018339032730825596
0.016673180263800685
0.01839276990718124
0.01664875427454812
0.018353688324377136
0.01678065461651197
0.01838788470933073
0.016775769418661456
0.018500244259892527
0.01679531021006351
0.018314606741573033
0.016638983878847092
0.018299951148021493
0.016638983878847092
0.018412310698583293
0.016678065461651195
0.018197361993160723
0.01654616511968735
0.018466047874938937
0.016717147044455302
0.018265754763067906
0.016790425012212996
0.018299951148021493
0.016761113825109916
0.018319491939423546
0.01666340986809966
0.018485588666340987
0.01673180263800684
0.018382999511480216
0.016819736199316072
0.01835857352222765
0.016687835857352222
0.018319491939423546
0.016668295065950172
0.0184904738641915
0.016638983878847092
0.01832437713727406
0.01673180263800684
0.01829018075232047
0.016726917440156325
0.01820713238886175
0.016707376648754275
0.018216902784562772
0.01661455788959453
0.018309721543722523
0.016736687835857352
0.018446507083536883
0.01669760625305325
0.01837322911577919
0.016692721055202735
0.01820713238886175
0.016604787493893502
0.018417195896433803
0.016653639472398632
0.018094772838299952
0.0165657059110894
0.018280410356619443
0.016707376648754275
0.018534440644846117
0.01674645823155838
0.018431851489985343
0.016585246702491452
0.018216902784562772
0.016717147044455302
0.01807034684904739
0.01678065461651197
0.01835857352222765
0.016775769418661456
0.018363458720078163
0.01666340986809966
0.018431851489985343
0.01676599902296043
0.018382999511480216
0.01654616511968735
0.018246213971665853
0.016785539814362482
0.018212017586712263
0.016604787493893502
0.018426966292134833
0.01674645823155838
0.01837322911577919
0.0165657059110894
0.018299951148021493
0.01658036150464094
0.018353688324377136
0.016687835857352222
0.018417195896433803
0.01661455788959453
0.018412310698583293
0.016790425012212996
0.018426966292134833
0.016726917440156325
0.01853932584269663
0.01681485100146556
0.01824132877381534
0.01662921348314607
0.018436736687835856
0.01680019540791402
0.018216902784562772
0.01674645823155838
0.018236443575964826
0.01662921348314607
0.018299951148021493
0.016756228627259406
0.018251099169516366
0.01659501709819248
0.018456277479237906
0.01680019540791402
0.01850512945774304
0.01659990229604299
0.018236443575964826
0.016643869076697605
0.018236443575964826
0.016775769418661456
0.018251099169516366
0.016643869076697605
0.018109428431851492
0.016541279921836835
0.018251099169516366
0.016678065461651195
0.018295065950170983
0.016736687835857352
0.01837322911577919
0.016638983878847092
0.018436736687835856
0.016707376648754275
0.01852467024914509
0.016717147044455302
0.01838788470933073
0.016761113825109916
0.018568637029799707
0.016643869076697605
0.01838788470933073
0.01674645823155838
0.018534440644846117
0.01676599902296043
0.01838788470933073
0.016541279921836835
0.018343917928676113
0.016873473375671716
0.018314606741573033
0.01678065461651197
0.018353688324377136
0.016834391792867612
0.018363458720078163
0.016668295065950172
0.018251099169516366
0.016668295065950172
0.018368343917928676
0.01659990229604299
0.018343917928676113
0.016717147044455302
0.01832437713727406
0.016736687835857352
0.018353688324377136
0.016756228627259406
0.018314606741573033
0.016858817782120176
0.01839276990718124
0.01674645823155838
0.018368343917928676
0.01684904738641915
0.01842208109428432
0.016638983878847092
0.018216902784562772
0.01669760625305325
0.01838788470933073
0.01671226184660479
0.01847093307278945
0.01664875427454812
0.01847093307278945
0.016722032242305812
0.018353688324377136
0.01662921348314607
0.018285295554469956
0.01661455788959453
0.01839276990718124
0.01664875427454812
0.018431851489985343
0.016726917440156325
0.01847093307278945
0.016741573033707866
0.018495359062042013
0.016756228627259406
0.018412310698583293
0.01659501709819248
0.018402540302882266
0.016775769418661456
0.01853932584269663
0.0168295065950171
0.01827552515876893
0.01674645823155838
0.018431851489985343
0.016668295065950172
0.018466047874938937
0.016673180263800685
0.018329262335124573
0.016604787493893502
0.018510014655593553
0.016726917440156325
0.018412310698583293
0.016638983878847092
0.01820713238886175
0.016726917440156325
0.018368343917928676
0.016717147044455302
0.018368343917928676
0.016590131900341965
0.01844162188568637
0.016702491450903762
0.018382999511480216
0.016668295065950172
0.01820713238886175
0.016653639472398632
0.018231558378114313
0.01668295065950171
0.018285295554469956
0.01658036150464094
0.018285295554469956
0.01669760625305325
0.01839276990718124
0.016638983878847092
0.018285295554469956
0.016555935515388375
0.018251099169516366
0.016643869076697605
0.018231558378114313
0.016507083536883245
0.018314606741573033
0.01666340986809966
0.0181875915974597
0.01671226184660479
0.01830483634587201
0.016790425012212996
0.018280410356619443
0.01662921348314607
0.01847093307278945
0.01659501709819248
0.018280410356619443
0.016551050317537862
0.01832437713727406
0.016726917440156325
0.018343917928676113
0.01673180263800684
0.01830483634587201
0.016609672691744015
0.018309721543722523
0.01659501709819248
0.018295065950170983
0.01659501709819248
0.01838788470933073
0.016741573033707866
0.018295065950170983
0.01654616511968735
0.01839276990718124
0.016770884220810942
0.0183781143136297
0.01661455788959453
0.01829018075232047
0.016624328285295555
0.018255984367366876
0.01659501709819248
0.018246213971665853
0.01680019540791402
0.018065461651196872
0.01668295065950171
0.018529555446995603
0.016809965803615046
0.018343917928676113
0.016761113825109916
0.018319491939423546
0.01673180263800684
0.018446507083536883
0.016687835857352222
0.018397655105031753
0.01664875427454812
0.01847093307278945
0.01659501709819248
0.018309721543722523
0.016555935515388375
0.018368343917928676
0.016785539814362482
0.01835857352222765
0.016658524670249145
0.01835857352222765
0.01668295065950171
0.018309721543722523
0.016658524670249145
0.018348803126526626
0.01668295065950171
0.01827063996091842
0.01686370297997069
0.018368343917928676
0.016609672691744015
0.01827063996091842
0.01666340986809966
0.01815828041035662
0.016624328285295555
0.018319491939423546
0.016834391792867612
0.01847093307278945
0.01662921348314607
0.018397655105031753
0.016809965803615046
0.018382999511480216
0.016741573033707866
0.018299951148021493
0.01668295065950171
0.01839276990718124
0.01652173913043478
0.018265754763067906
0.016785539814362482
0.018353688324377136
0.016678065461651195
0.01842208109428432
0.01662921348314607
0.018412310698583293
0.016736687835857352
0.018397655105031753
0.016809965803615046
0.018314606741573033
0.01664875427454812
0.018397655105031753
0.016643869076697605
0.018299951148021493
0.016756228627259406
0.018339032730825596
0.01661455788959453
0.018397655105031753
0.01676599902296043
0.01853932584269663
0.016590131900341965
0.018402540302882266
0.016541279921836835
0.01835857352222765
0.016770884220810942
0.01835857352222765
0.016624328285295555
0.018343917928676113
0.016638983878847092
0.01824132877381534
0.0165657059110894
0.018148510014655596
0.01671226184660479
0.01832437713727406
0.016624328285295555
0.018534440644846117
0.01673180263800684
0.01847581827063996
0.016560820713238885
0.018246213971665853
0.016702491450903762
0.01827063996091842
0.016634098680996582
0.018309721543722523
0.01680019540791402
0.018436736687835856
0.016658524670249145
0.018153395212506106
0.016770884220810942
0.018197361993160723
0.016702491450903762
0.018461162677088423
0.01666340986809966
0.018119198827552516
0.016751343429408892
0.01847581827063996
0.01668295065950171
0.01827063996091842
0.016638983878847092
0.018280410356619443
0.016673180263800685
0.018402540302882266
0.016619443087445042
0.018451392281387397
0.01659990229604299
0.018309721543722523
0.01661455788959453
0.018431851489985343
0.01668295065950171
0.018343917928676113
0.01658036150464094
0.01820713238886175
0.016726917440156325
0.01826086956521739
0.016673180263800685
0.018480703468490473
0.016643869076697605
0.01827552515876893
0.01671226184660479
0.018363458720078163
0.01668295065950171
0.01839276990718124
0.01652173913043478
0.018417195896433803
0.016761113825109916
0.018514899853444063
0.016673180263800685
0.018480703468490473
0.016805080605764532
0.018353688324377136
0.016722032242305812
0.01850512945774304
0.016609672691744015
0.018417195896433803
0.01673180263800684
0.018329262335124573
0.016702491450903762
0.018514899853444063
0.016839276990718122
0.01832437713727406
0.01666340986809966
0.018153395212506106
0.016692721055202735
0.018202247191011236
0.016726917440156325
0.01835857352222765
0.01668295065950171
0.018466047874938937
0.01669760625305325
0.01832437713727406
0.016809965803615046
0.01844162188568637
0.016687835857352222
0.01829018075232047
0.016638983878847092
0.018236443575964826
0.016707376648754275
0.018353688324377136
0.016702491450903762
0.01844162188568637
0.016741573033707866
0.018348803126526626
0.01664875427454812
0.018255984367366876
0.016707376648754275
0.018295065950170983
0.01662921348314607
0.0184904738641915
0.01669760625305325
0.018251099169516366
0.01659501709819248
0.018514899853444063
0.016692721055202735
0.018426966292134833
0.016678065461651195
0.018446507083536883
0.016643869076697605
0.018309721543722523
0.016668295065950172
0.018597948216902783
0.01669760625305325
0.01829018075232047
0.01651685393258427
0.018231558378114313
0.01673180263800684
0.01852467024914509
0.016634098680996582
0.01824132877381534
0.016560820713238885
0.0184904738641915
0.016609672691744015
0.018431851489985343
0.016609672691744015
0.0183781143136297
0.016624328285295555
0.01838788470933073
0.01662921348314607
0.018255984367366876
0.016722032242305812
0.018339032730825596
0.01661455788959453
0.018519785051294577
0.016726917440156325
0.01827063996091842
0.016634098680996582
0.018632144601856374
0.016634098680996582
0.018426966292134833
0.01674645823155838
0.01835857352222765
0.016936980947728383
0.018500244259892527
0.016555935515388375
0.018299951148021493
0.016770884220810942
0.018402540302882266
0.016707376648754275
0.018456277479237906
0.016673180263800685
0.018563751831949193
0.01653150952613581
0.018514899853444063
0.016824621397166586
0.018309721543722523
0.016751343429408892
0.018348803126526626
0.016717147044455302
0.018529555446995603
0.01676599902296043
0.018461162677088423
0.016619443087445042
0.018285295554469956
0.016638983878847092
0.018339032730825596
0.016634098680996582
0.018466047874938937
0.016702491450903762
0.01837322911577919
0.016604787493893502
0.018299951148021493
0.016824621397166586
0.01827063996091842
0.01664875427454812
0.018456277479237906
0.016634098680996582
0.018353688324377136
0.01668295065950171
0.01847093307278945
0.016687835857352222
0.018368343917928676
0.016741573033707866
0.018299951148021493
0.01653639472398632
0.0183781143136297
0.01673180263800684
0.018436736687835856
0.016604787493893502
0.01827552515876893
0.01653150952613581
0.01829018075232047
0.01666340986809966
0.018329262335124573
0.016570591108939912
0.01826086956521739
0.016590131900341965
0.018353688324377136
0.016555935515388375
0.018426966292134833
0.01661455788959453
0.018544211040547143
0.0165657059110894
0.018280410356619443
0.016717147044455302
0.018334147532975086
0.016736687835857352
0.018485588666340987
0.016585246702491452
0.018343917928676113
0.016638983878847092
0.01850512945774304
0.016575476306790425
0.01829018075232047
0.01671226184660479
0.018299951148021493
0.01664875427454812
0.01838788470933073
0.01678065461651197
0.01839276990718124
0.016756228627259406
0.018480703468490473
0.01659990229604299
0.0183781143136297
0.016722032242305812
0.01835857352222765
0.016844162188568636
0.01829018075232047
0.016736687835857352
0.018431851489985343
0.016775769418661456
0.018412310698583293
0.016673180263800685
0.018348803126526626
0.016643869076697605
0.01844162188568637
0.016678065461651195
0.018402540302882266
0.016687835857352222
0.01842208109428432
0.016722032242305812
0.01855886663409868
0.016702491450903762
0.018382999511480216
0.01674645823155838
0.018119198827552516
0.016590131900341965
0.01840742550073278
0.016717147044455302
0.018319491939423546
0.016604787493893502
0.018329262335124573
0.016609672691744015
0.018397655105031753
0.016722032242305812
0.018446507083536883
0.016702491450903762
0.018363458720078163
0.016736687835857352
0.018632144601856374
0.01673180263800684
0.01817293600390816
0.016526624328285295
0.018280410356619443
0.016678065461651195
0.018436736687835856
0.016653639472398632
0.018255984367366876
0.016722032242305812
0.01858817782120176
0.01659990229604299
0.018382999511480216
0.016692721055202735
0.01832437713727406
0.01669760625305325
0.018334147532975086
0.016736687835857352
0.018426966292134833
0.016551050317537862
0.018285295554469956
0.01664875427454812
0.018412310698583293
0.016575476306790425
0.01840742550073278
0.016790425012212996
0.01827063996091842
0.016619443087445042
0.018446507083536883
0.016707376648754275
0.018382999511480216
0.01662921348314607
0.018382999511480216
0.01668295065950171
0.01839276990718124
0.016761113825109916
0.018446507083536883
0.016819736199316072
0.01852467024914509
0.01668295065950171
0.018519785051294577
0.016687835857352222
0.018363458720078163
0.016873473375671716
0.018436736687835856
0.016634098680996582
0.01820713238886175
0.01666340986809966
0.018339032730825596
0.016717147044455302
0.01830483634587201
0.016624328285295555
0.018353688324377136
0.016570591108939912
0.01829018075232047
0.01661455788959453
0.018343917928676113
0.01659501709819248
0.01840742550073278
0.016726917440156325
0.01839276990718124
0.016643869076697605
0.01827552515876893
0.01646800195407914
0.018182706399609182
0.016668295065950172
0.018163165608207132
0.016653639472398632
0.018319491939423546
0.016541279921836835
0.018666340986809967
0.01668295065950171
0.01838788470933073
0.016678065461651195
0.01838788470933073
0.016604787493893502
0.018353688324377136
0.016707376648754275
0.01832437713727406
0.016726917440156325
0.01844162188568637
0.016717147044455302
0.018216902784562772
0.016643869076697605
0.01835857352222765
0.01668295065950171
0.018299951148021493
0.01689789936492428
0.01838788470933073
0.016785539814362482
0.018363458720078163
0.01681485100146556
0.018212017586712263
0.01653150952613581
0.01830483634587201
0.01659501709819248
0.018412310698583293
0.01673180263800684
0.018417195896433803
0.016638983878847092
0.01835857352222765
0.016751343429408892
0.018368343917928676
0.016687835857352222
0.018285295554469956
0.01659501709819248
0.0183781143136297
0.016805080605764532
0.018446507083536883
0.01662921348314607
0.018221787982413286
0.016609672691744015
0.018319491939423546
0.016643869076697605
0.018382999511480216
0.016761113825109916
0.018446507083536883
0.016785539814362482
0.0184904738641915
0.016658524670249145
0.018339032730825596
0.016673180263800685
0.01842208109428432
0.01658036150464094
0.018417195896433803
0.016624328285295555
0.018339032730825596
0.016668295065950172
0.018255984367366876
0.01680019540791402
0.018319491939423546
0.016756228627259406
0.01819247679531021
0.016717147044455302
0.018329262335124573
0.016658524670249145
0.01819247679531021
0.01668295065950171
0.01837322911577919
0.016692721055202735
0.018500244259892527
0.01673180263800684
0.018295065950170983
0.01681485100146556
0.018348803126526626
0.016634098680996582
0.018339032730825596
0.01668295065950171
0.018529555446995603
0.016658524670249145
0.01842208109428432
0.016673180263800685
0.018397655105031753
0.01661455788959453
0.018255984367366876
0.016609672691744015
0.0186419149975574
0.016756228627259406
0.018295065950170983
0.016775769418661456
0.018485588666340987
0.016643869076697605
0.01838788470933073
0.01661455788959453
0.018426966292134833
0.016624328285295555
0.01847093307278945
0.01664875427454812
0.018329262335124573
0.016668295065950172
0.01832437713727406
0.016756228627259406
0.018495359062042013
0.016624328285295555
0.01830483634587201
0.016687835857352222
0.01826086956521739
0.016673180263800685
0.01832437713727406
0.016726917440156325
0.01847581827063996
0.016692721055202735
0.018295065950170983
0.01659501709819248
0.018212017586712263
0.016741573033707866
0.01832437713727406
0.016741573033707866
0.018363458720078163
0.01684904738641915
0.01847093307278945
0.016692721055202735
0.018329262335124573
0.01662921348314607
0.018348803126526626
0.016726917440156325
0.01847093307278945
0.016726917440156325
0.018343917928676113
0.016775769418661456
0.01847093307278945
0.01674645823155838
0.01837322911577919
0.01651685393258427
0.018534440644846117
0.016717147044455302
0.0183781143136297
0.01666340986809966
0.018334147532975086
0.016551050317537862
0.018363458720078163
0.016805080605764532
0.018417195896433803
0.016844162188568636
0.018456277479237906
0.016653639472398632
0.01840742550073278
0.01658036150464094
0.018348803126526626
0.016619443087445042
0.01840742550073278
0.016726917440156325
0.018426966292134833
0.01684904738641915
0.018485588666340987
0.016658524670249145
0.01832437713727406
0.01666340986809966
0.018426966292134833
0.016555935515388375
0.0184904738641915
0.016761113825109916
0.018534440644846117
0.016638983878847092
0.01835857352222765
0.01658036150464094
0.018314606741573033
0.016678065461651195
0.01847581827063996
0.016643869076697605
0.01817782120175867
0.01674645823155838
0.018382999511480216
0.01668295065950171
0.018231558378114313
0.016736687835857352
0.018295065950170983
0.016761113825109916
0.01842208109428432
0.016619443087445042
0.018646800195407914
0.016658524670249145
0.01827552515876893
0.01673180263800684
0.018456277479237906
0.016634098680996582
0.01827552515876893
0.016634098680996582
0.018456277479237906
0.016702491450903762
0.01839276990718124
0.0168295065950171
0.018319491939423546
0.016770884220810942
0.018343917928676113
0.016785539814362482
0.01852467024914509
0.016643869076697605
0.018451392281387397
0.016585246702491452
0.01855886663409868
0.016751343429408892
0.01842208109428432
0.016668295065950172
0.01827552515876893
0.016761113825109916
0.018246213971665853
0.016717147044455302
0.018363458720078163
0.01669760625305325
0.018461162677088423
0.016790425012212996
0.018456277479237906
0.01673180263800684
0.018236443575964826
0.016873473375671716
0.018334147532975086
0.016619443087445042
0.018221787982413286
0.016638983878847092
0.018353688324377136
0.016834391792867612
0.018534440644846117
0.016653639472398632
0.018319491939423546
0.01664875427454812
0.018314606741573033
0.01676599902296043
0.01844162188568637
0.01666340986809966
0.018314606741573033
0.01678065461651197
0.018251099169516366
0.016761113825109916
0.018314606741573033
0.016624328285295555
0.018299951148021493
0.016624328285295555
0.018348803126526626
0.01674645823155838
0.018353688324377136
0.016736687835857352
0.01827063996091842
0.016658524670249145
0.018314606741573033
0.01676599902296043
0.018412310698583293
0.016624328285295555
0.018417195896433803
0.016638983878847092
0.018461162677088423
0.016668295065950172
0.018163165608207132
0.01679531021006351
0.0183781143136297
0.016687835857352222
0.018309721543722523
0.01661455788959453
0.018255984367366876
0.01671226184660479
0.018285295554469956
0.016551050317537862
0.018480703468490473
0.016775769418661456
0.018334147532975086
0.01668295065950171
0.01838788470933073
0.016575476306790425
0.018363458720078163
0.016751343429408892
0.018431851489985343
0.0168295065950171
0.0183781143136297
0.01676599902296043
0.018466047874938937
0.016668295065950172
0.018382999511480216
0.01676599902296043
0.018329262335124573
0.016751343429408892
0.01837322911577919
0.016761113825109916
0.01842208109428432
0.016590131900341965
0.01830483634587201
0.016653639472398632
0.018368343917928676
0.01661455788959453
0.0183781143136297
0.01666340986809966
0.018285295554469956
0.01678065461651197
0.018514899853444063
0.01653150952613581
0.018251099169516366
0.01669760625305325
0.01840742550073278
0.016653639472398632
0.018446507083536883
0.016707376648754275
0.018368343917928676
0.016775769418661456
0.018339032730825596
0.016717147044455302
0.01842208109428432
0.016443575964826575
0.01837322911577919
0.016726917440156325
0.0183781143136297
0.016609672691744015
0.018319491939423546
0.01671226184660479
0.01842208109428432
0.01651196873473376
0.018451392281387397
0.01662921348314607
0.018382999511480216
0.01673180263800684
0.01839276990718124
0.01661455788959453
0.018314606741573033
0.016736687835857352
0.018363458720078163
0.016707376648754275
0.01832437713727406
0.01676599902296043
0.018295065950170983
0.016502198339032728
0.018466047874938937
0.016643869076697605
0.01847093307278945
0.016736687835857352
0.018363458720078163
0.016585246702491452
0.01840742550073278
0.016722032242305812
0.01842208109428432
0.01651685393258427
0.018402540302882266
0.01661455788959453
0.018348803126526626
0.01669760625305325
0.01847093307278945
0.016590131900341965
0.01839276990718124
0.016609672691744015
0.018382999511480216
0.016619443087445042
0.01840742550073278
0.016585246702491452
0.018431851489985343
0.016668295065950172
0.018466047874938937
0.01674645823155838
0.018221787982413286
0.016653639472398632
0.018295065950170983
0.016687835857352222
0.018299951148021493
0.016673180263800685
0.01852467024914509
0.016751343429408892
0.018451392281387397
0.01659990229604299
0.018339032730825596
0.016678065461651195
0.018236443575964826
0.016756228627259406
0.018529555446995603
0.01662921348314607
0.018231558378114313
0.01668295065950171
0.018368343917928676
0.016575476306790425
0.018426966292134833
0.016555935515388375
0.01837322911577919
0.016624328285295555
0.018329262335124573
0.016590131900341965
0.01844162188568637
0.01661455788959453
0.018309721543722523
0.01659990229604299
0.018456277479237906
0.016458231558378115
0.01830483634587201
0.016609672691744015
0.018251099169516366
0.016570591108939912
0.01855886663409868
0.016717147044455302
0.01837322911577919
0.016687835857352222
0.018431851489985343
0.01673180263800684
0.018221787982413286
0.016604787493893502
0.01850512945774304
0.016722032242305812
0.018348803126526626
0.01664875427454812
0.018348803126526626
0.016707376648754275
0.01853932584269663
0.01668295065950171
0.018480703468490473
0.016678065461651195
0.01826086956521739
0.016643869076697605
0.018431851489985343
0.016824621397166586
0.01829018075232047
0.016653639472398632
0.018578407425500734
0.01674645823155838
0.018329262335124573
0.01662921348314607
0.018348803126526626
0.016634098680996582
0.0184904738641915
0.016726917440156325
0.018309721543722523
0.016624328285295555
0.018495359062042013
0.016624328285295555
0.018299951148021493
0.016741573033707866
0.018133854421104056
0.01646800195407914
0.018436736687835856
0.016687835857352222
0.018431851489985343
0.01659990229604299
0.018314606741573033
0.016619443087445042
0.018339032730825596
0.016707376648754275
0.018348803126526626
0.016653639472398632
0.01850512945774304
0.016819736199316072
0.018339032730825596
0.016658524670249145
0.01817782120175867
0.0165657059110894
0.01824132877381534
0.016678065461651195
0.018334147532975086
0.01653150952613581
0.018343917928676113
0.016560820713238885
0.018319491939423546
0.016609672691744015
0.018339032730825596
0.016722032242305812
0.018285295554469956
0.016507083536883245
0.018299951148021493
0.01666340986809966
0.0184904738641915
0.01668295065950171
0.018417195896433803
0.016604787493893502
0.018451392281387397
0.016751343429408892
0.018314606741573033
0.01658036150464094
0.01839276990718124
0.01658036150464094
0.01858817782120176
0.01658036150464094
0.01852467024914509
0.016722032242305812
0.018314606741573033
0.016668295065950172
0.018251099169516366
0.016717147044455302
0.018382999511480216
0.016585246702491452
0.018319491939423546
0.016624328285295555
0.018353688324377136
0.016741573033707866
0.01850512945774304
0.016673180263800685
0.018426966292134833
0.016673180263800685
0.018236443575964826
0.016604787493893502
0.018280410356619443
0.01651196873473376
0.018334147532975086
0.016673180263800685
0.018299951148021493
0.016668295065950172
0.018255984367366876
0.01651685393258427
0.01820713238886175
0.016687835857352222
0.018397655105031753
0.016707376648754275
0.018368343917928676
0.016668295065950172
0.018353688324377136
0.016692721055202735
0.018397655105031753
0.016761113825109916
0.018382999511480216
0.016638983878847092
0.018431851489985343
0.016590131900341965
0.018334147532975086
0.016638983878847092
0.018299951148021493
0.016790425012212996
0.018251099169516366
0.016555935515388375
0.0183781143136297
0.016658524670249145
0.018334147532975086
0.01662921348314607
0.018348803126526626
0.016638983878847092
0.018280410356619443
0.01659501709819248
0.018168050806057646
0.016702491450903762
0.01842208109428432
0.01653639472398632
0.01832437713727406
0.016394723986321448
0.018299951148021493
0.016541279921836835
0.018153395212506106
0.016668295065950172
0.018309721543722523
0.016643869076697605
0.018402540302882266
0.016638983878847092
0.018246213971665853
0.016638983878847092
0.018431851489985343
0.01671226184660479
0.018426966292134833
0.016590131900341965
0.018319491939423546
0.01661455788959453
0.018461162677088423
0.016560820713238885
0.018397655105031753
0.016726917440156325
0.018309721543722523
0.016844162188568636
0.01835857352222765
0.016707376648754275
0.018348803126526626
0.016653639472398632
0.01847093307278945
0.016624328285295555
0.01835857352222765
0.016673180263800685
0.018309721543722523
0.016893014167073766
0.018265754763067906
0.016526624328285295
0.0183781143136297
0.016590131900341965
0.018216902784562772
0.0164533463605276
0.0183781143136297
0.01674645823155838
0.018397655105031753
0.01659990229604299
0.018549096238397657
0.016707376648754275
0.018221787982413286
0.016673180263800685
0.018285295554469956
0.016643869076697605
0.018417195896433803
0.016770884220810942
0.018343917928676113
0.016668295065950172
0.01829018075232047
0.016541279921836835
0.018339032730825596
0.016653639472398632
0.018334147532975086
0.01666340986809966
0.018319491939423546
0.016585246702491452
0.018602833414753297
0.01674645823155838
0.0184904738641915
0.016541279921836835
0.018329262335124573
0.016736687835857352
0.018637029799706887
0.016770884220810942
0.0184904738641915
0.016687835857352222
0.01827552515876893
0.01671226184660479
0.01830483634587201
0.01658036150464094
0.01837322911577919
0.016653639472398632
0.018417195896433803
0.016590131900341965
0.01824132877381534
0.01653150952613581
0.018226673180263803
0.016653639472398632
0.018417195896433803
0.016678065461651195
0.018412310698583293
0.016687835857352222
0.01829018075232047
0.016668295065950172
0.018480703468490473
0.01669760625305325
0.018265754763067906
0.016643869076697605
0.018368343917928676
0.016590131900341965
0.018212017586712263
0.01666340986809966
0.018480703468490473
0.016609672691744015
0.018255984367366876
0.016555935515388375
0.018309721543722523
0.016658524670249145
0.01827063996091842
0.016492427943331705
0.01844162188568637
0.016751343429408892
0.018412310698583293
0.016678065461651195
0.018299951148021493
0.016785539814362482
0.01814362481680508
0.016722032242305812
0.018363458720078163
0.016575476306790425
0.01840742550073278
0.016858817782120176
0.018280410356619443
0.01654616511968735
0.018436736687835856
0.016751343429408892
0.018246213971665853
0.016717147044455302
0.018280410356619443
0.016658524670249145
0.018251099169516366
0.01666340986809966
0.018363458720078163
0.016619443087445042
0.018451392281387397
0.016668295065950172
0.018348803126526626
0.01668295065950171
0.018436736687835856
0.016570591108939912
0.01827063996091842
0.01662921348314607
0.018417195896433803
0.016560820713238885
0.018368343917928676
0.01666340986809966
0.01820713238886175
0.016463116756228625
0.01837322911577919
0.01668295065950171
0.018182706399609182
0.01654616511968735
0.018412310698583293
0.016634098680996582
0.018343917928676113
0.016619443087445042
0.018500244259892527
0.016551050317537862
0.018446507083536883
0.016624328285295555
0.01832437713727406
0.016585246702491452
0.018495359062042013
0.016590131900341965
0.018456277479237906
0.01659990229604299
0.018343917928676113
0.016692721055202735
0.018353688324377136
0.016736687835857352
0.018231558378114313
0.016609672691744015
0.018495359062042013
0.016658524670249145
0.018339032730825596
0.016678065461651195
0.018446507083536883
0.01666340986809966
0.01835857352222765
0.01689789936492428
0.01830483634587201
0.016590131900341965
0.018265754763067906
0.016624328285295555
0.0184904738641915
0.01684904738641915
0.01835857352222765
0.01653639472398632
0.018353688324377136
0.016668295065950172
0.018309721543722523
0.01668295065950171
0.018343917928676113
0.016756228627259406
0.01844162188568637
0.016702491450903762
0.018319491939423546
0.01662921348314607
0.018353688324377136
0.016551050317537862
0.018314606741573033
0.016673180263800685
0.018339032730825596
0.016702491450903762
0.01832437713727406
0.016638983878847092
0.018368343917928676
0.01669760625305325
0.01829018075232047
0.01664875427454812
0.018368343917928676
0.016619443087445042
0.018353688324377136
0.016761113825109916
0.018402540302882266
0.016722032242305812
0.018534440644846117
0.016805080605764532
0.01837322911577919
0.016590131900341965
0.018065461651196872
0.01664875427454812
0.01826086956521739
0.016507083536883245
0.01847093307278945
0.016658524670249145
0.018402540302882266
0.01651196873473376
0.018329262335124573
0.01662921348314607
0.018212017586712263
0.016658524670249145
0.018246213971665853
0.016638983878847092
0.0183781143136297
0.016722032242305812
0.018329262335124573
0.016692721055202735
0.018412310698583293
0.01666340986809966
0.018495359062042013
0.016707376648754275
0.018466047874938937
0.016507083536883245
0.018363458720078163
0.016590131900341965
0.018397655105031753
0.01680019540791402
0.018348803126526626
0.016658524670249145
0.018397655105031753
0.016707376648754275
0.018534440644846117
0.01652173913043478
0.018314606741573033
0.01678065461651197
0.018451392281387397
0.016658524670249145
0.0183781143136297
0.016658524670249145
0.01838788470933073
0.016707376648754275
0.01847093307278945
0.01658036150464094
0.01857352222765022
0.01662921348314607
0.018382999511480216
0.01653639472398632
0.018309721543722523
0.016619443087445042
0.018382999511480216
0.01662921348314607
0.018339032730825596
0.01669760625305325
0.018329262335124573
0.016717147044455302
0.01835857352222765
0.016687835857352222
0.01829018075232047
0.016497313141182218
0.01827063996091842
0.016702491450903762
0.018402540302882266
0.016722032242305812
0.01837322911577919
0.01653639472398632
0.01832437713727406
0.016756228627259406
0.018382999511480216
0.01659990229604299
0.01830483634587201
0.01662921348314607
0.018299951148021493
0.016634098680996582
0.018299951148021493
0.01664875427454812
0.018436736687835856
0.016702491450903762
0.018534440644846117
0.016643869076697605
0.01820713238886175
0.016604787493893502
0.018348803126526626
0.016497313141182218
0.018231558378114313
0.01666340986809966
0.018309721543722523
0.016551050317537862
0.01829018075232047
0.01654616511968735
0.018309721543722523
0.016526624328285295
0.018446507083536883
0.01664875427454812
0.01835857352222765
0.01676599902296043
0.01835857352222765
0.016585246702491452
0.018363458720078163
0.01651685393258427
0.01844162188568637
0.016638983878847092
0.01847581827063996
0.016756228627259406
0.018446507083536883
0.016736687835857352
0.01839276990718124
0.016609672691744015
0.018451392281387397
0.016751343429408892
0.018343917928676113
0.016756228627259406
0.018246213971665853
0.01653150952613581
0.018221787982413286
0.016692721055202735
0.01830483634587201
0.016575476306790425
0.018500244259892527
0.01669760625305325
0.018353688324377136
0.016668295065950172
0.018348803126526626
0.016585246702491452
0.018417195896433803
0.016638983878847092
0.018295065950170983
0.016634098680996582
0.018231558378114313
0.01653639472398632
0.018500244259892527
0.016668295065950172
0.01837322911577919
0.016702491450903762
0.018446507083536883
0.016707376648754275
0.01840742550073278
0.016634098680996582
0.01827552515876893
0.0168295065950171
0.018197361993160723
0.01664875427454812
0.018461162677088423
0.016790425012212996
0.01850512945774304
0.016624328285295555
0.01838788470933073
0.016575476306790425
0.018485588666340987
0.016692721055202735
0.018368343917928676
0.016570591108939912
0.01839276990718124
0.016819736199316072
0.018348803126526626
0.016555935515388375
0.018500244259892527
0.01666340986809966
0.018216902784562772
0.016634098680996582
0.018436736687835856
0.016653639472398632
0.01827552515876893
0.016726917440156325
0.01830483634587201
0.016585246702491452
0.01820713238886175
0.016551050317537862
0.018309721543722523
0.0165657059110894
0.018353688324377136
0.016658524670249145
0.01835857352222765
0.016590131900341965
0.018402540302882266
0.01658036150464094
0.01832437713727406
0.016619443087445042
0.018255984367366876
0.016653639472398632
0.018412310698583293
0.016687835857352222
0.018578407425500734
0.01651196873473376
0.018329262335124573
0.016819736199316072
0.018182706399609182
0.016707376648754275
0.018529555446995603
0.016555935515388375
0.018299951148021493
0.01651196873473376
0.01824132877381534
0.01653639472398632
0.018578407425500734
0.016775769418661456
0.018339032730825596
0.01661455788959453
0.018426966292134833
0.016678065461651195
0.018397655105031753
0.016687835857352222
0.01850512945774304
0.01668295065950171
0.018329262335124573
0.016619443087445042
0.018431851489985343
0.016717147044455302
0.018412310698583293
0.016609672691744015
0.018299951148021493
0.01674645823155838
0.018529555446995603
0.016751343429408892
0.018412310698583293
0.01651196873473376
0.018451392281387397
0.016751343429408892
0.018431851489985343
0.01661455788959453
0.018353688324377136
0.016585246702491452
0.018329262335124573
0.016678065461651195
0.01853932584269663
0.016624328285295555
0.018334147532975086
0.01659501709819248
0.01838788470933073
0.016770884220810942
0.018353688324377136
0.01666340986809966
0.018402540302882266
0.016673180263800685
0.018329262335124573
0.016692721055202735
0.018529555446995603
0.01671226184660479
0.018309721543722523
0.01666340986809966
0.01835857352222765
0.01673180263800684
0.01838788470933073
0.01658036150464094
0.018402540302882266
0.016668295065950172
0.01819247679531021
0.016590131900341965
0.018329262335124573
0.016673180263800685
0.018299951148021493
0.01693209574987787
0.0183781143136297
0.016805080605764532
0.01835857352222765
0.016560820713238885
0.018368343917928676
0.016555935515388375
0.018285295554469956
0.016668295065950172
0.01832437713727406
0.01669760625305325
0.01842208109428432
0.0164533463605276
0.018255984367366876
0.016707376648754275
0.01835857352222765
0.016624328285295555
0.018168050806057646
0.016668295065950172
0.018329262335124573
0.016707376648754275
0.018456277479237906
0.01659990229604299
0.018246213971665853
0.016692721055202735
0.01827063996091842
0.016609672691744015
0.018397655105031753
0.01659501709819248
0.018368343917928676
0.016751343429408892
0.01844162188568637
0.016624328285295555
0.0183781143136297
0.016658524670249145
0.018397655105031753
0.016751343429408892
0.018402540302882266
0.016643869076697605
0.018314606741573033
0.016702491450903762
0.018319491939423546
0.01658036150464094
0.01847093307278945
0.01676599902296043
0.018343917928676113
0.01686370297997069
0.018295065950170983
0.016678065461651195
0.018265754763067906
0.016643869076697605
0.0183781143136297
0.016687835857352222
0.018417195896433803
0.016634098680996582
0.018265754763067906
0.016736687835857352
0.01830483634587201
0.01666340986809966
0.018363458720078163
0.016653639472398632
0.018329262335124573
0.01669760625305325
0.018495359062042013
0.01679531021006351
0.018309721543722523
0.016619443087445042
0.018412310698583293
0.016756228627259406
0.01830483634587201
0.016756228627259406
0.018436736687835856
0.016692721055202735
0.018417195896433803
0.016643869076697605
0.018255984367366876
0.016658524670249145
0.018363458720078163
0.01666340986809966
0.01817293600390816
0.016844162188568636
0.01835857352222765
0.016653639472398632
0.018246213971665853
0.0165657059110894
0.018182706399609182
0.016692721055202735
0.018212017586712263
0.016585246702491452
0.018314606741573033
0.016741573033707866
0.018319491939423546
0.01661455788959453
0.018295065950170983
0.016819736199316072
0.018246213971665853
0.016609672691744015
0.018309721543722523
0.016692721055202735
0.018255984367366876
0.01678065461651197
0.018280410356619443
0.016722032242305812
0.018226673180263803
0.016678065461651195
0.018231558378114313
0.01658036150464094
0.01844162188568637
0.016604787493893502
0.018348803126526626
0.01653639472398632
0.018295065950170983
0.01669760625305325
0.01829018075232047
0.01668295065950171
0.01837322911577919
0.016624328285295555
0.018285295554469956
0.016609672691744015
0.018295065950170983
0.016634098680996582
0.018368343917928676
0.016761113825109916
0.018446507083536883
0.016658524670249145
0.018216902784562772
0.016604787493893502
0.018343917928676113
0.01659501709819248
0.018431851489985343
0.016761113825109916
0.018412310698583293
0.01652173913043478
0.018212017586712263
0.016707376648754275
0.018382999511480216
0.01671226184660479
0.018578407425500734
0.016790425012212996
0.0184904738641915
0.016717147044455302
0.018446507083536883
0.01678065461651197
0.018363458720078163
0.016853932584269662
0.018246213971665853
0.01664875427454812
0.018514899853444063
0.016653639472398632
0.01829018075232047
0.01651196873473376
0.01832437713727406
0.016638983878847092
0.01820713238886175
0.016624328285295555
0.018461162677088423
0.01659990229604299
0.018348803126526626
0.016555935515388375
0.018334147532975086
0.016653639472398632
0.018382999511480216
0.016790425012212996
0.018348803126526626
0.01678065461651197
0.01827063996091842
0.016653639472398632
0.018236443575964826
0.016585246702491452
0.018231558378114313
0.016707376648754275
0.018309721543722523
0.016492427943331705
0.01838788470933073
0.01661455788959453
0.01842208109428432
0.016551050317537862
0.018431851489985343
0.016722032242305812
0.018334147532975086
0.016678065461651195
0.018514899853444063
0.01653639472398632
0.01837322911577919
0.016692721055202735
0.018368343917928676
0.01673180263800684
0.018402540302882266
0.01668295065950171
0.01827063996091842
0.016819736199316072
0.01829018075232047
0.01674645823155838
0.018500244259892527
0.016809965803615046
0.01835857352222765
0.01669760625305325
0.018251099169516366
0.016658524670249145
0.018221787982413286
0.016741573033707866
0.018299951148021493
0.016668295065950172
0.018461162677088423
0.01666340986809966
0.01838788470933073
0.016551050317537862
0.01832437713727406
0.01666340986809966
0.018334147532975086
0.016756228627259406
0.01847093307278945
0.016736687835857352
0.018549096238397657
0.0168295065950171
0.018382999511480216
0.016624328285295555
0.018466047874938937
0.016756228627259406
0.018363458720078163
0.016702491450903762
0.018168050806057646
0.016560820713238885
0.018255984367366876
0.016785539814362482
0.01837322911577919
0.01669760625305325
0.018295065950170983
0.01659501709819248
0.01830483634587201
0.016702491450903762
0.018280410356619443
0.016560820713238885
0.018368343917928676
0.016643869076697605
0.018343917928676113
0.016624328285295555
0.018197361993160723
0.01659501709819248
0.018314606741573033
0.016619443087445042
0.018363458720078163
0.016590131900341965
0.01838788470933073
0.016590131900341965
0.01826086956521739
0.016604787493893502
0.01835857352222765
0.016717147044455302
0.01817782120175867
0.016624328285295555
0.018265754763067906
0.01662921348314607
0.018339032730825596
0.01654616511968735
0.018339032730825596
0.01676599902296043
0.01837322911577919
0.016702491450903762
0.018348803126526626
0.01664875427454812
0.01837322911577919
0.016736687835857352
0.018363458720078163
0.016702491450903762
0.0183781143136297
0.016687835857352222
0.018329262335124573
0.01658036150464094
0.018417195896433803
0.016692721055202735
0.018104543234000976
0.016643869076697605
0.018431851489985343
0.01674645823155838
0.018226673180263803
0.01668295065950171
0.018216902784562772
0.016609672691744015
0.018182706399609182
0.016575476306790425
0.018431851489985343
0.016687835857352222
0.01839276990718124
0.01669760625305325
0.018295065950170983
0.016551050317537862
0.01830483634587201
0.016619443087445042
0.018265754763067906
0.016722032242305812
0.018382999511480216
0.016678065461651195
0.018226673180263803
0.016653639472398632
0.01827552515876893
0.016673180263800685
0.018348803126526626
0.016658524670249145
0.01819247679531021
0.01673180263800684
0.018329262335124573
0.016541279921836835
0.018163165608207132
0.016585246702491452
0.018285295554469956
0.016722032242305812
0.01832437713727406
0.016609672691744015
0.01815828041035662
0.016658524670249145
0.0183781143136297
0.01654616511968735
0.01840742550073278
0.01668295065950171
0.018480703468490473
0.016609672691744015
0.018529555446995603
0.016653639472398632
0.01824132877381534
0.016590131900341965
0.018412310698583293
0.016653639472398632
0.01837322911577919
0.016687835857352222
0.018251099169516366
0.016702491450903762
0.018236443575964826
0.01671226184660479
0.018334147532975086
0.016687835857352222
0.018329262335124573
0.016463116756228625
0.01829018075232047
0.016761113825109916
0.018348803126526626
0.016590131900341965
0.0181875915974597
0.016585246702491452
0.018456277479237906
0.016604787493893502
0.018485588666340987
0.016619443087445042
0.018368343917928676
0.016751343429408892
0.018431851489985343
0.016428920371275038
0.018231558378114313
0.01659501709819248
0.01824132877381534
0.016726917440156325
0.018236443575964826
0.016839276990718122
0.018368343917928676
0.016687835857352222
0.01827063996091842
0.016575476306790425
0.018231558378114313
0.016751343429408892
0.018329262335124573
0.016726917440156325
0.018495359062042013
0.016726917440156325
0.01852467024914509
0.016624328285295555
0.01827063996091842
0.01662921348314607
0.018197361993160723
0.01664875427454812
0.01840742550073278
0.016853932584269662
0.01842208109428432
0.016673180263800685
0.018329262335124573
0.016653639472398632
0.018309721543722523
0.01659990229604299
0.018295065950170983
0.01680019540791402
0.01830483634587201
0.016658524670249145
0.01819247679531021
0.016604787493893502
0.018627259404005864
0.016722032242305812
0.018480703468490473
0.016702491450903762
0.018461162677088423
0.016668295065950172
0.01827552515876893
0.016643869076697605
0.01832437713727406
0.016741573033707866
0.01839276990718124
0.016726917440156325
0.018382999511480216
0.016824621397166586
0.01837322911577919
0.01661455788959453
0.01830483634587201
0.016722032242305812
0.018309721543722523
0.016643869076697605
0.01827552515876893
0.016634098680996582
0.01830483634587201
0.016590131900341965
0.01837322911577919
0.01668295065950171
0.018319491939423546
0.01658036150464094
0.01835857352222765
0.016692721055202735
0.018226673180263803
0.01668295065950171
0.018348803126526626
0.016570591108939912
0.018163165608207132
0.016678065461651195
0.018216902784562772
0.016585246702491452
0.01840742550073278
0.016687835857352222
0.018226673180263803
0.01662921348314607
0.01835857352222765
0.016585246702491452
0.018363458720078163
0.01673180263800684
0.018397655105031753
0.016638983878847092
0.018255984367366876
0.016570591108939912
0.01827063996091842
0.016643869076697605
0.018382999511480216
0.01664875427454812
0.018309721543722523
0.016673180263800685
0.018319491939423546
0.016673180263800685
0.018426966292134833
0.01668295065950171
0.01827063996091842
0.01664875427454812
0.018319491939423546
0.016722032242305812
0.018299951148021493
0.01653639472398632
0.018314606741573033
0.01676599902296043
0.018343917928676113
0.016560820713238885
0.01826086956521739
0.016653639472398632
0.018309721543722523
0.0168295065950171
0.018295065950170983
0.016819736199316072
0.018397655105031753
0.01664875427454812
0.018363458720078163
0.01666340986809966
0.018251099169516366
0.01676599902296043
0.018353688324377136
0.01669760625305325
0.018231558378114313
0.016673180263800685
0.018197361993160723
0.016790425012212996
0.018417195896433803
0.016692721055202735
0.018246213971665853
0.016619443087445042
0.01837322911577919
0.01659990229604299
0.018221787982413286
0.016658524670249145
0.018114313629702002
0.01651685393258427
0.01835857352222765
0.016619443087445042
0.018382999511480216
0.016756228627259406
0.018216902784562772
0.01662921348314607
0.018456277479237906
0.016624328285295555
0.01826086956521739
0.016668295065950172
0.01842208109428432
0.01662921348314607
0.018382999511480216
0.016692721055202735
0.018285295554469956
0.01668295065950171
0.01820713238886175
0.016585246702491452
0.018163165608207132
0.016741573033707866
0.018382999511480216
0.016756228627259406
0.018368343917928676
0.016736687835857352
0.018514899853444063
0.016692721055202735
0.018295065950170983
0.01658036150464094
0.018309721543722523
0.016678065461651195
0.018329262335124573
0.01659990229604299
0.018339032730825596
0.01669760625305325
0.01847581827063996
0.016692721055202735
0.018485588666340987
0.016609672691744015
0.01827063996091842
0.016668295065950172
0.018343917928676113
0.01653150952613581
0.01838788470933073
0.016751343429408892
0.018436736687835856
0.016624328285295555
0.018309721543722523
0.016463116756228625
0.018295065950170983
0.016868588177821203
0.018202247191011236
0.016560820713238885
0.018544211040547143
0.016722032242305812
0.018265754763067906
0.01673180263800684
0.018339032730825596
0.01681485100146556
0.018265754763067906
0.01676599902296043
0.01830483634587201
0.016555935515388375
0.018251099169516366
0.01661455788959453
0.018363458720078163
0.016653639472398632
0.018353688324377136
0.016687835857352222
0.018485588666340987
0.01658036150464094
0.018382999511480216
0.016609672691744015
0.018329262335124573
0.016785539814362482
0.018255984367366876
0.016668295065950172
0.018353688324377136
0.01662921348314607
0.018280410356619443
0.016741573033707866
0.018544211040547143
0.016741573033707866
0.01827063996091842
0.01674645823155838
0.01839276990718124
0.016658524670249145
0.01832437713727406
0.016551050317537862
0.018339032730825596
0.016634098680996582
0.018553981436248167
0.01658036150464094
0.01847093307278945
0.01671226184660479
0.018363458720078163
0.016702491450903762
0.01847093307278945
0.016858817782120176
0.01827552515876893
0.016809965803615046
0.018583292623351247
0.016756228627259406
0.01842208109428432
0.016736687835857352
0.018368343917928676
0.016722032242305812
0.018431851489985343
0.016668295065950172
0.01847093307278945
0.016736687835857352
0.01829018075232047
0.01662921348314607
0.018612603810454324
0.016585246702491452
0.018329262335124573
0.01668295065950171
0.018334147532975086
0.016638983878847092
0.0180752320468979
0.016673180263800685
0.018466047874938937
0.01664875427454812
0.018544211040547143
0.01681485100146556
0.01820713238886175
0.016658524670249145
0.01817782120175867
0.016707376648754275
0.018265754763067906
0.016634098680996582
0.0183781143136297
0.016619443087445042
0.018138739618954566
0.013146067415730338
0.004450415241817294
0.0007767464582315583
0.0013385442110405471
-0.00019052271617000488
0.0006595017098192477
-4.885197850512945e-06
0.0008500244259892526
-0.00019052271617000488
0.00071323888617489
-0.0002149487054225696
0.0006546165119687347
-0.00033707865168539324
0.0005764533463605276
-0.00022960429897410844
0.0006985832926233512
-0.00033707865168539324
0.0005764533463605276
-0.0002979970688812897
0.0005080605764533464
-0.0003663898387884709
0.0005617977528089887
-0.00037616023448949683
0.000449438202247191
-0.0003419638495359062
0.00037127503663898385
-0.0003663898387884709
0.0005471421592574499
-0.00040058622374206153
0.0005080605764533464
-0.00032730825598436733
0.0004298974108451392
-0.0004640937957987298
0.0004592085979482169
-0.00038104543234000976
0.00042012701514411335
-0.00039081582804103567
0.0005617977528089887
-0.00037127503663898385
0.0007669760625305325
-0.0002344894968246214
0.0006741573033707865
-0.0003419638495359062
0.00043478260869565214
-0.0003321934538348803
0.0004982901807523204
-0.00021006350757205668
0.0005129457743038593
-0.00033707865168539324
0.0005276013678553981
-0.0002540302882266732
0.00047874938935026865
-0.00026380068392769905
0.0005569125549584758
-0.00029311187103077673
0.0005276013678553981
-0.00021006350757205668
0.0005813385442110405
-0.0002784562774792379
0.0005080605764533464
-0.0003517342452369321
0.000542256961406937
-0.00041524181729360037
0.00040058622374206153
-0.00044455300439667805
0.00030776746458231557
-0.0004054714215925745
0.0005373717635564241
-0.0003224230581338544
0.0005471421592574499
-0.0003517342452369321
0.00047874938935026865
-0.00037127503663898385
0.000449438202247191
-0.0002540302882266732
0.0005862237420615535
-0.00030776746458231557
0.0007474352711284806
-0.0002149487054225696
0.00063019052271617
-0.0002784562774792379
0.00063019052271617
-0.00037616023448949683
0.0005715681485100147
-0.00029311187103077673
0.00037616023448949683
-0.00040058622374206153
0.00048363458720078164
-0.0004054714215925745
0.00038104543234000976
-0.0002784562774792379
0.0006399609184171959
-0.0002344894968246214
0.0006497313141182217
-0.00033707865168539324
0.00037616023448949683
-0.00014167073766487544
0.0005520273571079628
-0.0003175378602833415
0.0006595017098192477
-0.00020517830972154372
0.0005666829506595017
-0.00013678553981436248
0.0006790425012212994
-0.0003419638495359062
0.00063019052271617
-0.00038104543234000976
0.0005227161700048852
-0.0003517342452369321
0.0005569125549584758
-0.00026380068392769905
0.0005617977528089887
-0.0003957010258915486
0.0006204201270151441
-0.0001612115290669272
0.0007767464582315583
-0.000356619443087445
0.0006448461162677088
-0.00034684904738641916
0.0007816316560820713
-0.00014655593551538836
0.0005227161700048852
-0.0004689789936492428
0.0007181240840254031
-0.0002540302882266732
0.0005227161700048852
-0.0002979970688812897
0.0005764533463605276
-0.00033707865168539324
0.0005031753786028333
-0.00030288226673180264
0.0007816316560820713
-0.00011235955056179774
0.0006204201270151441
-0.00021983390327308256
0.000810942843185149
-0.0003175378602833415
0.0005764533463605276
-0.0002589154860771861
0.0008402540302882267
-0.00029311187103077673
0.0007474352711284806
-0.00030288226673180264
0.0006643869076697606
-0.0002491450903761602
0.00037616023448949683
-0.0002882266731802638
0.0006399609184171959
-0.0002882266731802638
0.0005520273571079628
-0.0001074743527112848
0.0007034684904738642
-0.00022960429897410844
0.0005813385442110405
-0.00021006350757205668
0.0006448461162677088
-0.00014655593551538836
0.000635075720566683
-0.0003321934538348803
0.0006497313141182217
-0.00018563751831949193
0.0008451392281387396
-0.00034684904738641916
0.0006595017098192477
-0.0002344894968246214
0.0005911089399120664
-0.0002784562774792379
0.0006692721055202736
-0.00023937469467513433
0.0006399609184171959
-0.00011235955056179774
0.0007474352711284806
-0.00026380068392769905
0.0005569125549584758
-0.0002540302882266732
0.0006741573033707865
-0.00011235955056179774
0.0006448461162677088
-0.00028334147532975087
0.0007718612603810454
-0.00014167073766487544
0.000625305324865657
-0.00026380068392769905
0.0006204201270151441
-0.00026868588177821203
0.0006155349291646311
-7.816316560820712e-05
0.0006106497313141182
-0.00033707865168539324
0.0007669760625305325
-0.00018563751831949193
0.0007181240840254031
-0.00023937469467513433
0.0008255984367366878
-0.0002882266731802638
0.0006204201270151441
-0.0002344894968246214
0.0005715681485100147
-0.00015632633121641425
0.0006155349291646311
-0.00020517830972154372
0.0005959941377625794
-0.00019052271617000488
0.0006008793356130923
-0.0002589154860771861
0.0006204201270151441
-0.00021006350757205668
0.0005959941377625794
-0.00015632633121641425
0.0008500244259892526
-0.00026380068392769905
0.0006985832926233512
-0.0002979970688812897
0.0006448461162677088
-0.00033707865168539324
0.0006155349291646311
-0.00020029311187103076
0.0005471421592574499
-0.0004054714215925745
0.0007278944797264289
-0.0001172447484123107
0.0007474352711284806
-0.00034684904738641916
0.0006399609184171959
-6.839276990718124e-05
0.0006888128969223254
-0.00026868588177821203
0.0006741573033707865
-0.00033707865168539324
0.000723009281875916
-0.0002882266731802638
0.0006839276990718123
-0.0003224230581338544
0.0006839276990718123
-0.0001709819247679531
0.0007278944797264289
-0.0001172447484123107
0.000532486565705911
-0.0002149487054225696
0.000723009281875916
-0.00014655593551538836
0.0006155349291646311
-0.0002589154860771861
0.0006008793356130923
-0.00030288226673180264
0.0005911089399120664
-0.0002442598925256473
0.0006106497313141182
-0.00026380068392769905
0.0005911089399120664
-0.0001612115290669272
0.0007669760625305325
-0.0001709819247679531
0.0005813385442110405
-9.77039570102589e-06
0.0006399609184171959
-0.00010258915486077186
0.0006888128969223254
-0.00020517830972154372
0.0006839276990718123
-0.00017586712261846604
0.0008207132388861749
-0.00029311187103077673
0.0007425500732779677
-0.000180752320468979
0.0005471421592574499
4.885197850512945e-06
0.0007914020517830972
-0.00039081582804103567
0.0007669760625305325
-0.00019540791402051784
0.0004640937957987298
-0.00015632633121641425
0.0006985832926233512
-0.0003224230581338544
0.00047874938935026865
-0.00034684904738641916
0.0007181240840254031
-0.0002247191011235955
0.0007327796775769418
-0.0002784562774792379
0.0006155349291646311
-0.0002540302882266732
0.0006839276990718123
-7.816316560820712e-05
0.00047874938935026865
-5.37371763556424e-05
0.0007083536883243771
-0.0001270151441133366
0.0007718612603810454
-0.0002149487054225696
0.0007327796775769418
-0.00012212994626282364
0.0007034684904738642
-0.00019052271617000488
0.0005666829506595017
-0.00018563751831949193
0.0006643869076697606
-0.0001709819247679531
0.0006155349291646311
-0.00018563751831949193
0.0005959941377625794
-6.839276990718124e-05
0.0006057645334636053
-0.00020029311187103076
0.0005617977528089887
-7.816316560820712e-05
0.0008011724474841231
-0.00020029311187103076
0.0007181240840254031
-0.00010258915486077186
0.0005373717635564241
-0.0002784562774792379
0.0006546165119687347
-0.0001270151441133366
0.0006839276990718123
-0.00013678553981436248
0.0005764533463605276
-0.0002491450903761602
0.0006106497313141182
-0.0001709819247679531
0.0005959941377625794
-0.00015144113336590132
0.0007572056668295066
-0.00026380068392769905
0.0008255984367366878
-0.0002589154860771861
0.000810942843185149
-0.0002882266731802638
0.0005813385442110405
-0.00016609672691744016
0.0008402540302882267
-0.00011235955056179774
0.0007914020517830972
-0.00011235955056179774
0.0006741573033707865
-0.00012212994626282364
0.0006448461162677088
-0.0002247191011235955
0.0007181240840254031
-7.327796775769418e-05
0.0007278944797264289
-0.0002882266731802638
0.0006985832926233512
-0.00029311187103077673
0.00063019052271617
-0.0002247191011235955
0.0007962872496336101
-0.0001074743527112848
0.0005129457743038593
-0.00022960429897410844
0.0006741573033707865
-0.0003224230581338544
0.0007572056668295066
-0.00016609672691744016
0.0007083536883243771
-0.00019052271617000488
0.0006643869076697606
-0.00026868588177821203
0.0006839276990718123
-0.0002149487054225696
0.0006888128969223254
-0.00026868588177821203
0.0006497313141182217
-0.0002149487054225696
0.0006155349291646311
-0.00019540791402051784
0.0006985832926233512
-0.0001709819247679531
0.0007718612603810454
-0.0001709819247679531
0.0007278944797264289
-0.00016609672691744016
0.0008207132388861749
-0.00022960429897410844
0.0007376648754274548
-0.00029311187103077673
0.0007083536883243771
-0.0002589154860771861
0.0007278944797264289
-0.00012212994626282364
0.0008842208109428432
-0.0002882266731802638
0.0005959941377625794
-0.00018563751831949193
0.0005911089399120664
-3.419638495359062e-05
0.0006692721055202736
-8.793356130923302e-05
0.0007816316560820713
-0.00012212994626282364
0.0007718612603810454
-0.00022960429897410844
0.0007425500732779677
-0.00013190034196384952
0.0006595017098192477
-0.000356619443087445
0.0006595017098192477
-0.00037127503663898385
0.0005569125549584758
-3.419638495359062e-05
0.0006399609184171959
-0.0002784562774792379
0.000625305324865657
-0.00017586712261846604
0.0007620908646800195
-0.00020029311187103076
0.0005862237420615535
-0.00037127503663898385
0.0007425500732779677
-0.00017586712261846604
0.0007181240840254031
-0.00027357107962872496
0.0007474352711284806
-0.00013190034196384952
0.000625305324865657
-0.00012212994626282364
0.0007523204689789937
-0.00013678553981436248
0.0008353688324377137
-0.00013190034196384952
0.0007669760625305325
-0.00020517830972154372
0.000806057645334636
-0.0002491450903761602
0.0006595017098192477
-0.00019540791402051784
0.00071323888617489
-0.00014655593551538836
0.0008549096238397655
-0.00028334147532975087
0.0007474352711284806
-0.0001172447484123107
0.0007327796775769418
-0.00020517830972154372
0.0006595017098192477
-0.00019052271617000488
0.0007474352711284806
-0.0003321934538348803
0.0007376648754274548
-0.0002344894968246214
0.0006692721055202736
-7.816316560820712e-05
0.0006692721055202736
-0.00014167073766487544
0.0008695652173913043
-0.00028334147532975087
0.0007620908646800195
-5.37371763556424e-05
0.0007767464582315583
-2.442598925256473e-05
0.0007865168539325843
-0.00023937469467513433
0.0007474352711284806
-0.00017586712261846604
0.0007278944797264289
-0.0002784562774792379
0.0006985832926233512
-7.327796775769418e-05
0.0007083536883243771
-0.00029311187103077673
0.0007034684904738642
-0.00019052271617000488
0.0006790425012212994
-9.770395701025892e-05
0.0005813385442110405
-2.442598925256473e-05
0.0008451392281387396
-4.396678065461651e-05
0.0008207132388861749
-6.35075720566683e-05
0.0005862237420615535
-0.00026380068392769905
0.0007474352711284806
-0.00015144113336590132
0.0006888128969223254
-0.00022960429897410844
0.0005373717635564241
-0.00019052271617000488
0.0006643869076697606
-0.0001709819247679531
0.00071323888617489
-0.0002784562774792379
0.0006936980947728383
-0.00014167073766487544
0.0005617977528089887
-0.00015144113336590132
0.0008207132388861749
-0.00021006350757205668
0.0008646800195407913
-7.327796775769418e-05
0.0007914020517830972
-0.00029311187103077673
0.0007865168539325843
-0.00014167073766487544
0.0006839276990718123
-0.00021983390327308256
0.0007718612603810454
-0.00017586712261846604
0.000723009281875916
-0.00021006350757205668
0.0006106497313141182
-0.00015144113336590132
0.0006497313141182217
-0.00012212994626282364
0.0005764533463605276
-9.770395701025892e-05
0.0007620908646800195
-0.0002882266731802638
0.0007327796775769418
-0.00027357107962872496
0.0007474352711284806
-0.00032730825598436733
0.0006204201270151441
-0.00018563751831949193
0.0007523204689789937
-7.816316560820712e-05
0.0005373717635564241
-0.00014167073766487544
0.0006936980947728383
-0.00014655593551538836
0.0008500244259892526
-0.00019540791402051784
0.0006888128969223254
-0.00017586712261846604
0.0006057645334636053
-0.00020029311187103076
0.000635075720566683
-0.0002442598925256473
0.0006936980947728383
-0.00013190034196384952
0.0005959941377625794
-0.00019052271617000488
0.0007083536883243771
-0.00013678553981436248
0.0007718612603810454
-0.0001270151441133366
0.0007376648754274548
-0.0001270151441133366
0.0008597948216902784
-0.00022960429897410844
0.0007376648754274548
-0.00015632633121641425
0.0008597948216902784
-0.00027357107962872496
0.0006888128969223254
-2.9311187103077675e-05
0.0008842208109428432
-0.0002247191011235955
0.0007181240840254031
-0.00026868588177821203
0.0006790425012212994
-0.00011235955056179774
0.0007865168539325843
-0.00013190034196384952
0.0005666829506595017
-0.00014655593551538836
0.0008549096238397655
-0.00017586712261846604
0.0007523204689789937
-0.0001172447484123107
0.0008891060087933561
-8.793356130923302e-05
0.0007669760625305325
-5.37371763556424e-05
0.0007181240840254031
-0.00013678553981436248
0.0009233023937469467
-0.0002344894968246214
0.0008207132388861749
-0.00012212994626282364
0.0008402540302882267
-0.00019052271617000488
0.0007620908646800195
-0.00013190034196384952
0.0006985832926233512
-0.00014655593551538836
0.000898876404494382
-5.37371763556424e-05
0.000815828041035662
-0.00017586712261846604
0.0007181240840254031
-0.0002247191011235955
0.000542256961406937
-0.00021006350757205668
0.0007962872496336101
-6.839276990718124e-05
0.0007962872496336101
-0.0001172447484123107
0.0006692721055202736
-7.816316560820712e-05
0.0006888128969223254
-0.00030288226673180264
0.0008891060087933561
-1.4655593551538837e-05
0.0008597948216902784
-0.00014655593551538836
0.0008207132388861749
-9.770395701025892e-05
0.0007523204689789937
-0.00021006350757205668
0.0006106497313141182
-0.0002882266731802638
0.0006985832926233512
-9.281875915974596e-05
0.0007572056668295066
-0.00018563751831949193
0.0006643869076697606
-0.0002149487054225696
0.0008500244259892526
-0.00028334147532975087
0.0008744504152418173
-0.0001172447484123107
0.0007425500732779677
-3.419638495359062e-05
0.0006204201270151441
-0.00014167073766487544
0.0009184171958964338
-0.000180752320468979
0.0007181240840254031
-1.954079140205178e-05
0.0006106497313141182
-0.00033707865168539324
0.0007034684904738642
-0.0003126526624328285
0.0007278944797264289
-0.00022960429897410844
0.0007865168539325843
-0.00011235955056179774
0.0009330727894479727
-4.885197850512946e-05
0.0008011724474841231
-0.00027357107962872496
0.0007767464582315583
-0.00015632633121641425
0.0006985832926233512
-0.00011235955056179774
0.0009623839765510503
-0.00012212994626282364
0.0007816316560820713
-4.885197850512945e-06
0.000532486565705911
-0.0001172447484123107
0.0007474352711284806
-0.00013190034196384952
0.0008597948216902784
-0.0001270151441133366
0.0007278944797264289
-0.0002247191011235955
0.0006985832926233512
-1.954079140205178e-05
0.0006936980947728383
-0.0001270151441133366
0.0006692721055202736
-0.00019052271617000488
0.0007816316560820713
-0.0001074743527112848
0.000635075720566683
-0.00037616023448949683
0.0008402540302882267
-5.37371763556424e-05
0.000898876404494382
-0.0002247191011235955
0.000542256961406937
-0.0001270151441133366
0.000635075720566683
-0.00020517830972154372
0.0009721543722520762
-0.00013190034196384952
0.000991695163654128
-0.00018563751831949193
0.0007767464582315583
-9.770395701025892e-05
0.0007034684904738642
-0.00014655593551538836
0.0008695652173913043
-0.0001172447484123107
0.0008646800195407913
-9.770395701025892e-05
0.000991695163654128
-0.0001709819247679531
0.0008304836345872007
-0.00017586712261846604
0.0006888128969223254
-8.793356130923302e-05
0.0006057645334636053
4.396678065461651e-05
0.0007425500732779677
-6.839276990718124e-05
0.0006936980947728383
-0.000180752320468979
0.0007914020517830972
-5.37371763556424e-05
0.0006985832926233512
-0.00014167073766487544
0.000815828041035662
-0.00011235955056179774
0.0006741573033707865
-9.770395701025892e-05
0.0006985832926233512
-0.00020517830972154372
0.0008842208109428432
-8.793356130923302e-05
0.0006497313141182217
-9.281875915974596e-05
0.0007278944797264289
-0.0001074743527112848
0.0008793356130923302
-0.0002491450903761602
0.0010405471421592574
-9.77039570102589e-06
0.0006985832926233512
-0.00028334147532975087
0.0008255984367366878
-0.00028334147532975087
0.0007572056668295066
-6.839276990718124e-05
0.0008451392281387396
4.885197850512945e-06
0.0007523204689789937
-7.327796775769418e-05
0.0006643869076697606
-0.0001709819247679531
0.0008207132388861749
-9.281875915974596e-05
0.0005617977528089887
-0.00026868588177821203
0.0006936980947728383
-8.304836345872008e-05
0.0007474352711284806
9.77039570102589e-06
0.0006546165119687347
-0.00014655593551538836
0.0008255984367366878
-6.839276990718124e-05
0.0007572056668295066
-0.00020029311187103076
0.0008842208109428432
-0.00014655593551538836
0.0007181240840254031
-5.862237420615535e-05
0.0007034684904738642
-0.0003321934538348803
0.0007034684904738642
-0.00016609672691744016
0.0006839276990718123
-0.0002247191011235955
0.0007816316560820713
1.954079140205178e-05
0.0007181240840254031
-0.00012212994626282364
0.000723009281875916
-0.00023937469467513433
0.0006936980947728383
-0.00021983390327308256
0.0008011724474841231
-3.908158280410356e-05
0.0008793356130923302
-1.954079140205178e-05
0.0007816316560820713
2.9311187103077675e-05
0.0006790425012212994
-0.0001612115290669272
0.0008011724474841231
-0.00014167073766487544
0.000810942843185149
-0.00019052271617000488
0.00071323888617489
-7.816316560820712e-05
0.0008011724474841231
-0.00012212994626282364
0.0007327796775769418
-5.37371763556424e-05
0.0008500244259892526
-0.000180752320468979
0.0007278944797264289
-7.327796775769418e-05
0.00063019052271617
-2.9311187103077675e-05
0.0008549096238397655
-0.00018563751831949193
0.0007278944797264289
-0.00018563751831949193
0.0007620908646800195
-0.0001709819247679531
0.0006741573033707865
-0.00019052271617000488
0.0007034684904738642
-9.770395701025892e-05
0.0008255984367366878
4.396678065461651e-05
0.0008451392281387396
-0.00015632633121641425
0.0007914020517830972
-3.419638495359062e-05
0.0006790425012212994
-0.00013190034196384952
0.0006936980947728383
-0.00017586712261846604
0.0006643869076697606
-7.327796775769418e-05
0.0007327796775769418
-0.00021006350757205668
0.0007669760625305325
-0.00021983390327308256
0.0007914020517830972
-0.0001172447484123107
0.0007669760625305325
-0.0001270151441133366
0.0006155349291646311
-8.304836345872008e-05
0.0008207132388861749
-7.327796775769418e-05
0.0007865168539325843
9.77039570102589e-06
0.000635075720566683
-0.00013190034196384952
0.0009184171958964338
-4.396678065461651e-05
0.0009086468001954079
-0.0001074743527112848
0.0006790425012212994
-7.816316560820712e-05
0.0006888128969223254
-0.00016609672691744016
0.0008451392281387396
-0.00012212994626282364
0.0006643869076697606
-0.00018563751831949193
0.0008549096238397655
-0.000180752320468979
0.0007816316560820713
-0.00021983390327308256
0.0007572056668295066
1.954079140205178e-05
0.0006888128969223254
-0.00015144113336590132
0.0007962872496336101
-0.0001612115290669272
0.000635075720566683
-0.00013190034196384952
0.000635075720566683
-3.419638495359062e-05
0.0007181240840254031
-0.00011235955056179774
0.00063019052271617
-0.00015632633121641425
0.0006595017098192477
-0.0001709819247679531
0.0006888128969223254
-3.419638495359062e-05
0.0008207132388861749
-9.281875915974596e-05
0.000815828041035662
-0.00027357107962872496
0.0007474352711284806
-7.816316560820712e-05
0.0007962872496336101
-0.0001270151441133366
0.0006595017098192477
-4.885197850512946e-05
0.0006546165119687347
-0.00011235955056179774
0.0007327796775769418
-9.770395701025892e-05
0.0007376648754274548
-8.793356130923302e-05
0.0008402540302882267
1.4655593551538837e-05
0.0009526135808500244
0.0001172447484123107
0.0008549096238397655
-8.304836345872008e-05
0.000723009281875916
-9.281875915974596e-05
0.0008255984367366878
-7.327796775769418e-05
0.0008402540302882267
-9.77039570102589e-06
0.0007718612603810454
2.442598925256473e-05
0.0007278944797264289
-0.00016609672691744016
0.0008695652173913043
-6.35075720566683e-05
0.0006741573033707865
-7.816316560820712e-05
0.0007669760625305325
-0.00013678553981436248
0.0007572056668295066
-0.00022960429897410844
0.0007865168539325843
2.442598925256473e-05
0.0006546165119687347
-0.0001709819247679531
0.00071323888617489
-9.770395701025892e-05
0.000898876404494382
-0.00013190034196384952
0.0007327796775769418
-0.00017586712261846604
0.0008255984367366878
-0.00011235955056179774
0.0010258915486077186
-0.00014655593551538836
0.0008793356130923302
-2.442598925256473e-05
0.0009086468001954079
-0.00014655593551538836
0.0008402540302882267
-0.0001709819247679531
0.0007914020517830972
-0.00010258915486077186
0.000815828041035662
-0.0001172447484123107
0.0007474352711284806
-0.0002149487054225696
0.0006985832926233512
-0.0001172447484123107
0.0008744504152418173
-0.0001612115290669272
0.0005666829506595017
-0.00012212994626282364
0.0008255984367366878
-0.00015144113336590132
0.0006692721055202736
-8.793356130923302e-05
0.0007620908646800195
-0.00014655593551538836
0.0007474352711284806
-0.0001270151441133366
0.0008255984367366878
-0.00023937469467513433
0.0005276013678553981
-0.00020517830972154372
0.0007572056668295066
-0.00020029311187103076
0.000815828041035662
-0.00014655593551538836
0.0008793356130923302
-0.00012212994626282364
0.0006839276990718123
-1.954079140205178e-05
0.0008549096238397655
-9.770395701025892e-05
0.0008891060087933561
-0.00016609672691744016
0.0007669760625305325
-4.885197850512946e-05
0.0009330727894479727
-1.954079140205178e-05
0.000625305324865657
-0.0001172447484123107
0.0006399609184171959
-2.9311187103077675e-05
0.0007474352711284806
-9.281875915974596e-05
0.0010210063507572057
-1.4655593551538837e-05
0.0005959941377625794
-4.396678065461651e-05
0.0007034684904738642
-5.862237420615535e-05
0.0007816316560820713
-9.770395701025892e-05
0.0008793356130923302
-0.00013678553981436248
0.0007620908646800195
-0.000180752320468979
0.000893991206643869
-5.37371763556424e-05
0.0007083536883243771
-0.00014655593551538836
0.0006936980947728383
-0.0001709819247679531
0.0005617977528089887
-0.00016609672691744016
0.0006692721055202736
-8.304836345872008e-05
0.0008402540302882267
9.77039570102589e-06
0.0008646800195407913
-2.9311187103077675e-05
0.0007816316560820713
-0.00018563751831949193
0.0008549096238397655
-3.419638495359062e-05
0.0008793356130923302
-4.885197850512946e-05
0.000815828041035662
-3.908158280410356e-05
0.0008207132388861749
0.0
0.0009135319980459208
-0.00013678553981436248
0.0006643869076697606
-1.954079140205178e-05
0.0008500244259892526
-0.00015632633121641425
0.0009233023937469467
5.862237420615535e-05
0.0007572056668295066
-0.0001709819247679531
0.000810942843185149
-9.77039570102589e-06
0.0008451392281387396
-1.954079140205178e-05
0.0007669760625305325
-0.000180752320468979
0.0007767464582315583
-9.281875915974596e-05
0.0007767464582315583
-0.00014167073766487544
0.0007620908646800195
-8.793356130923302e-05
0.0008646800195407913
-5.37371763556424e-05
0.0007474352711284806
-8.304836345872008e-05
0.0008255984367366878
-0.00016609672691744016
0.0008744504152418173
-0.00014655593551538836
0.0007474352711284806
-0.000180752320468979
0.000625305324865657
-0.00011235955056179774
0.0008402540302882267
-4.396678065461651e-05
0.0007914020517830972
-0.0001612115290669272
0.0007914020517830972
-0.0001074743527112848
0.0008891060087933561
-5.862237420615535e-05
0.0007034684904738642
-3.908158280410356e-05
0.0009086468001954079
-0.00017586712261846604
0.0009477283829995114
-3.908158280410356e-05
0.0007767464582315583
-7.816316560820712e-05
0.000815828041035662
-5.37371763556424e-05
0.0007425500732779677
-9.281875915974596e-05
0.000806057645334636
-0.0001612115290669272
0.000810942843185149
-6.839276990718124e-05
0.0007962872496336101
-5.37371763556424e-05
0.0008304836345872007
-0.00010258915486077186
0.0007914020517830972
-3.908158280410356e-05
0.0008597948216902784
-4.396678065461651e-05
0.000903761602344895
-3.419638495359062e-05
0.0008402540302882267
-0.00012212994626282364
0.000806057645334636
-6.35075720566683e-05
0.0007474352711284806
-0.00018563751831949193
0.000723009281875916
-0.00013190034196384952
0.0007914020517830972
-0.00014655593551538836
0.0006497313141182217
-6.35075720566683e-05
0.0007376648754274548
3.419638495359062e-05
0.0007767464582315583
-9.77039570102589e-06
0.0008451392281387396
-0.00012212994626282364
0.00071323888617489
-6.35075720566683e-05
0.0008255984367366878
-8.793356130923302e-05
0.0007376648754274548
-6.35075720566683e-05
0.0007181240840254031
-4.885197850512945e-06
0.0006790425012212994
-0.00012212994626282364
0.0006985832926233512
-8.793356130923302e-05
0.0005715681485100147
3.419638495359062e-05
0.000815828041035662
-0.00017586712261846604
0.000723009281875916
-0.00011235955056179774
0.0010698583292623352
-9.281875915974596e-05
0.0008255984367366878
-0.0001709819247679531
0.0007278944797264289
-0.00014655593551538836
0.0006888128969223254
-0.00011235955056179774
0.0006595017098192477
-2.442598925256473e-05
0.0006888128969223254
-0.00022960429897410844
0.0007523204689789937
2.9311187103077675e-05
0.0008402540302882267
-3.908158280410356e-05
0.0007376648754274548
-1.954079140205178e-05
0.0006643869076697606
3.419638495359062e-05
0.0006741573033707865
-0.00014167073766487544
0.0007327796775769418
-0.00013678553981436248
0.0008500244259892526
-8.793356130923302e-05
0.0008500244259892526
-0.0001172447484123107
0.0006155349291646311
-3.908158280410356e-05
0.000625305324865657
-0.00015632633121641425
0.0007474352711284806
0.0
0.0007767464582315583
4.885197850512945e-06
0.0006839276990718123
-4.885197850512945e-06
0.0006936980947728383
0.0
0.0008402540302882267
-4.396678065461651e-05
0.0009086468001954079
-3.908158280410356e-05
0.0007523204689789937
-1.4655593551538837e-05
0.0007865168539325843
-4.396678065461651e-05
0.0008695652173913043
-1.954079140205178e-05
0.0008744504152418173
-9.77039570102589e-06
0.0008500244259892526
-0.00016609672691744016
0.000810942843185149
-0.00016609672691744016
0.0006936980947728383
-6.839276990718124e-05
0.0008597948216902784
3.419638495359062e-05
0.0007523204689789937
-5.37371763556424e-05
0.000723009281875916
3.419638495359062e-05
0.0007376648754274548
-0.00022960429897410844
0.000806057645334636
-0.00010258915486077186
0.0007669760625305325
-0.00012212994626282364
0.0008597948216902784
2.442598925256473e-05
0.000810942843185149
-8.793356130923302e-05
0.0006985832926233512
-0.00017586712261846604
0.0007914020517830972
-0.00021983390327308256
0.0007620908646800195
2.9311187103077675e-05
0.0008011724474841231
-8.304836345872008e-05
0.0008500244259892526
-0.00013190034196384952
0.0008255984367366878
-0.0001612115290669272
0.0007474352711284806
-0.000180752320468979
0.0005911089399120664
-6.839276990718124e-05
0.000898876404494382
-3.908158280410356e-05
0.0008842208109428432
-0.00017586712261846604
0.0008744504152418173
-0.0002247191011235955
0.0006008793356130923
-0.0002540302882266732
0.0009330727894479727
-6.839276990718124e-05
0.0008549096238397655
-9.77039570102589e-06
0.0007572056668295066
-2.9311187103077675e-05
0.0007718612603810454
-7.327796775769418e-05
0.0007425500732779677
0.0
0.0006399609184171959
-0.00012212994626282364
0.0006692721055202736
-0.0002344894968246214
0.0007327796775769418
-0.00018563751831949193
0.0008549096238397655
-3.908158280410356e-05
0.0007816316560820713
-9.77039570102589e-06
0.000625305324865657
-4.885197850512946e-05
0.0006399609184171959
-0.00019540791402051784
0.0007767464582315583
-3.419638495359062e-05
0.0008207132388861749
-5.37371763556424e-05
0.0008891060087933561
-0.00017586712261846604
0.0007034684904738642
-5.862237420615535e-05
0.0008695652173913043
-0.00013190034196384952
0.0008549096238397655
-0.0001612115290669272
0.0005862237420615535
-7.327796775769418e-05
0.0007376648754274548
-5.862237420615535e-05
0.000806057645334636
-4.885197850512945e-06
0.0006399609184171959
-7.816316560820712e-05
0.0007620908646800195
-4.885197850512945e-06
0.0006985832926233512
4.885197850512945e-06
0.0008597948216902784
8.304836345872008e-05
0.0007523204689789937
-0.0001074743527112848
0.000810942843185149
-0.00013678553981436248
0.0007962872496336101
0.0001270151441133366
0.0007572056668295066
-2.9311187103077675e-05
0.0007034684904738642
-0.0001612115290669272
0.0007034684904738642
-0.00029311187103077673
0.0007914020517830972
-5.862237420615535e-05
0.0008500244259892526
-4.396678065461651e-05
0.0007572056668295066
-5.37371763556424e-05
0.0006692721055202736
-7.327796775769418e-05
0.0007327796775769418
7.816316560820712e-05
0.0010503175378602833
-9.770395701025892e-05
0.0008744504152418173
-2.442598925256473e-05
0.0006888128969223254
-5.37371763556424e-05
0.000810942843185149
3.419638495359062e-05
0.0007669760625305325
-6.839276990718124e-05
0.0005764533463605276
-0.00026380068392769905
0.0008011724474841231
2.442598925256473e-05
0.0008891060087933561
-2.9311187103077675e-05
0.0007327796775769418
-0.00013678553981436248
0.0008207132388861749
-0.000180752320468979
0.0009184171958964338
-0.00014655593551538836
0.0007620908646800195
-1.4655593551538837e-05
0.0007767464582315583
-2.442598925256473e-05
0.0008500244259892526
-1.4655593551538837e-05
0.0006643869076697606
-2.9311187103077675e-05
0.000815828041035662
-0.0001074743527112848
0.0006936980947728383
-7.816316560820712e-05
0.0008549096238397655
-0.00017586712261846604
0.0009086468001954079
-1.4655593551538837e-05
0.000810942843185149
-0.00021983390327308256
0.0008793356130923302
-0.00021983390327308256
0.0007181240840254031
-0.00013190034196384952
0.000625305324865657
-2.9311187103077675e-05
0.0007962872496336101
-0.00020029311187103076
0.0009184171958964338
-0.00015632633121641425
0.0009721543722520762
-5.37371763556424e-05
0.000893991206643869
-0.00014167073766487544
0.0008793356130923302
-8.304836345872008e-05
0.0008597948216902784
0.0001270151441133366
0.0009379579872984856
-5.862237420615535e-05
0.0007425500732779677
5.862237420615535e-05
0.0009281875915974596
-7.816316560820712e-05
0.0007425500732779677
-0.0001612115290669272
0.0007767464582315583
-0.00019052271617000488
0.0006936980947728383
9.77039570102589e-06
0.0008255984367366878
-0.00014655593551538836
0.0008451392281387396
-6.839276990718124e-05
0.0008255984367366878
-0.0002442598925256473
0.0006790425012212994
-6.35075720566683e-05
0.0009086468001954079
4.885197850512946e-05
0.0009672691744015633
-6.35075720566683e-05
0.000810942843185149
-0.00013678553981436248
0.0008646800195407913
-3.419638495359062e-05
0.0007767464582315583
-1.954079140205178e-05
0.000625305324865657
0.0
0.0007718612603810454
-0.0002149487054225696
0.0006790425012212994
-0.00017586712261846604
0.000635075720566683
-9.77039570102589e-06
0.0006985832926233512
-7.327796775769418e-05
0.0009233023937469467
-2.9311187103077675e-05
0.0007962872496336101
2.9311187103077675e-05
0.0008011724474841231
2.442598925256473e-05
0.0008744504152418173
-9.77039570102589e-06
0.001064973131411822
-0.0001074743527112848
0.0007718612603810454
-0.00021006350757205668
0.000810942843185149
-4.885197850512945e-06
0.0008451392281387396
-7.327796775769418e-05
0.0008549096238397655
-0.0001612115290669272
0.000810942843185149
-5.862237420615535e-05
0.0007376648754274548
-0.00011235955056179774
0.0009526135808500244
5.37371763556424e-05
0.0009184171958964338
2.9311187103077675e-05
0.0006106497313141182
-8.304836345872008e-05
0.0008353688324377137
-6.839276990718124e-05
0.0009428431851489985
-0.0001270151441133366
0.0008207132388861749
-6.35075720566683e-05
0.0009233023937469467
-5.37371763556424e-05
0.000806057645334636
-0.00014655593551538836
0.0008011724474841231
4.885197850512945e-06
0.0006888128969223254
-8.793356130923302e-05
0.000810942843185149
-0.0001709819247679531
0.0008549096238397655
-5.37371763556424e-05
0.0006497313141182217
9.77039570102589e-06
0.0007962872496336101
-7.816316560820712e-05
0.0008646800195407913
0.0
0.000806057645334636
3.908158280410356e-05
0.000898876404494382
-3.419638495359062e-05
0.0010063507572056667
-1.954079140205178e-05
0.0008744504152418173
-0.00019540791402051784
0.0009330727894479727
-0.0001172447484123107
0.0007962872496336101
-0.00013678553981436248
0.000815828041035662
-0.00010258915486077186
0.0008207132388861749
-8.304836345872008e-05
0.0006497313141182217
3.908158280410356e-05
0.0007181240840254031
-9.77039570102589e-06
0.0008842208109428432
-0.0001074743527112848
0.0009233023937469467
-0.00018563751831949193
0.000815828041035662
-0.00023937469467513433
0.0009086468001954079
-4.885197850512946e-05
0.0007083536883243771
-1.4655593551538837e-05
0.0008353688324377137
-0.00017586712261846604
0.0008695652173913043
9.281875915974596e-05
0.0007865168539325843
-7.327796775769418e-05
0.0008793356130923302
-9.770395701025892e-05
0.0007034684904738642
-0.00026380068392769905
0.0008793356130923302
-0.0002442598925256473
0.0008597948216902784
-6.35075720566683e-05
0.0008744504152418173
-2.9311187103077675e-05
0.0009721543722520762
-0.0001709819247679531
0.0007962872496336101
-0.0002149487054225696
0.0008353688324377137
-2.9311187103077675e-05
0.000991695163654128
-0.00015144113336590132
0.0006741573033707865
-0.00027357107962872496
0.000815828041035662
-0.00012212994626282364
0.0008011724474841231
-1.954079140205178e-05
0.0008011724474841231
-0.00015632633121641425
0.000810942843185149
-0.00015632633121641425
0.0008011724474841231
4.396678065461651e-05
0.0008549096238397655
-2.442598925256473e-05
0.0008597948216902784
-0.0001612115290669272
0.0007620908646800195
1.954079140205178e-05
0.0007718612603810454
5.862237420615535e-05
0.0009526135808500244
-0.00018563751831949193
0.000810942843185149
3.908158280410356e-05
0.0006888128969223254
-2.9311187103077675e-05
0.0009233023937469467
-0.00015144113336590132
0.0009477283829995114
-0.00015144113336590132
0.0007474352711284806
-7.816316560820712e-05
0.0007572056668295066
-0.0001172447484123107
0.0008793356130923302
-9.770395701025892e-05
0.000893991206643869
-0.000180752320468979
0.0007278944797264289
9.77039570102589e-06
0.0007034684904738642
-0.0001270151441133366
0.0008500244259892526
-6.839276990718124e-05
0.0009184171958964338
2.442598925256473e-05
0.0008402540302882267
-2.442598925256473e-05
0.0007376648754274548
-4.885197850512946e-05
0.0007914020517830972
-0.00010258915486077186
0.0008500244259892526
-9.77039570102589e-06
0.0007865168539325843
-2.9311187103077675e-05
0.0008891060087933561
-7.816316560820712e-05
0.0009477283829995114
-7.816316560820712e-05
0.0009281875915974596
-0.00011235955056179774
0.0008793356130923302
-0.00013678553981436248
0.0007816316560820713
-0.00023937469467513433
0.00071323888617489
-1.954079140205178e-05
0.000810942843185149
3.419638495359062e-05
0.000893991206643869
-0.00021006350757205668
0.0006936980947728383
-6.839276990718124e-05
0.0007523204689789937
-0.00012212994626282364
0.0007620908646800195
-0.0001270151441133366
0.0009379579872984856
-3.908158280410356e-05
0.0007425500732779677
-0.0001612115290669272
0.0007376648754274548
-0.00011235955056179774
0.0008695652173913043
4.885197850512945e-06
0.0006790425012212994
-0.0002344894968246214
0.0008793356130923302
4.885197850512945e-06
0.0007914020517830972
0.0
0.0009574987787005373
-6.839276990718124e-05
0.000815828041035662
-9.770395701025892e-05
0.000893991206643869
-8.793356130923302e-05
0.0008304836345872007
-0.00022960429897410844
0.0007327796775769418
-0.0001074743527112848
0.000806057645334636
-5.862237420615535e-05
0.0007865168539325843
-0.00013678553981436248
0.0008255984367366878
-0.00018563751831949193
0.0007474352711284806
-8.793356130923302e-05
0.0008695652173913043
-4.885197850512946e-05
0.0008891060087933561
-0.00019540791402051784
0.0009428431851489985
-0.00034684904738641916
0.0008500244259892526
4.885197850512946e-05
0.0009477283829995114
-4.396678065461651e-05
0.0007962872496336101
0.0
0.000806057645334636
-4.396678065461651e-05
0.000723009281875916
3.908158280410356e-05
0.0007669760625305325
-0.00018563751831949193
0.0007620908646800195
-0.00014167073766487544
0.0010112359550561798
-0.0001172447484123107
0.0008597948216902784
-8.304836345872008e-05
0.0007816316560820713
-0.00020517830972154372
0.0006448461162677088
4.885197850512945e-06
0.0008353688324377137
9.77039570102589e-06
0.000893991206643869
-8.304836345872008e-05
0.0007083536883243771
-0.00011235955056179774
0.0008255984367366878
-8.793356130923302e-05
0.0007962872496336101
0.00010258915486077186
0.0007914020517830972
-0.00014167073766487544
0.0008744504152418173
-6.839276990718124e-05
0.0006936980947728383
-3.908158280410356e-05
0.0006985832926233512
-1.4655593551538837e-05
0.0007278944797264289
-8.304836345872008e-05
0.0009330727894479727
-0.00016609672691744016
0.000815828041035662
-0.0002247191011235955
0.0007620908646800195
9.77039570102589e-06
0.0007620908646800195
-0.0001172447484123107
0.0009526135808500244
-0.0001074743527112848
0.000815828041035662
-6.839276990718124e-05
0.000723009281875916
-8.793356130923302e-05
0.0006595017098192477
-1.954079140205178e-05
0.0006155349291646311
2.442598925256473e-05
0.000806057645334636
-0.0001074743527112848
0.0008255984367366878
-7.327796775769418e-05
0.0009672691744015633
4.396678065461651e-05
0.0006790425012212994
-0.00021006350757205668
0.0006399609184171959
-5.37371763556424e-05
0.0011284807034684903
-8.793356130923302e-05
0.0005862237420615535
-7.327796775769418e-05
0.000806057645334636
-9.77039570102589e-06
0.0007278944797264289
-0.0002344894968246214
0.000815828041035662
-2.442598925256473e-05
0.0008304836345872007
-0.00015144113336590132
0.0008402540302882267
-7.327796775769418e-05
0.0006985832926233512
-0.00026380068392769905
0.0005813385442110405
-0.00010258915486077186
0.0008793356130923302
-0.0001172447484123107
0.0006839276990718123
-0.00021006350757205668
0.0010307767464582316
-7.327796775769418e-05
0.0009086468001954079
-2.442598925256473e-05
0.0006985832926233512
0.0
0.0007914020517830972
-0.0001074743527112848
0.0007425500732779677
-0.00012212994626282364
0.0008304836345872007
-2.442598925256473e-05
0.0009135319980459208
-9.770395701025892e-05
0.0006936980947728383
-0.00021983390327308256
0.0006790425012212994
4.885197850512945e-06
0.0008011724474841231
-0.00015144113336590132
0.0007181240840254031
-3.908158280410356e-05
0.0006497313141182217
8.793356130923302e-05
0.0008597948216902784
4.396678065461651e-05
0.0007034684904738642
-0.0001172447484123107
0.0008500244259892526
-6.839276990718124e-05
0.0008891060087933561
5.37371763556424e-05
0.0007327796775769418
0.00011235955056179774
0.0007816316560820713
-7.816316560820712e-05
0.0008549096238397655
4.396678065461651e-05
0.0009721543722520762
-0.00015144113336590132
0.0007034684904738642
-0.00013678553981436248
0.0008402540302882267
-1.954079140205178e-05
0.0008207132388861749
0.00011235955056179774
0.0008011724474841231
7.327796775769418e-05
0.0007620908646800195
-0.00010258915486077186
0.0007914020517830972
1.4655593551538837e-05
0.0008549096238397655
2.442598925256473e-05
0.0007523204689789937
-0.0002442598925256473
0.0009428431851489985
-0.000180752320468979
0.0008842208109428432
-3.419638495359062e-05
0.0010552027357107962
4.885197850512946e-05
0.0009135319980459208
9.77039570102589e-06
0.0008597948216902784
-4.396678065461651e-05
0.0007523204689789937
-8.793356130923302e-05
0.0008255984367366878
-0.00015144113336590132
0.0009574987787005373
-7.816316560820712e-05
0.0008353688324377137
1.954079140205178e-05
0.0007669760625305325
-0.00023937469467513433
0.0009770395701025891
-0.00012212994626282364
0.0009184171958964338
-8.304836345872008e-05
0.0008402540302882267
-2.9311187103077675e-05
0.0009428431851489985
-0.00021983390327308256
0.0008304836345872007
8.793356130923302e-05
0.0008207132388861749
1.954079140205178e-05
0.0008842208109428432
-3.419638495359062e-05
0.0009135319980459208
9.77039570102589e-06
0.0008842208109428432
-0.00011235955056179774
0.0009672691744015633
-1.954079140205178e-05
0.0008597948216902784
1.954079140205178e-05
0.0008842208109428432
-0.00012212994626282364
0.0008842208109428432
-8.793356130923302e-05
0.0007620908646800195
-6.35075720566683e-05
0.0009330727894479727
9.77039570102589e-06
0.0008011724474841231
0.00011235955056179774
0.0009770395701025891
-0.0001270151441133366
0.0009184171958964338
-7.327796775769418e-05
0.0008353688324377137
0.0
0.0007816316560820713
-0.0001172447484123107
0.000903761602344895
-1.4655593551538837e-05
0.0009721543722520762
-6.35075720566683e-05
0.0008255984367366878
1.4655593551538837e-05
0.0007620908646800195
-8.793356130923302e-05
0.001064973131411822
-0.00013678553981436248
0.000723009281875916
-2.442598925256473e-05
0.0009623839765510503
-6.35075720566683e-05
0.0008549096238397655
3.908158280410356e-05
0.0008207132388861749
5.862237420615535e-05
0.0007718612603810454
-4.885197850512945e-06
0.000810942843185149
-2.442598925256473e-05
0.0008695652173913043
-0.00010258915486077186
0.0010210063507572057
0.00014167073766487544
0.0009477283829995114
-0.00013190034196384952
0.0006888128969223254
-0.0001172447484123107
0.000903761602344895
2.9311187103077675e-05
0.0010014655593551538
5.862237420615535e-05
0.0008891060087933561
1.954079140205178e-05
0.0008793356130923302
-0.000180752320468979
0.0008011724474841231
-8.793356130923302e-05
0.0008597948216902784
-6.35075720566683e-05
0.0010210063507572057
-5.862237420615535e-05
0.0008255984367366878
-0.00021006350757205668
0.0009379579872984856
-0.00015144113336590132
0.0010600879335613091
-0.00019540791402051784
0.0008549096238397655
-0.0001612115290669272
0.0009184171958964338
-0.0001709819247679531
0.0009379579872984856
6.35075720566683e-05
0.0008793356130923302
7.327796775769418e-05
0.0006790425012212994
-6.839276990718124e-05
0.0007278944797264289
-0.00011235955056179774
0.0007181240840254031
-7.327796775769418e-05
0.0009770395701025891
-1.954079140205178e-05
0.0008500244259892526
-0.00013190034196384952
0.0009623839765510503
-0.0001172447484123107
0.0009672691744015633
-6.839276990718124e-05
0.0009281875915974596
-0.00013678553981436248
0.0009135319980459208
-0.0001709819247679531
0.0008500244259892526
-4.396678065461651e-05
0.0007278944797264289
-8.304836345872008e-05
0.0009184171958964338
-4.885197850512946e-05
0.0007962872496336101
-0.00012212994626282364
0.0006936980947728383
-0.00019052271617000488
0.0009233023937469467
-0.00013190034196384952
0.000981924767953102
-9.281875915974596e-05
0.000806057645334636
0.00015144113336590132
0.0009135319980459208
4.885197850512945e-06
0.000898876404494382
-0.000180752320468979
0.0007962872496336101
-0.00016609672691744016
0.0008842208109428432
-7.816316560820712e-05
0.000898876404494382
5.862237420615535e-05
0.000893991206643869
-9.770395701025892e-05
0.0009233023937469467
-2.9311187103077675e-05
0.0007376648754274548
-9.281875915974596e-05
0.000810942843185149
-6.839276990718124e-05
0.0008451392281387396
-0.00013678553981436248
0.0007962872496336101
-0.0001612115290669272
0.0008500244259892526
-5.862237420615535e-05
0.0008353688324377137
-0.0002784562774792379
0.0006888128969223254
-0.00013190034196384952
0.0007816316560820713
-0.00011235955056179774
0.0007669760625305325
-0.00015632633121641425
0.0007572056668295066
-0.00013190034196384952
0.0006985832926233512
-8.793356130923302e-05
0.0011284807034684903
-7.816316560820712e-05
0.0009233023937469467
-0.0002247191011235955
0.0008500244259892526
-8.793356130923302e-05
0.0007962872496336101
8.304836345872008e-05
0.0009281875915974596
-0.00016609672691744016
0.0007816316560820713
-0.00010258915486077186
0.0006790425012212994
-0.0001709819247679531
0.0008500244259892526
4.885197850512945e-06
0.000981924767953102
-9.281875915974596e-05
0.000903761602344895
-0.0002491450903761602
0.0007083536883243771
-0.0001074743527112848
0.0009526135808500244
7.816316560820712e-05
0.0008549096238397655
-9.281875915974596e-05
0.0008744504152418173
-0.0001270151441133366
0.0008304836345872007
-5.862237420615535e-05
0.0009770395701025891
2.442598925256473e-05
0.0009086468001954079
-7.327796775769418e-05
0.0008842208109428432
-0.00021006350757205668
0.0008353688324377137
3.419638495359062e-05
0.0010600879335613091
-0.00014167073766487544
0.0009379579872984856
-0.00012212994626282364
0.0009330727894479727
-7.816316560820712e-05
0.0010014655593551538
9.77039570102589e-06
0.0009184171958964338
-6.839276990718124e-05
0.0008646800195407913
-0.00018563751831949193
0.0008842208109428432
-0.00010258915486077186
0.0007816316560820713
-7.816316560820712e-05
0.0007816316560820713
-0.00014167073766487544
0.0008646800195407913
-0.00014655593551538836
0.0008842208109428432
-0.00014167073766487544
0.0007718612603810454
-0.0001172447484123107
0.0006985832926233512
-2.442598925256473e-05
0.0010307767464582316
-5.37371763556424e-05
0.0008744504152418173
-1.954079140205178e-05
0.0009135319980459208
-0.00013190034196384952
0.0006741573033707865
-0.00014167073766487544
0.0007865168539325843
9.77039570102589e-06
0.0007474352711284806
-0.00021983390327308256
0.0007865168539325843
-9.77039570102589e-06
0.0007572056668295066
-0.00019052271617000488
0.0007962872496336101
0.0
0.0007914020517830972
-0.0001172447484123107
0.0007474352711284806
-0.00017586712261846604
0.0010161211529066928
0.0
0.0009330727894479727
-4.885197850512946e-05
0.0008255984367366878
-0.00011235955056179774
0.0006936980947728383
3.908158280410356e-05
0.0008842208109428432
-6.839276990718124e-05
0.000991695163654128
-2.9311187103077675e-05
0.0009086468001954079
-0.00010258915486077186
0.000806057645334636
-2.442598925256473e-05
0.0007816316560820713
-4.885197850512946e-05
0.0008695652173913043
-2.442598925256473e-05
0.0006692721055202736
-0.00015632633121641425
0.0007572056668295066
-9.770395701025892e-05
0.0007572056668295066
-0.0001172447484123107
0.0009477283829995114
-7.327796775769418e-05
0.0007914020517830972
-0.0001172447484123107
0.0009770395701025891
-7.327796775769418e-05
0.0008793356130923302
-0.00012212994626282364
0.0008402540302882267
-9.281875915974596e-05
0.0007278944797264289
-3.908158280410356e-05
0.0007718612603810454
-0.0002344894968246214
0.0008353688324377137
-7.327796775769418e-05
0.000806057645334636
-0.00017586712261846604
0.0008207132388861749
5.862237420615535e-05
0.0007865168539325843
-4.396678065461651e-05
0.0009770395701025891
-2.9311187103077675e-05
0.0009672691744015633
2.442598925256473e-05
0.000806057645334636
-8.793356130923302e-05
0.0007327796775769418
-0.00014655593551538836
0.0007767464582315583
4.396678065461651e-05
0.0009184171958964338
4.396678065461651e-05
0.0009184171958964338
-7.816316560820712e-05
0.000893991206643869
-9.77039570102589e-06
0.0007572056668295066
2.9311187103077675e-05
0.0009233023937469467
-5.862237420615535e-05
0.0009086468001954079
-0.00013190034196384952
0.0009379579872984856
8.793356130923302e-05
0.0009965803615046408
-0.00016609672691744016
0.0007914020517830972
-4.885197850512946e-05
0.0006057645334636053
-4.396678065461651e-05
0.0008255984367366878
-3.908158280410356e-05
0.0009477283829995114
-0.00016609672691744016
0.0010112359550561798
-0.00019052271617000488
0.0008304836345872007
-0.00016609672691744016
0.0008207132388861749
-3.419638495359062e-05
0.0006643869076697606
-0.00028334147532975087
0.0009330727894479727
-6.35075720566683e-05
0.00071323888617489
-1.4655593551538837e-05
0.0007474352711284806
-0.00019540791402051784
0.0006595017098192477
5.862237420615535e-05
0.0008891060087933561
-0.00010258915486077186
0.0010454323400097703
9.77039570102589e-06
0.0007718612603810454
-0.00014655593551538836
0.0009965803615046408
3.908158280410356e-05
0.000806057645334636
-4.885197850512945e-06
0.0007620908646800195
-0.00026868588177821203
0.0009428431851489985
-5.862237420615535e-05
0.0008207132388861749
-1.4655593551538837e-05
0.0008695652173913043
5.37371763556424e-05
0.0007523204689789937
-6.839276990718124e-05
0.0010161211529066928
-0.0001172447484123107
0.0008011724474841231
-4.885197850512945e-06
0.0007376648754274548
-5.37371763556424e-05
0.0008011724474841231
-6.35075720566683e-05
0.0007278944797264289
-9.77039570102589e-06
0.0008646800195407913
4.885197850512945e-06
0.000898876404494382
3.908158280410356e-05
0.0009379579872984856
-0.00012212994626282364
0.0007376648754274548
-0.00020517830972154372
0.0010454323400097703
0.0
0.000815828041035662
-7.327796775769418e-05
0.000991695163654128
-1.954079140205178e-05
0.0010405471421592574
5.37371763556424e-05
0.0008402540302882267
-0.0001074743527112848
0.0007865168539325843
1.4655593551538837e-05
0.0009477283829995114
5.862237420615535e-05
0.0009086468001954079
-2.442598925256473e-05
0.0010503175378602833
-0.00010258915486077186
0.000893991206643869
-0.00011235955056179774
0.0007425500732779677
3.419638495359062e-05
0.0010161211529066928
-0.00015632633121641425
0.0007865168539325843
-9.770395701025892e-05
0.0008695652173913043
6.839276990718124e-05
0.0007376648754274548
5.37371763556424e-05
0.0007572056668295066
1.4655593551538837e-05
0.0008402540302882267
-7.327796775769418e-05
0.0009281875915974596
-2.9311187103077675e-05
0.000806057645334636
-0.00010258915486077186
0.000903761602344895
-0.00016609672691744016
0.0007962872496336101
-1.954079140205178e-05
0.0009428431851489985
-6.839276990718124e-05
0.0007523204689789937
1.4655593551538837e-05
0.0008011724474841231
-3.419638495359062e-05
0.0007816316560820713
4.885197850512945e-06
0.0007376648754274548
-0.00017586712261846604
0.0007181240840254031
-0.0002491450903761602
0.0007914020517830972
-6.35075720566683e-05
0.0008793356130923302
2.9311187103077675e-05
0.0008207132388861749
1.954079140205178e-05
0.0007474352711284806
9.77039570102589e-06
0.0006155349291646311
-0.00014167073766487544
0.000815828041035662
1.954079140205178e-05
0.0007523204689789937
-2.442598925256473e-05
0.0007523204689789937
-0.00020029311187103076
0.0006936980947728383
-0.00012212994626282364
0.000815828041035662
-8.793356130923302e-05
0.0009672691744015633
-0.00013190034196384952
0.0007767464582315583
-8.793356130923302e-05
0.0008500244259892526
-0.0002882266731802638
0.0007914020517830972
-0.0001074743527112848
0.0009379579872984856
-0.00022960429897410844
0.0008500244259892526
4.396678065461651e-05
0.000635075720566683
-4.885197850512946e-05
0.0007816316560820713
-0.0003175378602833415
0.0007718612603810454
-5.37371763556424e-05
0.0008011724474841231
-0.00021006350757205668
0.0007669760625305325
-3.419638495359062e-05
0.0007523204689789937
-0.00011235955056179774
0.0008402540302882267
-7.327796775769418e-05
0.0006741573033707865
-6.35075720566683e-05
0.0007474352711284806
-0.0001172447484123107
0.0007083536883243771
0.0
0.000981924767953102
-6.35075720566683e-05
0.0009623839765510503
-5.862237420615535e-05
0.0008011724474841231
-9.281875915974596e-05
0.0008207132388861749
-0.00019540791402051784
0.000810942843185149
-7.327796775769418e-05
0.00071323888617489
0.0
0.0007962872496336101
-2.9311187103077675e-05
0.0009672691744015633
9.281875915974596e-05
0.0008255984367366878
-4.885197850512946e-05
0.0009184171958964338
-3.419638495359062e-05
0.0008304836345872007
-9.77039570102589e-06
0.0007572056668295066
-0.00012212994626282364
0.0007718612603810454
-3.908158280410356e-05
0.000981924767953102
-0.00013678553981436248
0.000898876404494382
-2.9311187103077675e-05
0.000815828041035662
9.77039570102589e-06
0.0007767464582315583
-8.304836345872008e-05
0.0007278944797264289
-2.9311187103077675e-05
0.0009330727894479727
-0.00014655593551538836
0.0008402540302882267
-0.00013190034196384952
0.0007327796775769418
-9.770395701025892e-05
0.0008597948216902784
-5.37371763556424e-05
0.0008011724474841231
-0.00020029311187103076
0.0008304836345872007
-0.0002540302882266732
0.0010600879335613091
3.908158280410356e-05
0.0008255984367366878
-0.00013190034196384952
0.0007278944797264289
2.9311187103077675e-05
0.0007278944797264289
-2.9311187103077675e-05
0.0008744504152418173
-9.281875915974596e-05
0.0010112359550561798
-0.00013190034196384952
0.0008891060087933561
-4.885197850512946e-05
0.0007474352711284806
-0.0002149487054225696
0.0007865168539325843
-0.0001172447484123107
0.0008842208109428432
-0.00015144113336590132
0.0007865168539325843
-1.4655593551538837e-05
0.0009623839765510503
-9.770395701025892e-05
0.0008304836345872007
-0.0001270151441133366
0.0008793356130923302
-9.770395701025892e-05
0.000898876404494382
-2.9311187103077675e-05
0.0007572056668295066
-0.00011235955056179774
0.0008891060087933561
-2.9311187103077675e-05
0.0007278944797264289
-0.00013678553981436248
0.0006204201270151441
2.442598925256473e-05
0.0006643869076697606
-9.281875915974596e-05
0.0007914020517830972
-1.954079140205178e-05
0.0009281875915974596
0.0
0.000810942843185149
3.908158280410356e-05
0.0007962872496336101
-0.00014167073766487544
0.0009281875915974596
-0.00016609672691744016
0.0008402540302882267
2.442598925256473e-05
0.0006497313141182217
-1.954079140205178e-05
0.0008549096238397655
6.35075720566683e-05
0.0008255984367366878
-8.793356130923302e-05
0.0008011724474841231
-0.00011235955056179774
0.0009428431851489985
-5.37371763556424e-05
0.0008011724474841231
-0.00022960429897410844
0.0008842208109428432
-0.00014655593551538836
0.0008793356130923302
0.0
0.0009428431851489985
-0.00013190034196384952
0.000903761602344895
1.4655593551538837e-05
0.0009135319980459208
1.4655593551538837e-05
0.0009477283829995114
-0.00013678553981436248
0.0007816316560820713
-0.00027357107962872496
0.0008891060087933561
-8.793356130923302e-05
0.0007474352711284806
0.000180752320468979
0.0007523204689789937
-4.885197850512946e-05
0.0007278944797264289
-0.0001709819247679531
0.0007669760625305325
-3.908158280410356e-05
0.0009623839765510503
-0.00016609672691744016
0.0010063507572056667
2.9311187103077675e-05
0.0009770395701025891
-5.862237420615535e-05
0.0007523204689789937
-0.00016609672691744016
0.0009526135808500244
-0.00017586712261846604
0.0009526135808500244
-0.00013190034196384952
0.0008402540302882267
-0.00014655593551538836
0.0008500244259892526
-8.304836345872008e-05
0.0008255984367366878
-3.908158280410356e-05
0.0008304836345872007
-0.00011235955056179774
0.0006643869076697606
-0.00011235955056179774
0.0008695652173913043
4.885197850512946e-05
0.000981924767953102
-9.77039570102589e-06
0.0008549096238397655
6.35075720566683e-05
0.0007865168539325843
-1.954079140205178e-05
0.0009184171958964338
-9.770395701025892e-05
0.0008695652173913043
-6.839276990718124e-05
0.0007620908646800195
-0.00013190034196384952
0.0009721543722520762
-8.793356130923302e-05
0.0008500244259892526
9.770395701025892e-05
0.0008744504152418173
-9.77039570102589e-06
0.0008842208109428432
-0.00012212994626282364
0.000815828041035662
-4.885197850512945e-06
0.0009135319980459208
-6.839276990718124e-05
0.0008793356130923302
-0.00015632633121641425
0.000810942843185149
-0.0001709819247679531
0.0007620908646800195
-3.419638495359062e-05
0.0007572056668295066
-0.0001709819247679531
0.0008793356130923302
-0.0001612115290669272
0.0009428431851489985
-8.793356130923302e-05
0.0008891060087933561
-4.885197850512946e-05
0.000810942843185149
-0.00013190034196384952
0.0007865168539325843
-0.00011235955056179774
0.0009086468001954079
-0.00023937469467513433
0.00071323888617489
-0.00014167073766487544
0.0007962872496336101
-8.304836345872008e-05
0.0009281875915974596
-0.00014167073766487544
0.0008451392281387396
-0.00012212994626282364
0.0006448461162677088
-7.327796775769418e-05
0.0008207132388861749
-0.00019052271617000488
0.00071323888617489
-0.0001270151441133366
0.0008402540302882267
-0.00014167073766487544
0.000806057645334636
-9.281875915974596e-05
0.0007914020517830972
3.908158280410356e-05
0.0008255984367366878
9.281875915974596e-05
0.0007865168539325843
-0.0001612115290669272
0.0007962872496336101
-0.0001612115290669272
0.0008207132388861749
-0.00019052271617000488
0.0007816316560820713
-7.327796775769418e-05
0.0006643869076697606
-0.00015632633121641425
0.0006936980947728383
-0.0001172447484123107
0.0007278944797264289
-7.816316560820712e-05
0.0008744504152418173
-0.00011235955056179774
0.0009477283829995114
1.954079140205178e-05
0.0008402540302882267
-0.00010258915486077186
0.0009184171958964338
2.9311187103077675e-05
0.0008695652173913043
-7.327796775769418e-05
0.0008304836345872007
-0.00015144113336590132
0.0008207132388861749
-5.862237420615535e-05
0.0007523204689789937
-9.281875915974596e-05
0.0009233023937469467
-0.00013190034196384952
0.0008549096238397655
-1.4655593551538837e-05
0.0005080605764533464
-0.00012212994626282364
0.000903761602344895
-6.35075720566683e-05
0.0007816316560820713
-6.35075720566683e-05
0.0008500244259892526
-0.0001709819247679531
0.0010356619443087445
-0.0002589154860771861
0.0007523204689789937
-0.00014167073766487544
0.000903761602344895
-0.00010258915486077186
0.000898876404494382
-9.77039570102589e-06
0.0008255984367366878
-0.00010258915486077186
0.0009233023937469467
-4.885197850512946e-05
0.0007425500732779677
1.954079140205178e-05
0.0009086468001954079
3.419638495359062e-05
0.0009086468001954079
-0.0001612115290669272
0.00071323888617489
-8.304836345872008e-05
0.0009330727894479727
-6.839276990718124e-05
0.0007327796775769418
-8.793356130923302e-05
0.0008500244259892526
-0.00015632633121641425
0.0006448461162677088
-1.954079140205178e-05
0.0007523204689789937
-2.442598925256473e-05
0.0008549096238397655
-0.00011235955056179774
0.000723009281875916
-8.304836345872008e-05
0.0008744504152418173
-0.00014655593551538836
0.0008744504152418173
-9.770395701025892e-05
0.0007962872496336101
-0.00019540791402051784
0.0009086468001954079
-0.00013678553981436248
0.0008891060087933561
-0.0001270151441133366
0.0008744504152418173
-0.0001270151441133366
0.0007962872496336101
-8.793356130923302e-05
0.000986809965803615
3.419638495359062e-05
0.0008842208109428432
-5.862237420615535e-05
0.0007865168539325843
-8.304836345872008e-05
0.0008207132388861749
-6.35075720566683e-05
0.0007572056668295066
-0.00013190034196384952
0.0008891060087933561
-9.77039570102589e-06
0.0010161211529066928
-0.00012212994626282364
0.0007962872496336101
-5.862237420615535e-05
0.0007181240840254031
6.35075720566683e-05
0.0007962872496336101
-0.00012212994626282364
0.0008891060087933561
-3.908158280410356e-05
0.0010210063507572057
-6.839276990718124e-05
0.0007620908646800195
-6.839276990718124e-05
0.0009184171958964338
-6.35075720566683e-05
0.0008402540302882267
-4.396678065461651e-05
0.0009233023937469467
4.885197850512945e-06
0.0008500244259892526
-3.419638495359062e-05
0.0008500244259892526
-0.00015144113336590132
0.0007523204689789937
-4.885197850512946e-05
0.0009233023937469467
-2.442598925256473e-05
0.000893991206643869
7.816316560820712e-05
0.0010112359550561798
0.00016609672691744016
0.0008255984367366878
-1.954079140205178e-05
0.000810942843185149
-7.816316560820712e-05
0.0007181240840254031
-8.304836345872008e-05
0.000806057645334636
-4.885197850512946e-05
0.0009086468001954079
-1.4655593551538837e-05
0.0008451392281387396
9.77039570102589e-06
0.0008842208109428432
0.0
0.0008500244259892526
-0.00020029311187103076
0.0010258915486077186
3.908158280410356e-05
0.000898876404494382
-8.793356130923302e-05
0.0009086468001954079
-1.4655593551538837e-05
0.0007620908646800195
-3.419638495359062e-05
0.000635075720566683
-0.00015144113336590132
0.0010161211529066928
-7.816316560820712e-05
0.0009184171958964338
-2.9311187103077675e-05
0.0009281875915974596
-0.00011235955056179774
0.0007767464582315583
-8.304836345872008e-05
0.0009721543722520762
-0.00016609672691744016
0.0009477283829995114
-0.00013678553981436248
0.000893991206643869
-7.327796775769418e-05
0.0007523204689789937
4.885197850512946e-05
0.0009526135808500244
-1.954079140205178e-05
0.0006204201270151441
-4.885197850512945e-06
0.0009281875915974596
-0.00019540791402051784
0.0007376648754274548
-6.839276990718124e-05
0.0008793356130923302
5.37371763556424e-05
0.0006057645334636053
-0.00014655593551538836
0.0005666829506595017
-0.0003663898387884709
0.0008597948216902784
-0.0001709819247679531
0.0007425500732779677
7.816316560820712e-05
0.0007083536883243771
-8.793356130923302e-05
0.0007914020517830972
-6.35075720566683e-05
0.0008304836345872007
-9.77039570102589e-06
0.0008597948216902784
-0.00012212994626282364
0.0008842208109428432
-8.304836345872008e-05
0.0005813385442110405
-3.419638495359062e-05
0.000903761602344895
6.839276990718124e-05
0.0008353688324377137
7.816316560820712e-05
0.0009428431851489985
-6.839276990718124e-05
0.0009135319980459208
4.885197850512945e-06
0.000986809965803615
9.77039570102589e-06
0.0008500244259892526
-9.281875915974596e-05
0.0007083536883243771
-0.00013678553981436248
0.0007278944797264289
-0.0001172447484123107
0.0010356619443087445
-2.442598925256473e-05
0.0010112359550561798
0.0001709819247679531
0.0007083536883243771
0.0
0.0008842208109428432
-2.442598925256473e-05
0.0007962872496336101
-0.0001709819247679531
0.0009379579872984856
-7.816316560820712e-05
0.0008304836345872007
-6.35075720566683e-05
0.0008695652173913043
-9.281875915974596e-05
0.0009086468001954079
9.77039570102589e-06
0.000898876404494382
-0.00014167073766487544
0.0008646800195407913
-2.442598925256473e-05
0.0007523204689789937
2.442598925256473e-05
0.000986809965803615
3.908158280410356e-05
0.0009281875915974596
-9.77039570102589e-06
0.0008500244259892526
-0.00013678553981436248
0.0007572056668295066
6.35075720566683e-05
0.0007523204689789937
-6.839276990718124e-05
0.0009233023937469467
9.77039570102589e-06
0.0007718612603810454
-6.35075720566683e-05
0.0007865168539325843
-5.37371763556424e-05
0.0009086468001954079
-7.327796775769418e-05
0.0007572056668295066
3.419638495359062e-05
0.0008646800195407913
-0.0001612115290669272
0.0008793356130923302
-4.885197850512945e-06
0.0010454323400097703
4.396678065461651e-05
0.0007474352711284806
-4.885197850512945e-06
0.0007425500732779677
-1.954079140205178e-05
0.0008695652173913043
-5.862237420615535e-05
0.000893991206643869
4.885197850512946e-05
0.0007962872496336101
-0.0003517342452369321
0.0009623839765510503
3.908158280410356e-05
0.0007718612603810454
-0.00019540791402051784
0.0007572056668295066
-0.0001172447484123107
0.0006692721055202736
9.77039570102589e-06
0.0008549096238397655
-0.0001709819247679531
0.0009135319980459208
-1.954079140205178e-05
0.0009770395701025891
-0.0001709819247679531
0.0008744504152418173
1.4655593551538837e-05
0.0007474352711284806
-0.00014655593551538836
0.0009477283829995114
-9.281875915974596e-05
0.0006839276990718123
2.442598925256473e-05
0.0009574987787005373
-0.00014655593551538836
0.0006839276990718123
-7.327796775769418e-05
0.0007474352711284806
-1.954079140205178e-05
0.0008304836345872007
2.442598925256473e-05
0.0007474352711284806
-0.00015144113336590132
0.0006936980947728383
-2.442598925256473e-05
0.0007865168539325843
4.885197850512945e-06
0.0007425500732779677
3.419638495359062e-05
0.0008304836345872007
4.396678065461651e-05
0.0009330727894479727
6.839276990718124e-05
0.000898876404494382
-7.327796775769418e-05
0.0008597948216902784
-0.00012212994626282364
0.0010161211529066928
-2.9311187103077675e-05
0.0008207132388861749
4.885197850512945e-06
0.0008597948216902784
0.0
0.000806057645334636
-0.00015632633121641425
0.0007669760625305325
9.77039570102589e-06
0.0007767464582315583
4.396678065461651e-05
0.0008744504152418173
5.37371763556424e-05
0.000903761602344895
0.0001074743527112848
0.0007474352711284806
-3.419638495359062e-05
0.0008402540302882267
-1.954079140205178e-05
0.0009281875915974596
-0.00015144113336590132
0.0007914020517830972
-0.00014167073766487544
0.0008011724474841231
-8.304836345872008e-05
0.0009135319980459208
-8.304836345872008e-05
0.0007474352711284806
-0.00019540791402051784
0.0009184171958964338
-0.00013678553981436248
0.0009574987787005373
0.0
0.0008891060087933561
-0.00014167073766487544
0.00071323888617489
0.0
0.0010454323400097703
-4.396678065461651e-05
0.0007767464582315583
-4.396678065461651e-05
0.0008842208109428432
-0.00021006350757205668
0.0008744504152418173
0.0001270151441133366
0.0008011724474841231
1.4655593551538837e-05
0.0007914020517830972
-9.770395701025892e-05
0.000723009281875916
-2.9311187103077675e-05
0.0009721543722520762
8.793356130923302e-05
0.0009623839765510503
-7.327796775769418e-05
0.000986809965803615
2.442598925256473e-05
0.0007572056668295066
-0.0001270151441133366
0.0006399609184171959
-2.442598925256473e-05
0.0006985832926233512
3.419638495359062e-05
0.000893991206643869
-2.442598925256473e-05
0.0006643869076697606
-0.0001270151441133366
0.000815828041035662
3.419638495359062e-05
0.0008646800195407913
-8.304836345872008e-05
0.0007914020517830972
-0.00011235955056179774
0.0009330727894479727
-0.00010258915486077186
0.000898876404494382
-5.862237420615535e-05
0.0008793356130923302
-2.442598925256473e-05
0.0006888128969223254
0.00013190034196384952
0.0006448461162677088
-5.37371763556424e-05
0.0008500244259892526
-0.00011235955056179774
0.0008255984367366878
4.885197850512945e-06
0.0008646800195407913
-0.00019540791402051784
0.0006692721055202736
-6.839276990718124e-05
0.0007914020517830972
-0.00015144113336590132
0.0008451392281387396
-4.396678065461651e-05
0.0008891060087933561
-0.0001612115290669272
0.0007865168539325843
-0.00010258915486077186
0.000810942843185149
9.77039570102589e-06
0.0008744504152418173
-5.37371763556424e-05
0.0008451392281387396
-4.885197850512946e-05
0.0008597948216902784
-0.0001270151441133366
0.0007523204689789937
-8.304836345872008e-05
0.0007914020517830972
-0.00013190034196384952
0.0007376648754274548
-0.00013190034196384952
0.0007572056668295066
0.0001074743527112848
0.0007620908646800195
-0.00010258915486077186
0.0007083536883243771
4.396678065461651e-05
0.0007474352711284806
-4.885197850512945e-06
0.0006692721055202736
-5.37371763556424e-05
0.000815828041035662
-8.304836345872008e-05
0.0008353688324377137
-3.419638495359062e-05
0.0009428431851489985
0.0001074743527112848
0.0007962872496336101
-5.37371763556424e-05
0.0010063507572056667
-9.770395701025892e-05
0.0009428431851489985
0.00013190034196384952
0.0008842208109428432
-7.327796775769418e-05
0.000815828041035662
-2.442598925256473e-05
0.0008646800195407913
-2.442598925256473e-05
0.0007718612603810454
-0.00012212994626282364
0.0007718612603810454
2.442598925256473e-05
0.0009770395701025891
-1.954079140205178e-05
0.0008695652173913043
-0.00014655593551538836
0.0007376648754274548
-9.77039570102589e-06
0.0008255984367366878
-0.00022960429897410844
0.0006936980947728383
-5.37371763556424e-05
0.0008646800195407913
-7.327796775769418e-05
0.0006985832926233512
1.954079140205178e-05
0.0008353688324377137
1.4655593551538837e-05
0.0008304836345872007
-5.37371763556424e-05
0.0008793356130923302
0.00014167073766487544
0.0008891060087933561
2.442598925256473e-05
0.0006643869076697606
-9.770395701025892e-05
0.0006057645334636053
8.793356130923302e-05
0.0007865168539325843
-5.37371763556424e-05
0.000986809965803615
4.885197850512945e-06
0.0008304836345872007
5.862237420615535e-05
0.0007914020517830972
-4.396678065461651e-05
0.000903761602344895
-1.4655593551538837e-05
0.0010258915486077186
-3.908158280410356e-05
0.0010112359550561798
-8.304836345872008e-05
0.0010503175378602833
-8.793356130923302e-05
0.0008255984367366878
-1.4655593551538837e-05
0.0009184171958964338
-1.954079140205178e-05
0.0007572056668295066
-4.885197850512946e-05
0.0008304836345872007
0.0
0.0007669760625305325
-0.00011235955056179774
0.0010112359550561798
6.35075720566683e-05
0.0008353688324377137
-4.885197850512945e-06
0.000991695163654128
-7.816316560820712e-05
0.000898876404494382
0.00012212994626282364
0.0008255984367366878
-0.00012212994626282364
0.000815828041035662
2.442598925256473e-05
0.0008744504152418173
-4.885197850512945e-06
0.00071323888617489
-7.816316560820712e-05
0.0009623839765510503
4.396678065461651e-05
0.0008695652173913043
-0.00011235955056179774
0.000810942843185149
-7.327796775769418e-05
0.0006497313141182217
-4.885197850512945e-06
0.0008793356130923302
2.442598925256473e-05
0.0007767464582315583
9.770395701025892e-05
0.0009233023937469467
-7.816316560820712e-05
0.0008597948216902784
-0.00018563751831949193
0.000903761602344895
1.4655593551538837e-05
0.0007865168539325843
2.9311187103077675e-05
0.0007523204689789937
4.885197850512945e-06
0.0007962872496336101
5.862237420615535e-05
0.0007376648754274548
-0.00019540791402051784
0.0008891060087933561
-7.816316560820712e-05
0.0007669760625305325
-0.00011235955056179774
0.0009233023937469467
-8.793356130923302e-05
0.000723009281875916
-5.862237420615535e-05
0.0008451392281387396
-0.00012212994626282364
0.0008549096238397655
-9.77039570102589e-06
0.0005666829506595017
-4.885197850512945e-06
0.0010356619443087445
-0.0001172447484123107
0.0007327796775769418
-9.77039570102589e-06
0.0008842208109428432
-5.862237420615535e-05
0.0009526135808500244
-0.00022960429897410844
0.001089399120664387
0.00020517830972154372
0.000898876404494382
-0.0001270151441133366
0.000893991206643869
0.0001270151441133366
0.0007278944797264289
4.396678065461651e-05
0.0009281875915974596
-3.908158280410356e-05
0.0008255984367366878
-9.770395701025892e-05
0.000903761602344895
7.816316560820712e-05
0.0010014655593551538
-6.35075720566683e-05
0.0008207132388861749
8.793356130923302e-05
0.0008353688324377137
4.885197850512946e-05
0.000991695163654128
4.885197850512945e-06
0.0007865168539325843
-4.885197850512945e-06
0.0008207132388861749
-6.839276990718124e-05
0.0007962872496336101
-9.770395701025892e-05
0.0008891060087933561
-1.4655593551538837e-05
0.0007718612603810454
-5.862237420615535e-05
0.0009672691744015633
-0.00013190034196384952
0.0008842208109428432
-2.442598925256473e-05
0.0008891060087933561
6.839276990718124e-05
0.0008549096238397655
7.816316560820712e-05
0.0009526135808500244
9.770395701025892e-05
0.0009184171958964338
0.0001074743527112848
0.0008549096238397655
-8.793356130923302e-05
0.0007376648754274548
-0.00015144113336590132
0.000903761602344895
3.908158280410356e-05
0.0008793356130923302
-0.00019540791402051784
0.000903761602344895
-8.793356130923302e-05
0.0008744504152418173
-0.00016609672691744016
0.0006399609184171959
-4.885197850512945e-06
0.0008353688324377137
-9.77039570102589e-06
0.0008255984367366878
-4.885197850512945e-06
0.0008549096238397655
1.4655593551538837e-05
0.0009086468001954079
1.4655593551538837e-05
0.0008646800195407913
-9.281875915974596e-05
0.0007425500732779677
-1.954079140205178e-05
0.0005178309721543722
-0.00020029311187103076
0.0007523204689789937
-0.0001074743527112848
0.0010014655593551538
0.0
0.0007425500732779677
-0.00011235955056179774
0.000806057645334636
1.954079140205178e-05
0.0009965803615046408
4.396678065461651e-05
0.0010014655593551538
0.00014655593551538836
0.0008549096238397655
-0.00021983390327308256
0.0009428431851489985
-9.281875915974596e-05
0.0008793356130923302
-6.839276990718124e-05
0.000903761602344895
-0.00015144113336590132
0.0007962872496336101
-3.419638495359062e-05
0.0008402540302882267
-9.770395701025892e-05
0.000898876404494382
-0.00010258915486077186
0.0009281875915974596
-7.327796775769418e-05
0.0007278944797264289
-0.0001172447484123107
0.0009428431851489985
-0.00017586712261846604
0.0007327796775769418
3.419638495359062e-05
0.00071323888617489
-0.00019052271617000488
0.00063019052271617
-2.442598925256473e-05
0.0009135319980459208
0.00016609672691744016
0.0008597948216902784
-3.419638495359062e-05
0.0008695652173913043
-0.00015144113336590132
0.0007962872496336101
-3.419638495359062e-05
0.0007914020517830972
-7.327796775769418e-05
0.0009428431851489985
3.419638495359062e-05
0.0009428431851489985
0.00017586712261846604
0.0008011724474841231
3.908158280410356e-05
0.0009184171958964338
-7.816316560820712e-05
0.0008646800195407913
-7.816316560820712e-05
0.0009135319980459208
-0.0001172447484123107
0.0007083536883243771
-8.793356130923302e-05
0.0009477283829995114
9.77039570102589e-06
0.0008304836345872007
3.419638495359062e-05
0.0008549096238397655
-8.304836345872008e-05
0.0009281875915974596
-5.862237420615535e-05
0.0007083536883243771
-7.816316560820712e-05
0.0007914020517830972
5.862237420615535e-05
0.0010552027357107962
-8.304836345872008e-05
0.0007278944797264289
-0.00012212994626282364
0.000903761602344895
-5.37371763556424e-05
0.000893991206643869
2.9311187103077675e-05
0.000806057645334636
-0.00011235955056179774
0.0007474352711284806
-9.770395701025892e-05
0.0007425500732779677
7.816316560820712e-05
0.001172447484123107
1.4655593551538837e-05
0.0008255984367366878
-5.37371763556424e-05
0.0008353688324377137
-0.0001074743527112848
0.0006546165119687347
-1.954079140205178e-05
0.0008695652173913043
2.9311187103077675e-05
0.0007278944797264289
-0.000180752320468979
0.0008304836345872007
-4.396678065461651e-05
0.0008255984367366878
3.419638495359062e-05
0.000810942843185149
1.4655593551538837e-05
0.0009379579872984856
2.9311187103077675e-05
0.0008793356130923302
1.954079140205178e-05
0.0009623839765510503
4.396678065461651e-05
0.000898876404494382
8.304836345872008e-05
0.0009135319980459208
-8.793356130923302e-05
0.0007718612603810454
-3.908158280410356e-05
0.000806057645334636
-3.419638495359062e-05
0.000810942843185149
-4.885197850512946e-05
0.0009233023937469467
0.0
0.0008549096238397655
-8.304836345872008e-05
0.0008500244259892526
-0.00011235955056179774
0.0009086468001954079
5.862237420615535e-05
0.0007083536883243771
0.00010258915486077186
0.0009379579872984856
-6.839276990718124e-05
0.0007865168539325843
-5.862237420615535e-05
0.000991695163654128
-9.281875915974596e-05
0.0007669760625305325
-0.00014655593551538836
0.0006106497313141182
-2.9311187103077675e-05
0.000723009281875916
-7.327796775769418e-05
0.0008207132388861749
-6.839276990718124e-05
0.0007718612603810454
3.419638495359062e-05
0.0007865168539325843
-0.00020029311187103076
0.0008011724474841231
-6.839276990718124e-05
0.000903761602344895
3.419638495359062e-05
0.0008500244259892526
-0.00015144113336590132
0.0008304836345872007
-0.00013678553981436248
0.0008255984367366878
-0.00011235955056179774
0.0008011724474841231
3.419638495359062e-05
0.0008255984367366878
-4.885197850512946e-05
0.0006692721055202736
6.35075720566683e-05
0.0009233023937469467
-6.839276990718124e-05
0.0008597948216902784
-6.839276990718124e-05
0.0009672691744015633
-9.281875915974596e-05
0.0007865168539325843
8.793356130923302e-05
0.0008304836345872007
1.4655593551538837e-05
0.0009526135808500244
-4.396678065461651e-05
0.0007669760625305325
6.839276990718124e-05
0.0007181240840254031
-1.954079140205178e-05
0.0010454323400097703
-4.885197850512945e-06
0.0010063507572056667
-8.304836345872008e-05
0.0006985832926233512
8.793356130923302e-05
0.0007865168539325843
-0.00021006350757205668
0.0009574987787005373
-8.304836345872008e-05
0.000986809965803615
0.00011235955056179774
0.0009330727894479727
-4.396678065461651e-05
0.0008255984367366878
-4.885197850512946e-05
0.0007865168539325843
-0.00014655593551538836
0.000981924767953102
-5.37371763556424e-05
0.0008744504152418173
-9.77039570102589e-06
0.000806057645334636
2.9311187103077675e-05
0.0007474352711284806
-2.9311187103077675e-05
0.0008255984367366878
8.304836345872008e-05
0.000981924767953102
-0.00010258915486077186
0.0008402540302882267
-0.00012212994626282364
0.0008842208109428432
3.908158280410356e-05
0.0008451392281387396
4.885197850512946e-05
0.0008891060087933561
-0.00021006350757205668
0.0008793356130923302
-0.00010258915486077186
0.0009526135808500244
-2.442598925256473e-05
0.0007914020517830972
-4.885197850512946e-05
0.000981924767953102
-0.0001709819247679531
0.0008207132388861749
0.0
0.0009086468001954079
0.0001172447484123107
0.0008353688324377137
7.816316560820712e-05
0.0007474352711284806
-4.885197850512946e-05
0.0007181240840254031
-2.9311187103077675e-05
0.0008549096238397655
-1.954079140205178e-05
0.0008255984367366878
0.00015632633121641425
0.0007767464582315583
-6.35075720566683e-05
0.0007376648754274548
-2.442598925256473e-05
0.0007181240840254031
1.954079140205178e-05
0.0008744504152418173
-8.304836345872008e-05
0.0006057645334636053
-6.839276990718124e-05
0.0007962872496336101
-5.862237420615535e-05
0.000815828041035662
-6.839276990718124e-05
0.0009281875915974596
1.4655593551538837e-05
0.0008011724474841231
-0.00010258915486077186
0.0007327796775769418
-0.00013678553981436248
0.0009233023937469467
-0.00011235955056179774
0.0009623839765510503
-0.00010258915486077186
0.0007474352711284806
0.0
0.000893991206643869
7.816316560820712e-05
0.0008207132388861749
9.77039570102589e-06
0.0010210063507572057
-0.00010258915486077186
0.0008304836345872007
-0.00014167073766487544
0.0007620908646800195
-4.885197850512945e-06
0.0008011724474841231
-9.77039570102589e-06
0.0008353688324377137
9.77039570102589e-06
0.0008646800195407913
-0.00018563751831949193
0.0007718612603810454
5.862237420615535e-05
0.000806057645334636
-1.954079140205178e-05
0.0010258915486077186
2.9311187103077675e-05
0.0009184171958964338
4.885197850512946e-05
0.0007327796775769418
1.954079140205178e-05
0.0007523204689789937
-0.0002149487054225696
0.0009086468001954079
1.954079140205178e-05
0.0009233023937469467
-7.816316560820712e-05
0.0008353688324377137
0.00020029311187103076
0.0007865168539325843
4.885197850512945e-06
0.000815828041035662
-0.00021006350757205668
0.0008207132388861749
-0.00014655593551538836
0.000898876404494382
-7.327796775769418e-05
0.0008646800195407913
-0.00010258915486077186
0.0008549096238397655
-3.419638495359062e-05
0.0009672691744015633
9.77039570102589e-06
0.0008793356130923302
-6.35075720566683e-05
0.000898876404494382
-7.327796775769418e-05
0.0008451392281387396
-6.35075720566683e-05
0.0008793356130923302
-0.00011235955056179774
0.000893991206643869
-0.00011235955056179774
0.000723009281875916
9.77039570102589e-06
0.0010258915486077186
9.281875915974596e-05
0.0009330727894479727
3.419638495359062e-05
0.0007425500732779677
-0.00014655593551538836
0.0007572056668295066
7.327796775769418e-05
0.0008304836345872007
-1.4655593551538837e-05
0.000815828041035662
3.908158280410356e-05
0.0009086468001954079
-0.00018563751831949193
0.0006155349291646311
-5.37371763556424e-05
0.000815828041035662
-9.77039570102589e-06
0.0007669760625305325
4.396678065461651e-05
0.0007620908646800195
8.304836345872008e-05
0.0007620908646800195
-4.396678065461651e-05
0.000898876404494382
-3.419638495359062e-05
0.0008353688324377137
-0.00015144113336590132
0.0007376648754274548
-6.839276990718124e-05
0.0009526135808500244
-0.00015144113336590132
0.0008304836345872007
3.419638495359062e-05
0.0007816316560820713
-3.419638495359062e-05
0.0007718612603810454
0.000180752320468979
0.0009135319980459208
9.77039570102589e-06
0.0008793356130923302
-7.327796775769418e-05
0.000903761602344895
6.839276990718124e-05
0.0006155349291646311
-9.770395701025892e-05
0.0009721543722520762
-0.00010258915486077186
0.0007767464582315583
-3.908158280410356e-05
0.0008891060087933561
-0.0001074743527112848
0.0007767464582315583
-3.419638495359062e-05
0.0008549096238397655
-0.00016609672691744016
0.0008011724474841231
-0.00014167073766487544
0.0007962872496336101
-2.442598925256473e-05
0.0009086468001954079
-0.0001172447484123107
0.0008207132388861749
0.0001074743527112848
0.0007718612603810454
-8.304836345872008e-05
0.000991695163654128
-4.885197850512945e-06
0.0006985832926233512
-8.793356130923302e-05
0.0008207132388861749
-9.770395701025892e-05
0.000806057645334636
1.4655593551538837e-05
0.0009086468001954079
9.281875915974596e-05
0.0008549096238397655
-6.839276990718124e-05
0.000893991206643869
-9.770395701025892e-05
0.0008646800195407913
-0.00012212994626282364
0.0007914020517830972
6.35075720566683e-05
0.000806057645334636
-0.00019540791402051784
0.0010356619443087445
-0.0001074743527112848
0.0006497313141182217
0.0
0.0008597948216902784
-0.00013678553981436248
0.0008353688324377137
3.908158280410356e-05
0.000723009281875916
-5.862237420615535e-05
0.0007914020517830972
0.00014655593551538836
0.0010405471421592574
-2.442598925256473e-05
0.0007718612603810454
-8.793356130923302e-05
0.0009330727894479727
-1.4655593551538837e-05
0.0008500244259892526
-0.00026380068392769905
0.0006008793356130923
-5.37371763556424e-05
0.0008646800195407913
4.396678065461651e-05
0.0008842208109428432
4.885197850512945e-06
0.0009623839765510503
2.442598925256473e-05
0.0009721543722520762
-4.396678065461651e-05
0.0008793356130923302
1.4655593551538837e-05
0.0007425500732779677
3.908158280410356e-05
0.000815828041035662
3.419638495359062e-05
0.0009477283829995114
-1.954079140205178e-05
0.000806057645334636
5.862237420615535e-05
0.0008597948216902784
5.37371763556424e-05
0.0008451392281387396
9.77039570102589e-06
0.0008891060087933561
-8.793356130923302e-05
0.0008402540302882267
-4.885197850512945e-06
0.0007278944797264289
-7.327796775769418e-05
0.0008891060087933561
2.442598925256473e-05
0.0009233023937469467
-3.419638495359062e-05
0.0010307767464582316
-7.816316560820712e-05
0.000893991206643869
-6.35075720566683e-05
0.0008549096238397655
-0.00010258915486077186
0.0008500244259892526
-1.954079140205178e-05
0.0009281875915974596
-9.77039570102589e-06
0.0007327796775769418
-7.327796775769418e-05
0.0008549096238397655
-5.862237420615535e-05
0.0009379579872984856
2.442598925256473e-05
0.0007914020517830972
7.816316560820712e-05
0.0005862237420615535
3.419638495359062e-05
0.0009086468001954079
-9.77039570102589e-06
0.0007620908646800195
4.396678065461651e-05
0.0007767464582315583
-0.00012212994626282364
0.0009428431851489985
4.396678065461651e-05
0.0009721543722520762
-4.885197850512945e-06
0.0009526135808500244
-0.0002540302882266732
0.0009770395701025891
5.37371763556424e-05
0.0007523204689789937
-0.00017586712261846604
0.0009281875915974596
9.770395701025892e-05
0.0008207132388861749
-6.839276990718124e-05
0.0008500244259892526
-1.4655593551538837e-05
0.000991695163654128
8.304836345872008e-05
0.0008304836345872007
-4.885197850512946e-05
0.0007767464582315583
-0.0001172447484123107
0.0007572056668295066
-0.00015632633121641425
0.0009623839765510503
-9.281875915974596e-05
0.0008695652173913043
9.770395701025892e-05
0.0007718612603810454
-0.00026868588177821203
0.000898876404494382
4.885197850512946e-05
0.0008304836345872007
9.770395701025892e-05
0.0009281875915974596
-0.00010258915486077186
0.0009135319980459208
-2.442598925256473e-05
0.0009233023937469467
-4.885197850512946e-05
0.0008646800195407913
-0.00021006350757205668
0.0008695652173913043
-7.816316560820712e-05
0.0009379579872984856
-3.908158280410356e-05
0.000903761602344895
-2.442598925256473e-05
0.0007962872496336101
-0.0001612115290669272
0.000986809965803615
-0.0001270151441133366
0.0007083536883243771
-6.35075720566683e-05
0.0009281875915974596
-2.9311187103077675e-05
0.0010210063507572057
-3.419638495359062e-05
0.0008011724474841231
-4.396678065461651e-05
0.0007816316560820713
-0.0001709819247679531
0.0009086468001954079
-4.885197850512946e-05
0.0008402540302882267
-5.37371763556424e-05
0.0009623839765510503
-0.00010258915486077186
0.0008891060087933561
-0.00018563751831949193
0.0008451392281387396
-0.0001074743527112848
0.0006057645334636053
4.396678065461651e-05
0.0009965803615046408
-0.0002540302882266732
0.0009477283829995114
-1.954079140205178e-05
0.000723009281875916
-9.77039570102589e-06
0.0007914020517830972
1.4655593551538837e-05
0.0007962872496336101
-7.816316560820712e-05
0.000898876404494382
-0.00018563751831949193
0.0008402540302882267
4.396678065461651e-05
0.0009965803615046408
5.37371763556424e-05
0.0009233023937469467
0.00013678553981436248
0.0008500244259892526
0.00014655593551538836
0.0009135319980459208
-8.793356130923302e-05
0.0010161211529066928
5.37371763556424e-05
0.0008549096238397655
-0.00012212994626282364
0.0008695652173913043
-0.00015632633121641425
0.0007425500732779677
-0.0001270151441133366
0.0008304836345872007
-3.419638495359062e-05
0.0010161211529066928
3.419638495359062e-05
0.0008646800195407913
-5.37371763556424e-05
0.0008842208109428432
-0.0001074743527112848
0.0007376648754274548
9.77039570102589e-06
0.0009281875915974596
5.862237420615535e-05
0.0007816316560820713
-7.816316560820712e-05
0.0008207132388861749
-0.00014655593551538836
0.000806057645334636
-9.77039570102589e-06
0.0010063507572056667
7.327796775769418e-05
0.0009135319980459208
-9.281875915974596e-05
0.0008402540302882267
4.885197850512945e-06
0.0009428431851489985
-9.770395701025892e-05
0.0008500244259892526
-0.00010258915486077186
0.0007962872496336101
6.839276990718124e-05
0.0009428431851489985
-7.327796775769418e-05
0.0007816316560820713
0.00013678553981436248
0.0008597948216902784
-4.396678065461651e-05
0.0008402540302882267
-9.281875915974596e-05
0.0007962872496336101
-0.00014655593551538836
0.0008011724474841231
-2.442598925256473e-05
0.0009623839765510503
3.419638495359062e-05
0.0007718612603810454
-0.0001270151441133366
0.0009721543722520762
-5.37371763556424e-05
0.000815828041035662
-0.0002149487054225696
0.0007181240840254031
-1.4655593551538837e-05
0.0008451392281387396
4.885197850512945e-06
0.0007034684904738642
-6.839276990718124e-05
0.0007914020517830972
-0.0002149487054225696
0.0008451392281387396
-8.304836345872008e-05
0.0007865168539325843
-4.396678065461651e-05
0.0008549096238397655
-0.0001172447484123107
0.0007669760625305325
-9.77039570102589e-06
0.0008304836345872007
-1.954079140205178e-05
0.0007816316560820713
-0.00019540791402051784
0.0007669760625305325
-0.00012212994626282364
0.0008451392281387396
6.35075720566683e-05
0.0009086468001954079
0.0
0.0008695652173913043
-2.442598925256473e-05
0.00071323888617489
1.4655593551538837e-05
0.000815828041035662
-0.0001074743527112848
0.0007523204689789937
-2.9311187103077675e-05
0.0008597948216902784
-0.00012212994626282364
0.000981924767953102
8.304836345872008e-05
0.0009184171958964338
-3.419638495359062e-05
0.0010210063507572057
-9.77039570102589e-06
0.000898876404494382
2.9311187103077675e-05
0.0008011724474841231
-0.00019540791402051784
0.0007376648754274548
-2.442598925256473e-05
0.0010698583292623352
0.00015632633121641425
0.0009330727894479727
-0.00012212994626282364
0.0009281875915974596
1.4655593551538837e-05
0.000903761602344895
-0.0001270151441133366
0.0008255984367366878
-1.954079140205178e-05
0.000893991206643869
5.37371763556424e-05
0.0007034684904738642
-7.327796775769418e-05
0.0010991695163654128
-7.327796775769418e-05
0.0009574987787005373
0.00013190034196384952
0.0008744504152418173
8.793356130923302e-05
0.0008011724474841231
-4.885197850512945e-06
0.0009526135808500244
-0.0001074743527112848
0.000723009281875916
2.442598925256473e-05
0.0007474352711284806
-5.37371763556424e-05
0.0008597948216902784
-0.00010258915486077186
0.000898876404494382
-0.00015632633121641425
0.0007034684904738642
2.9311187103077675e-05
0.0007767464582315583
-0.0001074743527112848
0.0007425500732779677
-6.839276990718124e-05
0.0008011724474841231
0.0
0.0008500244259892526
-8.793356130923302e-05
0.0007816316560820713
-9.770395701025892e-05
0.0007327796775769418
0.00023937469467513433
0.0007767464582315583
-0.00014167073766487544
0.0009770395701025891
0.00013678553981436248
0.0008207132388861749
2.9311187103077675e-05
0.0007767464582315583
-0.00021006350757205668
0.0008549096238397655
5.862237420615535e-05
0.000991695163654128
-4.396678065461651e-05
0.0008646800195407913
-0.00012212994626282364
0.0008597948216902784
4.396678065461651e-05
0.0009526135808500244
3.419638495359062e-05
0.0009574987787005373
-3.419638495359062e-05
0.000981924767953102
-0.00015144113336590132
0.0007278944797264289
4.885197850512945e-06
0.0006985832926233512
-2.442598925256473e-05
0.0008549096238397655
-0.00010258915486077186
0.0009184171958964338
8.304836345872008e-05
0.0008646800195407913
-9.281875915974596e-05
0.000893991206643869
-5.37371763556424e-05
0.0007327796775769418
4.396678065461651e-05
0.000898876404494382
9.281875915974596e-05
0.0010258915486077186
1.4655593551538837e-05
0.0009526135808500244
1.4655593551538837e-05
0.0008695652173913043
-6.839276990718124e-05
0.0007376648754274548
-4.396678065461651e-05
0.000806057645334636
-4.885197850512945e-06
0.0009721543722520762
8.793356130923302e-05
0.0010063507572056667
-5.862237420615535e-05
0.0007816316560820713
-3.419638495359062e-05
0.0007962872496336101
-3.419638495359062e-05
0.0010161211529066928
-0.00026868588177821203
0.0009526135808500244
-9.281875915974596e-05
0.0007767464582315583
-6.35075720566683e-05
0.0007865168539325843
-0.0001270151441133366
0.0007181240840254031
1.4655593551538837e-05
0.0008646800195407913
1.954079140205178e-05
0.000903761602344895
-1.954079140205178e-05
0.0006595017098192477
-0.00022960429897410844
0.0007376648754274548
0.0001270151441133366
0.0008744504152418173
4.396678065461651e-05
0.0009672691744015633
-0.0002589154860771861
0.0007914020517830972
-0.00021006350757205668
0.0008549096238397655
-9.77039570102589e-06
0.0009184171958964338
5.37371763556424e-05
0.000810942843185149
0.0
0.0006936980947728383
-9.281875915974596e-05
0.0008744504152418173
-9.281875915974596e-05
0.0007327796775769418
-2.442598925256473e-05
0.0009526135808500244
-3.419638495359062e-05
0.0008207132388861749
-0.00014655593551538836
0.0010063507572056667
-4.396678065461651e-05
0.0007376648754274548
3.908158280410356e-05
0.0007914020517830972
-9.281875915974596e-05
0.0008255984367366878
9.770395701025892e-05
0.001064973131411822
-1.954079140205178e-05
0.0009330727894479727
-2.442598925256473e-05
0.0010356619443087445
8.793356130923302e-05
0.0007669760625305325
-0.00014167073766487544
0.0008695652173913043
4.885197850512945e-06
0.0007718612603810454
-8.793356130923302e-05
0.0009233023937469467
-0.0001172447484123107
0.0008597948216902784
-4.885197850512945e-06
0.000986809965803615
-0.00013678553981436248
0.0008451392281387396
-4.396678065461651e-05
0.0009330727894479727
-0.00010258915486077186
0.0007327796775769418
-7.816316560820712e-05
0.0009574987787005373
-0.0001270151441133366
0.0008597948216902784
-2.9311187103077675e-05
0.0010503175378602833
-0.00015144113336590132
0.000806057645334636
2.9311187103077675e-05
0.0007523204689789937
-0.00019052271617000488
0.0009281875915974596
4.885197850512945e-06
0.0009330727894479727
-0.00010258915486077186
0.0008451392281387396
-4.885197850512946e-05
0.0007816316560820713
7.816316560820712e-05
0.0008549096238397655
0.00016609672691744016
0.0009574987787005373
-5.862237420615535e-05
0.0007914020517830972
0.00013190034196384952
0.0008597948216902784
-8.793356130923302e-05
0.0008695652173913043
8.793356130923302e-05
0.000815828041035662
-1.4655593551538837e-05
0.0009281875915974596
9.77039570102589e-06
0.0008353688324377137
0.0001074743527112848
0.0009526135808500244
-8.793356130923302e-05
0.0006790425012212994
4.885197850512945e-06
0.0009233023937469467
6.35075720566683e-05
0.0008549096238397655
-0.0001172447484123107
0.000981924767953102
-0.00011235955056179774
0.0009721543722520762
0.00018563751831949193
0.0009281875915974596
-0.0001172447484123107
0.0008646800195407913
0.00015632633121641425
0.0010161211529066928
2.442598925256473e-05
0.000893991206643869
-8.304836345872008e-05
0.0008500244259892526
-0.00016609672691744016
0.0008695652173913043
0.0001172447484123107
0.0009526135808500244
-0.0001074743527112848
0.0007718612603810454
9.77039570102589e-06
0.0009379579872984856
-7.816316560820712e-05
0.00063019052271617
7.327796775769418e-05
0.0007816316560820713
9.770395701025892e-05
0.0009623839765510503
9.77039570102589e-06
0.0010307767464582316
2.442598925256473e-05
0.0009184171958964338
-9.281875915974596e-05
0.0009428431851489985
-1.4655593551538837e-05
0.0007474352711284806
-8.304836345872008e-05
0.0008891060087933561
-4.885197850512945e-06
0.0008207132388861749
2.442598925256473e-05
0.0008500244259892526
-0.00018563751831949193
0.0009135319980459208
-7.816316560820712e-05
0.0006888128969223254
-5.862237420615535e-05
0.0008402540302882267
-8.304836345872008e-05
0.0010112359550561798
0.00010258915486077186
0.0011138251099169516
4.396678065461651e-05
0.0006741573033707865
-8.793356130923302e-05
0.0008500244259892526
-2.9311187103077675e-05
0.0007523204689789937
-0.00023937469467513433
0.0007718612603810454
-0.00010258915486077186
0.0009086468001954079
-9.770395701025892e-05
0.0008549096238397655
-8.793356130923302e-05
0.0007865168539325843
9.77039570102589e-06
0.0010161211529066928
-6.839276990718124e-05
0.0009135319980459208
7.327796775769418e-05
0.0007669760625305325
-0.0001172447484123107
0.0007474352711284806
-3.419638495359062e-05
0.0008744504152418173
-1.4655593551538837e-05
0.0009770395701025891
-0.00014655593551538836
0.0007718612603810454
1.954079140205178e-05
0.0008646800195407913
-0.00012212994626282364
0.0008793356130923302
7.327796775769418e-05
0.0008793356130923302
7.327796775769418e-05
0.0009184171958964338
-8.793356130923302e-05
0.000991695163654128
-5.37371763556424e-05
0.000981924767953102
-9.77039570102589e-06
0.0007083536883243771
-0.00014655593551538836
0.000898876404494382
-2.442598925256473e-05
0.0008597948216902784
0.0
0.0008842208109428432
-1.4655593551538837e-05
0.0007034684904738642
-5.862237420615535e-05
0.0008842208109428432
1.4655593551538837e-05
0.0007620908646800195
-2.442598925256473e-05
0.0008744504152418173
9.281875915974596e-05
0.0008451392281387396
1.4655593551538837e-05
0.0007523204689789937
-0.00012212994626282364
0.0008549096238397655
6.839276990718124e-05
0.0007669760625305325
2.9311187103077675e-05
0.0007767464582315583
-0.00010258915486077186
0.0007474352711284806
0.00019052271617000488
0.000815828041035662
2.9311187103077675e-05
0.0008353688324377137
-0.0001172447484123107
0.000986809965803615
5.862237420615535e-05
0.0009477283829995114
-4.885197850512945e-06
0.0007620908646800195
-6.35075720566683e-05
0.0008744504152418173
-7.327796775769418e-05
0.0006790425012212994
-7.816316560820712e-05
0.0007327796775769418
-4.885197850512945e-06
0.0009770395701025891
-4.396678065461651e-05
0.0008255984367366878
-3.908158280410356e-05
0.0009281875915974596
-3.419638495359062e-05
0.0008695652173913043
-0.00013678553981436248
0.0008549096238397655
-0.0001172447484123107
0.0009721543722520762
-1.954079140205178e-05
0.0010014655593551538
4.885197850512945e-06
0.0007278944797264289
-0.00013190034196384952
0.0009086468001954079
-7.816316560820712e-05
0.0007327796775769418
-6.35075720566683e-05
0.0009184171958964338
-0.00013678553981436248
0.0010356619443087445
-8.793356130923302e-05
0.0007034684904738642
4.885197850512945e-06
0.0009965803615046408
3.908158280410356e-05
0.000986809965803615
8.304836345872008e-05
0.000893991206643869
4.885197850512945e-06
0.000893991206643869
8.793356130923302e-05
0.0008304836345872007
-0.00013190034196384952
0.0008500244259892526
-9.281875915974596e-05
0.0009281875915974596
4.396678065461651e-05
0.0008255984367366878
0.0
0.0010307767464582316
7.327796775769418e-05
0.0010991695163654128
6.839276990718124e-05
0.0008744504152418173
3.419638495359062e-05
0.000893991206643869
-0.00013190034196384952
0.0008646800195407913
-0.00013678553981436248
0.0007034684904738642
6.35075720566683e-05
0.0007327796775769418
-0.00014655593551538836
0.000815828041035662
0.0001074743527112848
0.0007962872496336101
-4.885197850512946e-05
0.0006741573033707865
-1.4655593551538837e-05
0.000806057645334636
0.00018563751831949193
0.0008695652173913043
0.00016609672691744016
0.0007083536883243771
-2.442598925256473e-05
0.0007865168539325843
5.862237420615535e-05
0.0009086468001954079
6.35075720566683e-05
0.0009233023937469467
-0.00011235955056179774
0.0005959941377625794
-0.00012212994626282364
0.0007914020517830972
-0.00011235955056179774
0.0008597948216902784
-6.35075720566683e-05
0.0008695652173913043
-9.281875915974596e-05
0.0009623839765510503
-0.00020029311187103076
0.0007083536883243771
-3.908158280410356e-05
0.0007327796775769418
-0.00015144113336590132
0.0008646800195407913
-0.00010258915486077186
0.0007962872496336101
-0.00015144113336590132
0.0009281875915974596
6.839276990718124e-05
0.0006546165119687347
-0.00014167073766487544
0.0008549096238397655
7.816316560820712e-05
0.0007767464582315583
-5.862237420615535e-05
0.0007181240840254031
0.0
0.0009428431851489985
1.4655593551538837e-05
0.0007620908646800195
-0.00015144113336590132
0.0009086468001954079
-0.0001172447484123107
0.0009233023937469467
-0.00013678553981436248
0.0009574987787005373
4.885197850512946e-05
0.0007865168539325843
0.00010258915486077186
0.0009721543722520762
-0.0001270151441133366
0.0009233023937469467
8.304836345872008e-05
0.00071323888617489
-0.00010258915486077186
0.000981924767953102
0.0001612115290669272
0.0008402540302882267
2.9311187103077675e-05
0.0006595017098192477
-3.419638495359062e-05
0.000815828041035662
-1.954079140205178e-05
0.0007816316560820713
-9.77039570102589e-06
0.0008744504152418173
8.304836345872008e-05
0.0009233023937469467
7.816316560820712e-05
0.0008793356130923302
-8.304836345872008e-05
0.0007914020517830972
-7.327796775769418e-05
0.000810942843185149
4.396678065461651e-05
0.0007865168539325843
9.77039570102589e-06
0.0010307767464582316
8.793356130923302e-05
0.0008451392281387396
2.9311187103077675e-05
0.000986809965803615
-2.442598925256473e-05
0.0007474352711284806
5.862237420615535e-05
0.0007523204689789937
0.0
0.0008597948216902784
2.442598925256473e-05
0.000893991206643869
-3.419638495359062e-05
0.000898876404494382
5.37371763556424e-05
0.0008011724474841231
-5.37371763556424e-05
0.0008353688324377137
-2.442598925256473e-05
0.0008255984367366878
7.327796775769418e-05
0.000810942843185149
-2.442598925256473e-05
0.0008891060087933561
8.304836345872008e-05
0.000981924767953102
-0.00015144113336590132
0.0009086468001954079
-8.793356130923302e-05
0.0009574987787005373
0.00013678553981436248
0.0008549096238397655
-1.954079140205178e-05
0.0007425500732779677
3.908158280410356e-05
0.0007865168539325843
0.00014655593551538836
0.0007718612603810454
-0.0001612115290669272
0.0008304836345872007
-7.327796775769418e-05
0.0009233023937469467
-6.35075720566683e-05
0.0008744504152418173
-3.908158280410356e-05
0.0008353688324377137
2.9311187103077675e-05
0.000893991206643869
-0.00015144113336590132
0.000986809965803615
4.885197850512945e-06
0.0008646800195407913
2.9311187103077675e-05
0.0007816316560820713
6.35075720566683e-05
0.0007572056668295066
0.00011235955056179774
0.0007865168539325843
-9.77039570102589e-06
0.0007083536883243771
-8.304836345872008e-05
0.0007620908646800195
3.419638495359062e-05
0.0008646800195407913
-3.419638495359062e-05
0.0006448461162677088
9.770395701025892e-05
0.0007376648754274548
6.35075720566683e-05
0.0007083536883243771
-6.35075720566683e-05
0.000625305324865657
-4.885197850512946e-05
0.0007572056668295066
-0.0001172447484123107
0.0007474352711284806
-1.954079140205178e-05
0.0007425500732779677
8.304836345872008e-05
0.0009281875915974596
1.954079140205178e-05
0.000986809965803615
6.35075720566683e-05
0.0008549096238397655
3.908158280410356e-05
0.0007425500732779677
4.396678065461651e-05
0.000810942843185149
4.885197850512945e-06
0.0007865168539325843
-7.816316560820712e-05
0.0007767464582315583
-9.77039570102589e-06
0.0007914020517830972
-4.885197850512946e-05
0.0007620908646800195
-0.0002247191011235955
0.0007767464582315583
-0.000180752320468979
0.0008793356130923302
-0.0001074743527112848
0.0008255984367366878
-7.816316560820712e-05
0.000815828041035662
-0.0001270151441133366
0.0006839276990718123
-4.396678065461651e-05
0.0007816316560820713
-8.304836345872008e-05
0.00071323888617489
5.862237420615535e-05
0.000815828041035662
4.396678065461651e-05
0.000991695163654128
0.0
0.0008597948216902784
-3.419638495359062e-05
0.0007914020517830972
-7.816316560820712e-05
0.0008451392281387396
3.908158280410356e-05
0.000903761602344895
-1.954079140205178e-05
0.0006155349291646311
-0.00018563751831949193
0.0006546165119687347
2.442598925256473e-05
0.0008549096238397655
4.885197850512945e-06
0.0009574987787005373
3.419638495359062e-05
0.0007914020517830972
-8.793356130923302e-05
0.0007718612603810454
-2.442598925256473e-05
0.0007816316560820713
-7.327796775769418e-05
0.000806057645334636
1.954079140205178e-05
0.0007962872496336101
-0.000180752320468979
0.0007327796775769418
-9.77039570102589e-06
0.0008402540302882267
-0.00013678553981436248
0.0007914020517830972
-7.327796775769418e-05
0.0008353688324377137
-8.793356130923302e-05
0.000893991206643869
-2.442598925256473e-05
0.0007278944797264289
-2.442598925256473e-05
0.0009770395701025891
-0.0001074743527112848
0.000815828041035662
1.954079140205178e-05
0.0008207132388861749
-0.0001172447484123107
0.0009770395701025891
-9.770395701025892e-05
0.0009672691744015633
4.396678065461651e-05
0.0008255984367366878
-9.281875915974596e-05
0.0008646800195407913
-4.885197850512946e-05
0.0009233023937469467
-2.442598925256473e-05
0.0009623839765510503
-8.793356130923302e-05
0.0008011724474841231
-0.0001270151441133366
0.0008353688324377137
-0.00014655593551538836
0.0006643869076697606
-0.0001709819247679531
0.0008695652173913043
-0.0001172447484123107
0.0009770395701025891
-4.885197850512946e-05
0.0008842208109428432
1.4655593551538837e-05
0.0010014655593551538
3.908158280410356e-05
0.0009184171958964338
-7.816316560820712e-05
0.0008549096238397655
-0.00013190034196384952
0.0007523204689789937
9.77039570102589e-06
0.000893991206643869
-3.419638495359062e-05
0.0007767464582315583
9.770395701025892e-05
0.0007620908646800195
-3.419638495359062e-05
0.0008646800195407913
-4.396678065461651e-05
0.0008549096238397655
-7.327796775769418e-05
0.0010112359550561798
2.9311187103077675e-05
0.0008597948216902784
-1.954079140205178e-05
0.0007327796775769418
-0.00011235955056179774
0.0008842208109428432
-6.839276990718124e-05
0.0008207132388861749
9.770395701025892e-05
0.0007767464582315583
-6.35075720566683e-05
0.0008304836345872007
1.954079140205178e-05
0.0007669760625305325
2.442598925256473e-05
0.0007816316560820713
5.862237420615535e-05
0.000903761602344895
7.816316560820712e-05
0.0007865168539325843
7.327796775769418e-05
0.0007914020517830972
2.9311187103077675e-05
0.0008011724474841231
8.793356130923302e-05
0.0008842208109428432
-0.00020029311187103076
0.0009770395701025891
0.00014655593551538836
0.0009526135808500244
9.77039570102589e-06
0.0009330727894479727
-3.908158280410356e-05
0.000806057645334636
-6.35075720566683e-05
0.0007620908646800195
-9.77039570102589e-06
0.0009184171958964338
4.396678065461651e-05
0.0008500244259892526
-7.327796775769418e-05
0.0008842208109428432
-0.00015632633121641425
0.0006936980947728383
-0.00011235955056179774
0.0009379579872984856
-5.37371763556424e-05
0.0009233023937469467
3.419638495359062e-05
0.0008549096238397655
-8.304836345872008e-05
0.0008695652173913043
-9.77039570102589e-06
0.00071323888617489
7.816316560820712e-05
0.0008744504152418173
-5.862237420615535e-05
0.0008011724474841231
-9.77039570102589e-06
0.0007865168539325843
-0.00014167073766487544
0.0010063507572056667
3.908158280410356e-05
0.0007816316560820713
0.0001270151441133366
0.0007962872496336101
-4.396678065461651e-05
0.0008695652173913043
-4.885197850512945e-06
0.0007718612603810454
8.304836345872008e-05
0.0007962872496336101
-7.816316560820712e-05
0.0008402540302882267
-6.35075720566683e-05
0.0007376648754274548
7.327796775769418e-05
0.0007767464582315583
0.00010258915486077186
0.0009770395701025891
0.00014167073766487544
0.0008304836345872007
5.862237420615535e-05
0.000723009281875916
-8.304836345872008e-05
0.0006497313141182217
-0.0001074743527112848
0.0009770395701025891
4.885197850512945e-06
0.0008793356130923302
-0.00013190034196384952
0.000815828041035662
7.327796775769418e-05
0.000893991206643869
-7.327796775769418e-05
0.0008451392281387396
-3.908158280410356e-05
0.000898876404494382
4.885197850512946e-05
0.0008255984367366878
-8.304836345872008e-05
0.0007572056668295066
-0.00014167073766487544
0.0007865168539325843
-0.00011235955056179774
0.0008353688324377137
-0.0001172447484123107
0.001089399120664387
-1.4655593551538837e-05
0.0009477283829995114
5.862237420615535e-05
0.0009428431851489985
3.419638495359062e-05
0.0007523204689789937
-6.35075720566683e-05
0.0007865168539325843
1.954079140205178e-05
0.0008451392281387396
1.954079140205178e-05
0.000898876404494382
-3.908158280410356e-05
0.000806057645334636
-4.396678065461651e-05
0.0008402540302882267
-0.0001074743527112848
0.0008597948216902784
2.442598925256473e-05
0.0009672691744015633
0.0001270151441133366
0.0009770395701025891
-7.816316560820712e-05
0.0008744504152418173
0.00026380068392769905
0.000723009281875916
-5.862237420615535e-05
0.0007816316560820713
-0.00013190034196384952
0.001064973131411822
0.00013678553981436248
0.0005862237420615535
1.4655593551538837e-05
0.000815828041035662
-9.770395701025892e-05
0.0009672691744015633
5.37371763556424e-05
0.00071323888617489
-0.00020517830972154372
0.0008891060087933561
0.0001074743527112848
0.0009428431851489985
-9.770395701025892e-05
0.0009379579872984856
9.77039570102589e-06
0.0009379579872984856
4.885197850512946e-05
0.0009965803615046408
-0.00013190034196384952
0.0010258915486077186
-0.00011235955056179774
0.000903761602344895
9.77039570102589e-06
0.0008744504152418173
0.00011235955056179774
0.000810942843185149
-0.00019540791402051784
0.000893991206643869
-8.793356130923302e-05
0.0008842208109428432
9.77039570102589e-06
0.0008891060087933561
-0.0001074743527112848
0.000898876404494382
-0.00027357107962872496
0.0007278944797264289
4.396678065461651e-05
0.0009184171958964338
2.9311187103077675e-05
0.0009184171958964338
-3.908158280410356e-05
0.0008402540302882267
-7.327796775769418e-05
0.0008695652173913043
-4.885197850512946e-05
0.0010014655593551538
-9.77039570102589e-06
0.0009184171958964338
-6.35075720566683e-05
0.0007816316560820713
-9.281875915974596e-05
0.0009184171958964338
-0.00013190034196384952
0.0007034684904738642
-9.770395701025892e-05
0.0008744504152418173
-2.442598925256473e-05
0.000898876404494382
6.35075720566683e-05
0.0009672691744015633
-3.419638495359062e-05
0.0009086468001954079
-1.954079140205178e-05
0.0008402540302882267
2.9311187103077675e-05
0.0009330727894479727
-9.77039570102589e-06
0.0008255984367366878
-7.327796775769418e-05
0.000893991206643869
-4.885197850512946e-05
0.0009379579872984856
-5.37371763556424e-05
0.0007718612603810454
5.862237420615535e-05
0.0007425500732779677
-5.862237420615535e-05
0.0009086468001954079
-1.954079140205178e-05
0.0007865168539325843
3.908158280410356e-05
0.0007962872496336101
2.442598925256473e-05
0.000893991206643869
-8.304836345872008e-05
0.0009233023937469467
-3.908158280410356e-05
0.000893991206643869
3.419638495359062e-05
0.0007572056668295066
-5.862237420615535e-05
0.0007181240840254031
1.4655593551538837e-05
0.0007474352711284806
-3.419638495359062e-05
0.0007083536883243771
-9.770395701025892e-05
0.0008011724474841231
-0.00013190034196384952
0.0010014655593551538
4.885197850512945e-06
0.0008304836345872007
-8.304836345872008e-05
0.0008402540302882267
-4.396678065461651e-05
0.000981924767953102
6.35075720566683e-05
0.0008695652173913043
-0.0001270151441133366
0.000723009281875916
-5.862237420615535e-05
0.0008255984367366878
-9.77039570102589e-06
0.0008549096238397655
3.908158280410356e-05
0.0007620908646800195
-4.885197850512945e-06
0.00071323888617489
-4.885197850512946e-05
0.000806057645334636
2.9311187103077675e-05
0.0009721543722520762
-1.4655593551538837e-05
0.0007669760625305325
-2.9311187103077675e-05
0.0006790425012212994
-5.37371763556424e-05
0.0008451392281387396
8.793356130923302e-05
0.0007327796775769418
-0.000180752320468979
0.0009135319980459208
-7.327796775769418e-05
0.000991695163654128
-0.0001172447484123107
0.000815828041035662
-6.839276990718124e-05
0.0008353688324377137
-6.35075720566683e-05
0.0007327796775769418
-9.770395701025892e-05
0.0008255984367366878
0.0001172447484123107
0.0007425500732779677
6.839276990718124e-05
0.00071323888617489
2.442598925256473e-05
0.0008549096238397655
-6.35075720566683e-05
0.0009526135808500244
0.0
0.0007034684904738642
-0.00015144113336590132
0.0007718612603810454
-0.0001172447484123107
0.0008793356130923302
-5.862237420615535e-05
0.0007865168539325843
-9.281875915974596e-05
0.0009477283829995114
-0.00010258915486077186
0.0009574987787005373
-0.00012212994626282364
0.0008353688324377137
-2.9311187103077675e-05
0.0008500244259892526
-8.793356130923302e-05
0.0008353688324377137
-7.816316560820712e-05
0.0008304836345872007
0.0001074743527112848
0.0006985832926233512
-1.4655593551538837e-05
0.0008597948216902784
-8.304836345872008e-05
0.0008402540302882267
-4.396678065461651e-05
0.0009623839765510503
-9.281875915974596e-05
0.0009526135808500244
3.419638495359062e-05
0.000723009281875916
6.839276990718124e-05
0.0007962872496336101
-0.00020517830972154372
0.0008891060087933561
-0.0001074743527112848
0.000893991206643869
-1.954079140205178e-05
0.0008011724474841231
-4.885197850512945e-06
0.000903761602344895
4.396678065461651e-05
0.0007962872496336101
0.00011235955056179774
0.0008255984367366878
4.885197850512945e-06
0.0008597948216902784
8.304836345872008e-05
0.0009477283829995114
1.954079140205178e-05
0.0008500244259892526
0.00013190034196384952
0.0008891060087933561
-4.885197850512945e-06
0.0007962872496336101
-4.885197850512946e-05
0.0006741573033707865
-0.00013190034196384952
0.0007816316560820713
4.885197850512945e-06
0.0008744504152418173
-0.0001172447484123107
0.0009428431851489985
9.77039570102589e-06
0.00071323888617489
-3.419638495359062e-05
0.000981924767953102
-4.885197850512946e-05
0.0008793356130923302
-0.0001612115290669272
0.0008353688324377137
-2.9311187103077675e-05
0.0008011724474841231
-1.4655593551538837e-05
0.0007474352711284806
8.304836345872008e-05
0.0009184171958964338
3.908158280410356e-05
0.0009184171958964338
-2.442598925256473e-05
0.0009721543722520762
-0.00017586712261846604
0.000898876404494382
0.0001074743527112848
0.0007034684904738642
3.419638495359062e-05
0.0009330727894479727
-0.00011235955056179774
0.0009379579872984856
3.419638495359062e-05
0.0007669760625305325
-2.442598925256473e-05
0.000815828041035662
-0.00015632633121641425
0.0007278944797264289
-0.00013678553981436248
0.0009379579872984856
-8.304836345872008e-05
0.000893991206643869
-9.770395701025892e-05
0.0009086468001954079
-1.4655593551538837e-05
0.0009428431851489985
-5.862237420615535e-05
0.0008304836345872007
0.00014167073766487544
0.0006399609184171959
-8.304836345872008e-05
0.0008304836345872007
-3.419638495359062e-05
0.000903761602344895
7.816316560820712e-05
0.0009721543722520762
1.954079140205178e-05
0.0007278944797264289
4.885197850512946e-05
0.000810942843185149
-3.908158280410356e-05
0.0007767464582315583
-6.35075720566683e-05
0.0007474352711284806
2.9311187103077675e-05
0.0008597948216902784
-6.839276990718124e-05
0.0007865168539325843
-7.327796775769418e-05
0.0007865168539325843
2.9311187103077675e-05
0.0008353688324377137
0.0001709819247679531
0.0007816316560820713
7.327796775769418e-05
0.0009428431851489985
-4.885197850512946e-05
0.0008793356130923302
6.35075720566683e-05
0.000898876404494382
-7.327796775769418e-05
0.000810942843185149
-1.954079140205178e-05
0.0008549096238397655
-6.35075720566683e-05
0.0008549096238397655
4.885197850512945e-06
0.0008744504152418173
-2.9311187103077675e-05
0.0007669760625305325
-5.862237420615535e-05
0.00071323888617489
-3.419638495359062e-05
0.000806057645334636
-5.37371763556424e-05
0.0008353688324377137
-8.304836345872008e-05
0.0010063507572056667
-0.0001074743527112848
0.0009281875915974596
-1.4655593551538837e-05
0.0007914020517830972
-0.0001270151441133366
0.0009281875915974596
-3.908158280410356e-05
0.0007425500732779677
-8.793356130923302e-05
0.000810942843185149
-5.37371763556424e-05
0.0009233023937469467
-3.908158280410356e-05
0.0008597948216902784
-2.9311187103077675e-05
0.0008793356130923302
-7.327796775769418e-05
0.0008011724474841231
-8.304836345872008e-05
0.0008500244259892526
-7.816316560820712e-05
0.0009184171958964338
-1.954079140205178e-05
0.0008451392281387396
-0.00013190034196384952
0.0008304836345872007
-2.442598925256473e-05
0.0010063507572056667
-0.00015144113336590132
0.0006790425012212994
1.954079140205178e-05
0.0008402540302882267
8.304836345872008e-05
0.0007914020517830972
-0.0002344894968246214
0.0007865168539325843
0.0001270151441133366
0.000815828041035662
3.419638495359062e-05
0.0008891060087933561
4.885197850512945e-06
0.0009623839765510503
-9.77039570102589e-06
0.0008793356130923302
-2.442598925256473e-05
0.0007962872496336101
-7.816316560820712e-05
0.0008597948216902784
-1.4655593551538837e-05
0.000903761602344895
-4.885197850512945e-06
0.000723009281875916
-5.862237420615535e-05
0.0009770395701025891
-0.000180752320468979
0.0009428431851489985
-9.77039570102589e-06
0.0007962872496336101
2.9311187103077675e-05
0.0008646800195407913
-7.816316560820712e-05
0.0010405471421592574
-0.0001709819247679531
0.0009330727894479727
6.839276990718124e-05
0.0008695652173913043
-9.77039570102589e-06
0.0009477283829995114
-0.00010258915486077186
0.0009428431851489985
-0.0002344894968246214
0.0009184171958964338
-5.862237420615535e-05
0.0009721543722520762
-7.327796775769418e-05
0.0008255984367366878
-8.793356130923302e-05
0.0008207132388861749
4.885197850512946e-05
0.0008695652173913043
3.908158280410356e-05
0.0008891060087933561
-0.00015144113336590132
0.000981924767953102
-5.862237420615535e-05
0.0008695652173913043
-0.00013190034196384952
0.0008255984367366878
4.885197850512946e-05
0.000723009281875916
6.35075720566683e-05
0.0009233023937469467
-9.77039570102589e-06
0.0007816316560820713
-0.00012212994626282364
0.000903761602344895
0.00016609672691744016
0.0008304836345872007
0.00013678553981436248
0.0008793356130923302
1.954079140205178e-05
0.0008207132388861749
-0.00011235955056179774
0.0009184171958964338
1.4655593551538837e-05
0.0008207132388861749
-5.37371763556424e-05
0.0008011724474841231
-9.77039570102589e-06
0.000635075720566683
-6.839276990718124e-05
0.0008207132388861749
-0.00014655593551538836
0.0008011724474841231
-3.908158280410356e-05
0.0009623839765510503
-7.327796775769418e-05
0.0008549096238397655
-3.419638495359062e-05
0.0009233023937469467
-0.00011235955056179774
0.0009330727894479727
-0.00013190034196384952
0.0010161211529066928
-6.839276990718124e-05
0.0009526135808500244
4.396678065461651e-05
0.0009965803615046408
-1.4655593551538837e-05
0.0006741573033707865
-3.908158280410356e-05
0.0009330727894479727
-2.442598925256473e-05
0.0008744504152418173
4.396678065461651e-05
0.0009477283829995114
8.793356130923302e-05
0.000815828041035662
7.327796775769418e-05
0.0008549096238397655
1.954079140205178e-05
0.0008842208109428432
-5.862237420615535e-05
0.0008744504152418173
2.442598925256473e-05
0.0009965803615046408
-2.442598925256473e-05
0.000806057645334636
9.77039570102589e-06
0.0008402540302882267
0.0
0.0008011724474841231
-4.885197850512945e-06
0.0008695652173913043
-4.885197850512945e-06
0.0007718612603810454
9.770395701025892e-05
0.0007767464582315583
-0.00013190034196384952
0.0006985832926233512
4.885197850512945e-06
0.0007718612603810454
-8.304836345872008e-05
0.000903761602344895
0.00013190034196384952
0.0008207132388861749
-8.793356130923302e-05
0.0007962872496336101
-0.00015144113336590132
0.000806057645334636
-5.37371763556424e-05
0.0008451392281387396
-9.77039570102589e-06
0.0008597948216902784
-0.00015144113336590132
0.0008304836345872007
-2.9311187103077675e-05
0.0008842208109428432
-1.4655593551538837e-05
0.000806057645334636
-0.00018563751831949193
0.0009086468001954079
-0.00013678553981436248
0.0008891060087933561
-8.304836345872008e-05
0.0006985832926233512
-2.9311187103077675e-05
0.0008500244259892526
-2.9311187103077675e-05
0.0007767464582315583
-9.77039570102589e-06
0.000806057645334636
-3.419638495359062e-05
0.0008695652173913043
-4.885197850512945e-06
0.000893991206643869
0.0
0.0009086468001954079
-3.908158280410356e-05
0.0006595017098192477
2.9311187103077675e-05
0.0008744504152418173
-9.281875915974596e-05
0.0007620908646800195
2.9311187103077675e-05
0.0008255984367366878
-9.77039570102589e-06
0.0009770395701025891
-7.327796775769418e-05
0.0007034684904738642
-5.862237420615535e-05
0.0010112359550561798
-9.281875915974596e-05
0.0008011724474841231
0.0001172447484123107
0.0007083536883243771
-5.37371763556424e-05
0.0008255984367366878
-0.00017586712261846604
0.0008549096238397655
1.4655593551538837e-05
0.0008304836345872007
-6.839276990718124e-05
0.0007669760625305325
-0.0001709819247679531
0.0007816316560820713
-1.4655593551538837e-05
0.0008304836345872007
0.0001074743527112848
0.0006985832926233512
-4.396678065461651e-05
0.0007181240840254031
-4.885197850512946e-05
0.0009233023937469467
-0.0001074743527112848
0.0009379579872984856
-9.77039570102589e-06
0.0008353688324377137
6.35075720566683e-05
0.0008304836345872007
0.00014655593551538836
0.0008646800195407913
-8.304836345872008e-05
0.0009379579872984856
0.0001074743527112848
0.0009574987787005373
-3.419638495359062e-05
0.0008549096238397655
-3.908158280410356e-05
0.0008255984367366878
-6.839276990718124e-05
0.000986809965803615
-6.35075720566683e-05
0.000903761602344895
-2.442598925256473e-05
0.0006595017098192477
6.35075720566683e-05
0.0006985832926233512
0.0001074743527112848
0.000893991206643869
-2.9311187103077675e-05
0.0007865168539325843
-0.00022960429897410844
0.0007962872496336101
-1.4655593551538837e-05
0.0007914020517830972
4.885197850512946e-05
0.0009184171958964338
-8.304836345872008e-05
0.0006790425012212994
-0.00015632633121641425
0.0008744504152418173
4.885197850512945e-06
0.0009184171958964338
-4.885197850512946e-05
0.0008646800195407913
-6.839276990718124e-05
0.0009526135808500244
-2.9311187103077675e-05
0.0008744504152418173
2.442598925256473e-05
0.0009281875915974596
-0.00012212994626282364
0.000991695163654128
-2.9311187103077675e-05
0.0009086468001954079
0.0
0.0010454323400097703
0.0
0.000991695163654128
3.419638495359062e-05
0.0008304836345872007
-0.00016609672691744016
0.0008842208109428432
-7.327796775769418e-05
0.0007474352711284806
-0.00021983390327308256
0.0009721543722520762
-6.839276990718124e-05
0.000723009281875916
-2.442598925256473e-05
0.0008646800195407913
-0.00019540791402051784
0.00071323888617489
-4.885197850512945e-06
0.0008011724474841231
-4.885197850512946e-05
0.0009184171958964338
-0.00014167073766487544
0.0006741573033707865
-0.00012212994626282364
0.000893991206643869
-5.862237420615535e-05
0.0007669760625305325
0.0
0.0007767464582315583
-4.885197850512945e-06
0.0007620908646800195
9.77039570102589e-06
0.0007425500732779677
1.954079140205178e-05
0.0008255984367366878
9.770395701025892e-05
0.0009477283829995114
9.77039570102589e-06
0.0007767464582315583
-2.9311187103077675e-05
0.0008549096238397655
-0.00011235955056179774
0.0009135319980459208
0.0
0.000815828041035662
4.885197850512945e-06
0.0008255984367366878
3.419638495359062e-05
0.0007767464582315583
7.327796775769418e-05
0.0008646800195407913
6.839276990718124e-05
0.0009379579872984856
-6.35075720566683e-05
0.0008597948216902784
-9.281875915974596e-05
0.000815828041035662
5.862237420615535e-05
0.000986809965803615
3.419638495359062e-05
0.0008549096238397655
-0.0002979970688812897
0.0007962872496336101
-4.885197850512946e-05
0.000810942843185149
1.954079140205178e-05
0.001084513922813874
-0.00013190034196384952
0.0008304836345872007
-4.396678065461651e-05
0.000898876404494382
-0.00014167073766487544
0.0007816316560820713
4.885197850512945e-06
0.0008304836345872007
2.442598925256473e-05
0.000898876404494382
-4.396678065461651e-05
0.0007327796775769418
-3.419638495359062e-05
0.0009379579872984856
3.908158280410356e-05
0.0009233023937469467
-0.0001172447484123107
0.0009233023937469467
0.0
0.0009379579872984856
-4.885197850512946e-05
0.0007767464582315583
-4.885197850512945e-06
0.0009281875915974596
-8.304836345872008e-05
0.0011822178798241328
0.00013678553981436248
0.0007914020517830972
-7.327796775769418e-05
0.0008207132388861749
-0.0001172447484123107
0.0008646800195407913
-3.419638495359062e-05
0.0007865168539325843
-8.793356130923302e-05
0.0008255984367366878
-5.37371763556424e-05
0.0007083536883243771
-0.00010258915486077186
0.0007620908646800195
-4.885197850512945e-06
0.000903761602344895
1.954079140205178e-05
0.0008549096238397655
-2.442598925256473e-05
0.0007816316560820713
-5.862237420615535e-05
0.0009526135808500244
-6.35075720566683e-05
0.0009672691744015633
3.419638495359062e-05
0.0008597948216902784
-0.00014167073766487544
0.0009281875915974596
-5.37371763556424e-05
0.0007523204689789937
2.442598925256473e-05
0.0009574987787005373
-7.816316560820712e-05
0.000815828041035662
-3.419638495359062e-05
0.0007327796775769418
-0.00017586712261846604
0.0007669760625305325
6.35075720566683e-05
0.0008646800195407913
1.4655593551538837e-05
0.0007865168539325843
-7.816316560820712e-05
0.000810942843185149
-5.37371763556424e-05
0.0008011724474841231
-9.281875915974596e-05
0.0010112359550561798
-6.839276990718124e-05
0.0007620908646800195
-6.839276990718124e-05
0.0010063507572056667
7.327796775769418e-05
0.0008207132388861749
0.00015144113336590132
0.0008402540302882267
-4.396678065461651e-05
0.000898876404494382
4.885197850512946e-05
0.0008011724474841231
-7.327796775769418e-05
0.0009184171958964338
-0.0001612115290669272
0.000893991206643869
-8.304836345872008e-05
0.000806057645334636
-4.396678065461651e-05
0.0006839276990718123
-0.00014655593551538836
0.0008695652173913043
-9.281875915974596e-05
0.0008597948216902784
-5.37371763556424e-05
0.000815828041035662
3.908158280410356e-05
0.0009281875915974596
-4.885197850512945e-06
0.0007376648754274548
-9.77039570102589e-06
0.0008891060087933561
-4.885197850512946e-05
0.0009233023937469467
-0.00020517830972154372
0.0008744504152418173
-4.396678065461651e-05
0.0006790425012212994
-1.954079140205178e-05
0.0009330727894479727
-2.442598925256473e-05
0.0008304836345872007
-4.396678065461651e-05
0.0008793356130923302
-7.816316560820712e-05
0.0007181240840254031
-2.9311187103077675e-05
0.0008207132388861749
1.954079140205178e-05
0.000723009281875916
-3.908158280410356e-05
0.0008891060087933561
-3.419638495359062e-05
0.000806057645334636
1.954079140205178e-05
0.000893991206643869
-1.4655593551538837e-05
0.0007523204689789937
3.908158280410356e-05
0.0010405471421592574
-0.0001270151441133366
0.0007914020517830972
-0.00017586712261846604
0.0009086468001954079
-7.327796775769418e-05
0.0007718612603810454
3.419638495359062e-05
0.0010063507572056667
-0.0001709819247679531
0.0008695652173913043
-0.00013678553981436248
0.0007083536883243771
-6.839276990718124e-05
0.0008646800195407913
-0.00013190034196384952
0.0007181240840254031
-9.77039570102589e-06
0.0006839276990718123
-0.0001709819247679531
0.000806057645334636
-3.908158280410356e-05
0.0008304836345872007
-3.419638495359062e-05
0.0008549096238397655
1.4655593551538837e-05
0.000806057645334636
-4.885197850512945e-06
0.0008451392281387396
-6.839276990718124e-05
0.0008842208109428432
-0.00012212994626282364
0.00063019052271617
-0.0001074743527112848
0.0010161211529066928
-0.0001612115290669272
0.0007767464582315583
-6.35075720566683e-05
0.00071323888617489
-0.00017586712261846604
0.0006008793356130923
4.396678065461651e-05
0.0007718612603810454
-0.00014167073766487544
0.0009086468001954079
-0.00013190034196384952
0.0008842208109428432
1.954079140205178e-05
0.0010307767464582316
1.4655593551538837e-05
0.0009623839765510503
2.442598925256473e-05
0.0009477283829995114
6.35075720566683e-05
0.0008695652173913043
-8.793356130923302e-05
0.0007474352711284806
-3.908158280410356e-05
0.0008549096238397655
-8.793356130923302e-05
0.000893991206643869
5.37371763556424e-05
0.0007327796775769418
-9.77039570102589e-06
0.0009184171958964338
-1.954079140205178e-05
0.0009233023937469467
-9.77039570102589e-06
0.001079628724963361
0.00020029311187103076
0.0008500244259892526
-4.885197850512946e-05
0.0007327796775769418
-0.00017586712261846604
0.0008353688324377137
-6.839276990718124e-05
0.0008793356130923302
4.885197850512946e-05
0.0008597948216902784
-6.35075720566683e-05
0.0007181240840254031
-4.396678065461651e-05
0.000806057645334636
-6.35075720566683e-05
0.000991695163654128
0.00015144113336590132
0.0010014655593551538
-4.396678065461651e-05
0.0008793356130923302
-0.00014655593551538836
0.0008500244259892526
-2.9311187103077675e-05
0.0009526135808500244
-3.908158280410356e-05
0.0009770395701025891
-0.00012212994626282364
0.0007767464582315583
2.442598925256473e-05
0.0007767464582315583
-1.954079140205178e-05
0.000893991206643869
-1.4655593551538837e-05
0.0008304836345872007
4.885197850512945e-06
0.0008744504152418173
-1.4655593551538837e-05
0.0007767464582315583
2.9311187103077675e-05
0.0008402540302882267
-9.281875915974596e-05
0.0007034684904738642
-0.0001172447484123107
0.0005471421592574499
0.00011235955056179774
0.000810942843185149
4.885197850512946e-05
0.0008207132388861749
-0.0001612115290669272
0.0008891060087933561
-0.00019052271617000488
0.0007620908646800195
-2.9311187103077675e-05
0.00071323888617489
6.35075720566683e-05
0.0007474352711284806
-3.419638495359062e-05
0.0010747435271128481
-4.885197850512945e-06
0.0008402540302882267
-4.396678065461651e-05
0.000991695163654128
6.839276990718124e-05
0.000981924767953102
9.770395701025892e-05
0.0010112359550561798
-0.0001074743527112848
0.0008451392281387396
0.00019540791402051784
0.000898876404494382
-4.396678065461651e-05
0.0008695652173913043
-0.00012212994626282364
0.0007083536883243771
-6.839276990718124e-05
0.0008793356130923302
-3.419638495359062e-05
0.000815828041035662
-9.281875915974596e-05
0.000810942843185149
-3.419638495359062e-05
0.000986809965803615
-8.793356130923302e-05
0.0008842208109428432
-0.00017586712261846604
0.0007865168539325843
-4.885197850512945e-06
0.0009379579872984856
3.908158280410356e-05
0.0008597948216902784
-0.00014655593551538836
0.0008891060087933561
-0.00014655593551538836
0.0007962872496336101
0.0
0.0009281875915974596
-0.0001074743527112848
0.000903761602344895
-9.770395701025892e-05
0.000815828041035662
-0.0002344894968246214
0.0009330727894479727
2.9311187103077675e-05
0.0009086468001954079
-0.00010258915486077186
0.0008451392281387396
8.304836345872008e-05
0.0006985832926233512
-9.77039570102589e-06
0.0007425500732779677
1.954079140205178e-05
0.000898876404494382
0.0
0.0008207132388861749
8.304836345872008e-05
0.0009330727894479727
-4.885197850512946e-05
0.000898876404494382
4.885197850512945e-06
0.0009428431851489985
6.839276990718124e-05
0.0009623839765510503
-6.35075720566683e-05
0.0009281875915974596
-6.839276990718124e-05
0.0009574987787005373
-8.304836345872008e-05
0.0008549096238397655
5.37371763556424e-05
0.0009281875915974596
-0.00010258915486077186
0.0008402540302882267
4.885197850512945e-06
0.0008207132388861749
0.0001709819247679531
0.0009965803615046408
-8.793356130923302e-05
0.000898876404494382
-9.77039570102589e-06
0.0007572056668295066
-7.327796775769418e-05
0.0010356619443087445
0.00011235955056179774
0.000815828041035662
-2.9311187103077675e-05
0.0007425500732779677
-7.327796775769418e-05
0.0008793356130923302
0.0001172447484123107
0.0007425500732779677
-9.77039570102589e-06
0.0008793356130923302
-5.862237420615535e-05
0.0009086468001954079
-9.770395701025892e-05
0.0007914020517830972
0.0
0.000903761602344895
1.954079140205178e-05
0.0009330727894479727
1.954079140205178e-05
0.000815828041035662
2.9311187103077675e-05
0.0009379579872984856
8.304836345872008e-05
0.0010063507572056667
6.35075720566683e-05
0.001064973131411822
9.77039570102589e-06
0.0007669760625305325
-3.419638495359062e-05
0.0009574987787005373
0.00011235955056179774
0.0007523204689789937
8.304836345872008e-05
0.0011773326819736198
1.954079140205178e-05
0.000893991206643869
-0.00015632633121641425
0.000903761602344895
-0.00013190034196384952
0.000806057645334636
-5.37371763556424e-05
0.0008646800195407913
-0.00014167073766487544
0.0008207132388861749
-0.0001172447484123107
0.0010161211529066928
2.442598925256473e-05
0.0007474352711284806
-3.908158280410356e-05
0.0009233023937469467
9.77039570102589e-06
0.0009526135808500244
3.908158280410356e-05
0.0007620908646800195
-7.816316560820712e-05
0.0007572056668295066
-4.396678065461651e-05
0.0009379579872984856
0.0
0.0008695652173913043
-0.0001074743527112848
0.0008011724474841231
-0.0001270151441133366
0.000815828041035662
-0.00012212994626282364
0.0008451392281387396
0.0001270151441133366
0.0007816316560820713
-0.00013678553981436248
0.0008891060087933561
-3.419638495359062e-05
0.0007620908646800195
-3.419638495359062e-05
0.0007962872496336101
0.0
0.0008891060087933561
0.0001612115290669272
0.0008255984367366878
0.00013678553981436248
0.0008744504152418173
-2.9311187103077675e-05
0.0006839276990718123
-4.396678065461651e-05
0.0007474352711284806
-4.885197850512946e-05
0.0008842208109428432
0.0
0.0007278944797264289
-5.862237420615535e-05
0.0008500244259892526
7.816316560820712e-05
0.0006643869076697606
-3.419638495359062e-05
0.0009428431851489985
-0.0002247191011235955
0.000815828041035662
-2.9311187103077675e-05
0.000893991206643869
9.281875915974596e-05
0.0008597948216902784
-0.0001612115290669272
0.0010063507572056667
-4.396678065461651e-05
0.0008597948216902784
0.0001709819247679531
0.0008451392281387396
0.00014655593551538836
0.0008402540302882267
1.954079140205178e-05
0.0008451392281387396
0.0001074743527112848
0.0008793356130923302
-2.442598925256473e-05
0.0007620908646800195
-6.35075720566683e-05
0.0009233023937469467
1.954079140205178e-05
0.0007767464582315583
-0.00012212994626282364
0.0008597948216902784
-9.281875915974596e-05
0.0008353688324377137
9.77039570102589e-06
0.0007669760625305325
-8.793356130923302e-05
0.0009526135808500244
-6.35075720566683e-05
0.000898876404494382
-3.419638495359062e-05
0.0008695652173913043
1.4655593551538837e-05
0.000810942843185149
-6.839276990718124e-05
0.0007620908646800195
1.4655593551538837e-05
0.0008304836345872007
-2.9311187103077675e-05
0.0009330727894479727
0.0
0.0007816316560820713
-0.00016609672691744016
0.000635075720566683
-5.37371763556424e-05
0.0008597948216902784
-4.885197850512946e-05
0.0009330727894479727
-0.00015144113336590132
0.0009379579872984856
-5.862237420615535e-05
0.0007816316560820713
4.885197850512946e-05
0.0008207132388861749
-9.281875915974596e-05
0.0009086468001954079
-0.0001270151441133366
0.000893991206643869
7.327796775769418e-05
0.0007816316560820713
-8.793356130923302e-05
0.0009770395701025891
-4.396678065461651e-05
0.0009281875915974596
-7.327796775769418e-05
0.000815828041035662
3.419638495359062e-05
0.000893991206643869
-8.304836345872008e-05
0.000898876404494382
-4.396678065461651e-05
0.0009281875915974596
4.885197850512946e-05
0.0007914020517830972
-0.00010258915486077186
0.0008597948216902784
-4.885197850512946e-05
0.000893991206643869
4.396678065461651e-05
0.0009428431851489985
-4.396678065461651e-05
0.000986809965803615
-4.885197850512946e-05
0.0009477283829995114
0.0001612115290669272
0.0009330727894479727
5.862237420615535e-05
0.0009574987787005373
0.0001270151441133366
0.000893991206643869
-8.793356130923302e-05
0.0006936980947728383
-0.00016609672691744016
0.00071323888617489
2.9311187103077675e-05
0.001089399120664387
9.77039570102589e-06
0.0008646800195407913
-7.327796775769418e-05
0.0007327796775769418
-0.00013678553981436248
0.0009135319980459208
-8.304836345872008e-05
0.0006790425012212994
-0.00013190034196384952
0.000806057645334636
-0.00016609672691744016
0.000903761602344895
-5.37371763556424e-05
0.0008646800195407913
7.816316560820712e-05
0.0010014655593551538
1.954079140205178e-05
0.0007083536883243771
-9.281875915974596e-05
0.0007327796775769418
-6.839276990718124e-05
0.000903761602344895
-0.0001709819247679531
0.0009379579872984856
9.77039570102589e-06
0.0008744504152418173
-0.00015632633121641425
0.000806057645334636
-8.793356130923302e-05
0.0008646800195407913
-0.00011235955056179774
0.0008793356130923302
0.0
0.0009672691744015633
-0.00011235955056179774
0.0007669760625305325
0.0
0.0006888128969223254
-0.0001612115290669272
0.0009623839765510503
9.77039570102589e-06
0.0009184171958964338
-6.35075720566683e-05
0.0010210063507572057
-0.00011235955056179774
0.0007865168539325843
-9.77039570102589e-06
0.0008353688324377137
8.304836345872008e-05
0.0008402540302882267
-7.816316560820712e-05
0.000991695163654128
-7.327796775769418e-05
0.0007767464582315583
4.885197850512946e-05
0.000815828041035662
0.00014655593551538836
0.0009086468001954079
9.77039570102589e-06
0.000991695163654128
-2.442598925256473e-05
0.0010503175378602833
0.000180752320468979
0.0010307767464582316
7.816316560820712e-05
0.0009135319980459208
-6.35075720566683e-05
0.0008304836345872007
-2.442598925256473e-05
0.0007718612603810454
-8.793356130923302e-05
0.0009330727894479727
3.908158280410356e-05
0.0010258915486077186
6.839276990718124e-05
0.0008207132388861749
4.885197850512946e-05
0.0008255984367366878
4.885197850512945e-06
0.0009623839765510503
-0.0001709819247679531
0.0007669760625305325
-5.862237420615535e-05
0.0007962872496336101
-7.816316560820712e-05
0.0009965803615046408
-9.281875915974596e-05
0.0009184171958964338
-8.793356130923302e-05
0.000903761602344895
-6.35075720566683e-05
0.0008011724474841231
6.35075720566683e-05
0.0008255984367366878
-8.304836345872008e-05
0.0008891060087933561
-1.4655593551538837e-05
0.0006643869076697606
-0.00015144113336590132
0.0009184171958964338
0.00013190034196384952
0.000981924767953102
-0.00010258915486077186
0.0009574987787005373
-2.442598925256473e-05
0.0007718612603810454
-0.00011235955056179774
0.0008891060087933561
-7.816316560820712e-05
0.000903761602344895
4.396678065461651e-05
0.0008500244259892526
-0.0001074743527112848
0.0009672691744015633
-0.00030288226673180264
0.0008011724474841231
0.0
0.0007669760625305325
3.419638495359062e-05
0.0008500244259892526
0.0
0.0008500244259892526
-9.281875915974596e-05
0.0007865168539325843
-3.419638495359062e-05
0.0007523204689789937
-0.00013678553981436248
0.0008842208109428432
-9.77039570102589e-06
0.0008646800195407913
-9.77039570102589e-06
0.0010063507572056667
9.77039570102589e-06
0.0007865168539325843
6.35075720566683e-05
0.0009135319980459208
-7.327796775769418e-05
0.0007914020517830972
-7.816316560820712e-05
0.0009721543722520762
-6.35075720566683e-05
0.0009672691744015633
-3.908158280410356e-05
0.0010258915486077186
9.281875915974596e-05
0.0008695652173913043
-0.0001074743527112848
0.0007572056668295066
-4.885197850512945e-06
0.000806057645334636
-9.281875915974596e-05
0.0007669760625305325
1.4655593551538837e-05
0.0008646800195407913
-0.00018563751831949193
0.0009770395701025891
-0.0001612115290669272
0.0008353688324377137
8.304836345872008e-05
0.0009086468001954079
0.00012212994626282364
0.0008549096238397655
0.00012212994626282364
0.0008646800195407913
1.954079140205178e-05
0.0007572056668295066
-9.770395701025892e-05
0.0010112359550561798
0.0001172447484123107
0.0008402540302882267
-0.00016609672691744016
0.0005959941377625794
0.0001612115290669272
0.0007767464582315583
0.0001074743527112848
0.000981924767953102
-0.0001709819247679531
0.0008304836345872007
-0.00014167073766487544
0.0008451392281387396
1.954079140205178e-05
0.0009330727894479727
7.327796775769418e-05
0.0007962872496336101
-1.954079140205178e-05
0.0008793356130923302
-8.793356130923302e-05
0.0006936980947728383
-7.327796775769418e-05
0.000898876404494382
1.4655593551538837e-05
0.0009379579872984856
-0.00012212994626282364
0.0007523204689789937
3.908158280410356e-05
0.0008695652173913043
-0.0001172447484123107
0.0007962872496336101
-4.885197850512946e-05
0.0008549096238397655
-9.281875915974596e-05
0.0009086468001954079
0.0
0.0009086468001954079
-4.396678065461651e-05
0.0008353688324377137
-4.396678065461651e-05
0.0009135319980459208
-0.0001172447484123107
0.0008207132388861749
4.885197850512945e-06
0.0007376648754274548
-0.0001270151441133366
0.0008304836345872007
-0.00019052271617000488
0.0009623839765510503
-2.9311187103077675e-05
0.0006204201270151441
-0.00014655593551538836
0.0006692721055202736
-3.908158280410356e-05
0.0008207132388861749
3.419638495359062e-05
0.0008549096238397655
4.885197850512946e-05
0.0008304836345872007
-0.00012212994626282364
0.0007327796775769418
3.419638495359062e-05
0.000903761602344895
3.908158280410356e-05
0.000981924767953102
0.0
0.000903761602344895
-0.0001172447484123107
0.0007718612603810454
-9.77039570102589e-06
0.0007767464582315583
-6.839276990718124e-05
0.0010161211529066928
-9.281875915974596e-05
0.0008891060087933561
-8.793356130923302e-05
0.0008500244259892526
9.77039570102589e-06
0.0009770395701025891
-6.35075720566683e-05
0.0008597948216902784
-5.37371763556424e-05
0.0008451392281387396
-0.0001172447484123107
0.0008207132388861749
9.770395701025892e-05
0.000806057645334636
-0.00016609672691744016
0.0008304836345872007
-9.77039570102589e-06
0.0007767464582315583
-0.00010258915486077186
0.0008891060087933561
-0.00015632633121641425
0.0008891060087933561
0.0
0.0009623839765510503
1.954079140205178e-05
0.0007327796775769418
-1.954079140205178e-05
0.0007718612603810454
-7.816316560820712e-05
0.0009672691744015633
-0.00017586712261846604
0.0008353688324377137
8.793356130923302e-05
0.0008402540302882267
-0.00010258915486077186
0.0008402540302882267
-9.770395701025892e-05
0.0006546165119687347
-3.908158280410356e-05
0.0008549096238397655
4.396678065461651e-05
0.000815828041035662
-9.77039570102589e-06
0.000898876404494382
-3.419638495359062e-05
0.0008695652173913043
-1.954079140205178e-05
0.000986809965803615
7.327796775769418e-05
0.0010063507572056667
-9.77039570102589e-06
0.0008891060087933561
5.862237420615535e-05
0.0008353688324377137
9.281875915974596e-05
0.0006399609184171959
-9.77039570102589e-06
0.0008695652173913043
2.442598925256473e-05
0.0009184171958964338
-4.885197850512946e-05
0.0009330727894479727
-2.9311187103077675e-05
0.0008011724474841231
-0.0001074743527112848
0.0007523204689789937
-7.816316560820712e-05
0.000893991206643869
-4.885197850512945e-06
0.0009526135808500244
-3.908158280410356e-05
0.000893991206643869
-8.793356130923302e-05
0.000893991206643869
-0.00014655593551538836
0.0007083536883243771
-0.0001270151441133366
0.0007034684904738642
1.4655593551538837e-05
0.0008207132388861749
-9.281875915974596e-05
0.0009721543722520762
-4.885197850512946e-05
0.0009526135808500244
-0.00011235955056179774
0.00071323888617489
-0.00010258915486077186
0.0007620908646800195
-3.908158280410356e-05
0.0009086468001954079
-0.00018563751831949193
0.0008646800195407913
4.396678065461651e-05
0.0007865168539325843
-2.442598925256473e-05
0.0007816316560820713
6.35075720566683e-05
0.0009281875915974596
6.35075720566683e-05
0.0007816316560820713
2.442598925256473e-05
0.0008695652173913043
6.35075720566683e-05
0.0008597948216902784
4.396678065461651e-05
0.0009379579872984856
-4.396678065461651e-05
0.000810942843185149
3.908158280410356e-05
0.0009574987787005373
4.885197850512945e-06
0.0009184171958964338
0.00019052271617000488
0.000898876404494382
-0.00011235955056179774
0.0009770395701025891
5.862237420615535e-05
0.0007181240840254031
-0.00013678553981436248
0.0009086468001954079
6.839276990718124e-05
0.0010014655593551538
5.862237420615535e-05
0.0009526135808500244
2.442598925256473e-05
0.0008646800195407913
-0.00013678553981436248
0.0008646800195407913
-6.35075720566683e-05
0.0010503175378602833
-0.0001172447484123107
0.0010356619443087445
4.885197850512945e-06
0.0007425500732779677
-8.304836345872008e-05
0.0009330727894479727
2.9311187103077675e-05
0.0007620908646800195
0.0001172447484123107
0.0009672691744015633
9.77039570102589e-06
0.0009379579872984856
0.0001074743527112848
0.0006888128969223254
-0.00012212994626282364
0.0009770395701025891
-6.839276990718124e-05
0.0008695652173913043
-0.00012212994626282364
0.0007962872496336101
-0.00012212994626282364
0.000898876404494382
4.885197850512946e-05
0.0009526135808500244
-0.00015632633121641425
0.000723009281875916
8.793356130923302e-05
0.0008695652173913043
-7.327796775769418e-05
0.0009770395701025891
4.885197850512946e-05
0.0008695652173913043
3.908158280410356e-05
0.0008597948216902784
4.885197850512946e-05
0.0007181240840254031
-9.770395701025892e-05
0.0007181240840254031
2.442598925256473e-05
0.0008207132388861749
3.419638495359062e-05
0.0009379579872984856
-6.839276990718124e-05
0.0009330727894479727
-5.37371763556424e-05
0.0009623839765510503
-9.77039570102589e-06
0.0009281875915974596
4.885197850512945e-06
0.0008353688324377137
-2.9311187103077675e-05
0.0008500244259892526
0.00010258915486077186
0.0008597948216902784
-5.37371763556424e-05
0.0008842208109428432
5.862237420615535e-05
0.0008744504152418173
-4.885197850512945e-06
0.000723009281875916
-5.37371763556424e-05
0.0009477283829995114
-0.0001074743527112848
0.0007620908646800195
-5.37371763556424e-05
0.0006790425012212994
-5.862237420615535e-05
0.0007376648754274548
-3.419638495359062e-05
0.000981924767953102
-9.770395701025892e-05
0.0007278944797264289
0.00013190034196384952
0.0008891060087933561
2.9311187103077675e-05
0.0009330727894479727
-9.77039570102589e-06
0.0009574987787005373
4.396678065461651e-05
0.0009574987787005373
3.908158280410356e-05
0.000991695163654128
3.419638495359062e-05
0.0007523204689789937
0.00011235955056179774
0.0009184171958964338
-9.281875915974596e-05
0.0008304836345872007
8.304836345872008e-05
0.0008011724474841231
9.281875915974596e-05
0.000898876404494382
4.885197850512946e-05
0.0009965803615046408
0.00014655593551538836
0.0008646800195407913
8.793356130923302e-05
0.0008744504152418173
5.862237420615535e-05
0.0008353688324377137
-0.0001270151441133366
0.0010063507572056667
-7.327796775769418e-05
0.0009477283829995114
-2.442598925256473e-05
0.0007181240840254031
-0.00010258915486077186
0.0006985832926233512
-0.00011235955056179774
0.0009526135808500244
9.281875915974596e-05
0.0008891060087933561
1.4655593551538837e-05
0.0008402540302882267
-8.793356130923302e-05
0.0008891060087933561
2.442598925256473e-05
0.0008402540302882267
-9.770395701025892e-05
0.0009233023937469467
-4.885197850512946e-05
0.0009379579872984856
-3.419638495359062e-05
0.0008842208109428432
-4.885197850512946e-05
0.0010356619443087445
7.327796775769418e-05
0.0008744504152418173
3.908158280410356e-05
0.000815828041035662
-1.954079140205178e-05
0.0008353688324377137
8.304836345872008e-05
0.0009672691744015633
-4.885197850512946e-05
0.00071323888617489
-2.442598925256473e-05
0.0009526135808500244
7.327796775769418e-05
0.0008549096238397655
-5.862237420615535e-05
0.0007425500732779677
-2.9311187103077675e-05
0.0008891060087933561
-5.862237420615535e-05
0.0006790425012212994
-6.839276990718124e-05
0.000806057645334636
6.839276990718124e-05
0.0008451392281387396
1.954079140205178e-05
0.0009330727894479727
8.304836345872008e-05
0.0010405471421592574
-0.00016609672691744016
0.0009721543722520762
3.908158280410356e-05
0.0008549096238397655
-1.954079140205178e-05
0.000893991206643869
-4.885197850512946e-05
0.0008500244259892526
0.00011235955056179774
0.0009184171958964338
-8.793356130923302e-05
0.0009281875915974596
-0.00013190034196384952
0.0008744504152418173
8.793356130923302e-05
0.0010454323400097703
-0.0001074743527112848
0.000898876404494382
2.9311187103077675e-05
0.0009233023937469467
-2.442598925256473e-05
0.0010014655593551538
-0.00014167073766487544
0.0008353688324377137
-0.00016609672691744016
0.0007181240840254031
-0.0001709819247679531
0.0009086468001954079
0.00017586712261846604
0.0009281875915974596
9.77039570102589e-06
0.0009770395701025891
-4.396678065461651e-05
0.0007572056668295066
4.885197850512945e-06
0.0009721543722520762
-0.00010258915486077186
0.0010307767464582316
-5.862237420615535e-05
0.0007474352711284806
-0.00014655593551538836
0.0008646800195407913
-0.00015632633121641425
0.0010112359550561798
-8.793356130923302e-05
0.0008255984367366878
-9.770395701025892e-05
0.0008353688324377137
-6.35075720566683e-05
0.0008597948216902784
-9.77039570102589e-06
0.0009233023937469467
1.954079140205178e-05
0.0009086468001954079
0.0
0.0008646800195407913
0.0001172447484123107
0.0010112359550561798
6.839276990718124e-05
0.0008353688324377137
1.4655593551538837e-05
0.001079628724963361
-9.77039570102589e-06
0.0009086468001954079
-5.862237420615535e-05
0.0008402540302882267
-3.908158280410356e-05
0.0007962872496336101
-4.396678065461651e-05
0.0010014655593551538
-5.862237420615535e-05
0.000898876404494382
-0.0001270151441133366
0.0009672691744015633
-0.00014167073766487544
0.0007914020517830972
-5.37371763556424e-05
0.0009330727894479727
4.885197850512946e-05
0.0006741573033707865
-0.00012212994626282364
0.0008353688324377137
-0.00010258915486077186
0.0010356619443087445
2.9311187103077675e-05
0.0007669760625305325
9.77039570102589e-06
0.0008744504152418173
0.0
0.001064973131411822
-7.816316560820712e-05
0.0008255984367366878
-6.839276990718124e-05
0.0008451392281387396
6.839276990718124e-05
0.000806057645334636
1.954079140205178e-05
0.0008353688324377137
9.281875915974596e-05
0.000986809965803615
-0.00020517830972154372
0.000806057645334636
-0.00011235955056179774
0.0007865168539325843
4.396678065461651e-05
0.0008695652173913043
-9.77039570102589e-06
0.0007572056668295066
-3.419638495359062e-05
0.0009721543722520762
-7.327796775769418e-05
0.0007962872496336101
2.442598925256473e-05
0.0008451392281387396
1.4655593551538837e-05
0.0008842208109428432
-0.0001172447484123107
0.0009526135808500244
-9.770395701025892e-05
0.0008744504152418173
-2.9311187103077675e-05
0.0007914020517830972
-1.954079140205178e-05
0.000810942843185149
2.9311187103077675e-05
0.0009721543722520762
-8.793356130923302e-05
0.0006936980947728383
-3.908158280410356e-05
0.0006497313141182217
-8.793356130923302e-05
0.0007914020517830972
-9.77039570102589e-06
0.0008891060087933561
8.793356130923302e-05
0.0006936980947728383
9.77039570102589e-06
0.0007669760625305325
-3.419638495359062e-05
0.0007620908646800195
9.281875915974596e-05
0.0007865168539325843
-0.0001709819247679531
0.000903761602344895
5.37371763556424e-05
0.0009135319980459208
9.77039570102589e-06
0.0010405471421592574
-1.4655593551538837e-05
0.000806057645334636
-6.839276990718124e-05
0.000806057645334636
-1.954079140205178e-05
0.0009281875915974596
-1.954079140205178e-05
0.0008891060087933561
-2.442598925256473e-05
0.0007425500732779677
1.954079140205178e-05
0.0008304836345872007
6.839276990718124e-05
0.0008451392281387396
-0.00026380068392769905
0.000815828041035662
8.793356130923302e-05
0.0007767464582315583
-7.327796775769418e-05
0.0006839276990718123
3.419638495359062e-05
0.000991695163654128
-4.885197850512945e-06
0.000903761602344895
-4.885197850512945e-06
0.0010014655593551538
-0.00014167073766487544
0.000893991206643869
-7.327796775769418e-05
0.0009379579872984856
-0.00010258915486077186
0.0010356619443087445
-5.862237420615535e-05
0.0009672691744015633
-1.4655593551538837e-05
0.0009526135808500244
2.9311187103077675e-05
0.0007914020517830972
-0.000180752320468979
0.001084513922813874
3.419638495359062e-05
0.0009233023937469467
4.396678065461651e-05
0.0009526135808500244
-5.862237420615535e-05
0.0008744504152418173
0.00011235955056179774
0.0008451392281387396
6.35075720566683e-05
0.0009721543722520762
-0.00015144113336590132
0.0007278944797264289
-4.396678065461651e-05
0.000893991206643869
4.885197850512946e-05
0.0008353688324377137
-5.37371763556424e-05
0.0009672691744015633
-0.00012212994626282364
0.0007376648754274548
-0.0001172447484123107
0.0009526135808500244
2.442598925256473e-05
0.0008451392281387396
-3.419638495359062e-05
0.0008549096238397655
0.0
0.0008549096238397655
-6.839276990718124e-05
0.0009526135808500244
-4.885197850512946e-05
0.0009477283829995114
4.396678065461651e-05
0.0011187103077674645
-0.00015144113336590132
0.0008549096238397655
-7.816316560820712e-05
0.000903761602344895
4.885197850512945e-06
0.0008695652173913043
-3.908158280410356e-05
0.0009477283829995114
-6.35075720566683e-05
0.0009477283829995114
4.885197850512945e-06
0.0007278944797264289
-2.9311187103077675e-05
0.0007572056668295066
2.9311187103077675e-05
0.0008353688324377137
8.793356130923302e-05
0.0007376648754274548
-1.4655593551538837e-05
0.0008891060087933561
-3.419638495359062e-05
0.0010258915486077186
8.304836345872008e-05
0.0008744504152418173
-0.00015632633121641425
0.0010063507572056667
6.839276990718124e-05
0.000893991206643869
-7.327796775769418e-05
0.0007816316560820713
5.862237420615535e-05
0.0008842208109428432
-4.885197850512945e-06
0.0009428431851489985
-0.00014655593551538836
0.0008597948216902784
8.304836345872008e-05
0.0007962872496336101
-9.281875915974596e-05
0.0008207132388861749
-5.37371763556424e-05
0.000806057645334636
-0.0001074743527112848
0.0008549096238397655
-0.00011235955056179774
0.0008744504152418173
-7.816316560820712e-05
0.0009770395701025891
-4.885197850512946e-05
0.000903761602344895
3.419638495359062e-05
0.0007620908646800195
-0.00013678553981436248
0.0008353688324377137
-7.327796775769418e-05
0.0008353688324377137
-6.839276990718124e-05
0.0006692721055202736
-5.862237420615535e-05
0.0007425500732779677
4.885197850512945e-06
0.0007718612603810454
-4.885197850512945e-06
0.0009379579872984856
-8.793356130923302e-05
0.000893991206643869
7.816316560820712e-05
0.000806057645334636
-3.419638495359062e-05
0.000903761602344895
7.816316560820712e-05
0.0008842208109428432
-7.327796775769418e-05
0.0009281875915974596
-4.885197850512946e-05
0.0008646800195407913
0.00014167073766487544
0.000986809965803615
-0.00013678553981436248
0.000986809965803615
-7.327796775769418e-05
0.0008744504152418173
-7.327796775769418e-05
0.0007865168539325843
-0.00015144113336590132
0.0008695652173913043
8.304836345872008e-05
0.0009672691744015633
-4.885197850512946e-05
0.0008500244259892526
-5.862237420615535e-05
0.0007425500732779677
8.304836345872008e-05
0.0010258915486077186
3.419638495359062e-05
0.0008304836345872007
-0.00016609672691744016
0.0007767464582315583
-0.00019052271617000488
0.0008549096238397655
-2.442598925256473e-05
0.0010698583292623352
7.327796775769418e-05
0.0008793356130923302
-0.0002149487054225696
0.0009428431851489985
0.00010258915486077186
0.0008695652173913043
-6.35075720566683e-05
0.0008597948216902784
-0.00013190034196384952
0.000806057645334636
-6.35075720566683e-05
0.0007962872496336101
-0.00010258915486077186
0.0009428431851489985
-8.793356130923302e-05
0.0007620908646800195
5.862237420615535e-05
0.0009184171958964338
-0.00016609672691744016
0.0008695652173913043
-2.442598925256473e-05
0.000986809965803615
-4.396678065461651e-05
0.000815828041035662
-9.77039570102589e-06
0.0008646800195407913
-9.281875915974596e-05
0.0009184171958964338
6.839276990718124e-05
0.0009233023937469467
-9.770395701025892e-05
0.0009184171958964338
7.816316560820712e-05
0.0009623839765510503
-3.908158280410356e-05
0.0008597948216902784
2.9311187103077675e-05
0.0008549096238397655
-0.00012212994626282364
0.001064973131411822
-0.0001612115290669272
0.000893991206643869
-0.00012212994626282364
0.0008793356130923302
-9.77039570102589e-06
0.000810942843185149
-9.281875915974596e-05
0.0009184171958964338
-3.908158280410356e-05
0.0007962872496336101
-7.816316560820712e-05
0.0007816316560820713
7.816316560820712e-05
0.0009281875915974596
-0.00011235955056179774
0.0007816316560820713
-0.000180752320468979
0.0009428431851489985
-0.0001172447484123107
0.0008597948216902784
-8.304836345872008e-05
0.0008891060087933561
-0.0001172447484123107
0.0008744504152418173
-1.4655593551538837e-05
0.000810942843185149
-0.00013190034196384952
0.0007474352711284806
-4.396678065461651e-05
0.0006546165119687347
8.793356130923302e-05
0.000991695163654128
3.419638495359062e-05
0.0007865168539325843
0.00014167073766487544
0.0008011724474841231
-2.9311187103077675e-05
0.0008695652173913043
0.0
0.0008207132388861749
-0.00013190034196384952
0.0008646800195407913
-9.77039570102589e-06
0.0008011724474841231
-0.00019052271617000488
0.0008255984367366878
-0.00014655593551538836
0.0009086468001954079
-3.419638495359062e-05
0.0008842208109428432
-9.77039570102589e-06
0.0008646800195407913
-0.0001612115290669272
0.0010112359550561798
4.885197850512946e-05
0.0008304836345872007
-6.35075720566683e-05
0.0008207132388861749
-9.770395701025892e-05
0.0008451392281387396
-9.77039570102589e-06
0.0007962872496336101
-2.9311187103077675e-05
0.000981924767953102
5.862237420615535e-05
0.0009330727894479727
-0.00017586712261846604
0.0008304836345872007
2.9311187103077675e-05
0.0009379579872984856
-5.37371763556424e-05
0.0008597948216902784
-7.327796775769418e-05
0.0008793356130923302
0.00018563751831949193
0.0008402540302882267
-2.9311187103077675e-05
0.0007718612603810454
-1.954079140205178e-05
0.0007327796775769418
-8.793356130923302e-05
0.0009721543722520762
-0.00010258915486077186
0.000903761602344895
2.442598925256473e-05
0.0009379579872984856
-1.4655593551538837e-05
0.000898876404494382
-6.839276990718124e-05
0.0008549096238397655
-3.419638495359062e-05
0.0009184171958964338
4.885197850512946e-05
0.0009086468001954079
-3.419638495359062e-05
0.000893991206643869
-0.00015144113336590132
0.0006888128969223254
-0.00013678553981436248
0.0007034684904738642
-0.00021983390327308256
0.0008891060087933561
-1.4655593551538837e-05
0.0010552027357107962
0.0001612115290669272
0.0008646800195407913
6.35075720566683e-05
0.0008549096238397655
-0.0002149487054225696
0.0007620908646800195
7.816316560820712e-05
0.0008891060087933561
9.77039570102589e-06
0.000893991206643869
-7.327796775769418e-05
0.0008402540302882267
-7.816316560820712e-05
0.0007181240840254031
4.885197850512946e-05
0.0008255984367366878
-8.793356130923302e-05
0.000986809965803615
0.00014655593551538836
0.0006692721055202736
-0.0001172447484123107
0.0009281875915974596
-6.35075720566683e-05
0.0007669760625305325
0.0001172447484123107
0.0008891060087933561
-9.281875915974596e-05
0.0008549096238397655
0.00018563751831949193
0.0007181240840254031
-5.862237420615535e-05
0.0008695652173913043
-9.281875915974596e-05
0.0008793356130923302
-0.00010258915486077186
0.0007718612603810454
-9.281875915974596e-05
0.0009428431851489985
-5.862237420615535e-05
0.0007816316560820713
1.4655593551538837e-05
0.0007767464582315583
-3.419638495359062e-05
0.0007669760625305325
-0.00012212994626282364
0.0009233023937469467
0.0001709819247679531
0.0009965803615046408
-0.0001270151441133366
0.0007181240840254031
9.77039570102589e-06
0.0008451392281387396
-0.0001172447484123107
0.0008500244259892526
4.885197850512945e-06
0.0007865168539325843
1.4655593551538837e-05
0.0010356619443087445
-3.908158280410356e-05
0.0008549096238397655
2.442598925256473e-05
0.0008646800195407913
-1.4655593551538837e-05
0.0007083536883243771
-0.0001074743527112848
0.0008011724474841231
-4.885197850512945e-06
0.0008304836345872007
-0.00020029311187103076
0.0008842208109428432
3.419638495359062e-05
0.0007376648754274548
-0.00012212994626282364
0.0009379579872984856
-8.304836345872008e-05
0.000723009281875916
-4.885197850512946e-05
0.0008500244259892526
-0.00019052271617000488
0.0009330727894479727
0.00019540791402051784
0.0008011724474841231
-7.327796775769418e-05
0.0007865168539325843
-7.327796775769418e-05
0.0008500244259892526
-4.396678065461651e-05
0.0010356619443087445
-5.862237420615535e-05
0.0010014655593551538
-0.00014167073766487544
0.0007034684904738642
-7.327796775769418e-05
0.0008402540302882267
9.77039570102589e-06
0.0007669760625305325
-0.00013678553981436248
0.0007767464582315583
4.885197850512945e-06
0.000893991206643869
-5.37371763556424e-05
0.0006888128969223254
2.9311187103077675e-05
0.000991695163654128
2.442598925256473e-05
0.000898876404494382
1.954079140205178e-05
0.0008646800195407913
-0.00011235955056179774
0.0009086468001954079
-1.954079140205178e-05
0.0008597948216902784
-3.908158280410356e-05
0.0008451392281387396
-5.37371763556424e-05
0.0006546165119687347
-9.770395701025892e-05
0.0007083536883243771
-0.00019540791402051784
0.0008891060087933561
-8.304836345872008e-05
0.0008402540302882267
-0.0001612115290669272
0.0008011724474841231
-0.00011235955056179774
0.0006790425012212994
-0.00018563751831949193
0.000898876404494382
3.908158280410356e-05
0.0011577918905715681
-2.442598925256473e-05
0.0008793356130923302
-5.862237420615535e-05
0.0008793356130923302
-7.327796775769418e-05
0.0008207132388861749
9.770395701025892e-05
0.0007572056668295066
-0.0001074743527112848
0.000635075720566683
-1.954079140205178e-05
0.0007327796775769418
-5.37371763556424e-05
0.000903761602344895
9.77039570102589e-06
0.0010014655593551538
2.9311187103077675e-05
0.0008695652173913043
-0.000180752320468979
0.0007669760625305325
6.839276990718124e-05
0.000903761602344895
-0.00015144113336590132
0.0007962872496336101
-4.885197850512946e-05
0.0009281875915974596
8.304836345872008e-05
0.0008304836345872007
-1.4655593551538837e-05
0.0009770395701025891
-8.793356130923302e-05
0.0008402540302882267
-6.35075720566683e-05
0.0008011724474841231
-2.442598925256473e-05
0.0006839276990718123
-2.9311187103077675e-05
0.000893991206643869
-0.00021006350757205668
0.0007718612603810454
0.00010258915486077186
0.0008402540302882267
-0.00013190034196384952
0.0008011724474841231
-2.9311187103077675e-05
0.0009379579872984856
-6.839276990718124e-05
0.0009770395701025891
-0.0001172447484123107
0.000893991206643869
-9.77039570102589e-06
0.0008011724474841231
0.00010258915486077186
0.000898876404494382
-6.35075720566683e-05
0.000723009281875916
-2.442598925256473e-05
0.000815828041035662
-8.304836345872008e-05
0.0009330727894479727
-0.00014167073766487544
0.0006888128969223254
-8.304836345872008e-05
0.0008744504152418173
-3.419638495359062e-05
0.0008549096238397655
-5.862237420615535e-05
0.0009526135808500244
4.396678065461651e-05
0.0010258915486077186
8.304836345872008e-05
0.0007767464582315583
-4.885197850512945e-06
0.0008353688324377137
5.862237420615535e-05
0.0007767464582315583
-0.00017586712261846604
0.0007523204689789937
4.885197850512945e-06
0.0008011724474841231
-5.862237420615535e-05
0.0008353688324377137
9.77039570102589e-06
0.0007865168539325843
-3.419638495359062e-05
0.0010454323400097703
-0.00015144113336590132
0.0009233023937469467
-9.281875915974596e-05
0.0007718612603810454
-3.908158280410356e-05
0.0008744504152418173
-0.00012212994626282364
0.0008842208109428432
4.885197850512946e-05
0.0007034684904738642
-0.00011235955056179774
0.0011187103077674645
-1.4655593551538837e-05
0.0009233023937469467
0.00011235955056179774
0.0010112359550561798
-0.00010258915486077186
0.0006888128969223254
-9.77039570102589e-06
0.0008255984367366878
-4.885197850512946e-05
0.0006643869076697606
-1.4655593551538837e-05
0.0008549096238397655
-5.862237420615535e-05
0.0010063507572056667
-1.4655593551538837e-05
0.000815828041035662
-2.9311187103077675e-05
0.000806057645334636
2.9311187103077675e-05
0.0009574987787005373
-1.954079140205178e-05
0.000903761602344895
4.396678065461651e-05
0.0008549096238397655
-0.00012212994626282364
0.0007181240840254031
-1.954079140205178e-05
0.0007865168539325843
-4.885197850512945e-06
0.0009623839765510503
-9.77039570102589e-06
0.0009428431851489985
-9.281875915974596e-05
0.0007034684904738642
-0.0001172447484123107
0.0009233023937469467
0.0
0.0008011724474841231
2.442598925256473e-05
0.000986809965803615
-4.396678065461651e-05
0.0008695652173913043
9.77039570102589e-06
0.0009135319980459208
2.442598925256473e-05
0.0007083536883243771
-4.885197850512945e-06
0.000723009281875916
-5.37371763556424e-05
0.0009184171958964338
8.304836345872008e-05
0.0007034684904738642
-4.885197850512946e-05
0.0008842208109428432
-5.37371763556424e-05
0.0008549096238397655
-0.00021006350757205668
0.0009623839765510503
5.37371763556424e-05
0.000806057645334636
-3.908158280410356e-05
0.0008793356130923302
-3.419638495359062e-05
0.0007865168539325843
-0.00019540791402051784
0.0007865168539325843
-2.442598925256473e-05
0.0007914020517830972
-9.77039570102589e-06
0.0008695652173913043
1.4655593551538837e-05
0.0009184171958964338
9.77039570102589e-06
0.0007181240840254031
-0.00010258915486077186
0.0006399609184171959
-5.37371763556424e-05
0.0007034684904738642
0.00013190034196384952
0.0009233023937469467
-4.885197850512946e-05
0.000723009281875916
-0.00015632633121641425
0.0009965803615046408
-1.4655593551538837e-05
0.000898876404494382
-7.327796775769418e-05
0.0007620908646800195
7.327796775769418e-05
0.0007523204689789937
-0.0002344894968246214
0.0009672691744015633
2.442598925256473e-05
0.0008255984367366878
0.0001172447484123107
0.0007816316560820713
-0.00015632633121641425
0.0008304836345872007
2.442598925256473e-05
0.0009672691744015633
-2.442598925256473e-05
0.0009526135808500244
-2.442598925256473e-05
0.0007425500732779677
-0.0001074743527112848
0.0008255984367366878
4.396678065461651e-05
0.0007816316560820713
-4.396678065461651e-05
0.000815828041035662
-0.00010258915486077186
0.0007278944797264289
5.37371763556424e-05
0.0007425500732779677
-9.281875915974596e-05
0.0007181240840254031
-0.00010258915486077186
0.0008695652173913043
-5.37371763556424e-05
0.0006741573033707865
-6.35075720566683e-05
0.0009086468001954079
0.0001172447484123107
0.0007278944797264289
-4.885197850512945e-06
0.0007962872496336101
1.954079140205178e-05
0.00071323888617489
0.0
0.0008402540302882267
-3.908158280410356e-05
0.000810942843185149
-6.839276990718124e-05
0.0008304836345872007
-0.00016609672691744016
0.000986809965803615
-2.442598925256473e-05
0.0006497313141182217
3.419638495359062e-05
0.000815828041035662
-0.00015632633121641425
0.0007278944797264289
4.396678065461651e-05
0.0007718612603810454
-0.0001270151441133366
0.0008695652173913043
-0.00026380068392769905
0.0007376648754274548
-0.00015632633121641425
0.0009184171958964338
-0.00012212994626282364
0.0010600879335613091
1.954079140205178e-05
0.0008255984367366878
0.00011235955056179774
0.0009574987787005373
-9.281875915974596e-05
0.0008207132388861749
-4.885197850512945e-06
0.0010405471421592574
-7.327796775769418e-05
0.0010112359550561798
-0.0001612115290669272
0.0009379579872984856
0.00013678553981436248
0.0007914020517830972
-4.885197850512945e-06
0.0008402540302882267
-1.4655593551538837e-05
0.0007718612603810454
-0.0001074743527112848
0.0010356619443087445
-9.77039570102589e-06
0.0009281875915974596
-9.770395701025892e-05
0.0008011724474841231
-3.908158280410356e-05
0.0009281875915974596
-3.419638495359062e-05
0.0008891060087933561
-5.862237420615535e-05
0.0008549096238397655
-2.442598925256473e-05
0.000815828041035662
-0.00015632633121641425
0.0008402540302882267
-1.4655593551538837e-05
0.0009477283829995114
-0.0001074743527112848
0.0008353688324377137
-0.00016609672691744016
0.000986809965803615
-2.9311187103077675e-05
0.0008402540302882267
-1.4655593551538837e-05
0.0010503175378602833
6.839276990718124e-05
0.0009330727894479727
-7.816316560820712e-05
0.0007669760625305325
-9.770395701025892e-05
0.0009574987787005373
0.00013678553981436248
0.0007327796775769418
-6.35075720566683e-05
0.0008500244259892526
-0.0001270151441133366
0.0008695652173913043
0.00010258915486077186
0.0007669760625305325
-9.770395701025892e-05
0.000986809965803615
-2.9311187103077675e-05
0.000991695163654128
-9.77039570102589e-06
0.0006790425012212994
-2.9311187103077675e-05
0.0009233023937469467
-0.00014167073766487544
0.0010112359550561798
-0.00019052271617000488
0.0008891060087933561
3.419638495359062e-05
0.0008207132388861749
-0.00010258915486077186
0.0010454323400097703
-4.396678065461651e-05
0.0007962872496336101
-4.885197850512945e-06
0.0008011724474841231
-4.885197850512945e-06
0.000898876404494382
-5.862237420615535e-05
0.0007620908646800195
-8.304836345872008e-05
0.0008011724474841231
-7.816316560820712e-05
0.0008011724474841231
4.396678065461651e-05
0.0007767464582315583
-0.00018563751831949193
0.0007718612603810454
8.304836345872008e-05
0.000898876404494382
2.9311187103077675e-05
0.0007914020517830972
-4.885197850512946e-05
0.0009770395701025891
2.442598925256473e-05
0.0008255984367366878
-9.281875915974596e-05
0.0010014655593551538
-9.281875915974596e-05
0.000810942843185149
3.419638495359062e-05
0.000806057645334636
-8.304836345872008e-05
0.0007767464582315583
-4.885197850512945e-06
0.0008646800195407913
-0.00019540791402051784
0.000903761602344895
-7.327796775769418e-05
0.0007083536883243771
-6.839276990718124e-05
0.0009330727894479727
-5.37371763556424e-05
0.0006888128969223254
0.0
0.000815828041035662
-4.396678065461651e-05
0.0009574987787005373
-4.396678065461651e-05
0.0009379579872984856
-3.908158280410356e-05
0.0008353688324377137
6.35075720566683e-05
0.0007816316560820713
-6.35075720566683e-05
0.0008891060087933561
-4.885197850512946e-05
0.0007767464582315583
-0.0001172447484123107
0.0007669760625305325
3.419638495359062e-05
0.0009770395701025891
-3.908158280410356e-05
0.0008353688324377137
-0.0002589154860771861
0.000981924767953102
-2.442598925256473e-05
0.0010503175378602833
-9.77039570102589e-06
0.0007327796775769418
-9.281875915974596e-05
0.000898876404494382
-8.304836345872008e-05
0.0007914020517830972
9.77039570102589e-06
0.0009281875915974596
-0.00016609672691744016
0.0008842208109428432
-1.954079140205178e-05
0.0008255984367366878
-0.0001172447484123107
0.0007278944797264289
-0.00010258915486077186
0.0008451392281387396
-0.0001172447484123107
0.0008793356130923302
-0.00014167073766487544
0.0008646800195407913
-1.4655593551538837e-05
0.0007962872496336101
-4.885197850512946e-05
0.0008402540302882267
-7.816316560820712e-05
0.0007865168539325843
0.00013190034196384952
0.0008304836345872007
9.77039570102589e-06
0.0009477283829995114
0.0
0.0007572056668295066
0.0
0.0007865168539325843
-3.419638495359062e-05
0.0005911089399120664
-0.00013190034196384952
0.000806057645334636
-8.304836345872008e-05
0.0008793356130923302
-0.00014655593551538836
0.0008451392281387396
-6.839276990718124e-05
0.000815828041035662
0.00013190034196384952
0.0008744504152418173
0.00010258915486077186
0.0009135319980459208
0.00013190034196384952
0.000903761602344895
-7.816316560820712e-05
0.0009721543722520762
-0.00011235955056179774
0.0009965803615046408
-8.793356130923302e-05
0.0007181240840254031
-4.885197850512945e-06
0.0008744504152418173
-0.0001172447484123107
0.0008011724474841231
-0.00021983390327308256
0.0008646800195407913
-8.304836345872008e-05
0.000981924767953102
-0.00018563751831949193
0.0008549096238397655
-1.954079140205178e-05
0.0007865168539325843
-7.816316560820712e-05
0.0009477283829995114
1.4655593551538837e-05
0.0011235955056179774
-0.00017586712261846604
0.0008500244259892526
-4.885197850512946e-05
0.0008353688324377137
1.4655593551538837e-05
0.0008500244259892526
-0.0001270151441133366
0.0008646800195407913
5.37371763556424e-05
0.0009379579872984856
-1.4655593551538837e-05
0.0007914020517830972
-8.793356130923302e-05
0.000810942843185149
-0.00013190034196384952
0.0008793356130923302
1.4655593551538837e-05
0.0010503175378602833
-5.37371763556424e-05
0.0009281875915974596
-6.35075720566683e-05
0.0008646800195407913
-8.793356130923302e-05
0.0008255984367366878
-1.4655593551538837e-05
0.0007767464582315583
-3.419638495359062e-05
0.0008597948216902784
-1.4655593551538837e-05
0.0010063507572056667
8.304836345872008e-05
0.0008891060087933561
-6.839276990718124e-05
0.0008793356130923302
-8.793356130923302e-05
0.0008597948216902784
-8.793356130923302e-05
0.0009233023937469467
-0.0001270151441133366
0.0008402540302882267
-3.419638495359062e-05
0.0007767464582315583
-0.00021006350757205668
0.0010014655593551538
-0.00018563751831949193
0.0008451392281387396
3.419638495359062e-05
0.0008549096238397655
3.419638495359062e-05
0.000806057645334636
-3.908158280410356e-05
0.0008646800195407913
-0.0001172447484123107
0.0007767464582315583
7.327796775769418e-05
0.0010014655593551538
1.954079140205178e-05
0.0007572056668295066
-8.304836345872008e-05
0.000635075720566683
3.419638495359062e-05
0.0008353688324377137
1.954079140205178e-05
0.0008207132388861749
-2.9311187103077675e-05
0.0007278944797264289
-9.281875915974596e-05
0.0007620908646800195
-0.00011235955056179774
0.0007620908646800195
1.954079140205178e-05
0.000806057645334636
-2.442598925256473e-05
0.0007376648754274548
-5.37371763556424e-05
0.000815828041035662
-3.419638495359062e-05
0.0009574987787005373
-3.908158280410356e-05
0.0009135319980459208
-8.793356130923302e-05
0.0008451392281387396
-0.00014655593551538836
0.0008793356130923302
3.419638495359062e-05
0.0008597948216902784
-1.4655593551538837e-05
0.0009086468001954079
2.9311187103077675e-05
0.0009184171958964338
-0.0001074743527112848
0.0010161211529066928
-5.862237420615535e-05
0.0008207132388861749
4.885197850512946e-05
0.0008793356130923302
-5.37371763556424e-05
0.0006692721055202736
-0.00015632633121641425
0.0008549096238397655
-0.00021006350757205668
0.0007327796775769418
1.4655593551538837e-05
0.0008695652173913043
-7.327796775769418e-05
0.0008842208109428432
-0.00014167073766487544
0.0008207132388861749
-6.839276990718124e-05
0.0006985832926233512
-6.35075720566683e-05
0.0008500244259892526
-0.00014655593551538836
0.0007962872496336101
4.396678065461651e-05
0.0008255984367366878
-7.816316560820712e-05
0.000806057645334636
0.0002784562774792379
0.0008011724474841231
-0.0001270151441133366
0.0007425500732779677
-0.00016609672691744016
0.0008451392281387396
-9.281875915974596e-05
0.000898876404494382
1.4655593551538837e-05
0.0008744504152418173
0.00017586712261846604
0.0007669760625305325
-9.281875915974596e-05
0.0007181240840254031
8.793356130923302e-05
0.0008353688324377137
-2.9311187103077675e-05
0.0008597948216902784
8.304836345872008e-05
0.0008304836345872007
5.862237420615535e-05
0.0009330727894479727
0.00015632633121641425
0.000903761602344895
2.442598925256473e-05
0.0007327796775769418
-0.0001074743527112848
0.0008646800195407913
-6.35075720566683e-05
0.0009086468001954079
0.00015632633121641425
0.0008646800195407913
4.885197850512946e-05
0.000903761602344895
-1.954079140205178e-05
0.0007474352711284806
-4.885197850512945e-06
0.0007620908646800195
0.00013190034196384952
0.000893991206643869
5.862237420615535e-05
0.0008549096238397655
-0.0001172447484123107
0.0009623839765510503
4.396678065461651e-05
0.0006936980947728383
-4.885197850512946e-05
0.0008744504152418173
-4.396678065461651e-05
0.0007376648754274548
-0.00010258915486077186
0.0008842208109428432
-0.0001270151441133366
0.000815828041035662
-0.00011235955056179774
0.0008500244259892526
-0.0001612115290669272
0.000898876404494382
-0.0001172447484123107
0.0009184171958964338
-0.00011235955056179774
0.0007083536883243771
0.00014167073766487544
0.0007181240840254031
-4.885197850512945e-06
0.0007523204689789937
7.816316560820712e-05
0.0008793356130923302
-9.77039570102589e-06
0.000903761602344895
-5.37371763556424e-05
0.0007034684904738642
-8.304836345872008e-05
0.0010307767464582316
0.00013678553981436248
0.0008842208109428432
-4.396678065461651e-05
0.0006936980947728383
1.954079140205178e-05
0.0007425500732779677
1.954079140205178e-05
0.0010014655593551538
9.77039570102589e-06
0.0009233023937469467
6.839276990718124e-05
0.0007376648754274548
9.77039570102589e-06
0.0008011724474841231
-0.00020517830972154372
0.0007816316560820713
1.954079140205178e-05
0.0006692721055202736
6.839276990718124e-05
0.0008597948216902784
-1.954079140205178e-05
0.000810942843185149
4.885197850512946e-05
0.0009135319980459208
-0.00012212994626282364
0.0006790425012212994
-0.00013190034196384952
0.0006936980947728383
-0.0001709819247679531
0.0007718612603810454
-1.4655593551538837e-05
0.0009623839765510503
0.0
0.0010112359550561798
-0.00013190034196384952
0.0009379579872984856
-1.4655593551538837e-05
0.0009477283829995114
-0.00012212994626282364
0.0008402540302882267
9.77039570102589e-06
0.0008353688324377137
-0.00012212994626282364
0.0008793356130923302
-9.281875915974596e-05
0.0009135319980459208
0.00011235955056179774
0.0007767464582315583
6.35075720566683e-05
0.0008451392281387396
-9.77039570102589e-06
0.0007523204689789937
7.816316560820712e-05
0.0008304836345872007
-1.954079140205178e-05
0.0009135319980459208
1.954079140205178e-05
0.000806057645334636
-0.00016609672691744016
0.0007767464582315583
4.396678065461651e-05
0.0008255984367366878
5.862237420615535e-05
0.0008793356130923302
-5.37371763556424e-05
0.0008353688324377137
1.4655593551538837e-05
0.0009428431851489985
-0.0001172447484123107
0.0008451392281387396
2.442598925256473e-05
0.0007376648754274548
4.885197850512945e-06
0.0009574987787005373
-9.770395701025892e-05
0.000981924767953102
9.281875915974596e-05
0.000806057645334636
-0.00017586712261846604
0.0008597948216902784
-7.327796775769418e-05
0.0007278944797264289
4.885197850512946e-05
0.0007669760625305325
-0.0001612115290669272
0.000806057645334636
0.000180752320468979
0.0006985832926233512
-3.908158280410356e-05
0.000898876404494382
-5.37371763556424e-05
0.000810942843185149
-3.419638495359062e-05
0.000810942843185149
2.9311187103077675e-05
0.0008353688324377137
-8.793356130923302e-05
0.0009233023937469467
-3.419638495359062e-05
0.0010063507572056667
-1.4655593551538837e-05
0.0006790425012212994
-9.77039570102589e-06
0.000991695163654128
-0.00013190034196384952
0.0009086468001954079
-1.4655593551538837e-05
0.0008011724474841231
5.862237420615535e-05
0.0009233023937469467
-0.00019052271617000488
0.0009086468001954079
0.00014655593551538836
0.0008597948216902784
0.0
0.0009379579872984856
8.304836345872008e-05
0.0008255984367366878
-6.839276990718124e-05
0.0009330727894479727
-5.862237420615535e-05
0.0007572056668295066
-0.0001172447484123107
0.0008402540302882267
-5.862237420615535e-05
0.0009330727894479727
-5.862237420615535e-05
0.0008597948216902784
-4.885197850512946e-05
0.0008597948216902784
-7.327796775769418e-05
0.0008207132388861749
6.35075720566683e-05
0.0009574987787005373
-3.908158280410356e-05
0.0008402540302882267
-3.419638495359062e-05
0.00071323888617489
0.00013190034196384952
0.0007914020517830972
-1.954079140205178e-05
0.0009623839765510503
0.0
0.0007767464582315583
-2.9311187103077675e-05
0.0009721543722520762
-0.00018563751831949193
0.0009965803615046408
5.37371763556424e-05
0.0007474352711284806
9.77039570102589e-06
0.0008646800195407913
0.000180752320468979
0.0007669760625305325
-4.396678065461651e-05
0.0008646800195407913
1.4655593551538837e-05
0.0007572056668295066
-0.00012212994626282364
0.0008304836345872007
-4.885197850512945e-06
0.0007669760625305325
-7.327796775769418e-05
0.000893991206643869
-8.793356130923302e-05
0.0009135319980459208
-8.304836345872008e-05
0.0008744504152418173
2.9311187103077675e-05
0.0008207132388861749
-6.839276990718124e-05
0.0008500244259892526
-1.4655593551538837e-05
0.0008842208109428432
-0.0001709819247679531
0.0007620908646800195
0.0
0.0007718612603810454
-5.862237420615535e-05
0.0008891060087933561
9.77039570102589e-06
0.0009086468001954079
4.885197850512946e-05
0.000810942843185149
-5.37371763556424e-05
0.0005617977528089887
-6.35075720566683e-05
0.0008451392281387396
2.442598925256473e-05
0.0006839276990718123
9.77039570102589e-06
0.0008842208109428432
-2.442598925256473e-05
0.0008500244259892526
-0.00013190034196384952
0.0009330727894479727
9.281875915974596e-05
0.0008597948216902784
-0.0001270151441133366
0.0008842208109428432
-0.00013678553981436248
0.000898876404494382
-0.0001074743527112848
0.0009086468001954079
0.00018563751831949193
0.000815828041035662
-5.37371763556424e-05
0.0008011724474841231
5.37371763556424e-05
0.0009428431851489985
-4.885197850512946e-05
0.0007376648754274548
-5.37371763556424e-05
0.0007816316560820713
-2.9311187103077675e-05
0.0008304836345872007
6.35075720566683e-05
0.0009477283829995114
-0.00014655593551538836
0.0007278944797264289
-3.908158280410356e-05
0.0007669760625305325
-1.954079140205178e-05
0.0009574987787005373
1.4655593551538837e-05
0.0009281875915974596
-9.281875915974596e-05
0.0006985832926233512
-2.9311187103077675e-05
0.0009770395701025891
1.954079140205178e-05
0.0009477283829995114
-2.442598925256473e-05
0.0007816316560820713
-2.442598925256473e-05
0.0008891060087933561
-4.396678065461651e-05
0.0008451392281387396
7.816316560820712e-05
0.0009965803615046408
-4.396678065461651e-05
0.0007034684904738642
-2.9311187103077675e-05
0.0008597948216902784
-1.4655593551538837e-05
0.0010503175378602833
1.4655593551538837e-05
0.0009770395701025891
-0.00016609672691744016
0.000810942843185149
-0.0002442598925256473
0.0009233023937469467
1.954079140205178e-05
0.000898876404494382
-9.77039570102589e-06
0.001064973131411822
9.281875915974596e-05
0.0008793356130923302
0.00015632633121641425
0.0008597948216902784
-0.00012212994626282364
0.0007669760625305325
9.281875915974596e-05
0.0007914020517830972
-0.00010258915486077186
0.0009428431851489985
-6.35075720566683e-05
0.000986809965803615
3.419638495359062e-05
0.0008842208109428432
-5.862237420615535e-05
0.0008402540302882267
-0.0002344894968246214
0.0008207132388861749
5.862237420615535e-05
0.0009965803615046408
0.00011235955056179774
0.0009526135808500244
-3.908158280410356e-05
0.000986809965803615
-8.793356130923302e-05
0.0008255984367366878
-9.77039570102589e-06
0.0009477283829995114
-7.327796775769418e-05
0.0010356619443087445
0.0001709819247679531
0.0009379579872984856
6.839276990718124e-05
0.0009281875915974596
-4.885197850512946e-05
0.0006692721055202736
1.954079140205178e-05
0.0007816316560820713
-6.35075720566683e-05
0.000903761602344895
6.839276990718124e-05
0.0010112359550561798
-4.885197850512945e-06
0.0008304836345872007
2.9311187103077675e-05
0.0007620908646800195
5.37371763556424e-05
0.0009526135808500244
-3.419638495359062e-05
0.001089399120664387
1.954079140205178e-05
0.0008353688324377137
-2.442598925256473e-05
0.0010356619443087445
-0.00017586712261846604
0.0008451392281387396
0.0
0.0009330727894479727
-0.0001612115290669272
0.0009574987787005373
0.0001074743527112848
0.0008597948216902784
0.00011235955056179774
0.0009379579872984856
-2.442598925256473e-05
0.0009428431851489985
9.281875915974596e-05
0.0009330727894479727
-9.77039570102589e-06
0.0008451392281387396
5.37371763556424e-05
0.0009623839765510503
8.793356130923302e-05
0.000898876404494382
-4.885197850512945e-06
0.0007865168539325843
-2.9311187103077675e-05
0.0010063507572056667
-0.0001074743527112848
0.0008207132388861749
8.304836345872008e-05
0.000806057645334636
0.0
0.0008597948216902784
-1.954079140205178e-05
0.0008304836345872007
-2.442598925256473e-05
0.0009770395701025891
-4.885197850512946e-05
0.0009428431851489985
3.419638495359062e-05
0.0008842208109428432
6.35075720566683e-05
0.0011284807034684903
-1.4655593551538837e-05
0.0007767464582315583
-0.00013678553981436248
0.0009184171958964338
-0.00017586712261846604
0.0010600879335613091
8.793356130923302e-05
0.0006643869076697606
-0.00010258915486077186
0.0010112359550561798
5.862237420615535e-05
0.0008793356130923302
1.4655593551538837e-05
0.0009721543722520762
2.442598925256473e-05
0.0009672691744015633
9.770395701025892e-05
0.0010063507572056667
1.954079140205178e-05
0.0009184171958964338
6.35075720566683e-05
0.0008793356130923302
-6.839276990718124e-05
0.0007572056668295066
-0.00015144113336590132
0.0007523204689789937
-0.0001172447484123107
0.0008597948216902784
4.885197850512946e-05
0.0010454323400097703
5.862237420615535e-05
0.0007767464582315583
0.00012212994626282364
0.0008207132388861749
3.908158280410356e-05
0.0009428431851489985
-4.396678065461651e-05
0.000898876404494382
1.4655593551538837e-05
0.0008353688324377137
-5.862237420615535e-05
0.000806057645334636
6.35075720566683e-05
0.0009574987787005373
-0.00013678553981436248
0.0009379579872984856
-2.442598925256473e-05
0.0010014655593551538
7.327796775769418e-05
0.000810942843185149
5.37371763556424e-05
0.0007523204689789937
-8.793356130923302e-05
0.0008597948216902784
-6.35075720566683e-05
0.0007914020517830972
8.304836345872008e-05
0.0009428431851489985
-0.00016609672691744016
0.000898876404494382
-0.00010258915486077186
0.0008451392281387396
-5.37371763556424e-05
0.0008255984367366878
-0.00018563751831949193
0.0009086468001954079
-4.885197850512945e-06
0.0010161211529066928
-9.281875915974596e-05
0.0009184171958964338
-6.35075720566683e-05
0.0007669760625305325
0.00011235955056179774
0.0008451392281387396
3.419638495359062e-05
0.0009135319980459208
-7.327796775769418e-05
0.0007376648754274548
-6.839276990718124e-05
0.0008011724474841231
-2.442598925256473e-05
0.0009379579872984856
-4.885197850512945e-06
0.000898876404494382
-0.0001172447484123107
0.0008842208109428432
-9.77039570102589e-06
0.0009965803615046408
5.862237420615535e-05
0.0008255984367366878
-0.00016609672691744016
0.0007816316560820713
-8.304836345872008e-05
0.0007572056668295066
-0.00015144113336590132
0.0009526135808500244
3.419638495359062e-05
0.0006448461162677088
6.35075720566683e-05
0.0007865168539325843
-0.0001612115290669272
0.000723009281875916
-3.419638495359062e-05
0.0008842208109428432
-3.419638495359062e-05
0.0008207132388861749
-3.419638495359062e-05
0.0008597948216902784
-0.00015144113336590132
0.0008646800195407913
-9.77039570102589e-06
0.0009281875915974596
-3.419638495359062e-05
0.0009477283829995114
3.419638495359062e-05
0.0007425500732779677
6.839276990718124e-05
0.000991695163654128
-0.0001270151441133366
0.000981924767953102
-9.281875915974596e-05
0.000893991206643869
1.4655593551538837e-05
0.0008744504152418173
9.77039570102589e-06
0.0008549096238397655
3.908158280410356e-05
0.0009721543722520762
-9.770395701025892e-05
0.0008646800195407913
9.770395701025892e-05
0.0008695652173913043
-2.9311187103077675e-05
0.0007620908646800195
-1.4655593551538837e-05
0.000806057645334636
1.4655593551538837e-05
0.0009379579872984856
-1.954079140205178e-05
0.0007523204689789937
8.304836345872008e-05
0.000981924767953102
-6.839276990718124e-05
0.0007767464582315583
-9.770395701025892e-05
0.0007962872496336101
9.281875915974596e-05
0.000806057645334636
-0.00013678553981436248
0.0009184171958964338
-4.885197850512945e-06
0.0007816316560820713
0.00010258915486077186
0.0009770395701025891
-0.0001172447484123107
0.000981924767953102
-0.0001612115290669272
0.0007523204689789937
-0.0001172447484123107
0.0009721543722520762
-0.00014167073766487544
0.0009623839765510503
0.00012212994626282364
0.0010063507572056667
-6.35075720566683e-05
0.0009477283829995114
1.4655593551538837e-05
0.0009574987787005373
-8.793356130923302e-05
0.0010161211529066928
0.00015632633121641425
0.0009330727894479727
5.862237420615535e-05
0.000815828041035662
7.816316560820712e-05
0.0011138251099169516
0.00015632633121641425
0.0009233023937469467
-7.816316560820712e-05
0.0009135319980459208
-1.954079140205178e-05
0.0008597948216902784
-4.396678065461651e-05
0.000898876404494382
-3.908158280410356e-05
0.0010161211529066928
0.0001074743527112848
0.000810942843185149
-0.0001074743527112848
0.0008451392281387396
-4.396678065461651e-05
0.000635075720566683
-7.327796775769418e-05
0.0008353688324377137
2.9311187103077675e-05
0.0009086468001954079
-6.839276990718124e-05
0.0008744504152418173
-5.862237420615535e-05
0.0008304836345872007
-5.37371763556424e-05
0.0008500244259892526
4.885197850512946e-05
0.0008304836345872007
-0.000180752320468979
0.0008500244259892526
-4.885197850512945e-06
0.0007718612603810454
0.0001074743527112848
0.0007376648754274548
0.0001270151441133366
0.0006888128969223254
4.885197850512945e-06
0.000898876404494382
-2.442598925256473e-05
0.0009721543722520762
-0.00011235955056179774
0.0008549096238397655
2.442598925256473e-05
0.0008695652173913043
-2.9311187103077675e-05
0.0007816316560820713
0.0
0.0010600879335613091
0.0001270151441133366
0.0009379579872984856
-3.419638495359062e-05
0.000806057645334636
9.281875915974596e-05
0.0008207132388861749
9.281875915974596e-05
0.0009135319980459208
3.908158280410356e-05
0.0010600879335613091
-4.885197850512946e-05
0.0010014655593551538
0.00015144113336590132
0.0007425500732779677
-0.0001709819247679531
0.0007962872496336101
2.9311187103077675e-05
0.000806057645334636
2.442598925256473e-05
0.0010210063507572057
-6.839276990718124e-05
0.0007376648754274548
1.4655593551538837e-05
0.0008304836345872007
-0.00012212994626282364
0.0009184171958964338
-2.442598925256473e-05
0.0008695652173913043
-6.839276990718124e-05
0.0009135319980459208
-5.37371763556424e-05
0.0008304836345872007
7.327796775769418e-05
0.0010161211529066928
-2.442598925256473e-05
0.0008011724474841231
-0.00021006350757205668
0.0008646800195407913
3.419638495359062e-05
0.0010112359550561798
-4.396678065461651e-05
0.0008402540302882267
8.304836345872008e-05
0.0009233023937469467
-2.442598925256473e-05
0.0009623839765510503
4.885197850512946e-05
0.0007962872496336101
-5.862237420615535e-05
0.0010258915486077186
6.35075720566683e-05
0.0008744504152418173
3.908158280410356e-05
0.0007181240840254031
-1.954079140205178e-05
0.0008793356130923302
4.885197850512945e-06
0.0008549096238397655
-0.00010258915486077186
0.0009330727894479727
-5.862237420615535e-05
0.000903761602344895
8.304836345872008e-05
0.0008842208109428432
1.954079140205178e-05
0.0008255984367366878
0.0001074743527112848
0.0008451392281387396
1.4655593551538837e-05
0.0009574987787005373
6.839276990718124e-05
0.0008695652173913043
0.00014655593551538836
0.0008011724474841231
-6.839276990718124e-05
0.0009184171958964338
-7.327796775769418e-05
0.0008402540302882267
-6.35075720566683e-05
0.0008207132388861749
-9.77039570102589e-06
0.0008891060087933561
0.0002247191011235955
0.0008207132388861749
-1.954079140205178e-05
0.000815828041035662
-9.281875915974596e-05
0.0010307767464582316
5.862237420615535e-05
0.0011333659013190035
-8.793356130923302e-05
0.0009477283829995114
6.35075720566683e-05
0.0007865168539325843
9.770395701025892e-05
0.0008402540302882267
9.281875915974596e-05
0.0009184171958964338
0.0002491450903761602
0.0008842208109428432
-0.00011235955056179774
0.0008500244259892526
-8.304836345872008e-05
0.0005959941377625794
-6.35075720566683e-05
0.0007718612603810454
6.35075720566683e-05
0.0008744504152418173
4.396678065461651e-05
0.0008255984367366878
-0.00020517830972154372
0.0009330727894479727
-7.327796775769418e-05
0.000723009281875916
-2.9311187103077675e-05
0.000898876404494382
-0.0001612115290669272
0.000635075720566683
-0.00012212994626282364
0.0008549096238397655
-8.793356130923302e-05
0.0009574987787005373
-1.4655593551538837e-05
0.0007523204689789937
8.304836345872008e-05
0.0008793356130923302
2.442598925256473e-05
0.000903761602344895
0.0001172447484123107
0.000898876404494382
-9.281875915974596e-05
0.0009428431851489985
4.396678065461651e-05
0.0007425500732779677
9.770395701025892e-05
0.0007327796775769418
-1.954079140205178e-05
0.0007327796775769418
1.4655593551538837e-05
0.0007914020517830972
-6.839276990718124e-05
0.0007718612603810454
9.77039570102589e-06
0.0008402540302882267
-3.419638495359062e-05
0.0009135319980459208
4.885197850512945e-06
0.0007620908646800195
-9.77039570102589e-06
0.0009428431851489985
-2.9311187103077675e-05
0.0009672691744015633
-8.304836345872008e-05
0.0009721543722520762
2.9311187103077675e-05
0.0009526135808500244
8.793356130923302e-05
0.0008597948216902784
5.862237420615535e-05
0.0008304836345872007
-7.816316560820712e-05
0.0010112359550561798
-9.77039570102589e-06
0.0007767464582315583
-9.281875915974596e-05
0.000898876404494382
-6.839276990718124e-05
0.0009477283829995114
7.327796775769418e-05
0.0008891060087933561
-9.281875915974596e-05
0.0009477283829995114
9.281875915974596e-05
0.000981924767953102
3.419638495359062e-05
0.0007816316560820713
-4.885197850512945e-06
0.000806057645334636
2.442598925256473e-05
0.0008891060087933561
-0.00014167073766487544
0.0010552027357107962
5.37371763556424e-05
0.0008304836345872007
-0.00010258915486077186
0.0007620908646800195
-5.862237420615535e-05
0.000806057645334636
-6.839276990718124e-05
0.0008353688324377137
-0.00020029311187103076
0.0007523204689789937
4.885197850512945e-06
0.000893991206643869
4.885197850512946e-05
0.0008646800195407913
-0.00018563751831949193
0.0007327796775769418
-0.0001172447484123107
0.0009184171958964338
-0.0001709819247679531
0.000903761602344895
5.37371763556424e-05
0.0007620908646800195
0.00014655593551538836
0.0009330727894479727
-0.0001074743527112848
0.0006839276990718123
-1.954079140205178e-05
0.000898876404494382
-9.770395701025892e-05
0.0007962872496336101
-0.0002247191011235955
0.0009086468001954079
-4.885197850512946e-05
0.0007620908646800195
-8.304836345872008e-05
0.0008402540302882267
4.885197850512946e-05
0.0009428431851489985
-0.00015632633121641425
0.000815828041035662
-5.37371763556424e-05
0.0007669760625305325
9.77039570102589e-06
0.0006839276990718123
6.839276990718124e-05
0.0008500244259892526
0.00011235955056179774
0.0008842208109428432
8.793356130923302e-05
0.0008255984367366878
-2.9311187103077675e-05
0.0008549096238397655
-4.396678065461651e-05
0.0009623839765510503
-0.00010258915486077186
0.0008011724474841231
4.885197850512945e-06
0.0008207132388861749
-9.281875915974596e-05
0.0007181240840254031
0.0
0.0009330727894479727
-0.0001270151441133366
0.000815828041035662
4.885197850512945e-06
0.0006888128969223254
-0.00015632633121641425
0.0009379579872984856
-0.0001270151441133366
0.0010210063507572057
-2.9311187103077675e-05
0.0009623839765510503
0.0
0.0008402540302882267
-1.4655593551538837e-05
0.0009330727894479727
-0.0001074743527112848
0.0009233023937469467
-0.0001709819247679531
0.0008549096238397655
-1.4655593551538837e-05
0.0008891060087933561
3.908158280410356e-05
0.000991695163654128
0.00011235955056179774
0.0007962872496336101
9.77039570102589e-06
0.000898876404494382
-8.304836345872008e-05
0.0011333659013190035
0.00017586712261846604
0.0010161211529066928
-5.37371763556424e-05
0.0010063507572056667
0.0
0.000815828041035662
4.885197850512946e-05
0.0009086468001954079
-0.00017586712261846604
0.0009135319980459208
-4.885197850512945e-06
0.0009135319980459208
-0.0001172447484123107
0.0008695652173913043
8.304836345872008e-05
0.0009721543722520762
-9.281875915974596e-05
0.0009184171958964338
-2.442598925256473e-05
0.0009330727894479727
5.862237420615535e-05
0.000981924767953102
-7.327796775769418e-05
0.0008842208109428432
4.885197850512946e-05
0.0008402540302882267
-2.442598925256473e-05
0.0007474352711284806
-6.35075720566683e-05
0.0008744504152418173
0.00014167073766487544
0.0008500244259892526
-7.816316560820712e-05
0.0008353688324377137
8.793356130923302e-05
0.0008402540302882267
-4.885197850512946e-05
0.0009721543722520762
1.4655593551538837e-05
0.0008255984367366878
1.954079140205178e-05
0.0008549096238397655
0.00013678553981436248
0.0009623839765510503
-7.327796775769418e-05
0.0009330727894479727
-5.862237420615535e-05
0.0010210063507572057
-9.281875915974596e-05
0.0010210063507572057
1.954079140205178e-05
0.000898876404494382
-4.396678065461651e-05
0.0008451392281387396
-1.954079140205178e-05
0.0009770395701025891
3.419638495359062e-05
0.0009770395701025891
-9.281875915974596e-05
0.0008304836345872007
-0.00020029311187103076
0.0007718612603810454
3.419638495359062e-05
0.0010161211529066928
5.37371763556424e-05
0.0008793356130923302
-0.00019540791402051784
0.0009135319980459208
-0.00020517830972154372
0.0009574987787005373
-7.327796775769418e-05
0.0007962872496336101
-6.35075720566683e-05
0.0006936980947728383
-9.770395701025892e-05
0.0006839276990718123
5.37371763556424e-05
0.0007278944797264289
-0.00014655593551538836
0.0009428431851489985
-7.816316560820712e-05
0.0008793356130923302
4.885197850512946e-05
0.0007816316560820713
-4.885197850512945e-06
0.0007816316560820713
-7.816316560820712e-05
0.0009526135808500244
-7.816316560820712e-05
0.0008549096238397655
-0.00012212994626282364
0.0006155349291646311
2.9311187103077675e-05
0.0009184171958964338
-5.37371763556424e-05
0.0009233023937469467
-4.885197850512945e-06
0.0009574987787005373
2.9311187103077675e-05
0.0008011724474841231
-7.816316560820712e-05
0.0009477283829995114
2.442598925256473e-05
0.0008500244259892526
-1.4655593551538837e-05
0.0009623839765510503
0.0002149487054225696
0.0009233023937469467
0.00013678553981436248
0.0010405471421592574
7.327796775769418e-05
0.0009281875915974596
0.0
0.0011382510991695164
9.77039570102589e-06
0.0008500244259892526
-0.00015632633121641425
0.0008353688324377137
-0.00014655593551538836
0.0007914020517830972
-0.0001172447484123107
0.0009770395701025891
-0.00013190034196384952
0.0008891060087933561
-2.442598925256473e-05
0.0008353688324377137
-2.9311187103077675e-05
0.000898876404494382
-0.00011235955056179774
0.000815828041035662
0.0
0.0008451392281387396
-7.327796775769418e-05
0.0008011724474841231
-3.908158280410356e-05
0.000903761602344895
8.304836345872008e-05
0.0008597948216902784
9.77039570102589e-06
0.0008451392281387396
0.00013678553981436248
0.0007327796775769418
-0.0001270151441133366
0.000810942843185149
-5.37371763556424e-05
0.0007669760625305325
0.00015144113336590132
0.0009574987787005373
-5.37371763556424e-05
0.0008793356130923302
-4.885197850512946e-05
0.0008793356130923302
0.00010258915486077186
0.0008011724474841231
-0.00011235955056179774
0.0008646800195407913
-0.00013678553981436248
0.0008500244259892526
-7.327796775769418e-05
0.0008549096238397655
-0.00014655593551538836
0.0007278944797264289
-1.954079140205178e-05
0.0008597948216902784
-0.000180752320468979
0.000903761602344895
-0.00018563751831949193
0.0008793356130923302
-0.00016609672691744016
0.0009477283829995114
-9.770395701025892e-05
0.0009672691744015633
-6.839276990718124e-05
0.0008451392281387396
8.793356130923302e-05
0.000903761602344895
-3.419638495359062e-05
0.0010405471421592574
3.908158280410356e-05
0.0009574987787005373
-3.419638495359062e-05
0.0009281875915974596
-2.9311187103077675e-05
0.0008304836345872007
-0.00022960429897410844
0.0011138251099169516
3.419638495359062e-05
0.0010063507572056667
-3.908158280410356e-05
0.0010405471421592574
-9.77039570102589e-06
0.0010503175378602833
4.396678065461651e-05
0.0007181240840254031
0.00011235955056179774
0.0007816316560820713
-4.396678065461651e-05
0.0008842208109428432
9.77039570102589e-06
0.000815828041035662
9.770395701025892e-05
0.0009574987787005373
8.304836345872008e-05
0.0009330727894479727
-3.908158280410356e-05
0.0008011724474841231
4.396678065461651e-05
0.0009526135808500244
-0.0001074743527112848
0.0009574987787005373
2.442598925256473e-05
0.0007816316560820713
-4.885197850512945e-06
0.0007865168539325843
-8.793356130923302e-05
0.0007767464582315583
-6.35075720566683e-05
0.0010063507572056667
-2.9311187103077675e-05
0.0007914020517830972
-2.9311187103077675e-05
0.0009233023937469467
5.862237420615535e-05
0.0008793356130923302
-2.9311187103077675e-05
0.0008744504152418173
4.396678065461651e-05
0.0010942843185148998
4.396678065461651e-05
0.000903761602344895
-8.304836345872008e-05
0.0008891060087933561
9.77039570102589e-06
0.0009623839765510503
0.00018563751831949193
0.0008842208109428432
0.0001172447484123107
0.0008402540302882267
-0.00011235955056179774
0.0009233023937469467
8.793356130923302e-05
0.0009526135808500244
0.00013678553981436248
0.0010161211529066928
-4.396678065461651e-05
0.000723009281875916
6.839276990718124e-05
0.0007327796775769418
-9.281875915974596e-05
0.0007474352711284806
3.419638495359062e-05
0.0008549096238397655
5.37371763556424e-05
0.0008353688324377137
-4.396678065461651e-05
0.0007718612603810454
-1.4655593551538837e-05
0.0009281875915974596
-1.4655593551538837e-05
0.0008891060087933561
9.281875915974596e-05
0.000898876404494382
2.442598925256473e-05
0.0008451392281387396
3.908158280410356e-05
0.001064973131411822
1.4655593551538837e-05
0.0009330727894479727
-0.0001074743527112848
0.0009233023937469467
9.770395701025892e-05
0.0008744504152418173
-1.954079140205178e-05
0.0009721543722520762
-1.954079140205178e-05
0.0007620908646800195
3.419638495359062e-05
0.000815828041035662
-0.0001074743527112848
0.0007327796775769418
5.37371763556424e-05
0.0009135319980459208
0.00015632633121641425
0.0008451392281387396
-9.77039570102589e-06
0.0007181240840254031
9.77039570102589e-06
0.0009379579872984856
-6.839276990718124e-05
0.0010405471421592574
-3.908158280410356e-05
0.0007474352711284806
-6.35075720566683e-05
0.0009233023937469467
-3.419638495359062e-05
0.0007572056668295066
-5.37371763556424e-05
0.000903761602344895
-7.327796775769418e-05
0.000806057645334636
1.4655593551538837e-05
0.000810942843185149
0.0001172447484123107
0.0008793356130923302
-2.9311187103077675e-05
0.0007620908646800195
1.954079140205178e-05
0.0008451392281387396
-0.00014167073766487544
0.0009281875915974596
-2.9311187103077675e-05
0.0008597948216902784
-0.000180752320468979
0.0009672691744015633
-0.00010258915486077186
0.0007767464582315583
6.35075720566683e-05
0.00071323888617489
0.00016609672691744016
0.0009330727894479727
0.00010258915486077186
0.000986809965803615
-9.77039570102589e-06
0.0008695652173913043
-8.793356130923302e-05
0.0007572056668295066
7.816316560820712e-05
0.0007083536883243771
5.37371763556424e-05
0.000991695163654128
1.954079140205178e-05
0.0007083536883243771
3.419638495359062e-05
0.0009623839765510503
-8.793356130923302e-05
0.000903761602344895
3.908158280410356e-05
0.000898876404494382
-2.442598925256473e-05
0.000903761602344895
1.954079140205178e-05
0.0008402540302882267
0.00013190034196384952
0.0008744504152418173
-9.770395701025892e-05
0.0008304836345872007
7.816316560820712e-05
0.000815828041035662
-3.908158280410356e-05
0.0007816316560820713
4.396678065461651e-05
0.0006595017098192477
4.885197850512945e-06
0.0009184171958964338
4.885197850512946e-05
0.0008500244259892526
-1.4655593551538837e-05
0.0009574987787005373
-9.77039570102589e-06
0.0009379579872984856
1.954079140205178e-05
0.0008646800195407913
-3.419638495359062e-05
0.0009233023937469467
4.885197850512946e-05
0.000806057645334636
1.4655593551538837e-05
0.0007962872496336101
1.954079140205178e-05
0.0010014655593551538
-7.816316560820712e-05
0.0008646800195407913
-0.0001172447484123107
0.0007816316560820713
-0.00013190034196384952
0.0007620908646800195
0.0
0.0009477283829995114
8.304836345872008e-05
0.0009330727894479727
-5.37371763556424e-05
0.0008744504152418173
-1.954079140205178e-05
0.0007767464582315583
9.77039570102589e-06
0.0007425500732779677
8.304836345872008e-05
0.0009965803615046408
-4.885197850512946e-05
0.0007816316560820713
3.908158280410356e-05
0.0007620908646800195
-0.00013678553981436248
0.0009233023937469467
-2.442598925256473e-05
0.0008304836345872007
2.442598925256473e-05
0.000810942843185149
-9.77039570102589e-06
0.0008744504152418173
7.816316560820712e-05
0.0007962872496336101
-8.304836345872008e-05
0.0008255984367366878
-4.396678065461651e-05
0.0009233023937469467
-9.281875915974596e-05
0.0009233023937469467
0.00015632633121641425
0.0009281875915974596
-4.885197850512946e-05
0.0009233023937469467
-5.862237420615535e-05
0.000991695163654128
-0.000180752320468979
0.0007034684904738642
-0.00017586712261846604
0.0010503175378602833
-4.885197850512946e-05
0.0008744504152418173
1.4655593551538837e-05
0.0008695652173913043
-0.00015632633121641425
0.0009477283829995114
-0.00016609672691744016
0.00071323888617489
-4.396678065461651e-05
0.0007718612603810454
-7.816316560820712e-05
0.00071323888617489
-2.442598925256473e-05
0.0009233023937469467
-4.885197850512946e-05
0.0009574987787005373
-6.35075720566683e-05
0.0008646800195407913
-0.00014167073766487544
0.0009135319980459208
-0.0001074743527112848
0.0008597948216902784
-3.419638495359062e-05
0.0008402540302882267
-0.00015632633121641425
0.0009330727894479727
1.4655593551538837e-05
0.0008793356130923302
-3.908158280410356e-05
0.0008402540302882267
5.37371763556424e-05
0.0010747435271128481
-6.35075720566683e-05
0.0008695652173913043
9.281875915974596e-05
0.0008549096238397655
7.816316560820712e-05
0.0007865168539325843
-3.419638495359062e-05
0.0009623839765510503
5.862237420615535e-05
0.0010258915486077186
-3.908158280410356e-05
0.0007376648754274548
2.442598925256473e-05
0.0009281875915974596
-3.908158280410356e-05
0.000898876404494382
-0.00013190034196384952
0.0009721543722520762
-0.00019052271617000488
0.0008695652173913043
-0.0001172447484123107
0.001064973131411822
-5.862237420615535e-05
0.0007620908646800195
-4.885197850512946e-05
0.0008304836345872007
1.954079140205178e-05
0.000815828041035662
-0.0001172447484123107
0.000981924767953102
0.0
0.0008353688324377137
5.862237420615535e-05
0.0007914020517830972
4.885197850512946e-05
0.0008500244259892526
-0.00012212994626282364
0.0007914020517830972
-9.770395701025892e-05
0.0008842208109428432
-4.885197850512945e-06
0.0008793356130923302
-0.00011235955056179774
0.0009281875915974596
-3.908158280410356e-05
0.000986809965803615
-9.281875915974596e-05
0.0008549096238397655
3.908158280410356e-05
0.0009965803615046408
-9.281875915974596e-05
0.000986809965803615
-5.862237420615535e-05
0.0009672691744015633
2.9311187103077675e-05
0.0009623839765510503
8.793356130923302e-05
0.0009281875915974596
5.37371763556424e-05
0.0009281875915974596
-6.35075720566683e-05
0.000986809965803615
-3.908158280410356e-05
0.0010356619443087445
-1.954079140205178e-05
0.0009623839765510503
6.839276990718124e-05
0.0008451392281387396
1.954079140205178e-05
0.0009379579872984856
-9.770395701025892e-05
0.0008304836345872007
0.0001172447484123107
0.0008842208109428432
-1.4655593551538837e-05
0.0008646800195407913
0.00014167073766487544
0.0008842208109428432
0.0
0.000898876404494382
-7.327796775769418e-05
0.0008255984367366878
-4.396678065461651e-05
0.0008255984367366878
-7.816316560820712e-05
0.0008011724474841231
-6.35075720566683e-05
0.0009428431851489985
-1.954079140205178e-05
0.0009574987787005373
-1.4655593551538837e-05
0.0009477283829995114
-3.419638495359062e-05
0.0009330727894479727
5.862237420615535e-05
0.0010503175378602833
0.00013678553981436248
0.000991695163654128
3.908158280410356e-05
0.0008842208109428432
0.00015632633121641425
0.0008597948216902784
-0.00015144113336590132
0.0009574987787005373
-0.0001172447484123107
0.0007914020517830972
-8.304836345872008e-05
0.0008011724474841231
-1.4655593551538837e-05
0.0007865168539325843
-5.37371763556424e-05
0.0008353688324377137
-0.00015144113336590132
0.0010014655593551538
-3.419638495359062e-05
0.0009477283829995114
-0.00011235955056179774
0.0007376648754274548
4.885197850512946e-05
0.0009721543722520762
-0.00013190034196384952
0.000898876404494382
5.37371763556424e-05
0.0008597948216902784
-2.442598925256473e-05
0.0008353688324377137
-1.4655593551538837e-05
0.0008255984367366878
-1.954079140205178e-05
0.0010600879335613091
-9.281875915974596e-05
0.0009281875915974596
-0.00014655593551538836
0.0008402540302882267
3.419638495359062e-05
0.0007425500732779677
5.862237420615535e-05
0.0010747435271128481
-3.908158280410356e-05
0.0008207132388861749
-8.793356130923302e-05
0.0010942843185148998
-0.00014167073766487544
0.0010258915486077186
-6.839276990718124e-05
0.0009233023937469467
3.908158280410356e-05
0.0010991695163654128
1.4655593551538837e-05
0.000898876404494382
-8.304836345872008e-05
0.0008744504152418173
9.281875915974596e-05
0.0009428431851489985
-0.0001172447484123107
0.0008744504152418173
-9.281875915974596e-05
0.0009379579872984856
-0.0001612115290669272
0.0008744504152418173
-4.885197850512946e-05
0.000903761602344895
-0.0002491450903761602
0.0007816316560820713
3.908158280410356e-05
0.0007718612603810454
-9.770395701025892e-05
0.0009721543722520762
-2.9311187103077675e-05
0.0008695652173913043
3.419638495359062e-05
0.0008402540302882267
-0.00014655593551538836
0.0008695652173913043
0.0001270151441133366
0.0010454323400097703
4.885197850512945e-06
0.0009477283829995114
-4.885197850512945e-06
0.0007669760625305325
0.0001270151441133366
0.000806057645334636
0.00010258915486077186
0.0008646800195407913
-1.4655593551538837e-05
0.0008500244259892526
-3.908158280410356e-05
0.000903761602344895
-0.00011235955056179774
0.000723009281875916
-9.281875915974596e-05
0.0008646800195407913
4.885197850512945e-06
0.0008402540302882267
-9.77039570102589e-06
0.0007914020517830972
-0.00013678553981436248
0.0009233023937469467
9.770395701025892e-05
0.0009330727894479727
3.908158280410356e-05
0.0008304836345872007
-8.304836345872008e-05
0.0009623839765510503
1.954079140205178e-05
0.0007474352711284806
0.0
0.0009721543722520762
5.37371763556424e-05
0.0008744504152418173
0.00010258915486077186
0.0007376648754274548
-7.816316560820712e-05
0.0009623839765510503
-0.00012212994626282364
0.0009233023937469467
0.00011235955056179774
0.0009721543722520762
-2.442598925256473e-05
0.0007474352711284806
-7.327796775769418e-05
0.0009721543722520762
3.419638495359062e-05
0.0008842208109428432
0.0
0.0007572056668295066
-2.442598925256473e-05
0.000893991206643869
1.954079140205178e-05
0.0010112359550561798
8.304836345872008e-05
0.0008646800195407913
-1.954079140205178e-05
0.0008646800195407913
4.885197850512946e-05
0.0007914020517830972
-2.442598925256473e-05
0.000893991206643869
-2.442598925256473e-05
0.0009574987787005373
-6.839276990718124e-05
0.000893991206643869
7.816316560820712e-05
0.0009281875915974596
-8.304836345872008e-05
0.0008304836345872007
-7.327796775769418e-05
0.000810942843185149
4.396678065461651e-05
0.0008793356130923302
0.00017586712261846604
0.0007523204689789937
-0.00010258915486077186
0.0010014655593551538
1.4655593551538837e-05
0.0010210063507572057
0.0001074743527112848
0.000810942843185149
9.77039570102589e-06
0.0009428431851489985
-0.00010258915486077186
0.000815828041035662
-0.0001270151441133366
0.0008304836345872007
9.77039570102589e-06
0.000893991206643869
-3.419638495359062e-05
0.0008353688324377137
3.908158280410356e-05
0.0010454323400097703
-0.00013190034196384952
0.0010405471421592574
6.839276990718124e-05
0.0007962872496336101
-1.954079140205178e-05
0.0008695652173913043
-0.00027357107962872496
0.0008304836345872007
-9.77039570102589e-06
0.0008304836345872007
9.77039570102589e-06
0.0009233023937469467
8.304836345872008e-05
0.000903761602344895
6.839276990718124e-05
0.0008255984367366878
-1.954079140205178e-05
0.0010600879335613091
-3.908158280410356e-05
0.0009623839765510503
0.0002784562774792379
0.0007669760625305325
-3.419638495359062e-05
0.000806057645334636
-8.304836345872008e-05
0.0008695652173913043
9.77039570102589e-06
0.0009379579872984856
-3.419638495359062e-05
0.0008402540302882267
0.00011235955056179774
0.0008304836345872007
-0.00011235955056179774
0.0009184171958964338
0.00010258915486077186
0.000806057645334636
2.442598925256473e-05
0.0008891060087933561
-1.954079140205178e-05
0.0007718612603810454
0.00012212994626282364
0.000903761602344895
-3.908158280410356e-05
0.0007767464582315583
4.396678065461651e-05
0.0007034684904738642
-3.908158280410356e-05
0.0007620908646800195
9.770395701025892e-05
0.0009086468001954079
4.885197850512945e-06
0.0008793356130923302
-5.862237420615535e-05
0.0008793356130923302
-0.00014655593551538836
0.0007962872496336101
0.00014655593551538836
0.0011089399120664386
-9.77039570102589e-06
0.0008402540302882267
7.816316560820712e-05
0.0008891060087933561
8.304836345872008e-05
0.0008500244259892526
9.77039570102589e-06
0.0009428431851489985
-6.35075720566683e-05
0.0007914020517830972
-1.954079140205178e-05
0.0010600879335613091
-8.793356130923302e-05
0.0009623839765510503
3.419638495359062e-05
0.0008011724474841231
4.396678065461651e-05
0.0009086468001954079
0.0001172447484123107
0.0009477283829995114
-4.885197850512945e-06
0.0008842208109428432
4.396678065461651e-05
0.0010307767464582316
6.35075720566683e-05
0.0008207132388861749
-2.442598925256473e-05
0.0007425500732779677
-7.327796775769418e-05
0.0010112359550561798
0.00010258915486077186
0.0007327796775769418
1.954079140205178e-05
0.0009233023937469467
2.442598925256473e-05
0.0009672691744015633
-0.00012212994626282364
0.0008011724474841231
5.37371763556424e-05
0.0009135319980459208
2.442598925256473e-05
0.000903761602344895
0.00027357107962872496
0.000893991206643869
1.954079140205178e-05
0.0008402540302882267
0.0001172447484123107
0.000893991206643869
-5.862237420615535e-05
0.000903761602344895
-4.885197850512945e-06
0.0008842208109428432
-9.281875915974596e-05
0.0008255984367366878
2.9311187103077675e-05
0.0008451392281387396
4.885197850512945e-06
0.000893991206643869
2.9311187103077675e-05
0.0008646800195407913
-0.00011235955056179774
0.0008549096238397655
4.396678065461651e-05
0.0008353688324377137
-9.770395701025892e-05
0.000981924767953102
-5.862237420615535e-05
0.0007425500732779677
-1.4655593551538837e-05
0.0009477283829995114
-0.0002589154860771861
0.0008451392281387396
5.37371763556424e-05
0.0007865168539325843
7.327796775769418e-05
0.0008597948216902784
-7.816316560820712e-05
0.0008304836345872007
-5.862237420615535e-05
0.0008207132388861749
-0.00015632633121641425
0.000810942843185149
0.00017586712261846604
0.0008207132388861749
9.77039570102589e-06
0.0008695652173913043
-1.954079140205178e-05
0.0007816316560820713
6.35075720566683e-05
0.000723009281875916
-9.770395701025892e-05
0.000898876404494382
-9.77039570102589e-06
0.0009770395701025891
0.0001270151441133366
0.0008402540302882267
0.00010258915486077186
0.0008500244259892526
3.908158280410356e-05
0.0008597948216902784
-3.908158280410356e-05
0.0009574987787005373
5.862237420615535e-05
0.0010014655593551538
0.0001709819247679531
0.0007425500732779677
-0.00019540791402051784
0.0007572056668295066
4.885197850512946e-05
0.0009672691744015633
-0.0001270151441133366
0.0009233023937469467
9.77039570102589e-06
0.0010161211529066928
0.0001074743527112848
0.0008793356130923302
-1.4655593551538837e-05
0.0009672691744015633
4.396678065461651e-05
0.0008353688324377137
-4.885197850512945e-06
0.0008842208109428432
6.839276990718124e-05
0.000815828041035662
-0.0001074743527112848
0.0006643869076697606
9.77039570102589e-06
0.0007962872496336101
-6.839276990718124e-05
0.000991695163654128
0.00016609672691744016
0.0007669760625305325
-1.954079140205178e-05
0.000893991206643869
0.00016609672691744016
0.0011187103077674645
-5.37371763556424e-05
0.000903761602344895
-2.9311187103077675e-05
0.0008304836345872007
4.885197850512946e-05
0.0007914020517830972
6.839276990718124e-05
0.0009672691744015633
8.304836345872008e-05
0.0008597948216902784
4.396678065461651e-05
0.0007474352711284806
-4.396678065461651e-05
0.0008597948216902784
0.0
0.0009428431851489985
0.0001074743527112848
0.0009770395701025891
0.0
0.0008597948216902784
0.00010258915486077186
0.0007914020517830972
9.770395701025892e-05
0.0010307767464582316
0.000180752320468979
0.0008255984367366878
8.793356130923302e-05
0.0007034684904738642
-9.770395701025892e-05
0.000815828041035662
-2.442598925256473e-05
0.0007914020517830972
-1.4655593551538837e-05
0.0008500244259892526
-0.00020517830972154372
0.0007865168539325843
8.304836345872008e-05
0.0008793356130923302
-4.396678065461651e-05
0.000981924767953102
2.9311187103077675e-05
0.00071323888617489
-8.793356130923302e-05
0.0007816316560820713
-3.908158280410356e-05
0.0010063507572056667
0.0
0.000981924767953102
-4.885197850512946e-05
0.0009965803615046408
-9.77039570102589e-06
0.000986809965803615
9.770395701025892e-05
0.0008451392281387396
-0.00011235955056179774
0.0010942843185148998
9.281875915974596e-05
0.000991695163654128
-0.0001270151441133366
0.0008304836345872007
-0.0002247191011235955
0.0008549096238397655
-0.0001172447484123107
0.000991695163654128
-1.4655593551538837e-05
0.0009233023937469467
-1.4655593551538837e-05
0.0008744504152418173
0.00011235955056179774
0.000903761602344895
7.327796775769418e-05
0.0008353688324377137
-9.281875915974596e-05
0.000981924767953102
1.954079140205178e-05
0.0008744504152418173
5.37371763556424e-05
0.0009184171958964338
-3.419638495359062e-05
0.0009281875915974596
-0.0001074743527112848
0.0008549096238397655
-9.77039570102589e-06
0.000810942843185149
-6.35075720566683e-05
0.0009233023937469467
0.0001612115290669272
0.000986809965803615
-0.00010258915486077186
0.000898876404494382
-0.0002344894968246214
0.0007572056668295066
8.304836345872008e-05
0.0008695652173913043
-4.885197850512945e-06
0.000898876404494382
9.77039570102589e-06
0.0008793356130923302
-6.839276990718124e-05
0.0006497313141182217
7.816316560820712e-05
0.0009086468001954079
0.0002491450903761602
0.0009281875915974596
0.0001270151441133366
0.0007572056668295066
-0.0002491450903761602
0.0009477283829995114
-9.281875915974596e-05
0.0007816316560820713
-3.419638495359062e-05
0.000815828041035662
-1.4655593551538837e-05
0.000893991206643869
7.327796775769418e-05
0.0008353688324377137
3.908158280410356e-05
0.0008891060087933561
-6.35075720566683e-05
0.0008255984367366878
0.0
0.0008255984367366878
-6.35075720566683e-05
0.0007327796775769418
9.770395701025892e-05
0.0010552027357107962
7.327796775769418e-05
0.0008207132388861749
0.0
0.0009672691744015633
-5.862237420615535e-05
0.0008646800195407913
3.908158280410356e-05
0.000898876404494382
-3.419638495359062e-05
0.0009574987787005373
-2.442598925256473e-05
0.0009623839765510503
-6.839276990718124e-05
0.0007376648754274548
-0.0001172447484123107
0.0008500244259892526
9.770395701025892e-05
0.0010600879335613091
1.4655593551538837e-05
0.0008842208109428432
0.0001612115290669272
0.0010063507572056667
4.885197850512946e-05
0.0008255984367366878
-1.954079140205178e-05
0.0007767464582315583
8.304836345872008e-05
0.0007083536883243771
2.442598925256473e-05
0.0007914020517830972
-2.442598925256473e-05
0.001064973131411822
-2.442598925256473e-05
0.0007718612603810454
7.327796775769418e-05
0.000981924767953102
0.0001172447484123107
0.0007962872496336101
3.419638495359062e-05
0.000898876404494382
-5.37371763556424e-05
0.0008744504152418173
4.396678065461651e-05
0.0009477283829995114
-9.77039570102589e-06
0.000806057645334636
0.00010258915486077186
0.0008597948216902784
1.4655593551538837e-05
0.0010112359550561798
0.00016609672691744016
0.0007718612603810454
4.396678065461651e-05
0.0007767464582315583
-4.396678065461651e-05
0.0009233023937469467
1.954079140205178e-05
0.0009428431851489985
-6.839276990718124e-05
0.000806057645334636
6.839276990718124e-05
0.0008402540302882267
0.00013678553981436248
0.0009428431851489985
-9.77039570102589e-06
0.0008891060087933561
-0.00010258915486077186
0.0009330727894479727
-3.419638495359062e-05
0.0008597948216902784
0.00013190034196384952
0.0009965803615046408
0.0001172447484123107
0.0008304836345872007
0.00011235955056179774
0.0007962872496336101
4.885197850512945e-06
0.0005911089399120664
-0.00021006350757205668
0.0009770395701025891
3.419638495359062e-05
0.000810942843185149
4.885197850512945e-06
0.0008793356130923302
-0.00010258915486077186
0.0008744504152418173
-1.4655593551538837e-05
0.0007962872496336101
-4.885197850512946e-05
0.0008011724474841231
8.304836345872008e-05
0.0008695652173913043
4.885197850512946e-05
0.0008597948216902784
-0.0001172447484123107
0.0008353688324377137
-8.304836345872008e-05
0.0010210063507572057
0.0
0.0007962872496336101
2.9311187103077675e-05
0.0007278944797264289
1.954079140205178e-05
0.000815828041035662
1.954079140205178e-05
0.0010503175378602833
-3.908158280410356e-05
0.0006985832926233512
-6.839276990718124e-05
0.0007474352711284806
6.839276990718124e-05
0.000893991206643869
0.00014655593551538836
0.0008695652173913043
-9.77039570102589e-06
0.000893991206643869
1.4655593551538837e-05
0.0010307767464582316
-0.00013678553981436248
0.0007376648754274548
-1.4655593551538837e-05
0.0008646800195407913
9.281875915974596e-05
0.0008695652173913043
2.442598925256473e-05
0.0006839276990718123
7.816316560820712e-05
0.0009330727894479727
2.9311187103077675e-05
0.0008304836345872007
3.419638495359062e-05
0.0006936980947728383
4.885197850512946e-05
0.000810942843185149
7.816316560820712e-05
0.0007816316560820713
8.793356130923302e-05
0.000986809965803615
4.885197850512946e-05
0.0010063507572056667
-1.954079140205178e-05
0.0007816316560820713
9.770395701025892e-05
0.0007572056668295066
5.37371763556424e-05
0.000815828041035662
0.0001709819247679531
0.0010356619443087445
-5.37371763556424e-05
0.0008646800195407913
4.396678065461651e-05
0.0008011724474841231
-3.908158280410356e-05
0.0007620908646800195
6.839276990718124e-05
0.0009330727894479727
-3.908158280410356e-05
0.0009428431851489985
-0.0001270151441133366
0.0009526135808500244
-3.419638495359062e-05
0.0007523204689789937
0.0001074743527112848
0.0009086468001954079
4.885197850512945e-06
0.0006546165119687347
4.885197850512945e-06
0.0008500244259892526
-0.0001172447484123107
0.0010942843185148998
-5.862237420615535e-05
0.0009672691744015633
-1.4655593551538837e-05
0.000893991206643869
1.4655593551538837e-05
0.0009184171958964338
-5.37371763556424e-05
0.0009135319980459208
2.9311187103077675e-05
0.0009770395701025891
-4.396678065461651e-05
0.0007962872496336101
5.37371763556424e-05
0.00071323888617489
1.4655593551538837e-05
0.0009184171958964338
1.954079140205178e-05
0.000893991206643869
-2.9311187103077675e-05
0.000903761602344895
-1.954079140205178e-05
0.0007181240840254031
-3.908158280410356e-05
0.0008646800195407913
1.954079140205178e-05
0.000815828041035662
4.396678065461651e-05
0.0007474352711284806
-0.00015144113336590132
0.0009574987787005373
0.00013190034196384952
0.0008402540302882267
9.770395701025892e-05
0.0007376648754274548
-3.908158280410356e-05
0.000810942843185149
5.862237420615535e-05
0.000898876404494382
3.908158280410356e-05
0.0010210063507572057
0.000180752320468979
0.001084513922813874
2.442598925256473e-05
0.0008891060087933561
9.281875915974596e-05
0.0008011724474841231
0.0001270151441133366
0.0010405471421592574
1.954079140205178e-05
0.0008793356130923302
0.00010258915486077186
0.0008451392281387396
3.908158280410356e-05
0.0007474352711284806
-8.793356130923302e-05
0.0007865168539325843
8.304836345872008e-05
0.0009623839765510503
-0.0001612115290669272
0.000810942843185149
-7.327796775769418e-05
0.0007914020517830972
-8.304836345872008e-05
0.0008255984367366878
6.839276990718124e-05
0.0008402540302882267
6.839276990718124e-05
0.0008744504152418173
4.396678065461651e-05
0.0008304836345872007
-5.862237420615535e-05
0.0009477283829995114
-0.0001172447484123107
0.0008793356130923302
0.0001074743527112848
0.0007914020517830972
-2.9311187103077675e-05
0.001064973131411822
-9.77039570102589e-06
0.0011577918905715681
0.00014655593551538836
0.0007962872496336101
-0.00011235955056179774
0.0008500244259892526
-4.396678065461651e-05
0.0008011724474841231
-4.396678065461651e-05
0.000810942843185149
4.885197850512945e-06
0.0007425500732779677
-9.770395701025892e-05
0.000898876404494382
3.419638495359062e-05
0.0009184171958964338
2.442598925256473e-05
0.0008402540302882267
0.00018563751831949193
0.0008891060087933561
0.00010258915486077186
0.0007865168539325843
8.304836345872008e-05
0.000810942843185149
0.0001270151441133366
0.0007278944797264289
-2.9311187103077675e-05
0.0006448461162677088
2.9311187103077675e-05
0.0008597948216902784
-0.00010258915486077186
0.0008891060087933561
-3.419638495359062e-05
0.0008744504152418173
5.37371763556424e-05
0.0007914020517830972
-0.00013678553981436248
0.0007083536883243771
-0.00014655593551538836
0.0009526135808500244
5.862237420615535e-05
0.0008842208109428432
0.0001612115290669272
0.0010063507572056667
-4.885197850512945e-06
0.000991695163654128
-0.00010258915486077186
0.0007181240840254031
4.396678065461651e-05
0.0009526135808500244
1.954079140205178e-05
0.0008451392281387396
-5.862237420615535e-05
0.0009184171958964338
1.954079140205178e-05
0.0008842208109428432
-1.4655593551538837e-05
0.0007327796775769418
-2.442598925256473e-05
0.0007962872496336101
-9.77039570102589e-06
0.0008402540302882267
0.00011235955056179774
0.0006106497313141182
-4.885197850512945e-06
0.0008255984367366878
-4.885197850512946e-05
0.0008500244259892526
-8.304836345872008e-05
0.0010405471421592574
1.954079140205178e-05
0.0007327796775769418
5.37371763556424e-05
0.000810942843185149
4.396678065461651e-05
0.0009672691744015633
-4.885197850512946e-05
0.0008255984367366878
0.00015144113336590132
0.0008793356130923302
0.0
0.000898876404494382
-0.0001270151441133366
0.0008255984367366878
-4.885197850512946e-05
0.0008646800195407913
3.908158280410356e-05
0.0007962872496336101
-2.9311187103077675e-05
0.0009379579872984856
0.00013190034196384952
0.0009135319980459208
1.4655593551538837e-05
0.000806057645334636
-4.885197850512945e-06
0.0007474352711284806
1.4655593551538837e-05
0.0008500244259892526
-1.954079140205178e-05
0.0007425500732779677
-3.908158280410356e-05
0.0008695652173913043
9.770395701025892e-05
0.0008500244259892526
7.816316560820712e-05
0.0008695652173913043
7.327796775769418e-05
0.000815828041035662
0.00013678553981436248
0.0009330727894479727
-1.954079140205178e-05
0.0009428431851489985
-2.442598925256473e-05
0.000903761602344895
-3.908158280410356e-05
0.0008451392281387396
-1.954079140205178e-05
0.0007572056668295066
2.442598925256473e-05
0.0008744504152418173
0.00015144113336590132
0.000893991206643869
-4.885197850512945e-06
0.0009672691744015633
-0.00016609672691744016
0.0009281875915974596
-6.35075720566683e-05
0.0007962872496336101
2.442598925256473e-05
0.0008402540302882267
-0.00010258915486077186
0.000815828041035662
9.77039570102589e-06
0.0010698583292623352
-1.954079140205178e-05
0.0011235955056179774
-3.419638495359062e-05
0.0006888128969223254
7.327796775769418e-05
0.0009233023937469467
-0.00013190034196384952
0.0008891060087933561
-4.396678065461651e-05
0.0008451392281387396
-4.885197850512945e-06
0.000893991206643869
-6.839276990718124e-05
0.0007669760625305325
8.304836345872008e-05
0.0009379579872984856
7.327796775769418e-05
0.0010942843185148998
5.862237420615535e-05
0.000806057645334636
-5.37371763556424e-05
0.0007376648754274548
-2.442598925256473e-05
0.0008207132388861749
9.77039570102589e-06
0.0009428431851489985
-5.862237420615535e-05
0.0008402540302882267
0.00015632633121641425
0.001079628724963361
-8.793356130923302e-05
0.0007816316560820713
-1.954079140205178e-05
0.0006741573033707865
1.954079140205178e-05
0.0009281875915974596
5.37371763556424e-05
0.0008353688324377137
5.37371763556424e-05
0.0008500244259892526
4.396678065461651e-05
0.0008353688324377137
3.908158280410356e-05
0.0007572056668295066
4.885197850512946e-05
0.000898876404494382
-0.0002149487054225696
0.0008304836345872007
5.862237420615535e-05
0.0009135319980459208
-7.816316560820712e-05
0.0009281875915974596
0.00010258915486077186
0.0009721543722520762
-6.35075720566683e-05
0.0008451392281387396
-4.396678065461651e-05
0.0006790425012212994
0.0001172447484123107
0.0008500244259892526
-5.37371763556424e-05
0.0007278944797264289
0.00021983390327308256
0.0008255984367366878
9.77039570102589e-06
0.0009965803615046408
-0.00013678553981436248
0.0009623839765510503
-9.77039570102589e-06
0.0007865168539325843
4.885197850512946e-05
0.000898876404494382
-0.00014167073766487544
0.000893991206643869
-4.885197850512945e-06
0.0008255984367366878
4.885197850512946e-05
0.0009672691744015633
-5.862237420615535e-05
0.0008304836345872007
-5.37371763556424e-05
0.000981924767953102
-5.37371763556424e-05
0.0008891060087933561
-4.885197850512945e-06
0.0007523204689789937
-0.00013678553981436248
0.0009623839765510503
8.793356130923302e-05
0.0008744504152418173
-0.00013678553981436248
0.0007962872496336101
-7.816316560820712e-05
0.000898876404494382
-6.839276990718124e-05
0.000981924767953102
-1.954079140205178e-05
0.0009428431851489985
-4.885197850512945e-06
0.0010063507572056667
-3.908158280410356e-05
0.0007278944797264289
-3.908158280410356e-05
0.0007181240840254031
-2.442598925256473e-05
0.000893991206643869
-6.839276990718124e-05
0.0009086468001954079
-9.77039570102589e-06
0.0008793356130923302
-1.954079140205178e-05
0.0008891060087933561
-9.281875915974596e-05
0.0010405471421592574
2.442598925256473e-05
0.0009526135808500244
-9.281875915974596e-05
0.0009721543722520762
9.770395701025892e-05
0.0009379579872984856
4.885197850512946e-05
0.0007914020517830972
-0.00010258915486077186
0.0008500244259892526
-2.442598925256473e-05
0.0006399609184171959
-0.00019540791402051784
0.0007669760625305325
0.00015632633121641425
0.0007767464582315583
-9.770395701025892e-05
0.0007474352711284806
-6.35075720566683e-05
0.0009281875915974596
9.77039570102589e-06
0.0008207132388861749
6.839276990718124e-05
0.0007572056668295066
2.442598925256473e-05
0.0008695652173913043
7.816316560820712e-05
0.000806057645334636
4.396678065461651e-05
0.0008402540302882267
4.885197850512946e-05
0.0008549096238397655
-3.908158280410356e-05
0.0010356619443087445
0.00017586712261846604
0.0008255984367366878
-4.885197850512946e-05
0.0010014655593551538
4.885197850512945e-06
0.0009281875915974596
1.954079140205178e-05
0.0009770395701025891
0.00011235955056179774
0.0011187103077674645
2.9311187103077675e-05
0.0008891060087933561
-9.281875915974596e-05
0.000815828041035662
0.00011235955056179774
0.0010014655593551538
0.0002491450903761602
0.0008597948216902784
-1.4655593551538837e-05
0.0007669760625305325
-0.00011235955056179774
0.0010210063507572057
-0.0001270151441133366
0.0008304836345872007
-8.304836345872008e-05
0.0009965803615046408
-5.862237420615535e-05
0.0009428431851489985
5.37371763556424e-05
0.0009770395701025891
0.00011235955056179774
0.0008353688324377137
-0.0001074743527112848
0.00071323888617489
-7.327796775769418e-05
0.0009184171958964338
4.885197850512946e-05
0.0009135319980459208
-3.908158280410356e-05
0.0010405471421592574
-2.9311187103077675e-05
0.000810942843185149
-1.4655593551538837e-05
0.0007376648754274548
4.885197850512946e-05
0.0007718612603810454
5.862237420615535e-05
0.000981924767953102
2.442598925256473e-05
0.0009477283829995114
-6.35075720566683e-05
0.000815828041035662
1.954079140205178e-05
0.000810942843185149
9.770395701025892e-05
0.0007914020517830972
-5.37371763556424e-05
0.0010307767464582316
-0.00012212994626282364
0.000898876404494382
0.00012212994626282364
0.0008500244259892526
-8.304836345872008e-05
0.0007523204689789937
-3.908158280410356e-05
0.0009672691744015633
1.4655593551538837e-05
0.0010356619443087445
1.954079140205178e-05
0.0010161211529066928
-9.770395701025892e-05
0.0010307767464582316
0.00017586712261846604
0.0008353688324377137
-0.0001270151441133366
0.0008011724474841231
-0.00014167073766487544
0.0009477283829995114
5.37371763556424e-05
0.000903761602344895
1.4655593551538837e-05
0.0008500244259892526
-8.793356130923302e-05
0.0009770395701025891
-7.816316560820712e-05
0.0009477283829995114
-0.0001074743527112848
0.000810942843185149
9.281875915974596e-05
0.0007327796775769418
3.419638495359062e-05
0.0008353688324377137
-1.954079140205178e-05
0.0008549096238397655
3.419638495359062e-05
0.000810942843185149
0.0001612115290669272
0.0009379579872984856
-9.281875915974596e-05
0.0008402540302882267
-0.00010258915486077186
0.0009330727894479727
-9.281875915974596e-05
0.000723009281875916
8.793356130923302e-05
0.0009086468001954079
-4.885197850512945e-06
0.0010112359550561798
-1.954079140205178e-05
0.0007816316560820713
0.00013190034196384952
0.0008646800195407913
5.37371763556424e-05
0.0009965803615046408
-3.419638495359062e-05
0.0010063507572056667
8.304836345872008e-05
0.001079628724963361
1.954079140205178e-05
0.0009965803615046408
2.9311187103077675e-05
0.000991695163654128
-9.281875915974596e-05
0.0007718612603810454
-2.9311187103077675e-05
0.0007474352711284806
0.00012212994626282364
0.0007865168539325843
-1.954079140205178e-05
0.0010356619443087445
6.35075720566683e-05
0.0009086468001954079
6.35075720566683e-05
0.0010405471421592574
-9.281875915974596e-05
0.0010552027357107962
-4.885197850512946e-05
0.0009428431851489985
-0.00011235955056179774
0.0009672691744015633
-0.00015144113336590132
0.0008402540302882267
-2.9311187103077675e-05
0.0008304836345872007
-0.00011235955056179774
0.0009965803615046408
0.00011235955056179774
0.0008744504152418173
-2.9311187103077675e-05
0.0010307767464582316
-4.396678065461651e-05
0.0009379579872984856
-3.908158280410356e-05
0.000815828041035662
-3.908158280410356e-05
0.0009770395701025891
-5.862237420615535e-05
0.0009574987787005373
-3.419638495359062e-05
0.0009477283829995114
-0.00011235955056179774
0.000981924767953102
-7.816316560820712e-05
0.0009379579872984856
-1.954079140205178e-05
0.0008695652173913043
-8.304836345872008e-05
0.0009135319980459208
-3.908158280410356e-05
0.000986809965803615
-6.35075720566683e-05
0.0009721543722520762
-5.862237420615535e-05
0.0008255984367366878
-3.419638495359062e-05
0.0008549096238397655
-5.37371763556424e-05
0.0008891060087933561
-9.770395701025892e-05
0.0008304836345872007
-6.35075720566683e-05
0.0008646800195407913
-0.0001074743527112848
0.0009623839765510503
-4.885197850512945e-06
0.0008597948216902784
7.327796775769418e-05
0.0007474352711284806
-0.00019540791402051784
0.0008744504152418173
4.885197850512946e-05
0.0009574987787005373
-1.954079140205178e-05
0.0007572056668295066
1.4655593551538837e-05
0.0006741573033707865
1.4655593551538837e-05
0.0008207132388861749
-0.00011235955056179774
0.0010112359550561798
5.37371763556424e-05
0.0009428431851489985
-2.9311187103077675e-05
0.0009233023937469467
0.0
0.00071323888617489
-9.281875915974596e-05
0.0008793356130923302
-8.793356130923302e-05
0.0007865168539325843
0.00012212994626282364
0.0009672691744015633
0.00016609672691744016
0.0007181240840254031
-3.908158280410356e-05
0.0009379579872984856
-0.00016609672691744016
0.0008646800195407913
8.304836345872008e-05
0.000898876404494382
-9.77039570102589e-06
0.0009574987787005373
-1.954079140205178e-05
0.0009574987787005373
-0.00012212994626282364
0.0007669760625305325
-8.304836345872008e-05
0.0009574987787005373
-4.885197850512946e-05
0.0007865168539325843
-0.00011235955056179774
0.0008646800195407913
-0.00018563751831949193
0.0007523204689789937
-0.0001172447484123107
0.0008793356130923302
-9.77039570102589e-06
0.0008842208109428432
-0.0001270151441133366
0.0010014655593551538
-5.37371763556424e-05
0.000986809965803615
-6.35075720566683e-05
0.0008842208109428432
-3.419638495359062e-05
0.00071323888617489
-3.419638495359062e-05
0.000991695163654128
-0.00013190034196384952
0.0009623839765510503
0.00012212994626282364
0.0009574987787005373
-1.954079140205178e-05
0.0007376648754274548
4.885197850512945e-06
0.0009428431851489985
1.4655593551538837e-05
0.0009184171958964338
4.885197850512945e-06
0.0009428431851489985
1.4655593551538837e-05
0.0009477283829995114
-5.37371763556424e-05
0.0009379579872984856
0.0001612115290669272
0.0007034684904738642
-4.396678065461651e-05
0.0009184171958964338
-0.0001074743527112848
0.0007865168539325843
-1.954079140205178e-05
0.0007962872496336101
-5.37371763556424e-05
0.000810942843185149
-2.442598925256473e-05
0.0007572056668295066
1.4655593551538837e-05
0.0007962872496336101
3.419638495359062e-05
0.0009965803615046408
-0.0001074743527112848
0.0008549096238397655
-0.00015632633121641425
0.0009135319980459208
9.77039570102589e-06
0.0008402540302882267
0.0001172447484123107
0.0009477283829995114
3.908158280410356e-05
0.0011235955056179774
0.00017586712261846604
0.0007816316560820713
1.4655593551538837e-05
0.0007962872496336101
-7.327796775769418e-05
0.000898876404494382
-2.9311187103077675e-05
0.0007034684904738642
-1.954079140205178e-05
0.0009770395701025891
-3.908158280410356e-05
0.0008695652173913043
-8.304836345872008e-05
0.001084513922813874
1.4655593551538837e-05
0.0007767464582315583
-4.885197850512946e-05
0.0009623839765510503
-9.77039570102589e-06
0.0009721543722520762
0.00010258915486077186
0.0010698583292623352
-3.908158280410356e-05
0.000806057645334636
7.327796775769418e-05
0.0009721543722520762
7.327796775769418e-05
0.000986809965803615
1.954079140205178e-05
0.0008304836345872007
-9.770395701025892e-05
0.001079628724963361
-2.442598925256473e-05
0.0007914020517830972
2.9311187103077675e-05
0.0007181240840254031
-4.396678065461651e-05
0.0007767464582315583
-0.00012212994626282364
0.0007816316560820713
4.885197850512945e-06
0.0008451392281387396
-0.00012212994626282364
0.0008451392281387396
-3.419638495359062e-05
0.0009086468001954079
-4.396678065461651e-05
0.0007718612603810454
-2.9311187103077675e-05
0.000898876404494382
-9.77039570102589e-06
0.0009135319980459208
-4.885197850512945e-06
0.0008842208109428432
-3.419638495359062e-05
0.0007083536883243771
1.4655593551538837e-05
0.0008207132388861749
9.77039570102589e-06
0.0009477283829995114
-4.885197850512945e-06
0.0008500244259892526
-6.35075720566683e-05
0.0007034684904738642
-1.4655593551538837e-05
0.0007620908646800195
9.281875915974596e-05
0.0008793356130923302
3.419638495359062e-05
0.0007718612603810454
-8.304836345872008e-05
0.0008402540302882267
8.304836345872008e-05
0.0008207132388861749
-6.839276990718124e-05
0.0008793356130923302
5.37371763556424e-05
0.0010112359550561798
0.00014655593551538836
0.0010356619443087445
0.00022960429897410844
0.0008304836345872007
0.0001172447484123107
0.0008255984367366878
4.885197850512945e-06
0.0008353688324377137
0.0001270151441133366
0.0009428431851489985
-0.000180752320468979
0.0007767464582315583
0.00019540791402051784
0.0008695652173913043
0.0001172447484123107
0.000806057645334636
1.4655593551538837e-05
0.0008842208109428432
0.00010258915486077186
0.0008451392281387396
2.442598925256473e-05
0.000903761602344895
0.00014655593551538836
0.0010258915486077186
-3.908158280410356e-05
0.000981924767953102
-9.77039570102589e-06
0.0007620908646800195
4.885197850512946e-05
0.0009135319980459208
9.77039570102589e-06
0.0009428431851489985
-9.77039570102589e-06
0.0010210063507572057
5.37371763556424e-05
0.000810942843185149
4.396678065461651e-05
0.0007620908646800195
-9.77039570102589e-06
0.0009379579872984856
-5.37371763556424e-05
0.0009233023937469467
8.793356130923302e-05
0.0009281875915974596
-2.442598925256473e-05
0.000893991206643869
4.396678065461651e-05
0.0007816316560820713
-4.885197850512945e-06
0.0008793356130923302
7.327796775769418e-05
0.0009281875915974596
1.954079140205178e-05
0.0006936980947728383
-6.839276990718124e-05
0.000723009281875916
0.00014655593551538836
0.0006985832926233512
0.00012212994626282364
0.0007962872496336101
9.77039570102589e-06
0.0008842208109428432
-7.327796775769418e-05
0.0008891060087933561
-1.954079140205178e-05
0.0008353688324377137
-0.00010258915486077186
0.0008304836345872007
4.885197850512945e-06
0.00071323888617489
-8.793356130923302e-05
0.0009086468001954079
9.77039570102589e-06
0.0007034684904738642
-0.00010258915486077186
0.000815828041035662
6.839276990718124e-05
0.000723009281875916
4.396678065461651e-05
0.0008842208109428432
5.37371763556424e-05
0.0007914020517830972
0.0
0.0008744504152418173
-0.00014167073766487544
0.0007278944797264289
-6.839276990718124e-05
0.0008402540302882267
8.304836345872008e-05
0.0009574987787005373
-5.37371763556424e-05
0.0008255984367366878
-7.816316560820712e-05
0.0008891060087933561
0.0001612115290669272
0.0008646800195407913
4.885197850512945e-06
0.0008549096238397655
9.281875915974596e-05
0.0009281875915974596
-7.327796775769418e-05
0.0008744504152418173
2.442598925256473e-05
0.0008255984367366878
-8.304836345872008e-05
0.0009770395701025891
-3.419638495359062e-05
0.0008353688324377137
-0.00010258915486077186
0.0008793356130923302
-4.885197850512946e-05
0.0009330727894479727
-9.77039570102589e-06
0.0008011724474841231
-6.839276990718124e-05
0.0009086468001954079
-1.954079140205178e-05
0.000903761602344895
9.770395701025892e-05
0.0009330727894479727
-2.9311187103077675e-05
0.0009428431851489985
7.327796775769418e-05
0.0010356619443087445
-2.442598925256473e-05
0.0010600879335613091
-5.862237420615535e-05
0.0008255984367366878
2.9311187103077675e-05
0.0008304836345872007
-6.35075720566683e-05
0.0008011724474841231
9.281875915974596e-05
0.0009526135808500244
3.419638495359062e-05
0.000991695163654128
-4.396678065461651e-05
0.0007620908646800195
-0.0001270151441133366
0.0009965803615046408
-0.0002540302882266732
0.0008744504152418173
-4.885197850512945e-06
0.0008207132388861749
5.862237420615535e-05
0.000991695163654128
-6.35075720566683e-05
0.0006936980947728383
3.908158280410356e-05
0.0009330727894479727
-0.00010258915486077186
0.0011480214948705423
0.0001172447484123107
0.000893991206643869
5.37371763556424e-05
0.000981924767953102
-2.9311187103077675e-05
0.0010258915486077186
-4.885197850512945e-06
0.0010503175378602833
8.793356130923302e-05
0.0008011724474841231
4.885197850512946e-05
0.000815828041035662
-3.908158280410356e-05
0.0008597948216902784
-2.442598925256473e-05
0.0006985832926233512
-8.304836345872008e-05
0.0010552027357107962
0.0
0.0007669760625305325
-1.4655593551538837e-05
0.000723009281875916
0.00015632633121641425
0.0008207132388861749
-3.419638495359062e-05
0.0008353688324377137
-4.885197850512945e-06
0.0009135319980459208
-7.327796775769418e-05
0.000898876404494382
-4.885197850512946e-05
0.0008207132388861749
6.839276990718124e-05
0.0009135319980459208
-6.35075720566683e-05
0.0007181240840254031
7.327796775769418e-05
0.0007718612603810454
3.419638495359062e-05
0.000986809965803615
6.839276990718124e-05
0.000893991206643869
-0.00010258915486077186
0.0009281875915974596
-9.770395701025892e-05
0.0009330727894479727
4.885197850512946e-05
0.0008842208109428432
-7.327796775769418e-05
0.0008695652173913043
-0.000180752320468979
0.0008500244259892526
0.00013190034196384952
0.0009965803615046408
-2.442598925256473e-05
0.0009135319980459208
2.442598925256473e-05
0.0010747435271128481
6.35075720566683e-05
0.0008695652173913043
5.862237420615535e-05
0.0008549096238397655
-2.442598925256473e-05
0.0010063507572056667
1.4655593551538837e-05
0.0008207132388861749
5.37371763556424e-05
0.0010210063507572057
-9.77039570102589e-06
0.000991695163654128
-3.419638495359062e-05
0.0009330727894479727
-3.419638495359062e-05
0.0009672691744015633
-8.304836345872008e-05
0.000815828041035662
-9.281875915974596e-05
0.000903761602344895
-7.327796775769418e-05
0.0010063507572056667
4.885197850512946e-05
0.0008402540302882267
2.442598925256473e-05
0.001079628724963361
8.304836345872008e-05
0.0009135319980459208
-4.396678065461651e-05
0.0009477283829995114
3.908158280410356e-05
0.000898876404494382
-4.885197850512946e-05
0.0009477283829995114
-3.419638495359062e-05
0.0009233023937469467
-3.908158280410356e-05
0.0009135319980459208
4.885197850512946e-05
0.0009086468001954079
-9.281875915974596e-05
0.0011480214948705423
0.0
0.0009428431851489985
4.396678065461651e-05
0.0008891060087933561
0.00013678553981436248
0.0009233023937469467
-3.419638495359062e-05
0.0007718612603810454
-9.281875915974596e-05
0.0009135319980459208
-0.00013678553981436248
0.0007083536883243771
-0.00011235955056179774
0.0007914020517830972
-9.770395701025892e-05
0.0008304836345872007
-0.00011235955056179774
0.0008793356130923302
0.00011235955056179774
0.0009623839765510503
-5.37371763556424e-05
0.0009477283829995114
0.0
0.000815828041035662
-8.793356130923302e-05
0.000806057645334636
-7.816316560820712e-05
0.0009086468001954079
-4.885197850512945e-06
0.0007669760625305325
-1.4655593551538837e-05
0.0008646800195407913
7.327796775769418e-05
0.0010063507572056667
-1.954079140205178e-05
0.0009672691744015633
1.954079140205178e-05
0.0008744504152418173
-5.37371763556424e-05
0.0007914020517830972
0.00015632633121641425
0.0007572056668295066
-2.442598925256473e-05
0.0008402540302882267
7.816316560820712e-05
0.000893991206643869
0.00015632633121641425
