0.0005469297593509059
-0.00011150995093562158
0.0005150697733692998
-5.309997663601028e-06
0.0006478197149593254
-0.00014336993691722776
0.000562859752341709
-0.00018584991822603598
0.0005522397570145069
-0.00010088995560841953
0.00056816975000531
-7.964996495401542e-05
0.00045134980140608736
-0.00020708990888044008
0.0003982498247700771
-0.0002654998831800514
0.0006531297126229264
-0.00011150995093562158
0.0005309997663601028
-2.1239990654404112e-05
0.0005575497546781079
-0.00011681994859922262
0.0007009196915953357
-5.309997663601028e-06
0.00056816975000531
-0.00014867993458082877
0.0006637497079501285
-0.00011150995093562158
0.0005469297593509059
-9.026996028121747e-05
0.0006531297126229264
-0.00018584991822603598
0.0005894097406597141
-0.00014867993458082877
0.0005947197383233151
-3.185998598160617e-05
0.0004832097873876935
6.902996962681336e-05
0.000382319831779274
-6.902996962681336e-05
0.0005416197616873048
-0.00014867993458082877
0.00046196979673328943
-7.964996495401542e-05
0.0005787897453325121
-0.00015929992990803085
0.000562859752341709
-0.0003239098574796627
0.0006265797243049213
-7.433996729041439e-05
0.0004194898154244812
-0.0002654998831800514
0.0006584397102865274
-4.2479981308808224e-05
0.0006000297359869161
-6.902996962681336e-05
0.0005309997663601028
-7.964996495401542e-05
0.0005575497546781079
-0.00011681994859922262
0.00045134980140608736
-1.5929992990803085e-05
0.0006318897219685224
-0.0001699199252352329
0.00056816975000531
-0.0002283298995348442
0.0006956096939317347
-9.026996028121747e-05
0.0005522397570145069
-7.964996495401542e-05
0.00046727979439689047
1.0619995327202056e-05
0.0005044497780420977
-0.00022301990187124316
0.0005203797710329007
-0.0001699199252352329
0.0004938297827148956
-0.00025487988785284936
0.0005363097640237038
-4.2479981308808224e-05
0.0005203797710329007
-0.00012743994392642468
0.0005203797710329007
-0.00011681994859922262
0.0005150697733692998
-9.55799579448185e-05
0.000377009834115673
-0.000191159915889637
0.0004460398037424863
-0.00020177991121683906
0.00031328986215246066
-0.00033452985280686475
0.000387629829442875
-0.00019646991355323803
0.00044072980607888534
-0.00020177991121683906
0.0005787897453325121
5.309997663601028e-06
0.0005575497546781079
-0.00014867993458082877
0.0005203797710329007
-0.00019646991355323803
0.0005150697733692998
-0.00015929992990803085
0.00046196979673328943
-3.716998364520719e-05
0.0005097597757056987
5.309997663601028e-05
0.00045134980140608736
-0.00010088995560841953
0.0005256897686965017
-0.00012212994626282364
0.0004991397803784966
-9.026996028121747e-05
0.0005309997663601028
-0.00020177991121683906
0.0005575497546781079
-0.00012212994626282364
0.00046196979673328943
-7.964996495401542e-05
0.0005469297593509059
2.654998831800514e-05
0.0004566597990696884
0.00014336993691722776
0.0006531297126229264
-0.00020708990888044008
0.0006053397336505172
-0.00012743994392642468
0.0005203797710329007
0.00010088995560841953
0.0004991397803784966
3.185998598160617e-05
0.00035045984579766787
-1.5929992990803085e-05
0.0004778997897240925
-0.0001539899322444298
0.0003610798411248699
-0.00018584991822603598
0.0003398398504704658
-0.00014336993691722776
0.0006265797243049213
-0.00014867993458082877
0.00040886982009727917
-0.00014336993691722776
0.0005575497546781079
-8.495996261761645e-05
0.0004566597990696884
-6.902996962681336e-05
0.0003610798411248699
-0.00010619995327202056
0.000387629829442875
-0.00016460992757163186
0.0004194898154244812
-0.0001327499415900257
0.00034514984813406683
-0.00010619995327202056
0.0006743697032773305
-6.371997196321234e-05
0.0003610798411248699
-9.026996028121747e-05
0.00033452985280686475
-0.00021770990420764215
0.0005256897686965017
0.0
0.0004566597990696884
-4.778997897240925e-05
0.000573479747668911
2.1239990654404112e-05
0.0003663898387884709
-8.495996261761645e-05
0.00045134980140608736
-6.371997196321234e-05
0.0006000297359869161
-0.00014867993458082877
0.0003982498247700771
-4.2479981308808224e-05
0.0005787897453325121
-7.964996495401542e-05
0.00033452985280686475
-9.55799579448185e-05
0.000562859752341709
-2.654998831800514e-05
0.0005203797710329007
-0.00010088995560841953
0.0003239098574796627
-0.00014336993691722776
0.0005256897686965017
-0.00017522992289883393
0.00043010981075168326
-0.00010619995327202056
0.0005309997663601028
-0.00012743994392642468
0.0004194898154244812
-0.00011150995093562158
0.00045134980140608736
-0.00011681994859922262
0.0007221596822497398
-0.00012743994392642468
0.00056816975000531
-2.1239990654404112e-05
0.00039293982710647606
-0.0001539899322444298
0.0005469297593509059
-0.0001539899322444298
0.0005363097640237038
-0.0001539899322444298
0.00043010981075168326
-5.840997429961131e-05
0.0006478197149593254
-0.00018584991822603598
0.0004832097873876935
-9.55799579448185e-05
0.0002814298761708545
-6.902996962681336e-05
0.000573479747668911
-0.00010088995560841953
0.0005044497780420977
-7.964996495401542e-05
0.0005309997663601028
-9.55799579448185e-05
0.0005469297593509059
-0.00018584991822603598
0.0003079798644888596
-1.5929992990803085e-05
0.0006212697266413203
-0.00011681994859922262
0.0004991397803784966
-0.00012743994392642468
0.0005947197383233151
-7.964996495401542e-05
0.0005416197616873048
-0.00014336993691722776
0.00046727979439689047
-0.00016460992757163186
0.000584099742996113
-0.00013805993925362673
0.000573479747668911
-3.716998364520719e-05
0.0006371997196321234
-2.654998831800514e-05
0.000573479747668911
-5.309997663601028e-05
0.0005044497780420977
-6.371997196321234e-05
0.0005787897453325121
-0.00020708990888044008
0.0005309997663601028
-0.00018053992056243494
0.0006371997196321234
-0.0002123999065440411
0.0005522397570145069
-7.964996495401542e-05
0.0006531297126229264
-0.00014336993691722776
0.0007062296892589367
-0.00031328986215246066
0.0005309997663601028
-0.00014336993691722776
0.0004991397803784966
-9.026996028121747e-05
0.0006106497313141182
-0.0001539899322444298
0.0004991397803784966
-5.840997429961131e-05
0.0003982498247700771
-0.0002495698901892483
0.0005522397570145069
-0.00012212994626282364
0.0006318897219685224
-0.00026018988551645034
0.0004247998130880822
-4.2479981308808224e-05
0.0006637497079501285
-0.00011150995093562158
0.0007274696799133408
-0.000191159915889637
0.0004460398037424863
-4.778997897240925e-05
0.0005044497780420977
-0.00016460992757163186
0.0006106497313141182
0.0
0.0006584397102865274
-0.00014867993458082877
0.0005575497546781079
-0.0001539899322444298
0.0005416197616873048
-4.778997897240925e-05
0.0005787897453325121
-5.840997429961131e-05
0.0006106497313141182
-3.716998364520719e-05
0.00056816975000531
-5.840997429961131e-05
0.0005416197616873048
-0.00013805993925362673
0.0005256897686965017
-0.00012212994626282364
0.0006159597289777192
-0.00016460992757163186
0.0006584397102865274
-0.0001539899322444298
0.000387629829442875
-0.00010619995327202056
0.00044072980607888534
-0.00025487988785284936
0.0005575497546781079
-0.00011150995093562158
0.00046196979673328943
-0.00013805993925362673
0.000377009834115673
-0.00019646991355323803
0.0005522397570145069
-0.000191159915889637
0.0005416197616873048
-7.433996729041439e-05
0.0006743697032773305
-0.0003185998598160617
0.0004354198084152843
2.1239990654404112e-05
0.0004991397803784966
-0.0002123999065440411
0.00056816975000531
-0.00012743994392642468
0.0005522397570145069
-7.433996729041439e-05
0.00056816975000531
5.309997663601028e-06
0.0004247998130880822
-0.00012212994626282364
0.00046727979439689047
-0.00010088995560841953
0.0005575497546781079
-3.716998364520719e-05
0.00041417981776088015
-0.00015929992990803085
0.000584099742996113
2.1239990654404112e-05
0.0005256897686965017
-0.00016460992757163186
0.0006053397336505172
-1.5929992990803085e-05
0.00041417981776088015
-0.00017522992289883393
0.0005522397570145069
-0.00020708990888044008
0.0005894097406597141
-0.0001327499415900257
0.0004832097873876935
-0.00018584991822603598
0.00043010981075168326
5.309997663601028e-06
0.000382319831779274
-0.00011681994859922262
0.0006371997196321234
-8.495996261761645e-05
0.0007062296892589367
-1.5929992990803085e-05
0.0006637497079501285
-0.00015929992990803085
0.0006000297359869161
-0.0002654998831800514
0.0003610798411248699
-6.902996962681336e-05
0.00077525965888575
-0.00020177991121683906
0.00046727979439689047
-0.0002442598925256473
0.0006159597289777192
-0.00018053992056243494
0.00041417981776088015
-0.0003079798644888596
0.00040886982009727917
-0.00013805993925362673
0.0006849896986045326
-0.00035576984346126885
0.000562859752341709
-9.55799579448185e-05
0.0005256897686965017
-3.185998598160617e-05
0.0005097597757056987
-0.00015929992990803085
0.0006265797243049213
0.00011150995093562158
0.0004938297827148956
-0.00021770990420764215
0.00077525965888575
-6.902996962681336e-05
0.0005150697733692998
-0.00011681994859922262
0.0005044497780420977
-0.00011150995093562158
0.0003982498247700771
-7.433996729041439e-05
0.0004991397803784966
-0.00016460992757163186
0.0005044497780420977
-0.0002442598925256473
0.0005203797710329007
3.185998598160617e-05
0.0004832097873876935
-7.433996729041439e-05
0.0004778997897240925
-5.840997429961131e-05
0.0006531297126229264
-4.2479981308808224e-05
0.0004247998130880822
-9.55799579448185e-05
0.0004566597990696884
-0.00010088995560841953
0.0006212697266413203
-0.00011681994859922262
0.00034514984813406683
-0.00015929992990803085
0.0006371997196321234
-0.00013805993925362673
0.0005044497780420977
-9.55799579448185e-05
0.0005256897686965017
9.026996028121747e-05
0.0005309997663601028
-4.778997897240925e-05
0.0005203797710329007
-0.0002495698901892483
0.0004885197850512946
-9.55799579448185e-05
0.0005044497780420977
-0.0002495698901892483
0.0005363097640237038
-0.0001327499415900257
0.00046727979439689047
-0.00022301990187124316
0.0005203797710329007
-0.00012212994626282364
0.0005416197616873048
-0.0001539899322444298
0.0006796797009409316
-0.0002123999065440411
0.0005416197616873048
-0.00011150995093562158
0.00046196979673328943
-0.00010619995327202056
0.000562859752341709
-6.902996962681336e-05
0.0005522397570145069
-0.00012212994626282364
0.00043010981075168326
-0.00018053992056243494
0.0005894097406597141
-0.00010088995560841953
0.0006212697266413203
5.309997663601028e-06
0.0006000297359869161
-0.00018053992056243494
0.0006000297359869161
-0.00019646991355323803
0.0004194898154244812
-0.00012212994626282364
0.0005363097640237038
-0.0001327499415900257
0.0003398398504704658
-0.00027611987850725345
0.0006212697266413203
2.654998831800514e-05
0.0006478197149593254
-0.0001327499415900257
0.00046196979673328943
2.654998831800514e-05
0.0004460398037424863
-0.00031328986215246066
0.00044072980607888534
1.5929992990803085e-05
0.0004778997897240925
-8.495996261761645e-05
0.00044072980607888534
-6.902996962681336e-05
0.0004885197850512946
4.2479981308808224e-05
0.0005947197383233151
-8.495996261761645e-05
0.0004885197850512946
-7.964996495401542e-05
0.0005309997663601028
3.716998364520719e-05
0.0008549096238397655
-0.00020708990888044008
0.0004778997897240925
1.0619995327202056e-05
0.0005044497780420977
-7.433996729041439e-05
0.0005894097406597141
-0.0002867398738344555
0.0006265797243049213
-1.0619995327202056e-05
0.0005044497780420977
-0.00018584991822603598
0.00045134980140608736
-3.716998364520719e-05
0.00044072980607888534
-3.716998364520719e-05
0.0006000297359869161
-0.00012743994392642468
0.0003663898387884709
8.495996261761645e-05
0.0006053397336505172
-6.902996962681336e-05
0.0005947197383233151
-7.964996495401542e-05
0.0006637497079501285
-0.00012743994392642468
0.000584099742996113
8.495996261761645e-05
0.0005044497780420977
-0.00016460992757163186
0.0007115396869225377
-0.0002814298761708545
0.0006053397336505172
1.5929992990803085e-05
0.0005947197383233151
-0.00012743994392642468
0.0005522397570145069
0.0
0.0006053397336505172
-0.000191159915889637
0.000377009834115673
-0.00014336993691722776
0.0004938297827148956
-5.309997663601028e-06
0.0005469297593509059
-0.00017522992289883393
0.0006265797243049213
-0.00011681994859922262
0.0005097597757056987
-0.00020177991121683906
0.0005575497546781079
-0.00010619995327202056
0.0006371997196321234
3.716998364520719e-05
0.0006106497313141182
-8.495996261761645e-05
0.00056816975000531
-1.5929992990803085e-05
0.0004885197850512946
-3.716998364520719e-05
0.0005575497546781079
4.778997897240925e-05
0.0008018096472037552
-0.0002283298995348442
0.00045134980140608736
-0.0002123999065440411
0.0006425097172957243
-0.0002442598925256473
0.00044072980607888534
-3.185998598160617e-05
0.000573479747668911
-0.0002654998831800514
0.000573479747668911
-0.00011681994859922262
0.0005894097406597141
-0.00014336993691722776
0.00039293982710647606
-0.00016460992757163186
0.0004885197850512946
-0.0002442598925256473
0.00035576984346126885
-0.00014867993458082877
0.0006371997196321234
1.0619995327202056e-05
0.0006053397336505172
-0.0003185998598160617
0.0005947197383233151
3.185998598160617e-05
0.000584099742996113
-7.433996729041439e-05
0.000573479747668911
0.0
0.0006796797009409316
-5.309997663601028e-06
0.0004991397803784966
-0.0001327499415900257
0.00046196979673328943
-0.00012743994392642468
0.0006053397336505172
-2.654998831800514e-05
0.0006000297359869161
-6.371997196321234e-05
0.0006265797243049213
-0.0001699199252352329
0.00035576984346126885
-0.00020708990888044008
0.00046727979439689047
-0.00017522992289883393
0.0004938297827148956
-0.00012212994626282364
0.0005522397570145069
-0.0001699199252352329
0.0004778997897240925
4.778997897240925e-05
0.0005416197616873048
-1.0619995327202056e-05
0.000748709670567745
-9.55799579448185e-05
0.0005787897453325121
-0.00015929992990803085
0.00046196979673328943
-8.495996261761645e-05
0.0005947197383233151
-0.00011150995093562158
0.0002495698901892483
-0.00018053992056243494
0.0004194898154244812
-0.00018584991822603598
0.00034514984813406683
-7.964996495401542e-05
0.0004885197850512946
-0.00020708990888044008
0.0005416197616873048
-3.716998364520719e-05
0.0004832097873876935
-0.00016460992757163186
0.0005044497780420977
-0.00011150995093562158
0.0006371997196321234
-0.00014336993691722776
0.0005787897453325121
-0.0001539899322444298
0.0003663898387884709
-0.00014336993691722776
0.0006637497079501285
-0.00014867993458082877
0.0004938297827148956
-0.00014867993458082877
0.0006425097172957243
-0.0001699199252352329
0.0005894097406597141
-0.00023894989486204624
0.0006902996962681337
-6.902996962681336e-05
0.00040355982243367813
-0.00012743994392642468
0.0003663898387884709
-5.840997429961131e-05
0.00045134980140608736
-0.00023894989486204624
0.0006902996962681337
-0.00023363989719844523
0.0004354198084152843
-0.00019646991355323803
0.0004725897920604915
-0.000191159915889637
0.0006478197149593254
-0.00022301990187124316
0.0006371997196321234
-5.840997429961131e-05
0.0004778997897240925
-0.0001699199252352329
0.000377009834115673
5.840997429961131e-05
0.0004778997897240925
-0.00010088995560841953
0.0006159597289777192
-0.0002123999065440411
0.0005203797710329007
-6.371997196321234e-05
0.0006478197149593254
-0.00020177991121683906
0.0006159597289777192
-1.0619995327202056e-05
0.0007009196915953357
-0.00012743994392642468
0.0005097597757056987
-0.00012743994392642468
0.0006531297126229264
-2.654998831800514e-05
0.0005044497780420977
-0.00015929992990803085
0.0004460398037424863
-2.1239990654404112e-05
0.0004938297827148956
-0.00018584991822603598
0.00037169983645207196
-0.0001539899322444298
0.00044072980607888534
-0.0001327499415900257
0.0006106497313141182
-0.00023363989719844523
0.0006849896986045326
-0.00016460992757163186
0.00033452985280686475
-7.964996495401542e-05
0.0007274696799133408
-0.0001327499415900257
0.00040355982243367813
-0.00012212994626282364
0.000584099742996113
5.840997429961131e-05
0.0006159597289777192
-1.5929992990803085e-05
0.00044072980607888534
-0.00023894989486204624
0.0005363097640237038
-0.00015929992990803085
0.0006637497079501285
-0.00016460992757163186
0.0006531297126229264
-0.00020177991121683906
0.00035045984579766787
-0.00020177991121683906
0.0006159597289777192
-9.55799579448185e-05
0.0004725897920604915
-0.00023894989486204624
0.0004991397803784966
-6.902996962681336e-05
0.0005309997663601028
-0.00014867993458082877
0.0006265797243049213
-0.0001327499415900257
0.000573479747668911
-9.026996028121747e-05
0.0006425097172957243
-0.00020708990888044008
0.0004354198084152843
5.309997663601028e-06
0.0005787897453325121
-0.0001327499415900257
0.0004778997897240925
-0.00013805993925362673
0.0007221596822497398
-0.00011681994859922262
0.0004778997897240925
0.0
0.0005097597757056987
-6.902996962681336e-05
0.00044072980607888534
-0.00034514984813406683
0.0005575497546781079
-0.0003185998598160617
0.000584099742996113
-0.000191159915889637
0.0003079798644888596
-0.00014867993458082877
0.0006106497313141182
-5.309997663601028e-05
0.0005203797710329007
-0.0001327499415900257
0.0005309997663601028
-0.000191159915889637
0.0004354198084152843
-0.00017522992289883393
0.0004778997897240925
-0.0001327499415900257
0.0002867398738344555
-0.0001327499415900257
0.0004885197850512946
-0.0002283298995348442
0.0004725897920604915
-0.00010088995560841953
0.00046727979439689047
-0.0001539899322444298
0.00046196979673328943
-0.0001327499415900257
0.00046196979673328943
-0.00020177991121683906
0.0006743697032773305
-5.840997429961131e-05
0.0005894097406597141
-0.00011681994859922262
0.00035576984346126885
-4.778997897240925e-05
0.0004566597990696884
0.0
0.00046727979439689047
-7.964996495401542e-05
0.0005309997663601028
-3.185998598160617e-05
0.000562859752341709
-3.716998364520719e-05
0.0005256897686965017
-0.0001699199252352329
0.0004885197850512946
-0.0002442598925256473
0.0005309997663601028
-0.00012212994626282364
0.0005575497546781079
-0.00021770990420764215
0.0003292198551432637
-0.0001539899322444298
0.00026018988551645034
-0.0001539899322444298
0.0006000297359869161
-0.00026018988551645034
0.0005416197616873048
-5.309997663601028e-05
0.000382319831779274
-2.654998831800514e-05
0.0004725897920604915
-0.0002283298995348442
0.0005363097640237038
-0.000191159915889637
0.0004725897920604915
-0.00012743994392642468
0.0005203797710329007
-8.495996261761645e-05
0.00046727979439689047
-0.00018053992056243494
0.0005469297593509059
-0.00012212994626282364
0.0006000297359869161
-0.00011681994859922262
0.0006690597056137295
-0.0003185998598160617
0.0003185998598160617
-5.309997663601028e-05
0.00040886982009727917
-0.000191159915889637
0.0005575497546781079
7.964996495401542e-05
0.00044072980607888534
-0.00013805993925362673
0.0005363097640237038
-0.00019646991355323803
0.0004247998130880822
-4.778997897240925e-05
0.0006796797009409316
-0.00018584991822603598
0.0003185998598160617
-3.185998598160617e-05
0.0005522397570145069
-0.00014867993458082877
0.0006425097172957243
-7.964996495401542e-05
0.00056816975000531
-0.00016460992757163186
0.0006637497079501285
-0.0002283298995348442
0.0006902996962681337
-0.00010619995327202056
0.0006000297359869161
-0.00023894989486204624
0.0005309997663601028
-0.00011681994859922262
0.000387629829442875
-0.00019646991355323803
0.00043010981075168326
-0.00014867993458082877
0.0006265797243049213
-0.00012212994626282364
0.0006000297359869161
-0.00020177991121683906
0.00046196979673328943
-7.433996729041439e-05
0.00041417981776088015
-5.840997429961131e-05
0.00044072980607888534
2.1239990654404112e-05
0.0006371997196321234
-4.2479981308808224e-05
0.0004778997897240925
-7.433996729041439e-05
0.0005097597757056987
-0.00010088995560841953
0.0004460398037424863
-0.00017522992289883393
0.0005309997663601028
-0.00019646991355323803
0.0004885197850512946
-0.0001539899322444298
0.0005256897686965017
7.433996729041439e-05
0.0004354198084152843
-0.00025487988785284936
0.00040886982009727917
-3.716998364520719e-05
0.0006000297359869161
-0.00011681994859922262
0.000584099742996113
4.778997897240925e-05
0.000382319831779274
-3.716998364520719e-05
0.0004991397803784966
-0.0001327499415900257
0.0003026698668252586
-0.00012743994392642468
0.0006159597289777192
-3.716998364520719e-05
0.0005256897686965017
-0.00010619995327202056
0.00035576984346126885
-2.654998831800514e-05
0.0004247998130880822
-6.371997196321234e-05
0.0003982498247700771
-0.00016460992757163186
0.000759329665894947
-0.00014867993458082877
0.000562859752341709
-6.371997196321234e-05
0.0002867398738344555
-0.00010088995560841953
0.0004991397803784966
-1.0619995327202056e-05
0.0004460398037424863
-0.00017522992289883393
0.0003398398504704658
-0.0001539899322444298
0.0005044497780420977
2.1239990654404112e-05
0.00046727979439689047
-0.00019646991355323803
0.00044072980607888534
-6.902996962681336e-05
0.00045134980140608736
-7.433996729041439e-05
0.0005947197383233151
-0.00013805993925362673
0.0004725897920604915
-0.00020177991121683906
0.0005416197616873048
-0.00014336993691722776
0.0004725897920604915
-3.185998598160617e-05
0.0005256897686965017
-0.00016460992757163186
0.0006371997196321234
5.840997429961131e-05
0.0006637497079501285
-7.964996495401542e-05
0.00043010981075168326
-1.0619995327202056e-05
0.0005150697733692998
-1.5929992990803085e-05
0.000562859752341709
5.840997429961131e-05
0.0005044497780420977
-9.55799579448185e-05
0.0006000297359869161
0.0
0.0004354198084152843
-0.00013805993925362673
0.0003663898387884709
-9.55799579448185e-05
0.0003185998598160617
3.716998364520719e-05
0.0007062296892589367
-0.0002442598925256473
0.0006000297359869161
-0.0001327499415900257
0.0007115396869225377
-0.0002495698901892483
0.0008283596355217603
-0.0003079798644888596
0.00029735986916165755
-0.00018053992056243494
0.0006743697032773305
-0.0001699199252352329
0.00037169983645207196
-0.00012212994626282364
0.0004938297827148956
-0.000191159915889637
0.0005203797710329007
-0.0003026698668252586
0.00056816975000531
-0.00011150995093562158
0.0006690597056137295
-0.0002495698901892483
0.0005150697733692998
-0.00014336993691722776
0.00037169983645207196
-0.00015929992990803085
0.0006637497079501285
-0.0002123999065440411
0.00045134980140608736
-0.0002920498714980565
0.0005309997663601028
-0.00020708990888044008
0.0004885197850512946
-0.00018053992056243494
0.0004778997897240925
-0.0001539899322444298
0.0004938297827148956
-0.00010619995327202056
0.00056816975000531
-4.2479981308808224e-05
0.0005522397570145069
-0.00018053992056243494
0.000573479747668911
-0.00010088995560841953
0.0005256897686965017
-7.964996495401542e-05
0.0007274696799133408
-0.00013805993925362673
0.000382319831779274
-9.55799579448185e-05
0.0005894097406597141
-2.1239990654404112e-05
0.0005203797710329007
-0.00010088995560841953
0.0003610798411248699
-4.2479981308808224e-05
0.0005416197616873048
-6.902996962681336e-05
0.00035045984579766787
-4.778997897240925e-05
0.00045134980140608736
2.654998831800514e-05
0.0006637497079501285
9.55799579448185e-05
0.0005203797710329007
-5.840997429961131e-05
0.0005363097640237038
-7.433996729041439e-05
0.0004938297827148956
-9.026996028121747e-05
0.000764639663558548
-0.00018584991822603598
0.0005947197383233151
-5.840997429961131e-05
0.0005309997663601028
-9.026996028121747e-05
0.0004832097873876935
-2.654998831800514e-05
0.0005256897686965017
-0.00011681994859922262
0.0007009196915953357
0.0
0.0006478197149593254
-3.185998598160617e-05
0.0004460398037424863
-5.309997663601028e-05
0.0003185998598160617
-0.00010619995327202056
0.0006000297359869161
4.2479981308808224e-05
0.0006159597289777192
-7.964996495401542e-05
0.00040886982009727917
-0.00023363989719844523
0.0004354198084152843
-0.00011150995093562158
0.00056816975000531
-5.309997663601028e-05
0.0005522397570145069
-0.00014336993691722776
0.0006265797243049213
-0.00011681994859922262
0.0005469297593509059
-9.55799579448185e-05
0.0004778997897240925
-2.1239990654404112e-05
0.00056816975000531
5.309997663601028e-05
0.0005787897453325121
-8.495996261761645e-05
0.0006584397102865274
-7.433996729041439e-05
0.0006212697266413203
-8.495996261761645e-05
0.00041417981776088015
-0.0001539899322444298
0.00046196979673328943
-8.495996261761645e-05
0.0005363097640237038
-0.00011681994859922262
0.0006531297126229264
-3.185998598160617e-05
0.0006053397336505172
-0.00016460992757163186
0.0005256897686965017
-0.00023894989486204624
0.0006106497313141182
-1.5929992990803085e-05
0.00035576984346126885
-0.0002495698901892483
0.0005363097640237038
-6.371997196321234e-05
0.00044072980607888534
1.5929992990803085e-05
0.0004725897920604915
-5.840997429961131e-05
0.0005894097406597141
-0.0001327499415900257
0.00035045984579766787
-0.00015929992990803085
0.000584099742996113
-0.00020708990888044008
0.00035045984579766787
-8.495996261761645e-05
0.0005256897686965017
-8.495996261761645e-05
0.0005522397570145069
-0.00011150995093562158
0.0003292198551432637
-4.2479981308808224e-05
0.0005309997663601028
-0.0003398398504704658
0.0003982498247700771
0.0
0.0005256897686965017
-0.00017522992289883393
0.0004778997897240925
-0.00027611987850725345
0.0006106497313141182
1.0619995327202056e-05
0.00046196979673328943
-5.309997663601028e-05
0.0006531297126229264
-2.654998831800514e-05
0.0006000297359869161
-0.0001327499415900257
0.0006212697266413203
-0.00014336993691722776
0.0004832097873876935
1.5929992990803085e-05
0.0006371997196321234
-5.309997663601028e-05
0.0006637497079501285
-0.00020177991121683906
0.0006212697266413203
-9.026996028121747e-05
0.000584099742996113
2.654998831800514e-05
0.0006106497313141182
-1.5929992990803085e-05
0.00044072980607888534
-0.00020177991121683906
0.0005469297593509059
-5.309997663601028e-05
0.0005256897686965017
-0.00018584991822603598
0.0005256897686965017
-0.0002708098808436524
0.0005947197383233151
-8.495996261761645e-05
0.0004832097873876935
0.0
0.0004354198084152843
-0.00015929992990803085
0.0005522397570145069
-4.2479981308808224e-05
0.0005309997663601028
-6.902996962681336e-05
0.0005256897686965017
-0.00011150995093562158
0.0004778997897240925
-0.00014867993458082877
0.0005469297593509059
-0.00013805993925362673
0.0005894097406597141
-5.309997663601028e-05
0.0005947197383233151
-0.00014336993691722776
0.0005256897686965017
-9.026996028121747e-05
0.0005097597757056987
-0.00021770990420764215
0.0006212697266413203
-0.00011681994859922262
0.0006478197149593254
-5.840997429961131e-05
0.0004778997897240925
-7.964996495401542e-05
0.0005787897453325121
-0.00011150995093562158
0.0005947197383233151
-0.00014336993691722776
0.0005309997663601028
-1.0619995327202056e-05
0.000562859752341709
-6.902996962681336e-05
0.00046727979439689047
-5.309997663601028e-06
0.0005894097406597141
-0.00015929992990803085
0.0006159597289777192
-0.00011681994859922262
0.0004725897920604915
-0.00012743994392642468
0.0005416197616873048
-8.495996261761645e-05
0.0006265797243049213
-2.1239990654404112e-05
0.0005203797710329007
6.902996962681336e-05
0.0006478197149593254
-5.840997429961131e-05
0.0004938297827148956
-3.185998598160617e-05
0.0005256897686965017
-0.00022301990187124316
0.0005097597757056987
-9.026996028121747e-05
0.00040886982009727917
-0.00010619995327202056
0.0006478197149593254
-0.00014867993458082877
0.000387629829442875
-0.00021770990420764215
0.0006902996962681337
-0.00010619995327202056
0.0006265797243049213
-0.00011681994859922262
0.0004460398037424863
-3.716998364520719e-05
0.0005575497546781079
-0.00011150995093562158
0.0006531297126229264
-8.495996261761645e-05
0.0006053397336505172
-1.0619995327202056e-05
0.0005469297593509059
-0.00016460992757163186
0.0004991397803784966
-2.1239990654404112e-05
0.00056816975000531
-0.00016460992757163186
0.0005203797710329007
-0.00023363989719844523
0.0006106497313141182
-0.0001327499415900257
0.0004354198084152843
4.778997897240925e-05
0.0004938297827148956
-0.00012212994626282364
0.0005363097640237038
-0.00017522992289883393
0.0007168496845861387
-9.55799579448185e-05
0.0004460398037424863
-3.185998598160617e-05
0.0005203797710329007
-0.00012743994392642468
0.0005787897453325121
-0.00017522992289883393
0.0006159597289777192
-0.00012743994392642468
0.0006159597289777192
-0.0001539899322444298
0.0004778997897240925
-0.00018053992056243494
0.0005469297593509059
3.185998598160617e-05
0.00035045984579766787
-0.00014867993458082877
0.0007380896752405429
-1.0619995327202056e-05
0.0006902996962681337
7.433996729041439e-05
0.0004778997897240925
-0.00011681994859922262
0.0004247998130880822
-0.00010088995560841953
0.00026018988551645034
-9.026996028121747e-05
0.00056816975000531
-9.026996028121747e-05
0.0006584397102865274
-9.026996028121747e-05
0.0006584397102865274
-0.0001539899322444298
0.0005150697733692998
-0.0001699199252352329
0.0004991397803784966
-0.00010619995327202056
0.0005044497780420977
-9.55799579448185e-05
0.00043010981075168326
-0.0001699199252352329
0.00037169983645207196
5.309997663601028e-06
0.0003982498247700771
-0.00010619995327202056
0.0004885197850512946
-0.0002123999065440411
0.0007327796775769418
-0.00018584991822603598
0.0005522397570145069
-0.00011150995093562158
0.0005150697733692998
-7.964996495401542e-05
0.0004991397803784966
-0.00020177991121683906
0.00046196979673328943
-0.00019646991355323803
0.0007327796775769418
-0.00018584991822603598
0.0005203797710329007
-5.840997429961131e-05
0.00045134980140608736
-0.00011681994859922262
0.0004885197850512946
-7.433996729041439e-05
0.0003292198551432637
-0.00012743994392642468
0.000377009834115673
-0.0003079798644888596
0.0004725897920604915
5.840997429961131e-05
0.0004460398037424863
-0.00012743994392642468
0.00040355982243367813
-0.00012743994392642468
0.0005469297593509059
-9.55799579448185e-05
0.000562859752341709
-1.0619995327202056e-05
0.0006265797243049213
-3.185998598160617e-05
0.0004885197850512946
-0.00016460992757163186
0.00039293982710647606
-7.433996729041439e-05
0.0002814298761708545
-0.0002867398738344555
0.0004194898154244812
-6.371997196321234e-05
0.0008442896285125634
-6.371997196321234e-05
0.0006159597289777192
-9.55799579448185e-05
0.0004725897920604915
-0.00017522992289883393
0.0004194898154244812
-0.00019646991355323803
0.0007274696799133408
-9.026996028121747e-05
0.0006478197149593254
-0.00021770990420764215
0.00044072980607888534
-0.00010619995327202056
0.000562859752341709
3.185998598160617e-05
0.0006212697266413203
-0.0002495698901892483
0.0004460398037424863
-0.00022301990187124316
0.000584099742996113
-0.00017522992289883393
0.0005363097640237038
-0.0001327499415900257
0.0003239098574796627
-2.1239990654404112e-05
0.0006265797243049213
-0.00018053992056243494
0.0005416197616873048
0.0
0.0004725897920604915
-0.00018053992056243494
0.0005894097406597141
-1.5929992990803085e-05
0.0005097597757056987
-0.00025487988785284936
0.0004885197850512946
-3.716998364520719e-05
0.0006849896986045326
-0.00012743994392642468
0.0005097597757056987
6.371997196321234e-05
0.0005097597757056987
-0.0001539899322444298
0.0007168496845861387
-0.00014867993458082877
0.0003663898387884709
-0.00013805993925362673
0.0006106497313141182
-5.309997663601028e-05
0.0006318897219685224
-0.00012743994392642468
0.0005097597757056987
-5.840997429961131e-05
0.0006690597056137295
-0.00014867993458082877
0.0006318897219685224
-9.55799579448185e-05
0.00035045984579766787
-0.00018584991822603598
0.0004832097873876935
-6.902996962681336e-05
0.0004938297827148956
-0.00012743994392642468
0.0003982498247700771
-0.0001539899322444298
0.0005947197383233151
-3.716998364520719e-05
0.0005256897686965017
-9.55799579448185e-05
0.00044072980607888534
-0.00017522992289883393
0.000584099742996113
-0.00020708990888044008
0.0005469297593509059
-6.902996962681336e-05
0.0004566597990696884
5.309997663601028e-05
0.0006159597289777192
-0.00027611987850725345
0.0005203797710329007
-0.00010619995327202056
0.0005947197383233151
-5.840997429961131e-05
0.0005150697733692998
-0.00018584991822603598
0.0005363097640237038
5.840997429961131e-05
0.00040886982009727917
6.902996962681336e-05
0.0006159597289777192
0.004083388203309191
0.01668401265903443
0.01833542193241435
0.02082050083897963
0.019721331322614218
0.021378050593657737
0.01920626154924492
0.021303710626367326
0.01946645143476137
0.02124530065206771
0.019588581381024192
0.02150018053992056
0.01968416133896901
0.021346190607676133
0.019487691425415773
0.021346190607676133
0.0196204413670058
0.02143115057029375
0.019546101399715382
0.021309020624030926
0.019721331322614218
0.021606380493192582
0.0196257513646694
0.02152673052823857
0.019546101399715382
0.021409910579639344
0.01953017140672458
0.021558590514220176
0.019540791402051783
0.021558590514220176
0.019646991355323804
0.021420530574966547
0.019567341390369787
0.021441770565620952
0.01988063125252225
0.021362120600666935
0.019716021324950615
0.021606380493192582
0.019615131369342197
0.021521420530574965
0.019567341390369787
0.021415220577302944
0.019646991355323804
0.021532040525902168
0.0196204413670058
0.021468320553938956
0.019769121301586628
0.02152673052823857
0.01968416133896901
0.021372740595994137
0.019535481404388183
0.021367430598330538
0.019588581381024192
0.021569210509547375
0.019556721395042588
0.021415220577302944
0.01957796138569699
0.021516110532911366
0.01959389137868779
0.021680720460483
0.019700091331959813
0.02142584057263015
0.019615131369342197
0.021372740595994137
0.0196363713599966
0.021521420530574965
0.019668231345978206
0.021409910579639344
0.019631061362333
0.021558590514220176
0.01967354134364181
0.02139929058431214
0.019604511374014998
0.02147363055160256
0.01968416133896901
0.02143115057029375
0.019562031392706188
0.021563900511883775
0.01951955141139738
0.02139929058431214
0.019540791402051783
0.021452390560948154
0.01959389137868779
0.021463010556275353
0.019493001423079373
0.021611690490856185
0.019540791402051783
0.02154797051889297
0.019567341390369787
0.021409910579639344
0.019546101399715382
0.021250610649731314
0.019455831439434166
0.021675410462819397
0.01957796138569699
0.02147894054926616
0.01942397145345256
0.02150018053992056
0.019588581381024192
0.021611690490856185
0.01948238142775217
0.02149487054225696
0.019556721395042588
0.021569210509547375
0.019556721395042588
0.021420530574966547
0.019774431299250227
0.02147363055160256
0.01931246150251694
0.021362120600666935
0.019540791402051783
0.021468320553938956
0.01958327138336059
0.021532040525902168
0.019540791402051783
0.021319640619358128
0.01957796138569699
0.021558590514220176
0.019508931416070175
0.02154797051889297
0.019450521441770566
0.021441770565620952
0.019461141437097765
0.021255920647394917
0.019609821371678597
0.021563900511883775
0.01953017140672458
0.021457700558611754
0.019349631486162148
0.021452390560948154
0.019657611350651007
0.021468320553938956
0.019434591448779764
0.021393980586648542
0.019439901446443364
0.021415220577302944
0.01948238142775217
0.021563900511883775
0.019609821371678597
0.021415220577302944
0.019588581381024192
0.021415220577302944
0.01958327138336059
0.021330260614685327
0.019567341390369787
0.021303710626367326
0.019455831439434166
0.02143646056795735
0.019434591448779764
0.021468320553938956
0.01953017140672458
0.021452390560948154
0.01951955141139738
0.021367430598330538
0.01957265138803339
0.021319640619358128
0.01947176143242497
0.021553280516556573
0.01957265138803339
0.021558590514220176
0.019461141437097765
0.02148425054692976
0.019546101399715382
0.021277160638049318
0.01948238142775217
0.021155030691786494
0.01947176143242497
0.02147363055160256
0.019546101399715382
0.021441770565620952
0.01957796138569699
0.02152673052823857
0.019339011490834942
0.02128247063571292
0.0196204413670058
0.021314330621694525
0.019445211444106963
0.021372740595994137
0.01937087147681655
0.021505490537584163
0.019503621418406576
0.021463010556275353
0.019657611350651007
0.021441770565620952
0.019439901446443364
0.02143646056795735
0.019397421465134557
0.021632930481510586
0.019487691425415773
0.021415220577302944
0.01957796138569699
0.021563900511883775
0.01948238142775217
0.02139929058431214
0.019546101399715382
0.021319640619358128
0.01947176143242497
0.021303710626367326
0.01946645143476137
0.02123468065674051
0.019434591448779764
0.021574520507210978
0.019445211444106963
0.02148425054692976
0.01947176143242497
0.02148956054459336
0.01946645143476137
0.021463010556275353
0.019434591448779764
0.02149487054225696
0.019508931416070175
0.02129309063104012
0.01953017140672458
0.021388670588984943
0.019508931416070175
0.021457700558611754
0.019503621418406576
0.021468320553938956
0.019551411397378985
0.02123468065674051
0.019461141437097765
0.02149487054225696
0.019657611350651007
0.021420530574966547
0.019508931416070175
0.021324950617021728
0.019705401329623416
0.02149487054225696
0.019285911514198933
0.021452390560948154
0.01958327138336059
0.02129309063104012
0.019301841507189738
0.02138336059132134
0.01946645143476137
0.0211922006754317
0.019455831439434166
0.021516110532911366
0.01942928145111616
0.021632930481510586
0.019445211444106963
0.021372740595994137
0.019450521441770566
0.02144708056328455
0.019450521441770566
0.021123170705804887
0.01957265138803339
0.021574520507210978
0.01947176143242497
0.021409910579639344
0.019503621418406576
0.02139929058431214
0.019599201376351395
0.021388670588984943
0.019546101399715382
0.021510800535247766
0.019615131369342197
0.021404600581975745
0.01941866145578896
0.021388670588984943
0.01936556147915295
0.02138336059132134
0.019646991355323804
0.02148425054692976
0.019333701493171342
0.021362120600666935
0.01946645143476137
0.02128778063337652
0.01947707143008857
0.021463010556275353
0.019461141437097765
0.021463010556275353
0.019455831439434166
0.021420530574966547
0.019493001423079373
0.02144708056328455
0.01953017140672458
0.021324950617021728
0.019402731462798157
0.021372740595994137
0.01946645143476137
0.021420530574966547
0.01948238142775217
0.021452390560948154
0.019450521441770566
0.021404600581975745
0.01941335145812536
0.021510800535247766
0.019360251481489347
0.021452390560948154
0.01951955141139738
0.02128247063571292
0.019599201376351395
0.021404600581975745
0.019354941483825747
0.021362120600666935
0.019397421465134557
0.021457700558611754
0.019535481404388183
0.02147363055160256
0.019503621418406576
0.021415220577302944
0.01948238142775217
0.021585140502538177
0.0196257513646694
0.021319640619358128
0.01947707143008857
0.021372740595994137
0.01957265138803339
0.02133557061234893
0.01948238142775217
0.021510800535247766
0.019721331322614218
0.021516110532911366
0.019599201376351395
0.02139929058431214
0.019408041460461756
0.021330260614685327
0.019514241413733778
0.02148956054459336
0.01947176143242497
0.02147894054926616
0.019503621418406576
0.02143646056795735
0.019604511374014998
0.021372740595994137
0.019354941483825747
0.021303710626367326
0.01942928145111616
0.021468320553938956
0.019360251481489347
0.021409910579639344
0.019546101399715382
0.02123999065440411
0.019408041460461756
0.021409910579639344
0.01957265138803339
0.02150018053992056
0.019402731462798157
0.021409910579639344
0.019498311420742976
0.02128778063337652
0.019434591448779764
0.021468320553938956
0.019360251481489347
0.021160340689450097
0.019450521441770566
0.02142584057263015
0.019567341390369787
0.02154266052122937
0.019386801469807355
0.021558590514220176
0.019408041460461756
0.02124530065206771
0.019397421465134557
0.021351500605339736
0.019604511374014998
0.021356810603003335
0.019508931416070175
0.021255920647394917
0.019386801469807355
0.021378050593657737
0.019508931416070175
0.021452390560948154
0.019296531509526135
0.021298400628703723
0.019535481404388183
0.021393980586648542
0.01941866145578896
0.02124530065206771
0.019455831439434166
0.0211762706824409
0.019514241413733778
0.02128778063337652
0.019450521441770566
0.021144410696459292
0.019344321488498545
0.021415220577302944
0.01958327138336059
0.021409910579639344
0.01953017140672458
0.021202820670758904
0.019455831439434166
0.021324950617021728
0.019615131369342197
0.021181580680104502
0.01952486140906098
0.02127185064038572
0.019487691425415773
0.021553280516556573
0.01957796138569699
0.02126654064272212
0.019392111467470954
0.021404600581975745
0.01937087147681655
0.02128778063337652
0.01941335145812536
0.021340880610012533
0.01937087147681655
0.021351500605339736
0.019386801469807355
0.021510800535247766
0.019360251481489347
0.021340880610012533
0.019498311420742976
0.021213440666086106
0.01941335145812536
0.021632930481510586
0.019498311420742976
0.02123468065674051
0.019328391495507743
0.02122406066141331
0.01947176143242497
0.02121875066374971
0.019461141437097765
0.021356810603003335
0.019402731462798157
0.02138336059132134
0.019333701493171342
0.021351500605339736
0.01958327138336059
0.021261230645058516
0.01942928145111616
0.02143115057029375
0.019354941483825747
0.021298400628703723
0.019615131369342197
0.02148956054459336
0.019493001423079373
0.021298400628703723
0.019535481404388183
0.021362120600666935
0.019285911514198933
0.021351500605339736
0.019493001423079373
0.021303710626367326
0.01947176143242497
0.021404600581975745
0.01947176143242497
0.02123468065674051
0.019562031392706188
0.021393980586648542
0.019397421465134557
0.02127185064038572
0.019408041460461756
0.021510800535247766
0.01951955141139738
0.021324950617021728
0.019461141437097765
0.021521420530574965
0.01941866145578896
0.021409910579639344
0.01946645143476137
0.021372740595994137
0.019551411397378985
0.021340880610012533
0.01947707143008857
0.021303710626367326
0.019381491472143752
0.02126654064272212
0.019328391495507743
0.021160340689450097
0.019450521441770566
0.021463010556275353
0.019498311420742976
0.021330260614685327
0.019397421465134557
0.021319640619358128
0.019291221511862532
0.021250610649731314
0.019381491472143752
0.021393980586648542
0.019455831439434166
0.021324950617021728
0.019508931416070175
0.0211922006754317
0.019498311420742976
0.02128247063571292
0.019455831439434166
0.02133557061234893
0.019392111467470954
0.021303710626367326
0.01947707143008857
0.021186890677768102
0.019248741530553726
0.021261230645058516
0.01951955141139738
0.021505490537584163
0.019381491472143752
0.02123468065674051
0.01936556147915295
0.02133557061234893
0.019535481404388183
0.021346190607676133
0.019339011490834942
0.021362120600666935
0.019514241413733778
0.02123999065440411
0.01941335145812536
0.021309020624030926
0.01937618147448015
0.02122406066141331
0.01936556147915295
0.021351500605339736
0.019455831439434166
0.021324950617021728
0.019386801469807355
0.021356810603003335
0.019439901446443364
0.02122937065907691
0.019381491472143752
0.021468320553938956
0.01942928145111616
0.021362120600666935
0.01937618147448015
0.021250610649731314
0.019487691425415773
0.021409910579639344
0.01941866145578896
0.021457700558611754
0.019445211444106963
0.021197510673095304
0.01946645143476137
0.021309020624030926
0.01937618147448015
0.021314330621694525
0.01937087147681655
0.021346190607676133
0.019392111467470954
0.021409910579639344
0.019408041460461756
0.02122406066141331
0.01920626154924492
0.02139929058431214
0.019328391495507743
0.021197510673095304
0.019349631486162148
0.021186890677768102
0.019280601516535333
0.0211762706824409
0.019439901446443364
0.021319640619358128
0.019285911514198933
0.021378050593657737
0.019344321488498545
0.02128778063337652
0.019386801469807355
0.02124530065206771
0.01936556147915295
0.02143646056795735
0.01947176143242497
0.021298400628703723
0.019333701493171342
0.021208130668422503
0.01931777150018054
0.021362120600666935
0.019445211444106963
0.021309020624030926
0.019402731462798157
0.021388670588984943
0.01931777150018054
0.021356810603003335
0.019307151504853338
0.021532040525902168
0.019360251481489347
0.021096620717486886
0.019328391495507743
0.02127185064038572
0.019455831439434166
0.021367430598330538
0.019588581381024192
0.02123999065440411
0.019259361525880928
0.02121875066374971
0.01948238142775217
0.02123999065440411
0.019349631486162148
0.021362120600666935
0.019450521441770566
0.021324950617021728
0.01957265138803339
0.02133557061234893
0.019397421465134557
0.02126654064272212
0.019498311420742976
0.021186890677768102
0.01937087147681655
0.021208130668422503
0.019248741530553726
0.02144708056328455
0.01942928145111616
0.021255920647394917
0.01926467152354453
0.02127185064038572
0.019498311420742976
0.021378050593657737
0.019301841507189738
0.02147894054926616
0.01936556147915295
0.021409910579639344
0.019243431532890126
0.021415220577302944
0.01942397145345256
0.02112848070346849
0.019339011490834942
0.021324950617021728
0.019434591448779764
0.021351500605339736
0.019307151504853338
0.021213440666086106
0.019339011490834942
0.02147363055160256
0.01932308149784414
0.02139929058431214
0.019354941483825747
0.021255920647394917
0.01957796138569699
0.021372740595994137
0.019360251481489347
0.02148425054692976
0.01951955141139738
0.02133557061234893
0.019360251481489347
0.0211709606847773
0.01942928145111616
0.02126654064272212
0.01937087147681655
0.02112848070346849
0.019200951551581316
0.021340880610012533
0.01942397145345256
0.02122937065907691
0.01937087147681655
0.021351500605339736
0.019397421465134557
0.02129309063104012
0.019567341390369787
0.021372740595994137
0.019328391495507743
0.021351500605339736
0.019450521441770566
0.021117860708141287
0.01941866145578896
0.021149720694122895
0.019381491472143752
0.021351500605339736
0.019402731462798157
0.021298400628703723
0.01931777150018054
0.02121875066374971
0.01941866145578896
0.021186890677768102
0.01941866145578896
0.02122937065907691
0.019328391495507743
0.02126654064272212
0.019402731462798157
0.021250610649731314
0.019392111467470954
0.021149720694122895
0.019434591448779764
0.021149720694122895
0.019328391495507743
0.021298400628703723
0.019137231579618105
0.021086000722159683
0.019381491472143752
0.02112848070346849
0.01937087147681655
0.021139100698795692
0.019349631486162148
0.021319640619358128
0.019381491472143752
0.021070070729168878
0.01932308149784414
0.021048830738514476
0.019328391495507743
0.02127185064038572
0.019392111467470954
0.02133557061234893
0.019386801469807355
0.021186890677768102
0.019339011490834942
0.0211922006754317
0.0191053715936365
0.021255920647394917
0.019381491472143752
0.02127185064038572
0.019259361525880928
0.02101697075253287
0.019301841507189738
0.021261230645058516
0.019397421465134557
0.02128247063571292
0.01942928145111616
0.021070070729168878
0.019461141437097765
0.02124530065206771
0.019285911514198933
0.0211922006754317
0.01941866145578896
0.021277160638049318
0.019339011490834942
0.02128778063337652
0.01941335145812536
0.0211762706824409
0.019445211444106963
0.021324950617021728
0.019259361525880928
0.021330260614685327
0.019307151504853338
0.021149720694122895
0.01937618147448015
0.021160340689450097
0.019392111467470954
0.021319640619358128
0.019354941483825747
0.021261230645058516
0.019344321488498545
0.02122406066141331
0.019285911514198933
0.021155030691786494
0.019339011490834942
0.02123468065674051
0.019285911514198933
0.02122937065907691
0.019461141437097765
0.021409910579639344
0.01946645143476137
0.021298400628703723
0.01942928145111616
0.021261230645058516
0.019461141437097765
0.021250610649731314
0.01942397145345256
0.021144410696459292
0.01931246150251694
0.02123468065674051
0.019461141437097765
0.021372740595994137
0.019307151504853338
0.021107240712814085
0.019301841507189738
0.021277160638049318
0.019259361525880928
0.021393980586648542
0.01942928145111616
0.021165650687113697
0.019461141437097765
0.021324950617021728
0.01926998152120813
0.02129309063104012
0.019301841507189738
0.02128247063571292
0.019339011490834942
0.021186890677768102
0.01920626154924492
0.02122406066141331
0.019386801469807355
0.021086000722159683
0.019455831439434166
0.021181580680104502
0.019354941483825747
0.02126654064272212
0.01917440156326331
0.021048830738514476
0.019339011490834942
0.021452390560948154
0.01932308149784414
0.021298400628703723
0.01947176143242497
0.021367430598330538
0.01926467152354453
0.021372740595994137
0.01941866145578896
0.021351500605339736
0.019248741530553726
0.021202820670758904
0.019073511607654893
0.021255920647394917
0.019296531509526135
0.02122937065907691
0.019301841507189738
0.02123468065674051
0.01926467152354453
0.021149720694122895
0.019386801469807355
0.021309020624030926
0.01926467152354453
0.021197510673095304
0.01951955141139738
0.021070070729168878
0.019439901446443364
0.021261230645058516
0.019408041460461756
0.021346190607676133
0.01947707143008857
0.021186890677768102
0.019280601516535333
0.02128247063571292
0.019455831439434166
0.02122937065907691
0.01952486140906098
0.021378050593657737
0.019402731462798157
0.021197510673095304
0.01947176143242497
0.02121875066374971
0.019344321488498545
0.02123999065440411
0.019344321488498545
0.021149720694122895
0.01942928145111616
0.0211762706824409
0.019455831439434166
0.02101697075253287
0.019227501539899324
0.02123468065674051
0.019254051528217325
0.02133557061234893
0.019445211444106963
0.021420530574966547
0.019455831439434166
0.02124530065206771
0.01927529151887173
0.021139100698795692
0.019328391495507743
0.02126654064272212
0.01920626154924492
0.021208130668422503
0.019487691425415773
0.021261230645058516
0.019349631486162148
0.02150018053992056
0.01937618147448015
0.021213440666086106
0.019360251481489347
0.02122406066141331
0.019354941483825747
0.02128778063337652
0.019254051528217325
0.021086000722159683
0.01920626154924492
0.02112848070346849
0.019339011490834942
0.021107240712814085
0.019227501539899324
0.021197510673095304
0.019339011490834942
0.021324950617021728
0.01941335145812536
0.021107240712814085
0.019254051528217325
0.021277160638049318
0.019328391495507743
0.021107240712814085
0.019328391495507743
0.021208130668422503
0.019493001423079373
0.02138336059132134
0.019285911514198933
0.021324950617021728
0.019280601516535333
0.021208130668422503
0.01922219154223572
0.02102228075019647
0.019285911514198933
0.021277160638049318
0.01932308149784414
0.02127185064038572
0.01932308149784414
0.02126654064272212
0.019514241413733778
0.0211709606847773
0.019238121535226523
0.021261230645058516
0.019328391495507743
0.02133557061234893
0.019392111467470954
0.021202820670758904
0.019445211444106963
0.021101930715150485
0.019291221511862532
0.021186890677768102
0.019339011490834942
0.02121875066374971
0.019280601516535333
0.02123999065440411
0.01932308149784414
0.021309020624030926
0.019508931416070175
0.021208130668422503
0.01926998152120813
0.021155030691786494
0.019381491472143752
0.021261230645058516
0.01932308149784414
0.021144410696459292
0.019291221511862532
0.021261230645058516
0.01941335145812536
0.02122406066141331
0.019301841507189738
0.02128247063571292
0.019259361525880928
0.02128778063337652
0.019307151504853338
0.021096620717486886
0.01917440156326331
0.0211922006754317
0.01927529151887173
0.021091310719823283
0.01920626154924492
0.02122406066141331
0.019392111467470954
0.021086000722159683
0.01941866145578896
0.021351500605339736
0.01937087147681655
0.021250610649731314
0.019386801469807355
0.021133790701132093
0.019392111467470954
0.02105945073384168
0.019238121535226523
0.021213440666086106
0.01936556147915295
0.021112550710477688
0.019232811537562924
0.021107240712814085
0.019339011490834942
0.021420530574966547
0.019328391495507743
0.021197510673095304
0.019540791402051783
0.021202820670758904
0.019439901446443364
0.021261230645058516
0.019461141437097765
0.021186890677768102
0.019408041460461756
0.02107538072683248
0.019259361525880928
0.021303710626367326
0.01917440156326331
0.02101697075253287
0.019339011490834942
0.021319640619358128
0.019344321488498545
0.021277160638049318
0.01947707143008857
0.021261230645058516
0.019328391495507743
0.02124530065206771
0.01932308149784414
0.021149720694122895
0.019349631486162148
0.021208130668422503
0.01937618147448015
0.020995730761878464
0.019445211444106963
0.02129309063104012
0.01937618147448015
0.021298400628703723
0.019142541577281708
0.021309020624030926
0.019397421465134557
0.0211709606847773
0.019307151504853338
0.02122937065907691
0.01941335145812536
0.021181580680104502
0.01921157154690852
0.021006350757205666
0.01921688154457212
0.02112848070346849
0.01932308149784414
0.02129309063104012
0.019333701493171342
0.021149720694122895
0.019508931416070175
0.02138336059132134
0.01941866145578896
0.02106476073150528
0.01916378156793611
0.02102759074786007
0.019254051528217325
0.02133557061234893
0.019328391495507743
0.02107538072683248
0.019285911514198933
0.02123999065440411
0.01942397145345256
0.021149720694122895
0.019339011490834942
0.02102759074786007
0.01937618147448015
0.021202820670758904
0.019360251481489347
0.02122937065907691
0.019354941483825747
0.02102759074786007
0.01937087147681655
0.021197510673095304
0.01937618147448015
0.021112550710477688
0.01946645143476137
0.02122406066141331
0.01926998152120813
0.021133790701132093
0.019259361525880928
0.02121875066374971
0.01937618147448015
0.02129309063104012
0.01927529151887173
0.02124530065206771
0.019402731462798157
0.02121875066374971
0.019285911514198933
0.02124530065206771
0.019333701493171342
0.02123468065674051
0.019386801469807355
0.021133790701132093
0.019408041460461756
0.021091310719823283
0.019455831439434166
0.021208130668422503
0.019291221511862532
0.02127185064038572
0.019354941483825747
0.021139100698795692
0.019248741530553726
0.021091310719823283
0.01931777150018054
0.021054140736178076
0.01926998152120813
0.021362120600666935
0.01920626154924492
0.0211709606847773
0.01937618147448015
0.021101930715150485
0.01915847157027251
0.021319640619358128
0.019354941483825747
0.02123468065674051
0.019285911514198933
0.021309020624030926
0.019248741530553726
0.0211762706824409
0.019339011490834942
0.021208130668422503
0.019307151504853338
0.021255920647394917
0.019455831439434166
0.02107538072683248
0.01931246150251694
0.021133790701132093
0.01931777150018054
0.021208130668422503
0.01917440156326331
0.021133790701132093
0.019243431532890126
0.021319640619358128
0.019349631486162148
0.021208130668422503
0.01942397145345256
0.02129309063104012
0.01927529151887173
0.021123170705804887
0.01931246150251694
0.021101930715150485
0.01921688154457212
0.021197510673095304
0.01931246150251694
0.021197510673095304
0.019392111467470954
0.021250610649731314
0.019392111467470954
0.021101930715150485
0.019344321488498545
0.021091310719823283
0.019131921581954505
0.02124530065206771
0.01936556147915295
0.02103821074318727
0.019339011490834942
0.021181580680104502
0.01931246150251694
0.021091310719823283
0.019349631486162148
0.021298400628703723
0.01937087147681655
0.021101930715150485
0.019280601516535333
0.021181580680104502
0.019280601516535333
0.02124530065206771
0.019291221511862532
0.02112848070346849
0.019296531509526135
0.021107240712814085
0.019301841507189738
0.02123999065440411
0.019301841507189738
0.021043520740850873
0.019243431532890126
0.0211762706824409
0.019402731462798157
0.02122937065907691
0.01937618147448015
0.021160340689450097
0.019328391495507743
0.021048830738514476
0.019397421465134557
0.021091310719823283
0.019232811537562924
0.02124530065206771
0.019333701493171342
0.021261230645058516
0.019301841507189738
0.02108069072449608
0.0191106815913001
0.021160340689450097
0.0191053715936365
0.02093732078757885
0.019285911514198933
0.021309020624030926
0.01927529151887173
0.02142584057263015
0.019291221511862532
0.021181580680104502
0.01922219154223572
0.020953250780569654
0.019291221511862532
0.021160340689450097
0.019200951551581316
0.0211762706824409
0.019259361525880928
0.021070070729168878
0.019493001423079373
0.021298400628703723
0.01942928145111616
0.02124530065206771
0.01921688154457212
0.021117860708141287
0.019179711560926915
0.021133790701132093
0.019200951551581316
0.021144410696459292
0.01937087147681655
0.02121875066374971
0.01916909156559971
0.021319640619358128
0.019360251481489347
0.021149720694122895
0.01937087147681655
0.021117860708141287
0.019232811537562924
0.021181580680104502
0.019402731462798157
0.021123170705804887
0.019200951551581316
0.021213440666086106
0.019301841507189738
0.02123468065674051
0.019402731462798157
0.0211762706824409
0.019227501539899324
0.021197510673095304
0.019328391495507743
0.02122406066141331
0.01927529151887173
0.021160340689450097
0.01936556147915295
0.02126654064272212
0.019301841507189738
0.02108069072449608
0.019190331556254114
0.021101930715150485
0.01917440156326331
0.0211922006754317
0.01922219154223572
0.02128778063337652
0.019254051528217325
0.021123170705804887
0.019386801469807355
0.02123468065674051
0.019254051528217325
0.021372740595994137
0.01921688154457212
0.02126654064272212
0.019285911514198933
0.02123999065440411
0.019285911514198933
0.021070070729168878
0.019248741530553726
0.02126654064272212
0.01916378156793611
0.021117860708141287
0.019301841507189738
0.021250610649731314
0.019301841507189738
0.02121875066374971
0.01915847157027251
0.02102759074786007
0.019232811537562924
0.02103821074318727
0.01936556147915295
0.02122937065907691
0.019259361525880928
0.021123170705804887
0.019232811537562924
0.0211709606847773
0.019301841507189738
0.021070070729168878
0.01921157154690852
0.02128247063571292
0.019333701493171342
0.021261230645058516
0.019243431532890126
0.02133557061234893
0.019360251481489347
0.021112550710477688
0.019296531509526135
0.021086000722159683
0.019360251481489347
0.021298400628703723
0.018977931649710074
0.0211922006754317
0.019238121535226523
0.021186890677768102
0.01917440156326331
0.021070070729168878
0.01920626154924492
0.02098511076655126
0.019301841507189738
0.021202820670758904
0.019259361525880928
0.02098511076655126
0.019131921581954505
0.021165650687113697
0.019285911514198933
0.02107538072683248
0.019408041460461756
0.021096620717486886
0.019073511607654893
0.02102228075019647
0.0191053715936365
0.021112550710477688
0.01937087147681655
0.021261230645058516
0.019248741530553726
0.021070070729168878
0.019126611584290902
0.021202820670758904
0.01926998152120813
0.021208130668422503
0.019280601516535333
0.021091310719823283
0.01931246150251694
0.021048830738514476
0.019381491472143752
0.02124530065206771
0.019254051528217325
0.021112550710477688
0.019434591448779764
0.021117860708141287
0.019126611584290902
0.021441770565620952
0.019179711560926915
0.021086000722159683
0.01927529151887173
0.021250610649731314
0.0191159915889637
0.02098511076655126
0.019227501539899324
0.02122937065907691
0.019190331556254114
0.021202820670758904
0.01920626154924492
0.0211922006754317
0.019227501539899324
0.02123468065674051
0.019328391495507743
0.02107538072683248
0.01921157154690852
0.021255920647394917
0.019328391495507743
0.02122937065907691
0.019328391495507743
0.02122406066141331
0.019349631486162148
0.021043520740850873
0.0191159915889637
0.0211709606847773
0.019339011490834942
0.021250610649731314
0.019185021558590514
0.021123170705804887
0.019232811537562924
0.021101930715150485
0.019185021558590514
0.021149720694122895
0.019089441600645695
0.0211709606847773
0.019238121535226523
0.02128778063337652
0.019190331556254114
0.02133557061234893
0.01920626154924492
0.021133790701132093
0.019301841507189738
0.021155030691786494
0.019291221511862532
0.02122406066141331
0.019238121535226523
0.021181580680104502
0.01941866145578896
0.02124530065206771
0.019031031626346083
0.021208130668422503
0.01916378156793611
0.021091310719823283
0.019349631486162148
0.021043520740850873
0.019408041460461756
0.02128247063571292
0.019041651621673285
0.021139100698795692
0.019291221511862532
0.021261230645058516
0.01922219154223572
0.02124530065206771
0.019248741530553726
0.02096918077356046
0.019301841507189738
0.02106476073150528
0.01932308149784414
0.021054140736178076
0.019137231579618105
0.021139100698795692
0.019296531509526135
0.02128778063337652
0.01927529151887173
0.021091310719823283
0.019503621418406576
0.02096387077589686
0.019227501539899324
0.020947940782906054
0.019301841507189738
0.021298400628703723
0.019354941483825747
0.02096387077589686
0.019238121535226523
0.02102228075019647
0.019254051528217325
0.021054140736178076
0.01916378156793611
0.021107240712814085
0.01941335145812536
0.021112550710477688
0.01926467152354453
0.021255920647394917
0.019147851574945307
0.021043520740850873
0.019301841507189738
0.021155030691786494
0.019333701493171342
0.021330260614685327
0.01932308149784414
0.021250610649731314
0.019291221511862532
0.021277160638049318
0.019153161572608907
0.02105945073384168
0.019349631486162148
0.02133557061234893
0.019445211444106963
0.02106476073150528
0.019296531509526135
0.021261230645058516
0.01941335145812536
0.0211922006754317
0.019232811537562924
0.021155030691786494
0.019200951551581316
0.021155030691786494
0.01904696161933689
0.021112550710477688
0.019280601516535333
0.02126654064272212
0.019142541577281708
0.021404600581975745
0.019227501539899324
0.021101930715150485
0.019291221511862532
0.02112848070346849
0.01926467152354453
0.021096620717486886
0.019254051528217325
0.021112550710477688
0.019190331556254114
0.021139100698795692
0.019238121535226523
0.021101930715150485
0.019397421465134557
0.020990420764214864
0.01937618147448015
0.02107538072683248
0.019360251481489347
0.02133557061234893
0.019392111467470954
0.021160340689450097
0.019243431532890126
0.021043520740850873
0.01927529151887173
0.021123170705804887
0.01921157154690852
0.0211709606847773
0.01936556147915295
0.021155030691786494
0.01926467152354453
0.02107538072683248
0.01922219154223572
0.02093732078757885
0.01931246150251694
0.02123999065440411
0.019195641553917717
0.021096620717486886
0.01936556147915295
0.021086000722159683
0.019307151504853338
0.02123468065674051
0.01916909156559971
0.021213440666086106
0.019328391495507743
0.021048830738514476
0.019285911514198933
0.02123468065674051
0.019461141437097765
0.02123468065674051
0.01921157154690852
0.021197510673095304
0.01921688154457212
0.021086000722159683
0.01905758161466409
0.021123170705804887
0.019238121535226523
0.021181580680104502
0.01948238142775217
0.021091310719823283
0.019243431532890126
0.021155030691786494
0.019238121535226523
0.02108069072449608
0.019301841507189738
0.021415220577302944
0.019190331556254114
0.021070070729168878
0.01927529151887173
0.021139100698795692
0.019307151504853338
0.02129309063104012
0.01927529151887173
0.021160340689450097
0.019439901446443364
0.02102228075019647
0.0191159915889637
0.021144410696459292
0.019232811537562924
0.021139100698795692
0.01921157154690852
0.021186890677768102
0.019089441600645695
0.021208130668422503
0.019232811537562924
0.021149720694122895
0.019238121535226523
0.021181580680104502
0.01921688154457212
0.021165650687113697
0.01917440156326331
0.021155030691786494
0.01941866145578896
0.021144410696459292
0.019254051528217325
0.02107538072683248
0.01921157154690852
0.02122937065907691
0.019381491472143752
0.02123468065674051
0.01922219154223572
0.021255920647394917
0.019402731462798157
0.021303710626367326
0.01941866145578896
0.02101166075486927
0.019296531509526135
0.021096620717486886
0.019328391495507743
0.02102759074786007
0.01931246150251694
0.02103821074318727
0.019238121535226523
0.020974490771224062
0.019381491472143752
0.021133790701132093
0.019142541577281708
0.02124530065206771
0.019328391495507743
0.02129309063104012
0.01941335145812536
0.021404600581975745
0.019280601516535333
0.021139100698795692
0.019227501539899324
0.021117860708141287
0.01932308149784414
0.021160340689450097
0.01931246150251694
0.021255920647394917
0.019498311420742976
0.02102759074786007
0.01937618147448015
0.02102759074786007
0.01927529151887173
0.021117860708141287
0.019254051528217325
0.02126654064272212
0.019493001423079373
0.021133790701132093
0.019238121535226523
0.021250610649731314
0.019296531509526135
0.02112848070346849
0.01916909156559971
0.021208130668422503
0.01936556147915295
0.02102228075019647
0.01926998152120813
0.021107240712814085
0.01931246150251694
0.0211922006754317
0.019301841507189738
0.021107240712814085
0.01932308149784414
0.021101930715150485
0.019137231579618105
0.021117860708141287
0.019328391495507743
0.021123170705804887
0.019195641553917717
0.02122937065907691
0.019349631486162148
0.021133790701132093
0.01931777150018054
0.021086000722159683
0.01926467152354453
0.02123468065674051
0.019328391495507743
0.02121875066374971
0.019445211444106963
0.021149720694122895
0.01931246150251694
0.02105945073384168
0.019153161572608907
0.02127185064038572
0.019344321488498545
0.021144410696459292
0.019392111467470954
0.021054140736178076
0.01921157154690852
0.021144410696459292
0.019248741530553726
0.021144410696459292
0.019296531509526135
0.02106476073150528
0.01905758161466409
0.021112550710477688
0.019307151504853338
0.02112848070346849
0.019121301586627303
0.020995730761878464
0.01953017140672458
0.020926700792251653
0.019392111467470954
0.021303710626367326
0.01931777150018054
0.02107538072683248
0.019254051528217325
0.021107240712814085
0.01931777150018054
0.02121875066374971
0.019397421465134557
0.021123170705804887
0.01926998152120813
0.021197510673095304
0.019328391495507743
0.02123999065440411
0.019354941483825747
0.021202820670758904
0.019354941483825747
0.021054140736178076
0.01937618147448015
0.021107240712814085
0.019307151504853338
0.021149720694122895
0.019439901446443364
0.02123468065674051
0.019408041460461756
0.021054140736178076
0.019200951551581316
0.02103821074318727
0.019254051528217325
0.021213440666086106
0.019238121535226523
0.021139100698795692
0.019301841507189738
0.021250610649731314
0.019296531509526135
0.021001040759542067
0.01922219154223572
0.02095856077823326
0.01936556147915295
0.020947940782906054
0.019360251481489347
0.02108069072449608
0.01916378156793611
0.021133790701132093
0.019296531509526135
0.02105945073384168
0.01920626154924492
0.021165650687113697
0.01937618147448015
0.0211922006754317
0.019392111467470954
0.021181580680104502
0.0191159915889637
0.021452390560948154
0.019402731462798157
0.021277160638049318
0.01916909156559971
0.021117860708141287
0.019339011490834942
0.02103821074318727
0.019333701493171342
0.021309020624030926
0.019238121535226523
0.02103290074552367
0.01917440156326331
0.021160340689450097
0.019259361525880928
0.021255920647394917
0.0191106815913001
0.02101697075253287
0.019238121535226523
0.02103290074552367
0.019285911514198933
0.021091310719823283
0.01922219154223572
0.021149720694122895
0.019392111467470954
0.02107538072683248
0.01937618147448015
0.02096387077589686
0.019280601516535333
0.021160340689450097
0.019238121535226523
0.021117860708141287
0.019354941483825747
0.021144410696459292
0.019200951551581316
0.021186890677768102
0.01947176143242497
0.021186890677768102
0.019344321488498545
0.02112848070346849
0.019344321488498545
0.021277160638049318
0.019360251481489347
0.021208130668422503
0.019381491472143752
0.0211709606847773
0.019238121535226523
0.0211922006754317
0.019238121535226523
0.021340880610012533
0.019301841507189738
0.02124530065206771
0.019254051528217325
0.021160340689450097
0.019392111467470954
0.021330260614685327
0.019254051528217325
0.02103821074318727
0.01946645143476137
0.021107240712814085
0.019381491472143752
0.021181580680104502
0.01937087147681655
0.02123468065674051
0.019328391495507743
0.02122937065907691
0.01941335145812536
0.021107240712814085
0.019307151504853338
0.021181580680104502
0.019227501539899324
0.02105945073384168
0.019307151504853338
0.021351500605339736
0.01936556147915295
0.021160340689450097
0.019147851574945307
0.021112550710477688
0.01927529151887173
0.02122406066141331
0.019238121535226523
0.02128778063337652
0.01926467152354453
0.021043520740850873
0.01932308149784414
0.020953250780569654
0.019195641553917717
0.02126654064272212
0.01947707143008857
0.021250610649731314
0.019153161572608907
0.02122406066141331
0.019402731462798157
0.021298400628703723
0.019339011490834942
0.021091310719823283
0.019402731462798157
0.021133790701132093
0.01941866145578896
0.021043520740850873
0.019402731462798157
0.021250610649731314
0.019280601516535333
0.02128247063571292
0.01931777150018054
0.021123170705804887
0.01926467152354453
0.02103821074318727
0.019386801469807355
0.02122937065907691
0.01931246150251694
0.021213440666086106
0.019243431532890126
0.021112550710477688
0.019280601516535333
0.021086000722159683
0.01931777150018054
0.021070070729168878
0.01927529151887173
0.02124530065206771
0.019328391495507743
0.021165650687113697
0.019333701493171342
0.021123170705804887
0.019339011490834942
0.0211709606847773
0.019280601516535333
0.021070070729168878
0.019248741530553726
0.0211922006754317
0.019254051528217325
0.021277160638049318
0.019397421465134557
0.021160340689450097
0.019238121535226523
0.021117860708141287
0.019259361525880928
0.021208130668422503
0.01942928145111616
0.021155030691786494
0.01931246150251694
0.02101166075486927
0.01937087147681655
0.021202820670758904
0.01926998152120813
0.021197510673095304
0.01941335145812536
0.020947940782906054
0.01941866145578896
0.021123170705804887
0.019339011490834942
0.021250610649731314
0.01931246150251694
0.021250610649731314
0.019381491472143752
0.021165650687113697
0.019291221511862532
0.021149720694122895
0.01931777150018054
0.021133790701132093
0.019190331556254114
0.021181580680104502
0.01920626154924492
0.021165650687113697
0.019328391495507743
0.021208130668422503
0.019354941483825747
0.02105945073384168
0.019381491472143752
0.021319640619358128
0.019190331556254114
0.02108069072449608
0.019254051528217325
0.021277160638049318
0.019285911514198933
0.02101697075253287
0.019301841507189738
0.020947940782906054
0.01936556147915295
0.021139100698795692
0.019142541577281708
0.021149720694122895
0.01921688154457212
0.021117860708141287
0.01926998152120813
0.021250610649731314
0.019232811537562924
0.020995730761878464
0.01916909156559971
0.021149720694122895
0.019259361525880928
0.021086000722159683
0.019386801469807355
0.021139100698795692
0.019339011490834942
0.02107538072683248
0.019291221511862532
0.021133790701132093
0.019386801469807355
0.02121875066374971
0.01942928145111616
0.0211709606847773
0.01921688154457212
0.02105945073384168
0.019360251481489347
0.02124530065206771
0.019254051528217325
0.021340880610012533
0.019248741530553726
0.02122937065907691
0.019285911514198933
0.021149720694122895
0.01942928145111616
0.021202820670758904
0.019248741530553726
0.02121875066374971
0.01926998152120813
0.02128247063571292
0.01931246150251694
0.02106476073150528
0.019354941483825747
0.021139100698795692
0.01937618147448015
0.02105945073384168
0.019195641553917717
0.021155030691786494
0.019238121535226523
0.020990420764214864
0.019455831439434166
0.02129309063104012
0.01932308149784414
0.021086000722159683
0.01921157154690852
0.021043520740850873
0.019243431532890126
0.021149720694122895
0.019185021558590514
0.021054140736178076
0.019254051528217325
0.021202820670758904
0.019285911514198933
0.02143646056795735
0.01926998152120813
0.021197510673095304
0.019514241413733778
0.021261230645058516
0.019248741530553726
0.021070070729168878
0.019137231579618105
0.020974490771224062
0.019232811537562924
0.02105945073384168
0.019397421465134557
0.02106476073150528
0.01922219154223572
0.021107240712814085
0.01931777150018054
0.02102228075019647
0.019296531509526135
0.021250610649731314
0.019296531509526135
0.021101930715150485
0.019307151504853338
0.021186890677768102
0.01921157154690852
0.021006350757205666
0.019142541577281708
0.02086829081795204
0.019259361525880928
0.021208130668422503
0.019344321488498545
0.02122937065907691
0.01931246150251694
0.02102759074786007
0.019179711560926915
0.02122937065907691
0.019227501539899324
0.0211922006754317
0.019227501539899324
0.021070070729168878
0.019397421465134557
0.021261230645058516
0.019360251481489347
0.021186890677768102
0.01926467152354453
0.020995730761878464
0.01926998152120813
0.021070070729168878
0.019185021558590514
0.021101930715150485
0.01931777150018054
0.02105945073384168
0.019254051528217325
0.02123468065674051
0.01920626154924492
0.021133790701132093
0.01932308149784414
0.021155030691786494
0.019360251481489347
0.021117860708141287
0.01922219154223572
0.021123170705804887
0.019339011490834942
0.020926700792251653
0.01926998152120813
0.02123468065674051
0.019254051528217325
0.02106476073150528
0.019195641553917717
0.021133790701132093
0.019397421465134557
0.02108069072449608
0.01920626154924492
0.02122406066141331
0.019232811537562924
0.02102759074786007
0.019349631486162148
0.021070070729168878
0.019147851574945307
0.0211922006754317
0.019185021558590514
0.02107538072683248
0.01946645143476137
0.021149720694122895
0.019248741530553726
0.020932010789915252
0.01921688154457212
0.021160340689450097
0.019232811537562924
0.020995730761878464
0.019307151504853338
0.02106476073150528
0.01932308149784414
0.020942630785242455
0.01926998152120813
0.02123468065674051
0.019259361525880928
0.021117860708141287
0.01932308149784414
0.021149720694122895
0.019285911514198933
0.021144410696459292
0.0191159915889637
0.021155030691786494
0.019254051528217325
0.02102228075019647
0.019291221511862532
0.02093732078757885
0.019307151504853338
0.021160340689450097
0.01926467152354453
0.021197510673095304
0.01931246150251694
0.02103821074318727
0.019280601516535333
0.021086000722159683
0.019073511607654893
0.021149720694122895
0.019328391495507743
0.021117860708141287
0.019386801469807355
0.021117860708141287
0.01931777150018054
0.021133790701132093
0.019349631486162148
0.02093732078757885
0.019238121535226523
0.021091310719823283
0.019386801469807355
0.021117860708141287
0.01926467152354453
0.021309020624030926
0.01937618147448015
0.021213440666086106
0.01932308149784414
0.02112848070346849
0.01927529151887173
0.021133790701132093
0.0191053715936365
0.021054140736178076
0.019238121535226523
0.021070070729168878
0.019360251481489347
0.02103290074552367
0.019200951551581316
0.021091310719823283
0.01921688154457212
0.02106476073150528
0.01926467152354453
0.021096620717486886
0.019243431532890126
0.021250610649731314
0.019450521441770566
0.02101166075486927
0.019307151504853338
0.02112848070346849
0.019185021558590514
0.021107240712814085
0.01927529151887173
0.021139100698795692
0.01932308149784414
0.02122937065907691
0.019397421465134557
0.021123170705804887
0.019243431532890126
0.021213440666086106
0.019243431532890126
0.021101930715150485
0.01921157154690852
0.021133790701132093
0.019200951551581316
0.021107240712814085
0.019349631486162148
0.02096918077356046
0.01937087147681655
0.021096620717486886
0.019190331556254114
0.021250610649731314
0.019307151504853338
0.02103290074552367
0.01920626154924492
0.021107240712814085
0.019328391495507743
0.02105945073384168
0.019333701493171342
0.021160340689450097
0.019339011490834942
0.02103821074318727
0.019227501539899324
0.021197510673095304
0.01932308149784414
0.021346190607676133
0.019259361525880928
0.02106476073150528
0.01917440156326331
0.0211709606847773
0.019185021558590514
0.02112848070346849
0.01946645143476137
0.021112550710477688
0.019232811537562924
0.0211762706824409
0.019200951551581316
0.021202820670758904
0.01920626154924492
0.021298400628703723
0.01932308149784414
0.021208130668422503
0.01906289161232769
0.021213440666086106
0.01932308149784414
0.02127185064038572
0.019301841507189738
0.021250610649731314
0.019381491472143752
0.021133790701132093
0.019291221511862532
0.020932010789915252
0.019195641553917717
0.02106476073150528
0.01936556147915295
0.021208130668422503
0.019392111467470954
0.021070070729168878
0.01927529151887173
0.021096620717486886
0.019121301586627303
0.02096918077356046
0.019487691425415773
0.02103290074552367
0.019344321488498545
0.02123468065674051
0.019397421465134557
0.021001040759542067
0.01937618147448015
0.021123170705804887
0.019301841507189738
0.021086000722159683
0.019344321488498545
0.021070070729168878
0.01926467152354453
0.021367430598330538
0.01936556147915295
0.020995730761878464
0.019344321488498545
0.02102759074786007
0.019147851574945307
0.02121875066374971
0.019381491472143752
0.021070070729168878
0.01936556147915295
0.021149720694122895
0.01920626154924492
0.021144410696459292
0.019190331556254114
0.02101166075486927
0.019360251481489347
0.021155030691786494
0.019185021558590514
0.02122406066141331
0.019280601516535333
0.021165650687113697
0.01942397145345256
0.020873600815615644
0.019402731462798157
0.021144410696459292
0.01932308149784414
0.021149720694122895
0.019434591448779764
0.021043520740850873
0.019131921581954505
0.021202820670758904
0.01927529151887173
0.020990420764214864
0.01926467152354453
0.0211709606847773
0.01916378156793611
0.021101930715150485
0.019195641553917717
0.021186890677768102
0.019232811537562924
0.021277160638049318
0.019195641553917717
0.021043520740850873
0.019248741530553726
0.02121875066374971
0.01921688154457212
0.021144410696459292
0.019280601516535333
0.021155030691786494
0.019386801469807355
0.02105945073384168
0.01921688154457212
0.02121875066374971
0.019461141437097765
0.021155030691786494
0.019307151504853338
0.02103821074318727
0.01931777150018054
0.02126654064272212
0.019328391495507743
0.021261230645058516
0.019232811537562924
0.021165650687113697
0.01921157154690852
0.021133790701132093
0.019121301586627303
0.021096620717486886
0.019291221511862532
0.021117860708141287
0.019200951551581316
0.021139100698795692
0.019344321488498545
0.02128247063571292
0.019280601516535333
0.02097980076888766
0.019360251481489347
0.021139100698795692
0.019328391495507743
0.021303710626367326
0.019296531509526135
0.021006350757205666
0.019142541577281708
0.021208130668422503
0.019328391495507743
0.02121875066374971
0.019349631486162148
0.02122406066141331
0.01942928145111616
0.021261230645058516
0.01917440156326331
0.021160340689450097
0.019232811537562924
0.021048830738514476
0.01927529151887173
0.0211762706824409
0.019296531509526135
0.021314330621694525
0.01921688154457212
0.021186890677768102
0.01920626154924492
0.02105945073384168
0.019179711560926915
0.021001040759542067
0.019153161572608907
0.0211709606847773
0.019291221511862532
0.021091310719823283
0.019328391495507743
0.021213440666086106
0.01916909156559971
0.020947940782906054
0.019301841507189738
0.02122406066141331
0.01926467152354453
0.021133790701132093
0.019450521441770566
0.021149720694122895
0.019190331556254114
0.021160340689450097
0.019259361525880928
0.02128778063337652
0.01926467152354453
0.021133790701132093
0.01937087147681655
0.02108069072449608
0.01941335145812536
0.021160340689450097
0.019280601516535333
0.02102228075019647
0.019243431532890126
0.021096620717486886
0.019296531509526135
0.02121875066374971
0.019248741530553726
0.0211709606847773
0.019200951551581316
0.021144410696459292
0.01931777150018054
0.021340880610012533
0.019248741530553726
0.02121875066374971
0.01932308149784414
0.021101930715150485
0.019291221511862532
0.021054140736178076
0.019185021558590514
0.02108069072449608
0.01922219154223572
0.021149720694122895
0.019296531509526135
0.021133790701132093
0.01937087147681655
0.021250610649731314
0.019280601516535333
0.020990420764214864
0.019280601516535333
0.02126654064272212
0.019408041460461756
0.021001040759542067
0.019227501539899324
0.02129309063104012
0.019280601516535333
0.021006350757205666
0.01921688154457212
0.02122937065907691
0.019243431532890126
0.021123170705804887
0.019339011490834942
0.02105945073384168
0.019254051528217325
0.021155030691786494
0.019408041460461756
0.021043520740850873
0.019232811537562924
0.02128247063571292
0.019259361525880928
0.021112550710477688
0.019291221511862532
0.02106476073150528
0.019301841507189738
0.02101697075253287
0.019339011490834942
0.0211709606847773
0.01931777150018054
0.02112848070346849
0.019131921581954505
0.02082050083897963
0.019227501539899324
0.021149720694122895
0.019153161572608907
0.0211762706824409
0.019238121535226523
0.021107240712814085
0.019259361525880928
0.02123468065674051
0.019333701493171342
0.02101697075253287
0.0191053715936365
0.021309020624030926
0.019307151504853338
0.02123999065440411
0.019307151504853338
0.021144410696459292
0.019190331556254114
0.02122937065907691
0.019248741530553726
0.020947940782906054
0.019349631486162148
0.0211922006754317
0.01920626154924492
0.021070070729168878
0.01927529151887173
0.02103290074552367
0.0191106815913001
0.021149720694122895
0.01915847157027251
0.02101697075253287
0.019301841507189738
0.02126654064272212
0.019354941483825747
0.02103821074318727
0.019291221511862532
0.021144410696459292
0.0191159915889637
0.021160340689450097
0.019386801469807355
0.021202820670758904
0.019232811537562924
0.020990420764214864
0.019190331556254114
0.02124530065206771
0.01921157154690852
0.02128778063337652
0.019328391495507743
0.02108069072449608
0.01932308149784414
0.021123170705804887
0.019408041460461756
0.02106476073150528
0.019344321488498545
0.02105945073384168
0.019227501539899324
0.021181580680104502
0.019285911514198933
0.021197510673095304
0.01906289161232769
0.021048830738514476
0.019307151504853338
0.021139100698795692
0.019153161572608907
0.02108069072449608
0.019259361525880928
0.021048830738514476
0.019339011490834942
0.02112848070346849
0.019360251481489347
0.021043520740850873
0.01927529151887173
0.02112848070346849
0.019354941483825747
0.021181580680104502
0.019200951551581316
0.0211762706824409
0.019434591448779764
0.021186890677768102
0.019301841507189738
0.0211762706824409
0.0191159915889637
0.021117860708141287
0.019291221511862532
0.021117860708141287
0.019439901446443364
0.02103821074318727
0.019195641553917717
0.021048830738514476
0.019285911514198933
0.02105945073384168
0.019254051528217325
0.021181580680104502
0.019333701493171342
0.021086000722159683
0.01920626154924492
0.021091310719823283
0.019402731462798157
0.02108069072449608
0.019344321488498545
0.021048830738514476
0.019354941483825747
0.021086000722159683
0.019227501539899324
0.021155030691786494
0.019439901446443364
0.020995730761878464
0.019190331556254114
0.02103290074552367
0.01915847157027251
0.02102228075019647
0.01916378156793611
0.021160340689450097
0.01927529151887173
0.02126654064272212
0.019195641553917717
0.021298400628703723
0.019200951551581316
0.021261230645058516
0.019291221511862532
0.021250610649731314
0.019285911514198933
0.02102759074786007
0.019100061595972898
0.021070070729168878
0.019259361525880928
0.021091310719823283
0.019238121535226523
0.021160340689450097
0.019200951551581316
0.02101166075486927
0.01932308149784414
0.02122406066141331
0.019450521441770566
0.02122406066141331
0.019285911514198933
0.02098511076655126
0.01921688154457212
0.02098511076655126
0.01921688154457212
0.021001040759542067
0.019232811537562924
0.020995730761878464
0.01920626154924492
0.020910770799260847
0.019280601516535333
0.021054140736178076
0.019100061595972898
0.021155030691786494
0.019259361525880928
0.02123999065440411
0.01951955141139738
0.021144410696459292
0.01937087147681655
0.020995730761878464
0.01921688154457212
0.021149720694122895
0.01922219154223572
0.021149720694122895
0.019232811537562924
0.021149720694122895
0.01937087147681655
0.021096620717486886
0.019386801469807355
0.021117860708141287
0.01931246150251694
0.021070070729168878
0.01916378156793611
0.021091310719823283
0.019137231579618105
0.021091310719823283
0.01915847157027251
0.021133790701132093
0.019349631486162148
0.021362120600666935
0.01942397145345256
0.021112550710477688
0.019301841507189738
0.021086000722159683
0.01921688154457212
0.021048830738514476
0.019280601516535333
0.02105945073384168
0.0191159915889637
0.02106476073150528
0.019296531509526135
0.0211709606847773
0.01916909156559971
0.021117860708141287
0.01937087147681655
0.02122406066141331
0.01947176143242497
0.02108069072449608
0.019386801469807355
0.021144410696459292
0.019291221511862532
0.021202820670758904
0.019392111467470954
0.021324950617021728
0.019259361525880928
0.020995730761878464
0.019259361525880928
0.02106476073150528
0.019227501539899324
0.02098511076655126
0.01905758161466409
0.02107538072683248
0.01915847157027251
0.021123170705804887
0.01941335145812536
0.021117860708141287
0.019344321488498545
0.021197510673095304
0.01921688154457212
0.021123170705804887
0.019254051528217325
0.02112848070346849
0.019185021558590514
0.021144410696459292
0.019259361525880928
0.021139100698795692
0.019291221511862532
0.021133790701132093
0.0191106815913001
0.021160340689450097
0.019296531509526135
0.021139100698795692
0.01920626154924492
0.02128778063337652
0.01932308149784414
0.02121875066374971
0.019296531509526135
0.021096620717486886
0.019179711560926915
0.021181580680104502
0.019280601516535333
0.021043520740850873
0.019153161572608907
0.020947940782906054
0.01917440156326331
0.020995730761878464
0.019232811537562924
0.02128778063337652
0.019232811537562924
0.021213440666086106
0.01936556147915295
0.021001040759542067
0.019259361525880928
0.02095856077823326
0.019179711560926915
0.021149720694122895
0.01926998152120813
0.021197510673095304
0.019328391495507743
0.02122937065907691
0.01921688154457212
0.021261230645058516
0.0191159915889637
0.021213440666086106
0.019333701493171342
0.021149720694122895
0.01937618147448015
0.021303710626367326
0.019307151504853338
0.021319640619358128
0.019232811537562924
0.021070070729168878
0.019402731462798157
0.020900150803933645
0.019254051528217325
0.02123999065440411
0.019254051528217325
0.02129309063104012
0.01926467152354453
0.021202820670758904
0.01927529151887173
0.021133790701132093
0.01931777150018054
0.02112848070346849
0.019301841507189738
0.02107538072683248
0.01922219154223572
0.0211709606847773
0.019285911514198933
0.021250610649731314
0.019301841507189738
0.021144410696459292
0.019190331556254114
0.02097980076888766
0.019142541577281708
0.021112550710477688
0.019179711560926915
0.021086000722159683
0.019232811537562924
0.021139100698795692
0.019296531509526135
0.02123468065674051
0.019131921581954505
0.021043520740850873
0.01931777150018054
0.021123170705804887
0.019291221511862532
0.02107538072683248
0.01895138166139207
0.021186890677768102
0.019339011490834942
0.02105945073384168
0.019232811537562924
0.021186890677768102
0.019386801469807355
0.021197510673095304
0.01946645143476137
0.02101166075486927
0.019254051528217325
0.02123468065674051
0.019339011490834942
0.021086000722159683
0.01931246150251694
0.021054140736178076
0.01921157154690852
0.02123999065440411
0.01926998152120813
0.020974490771224062
0.019089441600645695
0.021054140736178076
0.019354941483825747
0.02105945073384168
0.01931777150018054
0.021123170705804887
0.019339011490834942
0.02105945073384168
0.019195641553917717
0.0211709606847773
0.019280601516535333
0.021298400628703723
0.01932308149784414
0.021149720694122895
0.019121301586627303
0.020942630785242455
0.019179711560926915
0.021155030691786494
0.0191053715936365
0.021186890677768102
0.019185021558590514
0.02123999065440411
0.01931777150018054
0.021160340689450097
0.0191106815913001
0.021160340689450097
0.019392111467470954
0.021117860708141287
0.019344321488498545
0.021208130668422503
0.019259361525880928
0.021101930715150485
0.019094751598309298
0.021261230645058516
0.019344321488498545
0.02133557061234893
0.019354941483825747
0.021107240712814085
0.019243431532890126
0.021309020624030926
0.019142541577281708
0.02122937065907691
0.019227501539899324
0.021070070729168878
0.019307151504853338
0.02108069072449608
0.019041651621673285
0.021340880610012533
0.01927529151887173
0.021112550710477688
0.019285911514198933
0.02127185064038572
0.01941335145812536
0.021048830738514476
0.01932308149784414
0.021096620717486886
0.019227501539899324
0.021149720694122895
0.019339011490834942
0.021255920647394917
0.019248741530553726
0.021314330621694525
0.01927529151887173
0.021112550710477688
0.01937087147681655
0.02101697075253287
0.0191053715936365
0.021149720694122895
0.01915847157027251
0.021155030691786494
0.019248741530553726
0.021165650687113697
0.019381491472143752
0.021133790701132093
0.019280601516535333
0.021277160638049318
0.01920626154924492
0.02098511076655126
0.019254051528217325
0.021319640619358128
0.019254051528217325
0.021303710626367326
0.019301841507189738
0.021202820670758904
0.019121301586627303
0.021091310719823283
0.019280601516535333
0.021208130668422503
0.01942928145111616
0.021314330621694525
0.019508931416070175
0.021202820670758904
0.019301841507189738
0.02105945073384168
0.019296531509526135
0.02124530065206771
0.019493001423079373
0.02106476073150528
0.01927529151887173
0.021091310719823283
0.01921157154690852
0.021043520740850873
0.019227501539899324
0.021351500605339736
0.019195641553917717
0.021186890677768102
0.019238121535226523
0.021043520740850873
0.019408041460461756
0.02124530065206771
0.019296531509526135
0.021096620717486886
0.019179711560926915
0.0211922006754317
0.019328391495507743
0.02133557061234893
0.01921157154690852
0.021091310719823283
0.019291221511862532
0.021155030691786494
0.01915847157027251
0.021165650687113697
0.019137231579618105
0.02123468065674051
0.01927529151887173
0.0211709606847773
0.01916909156559971
0.021186890677768102
0.019280601516535333
0.021186890677768102
0.019243431532890126
0.021149720694122895
0.019227501539899324
0.021181580680104502
0.019301841507189738
0.02102759074786007
0.019280601516535333
0.02103821074318727
0.019344321488498545
0.021043520740850873
0.01917440156326331
0.02105945073384168
0.01921157154690852
0.021314330621694525
0.019386801469807355
0.02086829081795204
0.01946645143476137
0.0211709606847773
0.019185021558590514
0.021006350757205666
0.01921157154690852
0.02103821074318727
0.01927529151887173
0.021112550710477688
0.01941335145812536
0.02112848070346849
0.019227501539899324
0.021001040759542067
0.01915847157027251
0.021309020624030926
0.019153161572608907
0.021165650687113697
0.019508931416070175
0.021144410696459292
0.01937618147448015
0.021070070729168878
0.019344321488498545
0.021197510673095304
0.019397421465134557
0.02128247063571292
0.01927529151887173
0.02102228075019647
0.019344321488498545
0.021006350757205666
0.01926467152354453
0.021160340689450097
0.019291221511862532
0.02122937065907691
0.01921688154457212
0.021107240712814085
0.019339011490834942
0.02124530065206771
0.019349631486162148
0.021086000722159683
0.019493001423079373
0.021255920647394917
0.019259361525880928
0.021139100698795692
0.01937087147681655
0.021101930715150485
0.01926467152354453
0.021213440666086106
0.019131921581954505
0.0211922006754317
0.019248741530553726
0.02103821074318727
0.019238121535226523
0.020995730761878464
0.019232811537562924
0.021340880610012533
0.01920626154924492
0.02103821074318727
0.019232811537562924
0.021117860708141287
0.019238121535226523
0.021070070729168878
0.019195641553917717
0.021001040759542067
0.019232811537562924
0.0211922006754317
0.019291221511862532
0.02105945073384168
0.01920626154924492
0.02105945073384168
0.01931777150018054
0.021086000722159683
0.01921157154690852
0.0211709606847773
0.01927529151887173
0.02101697075253287
0.019254051528217325
0.021133790701132093
0.01917440156326331
0.021117860708141287
0.01931777150018054
0.021155030691786494
0.019200951551581316
0.021202820670758904
0.019254051528217325
0.02121875066374971
0.019248741530553726
0.02127185064038572
0.019243431532890126
0.020953250780569654
0.01921157154690852
0.02103290074552367
0.019190331556254114
0.021001040759542067
0.019285911514198933
0.0211922006754317
0.01937618147448015
0.021181580680104502
0.019333701493171342
0.021086000722159683
0.019200951551581316
0.021181580680104502
0.019339011490834942
0.02101697075253287
0.01921157154690852
0.021043520740850873
0.019301841507189738
0.021404600581975745
0.01936556147915295
0.021160340689450097
0.019190331556254114
0.021303710626367326
0.019397421465134557
0.0211762706824409
0.01916909156559971
0.02129309063104012
0.0191053715936365
0.021123170705804887
0.019153161572608907
0.021139100698795692
0.01931246150251694
0.021048830738514476
0.01916378156793611
0.021197510673095304
0.019232811537562924
0.0211709606847773
0.019195641553917717
0.02124530065206771
0.01937618147448015
0.021213440666086106
0.019248741530553726
0.021091310719823283
0.01920626154924492
0.021070070729168878
0.01927529151887173
0.021330260614685327
0.019232811537562924
0.021086000722159683
0.01927529151887173
0.021277160638049318
0.019280601516535333
0.02122406066141331
0.019339011490834942
0.021208130668422503
0.019402731462798157
0.02103290074552367
0.019296531509526135
0.021123170705804887
0.019238121535226523
0.021091310719823283
0.019243431532890126
0.021006350757205666
0.019307151504853338
0.021250610649731314
0.019381491472143752
0.021144410696459292
0.0191159915889637
0.02122937065907691
0.019301841507189738
0.021112550710477688
0.019185021558590514
0.021155030691786494
0.01916909156559971
0.021043520740850873
0.019259361525880928
0.02124530065206771
0.01932308149784414
0.021186890677768102
0.019349631486162148
0.02108069072449608
0.019360251481489347
0.021112550710477688
0.01942928145111616
0.021001040759542067
0.019232811537562924
0.021096620717486886
0.01927529151887173
0.0211709606847773
0.019360251481489347
0.02123468065674051
0.01926467152354453
0.0211922006754317
0.019254051528217325
0.02107538072683248
0.01942928145111616
0.02106476073150528
0.019402731462798157
0.02103290074552367
0.01915847157027251
0.021133790701132093
0.01926467152354453
0.02102228075019647
0.019121301586627303
0.021043520740850873
0.01917440156326331
0.02103290074552367
0.01917440156326331
0.021303710626367326
0.019243431532890126
0.02122937065907691
0.019195641553917717
0.021144410696459292
0.019254051528217325
0.021149720694122895
0.019238121535226523
0.02129309063104012
0.01904696161933689
0.021255920647394917
0.019190331556254114
0.021202820670758904
0.01922219154223572
0.021255920647394917
0.019153161572608907
0.02096918077356046
0.0191106815913001
0.021149720694122895
0.01915847157027251
0.021319640619358128
0.01941866145578896
0.021112550710477688
0.019296531509526135
0.021213440666086106
0.019381491472143752
0.021101930715150485
0.019285911514198933
0.02122406066141331
0.01916909156559971
0.021202820670758904
0.019254051528217325
0.021298400628703723
0.019131921581954505
0.021054140736178076
0.019259361525880928
0.021309020624030926
0.019349631486162148
0.021314330621694525
0.019185021558590514
0.02121875066374971
0.019339011490834942
0.02101166075486927
0.019349631486162148
0.02102759074786007
0.019445211444106963
0.021043520740850873
0.019285911514198933
0.021155030691786494
0.019131921581954505
0.02103821074318727
0.019084131602982092
0.02127185064038572
0.019408041460461756
0.021096620717486886
0.019190331556254114
0.020947940782906054
0.019408041460461756
0.02123999065440411
0.01947707143008857
0.021261230645058516
0.019397421465134557
0.02105945073384168
0.01916378156793611
0.021165650687113697
0.019179711560926915
0.02101166075486927
0.019328391495507743
0.02126654064272212
0.019296531509526135
0.02102759074786007
0.019259361525880928
0.021091310719823283
0.01931777150018054
0.021112550710477688
0.019259361525880928
0.0211709606847773
0.019232811537562924
0.021213440666086106
0.019238121535226523
0.021133790701132093
0.019408041460461756
0.021070070729168878
0.019200951551581316
0.0211762706824409
0.019344321488498545
0.02097980076888766
0.019344321488498545
0.021197510673095304
0.019153161572608907
0.021186890677768102
0.019232811537562924
0.0211709606847773
0.019307151504853338
0.02107538072683248
0.019487691425415773
0.02123999065440411
0.01932308149784414
0.0211922006754317
0.019307151504853338
0.0211709606847773
0.019508931416070175
0.021250610649731314
0.019291221511862532
0.021117860708141287
0.019296531509526135
0.021144410696459292
0.01916378156793611
0.021261230645058516
0.019131921581954505
0.02123999065440411
0.019254051528217325
0.02122406066141331
0.01920626154924492
0.021208130668422503
0.01921688154457212
0.021112550710477688
0.01931777150018054
0.021314330621694525
0.01926998152120813
0.021155030691786494
0.01942397145345256
0.02108069072449608
0.019147851574945307
0.02102228075019647
0.019280601516535333
0.021006350757205666
0.01916909156559971
0.021165650687113697
0.019190331556254114
0.021048830738514476
0.01926467152354453
0.02123468065674051
0.019238121535226523
0.021144410696459292
0.019291221511862532
0.02105945073384168
0.01932308149784414
0.02124530065206771
0.019200951551581316
0.021160340689450097
0.019195641553917717
0.02121875066374971
0.019227501539899324
0.021086000722159683
0.01926467152354453
0.0211922006754317
0.01921688154457212
0.020974490771224062
0.01926998152120813
0.021101930715150485
0.019360251481489347
0.021001040759542067
0.01926998152120813
0.021181580680104502
0.01926998152120813
0.021096620717486886
0.019243431532890126
0.02108069072449608
0.019296531509526135
0.0211922006754317
0.019285911514198933
0.021107240712814085
0.01922219154223572
0.021043520740850873
0.01921688154457212
0.021096620717486886
0.01922219154223572
0.021165650687113697
0.019232811537562924
0.021160340689450097
0.019190331556254114
0.021117860708141287
0.019339011490834942
0.020990420764214864
0.019195641553917717
0.02101697075253287
0.019243431532890126
0.02107538072683248
0.01926467152354453
0.021144410696459292
0.019259361525880928
0.021155030691786494
0.019195641553917717
0.0211709606847773
0.01916378156793611
0.0211709606847773
0.019195641553917717
0.021043520740850873
0.019328391495507743
0.021208130668422503
0.01927529151887173
0.02096918077356046
0.019248741530553726
0.021277160638049318
0.01926467152354453
0.02112848070346849
0.01927529151887173
0.02121875066374971
0.019296531509526135
0.02129309063104012
0.019248741530553726
0.02128778063337652
0.019238121535226523
0.021165650687113697
0.019185021558590514
0.021149720694122895
0.0191159915889637
0.021112550710477688
0.01900979163569168
0.02123468065674051
0.019179711560926915
0.021117860708141287
0.019339011490834942
0.021186890677768102
0.01926467152354453
0.021133790701132093
0.019296531509526135
0.021086000722159683
0.019280601516535333
0.0211709606847773
0.019291221511862532
0.021107240712814085
0.019094751598309298
0.021107240712814085
0.01921157154690852
0.021133790701132093
0.019280601516535333
0.021149720694122895
0.019179711560926915
0.021160340689450097
0.019232811537562924
0.021091310719823283
0.019280601516535333
0.021117860708141287
0.01937618147448015
0.021070070729168878
0.01937087147681655
0.021186890677768102
0.019195641553917717
0.021149720694122895
0.019100061595972898
0.021160340689450097
0.01917440156326331
0.020932010789915252
0.019301841507189738
0.0211709606847773
0.019301841507189738
0.021112550710477688
0.01926998152120813
0.021160340689450097
0.01921157154690852
0.021181580680104502
0.019142541577281708
0.021086000722159683
0.019153161572608907
0.02106476073150528
0.01921157154690852
0.02122406066141331
0.01915847157027251
0.021186890677768102
0.01931246150251694
0.021091310719823283
0.019291221511862532
0.02122406066141331
0.019280601516535333
0.021091310719823283
0.019147851574945307
0.02126654064272212
0.01926467152354453
0.021112550710477688
0.019301841507189738
0.021139100698795692
0.019381491472143752
0.021048830738514476
0.01921157154690852
0.020947940782906054
0.01917440156326331
0.021123170705804887
0.019285911514198933
0.021250610649731314
0.01921157154690852
0.021144410696459292
0.01932308149784414
0.021155030691786494
0.019360251481489347
0.021139100698795692
0.019126611584290902
0.02103821074318727
0.019179711560926915
0.02123468065674051
0.019301841507189738
0.02121875066374971
0.019301841507189738
0.020974490771224062
0.019195641553917717
0.02127185064038572
0.01931777150018054
0.02122937065907691
0.0191106815913001
0.021202820670758904
0.019137231579618105
0.021117860708141287
0.019291221511862532
0.02101697075253287
0.01916909156559971
0.021096620717486886
0.01922219154223572
0.021208130668422503
0.019285911514198933
0.021107240712814085
0.01921157154690852
0.0211922006754317
0.01921688154457212
0.021101930715150485
0.01931777150018054
0.021372740595994137
0.01942397145345256
0.02112848070346849
0.019179711560926915
0.02102228075019647
0.01931777150018054
0.021202820670758904
0.019360251481489347
0.021117860708141287
0.019248741530553726
0.021393980586648542
0.019328391495507743
0.021133790701132093
0.01915847157027251
0.021139100698795692
0.019179711560926915
0.021086000722159683
0.0191053715936365
0.021096620717486886
0.019296531509526135
0.02112848070346849
0.019386801469807355
0.02106476073150528
0.01916378156793611
0.021054140736178076
0.019285911514198933
0.021186890677768102
0.01916378156793611
0.021255920647394917
0.01937087147681655
0.02091608079692445
0.019259361525880928
0.021197510673095304
0.019195641553917717
0.021261230645058516
0.019259361525880928
0.02101166075486927
0.01931246150251694
0.021096620717486886
0.019025721628682483
0.021048830738514476
0.019360251481489347
0.0211762706824409
0.019307151504853338
0.02105945073384168
0.019227501539899324
0.021186890677768102
0.019153161572608907
0.021101930715150485
0.019147851574945307
0.02097980076888766
0.019381491472143752
0.021165650687113697
0.01921157154690852
0.021197510673095304
0.019243431532890126
0.02102759074786007
0.019248741530553726
0.021155030691786494
0.019254051528217325
0.021123170705804887
0.019232811537562924
0.021096620717486886
0.01926467152354453
0.02128247063571292
0.019434591448779764
0.02122406066141331
0.019195641553917717
0.02107538072683248
0.01931777150018054
0.021117860708141287
0.019408041460461756
0.021213440666086106
0.019254051528217325
0.021309020624030926
0.019254051528217325
0.02105945073384168
0.01926998152120813
0.02103290074552367
0.01926467152354453
0.021043520740850873
0.019296531509526135
0.021070070729168878
0.019349631486162148
0.021139100698795692
0.01941866145578896
0.0211922006754317
0.019291221511862532
0.02121875066374971
0.019291221511862532
0.02139929058431214
0.019248741530553726
0.021160340689450097
0.019307151504853338
0.02122937065907691
0.019291221511862532
0.021091310719823283
0.01921688154457212
0.021001040759542067
0.019498311420742976
0.020926700792251653
0.01926467152354453
0.021208130668422503
0.01937087147681655
0.021054140736178076
0.019360251481489347
0.021117860708141287
0.019179711560926915
0.02102228075019647
0.01917440156326331
0.021155030691786494
0.019333701493171342
0.02102228075019647
0.01915847157027251
0.0211762706824409
0.019349631486162148
0.021107240712814085
0.01922219154223572
0.021091310719823283
0.01931246150251694
0.021112550710477688
0.01922219154223572
0.02128778063337652
0.019200951551581316
0.021202820670758904
0.019238121535226523
0.021054140736178076
0.019285911514198933
0.0211762706824409
0.019307151504853338
0.021165650687113697
0.019333701493171342
0.021165650687113697
0.019100061595972898
0.021112550710477688
0.019333701493171342
0.021054140736178076
0.019296531509526135
0.02107538072683248
0.019408041460461756
0.021133790701132093
0.01926467152354453
0.021208130668422503
0.019291221511862532
0.021149720694122895
0.019200951551581316
0.0211709606847773
0.019344321488498545
0.021096620717486886
0.019190331556254114
0.021096620717486886
0.019408041460461756
0.0211922006754317
0.019232811537562924
0.021139100698795692
0.019126611584290902
0.021123170705804887
0.019137231579618105
0.02097980076888766
0.019402731462798157
0.02106476073150528
0.01922219154223572
0.021144410696459292
0.019200951551581316
0.021149720694122895
0.019333701493171342
0.02092139079458805
0.019301841507189738
0.021213440666086106
0.019227501539899324
0.020942630785242455
0.01931777150018054
0.02102228075019647
0.01922219154223572
0.021155030691786494
0.019285911514198933
0.021197510673095304
0.019243431532890126
0.021277160638049318
0.01926467152354453
0.021117860708141287
0.019301841507189738
0.021144410696459292
0.019397421465134557
0.021181580680104502
0.019285911514198933
0.021255920647394917
0.019296531509526135
0.02105945073384168
0.019285911514198933
0.021133790701132093
0.019142541577281708
0.021202820670758904
0.019238121535226523
0.02101166075486927
0.01927529151887173
0.020889530808606446
0.01937618147448015
0.021112550710477688
0.019354941483825747
0.021144410696459292
0.019259361525880928
0.021149720694122895
0.01927529151887173
0.021086000722159683
0.019084131602982092
0.02121875066374971
0.019185021558590514
0.021165650687113697
0.019238121535226523
0.02123468065674051
0.019339011490834942
0.02122406066141331
0.019185021558590514
0.021086000722159683
0.019147851574945307
0.021006350757205666
0.019360251481489347
0.021101930715150485
0.019232811537562924
0.021048830738514476
0.01920626154924492
0.021086000722159683
0.01941335145812536
0.021091310719823283
0.01921688154457212
0.021139100698795692
0.019301841507189738
0.02102228075019647
0.019301841507189738
0.021160340689450097
0.019339011490834942
0.02123468065674051
0.01926467152354453
0.021112550710477688
0.01922219154223572
0.021054140736178076
0.01922219154223572
0.02108069072449608
0.01927529151887173
0.021181580680104502
0.01932308149784414
0.02102759074786007
0.019147851574945307
0.021112550710477688
0.019227501539899324
0.02128778063337652
0.019200951551581316
0.02105945073384168
0.01922219154223572
0.021086000722159683
0.019285911514198933
0.02096387077589686
0.01942928145111616
0.021324950617021728
0.01922219154223572
0.021155030691786494
0.01921688154457212
0.021255920647394917
0.01917440156326331
0.021202820670758904
0.01926998152120813
0.02107538072683248
0.019243431532890126
0.02108069072449608
0.019248741530553726
0.0211762706824409
0.019147851574945307
0.021250610649731314
0.019227501539899324
0.021006350757205666
0.019285911514198933
0.021155030691786494
0.019100061595972898
0.021070070729168878
0.019238121535226523
0.021091310719823283
0.019232811537562924
0.021213440666086106
0.01920626154924492
0.021133790701132093
0.019227501539899324
0.02123999065440411
0.019291221511862532
0.0211709606847773
0.01931777150018054
0.02102759074786007
0.01917440156326331
0.02101166075486927
0.019142541577281708
0.02112848070346849
0.01931246150251694
0.02112848070346849
0.01942397145345256
0.02103290074552367
0.019248741530553726
0.021096620717486886
0.019227501539899324
0.02124530065206771
0.01922219154223572
0.021112550710477688
0.019360251481489347
0.021117860708141287
0.01906289161232769
0.02122937065907691
0.019285911514198933
0.02107538072683248
0.01931777150018054
0.02107538072683248
0.019232811537562924
0.02101166075486927
0.01922219154223572
0.021303710626367326
0.019238121535226523
0.021197510673095304
0.01921157154690852
0.0211709606847773
0.019291221511862532
0.021160340689450097
0.019227501539899324
0.02127185064038572
0.01926998152120813
0.02123468065674051
0.01931246150251694
0.02123999065440411
0.019339011490834942
0.021139100698795692
0.01920626154924492
0.020990420764214864
0.01916909156559971
0.02112848070346849
0.019402731462798157
0.02122406066141331
0.019232811537562924
0.021091310719823283
0.01936556147915295
0.020894840806270045
0.019243431532890126
0.021133790701132093
0.019248741530553726
0.021101930715150485
0.01926998152120813
0.021139100698795692
0.01931246150251694
0.02126654064272212
0.01921688154457212
0.021123170705804887
0.01937087147681655
0.02102759074786007
0.019084131602982092
0.02103290074552367
0.01931246150251694
0.021117860708141287
0.01932308149784414
0.02123468065674051
0.019386801469807355
0.021165650687113697
0.019386801469807355
0.021048830738514476
0.019232811537562924
0.02107538072683248
0.01936556147915295
0.02101697075253287
0.019227501539899324
0.021250610649731314
0.019296531509526135
0.02103290074552367
0.019445211444106963
0.02122937065907691
0.019195641553917717
0.021202820670758904
0.019232811537562924
0.021112550710477688
0.01901510163335528
0.02122406066141331
0.019285911514198933
0.021101930715150485
0.019179711560926915
0.02105945073384168
0.019100061595972898
0.02107538072683248
0.01926998152120813
0.021117860708141287
0.01906289161232769
0.02108069072449608
0.019301841507189738
0.021048830738514476
0.019254051528217325
0.021261230645058516
0.019296531509526135
0.021213440666086106
0.019020411631018884
0.02108069072449608
0.0191159915889637
0.021181580680104502
0.01926467152354453
0.021112550710477688
0.019227501539899324
0.02106476073150528
0.01931246150251694
0.021001040759542067
0.019333701493171342
0.021155030691786494
0.0191106815913001
0.02095856077823326
0.01942928145111616
0.0211762706824409
0.019307151504853338
0.02122406066141331
0.01937618147448015
0.021070070729168878
0.01917440156326331
0.02121875066374971
0.019142541577281708
0.0211762706824409
0.019254051528217325
0.021181580680104502
0.019243431532890126
0.021303710626367326
0.01932308149784414
0.021086000722159683
0.01926467152354453
0.021133790701132093
0.019142541577281708
0.021149720694122895
0.01932308149784414
0.02112848070346849
0.019084131602982092
0.02122406066141331
0.019195641553917717
0.021070070729168878
0.019195641553917717
0.020990420764214864
0.019126611584290902
0.021186890677768102
0.01927529151887173
0.02107538072683248
0.01916378156793611
0.02103290074552367
0.019339011490834942
0.021117860708141287
0.01937087147681655
0.021186890677768102
0.01917440156326331
0.021165650687113697
0.01920626154924492
0.021117860708141287
0.01916909156559971
0.021165650687113697
0.019445211444106963
0.02103821074318727
0.019301841507189738
0.021149720694122895
0.019248741530553726
0.020953250780569654
0.019259361525880928
0.021139100698795692
0.019190331556254114
0.021123170705804887
0.019296531509526135
0.021043520740850873
0.01926998152120813
0.021340880610012533
0.01922219154223572
0.021133790701132093
0.019392111467470954
0.02121875066374971
0.019296531509526135
0.021048830738514476
0.01927529151887173
0.021202820670758904
0.01941335145812536
0.021107240712814085
0.01937087147681655
0.02122406066141331
0.019360251481489347
0.021086000722159683
0.01915847157027251
0.02091608079692445
0.019200951551581316
0.020995730761878464
0.019285911514198933
0.021133790701132093
0.019195641553917717
0.021123170705804887
0.01937087147681655
0.021186890677768102
0.019349631486162148
0.021144410696459292
0.01931246150251694
0.021001040759542067
0.019280601516535333
0.021133790701132093
0.019232811537562924
0.02101697075253287
0.019179711560926915
0.021133790701132093
0.019339011490834942
0.020974490771224062
0.019190331556254114
0.02102759074786007
0.019131921581954505
0.02112848070346849
0.01926998152120813
0.021277160638049318
0.019360251481489347
0.02121875066374971
0.01926998152120813
0.021123170705804887
0.01931777150018054
0.021112550710477688
0.01947176143242497
0.02096387077589686
0.019254051528217325
0.021277160638049318
0.019254051528217325
0.02123468065674051
0.019232811537562924
0.02129309063104012
0.019179711560926915
0.021213440666086106
0.019360251481489347
0.021208130668422503
0.019232811537562924
0.021043520740850873
0.019243431532890126
0.021149720694122895
0.019301841507189738
0.02103821074318727
0.019344321488498545
0.020990420764214864
0.019248741530553726
0.021101930715150485
0.019195641553917717
0.021144410696459292
0.019296531509526135
0.02102228075019647
0.019227501539899324
0.021133790701132093
0.01927529151887173
0.021043520740850873
0.01947707143008857
0.021101930715150485
0.01916909156559971
0.02106476073150528
0.019227501539899324
0.021070070729168878
0.019344321488498545
0.021070070729168878
0.019195641553917717
0.02102228075019647
0.019307151504853338
0.021250610649731314
0.01927529151887173
0.021117860708141287
0.01917440156326331
0.021181580680104502
0.019227501539899324
0.02122937065907691
0.019195641553917717
0.02126654064272212
0.01931777150018054
0.02095856077823326
0.019190331556254114
0.021160340689450097
0.019344321488498545
0.021006350757205666
0.019254051528217325
0.021043520740850873
0.01926998152120813
0.02106476073150528
0.019200951551581316
0.021086000722159683
0.019243431532890126
0.021340880610012533
0.019200951551581316
0.021101930715150485
0.019445211444106963
0.021001040759542067
0.019254051528217325
0.0211762706824409
0.019190331556254114
0.021208130668422503
0.019025721628682483
0.021213440666086106
0.01922219154223572
0.02112848070346849
0.019232811537562924
0.021054140736178076
0.0191159915889637
0.021197510673095304
0.019301841507189738
0.021165650687113697
0.019190331556254114
0.02097980076888766
0.019392111467470954
0.02122937065907691
0.01926998152120813
0.02112848070346849
0.019328391495507743
0.021165650687113697
0.019285911514198933
0.021277160638049318
0.01921688154457212
0.021086000722159683
0.01922219154223572
0.02108069072449608
0.019307151504853338
0.02103290074552367
0.019307151504853338
0.02112848070346849
0.01927529151887173
0.021107240712814085
0.01926467152354453
0.021165650687113697
0.019381491472143752
0.021208130668422503
0.019280601516535333
0.021186890677768102
0.019301841507189738
0.02122406066141331
0.019434591448779764
0.021139100698795692
0.01927529151887173
0.021330260614685327
0.019344321488498545
0.021197510673095304
0.019195641553917717
0.021181580680104502
0.019307151504853338
0.021346190607676133
0.019238121535226523
0.021086000722159683
0.019179711560926915
0.02128778063337652
0.019339011490834942
0.021208130668422503
0.019349631486162148
0.020974490771224062
0.019333701493171342
0.02105945073384168
0.019142541577281708
0.0211762706824409
0.019360251481489347
0.02108069072449608
0.019402731462798157
0.02112848070346849
0.019073511607654893
0.021006350757205666
0.019089441600645695
0.021043520740850873
0.019333701493171342
0.02105945073384168
0.019137231579618105
0.02108069072449608
0.01931777150018054
0.0211762706824409
0.01932308149784414
0.021107240712814085
0.019339011490834942
0.021096620717486886
0.019238121535226523
0.021117860708141287
0.019185021558590514
0.021139100698795692
0.019243431532890126
0.02124530065206771
0.01932308149784414
0.021048830738514476
0.019147851574945307
0.02103821074318727
0.019514241413733778
0.021208130668422503
0.01920626154924492
0.02121875066374971
0.019333701493171342
0.021202820670758904
0.01915847157027251
0.0211922006754317
0.019190331556254114
0.021107240712814085
0.019296531509526135
0.021070070729168878
0.01926467152354453
0.021202820670758904
0.019280601516535333
0.021213440666086106
0.019280601516535333
0.02112848070346849
0.01927529151887173
0.020926700792251653
0.019200951551581316
0.021091310719823283
0.019354941483825747
0.021213440666086106
0.019349631486162148
0.02102228075019647
0.019349631486162148
0.021091310719823283
0.01931777150018054
0.021117860708141287
0.019445211444106963
0.021107240712814085
0.019254051528217325
0.02122937065907691
0.019392111467470954
0.021181580680104502
0.01921157154690852
0.021070070729168878
0.01921688154457212
0.021309020624030926
0.019461141437097765
0.021202820670758904
0.019386801469807355
0.021202820670758904
0.01946645143476137
0.02097980076888766
0.01927529151887173
0.021139100698795692
0.01926467152354453
0.021298400628703723
0.019259361525880928
0.021330260614685327
0.019307151504853338
0.02101166075486927
0.01906289161232769
0.021351500605339736
0.019131921581954505
0.021181580680104502
0.019227501539899324
0.021054140736178076
0.019142541577281708
0.021213440666086106
0.01937618147448015
0.021314330621694525
0.01931246150251694
0.02122406066141331
0.01932308149784414
0.021107240712814085
0.019301841507189738
0.020878910813279243
0.019307151504853338
0.021070070729168878
0.019333701493171342
0.02128247063571292
0.019296531509526135
0.02103821074318727
0.0191106815913001
0.021144410696459292
0.019254051528217325
0.021165650687113697
0.01921688154457212
0.02112848070346849
0.01926998152120813
0.021346190607676133
0.01936556147915295
0.021048830738514476
0.019349631486162148
0.021070070729168878
0.019190331556254114
0.021160340689450097
0.01927529151887173
0.021086000722159683
0.019349631486162148
0.02123999065440411
0.01936556147915295
0.02096918077356046
0.019254051528217325
0.020995730761878464
0.01920626154924492
0.021070070729168878
0.01937087147681655
0.021139100698795692
0.01915847157027251
0.0211709606847773
0.019073511607654893
0.021107240712814085
0.019195641553917717
0.021202820670758904
0.01922219154223572
0.02123468065674051
0.01922219154223572
0.021123170705804887
0.01917440156326331
0.021160340689450097
0.019344321488498545
0.021133790701132093
0.019285911514198933
0.02121875066374971
0.019179711560926915
0.021144410696459292
0.019339011490834942
0.021112550710477688
0.01917440156326331
0.02101697075253287
0.019408041460461756
0.0211762706824409
0.019243431532890126
0.021123170705804887
0.019307151504853338
0.02108069072449608
0.019259361525880928
0.021070070729168878
0.01915847157027251
0.02107538072683248
0.01916378156793611
0.021155030691786494
0.019094751598309298
0.02112848070346849
0.019185021558590514
0.02108069072449608
0.019280601516535333
0.021155030691786494
0.019333701493171342
0.021250610649731314
0.019360251481489347
0.02101697075253287
0.01927529151887173
0.02123999065440411
0.01906820160999129
0.020995730761878464
0.01931246150251694
0.021070070729168878
0.019052271617000488
0.02123999065440411
0.019259361525880928
0.0211709606847773
0.019349631486162148
0.02103290074552367
0.01921157154690852
0.02093732078757885
0.019179711560926915
0.02126654064272212
0.019232811537562924
0.02126654064272212
0.019461141437097765
0.021101930715150485
0.019232811537562924
0.02127185064038572
0.01917440156326331
0.02107538072683248
0.019227501539899324
0.02124530065206771
0.01920626154924492
0.02112848070346849
0.01926467152354453
0.020953250780569654
0.01920626154924492
0.021070070729168878
0.01942397145345256
0.02112848070346849
0.01916909156559971
0.021070070729168878
0.01927529151887173
0.02093732078757885
0.019254051528217325
0.021186890677768102
0.019344321488498545
0.020990420764214864
0.019227501539899324
0.021160340689450097
0.019259361525880928
0.021144410696459292
0.019307151504853338
0.02103821074318727
0.01931777150018054
0.021001040759542067
0.019238121535226523
0.021197510673095304
0.01931777150018054
0.020942630785242455
0.019381491472143752
0.021197510673095304
0.01922219154223572
0.02108069072449608
0.01921688154457212
0.021001040759542067
0.019248741530553726
0.020942630785242455
0.019227501539899324
0.02098511076655126
0.019307151504853338
0.021096620717486886
0.01906820160999129
0.02102228075019647
0.01931777150018054
0.021117860708141287
0.019142541577281708
0.02127185064038572
0.01917440156326331
0.020974490771224062
0.01916909156559971
0.02112848070346849
0.019296531509526135
0.021043520740850873
0.019280601516535333
0.02102228075019647
0.01921688154457212
0.0211922006754317
0.019291221511862532
0.02098511076655126
0.019307151504853338
0.021165650687113697
0.019153161572608907
0.021043520740850873
0.01920626154924492
0.02128247063571292
0.019254051528217325
0.021186890677768102
0.01922219154223572
0.02108069072449608
0.01932308149784414
0.021144410696459292
0.01921688154457212
0.021149720694122895
0.019200951551581316
0.0211922006754317
0.019354941483825747
0.021117860708141287
0.01921157154690852
0.021112550710477688
0.019333701493171342
0.021202820670758904
0.019402731462798157
0.021165650687113697
0.019392111467470954
0.021133790701132093
0.01920626154924492
0.021096620717486886
0.01916378156793611
0.021043520740850873
0.019360251481489347
0.02122406066141331
0.019360251481489347
0.021070070729168878
0.019078821605318493
0.020878910813279243
0.019344321488498545
0.021202820670758904
0.01931246150251694
0.021133790701132093
0.01916909156559971
0.021070070729168878
0.019344321488498545
0.02112848070346849
0.019254051528217325
0.021160340689450097
0.019280601516535333
0.02097980076888766
0.019248741530553726
0.021149720694122895
0.01937618147448015
0.021070070729168878
0.019185021558590514
0.02122937065907691
0.019232811537562924
0.021133790701132093
0.019089441600645695
0.0211762706824409
0.01920626154924492
0.021160340689450097
0.01941335145812536
0.02107538072683248
0.01921688154457212
0.02086829081795204
0.014857373462755676
0.004678107941632506
0.0007327796775769418
0.0009770395701025891
-0.0005894097406597141
0.0002442598925256473
-0.00010619995327202056
0.00039293982710647606
-0.0004460398037424863
0.0002442598925256473
-0.00033452985280686475
0.000191159915889637
-0.0004991397803784966
0.0003185998598160617
-0.0004725897920604915
0.00022301990187124316
-0.0003982498247700771
0.00013805993925362673
-0.00037169983645207196
0.00020177991121683906
-0.0005203797710329007
2.654998831800514e-05
-0.0006690597056137295
0.00023363989719844523
-0.00045134980140608736
0.00020177991121683906
-0.0002920498714980565
0.00021770990420764215
-0.0006265797243049213
0.0002654998831800514
-0.00040886982009727917
-4.2479981308808224e-05
-0.0004460398037424863
2.1239990654404112e-05
-0.0006478197149593254
0.00010619995327202056
-0.00029735986916165755
0.000377009834115673
-0.0004991397803784966
3.185998598160617e-05
-0.00045134980140608736
0.00012743994392642468
-0.0004460398037424863
9.55799579448185e-05
-0.0003292198551432637
0.0002708098808436524
-0.00040886982009727917
0.00010619995327202056
-0.0005469297593509059
0.0002708098808436524
-0.0006743697032773305
7.964996495401542e-05
-0.0004566597990696884
9.026996028121747e-05
-0.0004460398037424863
0.00011150995093562158
-0.0004778997897240925
-2.654998831800514e-05
-0.0005309997663601028
0.00026018988551645034
-0.00046727979439689047
0.0002442598925256473
-0.0004725897920604915
0.00011150995093562158
-0.00035045984579766787
0.00016460992757163186
-0.0004354198084152843
0.00031328986215246066
-0.00045134980140608736
9.55799579448185e-05
-0.000387629829442875
0.0001699199252352329
-0.0005363097640237038
0.0002123999065440411
-0.0004832097873876935
0.00014867993458082877
-0.0003982498247700771
0.0001539899322444298
-0.0003292198551432637
0.00010088995560841953
-0.0004354198084152843
0.0001539899322444298
-0.000562859752341709
0.00013805993925362673
-0.00044072980607888534
0.00014867993458082877
-0.0004247998130880822
0.00026018988551645034
-0.0003239098574796627
2.654998831800514e-05
-0.0006690597056137295
0.00023363989719844523
-0.00039293982710647606
0.00020708990888044008
-0.00046196979673328943
0.0002442598925256473
-0.00056816975000531
0.00020708990888044008
-0.0003610798411248699
0.000377009834115673
-0.0003026698668252586
0.00035576984346126885
-0.0004885197850512946
0.00010619995327202056
-0.0005363097640237038
0.00012212994626282364
-0.0005044497780420977
0.00012212994626282364
-0.000382319831779274
0.00039293982710647606
-0.0003982498247700771
0.00019646991355323803
-0.0003663898387884709
0.00022301990187124316
-0.0006212697266413203
2.654998831800514e-05
-0.00046196979673328943
0.0003239098574796627
-0.00040355982243367813
0.0004247998130880822
-0.0003079798644888596
-1.5929992990803085e-05
-0.0003663898387884709
0.00012212994626282364
-0.0003398398504704658
0.0003185998598160617
-0.00044072980607888534
0.00043010981075168326
-0.000382319831779274
0.00021770990420764215
-0.0004725897920604915
0.0002814298761708545
-0.00023894989486204624
0.00011150995093562158
-0.00041417981776088015
0.00026018988551645034
-0.0005097597757056987
0.0003185998598160617
-0.0004832097873876935
0.0003398398504704658
-0.0004832097873876935
0.00020177991121683906
-0.0004460398037424863
5.840997429961131e-05
-0.00046727979439689047
0.00020708990888044008
-0.0003079798644888596
0.00029735986916165755
-0.0003398398504704658
0.00013805993925362673
-0.00023363989719844523
0.000382319831779274
-0.0003663898387884709
0.0003079798644888596
-0.0003079798644888596
0.0003185998598160617
-0.000377009834115673
0.00033452985280686475
-0.0005097597757056987
0.0003026698668252586
-0.0003663898387884709
0.0001327499415900257
-0.000377009834115673
0.0003292198551432637
-0.0004194898154244812
0.00015929992990803085
-0.0003185998598160617
0.00041417981776088015
-0.0002442598925256473
0.0002283298995348442
-0.00040355982243367813
0.00012212994626282364
-0.0002654998831800514
0.0003398398504704658
-0.0003079798644888596
9.55799579448185e-05
-0.0002920498714980565
0.0001699199252352329
-0.0003026698668252586
0.0002654998831800514
-0.0003663898387884709
0.00021770990420764215
-0.0005097597757056987
0.00014336993691722776
-0.00040886982009727917
5.309997663601028e-06
-0.00034514984813406683
0.00018584991822603598
-0.0003982498247700771
0.0003398398504704658
-0.00027611987850725345
0.00017522992289883393
-0.0003026698668252586
0.0001539899322444298
-0.0002920498714980565
0.00014867993458082877
-0.0002708098808436524
0.00045134980140608736
-0.00031328986215246066
0.0002708098808436524
-0.00035045984579766787
0.0003239098574796627
-0.000387629829442875
0.0003079798644888596
-0.0002495698901892483
0.00033452985280686475
-0.00021770990420764215
0.0004247998130880822
-0.00029735986916165755
0.00023894989486204624
-0.0003610798411248699
0.00026018988551645034
-0.0003185998598160617
0.00031328986215246066
-0.0002654998831800514
0.00041417981776088015
-0.0002708098808436524
0.00033452985280686475
-0.00040355982243367813
0.0004566597990696884
-0.00041417981776088015
0.00027611987850725345
-0.000377009834115673
0.00012212994626282364
-0.0003610798411248699
0.0002867398738344555
-0.0004991397803784966
0.00031328986215246066
-0.0004194898154244812
0.0002654998831800514
-0.000191159915889637
0.00026018988551645034
-0.0001699199252352329
0.0003610798411248699
-0.0005097597757056987
0.00022301990187124316
-0.0004247998130880822
0.0003026698668252586
-0.00040355982243367813
0.00040355982243367813
-0.0002495698901892483
0.0002283298995348442
-0.00031328986215246066
0.00020708990888044008
-0.0003663898387884709
0.0001327499415900257
-0.0002708098808436524
0.00031328986215246066
-0.0004354198084152843
0.00044072980607888534
-0.0002814298761708545
0.00011681994859922262
-0.0004725897920604915
0.0002867398738344555
-0.00035045984579766787
0.00015929992990803085
-0.0002442598925256473
0.0002867398738344555
-0.00016460992757163186
0.00023363989719844523
-0.0003079798644888596
0.00010088995560841953
-0.00041417981776088015
0.00018053992056243494
-0.0002814298761708545
0.00012743994392642468
-0.0003239098574796627
0.0002442598925256473
-0.000377009834115673
0.0002654998831800514
-0.00026018988551645034
0.00041417981776088015
-0.0003079798644888596
0.0002442598925256473
-0.0003610798411248699
0.00023894989486204624
-0.0002283298995348442
0.0001327499415900257
-0.00034514984813406683
0.0003292198551432637
-0.00019646991355323803
0.0003610798411248699
-0.0004566597990696884
0.00010088995560841953
-0.0002123999065440411
0.00015929992990803085
-0.00040886982009727917
0.0003079798644888596
-0.0004566597990696884
0.000191159915889637
-0.00017522992289883393
0.0003185998598160617
-0.0003398398504704658
0.0001327499415900257
-0.00029735986916165755
0.0002814298761708545
-0.00040355982243367813
0.00034514984813406683
-0.0003610798411248699
0.0002283298995348442
-0.0002920498714980565
0.0002708098808436524
-0.0003398398504704658
0.0003398398504704658
-0.00020708990888044008
0.0002920498714980565
-0.0003663898387884709
0.0003982498247700771
-0.00026018988551645034
0.0002920498714980565
-0.00011681994859922262
0.0003026698668252586
-0.0003292198551432637
0.00040886982009727917
-0.000382319831779274
9.026996028121747e-05
-0.00033452985280686475
0.0002920498714980565
-0.0003185998598160617
0.00031328986215246066
-0.0003079798644888596
0.0004247998130880822
-0.00034514984813406683
0.0003239098574796627
-0.00031328986215246066
0.0002495698901892483
-0.00013805993925362673
0.00017522992289883393
-0.0003079798644888596
0.0004566597990696884
-0.0002283298995348442
0.00029735986916165755
-0.000382319831779274
0.00017522992289883393
-0.0001539899322444298
0.00016460992757163186
-0.00033452985280686475
0.00023363989719844523
-0.0005203797710329007
0.0004778997897240925
-0.00023363989719844523
0.00026018988551645034
-0.0004247998130880822
0.00023363989719844523
-0.0002708098808436524
0.00027611987850725345
-0.00033452985280686475
0.0004194898154244812
-0.0003610798411248699
0.00044072980607888534
-0.0002867398738344555
0.00021770990420764215
-0.0003398398504704658
0.00023363989719844523
-0.00039293982710647606
0.00035576984346126885
-0.00033452985280686475
0.00025487988785284936
-0.00025487988785284936
0.0003292198551432637
-0.0002283298995348442
0.0003026698668252586
-0.00043010981075168326
0.00029735986916165755
-0.00031328986215246066
0.00021770990420764215
-0.00013805993925362673
0.00035045984579766787
-0.0002442598925256473
0.0002442598925256473
-0.0005044497780420977
0.000382319831779274
-0.00023363989719844523
0.0003982498247700771
-0.00035576984346126885
0.00018053992056243494
-0.00021770990420764215
0.00023894989486204624
-0.00023894989486204624
0.00037169983645207196
-0.00033452985280686475
0.00046727979439689047
-0.0002654998831800514
0.00039293982710647606
-0.00035576984346126885
0.0003079798644888596
-0.0003026698668252586
0.00035045984579766787
-0.00029735986916165755
0.00033452985280686475
-0.00043010981075168326
0.0004194898154244812
-0.00021770990420764215
0.0002867398738344555
-0.00034514984813406683
0.00035045984579766787
-0.0002867398738344555
0.00019646991355323803
-0.0002814298761708545
0.00015929992990803085
-0.0002283298995348442
0.00023894989486204624
-0.0003398398504704658
0.0003982498247700771
-0.000387629829442875
0.00018053992056243494
-0.0004194898154244812
0.00027611987850725345
-0.000191159915889637
0.0004247998130880822
-9.55799579448185e-05
0.0002708098808436524
-0.00029735986916165755
0.00025487988785284936
-0.0003982498247700771
0.00023363989719844523
-0.00040355982243367813
0.0003185998598160617
-0.00035576984346126885
0.00011681994859922262
-0.0002920498714980565
0.00031328986215246066
-0.00019646991355323803
0.0003982498247700771
-0.00026018988551645034
0.0002867398738344555
-0.0003079798644888596
0.0001539899322444298
-0.00033452985280686475
0.0002814298761708545
-0.0002283298995348442
0.0002814298761708545
-0.00021770990420764215
0.00034514984813406683
-0.0003239098574796627
0.00018053992056243494
-0.0003663898387884709
0.0003292198551432637
-0.0004566597990696884
0.000562859752341709
-0.00031328986215246066
0.0003292198551432637
-0.00031328986215246066
0.00040886982009727917
-0.0003663898387884709
0.000387629829442875
-0.00019646991355323803
0.00027611987850725345
-0.0002495698901892483
0.00035576984346126885
-0.00033452985280686475
0.0004832097873876935
-0.0003398398504704658
0.00037169983645207196
-0.0003079798644888596
0.00031328986215246066
-0.00021770990420764215
0.0004566597990696884
-0.0003610798411248699
0.0003398398504704658
-0.0003663898387884709
0.00017522992289883393
-0.0002495698901892483
0.00029735986916165755
-0.0005256897686965017
0.0002814298761708545
-0.00020708990888044008
0.0003185998598160617
-0.0003982498247700771
0.0002814298761708545
-0.0001539899322444298
0.0002867398738344555
-0.00016460992757163186
0.0002867398738344555
-0.0002495698901892483
0.00043010981075168326
-0.0002814298761708545
0.0003079798644888596
-0.00018584991822603598
0.0004725897920604915
-0.00018053992056243494
0.0003292198551432637
-0.0003663898387884709
0.0003292198551432637
-0.0002867398738344555
0.0002708098808436524
-0.00027611987850725345
0.0004725897920604915
-0.00013805993925362673
0.0004991397803784966
-0.00014336993691722776
0.0002867398738344555
-0.00017522992289883393
0.00023894989486204624
-0.00022301990187124316
0.00021770990420764215
-0.0003026698668252586
0.00046727979439689047
-0.000377009834115673
0.00037169983645207196
-0.0003079798644888596
0.00023363989719844523
-0.00023363989719844523
0.00033452985280686475
-0.0002920498714980565
0.00041417981776088015
-0.0003398398504704658
0.0003079798644888596
-0.0002867398738344555
0.0002654998831800514
-0.00025487988785284936
0.0002708098808436524
-0.00040355982243367813
0.0003292198551432637
-0.0003026698668252586
0.00026018988551645034
-0.00014867993458082877
0.00041417981776088015
-0.0004247998130880822
0.00026018988551645034
-0.00012743994392642468
0.00020708990888044008
-0.0003663898387884709
0.00040886982009727917
-0.00031328986215246066
0.0002495698901892483
-0.00037169983645207196
0.00027611987850725345
-0.00044072980607888534
0.00046727979439689047
-0.0003026698668252586
0.00039293982710647606
-0.0002708098808436524
0.0003079798644888596
-0.00022301990187124316
0.00010088995560841953
-0.00017522992289883393
0.0004991397803784966
-0.00017522992289883393
0.0002920498714980565
-0.0002495698901892483
0.0002495698901892483
-0.000191159915889637
0.000382319831779274
-0.00029735986916165755
0.0005203797710329007
-0.00027611987850725345
0.00020177991121683906
-0.00025487988785284936
0.00031328986215246066
-0.000377009834115673
0.000382319831779274
-0.00039293982710647606
0.0004991397803784966
-0.00039293982710647606
0.00021770990420764215
-0.0001539899322444298
0.000382319831779274
-0.0002708098808436524
0.0003610798411248699
-0.0002814298761708545
0.0004778997897240925
-0.00037169983645207196
0.0002814298761708545
-0.0003610798411248699
0.00023894989486204624
-0.00039293982710647606
0.0002495698901892483
-0.0004725897920604915
0.0002814298761708545
-0.0002654998831800514
0.00025487988785284936
-0.00021770990420764215
0.0003398398504704658
-0.00046196979673328943
0.00043010981075168326
-0.0003239098574796627
0.0003398398504704658
-0.0002920498714980565
0.00040886982009727917
-0.00018584991822603598
0.00044072980607888534
-0.0003026698668252586
0.0002920498714980565
-0.00037169983645207196
0.00012212994626282364
-0.0002123999065440411
0.0003982498247700771
-0.000382319831779274
0.0003292198551432637
-0.00018584991822603598
0.0005203797710329007
-0.00026018988551645034
0.0003079798644888596
-0.0002920498714980565
0.00029735986916165755
-0.00026018988551645034
0.00040886982009727917
-0.0002495698901892483
0.00035576984346126885
-0.00015929992990803085
0.0001539899322444298
-0.00034514984813406683
0.000377009834115673
-0.0001327499415900257
0.0003026698668252586
-0.00020708990888044008
0.0003026698668252586
-0.00018053992056243494
0.0003079798644888596
-0.0003079798644888596
0.00035045984579766787
-0.0002495698901892483
0.00023363989719844523
-0.0002920498714980565
0.0003239098574796627
-0.00010088995560841953
0.000382319831779274
-0.00040355982243367813
0.00039293982710647606
-0.00015929992990803085
0.0001539899322444298
-0.0003663898387884709
0.0002920498714980565
-0.0005309997663601028
0.0005787897453325121
-0.0003663898387884709
0.00039293982710647606
-0.00020177991121683906
0.000382319831779274
-0.0002123999065440411
5.840997429961131e-05
-0.00037169983645207196
0.0003026698668252586
-0.0002123999065440411
0.0003610798411248699
-0.00035576984346126885
0.0003610798411248699
-0.00022301990187124316
0.0003292198551432637
-0.0002814298761708545
0.0002442598925256473
-0.00022301990187124316
0.0005044497780420977
-0.00022301990187124316
9.55799579448185e-05
-0.0002867398738344555
0.00013805993925362673
-0.00019646991355323803
0.0004778997897240925
-0.0002495698901892483
0.0003079798644888596
-0.0003026698668252586
0.00025487988785284936
-0.00039293982710647606
0.0004778997897240925
-0.00023363989719844523
0.0003239098574796627
-0.00040886982009727917
0.0005097597757056987
-0.0001327499415900257
0.00039293982710647606
-0.0002123999065440411
0.00035045984579766787
-0.0002442598925256473
0.00029735986916165755
-0.00014867993458082877
0.00040886982009727917
-0.0002814298761708545
0.00037169983645207196
-0.00023363989719844523
0.0004566597990696884
-0.00033452985280686475
0.0003185998598160617
-0.00033452985280686475
0.0002495698901892483
-0.0003398398504704658
0.00035576984346126885
-6.371997196321234e-05
0.0005150697733692998
-0.00020177991121683906
0.000562859752341709
-0.0002814298761708545
0.00044072980607888534
-0.000191159915889637
0.00027611987850725345
-0.0002123999065440411
0.0004938297827148956
-0.00014867993458082877
0.0002920498714980565
-0.0002708098808436524
0.00026018988551645034
-0.00023363989719844523
0.0003982498247700771
-0.00013805993925362673
0.00031328986215246066
-0.0002495698901892483
0.00044072980607888534
-0.00016460992757163186
0.00043010981075168326
-0.00025487988785284936
0.000387629829442875
-0.0003663898387884709
0.0005203797710329007
-0.0003079798644888596
0.0003663898387884709
-0.00023894989486204624
0.0001699199252352329
-0.00033452985280686475
0.000387629829442875
-0.00044072980607888534
0.00021770990420764215
-0.0002867398738344555
0.00045134980140608736
-0.00026018988551645034
0.0002920498714980565
-0.00019646991355323803
0.0002123999065440411
-0.00031328986215246066
0.00031328986215246066
-0.00021770990420764215
0.00023363989719844523
-0.00020708990888044008
0.00034514984813406683
-0.0003663898387884709
0.0003982498247700771
-0.00019646991355323803
0.00033452985280686475
-0.0002920498714980565
0.0003185998598160617
-5.309997663601028e-05
0.00039293982710647606
-0.00022301990187124316
0.00033452985280686475
-0.0003239098574796627
0.00023894989486204624
-0.000191159915889637
0.00046196979673328943
-0.00020177991121683906
0.0004247998130880822
-0.00019646991355323803
0.00040355982243367813
-0.00033452985280686475
0.000377009834115673
-0.0002442598925256473
0.00012212994626282364
-0.0002654998831800514
0.0002123999065440411
-0.00029735986916165755
0.00040886982009727917
-0.00022301990187124316
0.0004885197850512946
-0.00018053992056243494
0.00027611987850725345
-0.00019646991355323803
0.00035045984579766787
-0.0002283298995348442
0.0005363097640237038
-0.00035576984346126885
0.0004778997897240925
-0.00020177991121683906
0.0003185998598160617
-0.00027611987850725345
0.0002920498714980565
-0.0003239098574796627
0.00035045984579766787
-9.026996028121747e-05
0.00026018988551645034
-0.00031328986215246066
0.0004354198084152843
-0.00012212994626282364
0.0006159597289777192
-6.902996962681336e-05
0.0005309997663601028
-0.0002442598925256473
0.0003185998598160617
-0.0002283298995348442
0.00035045984579766787
-9.026996028121747e-05
0.0004247998130880822
-0.000191159915889637
0.0005150697733692998
-0.00018584991822603598
0.000382319831779274
-0.00018584991822603598
0.0004247998130880822
-0.00034514984813406683
0.00040886982009727917
-0.00017522992289883393
0.00037169983645207196
-0.00023363989719844523
0.0003185998598160617
-0.00023894989486204624
0.0004938297827148956
-0.00043010981075168326
0.0003185998598160617
-0.00025487988785284936
0.00040886982009727917
-0.00031328986215246066
0.0003663898387884709
-0.000191159915889637
0.00023363989719844523
-0.0002123999065440411
0.00034514984813406683
-0.0003079798644888596
0.0004938297827148956
-0.00014867993458082877
0.00039293982710647606
-0.00025487988785284936
0.000382319831779274
-0.00022301990187124316
0.0005150697733692998
-0.00011150995093562158
0.0005947197383233151
-0.00025487988785284936
0.0003610798411248699
-0.00025487988785284936
0.00040355982243367813
-9.55799579448185e-05
0.00040886982009727917
-0.00017522992289883393
0.0002654998831800514
-0.0002708098808436524
0.000382319831779274
-0.0003239098574796627
0.000382319831779274
-0.00011150995093562158
0.0004885197850512946
-0.0002495698901892483
0.0005150697733692998
-0.0002920498714980565
0.0003292198551432637
-0.0002654998831800514
0.00044072980607888534
-0.0003185998598160617
0.00016460992757163186
-0.00018053992056243494
0.00046727979439689047
-0.00033452985280686475
0.00039293982710647606
-0.00015929992990803085
0.0003610798411248699
-0.00023894989486204624
0.00023894989486204624
-0.0002708098808436524
0.00025487988785284936
-0.0002442598925256473
0.00035045984579766787
-0.00018053992056243494
0.0004566597990696884
-0.0002814298761708545
0.0006106497313141182
-0.00020177991121683906
0.00040355982243367813
-0.0003292198551432637
0.000191159915889637
-0.00010619995327202056
0.0003398398504704658
-0.000191159915889637
0.0004832097873876935
-5.309997663601028e-05
0.00040355982243367813
-0.00031328986215246066
0.00035045984579766787
-0.00011681994859922262
0.0004725897920604915
-0.00041417981776088015
0.00031328986215246066
-0.00043010981075168326
0.0004778997897240925
-0.00018053992056243494
0.00044072980607888534
-0.00020708990888044008
0.00039293982710647606
-0.0002814298761708545
0.0004778997897240925
-0.00014336993691722776
0.0002867398738344555
-0.0002654998831800514
0.0003610798411248699
-0.00015929992990803085
0.0004725897920604915
-0.0002442598925256473
0.00031328986215246066
-0.00023894989486204624
0.0004460398037424863
-0.00018053992056243494
0.000387629829442875
-8.495996261761645e-05
0.0004991397803784966
-0.0002442598925256473
0.0004778997897240925
-4.2479981308808224e-05
0.0003610798411248699
-0.00029735986916165755
0.0003982498247700771
-0.00037169983645207196
0.00041417981776088015
-0.0002283298995348442
0.0005150697733692998
-0.00017522992289883393
0.000387629829442875
-0.0002123999065440411
0.0004832097873876935
-0.00021770990420764215
0.0002654998831800514
-0.0003026698668252586
0.0002654998831800514
-0.00031328986215246066
0.0006000297359869161
-0.00022301990187124316
0.0005575497546781079
-0.00025487988785284936
0.00026018988551645034
-0.00010619995327202056
0.0004885197850512946
-0.0002495698901892483
0.0002283298995348442
-0.00029735986916165755
0.00043010981075168326
-0.0002495698901892483
0.0004991397803784966
-0.0002495698901892483
0.0005522397570145069
-6.902996962681336e-05
0.0004460398037424863
-0.0001327499415900257
0.00019646991355323803
-0.0003026698668252586
0.00043010981075168326
-0.00022301990187124316
0.00035576984346126885
-0.00026018988551645034
0.0003398398504704658
-0.00019646991355323803
0.00046196979673328943
-0.00020177991121683906
0.00026018988551645034
-0.00025487988785284936
0.0005575497546781079
-0.0001327499415900257
0.00039293982710647606
-6.371997196321234e-05
0.000584099742996113
-0.00018584991822603598
0.000382319831779274
-0.00015929992990803085
0.00034514984813406683
-0.0002920498714980565
0.000382319831779274
-0.00014336993691722776
0.0003079798644888596
-0.00035576984346126885
0.0004354198084152843
-0.00023894989486204624
0.0004566597990696884
-0.0002814298761708545
0.00035576984346126885
-0.00022301990187124316
0.0006000297359869161
-0.000191159915889637
0.0004460398037424863
-0.00014336993691722776
0.00046727979439689047
-0.00012212994626282364
0.00046196979673328943
-0.0001539899322444298
0.0005309997663601028
-0.00023894989486204624
0.0003079798644888596
-0.00013805993925362673
0.0004354198084152843
-0.00013805993925362673
0.0003610798411248699
-0.00017522992289883393
0.00035576984346126885
-0.00012212994626282364
0.00037169983645207196
-0.00017522992289883393
0.0003185998598160617
-8.495996261761645e-05
0.0004354198084152843
-0.00025487988785284936
0.000377009834115673
-8.495996261761645e-05
0.0004566597990696884
-0.00023363989719844523
0.0005416197616873048
-0.0002814298761708545
0.0004247998130880822
-8.495996261761645e-05
0.00044072980607888534
-4.778997897240925e-05
0.000573479747668911
-0.000382319831779274
0.00035045984579766787
-0.00023363989719844523
0.00039293982710647606
-4.778997897240925e-05
0.0006425097172957243
-3.185998598160617e-05
0.0004991397803784966
-0.00018053992056243494
0.0005203797710329007
-7.964996495401542e-05
0.00026018988551645034
-0.000191159915889637
0.0003079798644888596
-0.0001327499415900257
0.0003079798644888596
-0.0002654998831800514
0.00045134980140608736
-0.0002283298995348442
0.0003079798644888596
-0.00022301990187124316
0.00046196979673328943
-0.00019646991355323803
0.0004354198084152843
-0.0002708098808436524
0.000377009834115673
-0.0002442598925256473
0.00039293982710647606
-0.0002123999065440411
0.0004991397803784966
-0.0002867398738344555
0.0003185998598160617
-0.00018053992056243494
0.000387629829442875
-0.00018053992056243494
0.0005150697733692998
-0.00010619995327202056
0.00040886982009727917
-0.00023363989719844523
0.000562859752341709
-0.0002495698901892483
0.0004991397803784966
-0.00025487988785284936
0.0005150697733692998
-0.00023894989486204624
0.0004247998130880822
-0.00019646991355323803
0.0005150697733692998
-0.00020708990888044008
0.00033452985280686475
-0.000191159915889637
0.0004991397803784966
-0.0003292198551432637
0.000382319831779274
-0.00020708990888044008
0.0004991397803784966
-0.0002123999065440411
0.00043010981075168326
-0.00020177991121683906
0.00040886982009727917
-0.00026018988551645034
0.00020708990888044008
-0.0001327499415900257
0.00034514984813406683
-0.0002283298995348442
0.0003026698668252586
-0.00018584991822603598
0.00046727979439689047
-0.00034514984813406683
0.00035045984579766787
-0.00014867993458082877
0.00035045984579766787
-0.00014336993691722776
0.000377009834115673
-0.00031328986215246066
0.00044072980607888534
-8.495996261761645e-05
0.0004460398037424863
-6.371997196321234e-05
0.0007168496845861387
-0.00016460992757163186
0.000377009834115673
-0.00023363989719844523
0.0004832097873876935
-0.0003398398504704658
0.00035576984346126885
-0.0002123999065440411
0.00041417981776088015
-0.0002654998831800514
0.00056816975000531
-0.00014867993458082877
0.00031328986215246066
-0.0002442598925256473
0.0004885197850512946
-0.000191159915889637
0.0004991397803784966
-0.00015929992990803085
0.00035576984346126885
-0.00019646991355323803
0.000562859752341709
-0.00018053992056243494
0.0002495698901892483
-0.000191159915889637
0.0006212697266413203
-0.00011681994859922262
0.00046727979439689047
-0.00011150995093562158
0.0005044497780420977
-0.00031328986215246066
0.0003663898387884709
-0.0002708098808436524
0.0004885197850512946
-6.902996962681336e-05
0.000387629829442875
-0.00010619995327202056
0.00043010981075168326
-0.0001699199252352329
0.000387629829442875
-0.00021770990420764215
0.0003398398504704658
-0.00020177991121683906
0.0003663898387884709
-0.0002123999065440411
0.00040886982009727917
-0.00019646991355323803
0.0005363097640237038
-0.00018053992056243494
0.0005150697733692998
-0.00026018988551645034
0.0004194898154244812
-0.00025487988785284936
0.00029735986916165755
-0.0001539899322444298
0.00041417981776088015
-0.0004194898154244812
0.0005894097406597141
-0.00020708990888044008
0.000382319831779274
-0.0003026698668252586
0.00046727979439689047
-0.00023363989719844523
0.0004354198084152843
-0.0003982498247700771
0.00029735986916165755
-0.000191159915889637
0.0005203797710329007
-0.0001699199252352329
0.00031328986215246066
-0.000191159915889637
0.0003185998598160617
-0.0003079798644888596
0.0002867398738344555
-0.00023363989719844523
0.0005522397570145069
-0.00027611987850725345
0.0005522397570145069
-0.00022301990187124316
0.0004194898154244812
-0.0002814298761708545
0.00035045984579766787
-0.00021770990420764215
0.00026018988551645034
-0.00017522992289883393
0.00043010981075168326
-0.00014336993691722776
0.00040886982009727917
-0.00020177991121683906
0.0005522397570145069
-0.00015929992990803085
0.00035576984346126885
-0.00026018988551645034
0.00031328986215246066
-0.00011150995093562158
0.00037169983645207196
-0.00026018988551645034
0.0002442598925256473
-0.00011681994859922262
0.00046196979673328943
-0.0001539899322444298
0.0004885197850512946
-0.00014336993691722776
0.00037169983645207196
-6.902996962681336e-05
0.00043010981075168326
-0.0002708098808436524
0.000562859752341709
-0.00011681994859922262
0.0003026698668252586
-5.309997663601028e-05
0.0004566597990696884
0.0
0.000377009834115673
-0.00013805993925362673
0.00034514984813406683
-0.00023363989719844523
0.0004778997897240925
-0.00023363989719844523
0.0003079798644888596
-9.55799579448185e-05
0.0003982498247700771
-0.0004194898154244812
0.00037169983645207196
-0.00014867993458082877
0.00039293982710647606
-0.0003398398504704658
0.0005416197616873048
2.1239990654404112e-05
0.0003982498247700771
-0.00017522992289883393
0.0005522397570145069
-0.00025487988785284936
0.0003292198551432637
-0.0001539899322444298
0.00056816975000531
-0.00020177991121683906
0.0003982498247700771
-4.2479981308808224e-05
0.00045134980140608736
-3.716998364520719e-05
0.00039293982710647606
-0.00012743994392642468
0.0004354198084152843
-0.0001327499415900257
0.00045134980140608736
-0.00015929992990803085
0.0003663898387884709
-0.000191159915889637
0.0004938297827148956
-0.00039293982710647606
0.0002814298761708545
-0.00031328986215246066
0.00040886982009727917
-0.00014336993691722776
0.0004885197850512946
-0.00018584991822603598
0.0005309997663601028
-0.00015929992990803085
0.000387629829442875
-0.00016460992757163186
0.000377009834115673
-0.00021770990420764215
0.00045134980140608736
-0.00017522992289883393
0.0006053397336505172
-0.0002708098808436524
0.00056816975000531
-0.00012743994392642468
0.0005203797710329007
-0.0001539899322444298
0.000562859752341709
-0.0001539899322444298
0.000377009834115673
-0.00031328986215246066
0.0004725897920604915
-9.026996028121747e-05
0.0005575497546781079
-0.00020708990888044008
0.0003610798411248699
-0.0001327499415900257
0.000382319831779274
-0.00020708990888044008
0.00040886982009727917
-0.00019646991355323803
0.0004354198084152843
-0.0002814298761708545
0.0004725897920604915
-0.0001327499415900257
0.0004247998130880822
-0.00026018988551645034
0.00040355982243367813
-0.00013805993925362673
0.000562859752341709
-0.00014336993691722776
0.00046196979673328943
-0.00020708990888044008
0.0004460398037424863
-7.964996495401542e-05
0.0003239098574796627
-0.00023894989486204624
0.000387629829442875
-0.00014336993691722776
0.0005150697733692998
-0.00015929992990803085
0.00039293982710647606
-0.00012743994392642468
0.0004885197850512946
-5.840997429961131e-05
0.000382319831779274
-0.0002654998831800514
0.0004938297827148956
-0.00013805993925362673
0.0003610798411248699
-0.00020177991121683906
0.00044072980607888534
-9.026996028121747e-05
0.00025487988785284936
-0.00019646991355323803
0.00044072980607888534
-0.00023894989486204624
0.0004354198084152843
-0.00021770990420764215
0.0005150697733692998
-0.00016460992757163186
0.0003079798644888596
-0.00019646991355323803
0.0005416197616873048
-0.00017522992289883393
0.0002708098808436524
-9.55799579448185e-05
0.0005947197383233151
-0.00012743994392642468
0.00039293982710647606
-0.00017522992289883393
0.00035045984579766787
-0.0001327499415900257
0.0006531297126229264
-0.00011150995093562158
0.0005203797710329007
-0.00014867993458082877
0.00027611987850725345
-0.00025487988785284936
0.00043010981075168326
-0.0001699199252352329
0.0005522397570145069
-0.00027611987850725345
0.0004938297827148956
-0.0002283298995348442
0.0005256897686965017
-0.00014336993691722776
0.0005044497780420977
-0.00010088995560841953
0.0004460398037424863
-0.00020708990888044008
0.0004725897920604915
-0.00018053992056243494
0.00046727979439689047
-0.0001539899322444298
0.0004460398037424863
-0.0001539899322444298
0.00040355982243367813
-1.0619995327202056e-05
0.0003239098574796627
-6.371997196321234e-05
0.0004566597990696884
-0.00022301990187124316
0.00040886982009727917
-0.00012212994626282364
0.0003079798644888596
-0.00023363989719844523
0.0005256897686965017
-4.2479981308808224e-05
0.0005044497780420977
-0.00018584991822603598
0.0004885197850512946
-0.0001539899322444298
0.0004832097873876935
-0.00011681994859922262
0.0004194898154244812
-0.00029735986916165755
0.0005894097406597141
5.309997663601028e-06
0.00040886982009727917
-0.00019646991355323803
0.0004566597990696884
-0.0003026698668252586
0.0003398398504704658
-0.00011681994859922262
0.0005097597757056987
-0.00018053992056243494
0.0004885197850512946
-0.00013805993925362673
0.00046727979439689047
-7.433996729041439e-05
0.0002654998831800514
-0.00018053992056243494
0.0005363097640237038
-6.371997196321234e-05
0.0005787897453325121
-0.00015929992990803085
0.00046196979673328943
-0.00010088995560841953
0.00021770990420764215
-0.00023363989719844523
0.0005416197616873048
-0.00029735986916165755
0.0005256897686965017
6.371997196321234e-05
0.0004938297827148956
-0.00013805993925362673
0.0005150697733692998
-0.0002867398738344555
0.00035045984579766787
-9.55799579448185e-05
0.0004725897920604915
-5.309997663601028e-05
0.0004566597990696884
-0.00014867993458082877
0.00041417981776088015
-0.00012743994392642468
0.0004832097873876935
-0.00013805993925362673
0.0004725897920604915
-0.00023894989486204624
0.0005044497780420977
-2.654998831800514e-05
0.00040886982009727917
-0.0003026698668252586
0.00035045984579766787
-0.000377009834115673
0.00039293982710647606
-0.00021770990420764215
0.0004354198084152843
-6.902996962681336e-05
0.0004725897920604915
-0.00021770990420764215
0.0003292198551432637
-0.00012212994626282364
0.0004885197850512946
-0.0002654998831800514
0.0006796797009409316
-0.00015929992990803085
0.000382319831779274
-0.00015929992990803085
0.0007221596822497398
-0.0002495698901892483
0.00025487988785284936
-0.0002123999065440411
0.0004247998130880822
-0.00020708990888044008
0.00046196979673328943
-0.00039293982710647606
0.00029735986916165755
-0.00022301990187124316
0.000584099742996113
-0.00015929992990803085
0.00056816975000531
-0.00018053992056243494
0.0004566597990696884
-0.00020177991121683906
0.0004778997897240925
-0.00029735986916165755
0.00043010981075168326
-0.0002495698901892483
0.00043010981075168326
-0.00020177991121683906
0.00034514984813406683
-0.00011150995093562158
0.0004885197850512946
-0.0002442598925256473
0.00045134980140608736
-0.00019646991355323803
0.00044072980607888534
-0.00012212994626282364
0.0003292198551432637
-0.0002495698901892483
0.00046196979673328943
-0.00026018988551645034
0.00035576984346126885
2.654998831800514e-05
0.0005575497546781079
-0.00025487988785284936
0.00046727979439689047
-2.654998831800514e-05
0.0004460398037424863
-0.00025487988785284936
0.0004354198084152843
-0.00031328986215246066
0.0003292198551432637
-0.00014336993691722776
0.0003610798411248699
-0.0002495698901892483
0.00034514984813406683
-0.00020177991121683906
0.00043010981075168326
-0.0002495698901892483
0.0005575497546781079
-0.00029735986916165755
0.0004247998130880822
-5.309997663601028e-05
0.0003398398504704658
-0.00021770990420764215
0.00021770990420764215
-0.00020708990888044008
0.0005097597757056987
-0.0003185998598160617
0.0004885197850512946
-0.00022301990187124316
0.0005256897686965017
-0.00015929992990803085
0.0006000297359869161
-0.00012743994392642468
0.0002708098808436524
-0.0002708098808436524
0.0004725897920604915
-0.00021770990420764215
0.0005363097640237038
-0.00019646991355323803
0.0003239098574796627
-0.000191159915889637
0.00040886982009727917
-0.00011150995093562158
0.0003610798411248699
-0.0002283298995348442
0.0003663898387884709
-0.000191159915889637
0.0002708098808436524
-0.0001699199252352329
0.0004991397803784966
-0.00021770990420764215
0.0004460398037424863
-0.0001327499415900257
0.00039293982710647606
-9.026996028121747e-05
0.0005522397570145069
-0.0003185998598160617
0.0004938297827148956
-0.00016460992757163186
0.0004460398037424863
-0.0001327499415900257
0.0005097597757056987
-0.0002495698901892483
0.000377009834115673
-0.0003292198551432637
0.00043010981075168326
-0.000387629829442875
0.0004885197850512946
-0.0002654998831800514
0.00031328986215246066
-1.0619995327202056e-05
0.00041417981776088015
0.0
0.0003398398504704658
-9.55799579448185e-05
0.0006371997196321234
-0.00019646991355323803
0.0005787897453325121
-0.0001327499415900257
0.0004725897920604915
-0.00025487988785284936
0.00026018988551645034
-0.0002283298995348442
0.0003982498247700771
-0.00022301990187124316
0.00043010981075168326
-0.0002283298995348442
0.0005044497780420977
5.840997429961131e-05
0.0005150697733692998
-6.371997196321234e-05
0.000377009834115673
-0.00016460992757163186
0.0002708098808436524
-0.00016460992757163186
0.0004885197850512946
-0.00010088995560841953
0.0005469297593509059
-0.0003079798644888596
0.00045134980140608736
-0.00018584991822603598
0.000562859752341709
-0.0003239098574796627
0.0003610798411248699
-0.00016460992757163186
0.0005522397570145069
-0.0002814298761708545
0.00044072980607888534
-0.00011681994859922262
0.000377009834115673
-8.495996261761645e-05
0.0004725897920604915
-0.00018053992056243494
0.00040355982243367813
-0.00025487988785284936
0.0005256897686965017
-4.778997897240925e-05
0.00045134980140608736
-0.0002283298995348442
0.0005044497780420977
-0.0002442598925256473
0.0004832097873876935
-0.00014336993691722776
0.0003239098574796627
-0.00022301990187124316
0.00044072980607888534
-0.00018053992056243494
0.0005044497780420977
-0.00019646991355323803
0.0004938297827148956
-0.00020708990888044008
0.000377009834115673
-0.00020708990888044008
0.00037169983645207196
-0.0002495698901892483
0.0004832097873876935
-0.00012212994626282364
0.0004832097873876935
-0.00023363989719844523
0.0002708098808436524
-0.00018584991822603598
0.0005363097640237038
-0.00011681994859922262
0.0004778997897240925
-0.00027611987850725345
0.00045134980140608736
-0.0002495698901892483
0.00040355982243367813
-0.00011150995093562158
0.00046196979673328943
-0.0002920498714980565
0.0003663898387884709
-5.309997663601028e-05
0.000387629829442875
-0.00020708990888044008
0.000377009834115673
-0.00026018988551645034
0.0004991397803784966
-0.00015929992990803085
0.00040886982009727917
-0.00022301990187124316
0.0006000297359869161
-7.964996495401542e-05
0.0002814298761708545
-0.00012212994626282364
0.00044072980607888534
-0.00020708990888044008
0.000377009834115673
-0.0002495698901892483
0.00046196979673328943
0.0
0.0006584397102865274
-9.55799579448185e-05
0.00035576984346126885
-4.778997897240925e-05
0.0003663898387884709
-2.1239990654404112e-05
0.0005469297593509059
-5.840997429961131e-05
0.0004354198084152843
-0.0001539899322444298
0.00033452985280686475
-0.00010619995327202056
0.0002123999065440411
-0.00014867993458082877
0.0004885197850512946
-8.495996261761645e-05
0.0004885197850512946
-0.00012212994626282364
0.00041417981776088015
0.0
0.00043010981075168326
-0.00025487988785284936
0.00037169983645207196
-0.00012743994392642468
0.0005363097640237038
-0.000191159915889637
0.0005522397570145069
-0.00011150995093562158
0.00040355982243367813
-0.00022301990187124316
0.00041417981776088015
-0.0003026698668252586
0.0003982498247700771
-0.0001327499415900257
0.0004938297827148956
-5.840997429961131e-05
0.0006212697266413203
-0.000191159915889637
0.0006159597289777192
-0.00026018988551645034
0.00041417981776088015
-0.00026018988551645034
0.0004885197850512946
-6.371997196321234e-05
0.0004991397803784966
-0.00018053992056243494
0.0005575497546781079
-0.00020708990888044008
0.000387629829442875
-0.00034514984813406683
0.00021770990420764215
-0.00010088995560841953
0.0004885197850512946
-0.00017522992289883393
0.0005469297593509059
-0.00021770990420764215
0.00043010981075168326
-0.00026018988551645034
0.00039293982710647606
-0.00012743994392642468
0.0004938297827148956
-0.0002867398738344555
0.00040886982009727917
-0.000191159915889637
0.0005947197383233151
-0.00014867993458082877
0.0003292198551432637
-0.0001327499415900257
0.0002920498714980565
-0.0002654998831800514
0.0003610798411248699
-0.00014867993458082877
0.0003982498247700771
-0.00018053992056243494
0.00045134980140608736
-9.55799579448185e-05
0.0003398398504704658
-9.026996028121747e-05
0.00037169983645207196
-6.902996962681336e-05
0.0005044497780420977
-0.00014867993458082877
0.000562859752341709
-0.00017522992289883393
0.0005097597757056987
-9.55799579448185e-05
0.0004938297827148956
-0.00014336993691722776
0.000562859752341709
-0.00018053992056243494
0.00035576984346126885
-0.0003398398504704658
0.00037169983645207196
-0.0002123999065440411
0.000562859752341709
-6.371997196321234e-05
0.0005044497780420977
-0.0001699199252352329
0.0006425097172957243
-0.0002442598925256473
0.0004194898154244812
-5.309997663601028e-05
0.0005309997663601028
-0.0002283298995348442
0.0006212697266413203
-6.902996962681336e-05
0.0005044497780420977
-0.00010088995560841953
0.000377009834115673
-0.0002283298995348442
0.0004991397803784966
-2.654998831800514e-05
0.000562859752341709
-0.00010088995560841953
0.0004460398037424863
-0.00011150995093562158
0.0004725897920604915
-5.840997429961131e-05
0.0005469297593509059
-4.778997897240925e-05
0.0006106497313141182
-0.00015929992990803085
0.0003982498247700771
-0.0002814298761708545
0.00046727979439689047
-9.026996028121747e-05
0.0006212697266413203
-0.0002442598925256473
0.0004460398037424863
-0.00026018988551645034
0.00037169983645207196
3.716998364520719e-05
0.00046727979439689047
-0.00035576984346126885
0.0005256897686965017
-0.00022301990187124316
0.00043010981075168326
5.309997663601028e-06
0.00056816975000531
-0.00015929992990803085
0.00045134980140608736
-0.00011150995093562158
0.0003079798644888596
-0.00017522992289883393
0.00043010981075168326
-0.00033452985280686475
0.0004725897920604915
5.309997663601028e-06
0.0004354198084152843
-0.00020177991121683906
0.00037169983645207196
-5.840997429961131e-05
0.0002867398738344555
-0.00010619995327202056
0.000573479747668911
-0.0001539899322444298
0.0002442598925256473
-0.00023894989486204624
0.0004938297827148956
-0.0001699199252352329
0.0004247998130880822
-0.00023363989719844523
0.00022301990187124316
-0.00015929992990803085
0.0003292198551432637
-0.00015929992990803085
0.00045134980140608736
-0.0001327499415900257
0.00046727979439689047
-0.00020177991121683906
0.00043010981075168326
-0.0001327499415900257
0.00056816975000531
-9.55799579448185e-05
0.000562859752341709
-0.00020708990888044008
0.0006212697266413203
-2.1239990654404112e-05
0.0003398398504704658
-0.0003026698668252586
0.0003610798411248699
-0.00026018988551645034
0.00041417981776088015
-0.00020708990888044008
0.000387629829442875
-6.902996962681336e-05
0.0005416197616873048
-0.00020708990888044008
0.000377009834115673
-0.0001699199252352329
0.0004725897920604915
-0.00017522992289883393
0.0003663898387884709
-0.00020177991121683906
0.00056816975000531
-0.00015929992990803085
0.00077525965888575
-0.00014867993458082877
0.0005097597757056987
-0.00015929992990803085
0.0005150697733692998
-0.00018053992056243494
0.0004832097873876935
-0.0001539899322444298
0.00046196979673328943
-0.0002495698901892483
0.00044072980607888534
-3.716998364520719e-05
0.00046727979439689047
-0.00011681994859922262
0.00026018988551645034
-0.00027611987850725345
0.0005256897686965017
-0.00017522992289883393
0.00045134980140608736
-0.000191159915889637
0.0003663898387884709
-2.1239990654404112e-05
0.0006796797009409316
-0.00023894989486204624
0.0003185998598160617
-0.00025487988785284936
0.000387629829442875
-0.00026018988551645034
0.000584099742996113
-0.0002495698901892483
0.00037169983645207196
-5.840997429961131e-05
0.0004194898154244812
-0.0002283298995348442
0.00046727979439689047
-0.0003026698668252586
0.0004354198084152843
-0.00035045984579766787
0.0005309997663601028
-0.00020708990888044008
0.00044072980607888534
-5.309997663601028e-06
0.0003982498247700771
-0.00013805993925362673
0.00046727979439689047
-0.00023894989486204624
0.0004725897920604915
-0.00020177991121683906
0.00044072980607888534
-0.00022301990187124316
0.0003292198551432637
-0.00014336993691722776
0.0005097597757056987
-0.00026018988551645034
0.0005309997663601028
-0.0002283298995348442
0.0005097597757056987
-0.00010088995560841953
0.0006212697266413203
-0.0002867398738344555
0.0003610798411248699
-0.0002708098808436524
0.0006159597289777192
-0.00025487988785284936
0.0005469297593509059
-0.00027611987850725345
0.0003610798411248699
-0.0003079798644888596
0.0005097597757056987
-0.0002442598925256473
0.0004885197850512946
-0.000191159915889637
0.00046196979673328943
-0.00020708990888044008
0.0003982498247700771
-0.00031328986215246066
0.0003292198551432637
-9.55799579448185e-05
0.0003079798644888596
-8.495996261761645e-05
0.0004247998130880822
0.00011681994859922262
0.0004566597990696884
-0.00011150995093562158
0.0005097597757056987
-4.778997897240925e-05
0.0005469297593509059
-0.00015929992990803085
0.0003982498247700771
-0.00022301990187124316
0.0005522397570145069
-5.309997663601028e-06
0.000382319831779274
-0.00012212994626282364
0.00037169983645207196
-0.00012212994626282364
0.0004354198084152843
-0.00019646991355323803
0.00043010981075168326
-0.00020708990888044008
0.0005150697733692998
-0.00010619995327202056
0.0004354198084152843
-0.000377009834115673
0.0004778997897240925
-0.00010619995327202056
0.0004194898154244812
-0.00014867993458082877
0.0005256897686965017
-0.00020708990888044008
0.0005575497546781079
-0.00016460992757163186
0.00035576984346126885
-6.371997196321234e-05
0.00029735986916165755
-0.0001539899322444298
0.0006690597056137295
-0.00020708990888044008
0.00045134980140608736
-0.00021770990420764215
0.0004725897920604915
-0.00017522992289883393
0.000382319831779274
-3.716998364520719e-05
0.0004725897920604915
-0.0001699199252352329
0.0004566597990696884
-0.00017522992289883393
0.0003982498247700771
-6.902996962681336e-05
0.0004354198084152843
-3.185998598160617e-05
0.00033452985280686475
-0.00011681994859922262
0.0004566597990696884
-0.0002814298761708545
0.0005097597757056987
-4.778997897240925e-05
0.0006000297359869161
0.0
0.0004885197850512946
-0.0001327499415900257
0.00041417981776088015
-0.00011681994859922262
0.0004460398037424863
-0.0002708098808436524
0.00033452985280686475
-0.00016460992757163186
0.0003982498247700771
-0.00018584991822603598
0.0002920498714980565
-0.00025487988785284936
0.00035576984346126885
-9.026996028121747e-05
0.0004460398037424863
-0.00020177991121683906
0.00041417981776088015
-5.840997429961131e-05
0.0005363097640237038
-0.00013805993925362673
0.0005787897453325121
4.2479981308808224e-05
0.00045134980140608736
-0.00014336993691722776
0.0003982498247700771
-0.00016460992757163186
0.0004354198084152843
-0.0001327499415900257
0.0005575497546781079
-0.00023894989486204624
0.0006371997196321234
-0.0002123999065440411
0.0004725897920604915
-0.000191159915889637
0.0004991397803784966
-0.00023363989719844523
0.000562859752341709
-0.00023363989719844523
0.0004354198084152843
-0.00014867993458082877
0.00044072980607888534
-3.185998598160617e-05
0.0004778997897240925
-2.1239990654404112e-05
0.000584099742996113
-0.0003079798644888596
0.0003026698668252586
-7.964996495401542e-05
0.000387629829442875
-6.902996962681336e-05
0.0005203797710329007
-0.0002495698901892483
0.00041417981776088015
-0.00012743994392642468
0.0006956096939317347
-0.00022301990187124316
0.0005044497780420977
-0.00011681994859922262
0.0003610798411248699
-0.00013805993925362673
0.0004991397803784966
-0.0001699199252352329
0.0006265797243049213
-0.0002814298761708545
0.0004778997897240925
-2.1239990654404112e-05
0.0005150697733692998
-2.654998831800514e-05
0.0005469297593509059
-7.964996495401542e-05
0.0005416197616873048
-0.00018584991822603598
0.000377009834115673
-0.00011681994859922262
0.0004778997897240925
-0.0003079798644888596
0.0005575497546781079
-0.0002283298995348442
0.00045134980140608736
-0.0002442598925256473
0.00056816975000531
-6.371997196321234e-05
0.00041417981776088015
-0.00011681994859922262
0.0005522397570145069
-0.00018053992056243494
0.0004725897920604915
-0.00021770990420764215
0.0006743697032773305
-0.000191159915889637
0.0003239098574796627
3.716998364520719e-05
0.0004354198084152843
-0.00010088995560841953
0.0003079798644888596
-0.0003292198551432637
0.00046196979673328943
-0.0001327499415900257
0.0005097597757056987
-6.902996962681336e-05
0.0006637497079501285
-0.000191159915889637
0.0005203797710329007
-0.00014336993691722776
0.0005044497780420977
-0.00021770990420764215
0.0003982498247700771
-0.00013805993925362673
0.00046196979673328943
-0.00018053992056243494
0.0004247998130880822
-7.964996495401542e-05
0.0003663898387884709
-0.00023894989486204624
0.0003663898387884709
-0.00018584991822603598
0.0004194898154244812
-0.0001327499415900257
0.00040886982009727917
-0.00016460992757163186
0.0007380896752405429
-9.026996028121747e-05
0.0003982498247700771
-0.00019646991355323803
0.000584099742996113
-2.654998831800514e-05
0.0002867398738344555
-0.0002283298995348442
0.000387629829442875
-0.00033452985280686475
0.0004885197850512946
-0.000191159915889637
0.00035576984346126885
-0.0002495698901892483
0.00020708990888044008
-0.0001327499415900257
0.0004725897920604915
-0.00025487988785284936
0.00040886982009727917
-0.00011150995093562158
0.0005416197616873048
-2.1239990654404112e-05
0.000382319831779274
-0.00013805993925362673
0.0003185998598160617
-0.0001327499415900257
0.0003663898387884709
-0.00011150995093562158
0.000387629829442875
-0.00020177991121683906
0.0005150697733692998
-0.00011150995093562158
0.0003610798411248699
-0.00020708990888044008
0.00046727979439689047
-0.00018584991822603598
0.00045134980140608736
-6.371997196321234e-05
0.0005522397570145069
-0.000191159915889637
0.0005044497780420977
-7.964996495401542e-05
0.0005097597757056987
-0.00018584991822603598
0.0004991397803784966
-9.55799579448185e-05
0.0004460398037424863
-0.00023363989719844523
0.0004938297827148956
-0.0002283298995348442
0.0004194898154244812
-0.000191159915889637
0.0004354198084152843
-0.00027611987850725345
0.0003982498247700771
-0.00019646991355323803
0.000382319831779274
-0.00010088995560841953
0.0006478197149593254
-5.309997663601028e-05
0.0006106497313141182
-6.371997196321234e-05
0.00027611987850725345
-0.00011681994859922262
0.0005575497546781079
-0.00019646991355323803
0.0004354198084152843
-0.00013805993925362673
0.0005309997663601028
-0.0002654998831800514
0.000584099742996113
-8.495996261761645e-05
0.0006106497313141182
-6.371997196321234e-05
0.00023363989719844523
-4.2479981308808224e-05
0.0003663898387884709
-0.00019646991355323803
0.0004194898154244812
-0.00014336993691722776
0.00045134980140608736
-6.371997196321234e-05
0.0004354198084152843
-8.495996261761645e-05
0.00029735986916165755
-0.00013805993925362673
0.00045134980140608736
-0.0001699199252352329
0.0006478197149593254
-0.00011150995093562158
0.0004725897920604915
-0.0001327499415900257
0.0005363097640237038
-0.0002442598925256473
0.00040355982243367813
-0.00013805993925362673
0.0005575497546781079
-3.185998598160617e-05
0.0005044497780420977
-0.0001327499415900257
0.00033452985280686475
-0.00029735986916165755
0.00046196979673328943
4.778997897240925e-05
0.00046727979439689047
-0.0001699199252352329
0.00043010981075168326
-0.00023894989486204624
0.00046727979439689047
-0.00010088995560841953
0.0004354198084152843
-0.0002442598925256473
0.00043010981075168326
-0.00031328986215246066
0.00025487988785284936
3.185998598160617e-05
0.0005947197383233151
-0.00013805993925362673
0.0004832097873876935
-0.00018053992056243494
0.00033452985280686475
-5.840997429961131e-05
0.00044072980607888534
-0.00021770990420764215
0.0005150697733692998
-0.00018053992056243494
0.0005150697733692998
-0.00018053992056243494
0.00033452985280686475
-0.0002495698901892483
0.0005309997663601028
-0.0001699199252352329
0.0004354198084152843
-0.0002495698901892483
0.0005469297593509059
-0.0002442598925256473
0.0004832097873876935
-3.185998598160617e-05
0.0005787897453325121
-0.00019646991355323803
0.0004832097873876935
-7.433996729041439e-05
0.0005256897686965017
-0.0002442598925256473
0.0004725897920604915
-0.00015929992990803085
0.0006849896986045326
-2.1239990654404112e-05
0.0005469297593509059
-0.000191159915889637
0.0005150697733692998
-0.00010619995327202056
0.00045134980140608736
-0.0002123999065440411
0.0004194898154244812
-0.00020708990888044008
0.0004194898154244812
-0.00027611987850725345
0.0003079798644888596
-0.00023363989719844523
0.0004885197850512946
-0.00014867993458082877
0.0005097597757056987
-8.495996261761645e-05
0.00046727979439689047
-0.00013805993925362673
0.00044072980607888534
-0.0001327499415900257
0.0004991397803784966
-0.00014867993458082877
0.0006106497313141182
-0.00023363989719844523
0.0007115396869225377
-0.00010088995560841953
0.0006000297359869161
-0.00011681994859922262
0.0003079798644888596
-0.0003239098574796627
0.0005309997663601028
-0.00035576984346126885
0.00045134980140608736
-0.00013805993925362673
0.00037169983645207196
-0.00018584991822603598
0.000562859752341709
-0.00014336993691722776
0.00029735986916165755
-0.00018053992056243494
0.0004725897920604915
-0.00023363989719844523
0.0005256897686965017
-0.00031328986215246066
0.0004194898154244812
-0.000191159915889637
0.0004885197850512946
-9.55799579448185e-05
0.0003239098574796627
-0.00014867993458082877
0.0005947197383233151
-9.55799579448185e-05
0.0004566597990696884
-6.371997196321234e-05
0.0003982498247700771
-7.433996729041439e-05
0.0004778997897240925
-0.00010088995560841953
0.0004832097873876935
-0.00023363989719844523
0.0004832097873876935
-0.00014336993691722776
0.0005575497546781079
-7.964996495401542e-05
0.0005522397570145069
-0.0001699199252352329
0.0005097597757056987
-0.0003292198551432637
0.00035576984346126885
-0.00012212994626282364
0.0006796797009409316
-0.00018053992056243494
0.0003026698668252586
-0.0002708098808436524
0.00041417981776088015
5.309997663601028e-06
0.00035576984346126885
-0.00021770990420764215
0.00035045984579766787
-0.00017522992289883393
0.0004354198084152843
-0.0002123999065440411
0.000377009834115673
-0.0003239098574796627
0.0004194898154244812
-0.00018584991822603598
0.00043010981075168326
0.0
0.00045134980140608736
-8.495996261761645e-05
0.0005309997663601028
-0.00021770990420764215
0.00044072980607888534
-0.00017522992289883393
0.00041417981776088015
-0.00011150995093562158
0.00035576984346126885
-0.0001539899322444298
0.0004247998130880822
-0.00011681994859922262
0.000562859752341709
-0.00014867993458082877
0.0005469297593509059
-0.0002708098808436524
0.000377009834115673
-2.654998831800514e-05
0.0006000297359869161
-0.000191159915889637
0.0005469297593509059
-9.026996028121747e-05
0.0006796797009409316
-1.5929992990803085e-05
0.00045134980140608736
-0.00019646991355323803
0.0004566597990696884
-0.00012743994392642468
0.0004885197850512946
-3.716998364520719e-05
0.00041417981776088015
-0.0002283298995348442
0.0003982498247700771
-0.0002442598925256473
0.0006425097172957243
-0.0002654998831800514
0.00039293982710647606
-0.00026018988551645034
0.00043010981075168326
-0.00017522992289883393
0.0005469297593509059
-0.0002867398738344555
0.0003610798411248699
-0.0002495698901892483
0.0004991397803784966
-0.00013805993925362673
0.00043010981075168326
-0.00010619995327202056
0.0005363097640237038
-0.00011150995093562158
0.00045134980140608736
-4.778997897240925e-05
0.0005097597757056987
-0.00010619995327202056
0.0004778997897240925
-0.00017522992289883393
0.00046196979673328943
-1.0619995327202056e-05
0.0006159597289777192
-0.00016460992757163186
0.00044072980607888534
-0.0001327499415900257
0.0005309997663601028
-0.00027611987850725345
0.000382319831779274
-5.840997429961131e-05
0.00039293982710647606
-0.00018053992056243494
0.0005522397570145069
-0.0001327499415900257
0.0004247998130880822
-0.00012743994392642468
0.0005150697733692998
-0.0003292198551432637
0.0005787897453325121
-0.00012743994392642468
0.000584099742996113
0.0
0.0003079798644888596
-0.00021770990420764215
0.00045134980140608736
-0.00014336993691722776
0.00035045984579766787
-0.00019646991355323803
0.0004354198084152843
-0.0001327499415900257
0.00044072980607888534
-0.0002495698901892483
0.0004354198084152843
-0.00020708990888044008
0.00039293982710647606
-0.0002867398738344555
0.0004778997897240925
-0.00015929992990803085
0.0003982498247700771
-6.371997196321234e-05
0.00026018988551645034
-0.00016460992757163186
0.00033452985280686475
-0.0001539899322444298
0.0005044497780420977
-7.964996495401542e-05
0.00043010981075168326
-1.5929992990803085e-05
0.0004778997897240925
-0.00014867993458082877
0.0006956096939317347
-0.00011150995093562158
0.00056816975000531
-0.00016460992757163186
0.00046196979673328943
-8.495996261761645e-05
0.00056816975000531
-0.0002123999065440411
0.0004991397803784966
-0.00016460992757163186
0.00040886982009727917
-7.964996495401542e-05
0.0004778997897240925
-0.00023894989486204624
0.00045134980140608736
-0.00020708990888044008
0.0006212697266413203
-0.0003610798411248699
0.0006106497313141182
-0.00020708990888044008
0.0003982498247700771
-0.0002283298995348442
0.000562859752341709
-0.00016460992757163186
0.00040886982009727917
-0.00018584991822603598
0.000584099742996113
-0.00034514984813406683
0.0003982498247700771
-0.00012212994626282364
0.00045134980140608736
-1.5929992990803085e-05
0.0004991397803784966
-0.0003079798644888596
0.00046196979673328943
-0.00014336993691722776
0.0002867398738344555
-0.0001539899322444298
0.0004354198084152843
-0.00020708990888044008
0.0005469297593509059
-5.309997663601028e-05
0.0005469297593509059
-0.00021770990420764215
0.0003982498247700771
-0.0002495698901892483
0.0005097597757056987
-7.964996495401542e-05
0.0005150697733692998
-1.5929992990803085e-05
0.0005947197383233151
-0.0001539899322444298
0.0004938297827148956
-2.1239990654404112e-05
0.0005203797710329007
-0.00020708990888044008
0.0004991397803784966
-0.00018584991822603598
0.0005787897453325121
-0.00018584991822603598
0.0004885197850512946
-0.00014867993458082877
0.000573479747668911
-0.00015929992990803085
0.0005150697733692998
-1.5929992990803085e-05
0.0004354198084152843
-0.00010619995327202056
0.0005522397570145069
-0.0001327499415900257
0.0004460398037424863
-1.0619995327202056e-05
0.0005256897686965017
-7.964996495401542e-05
0.0004247998130880822
3.716998364520719e-05
0.0005575497546781079
-0.00010619995327202056
0.0003982498247700771
-0.00013805993925362673
0.00046196979673328943
-0.00025487988785284936
0.000387629829442875
0.0
0.000562859752341709
-0.00026018988551645034
0.0007168496845861387
-0.0001327499415900257
0.0005150697733692998
-8.495996261761645e-05
0.0005097597757056987
-0.00012743994392642468
0.000377009834115673
-0.00018053992056243494
0.0005150697733692998
-0.00015929992990803085
0.00039293982710647606
-0.0001327499415900257
0.0004247998130880822
-0.00012212994626282364
0.0006265797243049213
-4.778997897240925e-05
0.0004566597990696884
-0.00010088995560841953
0.0005894097406597141
-0.00015929992990803085
0.0006265797243049213
-0.00033452985280686475
0.000377009834115673
-4.2479981308808224e-05
0.0003398398504704658
-0.00018584991822603598
0.00056816975000531
-0.0002123999065440411
0.00025487988785284936
-0.00018053992056243494
0.0005894097406597141
-7.433996729041439e-05
0.0006584397102865274
-0.00010619995327202056
0.0004885197850512946
-0.00014336993691722776
0.0004885197850512946
-0.00017522992289883393
0.0005256897686965017
-0.0001699199252352329
0.0005469297593509059
5.309997663601028e-06
0.0006106497313141182
-0.00025487988785284936
0.00044072980607888534
-0.00011681994859922262
0.00040355982243367813
-0.00010088995560841953
0.00027611987850725345
-0.00016460992757163186
0.0004778997897240925
-7.433996729041439e-05
0.0006053397336505172
-5.840997429961131e-05
0.0004725897920604915
-0.00010619995327202056
0.0006159597289777192
6.902996962681336e-05
0.0005787897453325121
-4.778997897240925e-05
0.0006371997196321234
-0.00011681994859922262
0.0003185998598160617
-7.433996729041439e-05
0.0004885197850512946
-0.0002442598925256473
0.00023894989486204624
-0.0001327499415900257
0.00039293982710647606
-0.00018584991822603598
0.0004247998130880822
-0.00018053992056243494
0.0005947197383233151
-0.00013805993925362673
0.0004460398037424863
-0.0003185998598160617
0.00035576984346126885
-7.964996495401542e-05
0.00023894989486204624
0.0
0.0004247998130880822
-0.00025487988785284936
0.00037169983645207196
-1.5929992990803085e-05
0.0005522397570145069
-0.00012212994626282364
0.0004778997897240925
-0.00018053992056243494
0.0005044497780420977
-0.0002867398738344555
0.0004460398037424863
-0.00010619995327202056
0.000562859752341709
-7.433996729041439e-05
0.0004460398037424863
-0.0001327499415900257
0.0004938297827148956
-0.00010619995327202056
0.0004247998130880822
-5.309997663601028e-05
0.00022301990187124316
-0.0002814298761708545
0.0005256897686965017
-5.309997663601028e-06
0.000387629829442875
-7.964996495401542e-05
0.00046727979439689047
-5.840997429961131e-05
0.0004194898154244812
-3.185998598160617e-05
0.0006106497313141182
-0.0001699199252352329
0.0005894097406597141
-0.0002495698901892483
0.00037169983645207196
-8.495996261761645e-05
0.00039293982710647606
-4.2479981308808224e-05
0.00037169983645207196
-0.00012743994392642468
0.0004194898154244812
-0.0003185998598160617
0.00045134980140608736
-0.00010619995327202056
0.00040886982009727917
-0.0002283298995348442
0.00037169983645207196
-0.00010088995560841953
0.0005469297593509059
-0.00020177991121683906
0.0005416197616873048
-0.0001699199252352329
0.0004885197850512946
-0.00010619995327202056
0.00045134980140608736
-0.00014867993458082877
0.00040355982243367813
-0.00014336993691722776
0.0003610798411248699
-0.00018584991822603598
0.0005256897686965017
-2.654998831800514e-05
0.0003398398504704658
-0.00018053992056243494
0.0005363097640237038
-0.00015929992990803085
0.000584099742996113
-0.00018584991822603598
0.0004778997897240925
-0.00011681994859922262
0.0004885197850512946
-0.0001539899322444298
0.0005469297593509059
-0.00027611987850725345
0.0005469297593509059
-0.00022301990187124316
0.0006053397336505172
-0.00018584991822603598
0.0005150697733692998
-9.55799579448185e-05
0.0005097597757056987
1.5929992990803085e-05
0.0004832097873876935
-2.1239990654404112e-05
0.0004354198084152843
-0.00014336993691722776
0.0005203797710329007
-0.00018053992056243494
0.0004194898154244812
-0.00022301990187124316
0.00034514984813406683
4.2479981308808224e-05
0.00044072980607888534
-6.371997196321234e-05
0.0004885197850512946
-0.0001539899322444298
0.0002442598925256473
-0.00010619995327202056
0.0005309997663601028
-5.840997429961131e-05
0.00046727979439689047
-0.00012743994392642468
0.0006159597289777192
-0.00017522992289883393
0.0003663898387884709
-0.00015929992990803085
0.0005522397570145069
-0.00021770990420764215
0.000382319831779274
-0.0002123999065440411
0.0002442598925256473
-0.00016460992757163186
0.00027611987850725345
-5.309997663601028e-06
0.0003982498247700771
-0.0002495698901892483
0.00027611987850725345
-0.0002495698901892483
0.00040355982243367813
-0.00026018988551645034
0.0003663898387884709
-0.00015929992990803085
0.000573479747668911
-0.00020708990888044008
0.0006159597289777192
-0.0001539899322444298
0.0004832097873876935
-0.00026018988551645034
0.000387629829442875
-0.00015929992990803085
0.0004566597990696884
-0.0002442598925256473
0.0005522397570145069
-0.00014867993458082877
0.0004991397803784966
-0.0002283298995348442
0.0003398398504704658
-0.0001699199252352329
0.00046727979439689047
-0.00010619995327202056
0.0006796797009409316
-9.026996028121747e-05
0.00039293982710647606
-0.0001539899322444298
0.00045134980140608736
-7.964996495401542e-05
0.0005203797710329007
-0.00021770990420764215
0.0004194898154244812
-0.0002283298995348442
0.0005150697733692998
-0.00019646991355323803
0.0005363097640237038
-0.0002708098808436524
0.0005309997663601028
-9.026996028121747e-05
0.000584099742996113
-0.0002123999065440411
0.0004354198084152843
-0.00012743994392642468
0.0003398398504704658
-0.00020708990888044008
0.0004885197850512946
-6.371997196321234e-05
0.00040355982243367813
4.2479981308808224e-05
0.0004778997897240925
-0.00010619995327202056
0.0003239098574796627
-0.00015929992990803085
0.00035576984346126885
-9.026996028121747e-05
0.0005150697733692998
-9.026996028121747e-05
0.0003185998598160617
-0.00017522992289883393
0.0004991397803784966
-4.778997897240925e-05
0.00040355982243367813
-0.0001699199252352329
0.00039293982710647606
-0.0002654998831800514
0.0004832097873876935
-7.964996495401542e-05
0.000584099742996113
-7.964996495401542e-05
0.00035576984346126885
-0.0002442598925256473
0.00040886982009727917
-2.1239990654404112e-05
0.0006425097172957243
-7.964996495401542e-05
0.000387629829442875
-0.0002283298995348442
0.0004725897920604915
-9.026996028121747e-05
0.0004354198084152843
-0.0002283298995348442
0.0004194898154244812
-4.2479981308808224e-05
0.000387629829442875
-0.0002442598925256473
0.0004991397803784966
-0.00015929992990803085
0.00034514984813406683
-9.55799579448185e-05
0.0004247998130880822
-0.0002123999065440411
0.00044072980607888534
-0.00013805993925362673
0.0004778997897240925
-0.0001327499415900257
0.0005044497780420977
-0.00016460992757163186
0.0003026698668252586
-0.00015929992990803085
0.0005044497780420977
-0.00027611987850725345
0.00040355982243367813
-3.716998364520719e-05
0.0005203797710329007
-0.000191159915889637
0.0005363097640237038
-0.00026018988551645034
0.00035576984346126885
-0.00017522992289883393
0.00045134980140608736
-0.0002442598925256473
0.00056816975000531
2.1239990654404112e-05
0.0004460398037424863
-0.0001327499415900257
0.00041417981776088015
-5.840997429961131e-05
0.00045134980140608736
-1.0619995327202056e-05
0.0003663898387884709
-0.00019646991355323803
0.0005256897686965017
-0.00018584991822603598
0.0006106497313141182
-0.00018053992056243494
0.0005787897453325121
-1.0619995327202056e-05
0.0002814298761708545
-0.00012212994626282364
0.0006265797243049213
-0.0002123999065440411
0.000573479747668911
-0.00015929992990803085
0.00044072980607888534
-0.00014867993458082877
0.0005150697733692998
-0.00020177991121683906
0.0003026698668252586
-0.0001699199252352329
0.0004247998130880822
-9.55799579448185e-05
0.0006106497313141182
-0.00011150995093562158
0.0004832097873876935
-0.000382319831779274
0.00046727979439689047
-0.00021770990420764215
0.0004885197850512946
-7.433996729041439e-05
0.0006159597289777192
-0.00023894989486204624
0.0005256897686965017
-0.0003185998598160617
0.0005256897686965017
-0.00017522992289883393
0.0004460398037424863
-0.00023363989719844523
0.0003079798644888596
-6.371997196321234e-05
0.00035045984579766787
-0.00026018988551645034
0.0004194898154244812
-0.00018053992056243494
0.0003982498247700771
1.0619995327202056e-05
0.00056816975000531
-0.00021770990420764215
0.0006000297359869161
-0.00023363989719844523
0.0005256897686965017
-6.371997196321234e-05
0.000562859752341709
-0.00016460992757163186
0.0005097597757056987
-0.00020177991121683906
0.0005787897453325121
-8.495996261761645e-05
0.0004938297827148956
-0.0001539899322444298
0.0005097597757056987
-0.0001699199252352329
0.00041417981776088015
-5.840997429961131e-05
0.0006159597289777192
-0.00029735986916165755
0.0005575497546781079
-0.0002867398738344555
0.0005309997663601028
-0.00014336993691722776
0.000377009834115673
-9.026996028121747e-05
0.00044072980607888534
-0.00011681994859922262
0.00040886982009727917
-0.00011681994859922262
0.0005150697733692998
1.0619995327202056e-05
0.00056816975000531
-1.5929992990803085e-05
0.0005363097640237038
-0.00017522992289883393
0.0005203797710329007
-2.1239990654404112e-05
0.0006478197149593254
-0.00020177991121683906
0.0005309997663601028
-0.00011150995093562158
0.0005309997663601028
-0.00012212994626282364
0.0004778997897240925
-0.0003398398504704658
0.00045134980140608736
-0.00016460992757163186
0.0005097597757056987
-0.00021770990420764215
0.000382319831779274
-0.00014867993458082877
0.0004566597990696884
-0.0001327499415900257
0.00037169983645207196
-0.00018053992056243494
0.00037169983645207196
-0.00026018988551645034
0.0005469297593509059
-0.0002867398738344555
0.0004938297827148956
-6.902996962681336e-05
0.0004885197850512946
-0.00018584991822603598
0.0004885197850512946
-0.00012212994626282364
0.0004460398037424863
-0.00015929992990803085
0.000584099742996113
-0.0002123999065440411
0.00046727979439689047
-4.778997897240925e-05
0.0002867398738344555
-2.654998831800514e-05
0.0004194898154244812
-0.00021770990420764215
0.0002867398738344555
-0.0001699199252352329
0.00040886982009727917
-0.00012743994392642468
0.0004938297827148956
-1.0619995327202056e-05
0.000377009834115673
-0.0002654998831800514
0.0006478197149593254
-9.026996028121747e-05
0.0004194898154244812
-0.00015929992990803085
0.0005203797710329007
-0.0002283298995348442
0.0005787897453325121
-7.964996495401542e-05
0.00035576984346126885
-0.00020177991121683906
0.00043010981075168326
-6.371997196321234e-05
0.000382319831779274
-0.00013805993925362673
0.0005363097640237038
-0.0001327499415900257
0.0005044497780420977
-0.00023363989719844523
0.0006478197149593254
-0.0002495698901892483
0.0004566597990696884
-0.00018053992056243494
0.00043010981075168326
-0.00011150995093562158
0.0005097597757056987
-0.00014867993458082877
0.00040886982009727917
-0.0001699199252352329
0.0004885197850512946
-0.00011681994859922262
0.0004991397803784966
-0.0001699199252352329
0.000387629829442875
-0.00012212994626282364
0.00045134980140608736
-0.00018584991822603598
0.00045134980140608736
-0.00010088995560841953
0.0004991397803784966
-0.0002814298761708545
0.000584099742996113
-9.026996028121747e-05
0.00037169983645207196
-0.0001327499415900257
0.0005363097640237038
-0.00016460992757163186
0.0004938297827148956
-0.000191159915889637
0.0004566597990696884
-0.00011681994859922262
0.00021770990420764215
-0.00018584991822603598
0.00046727979439689047
-0.00010619995327202056
0.0003079798644888596
-0.00020708990888044008
0.0004725897920604915
-6.371997196321234e-05
0.0004460398037424863
-0.00016460992757163186
0.00040355982243367813
-0.00013805993925362673
0.0004938297827148956
-7.433996729041439e-05
0.0005044497780420977
-6.902996962681336e-05
0.000562859752341709
-0.00015929992990803085
0.0003292198551432637
-0.00020708990888044008
0.000562859752341709
-0.00014336993691722776
0.0004938297827148956
-0.0001539899322444298
0.0005416197616873048
1.5929992990803085e-05
0.0005256897686965017
-0.0002123999065440411
0.000387629829442875
-0.0001327499415900257
0.0005097597757056987
-0.0002442598925256473
0.0002920498714980565
-0.0001327499415900257
0.0006637497079501285
-0.00018584991822603598
0.0007115396869225377
-0.00015929992990803085
0.00043010981075168326
-0.00021770990420764215
0.0005894097406597141
2.654998831800514e-05
0.00046727979439689047
-9.55799579448185e-05
0.0004885197850512946
-9.026996028121747e-05
0.0007805696565493511
-8.495996261761645e-05
0.0006159597289777192
-7.433996729041439e-05
0.0005416197616873048
-0.00018053992056243494
0.0005363097640237038
-9.026996028121747e-05
0.0006106497313141182
-0.0001539899322444298
0.0005947197383233151
2.654998831800514e-05
0.0004247998130880822
-0.00026018988551645034
0.0003663898387884709
-0.00014867993458082877
0.00041417981776088015
-0.0002708098808436524
0.00044072980607888534
-9.55799579448185e-05
0.000584099742996113
-0.00016460992757163186
0.0004725897920604915
-0.00022301990187124316
0.0005097597757056987
-1.0619995327202056e-05
0.0003663898387884709
-0.00027611987850725345
0.00044072980607888534
-0.00019646991355323803
0.0006531297126229264
-0.0001327499415900257
0.0004725897920604915
-0.00025487988785284936
0.0003663898387884709
-6.371997196321234e-05
0.0003079798644888596
-1.0619995327202056e-05
0.0005575497546781079
4.2479981308808224e-05
0.0004778997897240925
-0.00011681994859922262
0.00035576984346126885
-0.00018053992056243494
0.0004194898154244812
-0.00020177991121683906
0.00037169983645207196
-0.00020708990888044008
0.0006053397336505172
-0.0002495698901892483
0.0005203797710329007
-0.000191159915889637
0.00039293982710647606
-0.00017522992289883393
0.0003079798644888596
-0.00018584991822603598
0.0004885197850512946
-0.00014867993458082877
0.0005097597757056987
-5.309997663601028e-05
0.0004832097873876935
-2.1239990654404112e-05
0.00040886982009727917
-0.00014336993691722776
0.0002867398738344555
-0.0001327499415900257
0.000377009834115673
-0.00010619995327202056
0.0005363097640237038
-0.00026018988551645034
0.000387629829442875
-0.0001327499415900257
0.00039293982710647606
-0.00022301990187124316
0.00044072980607888534
-0.0002283298995348442
0.00043010981075168326
-0.00014336993691722776
0.000584099742996113
-0.00012743994392642468
0.0005309997663601028
-0.0001699199252352329
0.0005309997663601028
-0.00020708990888044008
0.0004247998130880822
-0.0003185998598160617
0.0005309997663601028
-0.00013805993925362673
0.00046727979439689047
-0.00020177991121683906
0.0006318897219685224
-0.00012212994626282364
0.0005522397570145069
-7.433996729041439e-05
0.0005363097640237038
-9.55799579448185e-05
0.0004247998130880822
-0.0001699199252352329
0.0006318897219685224
-0.00010619995327202056
0.0005894097406597141
-0.00012743994392642468
0.0005787897453325121
-0.00014336993691722776
0.0005363097640237038
-0.00018584991822603598
0.0005522397570145069
-4.2479981308808224e-05
0.0006053397336505172
5.309997663601028e-05
0.00046196979673328943
-0.00022301990187124316
0.0005522397570145069
-8.495996261761645e-05
0.0005150697733692998
-0.00014336993691722776
0.0004832097873876935
-0.00011681994859922262
0.00044072980607888534
-3.185998598160617e-05
0.0006053397336505172
3.716998364520719e-05
0.00041417981776088015
-0.00014336993691722776
0.0004566597990696884
-0.00010619995327202056
0.0004938297827148956
-0.00020177991121683906
0.0004938297827148956
-9.026996028121747e-05
0.0003982498247700771
-0.0003079798644888596
0.0006425097172957243
-4.2479981308808224e-05
0.00044072980607888534
-0.0003026698668252586
0.0004832097873876935
-0.0002495698901892483
0.000377009834115673
-9.026996028121747e-05
0.0005787897453325121
-0.00010088995560841953
0.00056816975000531
-0.00017522992289883393
0.0005894097406597141
-0.00012212994626282364
0.00040886982009727917
-0.00010088995560841953
0.0005044497780420977
-0.00020708990888044008
0.0006159597289777192
-0.0001539899322444298
0.0005363097640237038
-0.0002708098808436524
0.0006265797243049213
-0.00012212994626282364
0.00046727979439689047
-0.00022301990187124316
0.00034514984813406683
-0.0001327499415900257
0.0003663898387884709
-0.0001327499415900257
0.0004725897920604915
-0.00015929992990803085
0.0004247998130880822
-0.00013805993925362673
0.00043010981075168326
-3.716998364520719e-05
0.00041417981776088015
-0.00017522992289883393
0.0005416197616873048
-0.00011681994859922262
0.0003610798411248699
-9.026996028121747e-05
0.0003982498247700771
-0.0002654998831800514
0.00045134980140608736
-0.0001699199252352329
0.0005256897686965017
-5.840997429961131e-05
0.00044072980607888534
-0.00013805993925362673
0.0006106497313141182
-0.0001699199252352329
0.00045134980140608736
-0.0002442598925256473
0.0005947197383233151
-5.309997663601028e-06
0.00040355982243367813
-0.0002654998831800514
0.0006478197149593254
-0.0001539899322444298
0.0005363097640237038
7.433996729041439e-05
0.0003982498247700771
-0.00018053992056243494
0.00046727979439689047
-0.0002708098808436524
0.00046727979439689047
-8.495996261761645e-05
0.0006000297359869161
1.0619995327202056e-05
0.00029735986916165755
-0.0002814298761708545
0.0004991397803784966
-0.00029735986916165755
0.00033452985280686475
-9.026996028121747e-05
0.0005894097406597141
-1.5929992990803085e-05
0.000562859752341709
-0.0003292198551432637
0.0003292198551432637
-0.00010619995327202056
0.00037169983645207196
-4.2479981308808224e-05
0.0005256897686965017
-0.00022301990187124316
0.0006425097172957243
-0.00014867993458082877
0.0006106497313141182
-4.778997897240925e-05
0.0005575497546781079
-5.309997663601028e-05
0.0003398398504704658
-0.00025487988785284936
0.0004832097873876935
5.840997429961131e-05
0.0006478197149593254
-0.00014867993458082877
0.0006584397102865274
-5.840997429961131e-05
0.0006159597289777192
-0.00016460992757163186
0.0005256897686965017
-0.00011150995093562158
0.0004725897920604915
-0.0002654998831800514
0.0005150697733692998
1.5929992990803085e-05
0.0005097597757056987
-0.00016460992757163186
0.00040886982009727917
-0.00014336993691722776
0.0003610798411248699
-0.0002283298995348442
0.0004460398037424863
-8.495996261761645e-05
0.00045134980140608736
-0.00025487988785284936
0.00046727979439689047
-9.026996028121747e-05
0.0004194898154244812
-0.00021770990420764215
0.0004460398037424863
-0.00018053992056243494
0.00027611987850725345
-0.00012212994626282364
0.0004938297827148956
-0.0002442598925256473
0.0004566597990696884
-0.00014336993691722776
0.00044072980607888534
-0.0002708098808436524
0.0003982498247700771
-0.00016460992757163186
0.00034514984813406683
-0.00020177991121683906
0.000382319831779274
-0.0002708098808436524
0.0006956096939317347
-0.00019646991355323803
0.0005416197616873048
-0.00018053992056243494
0.0005894097406597141
-0.00010088995560841953
0.0006053397336505172
-0.0003026698668252586
0.0005097597757056987
-9.026996028121747e-05
0.00045134980140608736
-5.309997663601028e-05
0.0005469297593509059
-9.55799579448185e-05
0.00045134980140608736
-0.0001699199252352329
0.000377009834115673
2.1239990654404112e-05
0.0005044497780420977
-0.00014336993691722776
0.0006159597289777192
-2.1239990654404112e-05
0.0004938297827148956
-0.00020177991121683906
0.0004566597990696884
-0.0002654998831800514
0.00040886982009727917
-0.0003026698668252586
0.0005947197383233151
-0.0001699199252352329
0.00043010981075168326
-0.00010088995560841953
0.00046727979439689047
-0.00018053992056243494
0.0005469297593509059
-3.716998364520719e-05
0.0005787897453325121
3.716998364520719e-05
0.0004247998130880822
-0.00018584991822603598
0.0003292198551432637
5.309997663601028e-06
0.0004778997897240925
-0.00020177991121683906
0.000562859752341709
-0.00013805993925362673
0.0004832097873876935
-0.00018584991822603598
0.0004778997897240925
-0.00015929992990803085
0.0004938297827148956
-9.55799579448185e-05
0.00039293982710647606
-0.0001699199252352329
0.00033452985280686475
-5.309997663601028e-06
0.0005469297593509059
2.1239990654404112e-05
0.0004460398037424863
-9.55799579448185e-05
0.00056816975000531
-0.00010619995327202056
0.0006531297126229264
-2.654998831800514e-05
0.0005097597757056987
-9.026996028121747e-05
0.00046196979673328943
-0.00018584991822603598
0.0006159597289777192
-0.00018584991822603598
0.0005947197383233151
-0.0002123999065440411
0.00046196979673328943
-3.716998364520719e-05
0.0004938297827148956
-0.00010088995560841953
0.000584099742996113
-0.00011150995093562158
0.0004354198084152843
-0.000191159915889637
0.0004885197850512946
-0.00016460992757163186
0.0005256897686965017
-0.00020177991121683906
0.00046727979439689047
-0.00020177991121683906
0.00022301990187124316
-0.00019646991355323803
0.0006956096939317347
-1.5929992990803085e-05
0.00044072980607888534
-0.00014336993691722776
0.00044072980607888534
-0.00020177991121683906
0.0004460398037424863
0.0
0.0005150697733692998
-5.309997663601028e-06
0.0006000297359869161
-3.716998364520719e-05
0.000382319831779274
4.2479981308808224e-05
0.0004460398037424863
-0.00025487988785284936
0.0006849896986045326
-0.00015929992990803085
0.00033452985280686475
-0.00016460992757163186
0.00041417981776088015
-0.00016460992757163186
0.0005044497780420977
-0.00010088995560841953
0.00046196979673328943
-0.00014867993458082877
0.0007380896752405429
-0.0002920498714980565
0.000382319831779274
-0.0001327499415900257
0.0003982498247700771
-0.0002920498714980565
0.0005309997663601028
-6.902996962681336e-05
0.0003185998598160617
-0.0002283298995348442
0.0006053397336505172
-5.840997429961131e-05
0.0002867398738344555
-0.00033452985280686475
0.00029735986916165755
-0.0001699199252352329
0.0004460398037424863
-0.00015929992990803085
0.0005522397570145069
-0.00018053992056243494
0.0004885197850512946
-0.00014336993691722776
0.000382319831779274
-0.0003079798644888596
0.0004460398037424863
-0.00011150995093562158
0.0004247998130880822
-7.433996729041439e-05
0.0004832097873876935
-0.00018053992056243494
0.00046196979673328943
-0.00012743994392642468
0.00040355982243367813
-6.902996962681336e-05
0.00043010981075168326
-0.00015929992990803085
0.0007062296892589367
-2.1239990654404112e-05
0.0004247998130880822
-0.00019646991355323803
0.00035045984579766787
5.309997663601028e-06
0.000387629829442875
-0.00017522992289883393
0.000387629829442875
-0.00019646991355323803
0.0004354198084152843
-0.00014336993691722776
0.000562859752341709
-0.00017522992289883393
0.0004991397803784966
-0.00012743994392642468
0.00029735986916165755
-0.00014867993458082877
0.0004885197850512946
-0.00026018988551645034
0.0004778997897240925
-0.00017522992289883393
0.00033452985280686475
0.0
0.0003982498247700771
-6.371997196321234e-05
0.0004460398037424863
-0.00012212994626282364
0.0004725897920604915
-0.00013805993925362673
0.00034514984813406683
-4.778997897240925e-05
0.00045134980140608736
-0.00016460992757163186
0.0006106497313141182
-0.00010088995560841953
0.00035045984579766787
-5.309997663601028e-05
0.00077525965888575
-6.902996962681336e-05
0.0005203797710329007
-8.495996261761645e-05
0.0006371997196321234
-6.902996962681336e-05
0.0005256897686965017
-0.00017522992289883393
0.00040355982243367813
-0.00014867993458082877
0.0006318897219685224
-0.00012212994626282364
0.0004938297827148956
-0.00010088995560841953
0.0006053397336505172
-0.0002495698901892483
0.0004938297827148956
-8.495996261761645e-05
0.0005150697733692998
-0.00020708990888044008
0.0005416197616873048
-0.0001699199252352329
0.0005044497780420977
-0.0002708098808436524
0.00046727979439689047
-0.00015929992990803085
0.0004832097873876935
-0.0001327499415900257
0.0006849896986045326
-3.185998598160617e-05
0.0005363097640237038
-0.00011681994859922262
0.00046727979439689047
-0.00011681994859922262
0.000387629829442875
-0.00014336993691722776
0.0004778997897240925
-0.00010619995327202056
0.0003079798644888596
3.185998598160617e-05
0.00041417981776088015
-0.000191159915889637
0.0005894097406597141
-0.0002654998831800514
0.0006212697266413203
-0.00011681994859922262
0.0005309997663601028
-0.0002814298761708545
0.00043010981075168326
-1.5929992990803085e-05
0.00040355982243367813
-0.00010619995327202056
0.0004778997897240925
-0.00010088995560841953
0.0006956096939317347
-0.00017522992289883393
0.000387629829442875
-0.00011150995093562158
0.00035576984346126885
-0.00018053992056243494
0.0004725897920604915
-0.00012743994392642468
0.0003982498247700771
-6.902996962681336e-05
0.00041417981776088015
-0.00016460992757163186
0.0004991397803784966
-8.495996261761645e-05
0.0003239098574796627
-0.00019646991355323803
0.00040886982009727917
-0.0001327499415900257
0.0004778997897240925
-0.0001699199252352329
0.0005416197616873048
-0.00023363989719844523
0.0005363097640237038
-7.433996729041439e-05
0.000382319831779274
0.00015929992990803085
0.0007115396869225377
-0.00016460992757163186
0.0002442598925256473
-0.00011681994859922262
0.0004832097873876935
-0.00025487988785284936
0.0006318897219685224
-0.00015929992990803085
0.0005203797710329007
-0.0002283298995348442
0.00056816975000531
-0.00023363989719844523
0.0005363097640237038
-0.00022301990187124316
0.0002654998831800514
-1.5929992990803085e-05
0.0005150697733692998
-9.55799579448185e-05
0.0005044497780420977
-8.495996261761645e-05
0.0003982498247700771
-0.00012212994626282364
0.0006584397102865274
-5.840997429961131e-05
0.00041417981776088015
-8.495996261761645e-05
0.0004832097873876935
-0.00012212994626282364
0.0005575497546781079
-0.0002867398738344555
0.0003026698668252586
-0.00014336993691722776
0.0004725897920604915
-0.00011681994859922262
0.0004991397803784966
-0.00019646991355323803
0.0005256897686965017
-0.00023894989486204624
0.0006212697266413203
-0.00010619995327202056
0.0004991397803784966
-9.026996028121747e-05
0.000387629829442875
-0.0001539899322444298
0.0003663898387884709
-0.00016460992757163186
0.00043010981075168326
-0.00012743994392642468
0.0003026698668252586
-7.433996729041439e-05
0.0004938297827148956
-8.495996261761645e-05
0.000387629829442875
-0.000191159915889637
0.00043010981075168326
-0.00011681994859922262
0.0003982498247700771
-0.00014336993691722776
0.0004354198084152843
-0.00014336993691722776
0.0004778997897240925
-0.00017522992289883393
0.00033452985280686475
-0.00015929992990803085
0.0004725897920604915
-3.716998364520719e-05
0.00039293982710647606
-0.00025487988785284936
0.0004566597990696884
-0.00011681994859922262
0.0003398398504704658
-0.0002708098808436524
0.0004354198084152843
-0.00019646991355323803
0.0002814298761708545
-0.0002654998831800514
0.00033452985280686475
-0.00012212994626282364
0.0004354198084152843
-0.0003663898387884709
0.000387629829442875
-0.00016460992757163186
0.0003026698668252586
-0.00014336993691722776
0.0005097597757056987
-4.778997897240925e-05
0.00046727979439689047
-0.00020177991121683906
0.00035576984346126885
-0.00013805993925362673
0.0004991397803784966
-0.000191159915889637
0.0006318897219685224
-0.00020177991121683906
0.0004991397803784966
-0.0003026698668252586
0.0005787897453325121
-0.0002654998831800514
0.00035045984579766787
-0.00011150995093562158
0.00046727979439689047
-0.00012212994626282364
0.0002708098808436524
-0.00010619995327202056
0.0005097597757056987
-0.00022301990187124316
0.00035576984346126885
-7.964996495401542e-05
0.0003026698668252586
-7.964996495401542e-05
0.0005469297593509059
-0.00026018988551645034
0.000584099742996113
-2.654998831800514e-05
0.0004832097873876935
0.0001327499415900257
0.0002442598925256473
-0.00011150995093562158
0.000562859752341709
-0.00022301990187124316
0.00027611987850725345
-0.00020708990888044008
0.0005416197616873048
-0.00023894989486204624
0.00039293982710647606
-0.00014336993691722776
0.00035576984346126885
-0.0002123999065440411
0.0005309997663601028
-9.55799579448185e-05
0.00046196979673328943
-0.0001539899322444298
0.0004832097873876935
-0.00010619995327202056
0.00034514984813406683
-0.0002442598925256473
0.0004194898154244812
-0.00010088995560841953
0.0004460398037424863
-0.0002654998831800514
0.0005203797710329007
-8.495996261761645e-05
0.0006106497313141182
-9.026996028121747e-05
0.0002654998831800514
-6.902996962681336e-05
0.0006902996962681337
-0.00025487988785284936
0.00041417981776088015
-0.0001327499415900257
0.0004566597990696884
-0.0001539899322444298
0.0006265797243049213
-0.00011150995093562158
0.00029735986916165755
-7.433996729041439e-05
0.00046196979673328943
-0.00019646991355323803
0.00046727979439689047
-0.00010619995327202056
0.00044072980607888534
-0.00020177991121683906
0.0006053397336505172
-5.840997429961131e-05
0.0003982498247700771
-5.309997663601028e-05
0.0004566597990696884
-4.778997897240925e-05
0.000382319831779274
-7.433996729041439e-05
0.0006743697032773305
-9.026996028121747e-05
0.000584099742996113
-0.00018053992056243494
0.0004460398037424863
-8.495996261761645e-05
0.00035576984346126885
-0.00010619995327202056
0.0004460398037424863
-0.00031328986215246066
0.0005416197616873048
-0.00017522992289883393
0.0004354198084152843
-0.00013805993925362673
0.0003239098574796627
-8.495996261761645e-05
0.0003663898387884709
-0.00010088995560841953
0.0004566597990696884
-4.2479981308808224e-05
0.0005150697733692998
-0.00026018988551645034
0.0004832097873876935
-0.00014336993691722776
0.00041417981776088015
-8.495996261761645e-05
0.0004566597990696884
-0.00013805993925362673
0.0005309997663601028
1.0619995327202056e-05
0.0005256897686965017
-0.00011681994859922262
0.0005150697733692998
-0.00012743994392642468
0.0004725897920604915
-0.00020708990888044008
0.0004991397803784966
-0.00018053992056243494
0.0004354198084152843
-9.026996028121747e-05
0.00046196979673328943
-0.0004194898154244812
0.0005044497780420977
-0.00015929992990803085
0.0006425097172957243
-0.00020708990888044008
0.0005150697733692998
-0.00011150995093562158
0.000382319831779274
-0.0002123999065440411
0.0005309997663601028
-7.433996729041439e-05
0.00043010981075168326
-9.55799579448185e-05
0.00044072980607888534
-0.00018053992056243494
0.00027611987850725345
-0.00022301990187124316
0.00045134980140608736
-0.0002283298995348442
0.00045134980140608736
-1.0619995327202056e-05
0.00045134980140608736
-9.026996028121747e-05
0.00045134980140608736
-0.00021770990420764215
0.0006212697266413203
-6.371997196321234e-05
0.0005522397570145069
-0.000191159915889637
0.0004247998130880822
-0.00011681994859922262
0.0005044497780420977
-0.00015929992990803085
0.0004566597990696884
-0.000191159915889637
0.00045134980140608736
-0.00022301990187124316
0.00037169983645207196
-0.00010619995327202056
0.0002442598925256473
-0.00014867993458082877
0.000377009834115673
-0.00022301990187124316
0.0002920498714980565
-0.0001539899322444298
0.0004778997897240925
-0.00017522992289883393
0.00040355982243367813
-0.0002708098808436524
0.0004991397803784966
-0.00012212994626282364
0.0006478197149593254
2.654998831800514e-05
0.00046196979673328943
-0.00015929992990803085
0.00040355982243367813
-0.000191159915889637
0.00029735986916165755
-0.0001539899322444298
0.00023363989719844523
-0.00035576984346126885
0.0005469297593509059
-0.00011681994859922262
0.0003610798411248699
-7.433996729041439e-05
0.0005150697733692998
-5.309997663601028e-06
0.00034514984813406683
-9.026996028121747e-05
0.00040886982009727917
-3.185998598160617e-05
0.0004885197850512946
-9.55799579448185e-05
0.0004991397803784966
-0.00016460992757163186
0.00044072980607888534
-0.00020177991121683906
0.000584099742996113
-4.2479981308808224e-05
0.0004725897920604915
1.0619995327202056e-05
0.00040886982009727917
-0.00019646991355323803
0.0003026698668252586
-8.495996261761645e-05
0.00040886982009727917
-0.00012212994626282364
0.0002867398738344555
-0.00010619995327202056
0.0002814298761708545
-0.00010088995560841953
0.0004885197850512946
-0.00020708990888044008
0.00045134980140608736
-4.2479981308808224e-05
0.0005363097640237038
-2.1239990654404112e-05
0.00046196979673328943
-0.0002123999065440411
0.0005469297593509059
-0.0001699199252352329
0.0004832097873876935
-0.0002123999065440411
0.00035576984346126885
-9.026996028121747e-05
0.0004566597990696884
-9.55799579448185e-05
0.0006000297359869161
-0.00010088995560841953
0.00046727979439689047
-0.00019646991355323803
0.0004938297827148956
-0.00019646991355323803
0.0003292198551432637
-5.840997429961131e-05
0.00044072980607888534
0.0
0.00039293982710647606
-0.0003239098574796627
0.00046196979673328943
1.0619995327202056e-05
0.0002814298761708545
-0.00011681994859922262
0.00025487988785284936
-0.0003185998598160617
0.0004832097873876935
-7.964996495401542e-05
0.00035045984579766787
-0.00015929992990803085
0.00033452985280686475
-0.00017522992289883393
0.000377009834115673
-0.0001539899322444298
0.00046727979439689047
-0.0002495698901892483
0.00045134980140608736
-0.0002442598925256473
0.0004778997897240925
-0.000191159915889637
0.0004247998130880822
-0.0002867398738344555
0.0004832097873876935
-0.00016460992757163186
0.0004991397803784966
-8.495996261761645e-05
0.000584099742996113
-0.0002123999065440411
0.0004354198084152843
-0.00018584991822603598
0.000573479747668911
-0.00013805993925362673
0.0005416197616873048
-0.0002283298995348442
0.0004725897920604915
7.433996729041439e-05
0.0004247998130880822
-0.00023363989719844523
0.0004778997897240925
-0.00022301990187124316
0.0005575497546781079
-0.00017522992289883393
0.0005256897686965017
-0.00021770990420764215
0.0004566597990696884
-0.00023894989486204624
0.0003239098574796627
2.1239990654404112e-05
0.000584099742996113
-0.00010619995327202056
0.00040886982009727917
-0.0001539899322444298
0.0004725897920604915
-0.00017522992289883393
0.00044072980607888534
-7.433996729041439e-05
0.0005097597757056987
-0.0001699199252352329
0.000382319831779274
-0.00017522992289883393
0.0004938297827148956
-0.0002708098808436524
0.00056816975000531
-0.00010619995327202056
0.0003026698668252586
-0.00016460992757163186
0.00045134980140608736
-0.00017522992289883393
0.0005044497780420977
-0.0002442598925256473
0.00039293982710647606
-0.00017522992289883393
0.000382319831779274
-0.00012743994392642468
0.0003663898387884709
-0.00022301990187124316
0.0005203797710329007
-9.55799579448185e-05
0.00018053992056243494
2.1239990654404112e-05
0.00046196979673328943
-0.00015929992990803085
0.0004885197850512946
5.309997663601028e-06
0.00035576984346126885
-5.840997429961131e-05
0.0005097597757056987
-0.00018053992056243494
0.00044072980607888534
-0.00011681994859922262
0.0004247998130880822
-0.0001539899322444298
0.0005309997663601028
-6.902996962681336e-05
0.0004885197850512946
-0.00014867993458082877
0.0005256897686965017
-0.0002920498714980565
0.0005097597757056987
-0.00037169983645207196
0.0005044497780420977
-0.00020708990888044008
0.0005575497546781079
-0.00013805993925362673
0.0005150697733692998
-0.0002814298761708545
0.0003398398504704658
-5.309997663601028e-05
0.00044072980607888534
-0.0001327499415900257
0.00046196979673328943
-0.00014336993691722776
0.0005363097640237038
-7.964996495401542e-05
0.00022301990187124316
-0.0001327499415900257
0.000562859752341709
-0.00015929992990803085
0.000562859752341709
-0.00020708990888044008
0.0005787897453325121
-0.00020177991121683906
0.00046727979439689047
-0.000191159915889637
0.00040886982009727917
-3.716998364520719e-05
0.0004885197850512946
5.309997663601028e-06
0.00041417981776088015
1.0619995327202056e-05
0.0003982498247700771
-0.00022301990187124316
0.00035576984346126885
-0.00027611987850725345
0.00046727979439689047
-5.309997663601028e-06
0.0003610798411248699
-0.00020177991121683906
0.0004725897920604915
-3.716998364520719e-05
0.00046196979673328943
-0.00011681994859922262
0.0004354198084152843
-0.0001539899322444298
0.0006265797243049213
-5.840997429961131e-05
0.0004725897920604915
-0.0002654998831800514
0.00044072980607888534
-5.840997429961131e-05
0.0004938297827148956
-0.00027611987850725345
0.0006371997196321234
-0.00029735986916165755
0.00045134980140608736
-0.00023894989486204624
0.0005150697733692998
-0.00010619995327202056
0.0003398398504704658
-0.00010088995560841953
0.00040355982243367813
-0.00026018988551645034
0.00046727979439689047
-0.00010619995327202056
0.0005256897686965017
-0.0002442598925256473
0.0006212697266413203
-0.00011150995093562158
0.0004885197850512946
-0.00029735986916165755
0.0007009196915953357
-0.00010619995327202056
0.0007115396869225377
-0.0002283298995348442
0.00040886982009727917
-0.00017522992289883393
0.0005363097640237038
-0.00016460992757163186
0.00039293982710647606
-0.00012212994626282364
0.00056816975000531
-0.00014867993458082877
0.0004832097873876935
-6.902996962681336e-05
0.0005575497546781079
-0.00015929992990803085
0.0003982498247700771
-0.00023363989719844523
0.0003026698668252586
-5.840997429961131e-05
0.00040355982243367813
-0.0002123999065440411
0.0005150697733692998
-0.00013805993925362673
0.00056816975000531
-0.00021770990420764215
0.00046196979673328943
-0.00023363989719844523
0.00035576984346126885
-0.00012743994392642468
0.0003982498247700771
-0.0001327499415900257
0.0004885197850512946
-7.964996495401542e-05
0.0004460398037424863
-0.00018584991822603598
0.00046727979439689047
-0.00018584991822603598
0.0002814298761708545
1.0619995327202056e-05
0.0004460398037424863
-0.0001327499415900257
0.0004247998130880822
-8.495996261761645e-05
0.00046196979673328943
-0.00019646991355323803
0.0003610798411248699
-0.00023363989719844523
0.00043010981075168326
-0.00017522992289883393
0.0004566597990696884
-0.00015929992990803085
0.0005097597757056987
-4.778997897240925e-05
0.0005256897686965017
-0.00020177991121683906
0.00046196979673328943
-0.0002495698901892483
0.00040886982009727917
-0.0002814298761708545
0.0003079798644888596
-0.00023363989719844523
0.0005203797710329007
-0.0002283298995348442
0.0004725897920604915
-9.55799579448185e-05
0.0005416197616873048
-0.00018053992056243494
0.0006053397336505172
-3.716998364520719e-05
0.00041417981776088015
-0.00011150995093562158
0.0006531297126229264
-0.00010088995560841953
0.000382319831779274
-0.00031328986215246066
0.0003398398504704658
-0.00023363989719844523
0.0004194898154244812
-0.0003610798411248699
0.0005150697733692998
-0.0002708098808436524
0.0005469297593509059
-7.433996729041439e-05
0.0005097597757056987
-0.0002495698901892483
0.00046727979439689047
-0.00022301990187124316
0.0005469297593509059
-0.0001327499415900257
0.0005203797710329007
-0.00017522992289883393
0.0004885197850512946
-0.00011681994859922262
0.0006902996962681337
-0.0002708098808436524
0.0004991397803784966
-0.0001539899322444298
0.0004938297827148956
-0.0002495698901892483
0.0004460398037424863
-0.00020177991121683906
0.0005097597757056987
-0.00021770990420764215
0.0006000297359869161
-0.00037169983645207196
0.00046727979439689047
-0.0002654998831800514
0.0005203797710329007
-0.00023363989719844523
0.0004460398037424863
-0.00035576984346126885
0.0004885197850512946
-0.00014867993458082877
0.0006053397336505172
-0.00033452985280686475
0.00023363989719844523
-0.00017522992289883393
0.00027611987850725345
-0.0002123999065440411
0.0005203797710329007
-1.5929992990803085e-05
0.0007115396869225377
-0.00021770990420764215
0.0004460398037424863
-0.00020177991121683906
0.00046196979673328943
-0.00022301990187124316
0.00040886982009727917
-5.840997429961131e-05
0.0004991397803784966
-0.0002708098808436524
0.00046727979439689047
-3.185998598160617e-05
0.0006212697266413203
-0.00031328986215246066
0.0006637497079501285
-0.00011150995093562158
0.0004991397803784966
-0.00021770990420764215
0.0004885197850512946
-0.0001327499415900257
0.0004247998130880822
3.185998598160617e-05
0.0003663898387884709
-5.309997663601028e-05
0.0006956096939317347
-0.00013805993925362673
0.0005044497780420977
-0.0003079798644888596
0.0006531297126229264
-0.0002283298995348442
0.0004938297827148956
-0.0001699199252352329
0.0006053397336505172
-0.00011681994859922262
0.000562859752341709
-0.00012743994392642468
0.00045134980140608736
-0.00029735986916165755
0.0005309997663601028
-0.00018053992056243494
0.0005416197616873048
1.0619995327202056e-05
0.0004938297827148956
-5.840997429961131e-05
0.0003982498247700771
-0.00020708990888044008
0.0005363097640237038
-0.00023363989719844523
0.0005309997663601028
-0.00016460992757163186
0.0006265797243049213
-0.00010619995327202056
0.0003185998598160617
-0.00017522992289883393
0.00046196979673328943
-7.964996495401542e-05
0.0004460398037424863
-0.00014336993691722776
0.0004885197850512946
-0.0002283298995348442
0.00045134980140608736
-0.0002123999065440411
0.0004991397803784966
-6.371997196321234e-05
0.000573479747668911
-0.0001327499415900257
0.00046196979673328943
-0.0001539899322444298
0.0006318897219685224
-0.00015929992990803085
0.00056816975000531
-0.000191159915889637
0.0005787897453325121
-0.0002867398738344555
0.0003610798411248699
-0.00012212994626282364
0.0005044497780420977
5.309997663601028e-05
0.000573479747668911
-0.00018053992056243494
0.000562859752341709
-0.00021770990420764215
0.0004354198084152843
-0.0002495698901892483
0.0005309997663601028
-5.840997429961131e-05
0.00035045984579766787
-0.000191159915889637
0.0005363097640237038
-2.654998831800514e-05
0.0006690597056137295
-0.000191159915889637
0.0004194898154244812
7.964996495401542e-05
0.0004991397803784966
-0.0002708098808436524
0.0006371997196321234
-9.55799579448185e-05
0.00043010981075168326
-0.0002283298995348442
0.00046196979673328943
-0.00018584991822603598
0.0006743697032773305
-0.00010619995327202056
0.0005256897686965017
-8.495996261761645e-05
0.00044072980607888534
-2.654998831800514e-05
0.0004938297827148956
-0.00027611987850725345
0.0006159597289777192
5.309997663601028e-06
0.0005787897453325121
-0.00017522992289883393
0.0004885197850512946
-2.654998831800514e-05
0.000584099742996113
-0.00027611987850725345
0.0006106497313141182
-7.433996729041439e-05
0.0006796797009409316
-9.55799579448185e-05
0.0004778997897240925
-0.00018053992056243494
0.0005575497546781079
-0.00023894989486204624
0.000573479747668911
-0.00012212994626282364
0.00046196979673328943
-0.0002920498714980565
0.0004725897920604915
-0.0001539899322444298
0.0004725897920604915
-0.00022301990187124316
0.0006106497313141182
-0.0002654998831800514
0.00031328986215246066
-0.00020177991121683906
0.0005309997663601028
-4.2479981308808224e-05
0.0006478197149593254
-2.654998831800514e-05
0.0005150697733692998
-9.55799579448185e-05
0.0007009196915953357
-0.0002814298761708545
0.0004354198084152843
-0.00016460992757163186
0.00023363989719844523
-0.00025487988785284936
0.000573479747668911
4.2479981308808224e-05
0.00039293982710647606
-0.0001699199252352329
0.0004938297827148956
-0.0002814298761708545
0.00040355982243367813
-0.0002442598925256473
0.0004832097873876935
-0.000191159915889637
0.0005522397570145069
-9.026996028121747e-05
0.00026018988551645034
-0.00020177991121683906
0.0006265797243049213
-1.5929992990803085e-05
0.0003982498247700771
-0.00011150995093562158
0.0006637497079501285
-0.00017522992289883393
0.0004725897920604915
-0.0002654998831800514
0.0006637497079501285
-0.00010619995327202056
0.00046196979673328943
-3.185998598160617e-05
0.00044072980607888534
-0.00020177991121683906
0.0006902996962681337
-0.00018053992056243494
0.00056816975000531
5.309997663601028e-06
0.0004247998130880822
-0.00012743994392642468
0.00033452985280686475
-0.0001327499415900257
0.0005575497546781079
-2.1239990654404112e-05
0.00056816975000531
-2.1239990654404112e-05
0.0006212697266413203
-0.00023894989486204624
0.00031328986215246066
-0.00021770990420764215
0.0006478197149593254
-0.00033452985280686475
0.00046727979439689047
-0.000191159915889637
0.00035045984579766787
-4.2479981308808224e-05
0.000562859752341709
-0.00011150995093562158
0.0005256897686965017
-0.0001699199252352329
0.0006053397336505172
-0.000191159915889637
0.0005575497546781079
-0.00010088995560841953
0.0005256897686965017
-6.371997196321234e-05
0.0005416197616873048
-8.495996261761645e-05
0.0006212697266413203
-0.00020177991121683906
0.00041417981776088015
-0.00017522992289883393
0.0005044497780420977
-0.0001327499415900257
0.0005522397570145069
-0.0002123999065440411
0.0006371997196321234
-6.371997196321234e-05
0.0005309997663601028
-0.0001327499415900257
0.00046727979439689047
-0.00018053992056243494
0.0006318897219685224
-0.0001539899322444298
0.000562859752341709
-0.0001327499415900257
0.00046727979439689047
-0.00012743994392642468
0.0005203797710329007
-0.00010088995560841953
0.0005469297593509059
-0.00018584991822603598
0.0003982498247700771
5.309997663601028e-06
0.00045134980140608736
-0.00027611987850725345
0.00039293982710647606
-0.0001539899322444298
0.00056816975000531
-0.00016460992757163186
0.0004991397803784966
-0.0002814298761708545
0.0004725897920604915
-0.00023894989486204624
0.0005416197616873048
-0.000191159915889637
0.0005787897453325121
-0.00012212994626282364
0.0005575497546781079
-0.0002920498714980565
0.0004566597990696884
-0.00017522992289883393
0.0005044497780420977
-0.00010619995327202056
0.0006531297126229264
-0.00013805993925362673
0.000382319831779274
-8.495996261761645e-05
0.000562859752341709
-0.00016460992757163186
0.000387629829442875
-0.00013805993925362673
0.00035576984346126885
-0.000191159915889637
0.0005203797710329007
-0.00023363989719844523
0.0006796797009409316
-4.778997897240925e-05
0.0006265797243049213
-0.0001327499415900257
0.0005203797710329007
-7.964996495401542e-05
0.0003610798411248699
-0.00027611987850725345
0.00046727979439689047
-2.1239990654404112e-05
0.00043010981075168326
-3.716998364520719e-05
0.0004938297827148956
-8.495996261761645e-05
0.0004247998130880822
-0.00012743994392642468
0.00045134980140608736
-0.00026018988551645034
0.000382319831779274
-0.00012743994392642468
0.00056816975000531
-0.0001699199252352329
0.00037169983645207196
-0.00011150995093562158
0.0004885197850512946
-0.00012743994392642468
0.00035045984579766787
-0.00017522992289883393
0.0005416197616873048
-0.00017522992289883393
0.0005363097640237038
-0.00012212994626282364
0.0005947197383233151
-0.00010088995560841953
0.000573479747668911
-0.00027611987850725345
0.00031328986215246066
-6.371997196321234e-05
0.0005522397570145069
-0.000191159915889637
0.0004885197850512946
-0.00012743994392642468
0.0004938297827148956
-0.0002814298761708545
0.0002708098808436524
-0.00013805993925362673
0.0006584397102865274
-0.00018053992056243494
0.00039293982710647606
-0.0002283298995348442
0.00044072980607888534
-0.00019646991355323803
0.0004247998130880822
-8.495996261761645e-05
0.0003185998598160617
-0.000191159915889637
0.0002920498714980565
-6.371997196321234e-05
0.0005044497780420977
-0.00020708990888044008
0.0006425097172957243
-8.495996261761645e-05
0.0005416197616873048
-0.0001539899322444298
0.000387629829442875
-0.00014867993458082877
0.00034514984813406683
-0.0003663898387884709
0.0004885197850512946
-0.00014336993691722776
0.000562859752341709
-0.00031328986215246066
0.0003610798411248699
-0.0001699199252352329
0.0003982498247700771
-0.00010619995327202056
0.0002867398738344555
-0.00023894989486204624
0.00041417981776088015
-0.00026018988551645034
0.0007009196915953357
-0.00011150995093562158
0.0005097597757056987
-0.00023894989486204624
0.00045134980140608736
-5.309997663601028e-05
0.00046196979673328943
-0.0002495698901892483
0.0005256897686965017
-0.00034514984813406683
0.0005363097640237038
-0.00010619995327202056
0.0004566597990696884
-0.0003026698668252586
0.000382319831779274
-0.00012212994626282364
0.00044072980607888534
-0.00031328986215246066
0.0006743697032773305
-0.00017522992289883393
0.00056816975000531
-7.433996729041439e-05
0.0005416197616873048
-0.0002123999065440411
0.0006584397102865274
-4.2479981308808224e-05
0.0006159597289777192
-7.964996495401542e-05
0.0006371997196321234
-0.00031328986215246066
0.00041417981776088015
-8.495996261761645e-05
0.00056816975000531
-0.0002123999065440411
0.0005309997663601028
-0.00014336993691722776
0.0003663898387884709
-0.00021770990420764215
0.0004460398037424863
-0.00018053992056243494
0.000562859752341709
-0.00011150995093562158
0.00040886982009727917
-0.00020177991121683906
0.0004725897920604915
-0.00012743994392642468
0.00039293982710647606
-5.309997663601028e-06
0.000382319831779274
-0.00012743994392642468
0.0006265797243049213
-0.00021770990420764215
0.0004247998130880822
-4.2479981308808224e-05
0.0005150697733692998
-0.00013805993925362673
0.00045134980140608736
-0.00011681994859922262
0.00034514984813406683
-0.0002654998831800514
0.0005150697733692998
-0.00011150995093562158
0.0004354198084152843
-0.0002283298995348442
0.0004460398037424863
-0.0003185998598160617
0.000377009834115673
-0.00011681994859922262
0.0004354198084152843
-0.00034514984813406683
0.0003663898387884709
-0.00025487988785284936
0.0004194898154244812
-0.00020708990888044008
0.000584099742996113
-0.00012212994626282364
0.00056816975000531
-0.00027611987850725345
0.00023894989486204624
-0.0002495698901892483
0.0006159597289777192
-0.000191159915889637
0.00035576984346126885
-0.0003292198551432637
0.0004354198084152843
-0.0002442598925256473
0.0002654998831800514
-3.185998598160617e-05
0.0003663898387884709
-5.840997429961131e-05
0.0005309997663601028
-0.00017522992289883393
0.0005097597757056987
-0.00011681994859922262
0.0004460398037424863
-0.00025487988785284936
0.0004938297827148956
-0.00010619995327202056
0.0005522397570145069
-0.00023894989486204624
0.0005203797710329007
-0.00018053992056243494
0.0004778997897240925
-0.00012212994626282364
0.0003292198551432637
-0.00010088995560841953
0.00019646991355323803
-9.026996028121747e-05
0.0005787897453325121
-0.0002123999065440411
0.0004938297827148956
-0.00022301990187124316
0.0005309997663601028
-0.00012743994392642468
0.00045134980140608736
-0.00018584991822603598
0.0004194898154244812
-0.00012212994626282364
0.0006265797243049213
-0.0001539899322444298
0.00039293982710647606
-2.654998831800514e-05
0.0006425097172957243
-0.0002495698901892483
0.0006796797009409316
-0.00023363989719844523
0.0004247998130880822
-8.495996261761645e-05
0.0005097597757056987
-0.00010088995560841953
0.0004354198084152843
-5.309997663601028e-05
0.00046196979673328943
-0.00014336993691722776
0.00040355982243367813
-0.0001539899322444298
0.00041417981776088015
-0.00016460992757163186
0.000573479747668911
-0.0001539899322444298
0.000573479747668911
-0.00011150995093562158
0.0004832097873876935
-0.0002814298761708545
0.0004778997897240925
-0.00010088995560841953
0.0005097597757056987
-0.0002442598925256473
0.0005363097640237038
-0.00020708990888044008
0.0004460398037424863
-0.0002708098808436524
0.0007221596822497398
-3.185998598160617e-05
0.0005150697733692998
5.309997663601028e-06
0.0005522397570145069
-0.00019646991355323803
0.0005044497780420977
-0.0002283298995348442
0.0005894097406597141
-0.00022301990187124316
0.0004778997897240925
-0.00023894989486204624
0.0004194898154244812
-0.00017522992289883393
0.0004354198084152843
-0.0001327499415900257
0.00044072980607888534
-0.00023363989719844523
0.0006106497313141182
3.185998598160617e-05
0.0003610798411248699
-9.026996028121747e-05
0.0005309997663601028
-5.309997663601028e-06
0.00043010981075168326
-8.495996261761645e-05
0.0006053397336505172
-4.2479981308808224e-05
0.0004566597990696884
-0.00017522992289883393
0.0005947197383233151
-0.00026018988551645034
0.00046727979439689047
-0.00010088995560841953
0.00018584991822603598
-0.00011150995093562158
0.0006478197149593254
-0.00010088995560841953
0.00044072980607888534
-2.654998831800514e-05
0.0007009196915953357
-0.000191159915889637
0.0006849896986045326
-0.0002495698901892483
0.0003610798411248699
-0.00021770990420764215
0.0005044497780420977
-4.2479981308808224e-05
0.0003982498247700771
-0.0001699199252352329
0.0004354198084152843
-0.0002442598925256473
0.0004247998130880822
-0.00010619995327202056
0.00056816975000531
-5.309997663601028e-05
0.0005363097640237038
-0.00018053992056243494
0.0005787897453325121
-0.0002283298995348442
0.0005787897453325121
-0.00018584991822603598
0.0005416197616873048
-6.902996962681336e-05
0.0004885197850512946
-0.00011681994859922262
0.0005787897453325121
-0.00019646991355323803
0.0004778997897240925
-0.00022301990187124316
0.0005363097640237038
-0.00014336993691722776
0.0004460398037424863
-0.00018053992056243494
0.00040886982009727917
-5.309997663601028e-05
0.0006318897219685224
-0.00011150995093562158
0.0004832097873876935
-1.5929992990803085e-05
0.000562859752341709
-0.00013805993925362673
0.0004566597990696884
-0.00016460992757163186
0.00039293982710647606
-4.778997897240925e-05
0.0006902996962681337
-0.0001699199252352329
0.00046727979439689047
-1.0619995327202056e-05
0.000562859752341709
-0.00015929992990803085
0.00034514984813406683
-0.00011150995093562158
0.0005044497780420977
-0.00013805993925362673
0.0005150697733692998
5.309997663601028e-05
0.0006584397102865274
-9.55799579448185e-05
0.0006371997196321234
-4.2479981308808224e-05
0.0003982498247700771
-6.902996962681336e-05
0.00040886982009727917
-9.55799579448185e-05
0.0005309997663601028
-0.00020177991121683906
0.0005416197616873048
-0.00015929992990803085
0.0004778997897240925
-0.00020177991121683906
0.00046196979673328943
-0.00019646991355323803
0.00018584991822603598
-0.00018584991822603598
0.0006478197149593254
-0.00019646991355323803
0.0006265797243049213
0.0
0.000382319831779274
-0.00014867993458082877
0.0005416197616873048
-0.00013805993925362673
0.0005097597757056987
-0.00010619995327202056
0.0005416197616873048
9.55799579448185e-05
0.0006849896986045326
-0.00014336993691722776
0.0006053397336505172
-0.00022301990187124316
0.0005309997663601028
-1.0619995327202056e-05
0.0003239098574796627
-4.778997897240925e-05
0.0004460398037424863
-2.654998831800514e-05
0.0004725897920604915
-0.00020177991121683906
0.0004194898154244812
-0.00010088995560841953
0.0004354198084152843
-0.00012743994392642468
0.000382319831779274
2.654998831800514e-05
0.0005203797710329007
-0.00033452985280686475
0.0005203797710329007
-0.00010619995327202056
0.0004938297827148956
-0.00012743994392642468
0.00046727979439689047
-9.026996028121747e-05
0.00044072980607888534
-0.0001699199252352329
0.0006106497313141182
-6.902996962681336e-05
0.0003610798411248699
-7.964996495401542e-05
0.00039293982710647606
-0.0001539899322444298
0.0005203797710329007
-0.00012743994392642468
0.0005363097640237038
-0.00016460992757163186
0.0005575497546781079
-0.00014336993691722776
0.0004832097873876935
-9.026996028121747e-05
0.0004991397803784966
-0.00019646991355323803
0.00041417981776088015
-0.00014336993691722776
0.00040886982009727917
-0.00022301990187124316
0.0004885197850512946
-2.1239990654404112e-05
0.000573479747668911
-0.00017522992289883393
0.0005522397570145069
-0.00031328986215246066
0.0006212697266413203
-0.00019646991355323803
0.00035576984346126885
-0.00020708990888044008
0.0004354198084152843
-4.2479981308808224e-05
0.00040355982243367813
-0.00011681994859922262
0.0005309997663601028
-0.00018053992056243494
0.000562859752341709
-4.2479981308808224e-05
0.00043010981075168326
-0.00023363989719844523
0.0006371997196321234
-0.00018584991822603598
0.0005522397570145069
-0.00011681994859922262
0.00040886982009727917
-0.00019646991355323803
0.0006531297126229264
-0.00010619995327202056
0.00044072980607888534
-0.00025487988785284936
0.00037169983645207196
-0.00010088995560841953
0.0005309997663601028
-0.00011681994859922262
0.0005787897453325121
-8.495996261761645e-05
0.0004778997897240925
-0.0001539899322444298
0.0003079798644888596
-7.433996729041439e-05
0.0005203797710329007
-4.2479981308808224e-05
0.0004991397803784966
0.00011681994859922262
0.000387629829442875
-0.00016460992757163186
0.0004991397803784966
-2.654998831800514e-05
0.0004354198084152843
-0.00018053992056243494
0.0004938297827148956
-0.00016460992757163186
0.0004991397803784966
-0.000191159915889637
0.0002920498714980565
-4.778997897240925e-05
0.0006690597056137295
-0.00022301990187124316
0.0005416197616873048
-0.0002495698901892483
0.0002867398738344555
-0.00020177991121683906
0.00044072980607888534
-0.00018053992056243494
0.0005256897686965017
-0.00010088995560841953
0.0004778997897240925
-0.0001327499415900257
0.0003026698668252586
-0.00010619995327202056
0.0006159597289777192
-0.00020708990888044008
0.00040886982009727917
-0.00017522992289883393
0.0004778997897240925
-0.000191159915889637
0.0004832097873876935
-4.778997897240925e-05
0.000382319831779274
-5.840997429961131e-05
0.0005309997663601028
-0.0001539899322444298
0.0005522397570145069
-0.00011681994859922262
0.0005044497780420977
4.778997897240925e-05
0.0005097597757056987
-0.00010619995327202056
0.0004725897920604915
-0.00011681994859922262
0.0005469297593509059
-0.00017522992289883393
0.0003982498247700771
-0.0002283298995348442
0.0005787897453325121
-0.00011681994859922262
0.0005256897686965017
-5.309997663601028e-05
0.00043010981075168326
-5.309997663601028e-05
0.0004566597990696884
-4.2479981308808224e-05
0.0005416197616873048
-4.778997897240925e-05
0.00043010981075168326
-0.00022301990187124316
0.000584099742996113
-0.000191159915889637
0.0004354198084152843
-0.00020177991121683906
0.0006584397102865274
-0.00010088995560841953
0.0005469297593509059
-9.55799579448185e-05
0.0004991397803784966
-0.00017522992289883393
0.0005097597757056987
-0.00017522992289883393
0.0004778997897240925
-0.00035576984346126885
0.0005044497780420977
-0.00018053992056243494
0.0006000297359869161
1.5929992990803085e-05
0.0004247998130880822
-0.00018584991822603598
0.0004938297827148956
-0.0003079798644888596
0.00045134980140608736
-4.2479981308808224e-05
0.0006000297359869161
-0.0002283298995348442
0.0005309997663601028
-0.00014336993691722776
0.0004566597990696884
-0.00029735986916165755
0.0004778997897240925
-0.00018053992056243494
0.00040355982243367813
-6.371997196321234e-05
0.00023363989719844523
-0.00011681994859922262
0.0006159597289777192
-0.00012743994392642468
0.00046196979673328943
-8.495996261761645e-05
0.000584099742996113
-0.00012212994626282364
0.00023363989719844523
-5.840997429961131e-05
0.0003398398504704658
-2.1239990654404112e-05
0.0004832097873876935
-9.55799579448185e-05
0.000562859752341709
-0.00014336993691722776
0.00043010981075168326
-7.433996729041439e-05
0.0004194898154244812
-9.55799579448185e-05
0.0004566597990696884
-6.902996962681336e-05
0.0005150697733692998
-0.00014867993458082877
0.0004725897920604915
-0.00013805993925362673
0.0004725897920604915
-3.185998598160617e-05
0.0005416197616873048
3.185998598160617e-05
0.00031328986215246066
-0.00014867993458082877
0.0006212697266413203
-2.654998831800514e-05
0.0006371997196321234
-0.0001327499415900257
0.0006106497313141182
-8.495996261761645e-05
0.0005522397570145069
-0.00011150995093562158
0.00039293982710647606
-0.000191159915889637
0.00035576984346126885
-0.00011681994859922262
0.00046196979673328943
-2.1239990654404112e-05
0.0005363097640237038
-0.000191159915889637
0.000584099742996113
-0.00010619995327202056
0.0004832097873876935
-0.00012743994392642468
0.000562859752341709
0.00010088995560841953
0.0005416197616873048
-0.00012743994392642468
0.0005947197383233151
-0.00014867993458082877
0.0004938297827148956
-8.495996261761645e-05
0.0005203797710329007
-6.371997196321234e-05
0.000573479747668911
-0.00012743994392642468
0.0004354198084152843
-0.00010088995560841953
0.00046727979439689047
-0.0003398398504704658
0.0005203797710329007
-0.00014336993691722776
0.0005416197616873048
-0.000191159915889637
0.0003982498247700771
-0.00025487988785284936
0.0005097597757056987
-0.00019646991355323803
0.0005097597757056987
-1.0619995327202056e-05
0.0003982498247700771
-7.964996495401542e-05
0.0005575497546781079
-0.00011681994859922262
0.0005363097640237038
-7.433996729041439e-05
0.0006425097172957243
-0.00010088995560841953
0.0004247998130880822
-7.433996729041439e-05
0.0005469297593509059
-4.2479981308808224e-05
0.00045134980140608736
-0.00012212994626282364
0.0005044497780420977
-5.840997429961131e-05
0.0005256897686965017
-9.026996028121747e-05
0.0005363097640237038
-0.00014867993458082877
0.0005894097406597141
-0.00012212994626282364
0.0003079798644888596
-0.00020708990888044008
0.00041417981776088015
-0.000191159915889637
0.00056816975000531
-0.00014336993691722776
0.0002442598925256473
-5.840997429961131e-05
0.00045134980140608736
-0.0001539899322444298
0.00046727979439689047
-4.2479981308808224e-05
0.0004460398037424863
-0.00021770990420764215
0.0005097597757056987
-8.495996261761645e-05
0.0005044497780420977
-0.00023894989486204624
0.00035576984346126885
-0.00020177991121683906
0.0005416197616873048
-0.00017522992289883393
0.00046727979439689047
-0.000191159915889637
0.00039293982710647606
-0.00017522992289883393
0.0004460398037424863
-0.00039293982710647606
0.0006053397336505172
-0.0002123999065440411
0.000387629829442875
-0.00013805993925362673
0.0005947197383233151
-6.371997196321234e-05
0.0004938297827148956
-0.0002283298995348442
0.0005894097406597141
-4.778997897240925e-05
0.00046727979439689047
-0.00015929992990803085
0.0005097597757056987
-0.0003026698668252586
0.0006265797243049213
-4.778997897240925e-05
0.0004991397803784966
-0.0002495698901892483
0.00046196979673328943
-0.0001539899322444298
0.000387629829442875
-0.00010088995560841953
0.0004938297827148956
-0.0002283298995348442
0.0005522397570145069
-8.495996261761645e-05
0.000387629829442875
-5.309997663601028e-06
0.00037169983645207196
-0.00018053992056243494
0.00035576984346126885
-0.0001327499415900257
0.0004885197850512946
-0.0002495698901892483
0.00046196979673328943
-0.00017522992289883393
0.0004938297827148956
-8.495996261761645e-05
0.0005044497780420977
-3.185998598160617e-05
0.00056816975000531
-0.00014336993691722776
0.0004725897920604915
-0.00031328986215246066
0.0006743697032773305
-0.00016460992757163186
0.0005150697733692998
-0.00041417981776088015
0.0004938297827148956
-0.00019646991355323803
0.0006106497313141182
-2.654998831800514e-05
0.0007168496845861387
-0.00019646991355323803
0.0005044497780420977
-0.00014336993691722776
0.000584099742996113
-0.00015929992990803085
0.0005256897686965017
-0.00022301990187124316
0.0004725897920604915
-0.00012743994392642468
0.0004991397803784966
-0.0001327499415900257
0.0005416197616873048
-0.00018584991822603598
0.0006743697032773305
-0.00012743994392642468
0.0005894097406597141
-0.00023894989486204624
0.00041417981776088015
-9.026996028121747e-05
0.0006318897219685224
-0.00021770990420764215
0.0005363097640237038
-0.0002283298995348442
0.0005256897686965017
-0.00021770990420764215
0.0005044497780420977
-0.0001327499415900257
0.0003292198551432637
-0.00013805993925362673
0.0005150697733692998
-0.00023894989486204624
0.0005894097406597141
-5.309997663601028e-05
0.0005522397570145069
-0.00014336993691722776
0.000584099742996113
-0.00014336993691722776
0.0004725897920604915
-0.0002654998831800514
0.0006371997196321234
-0.00026018988551645034
0.0003398398504704658
-0.00012212994626282364
0.00027611987850725345
-0.00018584991822603598
0.0003610798411248699
-0.00010619995327202056
0.0005522397570145069
-0.00013805993925362673
0.0005522397570145069
-0.00017522992289883393
0.00040355982243367813
-0.00019646991355323803
0.0005256897686965017
-0.00018584991822603598
0.000377009834115673
-9.55799579448185e-05
0.0004194898154244812
-0.00013805993925362673
0.0005947197383233151
-0.0001539899322444298
0.0003398398504704658
-0.00014336993691722776
0.0005947197383233151
-7.964996495401542e-05
0.000573479747668911
-0.00020177991121683906
0.0004885197850512946
-0.00016460992757163186
0.0007964996495401542
-0.00017522992289883393
0.0005203797710329007
-6.371997196321234e-05
0.0003663898387884709
-0.0002283298995348442
0.0004991397803784966
-0.00018053992056243494
0.0005309997663601028
-0.00020708990888044008
0.0006637497079501285
-6.371997196321234e-05
0.0004566597990696884
-0.00019646991355323803
0.0004725897920604915
-6.902996962681336e-05
0.0006106497313141182
-0.00021770990420764215
0.0005256897686965017
-4.2479981308808224e-05
0.0004832097873876935
-0.00010088995560841953
0.000562859752341709
7.433996729041439e-05
0.0006106497313141182
-6.902996962681336e-05
0.0005575497546781079
-0.00015929992990803085
0.00041417981776088015
-0.00020177991121683906
0.0005894097406597141
-0.00010088995560841953
0.0005894097406597141
-5.309997663601028e-05
0.0005522397570145069
-0.00012212994626282364
0.000573479747668911
-0.0001539899322444298
0.00035576984346126885
-0.00014867993458082877
0.0005256897686965017
-0.00020177991121683906
0.0005363097640237038
-0.00020708990888044008
0.0006265797243049213
-5.309997663601028e-05
0.0005416197616873048
-0.00010619995327202056
0.0006053397336505172
-0.00019646991355323803
0.0005787897453325121
-0.00019646991355323803
0.0005309997663601028
-3.716998364520719e-05
0.0006265797243049213
-0.00015929992990803085
0.0004460398037424863
-0.00015929992990803085
0.0004725897920604915
-0.00017522992289883393
0.0002495698901892483
-0.00010619995327202056
0.0006690597056137295
-0.00012743994392642468
0.0005256897686965017
-0.000382319831779274
0.0005097597757056987
-0.00022301990187124316
0.0005097597757056987
-0.00020708990888044008
0.000562859752341709
-7.964996495401542e-05
0.0005894097406597141
-0.00011150995093562158
0.00035045984579766787
-0.00010088995560841953
0.00040355982243367813
-0.0003079798644888596
0.0003610798411248699
-0.00013805993925362673
0.000573479747668911
5.309997663601028e-06
0.0005044497780420977
-0.00018053992056243494
0.0005256897686965017
-0.00010619995327202056
0.000562859752341709
-0.00012212994626282364
0.00041417981776088015
-0.00016460992757163186
0.0006531297126229264
-5.309997663601028e-05
0.000562859752341709
-0.00020708990888044008
0.000382319831779274
-0.00020177991121683906
0.0004460398037424863
-0.00035045984579766787
0.00035045984579766787
-0.0001699199252352329
0.00040886982009727917
-0.0002123999065440411
0.0004938297827148956
-5.309997663601028e-05
0.0004938297827148956
-0.00014867993458082877
0.00046196979673328943
-0.00011681994859922262
0.0004778997897240925
-0.00027611987850725345
0.0005256897686965017
-6.371997196321234e-05
0.00046196979673328943
-0.00012743994392642468
0.00056816975000531
-0.00013805993925362673
0.000764639663558548
5.309997663601028e-06
0.0006000297359869161
-2.654998831800514e-05
0.0004354198084152843
-0.00018584991822603598
0.0005416197616873048
-0.0001327499415900257
0.000387629829442875
-0.0002123999065440411
0.0005097597757056987
-0.00016460992757163186
0.0004354198084152843
-8.495996261761645e-05
0.00043010981075168326
-0.0002708098808436524
0.0005203797710329007
-0.0001699199252352329
0.0005947197383233151
-7.964996495401542e-05
0.0005947197383233151
-0.0002920498714980565
0.0005203797710329007
-2.654998831800514e-05
0.0006318897219685224
-0.00012743994392642468
0.0006159597289777192
-0.00013805993925362673
0.0004566597990696884
-6.371997196321234e-05
0.0005363097640237038
-0.00010088995560841953
0.00040886982009727917
-5.309997663601028e-06
0.0005947197383233151
-0.00015929992990803085
0.0006531297126229264
-0.00010088995560841953
0.00035576984346126885
-3.716998364520719e-05
0.0003239098574796627
-8.495996261761645e-05
0.0004991397803784966
-0.00019646991355323803
0.0005044497780420977
-7.964996495401542e-05
0.0005522397570145069
-0.00014336993691722776
0.0002920498714980565
-0.00018584991822603598
0.0003610798411248699
-0.0003079798644888596
0.00029735986916165755
-0.00021770990420764215
0.0006531297126229264
-7.964996495401542e-05
0.00056816975000531
-0.0002283298995348442
0.00041417981776088015
-0.00012743994392642468
0.0003610798411248699
-0.00011150995093562158
0.00044072980607888534
-0.00013805993925362673
0.0005256897686965017
-0.00035576984346126885
0.0006000297359869161
-0.00010619995327202056
0.0005575497546781079
-9.55799579448185e-05
0.00046727979439689047
-0.000191159915889637
0.0004778997897240925
-8.495996261761645e-05
0.0006425097172957243
-7.433996729041439e-05
0.0004354198084152843
-0.00016460992757163186
0.0006159597289777192
-0.00018584991822603598
0.00045134980140608736
-0.0001699199252352329
0.0006902996962681337
-8.495996261761645e-05
0.000573479747668911
-1.5929992990803085e-05
0.0006212697266413203
-0.00010619995327202056
0.0005203797710329007
-0.00014867993458082877
0.0006053397336505172
-7.433996729041439e-05
0.00035045984579766787
-0.00011150995093562158
0.0004566597990696884
-0.00029735986916165755
0.0005947197383233151
-0.000191159915889637
0.0005203797710329007
-4.778997897240925e-05
0.0004247998130880822
-0.00012743994392642468
0.000382319831779274
-6.371997196321234e-05
0.0004778997897240925
-0.00017522992289883393
0.0004938297827148956
-7.964996495401542e-05
0.0003982498247700771
-0.00013805993925362673
0.0005416197616873048
-0.00014336993691722776
0.0004460398037424863
0.0
0.0005894097406597141
-0.0003079798644888596
0.0004832097873876935
-6.902996962681336e-05
0.00040886982009727917
-7.433996729041439e-05
0.0005203797710329007
5.309997663601028e-06
0.0005097597757056987
-0.00023363989719844523
0.000377009834115673
-0.00027611987850725345
0.0004354198084152843
-6.371997196321234e-05
0.00041417981776088015
-8.495996261761645e-05
0.0005150697733692998
-7.433996729041439e-05
0.00040886982009727917
-0.0002708098808436524
0.00044072980607888534
-0.0001539899322444298
0.00043010981075168326
-0.00018584991822603598
0.00026018988551645034
-0.000191159915889637
0.00046727979439689047
-0.00010619995327202056
0.0006318897219685224
-0.00018584991822603598
0.0005256897686965017
-0.0002814298761708545
0.0004832097873876935
-0.00018053992056243494
0.000387629829442875
-0.0001699199252352329
0.0004460398037424863
-0.00022301990187124316
0.00029735986916165755
-0.00011681994859922262
0.0005309997663601028
-0.00014336993691722776
0.00045134980140608736
-6.902996962681336e-05
0.0006053397336505172
-0.00010619995327202056
0.0005097597757056987
-0.00020177991121683906
0.0004566597990696884
-1.5929992990803085e-05
0.00045134980140608736
-0.0002123999065440411
0.0007168496845861387
-0.00019646991355323803
0.0006053397336505172
5.309997663601028e-06
0.000382319831779274
-3.185998598160617e-05
0.00035576984346126885
-0.000191159915889637
0.00046196979673328943
-3.716998364520719e-05
0.0005309997663601028
-0.0002283298995348442
0.00040355982243367813
-0.00035576984346126885
0.00044072980607888534
-0.00012743994392642468
0.00045134980140608736
-0.00012743994392642468
0.0005309997663601028
-0.0002283298995348442
0.0005150697733692998
-5.309997663601028e-05
0.0005309997663601028
-0.00018053992056243494
0.0003239098574796627
-0.00016460992757163186
0.0005203797710329007
-0.00016460992757163186
0.00033452985280686475
-0.0001539899322444298
0.0006690597056137295
-0.00023363989719844523
0.0005256897686965017
-0.00016460992757163186
0.00046727979439689047
-0.00017522992289883393
0.00044072980607888534
-0.00010619995327202056
0.0005947197383233151
-0.00013805993925362673
0.0006212697266413203
-0.0001699199252352329
0.0004725897920604915
-0.0003398398504704658
0.00014867993458082877
-0.00040355982243367813
0.00043010981075168326
-0.00014867993458082877
0.0005203797710329007
-0.00017522992289883393
0.0004460398037424863
-7.964996495401542e-05
0.0005416197616873048
-0.00014867993458082877
0.0004354198084152843
-0.00023363989719844523
0.00034514984813406683
-0.00021770990420764215
0.0005787897453325121
-0.00039293982710647606
0.00045134980140608736
-2.654998831800514e-05
0.0004247998130880822
-0.00011681994859922262
0.0004832097873876935
-0.00012743994392642468
0.0006637497079501285
-0.00015929992990803085
0.0004832097873876935
-5.309997663601028e-05
0.0005309997663601028
1.0619995327202056e-05
0.00035045984579766787
-4.778997897240925e-05
0.000584099742996113
-0.00020708990888044008
0.000387629829442875
-0.00010088995560841953
0.000754019668231346
-0.00019646991355323803
0.0006265797243049213
-0.00010088995560841953
0.0005947197383233151
-0.00015929992990803085
0.00056816975000531
-0.00014867993458082877
0.0004194898154244812
-0.00015929992990803085
0.0005522397570145069
-9.55799579448185e-05
0.0004566597990696884
-0.0003292198551432637
0.0006265797243049213
-8.495996261761645e-05
0.0006478197149593254
-8.495996261761645e-05
0.0005469297593509059
-0.00010619995327202056
0.0004991397803784966
-1.0619995327202056e-05
0.0004354198084152843
-2.1239990654404112e-05
0.0002654998831800514
-0.00019646991355323803
0.0005947197383233151
-0.0001539899322444298
0.0006159597289777192
-0.00014867993458082877
0.0005150697733692998
-0.00010619995327202056
0.000584099742996113
-0.00016460992757163186
0.0005309997663601028
-0.0002867398738344555
0.0005575497546781079
-5.309997663601028e-05
0.00045134980140608736
0.0001539899322444298
0.0006106497313141182
-0.0001539899322444298
0.0006265797243049213
1.0619995327202056e-05
0.0007062296892589367
-0.0003079798644888596
0.0004991397803784966
-0.00022301990187124316
0.0005363097640237038
-0.00015929992990803085
0.0005097597757056987
-0.0002283298995348442
0.0005097597757056987
-3.716998364520719e-05
0.0005097597757056987
-9.55799579448185e-05
0.0005416197616873048
-0.0002123999065440411
0.0003663898387884709
-0.0001327499415900257
0.0005787897453325121
-0.0002283298995348442
0.0003292198551432637
-8.495996261761645e-05
0.0004194898154244812
-0.000191159915889637
0.0005150697733692998
-0.0001539899322444298
0.0004991397803784966
-0.00010619995327202056
0.0006159597289777192
-0.00020177991121683906
0.00045134980140608736
-6.902996962681336e-05
0.00041417981776088015
-0.00014336993691722776
0.00040355982243367813
-0.00020177991121683906
0.00045134980140608736
-4.778997897240925e-05
0.0005363097640237038
-0.00020177991121683906
0.000562859752341709
-0.00014336993691722776
0.0004725897920604915
-0.00019646991355323803
0.00056816975000531
-8.495996261761645e-05
0.00039293982710647606
-0.0001327499415900257
0.0005522397570145069
-0.0002814298761708545
0.0004832097873876935
-0.00023894989486204624
0.0004938297827148956
5.309997663601028e-06
0.0003982498247700771
-0.0002123999065440411
0.00034514984813406683
-2.654998831800514e-05
0.0005203797710329007
-0.0003398398504704658
0.00046727979439689047
-7.964996495401542e-05
0.0006478197149593254
-9.55799579448185e-05
0.0004832097873876935
-8.495996261761645e-05
0.000382319831779274
-1.0619995327202056e-05
0.0005522397570145069
-0.00019646991355323803
0.00044072980607888534
-0.00029735986916165755
0.0004725897920604915
-0.00017522992289883393
0.0004566597990696884
-0.00014336993691722776
0.00029735986916165755
-0.0001699199252352329
0.0005363097640237038
-0.0001699199252352329
0.0005150697733692998
-6.371997196321234e-05
0.0005522397570145069
-0.00013805993925362673
0.0005894097406597141
-6.902996962681336e-05
0.00035576984346126885
-0.0001327499415900257
0.0004938297827148956
-7.964996495401542e-05
0.0004938297827148956
-0.00020708990888044008
0.0006265797243049213
-0.00020708990888044008
0.0004354198084152843
-4.778997897240925e-05
0.0005150697733692998
-1.0619995327202056e-05
0.0005894097406597141
-0.00019646991355323803
0.0005203797710329007
-1.0619995327202056e-05
0.000377009834115673
-0.0002495698901892483
0.0004885197850512946
8.495996261761645e-05
0.00029735986916165755
-0.00027611987850725345
0.0004778997897240925
-0.00018053992056243494
0.0003292198551432637
-4.778997897240925e-05
0.0003610798411248699
-6.371997196321234e-05
0.0006106497313141182
-5.840997429961131e-05
0.0006053397336505172
-0.00012212994626282364
0.0004832097873876935
-0.00033452985280686475
0.0006265797243049213
2.1239990654404112e-05
0.0006318897219685224
-0.00015929992990803085
0.0006531297126229264
-6.902996962681336e-05
0.0004885197850512946
-0.0001699199252352329
0.00040886982009727917
-0.00027611987850725345
0.0007433996729041439
-0.0001699199252352329
0.0005150697733692998
-6.902996962681336e-05
0.0005044497780420977
-0.00018584991822603598
0.0004247998130880822
-0.00025487988785284936
0.0006849896986045326
-0.0003398398504704658
0.0004778997897240925
-0.00012212994626282364
0.0005416197616873048
-0.00020708990888044008
0.0003982498247700771
-5.840997429961131e-05
0.0003239098574796627
-0.00016460992757163186
0.00044072980607888534
-0.00026018988551645034
0.00044072980607888534
-0.00031328986215246066
0.0005522397570145069
-7.433996729041439e-05
0.0004247998130880822
-0.0002867398738344555
0.0005309997663601028
-0.00014336993691722776
0.0004725897920604915
-0.000191159915889637
0.0005894097406597141
5.309997663601028e-06
0.0003663898387884709
-0.00023363989719844523
0.0004566597990696884
-4.778997897240925e-05
0.0004194898154244812
-0.00018584991822603598
0.0003663898387884709
-0.00011681994859922262
0.000562859752341709
-9.026996028121747e-05
0.0005256897686965017
-0.00014867993458082877
0.0004460398037424863
-0.00021770990420764215
0.00041417981776088015
-0.0002814298761708545
0.0002708098808436524
-0.00016460992757163186
0.0002867398738344555
-0.00019646991355323803
0.0004566597990696884
-0.0003079798644888596
0.000377009834115673
-0.0002495698901892483
0.0003982498247700771
-0.00021770990420764215
0.0004778997897240925
-0.00026018988551645034
0.0005097597757056987
-0.00023363989719844523
0.0004354198084152843
-0.000191159915889637
0.0005575497546781079
-0.00029735986916165755
0.0004938297827148956
-3.185998598160617e-05
0.00040355982243367813
-0.00013805993925362673
0.0004194898154244812
-0.00026018988551645034
0.0004991397803784966
-0.00015929992990803085
0.0004832097873876935
-3.185998598160617e-05
0.0005309997663601028
-0.00010088995560841953
0.0006849896986045326
-0.00023363989719844523
0.0005256897686965017
-0.00010088995560841953
0.0006796797009409316
-0.0001327499415900257
0.0005416197616873048
-0.00011150995093562158
0.00035576984346126885
-0.0001699199252352329
0.0004832097873876935
-0.0002708098808436524
0.0006478197149593254
-0.00010619995327202056
0.000573479747668911
-0.000191159915889637
0.0004460398037424863
-9.55799579448185e-05
0.0004832097873876935
-0.00017522992289883393
0.0005947197383233151
-0.0001699199252352329
0.00046196979673328943
-0.00019646991355323803
0.0005203797710329007
-0.00014867993458082877
0.00041417981776088015
-0.0001699199252352329
0.00034514984813406683
-0.00027611987850725345
0.0004778997897240925
-0.00012743994392642468
0.0005150697733692998
-0.00014867993458082877
0.0004247998130880822
-0.00020708990888044008
0.0003663898387884709
-0.00018053992056243494
0.0002708098808436524
-0.00012743994392642468
0.0004832097873876935
-0.0003663898387884709
0.0004991397803784966
-0.00029735986916165755
0.0003185998598160617
-6.902996962681336e-05
0.0004778997897240925
-0.0002814298761708545
0.00039293982710647606
-0.0001539899322444298
0.0004354198084152843
-0.0003610798411248699
0.0005787897453325121
1.5929992990803085e-05
0.0005469297593509059
-0.00018053992056243494
0.00040886982009727917
-0.00023894989486204624
0.0005787897453325121
-0.00021770990420764215
0.0005256897686965017
-0.0002867398738344555
0.000382319831779274
-0.00011681994859922262
0.0003663898387884709
-0.00023363989719844523
0.00044072980607888534
-0.00020177991121683906
0.0003292198551432637
-0.00020177991121683906
0.0005894097406597141
-0.0002123999065440411
0.0004247998130880822
-0.00010088995560841953
0.0005787897453325121
-1.0619995327202056e-05
0.00040355982243367813
-3.716998364520719e-05
0.00046727979439689047
-6.902996962681336e-05
0.00044072980607888534
-0.0002867398738344555
0.0005575497546781079
-9.55799579448185e-05
0.0006637497079501285
-0.00027611987850725345
0.0003982498247700771
-0.000387629829442875
0.0005469297593509059
-0.00027611987850725345
0.0005947197383233151
-0.00029735986916165755
0.0004247998130880822
1.5929992990803085e-05
0.0006425097172957243
-0.00011681994859922262
0.0006318897219685224
-0.00013805993925362673
0.0005256897686965017
-5.840997429961131e-05
0.0006212697266413203
-0.00017522992289883393
0.0004460398037424863
-0.00014336993691722776
0.00033452985280686475
-0.0003292198551432637
0.00045134980140608736
-7.433996729041439e-05
0.0006106497313141182
-4.778997897240925e-05
0.0006212697266413203
-0.00014867993458082877
0.0007433996729041439
-2.1239990654404112e-05
0.0004725897920604915
-0.00016460992757163186
0.0005522397570145069
-0.00011150995093562158
0.00046727979439689047
-0.00012212994626282364
0.0005575497546781079
-0.0002442598925256473
0.0004832097873876935
-0.00019646991355323803
0.00046727979439689047
-6.902996962681336e-05
0.0005787897453325121
-1.5929992990803085e-05
0.0005522397570145069
-0.00018584991822603598
0.0002495698901892483
-4.778997897240925e-05
0.0005894097406597141
-9.026996028121747e-05
0.0006531297126229264
-0.00018053992056243494
0.0004460398037424863
-0.0001539899322444298
0.0003398398504704658
-0.0001699199252352329
0.000562859752341709
-0.00018053992056243494
0.0002495698901892483
-1.5929992990803085e-05
0.0006159597289777192
-0.00023894989486204624
0.00045134980140608736
-5.840997429961131e-05
0.000584099742996113
-9.026996028121747e-05
0.0006318897219685224
-0.00012212994626282364
0.0005894097406597141
-0.00020177991121683906
0.00035576984346126885
-8.495996261761645e-05
0.0003079798644888596
-0.00011150995093562158
0.00046196979673328943
-9.026996028121747e-05
0.00056816975000531
-0.00018053992056243494
0.000382319831779274
-7.964996495401542e-05
0.0004566597990696884
-0.00020177991121683906
0.0006159597289777192
-0.00012743994392642468
0.0007062296892589367
-0.0001699199252352329
0.0006584397102865274
-0.00023363989719844523
0.00040886982009727917
-0.00011150995093562158
0.0007115396869225377
-0.00020177991121683906
0.0004832097873876935
-0.0001327499415900257
0.0004354198084152843
-0.00020708990888044008
0.00043010981075168326
-0.0002920498714980565
0.0007805696565493511
-0.00031328986215246066
0.00040886982009727917
-0.00011150995093562158
0.0005522397570145069
-0.0002708098808436524
0.0003398398504704658
-0.00018584991822603598
0.000584099742996113
-7.964996495401542e-05
0.0005469297593509059
-0.00025487988785284936
0.0005256897686965017
-0.00012212994626282364
0.00046727979439689047
-0.00021770990420764215
0.00037169983645207196
-0.00027611987850725345
0.0006425097172957243
-0.00012743994392642468
0.0004460398037424863
-1.0619995327202056e-05
0.0006318897219685224
-0.00014336993691722776
0.0006265797243049213
-0.00010619995327202056
0.0006159597289777192
-0.00010619995327202056
0.00045134980140608736
-0.0003239098574796627
0.00056816975000531
-0.0002283298995348442
0.0005469297593509059
-0.0002920498714980565
0.0005044497780420977
-0.0002123999065440411
0.000562859752341709
-0.00014867993458082877
0.00043010981075168326
-0.00025487988785284936
0.0006371997196321234
-0.00012743994392642468
0.0003982498247700771
-3.185998598160617e-05
0.00035045984579766787
-8.495996261761645e-05
0.000562859752341709
-5.840997429961131e-05
0.0004460398037424863
-9.55799579448185e-05
0.0005787897453325121
-8.495996261761645e-05
0.0004247998130880822
-9.026996028121747e-05
0.0005203797710329007
-0.00011150995093562158
0.0005256897686965017
-0.00018584991822603598
0.0005044497780420977
-0.00010619995327202056
0.0005309997663601028
-1.5929992990803085e-05
0.0005309997663601028
-0.00010619995327202056
0.0004885197850512946
-0.00027611987850725345
0.0004778997897240925
-8.495996261761645e-05
0.0005150697733692998
-0.00018053992056243494
0.0004778997897240925
-0.00013805993925362673
0.00046727979439689047
-0.0003292198551432637
0.00039293982710647606
-0.00010619995327202056
0.0006000297359869161
-0.00012212994626282364
0.00046196979673328943
-0.00010088995560841953
0.0005469297593509059
-0.00017522992289883393
0.0004885197850512946
-0.000191159915889637
0.0005894097406597141
-0.00019646991355323803
0.0003982498247700771
-0.00018584991822603598
0.0004194898154244812
-0.00014867993458082877
0.000377009834115673
-1.5929992990803085e-05
0.0005363097640237038
-0.00011150995093562158
0.000584099742996113
-6.371997196321234e-05
0.0005203797710329007
-0.00020177991121683906
0.00046196979673328943
-0.0002123999065440411
0.0005416197616873048
-0.0002654998831800514
0.0003239098574796627
-0.00026018988551645034
0.0006265797243049213
-0.00013805993925362673
0.0006053397336505172
-0.00022301990187124316
0.0004885197850512946
-0.00021770990420764215
0.0004938297827148956
-0.0002708098808436524
0.0004354198084152843
-0.00011150995093562158
0.0003239098574796627
-0.00029735986916165755
0.0004566597990696884
-0.00023894989486204624
0.000562859752341709
-0.00014867993458082877
0.0004566597990696884
-8.495996261761645e-05
0.0004566597990696884
-9.55799579448185e-05
0.000748709670567745
-6.371997196321234e-05
0.0005150697733692998
0.0
0.0005309997663601028
-9.55799579448185e-05
0.0006212697266413203
-0.00011681994859922262
0.0005416197616873048
-0.00015929992990803085
0.00041417981776088015
-6.902996962681336e-05
0.00037169983645207196
-5.309997663601028e-05
0.0004991397803784966
-0.00014336993691722776
0.0006318897219685224
6.371997196321234e-05
0.0005575497546781079
-0.00015929992990803085
0.0005150697733692998
-0.0002495698901892483
0.0005522397570145069
-5.309997663601028e-06
0.00033452985280686475
-0.00014336993691722776
0.0004832097873876935
-7.433996729041439e-05
0.0006318897219685224
-0.00012212994626282364
0.00041417981776088015
-6.902996962681336e-05
0.0005044497780420977
-0.00014867993458082877
0.0004566597990696884
-0.00018053992056243494
0.0005256897686965017
-0.00013805993925362673
0.0004354198084152843
-7.433996729041439e-05
0.0005469297593509059
2.1239990654404112e-05
0.0007009196915953357
-6.902996962681336e-05
0.0004566597990696884
-0.00016460992757163186
0.00043010981075168326
-0.0001539899322444298
0.0003398398504704658
-0.00016460992757163186
0.0003079798644888596
-0.00014336993691722776
0.0005787897453325121
-2.654998831800514e-05
0.0005203797710329007
-0.00012743994392642468
0.0006371997196321234
5.840997429961131e-05
0.00046727979439689047
-0.00018584991822603598
0.00037169983645207196
-0.00013805993925362673
0.0002283298995348442
-0.0001327499415900257
0.0006849896986045326
-0.00010619995327202056
0.00035045984579766787
-0.00016460992757163186
0.0004460398037424863
4.2479981308808224e-05
0.0005522397570145069
-0.00020177991121683906
0.000377009834115673
-0.0002442598925256473
0.0003239098574796627
-0.0002123999065440411
0.0005044497780420977
-0.00012743994392642468
0.0005416197616873048
-3.185998598160617e-05
0.0005947197383233151
3.185998598160617e-05
0.0005150697733692998
-0.00014867993458082877
0.0004778997897240925
-0.00016460992757163186
0.00043010981075168326
-6.902996962681336e-05
0.0005309997663601028
-0.00022301990187124316
0.0006318897219685224
-0.00011150995093562158
0.0004885197850512946
-2.1239990654404112e-05
0.0006053397336505172
-0.0002495698901892483
0.0006371997196321234
-0.00018053992056243494
0.0004566597990696884
-4.778997897240925e-05
0.0004725897920604915
5.309997663601028e-06
0.0005947197383233151
-0.00012212994626282364
0.0007221596822497398
-0.00017522992289883393
0.0006743697032773305
-0.0001327499415900257
0.0004460398037424863
-0.00011150995093562158
0.00037169983645207196
-0.0001699199252352329
0.0005203797710329007
-0.00016460992757163186
0.0005575497546781079
-9.026996028121747e-05
0.0005575497546781079
-0.00014867993458082877
0.00039293982710647606
-1.0619995327202056e-05
0.0006106497313141182
-0.0002123999065440411
0.0007327796775769418
2.654998831800514e-05
0.0003663898387884709
-0.00023894989486204624
0.00045134980140608736
-4.778997897240925e-05
0.000573479747668911
-0.00022301990187124316
0.0005469297593509059
-0.00012212994626282364
0.0004885197850512946
-0.00010619995327202056
0.0004778997897240925
-0.0001699199252352329
0.0006106497313141182
-0.00013805993925362673
0.0004778997897240925
-9.026996028121747e-05
0.0005522397570145069
-0.0002708098808436524
0.0005203797710329007
-0.0002123999065440411
0.00043010981075168326
-0.00019646991355323803
0.0005097597757056987
-3.185998598160617e-05
0.0004354198084152843
-0.00013805993925362673
0.00041417981776088015
-0.00020177991121683906
0.00029735986916165755
-0.00018053992056243494
0.0004460398037424863
-6.902996962681336e-05
0.0005309997663601028
-0.00010088995560841953
0.00056816975000531
-1.5929992990803085e-05
0.000573479747668911
-9.55799579448185e-05
0.00045134980140608736
-0.0001699199252352329
0.0005575497546781079
-0.00020177991121683906
0.0004885197850512946
4.2479981308808224e-05
0.0004725897920604915
-0.00012743994392642468
0.0005203797710329007
-0.00011150995093562158
0.000377009834115673
-9.026996028121747e-05
0.0006212697266413203
-0.00011150995093562158
0.0005309997663601028
-9.026996028121747e-05
0.00056816975000531
1.5929992990803085e-05
0.00033452985280686475
-0.00034514984813406683
0.0002867398738344555
-1.5929992990803085e-05
0.00040355982243367813
-0.00014867993458082877
0.0005256897686965017
7.964996495401542e-05
0.0004832097873876935
-0.0001699199252352329
0.000382319831779274
-0.00010088995560841953
0.00041417981776088015
-5.840997429961131e-05
0.00056816975000531
-8.495996261761645e-05
0.0004566597990696884
-8.495996261761645e-05
0.00044072980607888534
-9.026996028121747e-05
0.00046727979439689047
-5.840997429961131e-05
0.0003982498247700771
-7.433996729041439e-05
0.0005894097406597141
-0.00012743994392642468
0.0003982498247700771
-0.00018584991822603598
0.00039293982710647606
-6.371997196321234e-05
0.0006902996962681337
-0.00020177991121683906
0.0004460398037424863
-0.0001327499415900257
0.00040355982243367813
-3.185998598160617e-05
0.0006053397336505172
-3.716998364520719e-05
0.0005150697733692998
-0.00022301990187124316
0.000387629829442875
-8.495996261761645e-05
0.0005150697733692998
-9.026996028121747e-05
0.0004832097873876935
-7.964996495401542e-05
0.0005256897686965017
9.026996028121747e-05
0.0005044497780420977
-0.00025487988785284936
0.0005203797710329007
-5.840997429961131e-05
0.0005097597757056987
-0.00013805993925362673
0.0005309997663601028
-0.000191159915889637
0.0006690597056137295
-0.00025487988785284936
0.0004832097873876935
-5.840997429961131e-05
0.0007168496845861387
-8.495996261761645e-05
0.00037169983645207196
-0.00013805993925362673
0.0006053397336505172
-0.00010088995560841953
0.0005309997663601028
-0.00017522992289883393
0.00046727979439689047
-0.000191159915889637
0.0005097597757056987
-0.00010088995560841953
0.00033452985280686475
-2.654998831800514e-05
0.0006531297126229264
-0.0001539899322444298
0.0005256897686965017
-0.0001327499415900257
0.00046196979673328943
-0.00012743994392642468
0.0005309997663601028
-0.00014867993458082877
0.00041417981776088015
-0.00010619995327202056
0.00040886982009727917
-5.840997429961131e-05
0.0006000297359869161
-9.55799579448185e-05
0.0005894097406597141
-0.00031328986215246066
0.0005097597757056987
-0.00018584991822603598
0.0005203797710329007
-0.00019646991355323803
0.0004725897920604915
-0.00021770990420764215
0.0003239098574796627
-0.0001539899322444298
0.0005097597757056987
-0.00019646991355323803
0.000562859752341709
-0.00014867993458082877
0.0003610798411248699
-0.000191159915889637
0.0006584397102865274
-0.00014867993458082877
0.0004885197850512946
-0.00010619995327202056
0.0006956096939317347
4.778997897240925e-05
0.0004566597990696884
5.309997663601028e-06
0.0004991397803784966
-0.0001539899322444298
0.000573479747668911
-0.00012212994626282364
0.0004460398037424863
-0.00011681994859922262
0.0006265797243049213
-0.00023894989486204624
0.0007009196915953357
-0.00018584991822603598
0.0004778997897240925
-1.5929992990803085e-05
0.0006902996962681337
-0.0001539899322444298
0.000573479747668911
-9.026996028121747e-05
0.00043010981075168326
-0.00031328986215246066
0.0003079798644888596
-3.716998364520719e-05
0.0005256897686965017
-9.55799579448185e-05
0.0004991397803784966
-0.00018584991822603598
0.00056816975000531
-0.00011150995093562158
0.00045134980140608736
-5.840997429961131e-05
0.0004938297827148956
-0.00021770990420764215
0.0003026698668252586
-3.185998598160617e-05
0.0004354198084152843
-0.00012743994392642468
0.0005097597757056987
-5.840997429961131e-05
0.0003982498247700771
-0.0002442598925256473
0.0004885197850512946
-0.00018584991822603598
0.00045134980140608736
-0.00018053992056243494
0.0006425097172957243
-7.433996729041439e-05
0.0004885197850512946
-5.309997663601028e-06
0.0006159597289777192
-4.778997897240925e-05
0.0005097597757056987
-0.00014336993691722776
0.0002654998831800514
-0.00020708990888044008
0.0006053397336505172
-0.00017522992289883393
0.000573479747668911
-7.964996495401542e-05
0.0005256897686965017
-0.00015929992990803085
0.0006106497313141182
4.2479981308808224e-05
0.00035576984346126885
-0.00027611987850725345
0.0004938297827148956
-0.00012212994626282364
0.0005522397570145069
-0.00011150995093562158
0.0005469297593509059
-0.00014336993691722776
0.00020177991121683906
-0.0002708098808436524
0.0005309997663601028
-0.00027611987850725345
0.0006478197149593254
-0.00018053992056243494
0.0006318897219685224
-0.00021770990420764215
0.0004566597990696884
-4.778997897240925e-05
0.0004460398037424863
-0.00012743994392642468
0.0005416197616873048
-0.00020708990888044008
0.0005150697733692998
-0.00012743994392642468
0.0005309997663601028
5.309997663601028e-06
0.0005203797710329007
-0.00031328986215246066
0.0005150697733692998
-0.00031328986215246066
0.00027611987850725345
-7.433996729041439e-05
0.000584099742996113
-0.00017522992289883393
0.0004247998130880822
-8.495996261761645e-05
0.0004725897920604915
-0.00015929992990803085
0.000382319831779274
-0.0001699199252352329
0.0004938297827148956
-6.902996962681336e-05
0.0004460398037424863
-0.00010088995560841953
0.0004885197850512946
-6.902996962681336e-05
0.0005256897686965017
-0.000191159915889637
0.0004460398037424863
-0.00018584991822603598
0.0005416197616873048
5.309997663601028e-06
0.0007009196915953357
-6.902996962681336e-05
0.0006159597289777192
-3.716998364520719e-05
0.0006478197149593254
-0.0001539899322444298
0.00043010981075168326
-0.00014336993691722776
0.000387629829442875
-9.026996028121747e-05
0.0004247998130880822
-4.2479981308808224e-05
0.0004885197850512946
-0.0002708098808436524
0.0006106497313141182
-0.00010088995560841953
0.000584099742996113
-0.00018053992056243494
0.0006212697266413203
-0.00014867993458082877
0.0004938297827148956
-0.00014336993691722776
0.0005787897453325121
-7.964996495401542e-05
0.0005097597757056987
-1.5929992990803085e-05
0.00046196979673328943
-0.0001327499415900257
0.0004194898154244812
-0.00010088995560841953
0.0005894097406597141
8.495996261761645e-05
0.0005575497546781079
-9.026996028121747e-05
0.0005256897686965017
-4.778997897240925e-05
0.0006318897219685224
-0.0003239098574796627
0.0005150697733692998
-9.55799579448185e-05
0.0004460398037424863
-0.000191159915889637
0.0005787897453325121
-4.778997897240925e-05
0.0006106497313141182
-0.00027611987850725345
0.0005522397570145069
-0.00016460992757163186
0.00043010981075168326
-0.00019646991355323803
0.0005575497546781079
-0.000191159915889637
0.00046196979673328943
-0.00026018988551645034
0.0004885197850512946
-0.00011150995093562158
0.00033452985280686475
-0.0001327499415900257
0.000573479747668911
-9.55799579448185e-05
0.00045134980140608736
-0.00010619995327202056
0.0005256897686965017
-0.00015929992990803085
0.0005469297593509059
-4.2479981308808224e-05
0.0005416197616873048
-0.00011681994859922262
0.0005309997663601028
-0.0001539899322444298
0.0006053397336505172
-0.00010619995327202056
0.000573479747668911
-0.00020177991121683906
0.00037169983645207196
-3.185998598160617e-05
0.0003079798644888596
-0.00012743994392642468
0.0005203797710329007
-0.00016460992757163186
0.0005894097406597141
2.1239990654404112e-05
0.0004938297827148956
-5.309997663601028e-06
0.0006318897219685224
-5.309997663601028e-06
0.0003982498247700771
-0.0002123999065440411
0.0004832097873876935
-1.0619995327202056e-05
0.0005150697733692998
-4.778997897240925e-05
0.0004938297827148956
-9.55799579448185e-05
0.0006000297359869161
-0.00016460992757163186
0.00045134980140608736
-5.309997663601028e-06
0.0004885197850512946
-3.185998598160617e-05
0.0005309997663601028
-0.00018053992056243494
0.0004832097873876935
-5.309997663601028e-05
0.000764639663558548
2.1239990654404112e-05
0.0004885197850512946
-0.00014867993458082877
0.0004938297827148956
-9.55799579448185e-05
0.0004247998130880822
-0.00010088995560841953
0.0006000297359869161
-2.1239990654404112e-05
0.00045134980140608736
-0.0002867398738344555
0.0006849896986045326
-0.00018053992056243494
0.00045134980140608736
-0.00010619995327202056
0.0006425097172957243
-0.00012743994392642468
0.0005309997663601028
4.2479981308808224e-05
0.0005787897453325121
-2.654998831800514e-05
0.0004778997897240925
1.0619995327202056e-05
0.0003663898387884709
-5.309997663601028e-06
0.0005575497546781079
-9.026996028121747e-05
0.0006159597289777192
-0.00011681994859922262
0.00035045984579766787
-0.0002283298995348442
0.0003398398504704658
-0.00014336993691722776
0.0005150697733692998
-0.00011150995093562158
0.0006053397336505172
-0.00014336993691722776
0.0006106497313141182
-8.495996261761645e-05
0.0004832097873876935
-5.309997663601028e-06
0.00045134980140608736
-9.026996028121747e-05
0.00040355982243367813
-0.00025487988785284936
0.0004566597990696884
-4.778997897240925e-05
0.00044072980607888534
-0.00011150995093562158
0.0005309997663601028
-6.902996962681336e-05
0.0006318897219685224
-0.00013805993925362673
0.0005309997663601028
2.1239990654404112e-05
0.0004725897920604915
-0.00012743994392642468
0.00040355982243367813
0.00010088995560841953
0.00040355982243367813
-0.000191159915889637
0.0004885197850512946
-0.00018053992056243494
0.00029735986916165755
-0.0001539899322444298
0.0006053397336505172
-0.00011150995093562158
0.0005416197616873048
-5.840997429961131e-05
0.0004725897920604915
-5.309997663601028e-05
0.0006690597056137295
-9.55799579448185e-05
0.0006000297359869161
-0.00010619995327202056
0.000377009834115673
-0.0003026698668252586
0.0005947197383233151
-0.00029735986916165755
0.0004566597990696884
-0.00011150995093562158
0.0003398398504704658
-0.0001699199252352329
0.00033452985280686475
-9.026996028121747e-05
0.0007062296892589367
-0.00014336993691722776
0.000584099742996113
-0.0001327499415900257
0.000584099742996113
5.309997663601028e-05
0.0004460398037424863
-0.00016460992757163186
0.0003982498247700771
-6.902996962681336e-05
0.0005256897686965017
-9.026996028121747e-05
0.0005044497780420977
-5.309997663601028e-06
0.000382319831779274
-4.2479981308808224e-05
0.0004832097873876935
-7.964996495401542e-05
0.0003026698668252586
-0.00016460992757163186
0.0005044497780420977
-9.55799579448185e-05
0.00040886982009727917
5.309997663601028e-06
0.000573479747668911
-0.0002442598925256473
0.0002920498714980565
-0.00015929992990803085
0.0004725897920604915
-0.000191159915889637
0.0005575497546781079
-0.00011150995093562158
0.0005203797710329007
-0.0002123999065440411
0.00044072980607888534
-0.00016460992757163186
0.0003982498247700771
-0.0002495698901892483
0.0005522397570145069
-4.778997897240925e-05
0.00037169983645207196
-6.371997196321234e-05
0.0004460398037424863
6.902996962681336e-05
0.0004566597990696884
-0.0002283298995348442
0.0004566597990696884
-0.00012743994392642468
0.0005947197383233151
-9.026996028121747e-05
0.000584099742996113
-0.00018584991822603598
0.0006265797243049213
-0.0001327499415900257
0.000387629829442875
-0.00031328986215246066
0.00044072980607888534
-0.00012212994626282364
0.0004832097873876935
-3.716998364520719e-05
0.0004778997897240925
-0.00010088995560841953
0.00023894989486204624
3.185998598160617e-05
0.0005309997663601028
-6.371997196321234e-05
0.0004354198084152843
-0.00018584991822603598
0.0005256897686965017
-7.964996495401542e-05
0.0005097597757056987
-0.0001539899322444298
0.0005522397570145069
-0.00012743994392642468
0.0003079798644888596
-0.00014336993691722776
0.0003610798411248699
-0.00014336993691722776
0.00039293982710647606
2.1239990654404112e-05
0.0004725897920604915
-8.495996261761645e-05
0.0006425097172957243
-7.433996729041439e-05
0.0006690597056137295
-2.654998831800514e-05
0.0004725897920604915
-9.026996028121747e-05
0.0005203797710329007
-3.716998364520719e-05
0.000573479747668911
-0.0002814298761708545
0.0004566597990696884
-5.840997429961131e-05
0.00043010981075168326
-0.00010619995327202056
0.0006212697266413203
-0.00012212994626282364
0.0004460398037424863
-4.778997897240925e-05
0.0004991397803784966
-0.00017522992289883393
0.00035576984346126885
-9.55799579448185e-05
0.0004725897920604915
-0.00015929992990803085
0.0005363097640237038
-3.185998598160617e-05
0.0003398398504704658
6.371997196321234e-05
0.0005894097406597141
5.840997429961131e-05
0.0004938297827148956
-6.902996962681336e-05
0.0005575497546781079
-0.00018053992056243494
0.0006425097172957243
-8.495996261761645e-05
0.000562859752341709
-5.309997663601028e-06
0.0005150697733692998
-0.00020708990888044008
0.0004778997897240925
-2.654998831800514e-05
0.0004991397803784966
-6.902996962681336e-05
0.0004778997897240925
-0.0002123999065440411
0.0004460398037424863
-6.371997196321234e-05
0.0006584397102865274
-0.00025487988785284936
0.0005044497780420977
-0.00012212994626282364
0.0005787897453325121
-0.0002283298995348442
0.0004725897920604915
-0.0001699199252352329
0.0004725897920604915
-6.371997196321234e-05
0.0003610798411248699
-0.00011150995093562158
0.0005787897453325121
7.433996729041439e-05
0.0003663898387884709
-6.902996962681336e-05
0.0006053397336505172
-7.964996495401542e-05
0.00045134980140608736
-0.00012212994626282364
0.0007327796775769418
-0.0001699199252352329
0.0006425097172957243
-5.309997663601028e-06
0.0005309997663601028
-0.00010619995327202056
0.0006425097172957243
-4.2479981308808224e-05
0.00046727979439689047
-0.00012212994626282364
0.0006106497313141182
-0.00020708990888044008
0.0006531297126229264
-1.5929992990803085e-05
0.00046727979439689047
-0.00015929992990803085
0.00046196979673328943
-0.00012212994626282364
0.0005787897453325121
5.840997429961131e-05
0.0005575497546781079
-0.00014867993458082877
0.0003982498247700771
-1.5929992990803085e-05
0.0003292198551432637
-0.00013805993925362673
0.0005416197616873048
2.1239990654404112e-05
0.0004938297827148956
-0.00017522992289883393
0.0005522397570145069
-0.00017522992289883393
0.0006106497313141182
2.1239990654404112e-05
0.0006371997196321234
-5.309997663601028e-06
0.0005575497546781079
-0.00010619995327202056
0.0006106497313141182
5.309997663601028e-06
0.0006796797009409316
-0.00012212994626282364
0.0005575497546781079
0.0
0.0004566597990696884
-0.0001327499415900257
0.0004938297827148956
-0.00015929992990803085
0.00046727979439689047
-5.840997429961131e-05
0.0004778997897240925
2.654998831800514e-05
0.0006371997196321234
-2.1239990654404112e-05
0.0005203797710329007
-4.2479981308808224e-05
0.000584099742996113
-0.00020708990888044008
0.0006000297359869161
-7.964996495401542e-05
0.0006053397336505172
-9.026996028121747e-05
0.0006425097172957243
-0.00012743994392642468
0.0004247998130880822
-0.00010088995560841953
0.0005309997663601028
7.433996729041439e-05
0.0004778997897240925
-3.716998364520719e-05
0.0005363097640237038
-0.00012212994626282364
0.0003982498247700771
1.0619995327202056e-05
0.0006637497079501285
-0.0001327499415900257
0.0003398398504704658
-0.00025487988785284936
0.00033452985280686475
-0.00017522992289883393
0.00056816975000531
-7.433996729041439e-05
0.0005416197616873048
-0.0002283298995348442
0.0006796797009409316
-0.00012743994392642468
0.0005256897686965017
-7.433996729041439e-05
0.0004991397803784966
-0.00014336993691722776
0.0005309997663601028
-2.654998831800514e-05
0.00046196979673328943
-0.00023363989719844523
0.0004566597990696884
-0.00014867993458082877
0.0005256897686965017
-0.00021770990420764215
0.0006000297359869161
-6.902996962681336e-05
0.0004778997897240925
-0.00023894989486204624
0.0006743697032773305
-0.00014336993691722776
0.0004832097873876935
-3.185998598160617e-05
0.00041417981776088015
-0.00012743994392642468
0.0004938297827148956
-4.2479981308808224e-05
0.00046196979673328943
-0.00013805993925362673
0.0005044497780420977
-0.00023894989486204624
0.0005416197616873048
-0.00018053992056243494
0.0005044497780420977
-6.371997196321234e-05
0.0004725897920604915
-1.0619995327202056e-05
0.0005150697733692998
-0.00011150995093562158
0.0003982498247700771
-4.778997897240925e-05
0.0006371997196321234
-0.000191159915889637
0.0003239098574796627
-5.309997663601028e-05
0.0005309997663601028
-1.0619995327202056e-05
0.0005256897686965017
-0.00022301990187124316
0.00045134980140608736
-0.00011150995093562158
0.0005256897686965017
-0.0002283298995348442
0.00045134980140608736
-0.00023363989719844523
0.00043010981075168326
8.495996261761645e-05
0.00056816975000531
-5.309997663601028e-06
0.0004194898154244812
-9.55799579448185e-05
0.0004460398037424863
-0.00029735986916165755
0.0006053397336505172
-0.00014336993691722776
0.00045134980140608736
1.0619995327202056e-05
0.0006371997196321234
2.1239990654404112e-05
0.00046196979673328943
-9.55799579448185e-05
0.0004832097873876935
-0.00012743994392642468
0.0004247998130880822
-0.0002495698901892483
0.0004354198084152843
1.0619995327202056e-05
0.0005150697733692998
-0.00014867993458082877
0.0003292198551432637
0.0
0.0005416197616873048
-0.0002495698901892483
0.0004460398037424863
-0.00012743994392642468
0.0005787897453325121
-0.00035576984346126885
0.0003026698668252586
-0.00010619995327202056
0.0006000297359869161
-4.2479981308808224e-05
0.0005150697733692998
-5.309997663601028e-06
0.0003610798411248699
-3.185998598160617e-05
0.0005309997663601028
-0.00025487988785284936
0.0005469297593509059
-0.000191159915889637
0.0006212697266413203
-6.902996962681336e-05
0.00045134980140608736
-0.00021770990420764215
0.0005416197616873048
-0.00012212994626282364
0.00056816975000531
-0.00021770990420764215
0.0005522397570145069
-0.00012743994392642468
0.00046727979439689047
-0.00014336993691722776
0.0005522397570145069
0.0002123999065440411
0.0005256897686965017
-9.55799579448185e-05
0.000377009834115673
-0.00019646991355323803
0.0006159597289777192
-9.55799579448185e-05
0.0004194898154244812
-0.00013805993925362673
0.0006371997196321234
-0.00014336993691722776
0.0004725897920604915
-0.00014336993691722776
0.0005416197616873048
-5.309997663601028e-05
0.0006796797009409316
-5.840997429961131e-05
0.0006478197149593254
-1.5929992990803085e-05
0.0005256897686965017
-0.00011150995093562158
0.0005256897686965017
-6.902996962681336e-05
0.0007009196915953357
-0.0001539899322444298
0.0004247998130880822
-0.00020708990888044008
0.0005894097406597141
-6.902996962681336e-05
0.0005363097640237038
-0.00014336993691722776
0.000584099742996113
-6.902996962681336e-05
0.0006425097172957243
-0.0001539899322444298
0.0004566597990696884
-4.2479981308808224e-05
0.0006425097172957243
-0.00011681994859922262
0.00046727979439689047
-0.0002920498714980565
0.000584099742996113
-0.00011681994859922262
0.0004991397803784966
-2.654998831800514e-05
0.0005894097406597141
-0.0001699199252352329
0.0004460398037424863
-7.964996495401542e-05
0.0005575497546781079
-0.00020177991121683906
0.0006531297126229264
-0.00016460992757163186
0.0003398398504704658
-5.309997663601028e-06
0.0005894097406597141
-0.0001327499415900257
0.0004354198084152843
-4.2479981308808224e-05
0.000562859752341709
-0.0003610798411248699
0.00046196979673328943
-4.778997897240925e-05
0.00046196979673328943
-0.00020708990888044008
0.0004832097873876935
-0.00026018988551645034
0.0003185998598160617
-0.00016460992757163186
0.0006371997196321234
-9.026996028121747e-05
0.000584099742996113
-0.0002123999065440411
0.0006212697266413203
-5.309997663601028e-05
0.0005575497546781079
-9.55799579448185e-05
0.0004460398037424863
-0.0002123999065440411
0.0005363097640237038
-0.0001327499415900257
0.00046727979439689047
-0.00025487988785284936
0.0005522397570145069
-0.00010088995560841953
0.0006478197149593254
-0.000191159915889637
0.0004194898154244812
5.840997429961131e-05
0.00037169983645207196
-0.0002283298995348442
0.0005150697733692998
-0.0001699199252352329
0.0005203797710329007
1.0619995327202056e-05
0.0006265797243049213
-0.00022301990187124316
0.0006690597056137295
-0.00012212994626282364
0.000377009834115673
-0.00020708990888044008
0.0004885197850512946
-9.026996028121747e-05
0.0005469297593509059
-0.00019646991355323803
0.000584099742996113
-7.433996729041439e-05
0.00056816975000531
-0.00016460992757163186
0.0005363097640237038
-5.309997663601028e-06
0.0004460398037424863
-0.00014867993458082877
0.0006212697266413203
-0.00010088995560841953
0.0006743697032773305
-0.00010619995327202056
0.0007115396869225377
-4.2479981308808224e-05
0.0005309997663601028
-0.00014867993458082877
0.0005947197383233151
-6.371997196321234e-05
0.0006159597289777192
5.840997429961131e-05
0.00056816975000531
-0.00020177991121683906
0.000573479747668911
-0.00010088995560841953
0.0004991397803784966
-0.00011150995093562158
0.0004991397803784966
1.0619995327202056e-05
0.0007327796775769418
-0.00020177991121683906
0.0005787897453325121
-0.00016460992757163186
0.000573479747668911
-0.00012743994392642468
0.0005947197383233151
-0.00011681994859922262
0.0005363097640237038
-0.00010088995560841953
0.0006159597289777192
-3.185998598160617e-05
0.0004832097873876935
1.5929992990803085e-05
0.0005097597757056987
-0.00010088995560841953
0.0005044497780420977
-9.026996028121747e-05
0.0005363097640237038
5.840997429961131e-05
0.00039293982710647606
1.5929992990803085e-05
0.000759329665894947
-4.2479981308808224e-05
0.0005309997663601028
-0.00014867993458082877
0.0005097597757056987
-0.00020177991121683906
0.0004938297827148956
-0.00021770990420764215
0.0005363097640237038
-0.00014336993691722776
0.0005309997663601028
-2.654998831800514e-05
0.00043010981075168326
-2.1239990654404112e-05
0.0004938297827148956
-0.00025487988785284936
0.0006956096939317347
-0.00018053992056243494
0.0002920498714980565
-9.026996028121747e-05
0.0005416197616873048
-0.00013805993925362673
0.0005947197383233151
-4.2479981308808224e-05
0.0005097597757056987
-9.026996028121747e-05
0.0004354198084152843
-4.778997897240925e-05
0.0004725897920604915
-9.026996028121747e-05
0.0006000297359869161
-0.0001327499415900257
0.0005416197616873048
-4.2479981308808224e-05
0.0007380896752405429
-5.309997663601028e-05
0.0007062296892589367
-2.654998831800514e-05
0.00056816975000531
-7.433996729041439e-05
0.0005150697733692998
-0.00011150995093562158
0.0005947197383233151
-4.778997897240925e-05
0.00033452985280686475
-9.026996028121747e-05
0.0002654998831800514
-0.00020708990888044008
0.00035576984346126885
-0.0001699199252352329
0.0004354198084152843
1.5929992990803085e-05
0.000764639663558548
-0.00023894989486204624
0.0007274696799133408
-0.00015929992990803085
0.00034514984813406683
-9.026996028121747e-05
0.0004991397803784966
-6.371997196321234e-05
0.0003982498247700771
-0.0001327499415900257
0.0006000297359869161
0.0
0.00046727979439689047
-0.00020177991121683906
0.00045134980140608736
-0.00025487988785284936
0.0003026698668252586
-0.00011150995093562158
0.0005363097640237038
-0.00010088995560841953
0.0005256897686965017
-3.185998598160617e-05
0.000387629829442875
-6.902996962681336e-05
0.0004778997897240925
-9.026996028121747e-05
0.00056816975000531
-1.5929992990803085e-05
0.0005575497546781079
0.0001327499415900257
0.0005416197616873048
-8.495996261761645e-05
0.0005894097406597141
-1.0619995327202056e-05
0.0006743697032773305
-3.716998364520719e-05
0.0006425097172957243
-2.654998831800514e-05
0.0005309997663601028
2.1239990654404112e-05
0.0005150697733692998
-1.5929992990803085e-05
0.0005469297593509059
-6.902996962681336e-05
0.0004194898154244812
-0.00025487988785284936
0.00045134980140608736
1.0619995327202056e-05
0.0004885197850512946
-0.00012743994392642468
0.0005469297593509059
-0.00014336993691722776
0.0005256897686965017
-0.00017522992289883393
0.0006000297359869161
-5.840997429961131e-05
0.0005097597757056987
-0.0002708098808436524
0.0006849896986045326
-0.00010619995327202056
0.00041417981776088015
-0.0001539899322444298
0.000562859752341709
-0.00018584991822603598
0.00025487988785284936
-0.00015929992990803085
0.000382319831779274
-6.902996962681336e-05
0.0005947197383233151
-0.0002654998831800514
0.0003398398504704658
-0.00017522992289883393
0.00035045984579766787
-0.00011150995093562158
0.0003982498247700771
-7.964996495401542e-05
0.000562859752341709
-0.00011150995093562158
0.0005522397570145069
-0.00014867993458082877
0.0006849896986045326
-3.185998598160617e-05
0.0004778997897240925
-0.0001539899322444298
0.0004938297827148956
-0.00014867993458082877
0.0004778997897240925
-0.0001327499415900257
0.0005309997663601028
-0.00018584991822603598
0.000584099742996113
-2.654998831800514e-05
0.0006743697032773305
-0.00020177991121683906
0.0005309997663601028
-0.00011681994859922262
0.0003398398504704658
-5.309997663601028e-05
0.0004938297827148956
1.0619995327202056e-05
0.000387629829442875
-4.2479981308808224e-05
0.00039293982710647606
0.0
0.0005203797710329007
-0.0001327499415900257
0.00021770990420764215
3.185998598160617e-05
0.0006106497313141182
-4.2479981308808224e-05
0.000573479747668911
-7.433996729041439e-05
0.0004938297827148956
-9.026996028121747e-05
0.0004778997897240925
-9.55799579448185e-05
0.0004247998130880822
-5.309997663601028e-05
0.0004354198084152843
-3.716998364520719e-05
0.0004354198084152843
-7.433996729041439e-05
0.0006318897219685224
-0.00011681994859922262
0.0005256897686965017
-6.371997196321234e-05
0.00056816975000531
-0.00021770990420764215
0.0005363097640237038
-0.00012212994626282364
0.000562859752341709
5.309997663601028e-06
0.0004725897920604915
-0.00014867993458082877
0.0006425097172957243
-9.026996028121747e-05
0.0004938297827148956
-1.5929992990803085e-05
0.00039293982710647606
-0.00018584991822603598
0.0005416197616873048
-3.716998364520719e-05
0.0006053397336505172
-0.00014867993458082877
0.00046727979439689047
-0.00016460992757163186
0.000382319831779274
4.2479981308808224e-05
0.0004832097873876935
-0.00017522992289883393
0.0005203797710329007
-2.1239990654404112e-05
0.0005469297593509059
-0.00014336993691722776
0.00046196979673328943
-6.902996962681336e-05
0.0004354198084152843
0.0
0.0003239098574796627
-0.0001539899322444298
0.0004938297827148956
0.00012212994626282364
0.0005416197616873048
-0.0001699199252352329
0.00031328986215246066
-9.026996028121747e-05
0.0003185998598160617
-0.0001539899322444298
0.00045134980140608736
-3.716998364520719e-05
0.00046196979673328943
2.1239990654404112e-05
0.0004460398037424863
-8.495996261761645e-05
0.0004460398037424863
-0.00020177991121683906
0.0005044497780420977
-2.654998831800514e-05
0.0006318897219685224
-0.00019646991355323803
0.0005416197616873048
0.0
0.0004885197850512946
-0.00015929992990803085
0.00045134980140608736
-0.00012743994392642468
0.0004885197850512946
-4.778997897240925e-05
0.00056816975000531
-1.0619995327202056e-05
0.0003185998598160617
-0.0002283298995348442
0.0002283298995348442
-7.964996495401542e-05
0.000382319831779274
-4.2479981308808224e-05
0.00039293982710647606
-0.00016460992757163186
0.000584099742996113
-0.00018584991822603598
0.0005416197616873048
-5.309997663601028e-05
0.0004194898154244812
-4.778997897240925e-05
0.000584099742996113
-0.00012212994626282364
0.0006159597289777192
-0.00021770990420764215
0.0006690597056137295
-0.0002123999065440411
0.0005894097406597141
-7.964996495401542e-05
0.0005469297593509059
-9.55799579448185e-05
0.0003663898387884709
-7.964996495401542e-05
0.0005309997663601028
-0.0001327499415900257
0.0005575497546781079
-0.0002920498714980565
0.0005097597757056987
-5.309997663601028e-06
0.000382319831779274
-0.0002442598925256473
0.0004354198084152843
-0.000191159915889637
0.00046727979439689047
-0.0002814298761708545
0.0007009196915953357
-0.0001327499415900257
0.0006106497313141182
3.185998598160617e-05
0.0005309997663601028
-9.55799579448185e-05
0.0006212697266413203
6.371997196321234e-05
0.00037169983645207196
0.0
0.0006584397102865274
-0.00020177991121683906
0.0005947197383233151
5.309997663601028e-06
0.0004938297827148956
-0.00012212994626282364
0.00041417981776088015
-2.1239990654404112e-05
0.0005150697733692998
5.309997663601028e-05
0.0005044497780420977
-0.00011150995093562158
0.0004938297827148956
-5.840997429961131e-05
0.000562859752341709
-0.00016460992757163186
0.000584099742996113
-0.00010088995560841953
0.0005575497546781079
-0.00014867993458082877
0.0006318897219685224
-0.00014336993691722776
0.0004938297827148956
-0.00011681994859922262
0.0006584397102865274
-2.654998831800514e-05
0.0005575497546781079
-0.0001327499415900257
0.0003398398504704658
-5.840997429961131e-05
0.0005203797710329007
-9.026996028121747e-05
0.00035045984579766787
-6.371997196321234e-05
0.00041417981776088015
-0.00014867993458082877
0.0005309997663601028
-0.000191159915889637
0.00043010981075168326
-0.00014867993458082877
0.0003982498247700771
-0.00010619995327202056
0.0004832097873876935
-3.716998364520719e-05
0.00035045984579766787
-0.00011681994859922262
0.0004354198084152843
-8.495996261761645e-05
0.0005469297593509059
-0.00018584991822603598
0.0004247998130880822
-0.0001699199252352329
0.0005575497546781079
-0.00021770990420764215
0.00040355982243367813
-2.1239990654404112e-05
0.0005097597757056987
-0.0002920498714980565
0.000382319831779274
-2.654998831800514e-05
0.0007168496845861387
-0.0003185998598160617
0.0006106497313141182
-0.00016460992757163186
0.0006000297359869161
-0.00022301990187124316
0.000387629829442875
-0.00010619995327202056
0.0004460398037424863
3.185998598160617e-05
0.0007221596822497398
-0.0003026698668252586
0.0005522397570145069
-0.00011681994859922262
0.0004938297827148956
-0.00016460992757163186
0.00043010981075168326
-9.026996028121747e-05
0.00035045984579766787
-0.0003026698668252586
0.0004991397803784966
-0.00013805993925362673
0.0003982498247700771
-0.00018053992056243494
0.00046196979673328943
-2.654998831800514e-05
0.0004354198084152843
-0.00023363989719844523
0.0005256897686965017
-0.00011681994859922262
0.0004991397803784966
-0.00018053992056243494
0.0005787897453325121
-5.840997429961131e-05
0.0006106497313141182
-0.00012212994626282364
0.0006159597289777192
-0.0002283298995348442
0.0004460398037424863
-0.00037169983645207196
0.0005575497546781079
-7.964996495401542e-05
0.0005947197383233151
-1.0619995327202056e-05
0.000387629829442875
-7.964996495401542e-05
0.0006584397102865274
-0.00018584991822603598
0.0004778997897240925
-0.00012212994626282364
0.0003982498247700771
-0.00019646991355323803
0.0004725897920604915
-5.309997663601028e-06
0.0004566597990696884
-0.00012212994626282364
0.0002654998831800514
-0.0001699199252352329
0.0005469297593509059
-5.840997429961131e-05
0.000573479747668911
-0.00020177991121683906
0.0005947197383233151
2.1239990654404112e-05
0.00045134980140608736
-0.00012212994626282364
0.00046727979439689047
-2.654998831800514e-05
0.0004194898154244812
-6.902996962681336e-05
0.0006478197149593254
-0.0001699199252352329
0.0005575497546781079
2.654998831800514e-05
0.0005363097640237038
2.1239990654404112e-05
0.0004194898154244812
2.1239990654404112e-05
0.0004991397803784966
-5.309997663601028e-06
0.0007433996729041439
-0.00010619995327202056
0.0004194898154244812
-7.964996495401542e-05
0.0005894097406597141
-5.309997663601028e-05
0.0005150697733692998
-0.00011681994859922262
0.0006743697032773305
-0.00013805993925362673
0.0005787897453325121
-0.00017522992289883393
0.00045134980140608736
-0.0002123999065440411
0.0005363097640237038
-0.00017522992289883393
0.0004460398037424863
-4.778997897240925e-05
0.0004885197850512946
-0.0001327499415900257
0.00037169983645207196
-0.00014867993458082877
0.0004778997897240925
-0.00023363989719844523
0.0004991397803784966
-8.495996261761645e-05
0.0006425097172957243
-0.0002495698901892483
0.0004354198084152843
-0.000191159915889637
0.0005203797710329007
-0.00018053992056243494
0.0007168496845861387
-0.0002495698901892483
0.0004725897920604915
-0.00012743994392642468
0.0004778997897240925
-0.00019646991355323803
0.0004991397803784966
-0.00026018988551645034
0.00056816975000531
-0.00012743994392642468
0.0004778997897240925
-6.371997196321234e-05
0.00035576984346126885
-8.495996261761645e-05
0.000377009834115673
5.309997663601028e-06
0.0004778997897240925
-5.309997663601028e-05
0.0005150697733692998
-0.00026018988551645034
0.0004247998130880822
-0.00011681994859922262
0.0004460398037424863
-9.026996028121747e-05
0.0006478197149593254
5.309997663601028e-06
0.000382319831779274
0.00011150995093562158
0.0003292198551432637
-0.00011150995093562158
0.0004991397803784966
-0.00017522992289883393
0.0005522397570145069
-0.00020708990888044008
0.00046727979439689047
-3.716998364520719e-05
0.00035045984579766787
-0.00014867993458082877
0.0005097597757056987
-0.0002283298995348442
0.0004725897920604915
5.840997429961131e-05
0.00041417981776088015
-1.5929992990803085e-05
0.00039293982710647606
-0.00019646991355323803
0.00046727979439689047
-0.00015929992990803085
0.00045134980140608736
-7.433996729041439e-05
0.0005363097640237038
-1.0619995327202056e-05
0.0005575497546781079
-9.55799579448185e-05
0.0005150697733692998
-0.00017522992289883393
0.0003398398504704658
-0.0002495698901892483
0.00040886982009727917
-8.495996261761645e-05
0.0005416197616873048
-8.495996261761645e-05
0.0004566597990696884
-0.0002708098808436524
0.0004938297827148956
-0.00023363989719844523
0.00034514984813406683
-0.00012212994626282364
0.0005097597757056987
-0.00013805993925362673
0.0004725897920604915
-3.185998598160617e-05
0.0005044497780420977
-0.00019646991355323803
0.0006106497313141182
-0.0001327499415900257
0.00043010981075168326
-0.00013805993925362673
0.00056816975000531
-0.00020177991121683906
0.0005469297593509059
-0.0001699199252352329
0.0005256897686965017
-0.0001699199252352329
0.00040886982009727917
-0.0002814298761708545
0.0004991397803784966
-0.0002442598925256473
0.0007168496845861387
-0.00017522992289883393
0.0004194898154244812
5.309997663601028e-05
0.0004566597990696884
-0.000191159915889637
0.00041417981776088015
-0.0001539899322444298
0.0004885197850512946
-0.00012743994392642468
0.00040355982243367813
-0.00014867993458082877
0.0006690597056137295
-7.433996729041439e-05
0.000562859752341709
-0.0002867398738344555
0.0005150697733692998
-0.00023363989719844523
0.0004832097873876935
-0.0001699199252352329
0.0006106497313141182
-0.0002283298995348442
0.00040886982009727917
-1.0619995327202056e-05
0.00040886982009727917
-0.00011150995093562158
0.0005097597757056987
-0.00020177991121683906
0.000382319831779274
-0.000191159915889637
0.0004354198084152843
-0.00017522992289883393
0.0004354198084152843
-0.00014336993691722776
0.0007115396869225377
-0.00025487988785284936
0.0004991397803784966
-0.00016460992757163186
0.0006265797243049213
-4.778997897240925e-05
0.00033452985280686475
-0.00018584991822603598
0.0004725897920604915
-0.0002867398738344555
0.0004991397803784966
-0.00020177991121683906
0.0005894097406597141
-0.00018053992056243494
0.000584099742996113
5.309997663601028e-06
0.00044072980607888534
-6.902996962681336e-05
0.0004832097873876935
-3.185998598160617e-05
0.0004247998130880822
-0.00018053992056243494
0.00044072980607888534
-0.00019646991355323803
0.0005575497546781079
-0.0002283298995348442
0.0004566597990696884
-0.00037169983645207196
0.0004938297827148956
-0.00020177991121683906
0.0006106497313141182
-0.00010619995327202056
0.0005256897686965017
-0.00012743994392642468
0.0006053397336505172
0.0
0.00043010981075168326
-0.0001699199252352329
0.0002867398738344555
0.0
0.0005522397570145069
-0.00012743994392642468
0.0002920498714980565
-0.0004194898154244812
0.0004566597990696884
-0.00023894989486204624
0.0005309997663601028
-0.00020177991121683906
0.000573479747668911
-0.00019646991355323803
0.000584099742996113
-0.0001699199252352329
0.0006159597289777192
-0.00020177991121683906
0.00037169983645207196
-0.00014336993691722776
0.00035576984346126885
-0.00020708990888044008
0.0005150697733692998
-0.00019646991355323803
0.0005150697733692998
-0.0001327499415900257
0.0005469297593509059
-5.309997663601028e-05
0.0006000297359869161
-3.185998598160617e-05
0.00037169983645207196
-0.00020177991121683906
0.0007062296892589367
-4.2479981308808224e-05
0.0005256897686965017
-0.00018584991822603598
0.0006212697266413203
-0.00012743994392642468
0.00033452985280686475
-0.000191159915889637
0.0008071196448673563
-4.778997897240925e-05
0.0005097597757056987
-2.654998831800514e-05
0.0005522397570145069
-7.433996729041439e-05
0.0004460398037424863
-0.0002123999065440411
0.0003026698668252586
-6.371997196321234e-05
0.000562859752341709
-0.00020177991121683906
0.0004938297827148956
-0.0001327499415900257
0.0007327796775769418
-0.00012212994626282364
0.0004566597990696884
-0.0002283298995348442
0.0003292198551432637
-0.00014336993691722776
0.0005416197616873048
-0.0002708098808436524
0.00035576984346126885
-8.495996261761645e-05
0.0005363097640237038
-0.00012743994392642468
0.00040355982243367813
-7.964996495401542e-05
0.0004194898154244812
-0.00023363989719844523
0.0006318897219685224
-0.0002283298995348442
0.0005522397570145069
-4.778997897240925e-05
0.000573479747668911
-0.0001699199252352329
0.0004460398037424863
-0.0001699199252352329
0.0004991397803784966
-0.00019646991355323803
0.0005309997663601028
-9.55799579448185e-05
0.0005469297593509059
-7.433996729041439e-05
0.0006531297126229264
-1.5929992990803085e-05
0.000562859752341709
-9.026996028121747e-05
0.0004938297827148956
-0.00020708990888044008
0.000377009834115673
-0.00019646991355323803
0.0006478197149593254
-0.0001327499415900257
0.0005150697733692998
-0.00010619995327202056
0.0004938297827148956
-0.00021770990420764215
0.0005894097406597141
-5.840997429961131e-05
0.0005203797710329007
-0.00017522992289883393
0.0006212697266413203
-0.00011150995093562158
0.00041417981776088015
-0.00011150995093562158
0.00056816975000531
-0.0002495698901892483
0.0007009196915953357
1.0619995327202056e-05
0.0005947197383233151
-0.0001539899322444298
0.0005256897686965017
-5.309997663601028e-05
0.0004725897920604915
-5.840997429961131e-05
0.0003026698668252586
-7.433996729041439e-05
0.0004354198084152843
-0.00013805993925362673
0.0003610798411248699
-0.00025487988785284936
0.0005044497780420977
-0.00014336993691722776
0.0005787897453325121
-0.00016460992757163186
0.0004885197850512946
-0.0002123999065440411
0.00046196979673328943
-0.00013805993925362673
0.0006849896986045326
-0.00015929992990803085
0.0006265797243049213
-0.00011150995093562158
0.0004725897920604915
-0.00012212994626282364
0.0004247998130880822
-0.00011681994859922262
0.0005150697733692998
-0.00012743994392642468
0.0005575497546781079
-0.00025487988785284936
0.00045134980140608736
-0.00010619995327202056
0.0005044497780420977
-2.1239990654404112e-05
0.00040355982243367813
-7.433996729041439e-05
0.000387629829442875
-0.00023894989486204624
0.0004938297827148956
-1.0619995327202056e-05
0.0005256897686965017
-0.00018053992056243494
0.0006212697266413203
-3.185998598160617e-05
0.0005256897686965017
-0.00023894989486204624
0.0006265797243049213
-5.840997429961131e-05
0.0005522397570145069
-0.0001699199252352329
0.0007062296892589367
-3.716998364520719e-05
0.0005416197616873048
-0.00020708990888044008
0.0003398398504704658
-7.964996495401542e-05
0.0005044497780420977
-6.902996962681336e-05
0.0005150697733692998
-0.00020177991121683906
0.0005309997663601028
3.716998364520719e-05
0.00056816975000531
-0.0001539899322444298
0.000584099742996113
-0.00010619995327202056
0.00037169983645207196
-7.433996729041439e-05
0.0005363097640237038
-0.0001539899322444298
0.0004566597990696884
-0.00013805993925362673
0.0006159597289777192
-0.0001327499415900257
0.0004566597990696884
-0.0002814298761708545
0.00041417981776088015
-6.371997196321234e-05
0.00045134980140608736
-0.0002123999065440411
0.0004725897920604915
-9.026996028121747e-05
0.0005522397570145069
-0.00022301990187124316
0.0005044497780420977
-0.00012212994626282364
0.000573479747668911
-0.00016460992757163186
0.00037169983645207196
-7.433996729041439e-05
0.0005363097640237038
-0.00016460992757163186
0.0004725897920604915
-0.00013805993925362673
0.0005044497780420977
-0.00027611987850725345
0.0004991397803784966
-0.0001539899322444298
0.00046727979439689047
-0.00010088995560841953
0.0005575497546781079
-8.495996261761645e-05
0.0005097597757056987
-7.433996729041439e-05
0.0005150697733692998
-6.371997196321234e-05
0.00040886982009727917
-0.00016460992757163186
0.0006053397336505172
-2.1239990654404112e-05
0.0005203797710329007
-0.00014336993691722776
0.0005097597757056987
-5.309997663601028e-06
0.00056816975000531
-0.00023363989719844523
0.00034514984813406683
-9.55799579448185e-05
0.00045134980140608736
-0.00020708990888044008
0.0004566597990696884
-0.00018053992056243494
0.0006265797243049213
-5.309997663601028e-05
0.00031328986215246066
-0.00012743994392642468
0.0004354198084152843
5.309997663601028e-06
0.00056816975000531
-0.0002654998831800514
0.000573479747668911
-0.00015929992990803085
0.0004247998130880822
-0.00013805993925362673
0.00040355982243367813
-5.309997663601028e-05
0.0003663898387884709
-0.00010619995327202056
0.0005097597757056987
-1.0619995327202056e-05
0.0006902996962681337
-0.00017522992289883393
0.0006053397336505172
-7.964996495401542e-05
0.00044072980607888534
-0.00013805993925362673
0.0005309997663601028
-0.00012212994626282364
0.00046727979439689047
-0.00020708990888044008
0.0006637497079501285
-7.433996729041439e-05
0.0004778997897240925
-6.902996962681336e-05
0.00039293982710647606
-0.00014336993691722776
0.000387629829442875
-0.00017522992289883393
0.00056816975000531
-7.964996495401542e-05
0.00046196979673328943
-1.5929992990803085e-05
0.00046196979673328943
-0.00011681994859922262
0.00044072980607888534
-3.185998598160617e-05
0.000387629829442875
-0.0002442598925256473
0.000562859752341709
7.433996729041439e-05
0.0004991397803784966
-3.716998364520719e-05
0.0005575497546781079
-0.00014336993691722776
0.00040886982009727917
-3.185998598160617e-05
0.0004832097873876935
-3.716998364520719e-05
0.0006478197149593254
-8.495996261761645e-05
0.0004778997897240925
4.2479981308808224e-05
0.00046727979439689047
-3.185998598160617e-05
0.0005469297593509059
-1.5929992990803085e-05
0.0006053397336505172
-7.433996729041439e-05
0.0007274696799133408
-6.371997196321234e-05
0.0006425097172957243
1.0619995327202056e-05
0.00041417981776088015
-0.00014867993458082877
0.000387629829442875
-0.00016460992757163186
0.0005363097640237038
-0.00016460992757163186
0.0005097597757056987
-0.00019646991355323803
0.0006796797009409316
-0.00020708990888044008
0.0005097597757056987
-5.840997429961131e-05
0.0005363097640237038
-4.2479981308808224e-05
0.0005575497546781079
-7.964996495401542e-05
0.00046196979673328943
-0.00010619995327202056
0.0005150697733692998
-0.0001539899322444298
0.000562859752341709
-5.309997663601028e-06
0.000754019668231346
-0.00022301990187124316
0.0004885197850512946
-9.026996028121747e-05
0.0006159597289777192
-0.00023894989486204624
0.00039293982710647606
-0.00014336993691722776
0.0005150697733692998
-0.00019646991355323803
0.0005469297593509059
5.309997663601028e-06
0.0006265797243049213
-6.371997196321234e-05
0.000573479747668911
-0.00011681994859922262
0.0005256897686965017
-0.00014336993691722776
0.00046727979439689047
-0.00027611987850725345
0.0004938297827148956
-0.00026018988551645034
0.0005416197616873048
-2.654998831800514e-05
0.0005097597757056987
-0.00010088995560841953
0.0005150697733692998
-0.0001699199252352329
0.0005522397570145069
-0.00010619995327202056
0.0006371997196321234
-0.00021770990420764215
0.0004778997897240925
2.654998831800514e-05
0.00040886982009727917
-2.654998831800514e-05
0.0005575497546781079
6.371997196321234e-05
0.0005256897686965017
-2.1239990654404112e-05
0.0005309997663601028
-7.433996729041439e-05
0.00046727979439689047
-5.309997663601028e-05
0.0004725897920604915
-0.00010088995560841953
0.0006425097172957243
-0.00010088995560841953
0.00035576984346126885
-0.00025487988785284936
0.0005416197616873048
-0.000191159915889637
0.0004354198084152843
-0.00017522992289883393
0.0005787897453325121
-0.0001327499415900257
0.0004938297827148956
-0.00011681994859922262
0.0005894097406597141
-0.000191159915889637
0.00056816975000531
1.5929992990803085e-05
0.0004566597990696884
-0.000191159915889637
0.000573479747668911
-0.00029735986916165755
0.00043010981075168326
-0.00010088995560841953
0.0005522397570145069
-0.0002283298995348442
0.000377009834115673
-0.00012743994392642468
0.0005947197383233151
-3.716998364520719e-05
0.0005309997663601028
-2.1239990654404112e-05
0.0005363097640237038
1.0619995327202056e-05
0.0006106497313141182
-9.55799579448185e-05
0.0006159597289777192
-9.55799579448185e-05
0.0005150697733692998
-3.716998364520719e-05
0.0005256897686965017
-0.00020708990888044008
0.000562859752341709
-0.00014336993691722776
0.0005097597757056987
-0.00016460992757163186
0.0004354198084152843
-5.309997663601028e-06
0.0005522397570145069
-0.0002283298995348442
0.0004725897920604915
-9.026996028121747e-05
0.0004832097873876935
-0.00020708990888044008
0.0005363097640237038
3.185998598160617e-05
0.0005256897686965017
-1.5929992990803085e-05
0.0005469297593509059
-4.778997897240925e-05
0.0007062296892589367
-0.0002814298761708545
0.0006318897219685224
-1.5929992990803085e-05
0.0005469297593509059
-0.00015929992990803085
0.0006265797243049213
-0.0001699199252352329
0.0006371997196321234
-0.00020708990888044008
0.0007433996729041439
-0.00011150995093562158
0.00041417981776088015
-0.00010619995327202056
0.0006478197149593254
-0.00014867993458082877
0.0005044497780420977
-0.00025487988785284936
0.0004991397803784966
-0.00023363989719844523
0.0006318897219685224
-0.0001539899322444298
0.00045134980140608736
-2.1239990654404112e-05
0.0003292198551432637
-9.026996028121747e-05
0.0005044497780420977
-2.654998831800514e-05
0.0004832097873876935
-0.0001539899322444298
0.0005150697733692998
-0.00019646991355323803
0.00039293982710647606
4.778997897240925e-05
0.0004832097873876935
-2.1239990654404112e-05
0.0005309997663601028
4.778997897240925e-05
0.00046727979439689047
-0.00012743994392642468
0.0007858796542129521
-0.0002654998831800514
0.0004885197850512946
-9.55799579448185e-05
0.0006690597056137295
-2.654998831800514e-05
0.0005894097406597141
0.00010619995327202056
0.0003663898387884709
-1.0619995327202056e-05
0.0006690597056137295
-0.00016460992757163186
0.000573479747668911
-9.026996028121747e-05
0.0004885197850512946
-0.0002123999065440411
0.0004885197850512946
2.654998831800514e-05
0.00046196979673328943
-3.716998364520719e-05
0.0006425097172957243
-5.309997663601028e-05
0.0007115396869225377
-9.026996028121747e-05
0.0004991397803784966
-0.000191159915889637
0.0004832097873876935
-0.00012743994392642468
0.0004247998130880822
-0.0001699199252352329
0.0005256897686965017
-1.0619995327202056e-05
0.0005363097640237038
-0.00018053992056243494
0.0005256897686965017
-0.00014867993458082877
0.0004460398037424863
-0.0002867398738344555
0.0004460398037424863
-0.00014867993458082877
0.0004194898154244812
-0.0001539899322444298
0.0007115396869225377
-7.433996729041439e-05
0.00037169983645207196
-0.00013805993925362673
0.0005309997663601028
0.00011150995093562158
0.00041417981776088015
-4.778997897240925e-05
0.0004991397803784966
-0.00017522992289883393
0.0004778997897240925
7.433996729041439e-05
0.0005947197383233151
-0.00012212994626282364
0.0004832097873876935
-0.0001327499415900257
0.0005203797710329007
5.309997663601028e-05
0.0005363097640237038
-0.00017522992289883393
0.0005947197383233151
4.778997897240925e-05
0.0006371997196321234
-3.185998598160617e-05
0.0005150697733692998
-0.00020177991121683906
0.0004566597990696884
-9.026996028121747e-05
0.0005787897453325121
-9.55799579448185e-05
0.0008177396401945583
-0.00010088995560841953
0.00041417981776088015
-2.1239990654404112e-05
0.00056816975000531
-0.00010088995560841953
0.0003239098574796627
-9.026996028121747e-05
0.0006796797009409316
-6.371997196321234e-05
0.0006902996962681337
-0.00013805993925362673
0.0004566597990696884
-0.00012743994392642468
0.0004194898154244812
-0.0001539899322444298
0.0004885197850512946
-6.902996962681336e-05
0.0005575497546781079
-0.00020708990888044008
0.0004778997897240925
-0.00026018988551645034
0.00046727979439689047
-4.2479981308808224e-05
0.0005575497546781079
-0.0002123999065440411
0.0004991397803784966
-3.185998598160617e-05
0.0005469297593509059
1.0619995327202056e-05
0.0006000297359869161
-0.00011150995093562158
0.0003610798411248699
-0.00027611987850725345
0.00056816975000531
-0.000191159915889637
0.0004832097873876935
-0.00011150995093562158
0.0003982498247700771
-0.00016460992757163186
0.000764639663558548
-7.433996729041439e-05
0.0005787897453325121
-1.0619995327202056e-05
0.0006265797243049213
-0.0002123999065440411
0.00056816975000531
-9.55799579448185e-05
0.0008071196448673563
-9.026996028121747e-05
0.0007858796542129521
3.185998598160617e-05
0.0004938297827148956
-0.00014867993458082877
0.0004354198084152843
-0.00017522992289883393
0.00035576984346126885
-8.495996261761645e-05
0.0004991397803784966
-0.0002495698901892483
0.0004938297827148956
-0.00015929992990803085
0.0006212697266413203
-0.00013805993925362673
0.0005097597757056987
1.5929992990803085e-05
0.0005044497780420977
5.840997429961131e-05
0.0007274696799133408
-0.00012212994626282364
0.0004991397803784966
-2.1239990654404112e-05
0.0004460398037424863
-0.0003079798644888596
0.0006318897219685224
-3.185998598160617e-05
0.0005309997663601028
-0.00010619995327202056
0.00040355982243367813
-2.1239990654404112e-05
0.0006265797243049213
-0.00019646991355323803
0.0005947197383233151
-7.964996495401542e-05
0.0002654998831800514
-4.778997897240925e-05
0.00041417981776088015
-5.309997663601028e-05
0.0005575497546781079
-0.00021770990420764215
0.0005044497780420977
-7.433996729041439e-05
0.0003610798411248699
-6.371997196321234e-05
0.0005044497780420977
-6.902996962681336e-05
0.0004938297827148956
-0.0001327499415900257
0.0004991397803784966
-7.433996729041439e-05
0.0005097597757056987
-2.1239990654404112e-05
0.00035045984579766787
-0.00013805993925362673
0.0005097597757056987
-0.00014867993458082877
0.0005203797710329007
-0.0001539899322444298
0.0005787897453325121
-9.55799579448185e-05
0.0006637497079501285
-0.00010619995327202056
0.0005309997663601028
-0.00021770990420764215
0.0005097597757056987
-0.00018053992056243494
0.0005150697733692998
-0.00018053992056243494
0.000562859752341709
-9.55799579448185e-05
0.0007062296892589367
-0.00018053992056243494
0.0004354198084152843
-8.495996261761645e-05
0.00045134980140608736
2.1239990654404112e-05
0.0005575497546781079
-0.0002814298761708545
0.00044072980607888534
-0.00023363989719844523
0.0005044497780420977
-5.309997663601028e-05
0.0006425097172957243
-0.0002123999065440411
0.00040355982243367813
-0.00022301990187124316
0.0005044497780420977
-0.0001327499415900257
0.0004885197850512946
-0.00020708990888044008
0.0006106497313141182
-0.00011681994859922262
0.0006106497313141182
-0.00016460992757163186
0.0005044497780420977
-6.902996962681336e-05
0.0004725897920604915
-0.00020708990888044008
0.0005256897686965017
-0.0002123999065440411
0.00041417981776088015
-8.495996261761645e-05
0.0002283298995348442
-0.0002123999065440411
0.0005097597757056987
-0.0003026698668252586
0.000382319831779274
-0.0003239098574796627
0.000584099742996113
-0.00013805993925362673
0.0005097597757056987
-6.371997196321234e-05
0.000562859752341709
-0.00017522992289883393
0.000573479747668911
-0.0003239098574796627
0.0004194898154244812
-0.0002123999065440411
0.0006159597289777192
-0.0001539899322444298
0.0004247998130880822
-6.902996962681336e-05
0.0005469297593509059
-0.00011150995093562158
0.0003610798411248699
-5.840997429961131e-05
0.000382319831779274
-0.00013805993925362673
0.0005097597757056987
-0.00023363989719844523
0.0004354198084152843
-9.55799579448185e-05
0.0006000297359869161
1.5929992990803085e-05
0.0005469297593509059
-0.00023363989719844523
0.00035576984346126885
5.309997663601028e-06
0.0006531297126229264
-0.00016460992757163186
0.0005575497546781079
-0.00025487988785284936
0.0004938297827148956
-0.0001699199252352329
0.00040886982009727917
-3.716998364520719e-05
0.0002708098808436524
-0.00019646991355323803
0.0004194898154244812
-0.00012212994626282364
0.000584099742996113
-6.902996962681336e-05
0.00046196979673328943
-0.00012743994392642468
0.00037169983645207196
-8.495996261761645e-05
0.0005203797710329007
-5.840997429961131e-05
0.00043010981075168326
2.654998831800514e-05
0.0006159597289777192
-1.5929992990803085e-05
0.0004354198084152843
-0.00014336993691722776
0.00077525965888575
-7.433996729041439e-05
0.0005416197616873048
-0.0002814298761708545
0.0004885197850512946
-0.00015929992990803085
0.00043010981075168326
-0.00012743994392642468
0.0003982498247700771
-0.0003026698668252586
0.0006106497313141182
-0.0001539899322444298
0.00041417981776088015
-5.840997429961131e-05
0.000573479747668911
-0.00018584991822603598
0.0003185998598160617
2.1239990654404112e-05
0.00041417981776088015
-0.0001327499415900257
0.0004991397803784966
-0.0001539899322444298
0.00045134980140608736
-0.00019646991355323803
0.0004194898154244812
5.309997663601028e-06
0.0004832097873876935
-0.00027611987850725345
0.0005522397570145069
-2.654998831800514e-05
0.0004778997897240925
-0.00012743994392642468
0.0004778997897240925
-0.00010088995560841953
0.0004832097873876935
-0.00014867993458082877
0.0004247998130880822
-3.716998364520719e-05
0.00040355982243367813
-0.00018053992056243494
0.00043010981075168326
-0.0001327499415900257
0.0005044497780420977
4.2479981308808224e-05
0.0007009196915953357
-9.55799579448185e-05
0.0005575497546781079
-0.0002920498714980565
0.0005150697733692998
-0.0002814298761708545
0.00035045984579766787
-5.309997663601028e-06
0.00044072980607888534
-0.0002495698901892483
0.0005469297593509059
-9.55799579448185e-05
0.000573479747668911
-0.00010088995560841953
0.00046196979673328943
-2.654998831800514e-05
0.00045134980140608736
5.309997663601028e-05
0.0003079798644888596
-0.00011150995093562158
0.00046727979439689047
-0.00016460992757163186
0.0006478197149593254
-0.00012212994626282364
0.00037169983645207196
1.5929992990803085e-05
0.0004354198084152843
-1.0619995327202056e-05
0.0005150697733692998
-5.840997429961131e-05
0.0004938297827148956
-0.0001327499415900257
0.0004354198084152843
-0.00031328986215246066
0.0006743697032773305
-9.55799579448185e-05
0.0005044497780420977
3.716998364520719e-05
0.000387629829442875
-0.00014336993691722776
0.0006265797243049213
-0.00020708990888044008
0.00043010981075168326
-7.964996495401542e-05
0.00034514984813406683
-3.716998364520719e-05
0.0005203797710329007
-0.0001327499415900257
0.0004460398037424863
-3.185998598160617e-05
0.00031328986215246066
-9.55799579448185e-05
0.0005469297593509059
-1.0619995327202056e-05
0.0005575497546781079
-0.0003079798644888596
0.0003610798411248699
-0.000191159915889637
0.0005203797710329007
-0.00014867993458082877
0.0004725897920604915
-0.0002867398738344555
0.0006371997196321234
-0.00012212994626282364
0.00046196979673328943
-0.000191159915889637
0.0004194898154244812
-6.902996962681336e-05
0.000562859752341709
-0.00020177991121683906
0.00046196979673328943
-0.0002920498714980565
0.0007168496845861387
-0.00014336993691722776
0.0005522397570145069
-0.00020708990888044008
0.0004725897920604915
-6.371997196321234e-05
0.0005416197616873048
-7.964996495401542e-05
0.0005363097640237038
-8.495996261761645e-05
0.0006902996962681337
-0.00011681994859922262
0.00034514984813406683
-0.0002283298995348442
0.00045134980140608736
-2.654998831800514e-05
0.00044072980607888534
-7.433996729041439e-05
0.0003982498247700771
-9.026996028121747e-05
0.0005203797710329007
-0.0001539899322444298
0.0004991397803784966
-9.55799579448185e-05
0.00037169983645207196
-1.0619995327202056e-05
0.0004991397803784966
-0.00019646991355323803
0.0005044497780420977
-0.00015929992990803085
0.0005575497546781079
0.0
0.00056816975000531
3.185998598160617e-05
0.0005416197616873048
-0.00014336993691722776
0.0004566597990696884
-0.00012212994626282364
0.0005256897686965017
-0.00014336993691722776
0.0003610798411248699
3.716998364520719e-05
0.00040355982243367813
-6.902996962681336e-05
0.0004460398037424863
-7.964996495401542e-05
0.0004725897920604915
-8.495996261761645e-05
0.0004566597990696884
-8.495996261761645e-05
0.0005256897686965017
-5.309997663601028e-05
0.0005097597757056987
1.5929992990803085e-05
0.0003663898387884709
-6.902996962681336e-05
0.0003239098574796627
4.778997897240925e-05
0.00045134980140608736
-0.00015929992990803085
0.0004725897920604915
-7.433996729041439e-05
0.0005044497780420977
-0.00018053992056243494
0.000562859752341709
-0.00021770990420764215
0.0003398398504704658
-7.433996729041439e-05
0.0005522397570145069
-0.00026018988551645034
0.00034514984813406683
-5.309997663601028e-06
0.000382319831779274
-0.000191159915889637
0.00056816975000531
-0.00015929992990803085
0.0006212697266413203
-0.00023894989486204624
0.0005363097640237038
-9.55799579448185e-05
0.0005894097406597141
-0.0002283298995348442
0.0005097597757056987
-0.00019646991355323803
0.0004885197850512946
-0.0002814298761708545
0.0004938297827148956
-4.2479981308808224e-05
0.0005203797710329007
-0.00015929992990803085
0.0004991397803784966
-0.0001539899322444298
0.00043010981075168326
-8.495996261761645e-05
0.00046196979673328943
-0.00010088995560841953
0.00033452985280686475
-5.309997663601028e-06
0.0003610798411248699
-0.00023894989486204624
0.0006106497313141182
-9.026996028121747e-05
0.0004778997897240925
-9.55799579448185e-05
0.0006531297126229264
-0.00014336993691722776
0.0005787897453325121
-3.185998598160617e-05
0.0006106497313141182
-5.840997429961131e-05
0.0006318897219685224
-0.00010088995560841953
0.0006478197149593254
-0.00017522992289883393
0.00035045984579766787
-5.309997663601028e-05
0.00040886982009727917
-0.00015929992990803085
0.0007009196915953357
-0.000191159915889637
0.0003663898387884709
-0.00011150995093562158
0.00035576984346126885
-0.0002442598925256473
0.0004725897920604915
-6.902996962681336e-05
0.0004778997897240925
-7.964996495401542e-05
0.0005469297593509059
-1.5929992990803085e-05
0.000562859752341709
-8.495996261761645e-05
0.0005044497780420977
-0.00010619995327202056
0.00046727979439689047
-0.00011150995093562158
0.00029735986916165755
-3.185998598160617e-05
0.0006318897219685224
-5.309997663601028e-05
0.00033452985280686475
-0.00014867993458082877
0.0006000297359869161
-0.00025487988785284936
0.0004832097873876935
1.0619995327202056e-05
0.0004247998130880822
-0.00026018988551645034
0.0006690597056137295
-4.778997897240925e-05
0.0006265797243049213
1.0619995327202056e-05
0.000382319831779274
-0.00013805993925362673
0.0005044497780420977
0.0
0.00045134980140608736
-0.00013805993925362673
0.0004885197850512946
-0.00019646991355323803
0.0005256897686965017
-4.2479981308808224e-05
0.0005575497546781079
-4.2479981308808224e-05
0.0005203797710329007
-7.964996495401542e-05
0.0004354198084152843
-0.0002495698901892483
0.0005522397570145069
-0.00020177991121683906
0.0007062296892589367
-4.778997897240925e-05
0.0004991397803784966
-0.00017522992289883393
0.0006690597056137295
-0.0002123999065440411
0.00044072980607888534
-0.00023363989719844523
0.0005150697733692998
5.309997663601028e-06
0.0006371997196321234
-0.0002708098808436524
0.0005416197616873048
-0.00014867993458082877
0.0004460398037424863
-0.00010619995327202056
0.000573479747668911
-0.00015929992990803085
0.0003982498247700771
-0.00010088995560841953
0.0005363097640237038
-5.840997429961131e-05
0.0005203797710329007
-0.00020177991121683906
0.000584099742996113
-2.654998831800514e-05
0.0004778997897240925
-2.1239990654404112e-05
0.0005575497546781079
-5.309997663601028e-05
0.00040355982243367813
-0.00014336993691722776
0.0004566597990696884
-0.00013805993925362673
0.0005097597757056987
-3.185998598160617e-05
0.0003079798644888596
-0.0001699199252352329
0.0004938297827148956
-0.0002123999065440411
0.00035045984579766787
7.433996729041439e-05
0.00046196979673328943
-8.495996261761645e-05
0.0005256897686965017
-0.00014867993458082877
0.0004938297827148956
-4.778997897240925e-05
0.0006743697032773305
-0.00013805993925362673
0.0005575497546781079
-0.00014867993458082877
0.0005363097640237038
-4.778997897240925e-05
0.0005150697733692998
-3.185998598160617e-05
0.0004194898154244812
-4.778997897240925e-05
0.000382319831779274
-0.00010619995327202056
0.0004725897920604915
-3.716998364520719e-05
0.0005097597757056987
1.5929992990803085e-05
0.0006425097172957243
-1.0619995327202056e-05
0.00045134980140608736
-0.00020708990888044008
0.0005469297593509059
-0.0001539899322444298
0.00043010981075168326
-0.00012212994626282364
0.0005787897453325121
-0.0002495698901892483
0.0004991397803784966
-0.00029735986916165755
0.0004460398037424863
-0.00011150995093562158
0.0005787897453325121
-0.00011150995093562158
0.0006371997196321234
-0.00012743994392642468
0.0006106497313141182
-0.00011150995093562158
0.0004566597990696884
-0.00012743994392642468
0.0005363097640237038
-0.00027611987850725345
0.000377009834115673
-0.00020177991121683906
0.0004354198084152843
-0.0003185998598160617
0.0004354198084152843
-0.00020708990888044008
0.0004725897920604915
-0.00029735986916165755
0.0004725897920604915
-9.55799579448185e-05
0.0002920498714980565
-9.026996028121747e-05
0.0005894097406597141
-0.00020177991121683906
0.00043010981075168326
-7.964996495401542e-05
0.000573479747668911
6.371997196321234e-05
0.0004991397803784966
1.0619995327202056e-05
0.0005575497546781079
-5.309997663601028e-05
0.00041417981776088015
-0.00010088995560841953
0.0006371997196321234
-0.0001699199252352329
0.0004566597990696884
-0.00016460992757163186
0.0006000297359869161
-2.1239990654404112e-05
0.0006000297359869161
-0.0001327499415900257
0.0006159597289777192
-9.026996028121747e-05
0.0004460398037424863
-0.00020708990888044008
0.0006159597289777192
-6.371997196321234e-05
0.0004832097873876935
-0.000191159915889637
0.0004778997897240925
-0.0002708098808436524
0.0005097597757056987
0.0
0.0003185998598160617
-0.00014867993458082877
0.0005044497780420977
-4.778997897240925e-05
0.00045134980140608736
-6.902996962681336e-05
0.00029735986916165755
-0.0002442598925256473
0.0005416197616873048
-0.0001539899322444298
0.000377009834115673
-0.00016460992757163186
0.0005363097640237038
-0.00018584991822603598
0.0004778997897240925
-0.00010088995560841953
0.000573479747668911
-7.433996729041439e-05
0.0007168496845861387
-6.371997196321234e-05
0.0006265797243049213
-3.185998598160617e-05
0.0005894097406597141
-0.00018053992056243494
0.0006371997196321234
-7.433996729041439e-05
0.0005044497780420977
-0.0001699199252352329
0.0006265797243049213
8.495996261761645e-05
0.0005522397570145069
-1.5929992990803085e-05
0.00056816975000531
-7.433996729041439e-05
0.0005150697733692998
-0.00018053992056243494
0.000562859752341709
-0.00018053992056243494
0.0006159597289777192
-0.00010088995560841953
0.0005363097640237038
-0.0002283298995348442
0.00033452985280686475
-0.00013805993925362673
0.0002867398738344555
-6.902996962681336e-05
0.0006212697266413203
-4.778997897240925e-05
0.0005150697733692998
-0.00016460992757163186
0.0005947197383233151
1.0619995327202056e-05
0.00043010981075168326
-0.0003026698668252586
0.0004885197850512946
1.5929992990803085e-05
0.000584099742996113
-0.00020177991121683906
0.0004247998130880822
-0.0001539899322444298
0.00040886982009727917
-9.026996028121747e-05
0.0005309997663601028
-0.00019646991355323803
0.0005150697733692998
-0.00023363989719844523
0.0005097597757056987
-0.0002814298761708545
0.0004991397803784966
-0.00026018988551645034
0.0004247998130880822
-0.00017522992289883393
0.0004725897920604915
-0.00012743994392642468
0.00044072980607888534
-6.902996962681336e-05
0.0004725897920604915
-0.00018584991822603598
0.0004566597990696884
-4.778997897240925e-05
0.000562859752341709
-0.0002920498714980565
0.0005363097640237038
-4.2479981308808224e-05
0.00046196979673328943
-0.00021770990420764215
0.0005256897686965017
-0.000191159915889637
0.0006000297359869161
-0.00026018988551645034
0.000387629829442875
-0.0001327499415900257
0.0004778997897240925
-0.00012212994626282364
0.00016460992757163186
-0.0002123999065440411
0.0005363097640237038
-0.00017522992289883393
0.00045134980140608736
-0.00017522992289883393
0.0003982498247700771
-0.00017522992289883393
0.0005309997663601028
-0.0001699199252352329
0.0005150697733692998
-0.00014336993691722776
0.0006425097172957243
-0.00010088995560841953
0.00056816975000531
-2.654998831800514e-05
0.000377009834115673
0.0
0.00043010981075168326
-0.00012743994392642468
0.0004778997897240925
-4.778997897240925e-05
0.0007433996729041439
-3.716998364520719e-05
0.0004832097873876935
-7.964996495401542e-05
0.0006478197149593254
-0.00010088995560841953
0.00044072980607888534
-1.0619995327202056e-05
0.0004991397803784966
-4.778997897240925e-05
0.0005894097406597141
-0.000191159915889637
0.00040355982243367813
-8.495996261761645e-05
0.0006371997196321234
-0.00018584991822603598
0.0005044497780420977
1.5929992990803085e-05
0.0002814298761708545
-8.495996261761645e-05
0.0004354198084152843
-9.026996028121747e-05
0.0006265797243049213
-0.00022301990187124316
0.0005150697733692998
-0.0003026698668252586
0.0005522397570145069
-0.00010619995327202056
0.0005044497780420977
-2.654998831800514e-05
0.0005150697733692998
-0.00011681994859922262
0.0005947197383233151
-0.00016460992757163186
0.0003610798411248699
-0.0002123999065440411
0.00044072980607888534
-0.00018584991822603598
0.00039293982710647606
-3.185998598160617e-05
0.0005203797710329007
-0.0001539899322444298
0.0005787897453325121
7.433996729041439e-05
0.0004460398037424863
-0.0002814298761708545
0.0007062296892589367
-0.00022301990187124316
0.0005787897453325121
-0.0001699199252352329
0.0005894097406597141
2.654998831800514e-05
0.00046196979673328943
-0.00022301990187124316
0.00043010981075168326
-0.00010088995560841953
0.000573479747668911
-9.55799579448185e-05
0.0006106497313141182
-0.0002867398738344555
0.0005575497546781079
-0.00012212994626282364
0.0004991397803784966
-7.433996729041439e-05
0.000562859752341709
-0.00019646991355323803
0.00046727979439689047
-6.902996962681336e-05
0.00043010981075168326
-2.654998831800514e-05
0.000562859752341709
-0.00010619995327202056
0.00043010981075168326
-7.433996729041439e-05
0.0004247998130880822
-3.716998364520719e-05
0.00056816975000531
-0.00021770990420764215
0.0004194898154244812
-0.00010088995560841953
0.0006796797009409316
-0.00012743994392642468
0.0004566597990696884
-6.902996962681336e-05
0.0005044497780420977
-9.55799579448185e-05
0.0004566597990696884
-0.00014867993458082877
0.0004194898154244812
-0.00014336993691722776
0.0006212697266413203
-0.00010088995560841953
0.0006106497313141182
-0.00012743994392642468
0.00035576984346126885
-0.00023894989486204624
0.00046196979673328943
-0.00016460992757163186
0.00037169983645207196
-0.0002123999065440411
0.0006637497079501285
-0.00012212994626282364
0.0004832097873876935
-0.00011150995093562158
0.0005363097640237038
-0.00016460992757163186
0.000562859752341709
-1.5929992990803085e-05
0.0006425097172957243
-0.00011681994859922262
0.00043010981075168326
-8.495996261761645e-05
0.0005150697733692998
-0.000191159915889637
0.0005787897453325121
-0.00011150995093562158
0.000573479747668911
-0.00018053992056243494
0.0004566597990696884
-2.1239990654404112e-05
0.0005256897686965017
-0.00017522992289883393
0.00046727979439689047
-7.964996495401542e-05
0.0005416197616873048
-0.00012743994392642468
0.000584099742996113
-0.00014336993691722776
0.0004354198084152843
-0.0002654998831800514
0.00046727979439689047
-0.0001699199252352329
0.0005097597757056987
-0.00016460992757163186
0.0005416197616873048
-0.00023363989719844523
0.0005469297593509059
-0.0002814298761708545
0.00041417981776088015
-0.00017522992289883393
0.0006531297126229264
-0.000191159915889637
0.0007327796775769418
-0.0001699199252352329
0.00037169983645207196
-9.026996028121747e-05
0.0004832097873876935
-9.026996028121747e-05
0.00046727979439689047
-6.371997196321234e-05
0.00045134980140608736
-6.902996962681336e-05
0.0005256897686965017
8.495996261761645e-05
0.00035576984346126885
-7.964996495401542e-05
0.0004460398037424863
-3.716998364520719e-05
0.0005097597757056987
-0.0001539899322444298
0.00046727979439689047
-0.0001539899322444298
0.00043010981075168326
-0.00017522992289883393
0.0006106497313141182
-7.964996495401542e-05
0.0005097597757056987
0.0
0.00033452985280686475
-7.433996729041439e-05
0.0005522397570145069
-0.0002495698901892483
0.0005203797710329007
-0.00017522992289883393
0.00040886982009727917
-0.00017522992289883393
0.00045134980140608736
-0.00014867993458082877
0.0004778997897240925
0.0
0.0005044497780420977
-3.185998598160617e-05
0.0003663898387884709
-4.2479981308808224e-05
0.0005097597757056987
-0.0001539899322444298
0.00035045984579766787
-0.0001539899322444298
0.00043010981075168326
-9.55799579448185e-05
0.00040355982243367813
-0.00023894989486204624
0.0005947197383233151
-0.00010619995327202056
0.00045134980140608736
-7.964996495401542e-05
0.0006531297126229264
-0.00014867993458082877
0.00020708990888044008
-0.0002867398738344555
0.0004832097873876935
-0.000377009834115673
0.0005309997663601028
-0.0001699199252352329
0.000387629829442875
-0.00012743994392642468
0.0004778997897240925
-8.495996261761645e-05
0.0005203797710329007
0.00011150995093562158
0.000387629829442875
-0.0002920498714980565
0.0005044497780420977
-0.00010088995560841953
0.00046727979439689047
-5.309997663601028e-05
0.0006690597056137295
-0.00017522992289883393
0.0004832097873876935
-0.00014867993458082877
0.0005522397570145069
-0.00023894989486204624
0.0005256897686965017
-5.309997663601028e-06
0.0006053397336505172
-0.00011150995093562158
0.000584099742996113
-0.0001699199252352329
0.0005097597757056987
-0.00013805993925362673
0.000387629829442875
-0.00020177991121683906
0.0004832097873876935
-0.00014867993458082877
0.0005363097640237038
-0.00011150995093562158
0.00045134980140608736
-0.00014867993458082877
0.0003079798644888596
-1.0619995327202056e-05
0.0005044497780420977
-0.0001539899322444298
0.0006637497079501285
1.0619995327202056e-05
0.00046196979673328943
-9.55799579448185e-05
0.0004832097873876935
-0.0002123999065440411
0.00046727979439689047
-0.00022301990187124316
0.00033452985280686475
4.778997897240925e-05
0.0005575497546781079
-2.654998831800514e-05
0.0004194898154244812
-0.00021770990420764215
0.0004247998130880822
-5.840997429961131e-05
0.000562859752341709
-0.00010088995560841953
0.00035045984579766787
-0.00011681994859922262
0.0005363097640237038
-0.00013805993925362673
0.0004778997897240925
-0.0002442598925256473
0.0004885197850512946
-6.902996962681336e-05
0.0002654998831800514
-4.778997897240925e-05
0.00040355982243367813
-0.00026018988551645034
0.000759329665894947
-0.00021770990420764215
0.0004885197850512946
-0.00012743994392642468
0.0005309997663601028
-5.309997663601028e-05
0.0005522397570145069
-0.00022301990187124316
0.0003982498247700771
-0.0002814298761708545
0.0005150697733692998
-6.371997196321234e-05
0.0005787897453325121
-7.964996495401542e-05
0.0007911896518765531
-0.0003079798644888596
0.000584099742996113
-2.1239990654404112e-05
0.0004725897920604915
-0.0002283298995348442
0.0005097597757056987
-6.902996962681336e-05
0.0004354198084152843
-0.00011150995093562158
0.0004991397803784966
-0.00019646991355323803
0.0003663898387884709
-0.00020708990888044008
0.000562859752341709
-0.00021770990420764215
0.0005363097640237038
6.902996962681336e-05
0.0005947197383233151
-0.0002442598925256473
0.0005044497780420977
-0.00016460992757163186
0.0005469297593509059
-3.185998598160617e-05
0.0004938297827148956
-0.00010088995560841953
0.0008389796308489624
1.0619995327202056e-05
0.000562859752341709
-6.902996962681336e-05
0.00043010981075168326
-0.0003398398504704658
0.0005150697733692998
-6.371997196321234e-05
0.0005256897686965017
-0.00014867993458082877
0.0006265797243049213
-2.654998831800514e-05
0.0006265797243049213
-0.000191159915889637
0.0005416197616873048
-0.0001699199252352329
0.0004991397803784966
-2.654998831800514e-05
0.0007115396869225377
2.654998831800514e-05
0.000573479747668911
-0.00018053992056243494
0.0006000297359869161
-0.00020708990888044008
0.0006531297126229264
-0.0001327499415900257
0.00056816975000531
-0.0001699199252352329
0.0006265797243049213
-0.00013805993925362673
0.0006531297126229264
-0.0002708098808436524
0.0005256897686965017
2.654998831800514e-05
0.0003982498247700771
-0.0002283298995348442
0.0006106497313141182
-0.00018053992056243494
0.00037169983645207196
-0.00011681994859922262
0.0006531297126229264
-0.00011150995093562158
0.0005894097406597141
-4.778997897240925e-05
0.0005256897686965017
-3.185998598160617e-05
0.0005787897453325121
-0.00015929992990803085
0.0005097597757056987
-0.00016460992757163186
0.00056816975000531
-0.00017522992289883393
0.000377009834115673
-0.00019646991355323803
0.0005575497546781079
-0.00016460992757163186
0.00044072980607888534
-0.0003079798644888596
0.000584099742996113
-0.00010619995327202056
0.0006106497313141182
-0.00013805993925362673
0.0005363097640237038
-0.00020708990888044008
0.0006106497313141182
-8.495996261761645e-05
0.0005150697733692998
-2.1239990654404112e-05
0.0003982498247700771
-0.00018584991822603598
0.0006000297359869161
-0.0001539899322444298
0.0004938297827148956
-9.026996028121747e-05
0.0006956096939317347
-0.0001327499415900257
0.0005044497780420977
-0.00017522992289883393
0.0004194898154244812
-0.00014336993691722776
0.0003398398504704658
-0.00019646991355323803
0.0005363097640237038
-0.00011150995093562158
0.0005575497546781079
-0.00014867993458082877
0.00040355982243367813
-0.00013805993925362673
0.0006265797243049213
-0.00011150995093562158
0.0005575497546781079
-0.00023894989486204624
0.0006637497079501285
-0.0001539899322444298
0.0006425097172957243
-0.00011681994859922262
0.000584099742996113
-0.00017522992289883393
0.0006849896986045326
-0.0003239098574796627
0.000562859752341709
-0.00021770990420764215
0.0003663898387884709
-0.00016460992757163186
0.0006212697266413203
-0.00011150995093562158
0.0006796797009409316
-0.00013805993925362673
0.0005522397570145069
-0.0001539899322444298
0.0006796797009409316
-0.00012743994392642468
0.0006106497313141182
-0.00017522992289883393
0.0002814298761708545
-0.00023363989719844523
0.000382319831779274
-0.000191159915889637
0.0005256897686965017
-0.00010619995327202056
0.0005044497780420977
-0.00011150995093562158
0.0006265797243049213
-0.00014867993458082877
0.0006531297126229264
-9.026996028121747e-05
0.00045134980140608736
-0.00014336993691722776
0.00040886982009727917
-0.0002654998831800514
0.0004991397803784966
-8.495996261761645e-05
0.00040355982243367813
-0.0002654998831800514
0.00040355982243367813
-0.000191159915889637
0.0006478197149593254
-0.0001539899322444298
0.0004725897920604915
-0.00020708990888044008
0.0006690597056137295
-0.00017522992289883393
0.0004194898154244812
-0.0003079798644888596
0.0006053397336505172
-0.00020177991121683906
0.000382319831779274
-0.00018053992056243494
0.000573479747668911
-0.00020177991121683906
0.0005363097640237038
7.433996729041439e-05
0.000562859752341709
-9.026996028121747e-05
0.0004832097873876935
-0.00021770990420764215
0.0003185998598160617
-0.00020708990888044008
0.0004566597990696884
-0.00014336993691722776
0.0006849896986045326
-3.716998364520719e-05
0.0003239098574796627
-0.00018053992056243494
0.00045134980140608736
-0.00022301990187124316
0.0004991397803784966
-0.0001699199252352329
0.0005203797710329007
-0.00020708990888044008
0.0006637497079501285
-8.495996261761645e-05
0.0004778997897240925
-0.00012212994626282364
0.0005150697733692998
-0.0002442598925256473
0.000387629829442875
-0.00018053992056243494
0.0006371997196321234
-0.00019646991355323803
0.0006425097172957243
-0.00014867993458082877
0.00035045984579766787
-0.0003292198551432637
0.00041417981776088015
-6.902996962681336e-05
0.0004885197850512946
-0.00011681994859922262
0.0005363097640237038
-0.00014336993691722776
0.0006902996962681337
-0.00018584991822603598
0.00046196979673328943
-0.0002123999065440411
0.00046196979673328943
-0.00027611987850725345
0.0005150697733692998
-0.00022301990187124316
0.0008177396401945583
-9.026996028121747e-05
0.00041417981776088015
-0.00023894989486204624
0.0005097597757056987
-0.0001327499415900257
0.0005203797710329007
-0.00014336993691722776
0.00044072980607888534
-0.00025487988785284936
0.0004938297827148956
-5.309997663601028e-06
0.0002814298761708545
-0.00010088995560841953
0.0002708098808436524
-0.00018584991822603598
0.0005522397570145069
-7.433996729041439e-05
0.00045134980140608736
-9.55799579448185e-05
0.0005894097406597141
-0.00018584991822603598
0.0005575497546781079
-0.00017522992289883393
0.00040886982009727917
-0.00016460992757163186
0.00043010981075168326
-8.495996261761645e-05
0.0006584397102865274
-0.00018053992056243494
0.000382319831779274
-0.0002495698901892483
0.0004725897920604915
-0.000191159915889637
0.00034514984813406683
-0.00015929992990803085
0.0004725897920604915
-0.00019646991355323803
0.0004354198084152843
-9.026996028121747e-05
0.0006106497313141182
-4.2479981308808224e-05
0.0008177396401945583
-0.00014336993691722776
0.00033452985280686475
3.716998364520719e-05
0.0005416197616873048
-0.00014336993691722776
0.00045134980140608736
-5.309997663601028e-06
0.00026018988551645034
-0.00011150995093562158
0.0005256897686965017
-0.0002495698901892483
0.0006106497313141182
-0.00012743994392642468
0.0004778997897240925
-0.00020708990888044008
0.0005150697733692998
-0.00022301990187124316
0.0005469297593509059
-0.00014867993458082877
0.0004778997897240925
-0.00017522992289883393
0.0006371997196321234
-0.00020708990888044008
0.0006000297359869161
-6.371997196321234e-05
0.0004991397803784966
-0.0002123999065440411
0.0004566597990696884
-0.0001699199252352329
0.00043010981075168326
-0.0001699199252352329
0.0006637497079501285
-0.0002123999065440411
0.0006106497313141182
-2.1239990654404112e-05
0.0004460398037424863
-8.495996261761645e-05
0.000562859752341709
-0.00014336993691722776
0.0005787897453325121
-0.00023894989486204624
0.0004991397803784966
-0.00012743994392642468
0.000573479747668911
-0.00026018988551645034
0.0004460398037424863
-0.0001327499415900257
0.0006478197149593254
-0.00022301990187124316
0.0004832097873876935
-7.964996495401542e-05
0.0004991397803784966
-0.0003185998598160617
0.00033452985280686475
-7.433996729041439e-05
0.0004778997897240925
-0.00014336993691722776
0.00046727979439689047
-0.00033452985280686475
0.0005787897453325121
-0.00010088995560841953
0.0003610798411248699
-0.0002283298995348442
0.0005363097640237038
-0.00016460992757163186
0.000584099742996113
2.1239990654404112e-05
0.0005363097640237038
-0.00019646991355323803
0.0005522397570145069
-0.00014336993691722776
0.0005309997663601028
-0.00018584991822603598
0.000562859752341709
-0.00019646991355323803
0.0004566597990696884
-0.00017522992289883393
0.0005787897453325121
-0.00012743994392642468
0.000562859752341709
-0.0001539899322444298
0.0004938297827148956
-4.778997897240925e-05
0.0005203797710329007
-0.00027611987850725345
0.0005787897453325121
-0.00022301990187124316
0.0003239098574796627
-0.0002283298995348442
0.0004832097873876935
-0.00011150995093562158
0.0006478197149593254
-0.00019646991355323803
0.0005947197383233151
-4.778997897240925e-05
0.0006212697266413203
-0.00012212994626282364
0.0005044497780420977
-0.00019646991355323803
0.0005309997663601028
-0.000191159915889637
0.00039293982710647606
0.0
0.0004566597990696884
-0.00020177991121683906
0.0005044497780420977
-0.00029735986916165755
0.0005044497780420977
-0.00014867993458082877
0.00041417981776088015
-0.0002283298995348442
0.0005044497780420977
-0.00027611987850725345
0.0004991397803784966
-0.0002814298761708545
0.0006000297359869161
-0.00015929992990803085
0.0006849896986045326
-0.0002654998831800514
0.0005947197383233151
-5.840997429961131e-05
0.00043010981075168326
-0.0002123999065440411
0.0006212697266413203
-0.0002495698901892483
0.0006000297359869161
-3.716998364520719e-05
0.0006690597056137295
-1.5929992990803085e-05
0.0005894097406597141
-0.00012743994392642468
0.000562859752341709
-6.902996962681336e-05
0.0005522397570145069
-0.0003026698668252586
0.00040355982243367813
-0.00013805993925362673
0.0005894097406597141
-7.433996729041439e-05
0.0006318897219685224
-0.0001539899322444298
0.00043010981075168326
-0.0001699199252352329
0.00040886982009727917
-0.0002920498714980565
0.0005150697733692998
-6.902996962681336e-05
0.00037169983645207196
-0.00020708990888044008
0.0006478197149593254
-3.716998364520719e-05
0.0005044497780420977
-0.00018053992056243494
0.0005469297593509059
-0.0001699199252352329
0.0005150697733692998
-0.0001699199252352329
0.0005203797710329007
0.0
0.00040886982009727917
-0.00023894989486204624
0.00040355982243367813
-0.00010619995327202056
0.0005363097640237038
-0.0002283298995348442
0.0006425097172957243
-0.00021770990420764215
0.0005044497780420977
-0.00014867993458082877
0.0005150697733692998
-7.433996729041439e-05
0.0005256897686965017
-0.0001327499415900257
0.000573479747668911
-7.433996729041439e-05
0.0004832097873876935
-0.00017522992289883393
0.0006584397102865274
-0.00017522992289883393
0.0007274696799133408
-0.00025487988785284936
0.0005787897453325121
-0.00014867993458082877
0.0005947197383233151
-8.495996261761645e-05
0.0004725897920604915
1.5929992990803085e-05
0.0006743697032773305
-0.00020708990888044008
0.0004832097873876935
-0.00018584991822603598
0.0005150697733692998
-7.433996729041439e-05
0.00043010981075168326
-0.00016460992757163186
0.0005203797710329007
-0.00020177991121683906
0.0007115396869225377
-0.00013805993925362673
0.0005097597757056987
0.00016460992757163186
0.0006371997196321234
5.309997663601028e-05
0.0005309997663601028
-7.964996495401542e-05
0.0005416197616873048
1.0619995327202056e-05
0.00056816975000531
-0.00011150995093562158
0.0005947197383233151
-0.00011681994859922262
0.0006425097172957243
-0.00020177991121683906
0.00040355982243367813
-0.00012212994626282364
0.0005363097640237038
-0.00013805993925362673
0.0006796797009409316
-1.0619995327202056e-05
0.0006053397336505172
8.495996261761645e-05
0.00046727979439689047
-0.0001327499415900257
0.0006053397336505172
-0.0003026698668252586
0.0006053397336505172
-0.00016460992757163186
0.0006796797009409316
-0.00023894989486204624
0.00056816975000531
-0.00010619995327202056
0.0006584397102865274
-0.0001327499415900257
0.0006849896986045326
-2.654998831800514e-05
0.00039293982710647606
-0.0001539899322444298
0.0005363097640237038
-0.00015929992990803085
0.0007380896752405429
-0.00013805993925362673
0.0005416197616873048
-9.55799579448185e-05
0.00046727979439689047
-0.0001539899322444298
0.0005203797710329007
-1.5929992990803085e-05
0.0006425097172957243
-0.00012212994626282364
0.0004194898154244812
-5.840997429961131e-05
0.00046196979673328943
-6.371997196321234e-05
0.00044072980607888534
-0.00015929992990803085
0.0006053397336505172
-0.00010619995327202056
0.00044072980607888534
-0.00015929992990803085
0.0005203797710329007
6.371997196321234e-05
0.0005363097640237038
-0.00010088995560841953
0.0005787897453325121
-3.716998364520719e-05
0.00046727979439689047
-4.2479981308808224e-05
0.0005947197383233151
-0.00023894989486204624
0.0006318897219685224
-4.778997897240925e-05
0.00039293982710647606
-0.0001327499415900257
0.0005522397570145069
-7.433996729041439e-05
0.00040886982009727917
-6.902996962681336e-05
0.0005522397570145069
-0.00034514984813406683
0.0004832097873876935
-4.778997897240925e-05
0.0006265797243049213
1.0619995327202056e-05
0.0006106497313141182
-0.00010619995327202056
0.0005522397570145069
-0.0002123999065440411
0.0005150697733692998
-6.371997196321234e-05
0.0005309997663601028
-0.00014336993691722776
0.0006478197149593254
-0.0002283298995348442
0.0004247998130880822
-0.00020708990888044008
0.00046196979673328943
-0.0001327499415900257
0.0006106497313141182
-4.778997897240925e-05
0.0004885197850512946
-9.026996028121747e-05
0.00040886982009727917
3.716998364520719e-05
0.0004832097873876935
-0.0002283298995348442
0.0006425097172957243
-0.00022301990187124316
0.0006318897219685224
-0.00012212994626282364
0.0006902996962681337
-0.0002495698901892483
0.0004566597990696884
-0.0003079798644888596
0.00046727979439689047
-6.371997196321234e-05
0.0005150697733692998
-0.00010088995560841953
0.0006265797243049213
-0.00016460992757163186
0.000382319831779274
-0.00012743994392642468
0.0005256897686965017
3.716998364520719e-05
0.0005203797710329007
-0.00021770990420764215
0.0005044497780420977
-7.433996729041439e-05
0.0006212697266413203
-0.00023894989486204624
0.0006053397336505172
-7.433996729041439e-05
0.0006159597289777192
-0.0002123999065440411
0.0005416197616873048
-0.00019646991355323803
0.0004725897920604915
-0.00020708990888044008
0.0005522397570145069
-0.0003185998598160617
0.0006849896986045326
-0.00012743994392642468
0.0003663898387884709
-0.00026018988551645034
0.0005416197616873048
3.716998364520719e-05
0.000382319831779274
-0.00017522992289883393
0.0006000297359869161
-0.0002123999065440411
0.0006849896986045326
-9.026996028121747e-05
0.0004354198084152843
-0.00016460992757163186
0.0003292198551432637
-0.00014867993458082877
0.0004885197850512946
-0.00014867993458082877
0.00046196979673328943
-0.00011150995093562158
0.0004832097873876935
-0.00015929992990803085
0.0004566597990696884
-0.00011150995093562158
0.00037169983645207196
-4.778997897240925e-05
0.00037169983645207196
-5.309997663601028e-05
0.0004778997897240925
-7.433996729041439e-05
0.0005947197383233151
-0.0001539899322444298
0.0007009196915953357
-0.0002708098808436524
0.000562859752341709
-0.00016460992757163186
0.0003239098574796627
-1.5929992990803085e-05
0.0003239098574796627
-0.00021770990420764215
0.0006690597056137295
-5.309997663601028e-06
0.0005309997663601028
-0.00013805993925362673
0.000562859752341709
-0.0002123999065440411
0.00046196979673328943
-0.0003239098574796627
0.0004460398037424863
-0.000191159915889637
0.00041417981776088015
-6.902996962681336e-05
0.0005522397570145069
-0.00026018988551645034
0.0004778997897240925
-0.00015929992990803085
0.0005522397570145069
-0.0002283298995348442
0.000573479747668911
-0.0001539899322444298
0.0006000297359869161
-0.00016460992757163186
0.000387629829442875
-0.00020177991121683906
0.00034514984813406683
-0.00017522992289883393
0.0005363097640237038
-8.495996261761645e-05
0.0006478197149593254
-0.00012743994392642468
0.0006000297359869161
-5.309997663601028e-05
0.00040355982243367813
-0.00018584991822603598
0.0003663898387884709
-0.00012212994626282364
0.0004460398037424863
-0.00023894989486204624
0.00020708990888044008
-0.0003610798411248699
0.000754019668231346
4.778997897240925e-05
0.00033452985280686475
-6.371997196321234e-05
0.0006318897219685224
-7.964996495401542e-05
0.0005150697733692998
-3.185998598160617e-05
0.0006690597056137295
-4.2479981308808224e-05
0.0005363097640237038
-0.00025487988785284936
0.0005203797710329007
-0.00012743994392642468
0.00040886982009727917
-0.0001699199252352329
0.0004566597990696884
-6.902996962681336e-05
0.00033452985280686475
-0.000191159915889637
0.0006106497313141182
-7.433996729041439e-05
0.0004247998130880822
-0.00022301990187124316
0.00044072980607888534
-0.0002814298761708545
0.0004247998130880822
-0.00014336993691722776
0.0005203797710329007
-0.0002495698901892483
0.0005044497780420977
-0.0001327499415900257
0.0006212697266413203
-0.0001539899322444298
0.00035045984579766787
-0.00014867993458082877
0.0004938297827148956
-7.433996729041439e-05
0.00046727979439689047
-0.00010088995560841953
0.0005150697733692998
-0.00017522992289883393
0.0005097597757056987
-0.0001327499415900257
0.0004991397803784966
-1.5929992990803085e-05
0.0005469297593509059
-6.371997196321234e-05
0.000573479747668911
-0.00012743994392642468
0.000584099742996113
4.2479981308808224e-05
0.00046727979439689047
-0.00015929992990803085
0.0004566597990696884
-0.00014336993691722776
0.00046196979673328943
-1.5929992990803085e-05
0.0005894097406597141
-0.00025487988785284936
0.0005469297593509059
-0.00022301990187124316
0.0004991397803784966
-0.00019646991355323803
0.0007327796775769418
-0.00016460992757163186
0.0004885197850512946
-8.495996261761645e-05
0.0005097597757056987
-0.0001539899322444298
0.00035045984579766787
-1.5929992990803085e-05
0.0005894097406597141
-0.00018053992056243494
0.0002920498714980565
-0.000191159915889637
0.00037169983645207196
-0.000191159915889637
0.00046196979673328943
-0.0003079798644888596
0.0005363097640237038
-0.00021770990420764215
0.0005469297593509059
-0.0002442598925256473
0.00056816975000531
-9.026996028121747e-05
0.000387629829442875
-0.0001539899322444298
0.0004832097873876935
-0.00014867993458082877
0.0006159597289777192
-0.00022301990187124316
0.0005203797710329007
-2.1239990654404112e-05
0.0006053397336505172
-2.654998831800514e-05
0.0005469297593509059
-0.00018584991822603598
0.0006584397102865274
-0.0002867398738344555
0.0004460398037424863
-9.026996028121747e-05
0.0005787897453325121
-7.964996495401542e-05
0.000387629829442875
-0.0002708098808436524
0.0005363097640237038
-0.0003239098574796627
0.0005469297593509059
-9.026996028121747e-05
0.0006425097172957243
-6.371997196321234e-05
0.0005363097640237038
-0.00018053992056243494
0.0004354198084152843
-0.000191159915889637
0.00044072980607888534
-7.433996729041439e-05
0.000377009834115673
-3.185998598160617e-05
0.0005256897686965017
-0.00010088995560841953
0.0006371997196321234
-7.964996495401542e-05
0.00046196979673328943
-7.964996495401542e-05
0.0004885197850512946
-0.0001327499415900257
0.0004194898154244812
-0.00013805993925362673
0.0006584397102865274
-7.964996495401542e-05
0.0005787897453325121
-0.00019646991355323803
0.00041417981776088015
-0.00018584991822603598
0.0004938297827148956
7.433996729041439e-05
0.0004460398037424863
-0.00012212994626282364
0.0005363097640237038
-0.00011681994859922262
0.00045134980140608736
-0.00013805993925362673
0.0005363097640237038
-0.00014336993691722776
0.0005947197383233151
-7.433996729041439e-05
0.0006318897219685224
-0.00010088995560841953
0.0004247998130880822
4.2479981308808224e-05
0.0004778997897240925
-0.00022301990187124316
0.00046727979439689047
-0.0002283298995348442
0.0004885197850512946
-0.00014867993458082877
0.00039293982710647606
-5.309997663601028e-05
0.0005309997663601028
-0.0002495698901892483
0.0004778997897240925
-0.00034514984813406683
0.0006106497313141182
-0.00018584991822603598
0.000387629829442875
-4.2479981308808224e-05
0.0005203797710329007
-0.00018584991822603598
0.0005097597757056987
-0.00014867993458082877
0.0004991397803784966
-0.00017522992289883393
0.0005416197616873048
-0.0002654998831800514
0.0005203797710329007
-6.371997196321234e-05
0.00044072980607888534
-0.00015929992990803085
0.0006371997196321234
-0.0002283298995348442
0.0004194898154244812
-0.00016460992757163186
0.0006106497313141182
-0.0001699199252352329
0.00041417981776088015
4.778997897240925e-05
0.000562859752341709
-0.00023894989486204624
0.0005416197616873048
-0.0003610798411248699
0.0004938297827148956
-0.00014336993691722776
0.0004247998130880822
-0.00010088995560841953
0.00045134980140608736
-9.55799579448185e-05
0.0004832097873876935
-0.00010088995560841953
0.0006796797009409316
-8.495996261761645e-05
0.000562859752341709
-9.55799579448185e-05
0.0004832097873876935
-0.0001327499415900257
0.00044072980607888534
-0.00014336993691722776
0.0005575497546781079
-0.0001327499415900257
0.0005203797710329007
-0.00010619995327202056
0.0004991397803784966
-0.00017522992289883393
0.00056816975000531
-9.026996028121747e-05
0.000387629829442875
-9.026996028121747e-05
0.0005097597757056987
-4.2479981308808224e-05
0.0005363097640237038
-0.00018584991822603598
0.0005787897453325121
-3.716998364520719e-05
0.0004778997897240925
-0.00011681994859922262
0.0004247998130880822
-0.00011681994859922262
0.0006743697032773305
-0.0001699199252352329
0.0004991397803784966
-2.654998831800514e-05
0.0005044497780420977
-0.00014336993691722776
0.00045134980140608736
-0.0002920498714980565
0.000387629829442875
-3.716998364520719e-05
0.0004460398037424863
-8.495996261761645e-05
0.0006106497313141182
-5.309997663601028e-06
0.0005097597757056987
-5.309997663601028e-05
0.0005256897686965017
-8.495996261761645e-05
0.0004194898154244812
-3.716998364520719e-05
0.0005575497546781079
-0.00010088995560841953
0.0006265797243049213
-0.00018584991822603598
0.00031328986215246066
-0.00013805993925362673
0.0004725897920604915
-6.371997196321234e-05
0.0005044497780420977
3.716998364520719e-05
0.0006584397102865274
-0.00011150995093562158
0.0004938297827148956
-0.00010619995327202056
0.0004778997897240925
-0.00027611987850725345
0.0004778997897240925
-5.840997429961131e-05
0.000573479747668911
-9.55799579448185e-05
0.0005044497780420977
-0.0002867398738344555
0.0006478197149593254
5.309997663601028e-06
0.0006318897219685224
-5.309997663601028e-05
0.0003079798644888596
-9.55799579448185e-05
0.000562859752341709
-4.2479981308808224e-05
0.000562859752341709
3.716998364520719e-05
0.0004566597990696884
-0.00010088995560841953
0.000382319831779274
-0.0003079798644888596
0.0002708098808436524
-0.00023363989719844523
0.0006159597289777192
-0.00018584991822603598
0.0003185998598160617
-0.00021770990420764215
0.0004778997897240925
-0.00016460992757163186
0.00046196979673328943
-0.00010088995560841953
0.0005363097640237038
-0.00013805993925362673
0.00046196979673328943
-0.00020177991121683906
0.00044072980607888534
-0.00010619995327202056
0.000562859752341709
-0.00020177991121683906
0.0005309997663601028
-1.0619995327202056e-05
0.00041417981776088015
-0.0001327499415900257
0.0004566597990696884
-0.0001327499415900257
0.00031328986215246066
-9.026996028121747e-05
0.00056816975000531
-0.00010619995327202056
0.000573479747668911
-3.185998598160617e-05
0.0006478197149593254
-0.0002123999065440411
0.0005309997663601028
-0.00014867993458082877
0.0004885197850512946
-0.0002495698901892483
0.0004725897920604915
5.840997429961131e-05
0.0006690597056137295
-0.00015929992990803085
0.00046727979439689047
-0.00013805993925362673
0.0005309997663601028
-4.2479981308808224e-05
0.000562859752341709
-0.00022301990187124316
0.0006371997196321234
-4.778997897240925e-05
0.0005575497546781079
-0.00012743994392642468
0.0004778997897240925
5.309997663601028e-06
0.0003239098574796627
-0.00015929992990803085
0.000562859752341709
-9.026996028121747e-05
0.0005203797710329007
-0.00014867993458082877
0.000382319831779274
-0.0002708098808436524
0.0002442598925256473
-0.00020177991121683906
0.0005256897686965017
-0.00011150995093562158
0.00040355982243367813
-0.00014867993458082877
0.0006000297359869161
2.1239990654404112e-05
0.0004832097873876935
-0.0002123999065440411
0.00044072980607888534
-0.00026018988551645034
0.0005575497546781079
-0.00010619995327202056
0.0007115396869225377
-4.2479981308808224e-05
0.0005309997663601028
-0.00010088995560841953
0.0005309997663601028
-2.1239990654404112e-05
0.0003982498247700771
-0.00012212994626282364
0.0004938297827148956
-0.00023363989719844523
0.00043010981075168326
-0.0002814298761708545
0.0007274696799133408
-0.00016460992757163186
0.0006743697032773305
-0.0003610798411248699
0.0005469297593509059
-0.00023894989486204624
0.0003663898387884709
-5.840997429961131e-05
0.0003398398504704658
2.654998831800514e-05
0.0006584397102865274
-0.00026018988551645034
0.0002283298995348442
-0.00013805993925362673
0.0006265797243049213
-0.00017522992289883393
0.00040886982009727917
-0.00023894989486204624
0.0004194898154244812
-0.00014336993691722776
0.0004832097873876935
-0.0002495698901892483
0.0007327796775769418
-0.00015929992990803085
0.0006531297126229264
-2.1239990654404112e-05
0.0003239098574796627
-0.00027611987850725345
0.0006743697032773305
-4.2479981308808224e-05
0.0004885197850512946
-0.0001539899322444298
0.0004725897920604915
-0.00018053992056243494
0.0005947197383233151
-0.00015929992990803085
0.0003663898387884709
-5.309997663601028e-06
0.0005575497546781079
-0.00020708990888044008
0.0006743697032773305
-3.716998364520719e-05
0.0005469297593509059
-8.495996261761645e-05
0.0003982498247700771
0.0
0.0005416197616873048
-0.00019646991355323803
0.0006212697266413203
-7.433996729041439e-05
0.0005522397570145069
-0.0002123999065440411
0.0005203797710329007
-0.000191159915889637
0.0004194898154244812
-0.00018584991822603598
0.0005416197616873048
-0.00011150995093562158
0.0005787897453325121
-0.0003239098574796627
0.00027611987850725345
-0.00010619995327202056
0.0005363097640237038
-2.1239990654404112e-05
0.0004194898154244812
-0.00018053992056243494
0.00046727979439689047
-3.185998598160617e-05
0.00040355982243367813
-0.00014867993458082877
0.0004194898154244812
-0.00011150995093562158
0.0004991397803784966
-0.0001539899322444298
0.0005309997663601028
-0.00023894989486204624
0.0006053397336505172
-0.00011681994859922262
0.0004194898154244812
-3.716998364520719e-05
0.000573479747668911
-0.00011681994859922262
0.0002920498714980565
-0.0002814298761708545
0.00025487988785284936
-0.00016460992757163186
0.0003185998598160617
-5.840997429961131e-05
0.0006584397102865274
-0.00018053992056243494
0.0005150697733692998
-0.00011150995093562158
0.0005894097406597141
-0.0002123999065440411
0.0005363097640237038
-0.0001327499415900257
0.0005416197616873048
-6.371997196321234e-05
0.0006425097172957243
-0.00011150995093562158
0.0006265797243049213
7.433996729041439e-05
0.00040355982243367813
2.654998831800514e-05
0.0005097597757056987
-0.00011681994859922262
0.00041417981776088015
-0.00023363989719844523
0.00044072980607888534
-0.00023363989719844523
0.0005787897453325121
-0.00014336993691722776
0.00035576984346126885
-0.00016460992757163186
0.0006159597289777192
-0.00016460992757163186
0.0003663898387884709
-0.00012212994626282364
0.0003663898387884709
-0.000191159915889637
0.0005309997663601028
-5.309997663601028e-05
0.0006053397336505172
-0.00011681994859922262
0.000377009834115673
-2.654998831800514e-05
0.0004832097873876935
-0.00011150995093562158
0.0006212697266413203
-0.0002920498714980565
0.0005363097640237038
-7.964996495401542e-05
0.0005097597757056987
-0.00016460992757163186
0.0005787897453325121
-0.00010088995560841953
0.0005469297593509059
-4.778997897240925e-05
0.0005469297593509059
-6.902996962681336e-05
0.0004725897920604915
-3.185998598160617e-05
0.0005469297593509059
-0.00026018988551645034
0.0005522397570145069
-0.0001699199252352329
0.00041417981776088015
-0.00016460992757163186
0.0005469297593509059
1.0619995327202056e-05
0.000562859752341709
7.433996729041439e-05
0.0004354198084152843
-0.0001699199252352329
0.00056816975000531
-0.00034514984813406683
0.0003663898387884709
-0.00010088995560841953
0.0005097597757056987
-0.00018053992056243494
0.0005469297593509059
-0.00018584991822603598
0.0004194898154244812
-0.00029735986916165755
0.0005150697733692998
-0.00016460992757163186
0.0006371997196321234
-8.495996261761645e-05
0.0004194898154244812
-0.00018053992056243494
0.0005203797710329007
-7.433996729041439e-05
0.00046727979439689047
-0.00018584991822603598
0.00046196979673328943
-0.000191159915889637
0.0007062296892589367
-6.371997196321234e-05
0.0004354198084152843
-0.00031328986215246066
0.0006106497313141182
-9.026996028121747e-05
0.0006690597056137295
-0.0001699199252352329
0.000387629829442875
-0.00023363989719844523
0.0003292198551432637
-0.0002123999065440411
