0.0006673180263800685
0.0005525158768930142
0.0007454811919882755
0.0006770884220810943
0.0007264289203712751
0.0005818270639960919
0.0006985832926233512
0.0007200781631656083
0.0006638983878847094
0.0006072300928187591
0.0006638983878847094
0.0005544699560332193
0.0007410845139228138
0.0005959941377625794
0.00071323888617489
0.0006297020029311187
0.0006951636541279922
0.0006419149975574011
0.0006868588177821202
0.0007044455300439668
0.0006775769418661456
0.0005251587689301416
0.0006453346360527601
0.0006174890083048363
0.0006834391792867611
0.0005945285784074255
0.0006580361504640938
0.0007322911577918906
0.0006560820713238886
0.0006170004885197851
0.0006531509526135808
0.000596971177332682
0.0006932095749877871
0.0005442110405471422
0.0007366878358573522
0.000673180263800684
0.0007078651685393258
0.0006130923302393747
0.0006160234489496824
0.0006277479237909135
0.0006428920371275036
0.0005652173913043478
0.0007156814851001465
0.0006638983878847094
0.0007318026380068393
0.0005490962383976551
0.0006448461162677088
0.0006927210552027357
0.0007059110893991206
0.0006502198339032731
0.0006927210552027357
0.000583781143136297
0.000706399609184172
0.000600390815828041
0.0006795310210063508
0.0006340986809965803
0.0006614557889594529
0.000635075720566683
0.0006736687835857352
0.0007161700048851978
0.0006809965803615046
0.0005705911089399121
0.0006458231558378114
0.000709819247679531
0.0007034684904738642
0.0005334636052760136
0.0007054225696140694
0.0007264289203712751
0.0006604787493893502
0.0005442110405471422
0.0006507083536883243
0.0006536394723986322
0.0007474352711284807
0.0006414264777723497
0.0007171470444553005
0.0005720566682950659
0.0007332681973619931
0.0006292134831460674
0.0006658524670249145
0.0007020029311187103
0.0006829506595017098
0.0005466536394723987
0.0006839276990718123
0.000626770884220811
0.000723009281875916
0.0004987787005373718
0.0006736687835857352
0.0007083536883243772
0.0006932095749877871
0.0007088422081094285
0.0007200781631656083
0.0005872007816316562
0.0007293600390815828
0.0005955056179775281
0.0007093307278944797
0.0005754763067904251
0.0006858817782120176
0.0006785539814362482
0.000701514411333659
0.0007293600390815828
0.0007200781631656083
0.0005388373229115779
0.0006956521739130434
0.0006155349291646311
0.0006966292134831461
0.0005681485100146556
0.0006795310210063508
0.0006746458231558377
0.0006629213483146067
0.0006595017098192477
0.0007151929653150952
0.0006477772349780166
0.0006844162188568637
0.0005642403517342453
0.0007278944797264289
0.0006140693698094773
0.0007112848070346849
0.0006135808500244259
0.0006565705911089399
0.0006638983878847094
0.0006790425012212995
0.0006101612115290668
0.000714704445530044
0.0006067415730337079
0.000749389350268686
0.0005080605764533464
0.0006692721055202736
0.0006805080605764533
0.000646800195407914
0.0005999022960429897
0.000709819247679531
0.0006458231558378114
0.000709819247679531
0.0005705911089399121
0.0007078651685393258
0.0006096726917440156
0.000676599902296043
0.0006482657547630679
0.0006805080605764533
0.0006941866145578896
0.000680019540791402
0.0005642403517342453
0.0007039570102589154
0.0006140693698094773
0.0006956521739130434
0.0005661944308744504
0.0007044455300439668
0.0007181240840254031
0.000655105031753786
0.0005818270639960919
0.0006487542745481191
0.0005657059110893991
0.0007103077674645823
0.000651685393258427
0.0007225207620908647
0.0006741573033707865
0.000701514411333659
0.0006389838788470933
0.0006443575964826576
0.0006902784562774792
0.0006829506595017098
0.0005510503175378602
0.0007166585246702492
0.0006228627259404006
0.0006663409868099657
0.0005471421592574499
0.0006243282852955545
0.0007352222765021983
0.0006116267708842208
0.0006170004885197851
0.000655105031753786
0.0005749877870053736
0.0007440156326331217
0.0005769418661455788
0.0007020029311187103
0.0006311675622862725
0.0006678065461651197
0.0006775769418661456
0.000680019540791402
0.0007357107962872497
0.0006678065461651197
0.0005490962383976551
0.0006907669760625306
0.0006780654616511968
0.0007381533952125061
0.0006140693698094773
0.0006829506595017098
0.0007899364924279432
0.000655105031753786
0.0005886663409868099
0.0006595017098192477
0.0006160234489496824
0.0007156814851001465
0.0006023448949682462
0.0007591597459697118
0.0006057645334636053
0.0006936980947728383
0.0006702491450903762
0.0006199316072300928
0.0007122618466047875
0.0006819736199316072
0.0005393258426966292
0.0006897899364924279
0.0006424035173424523
0.0007039570102589154
0.0005657059110893991
0.0006472887151929653
0.0007181240840254031
0.0006541279921836834
0.0006590131900341963
0.000651685393258427
0.0006072300928187591
0.0006922325354176843
0.0005754763067904251
0.0006531509526135808
0.0006756228627259405
0.000680019540791402
0.0006541279921836834
0.0006951636541279922
0.0006809965803615046
0.0006668295065950171
0.0005442110405471422
0.0006995603321934538
0.0006170004885197851
0.000714704445530044
0.0005828041035661944
0.0006770884220810943
0.000749389350268686
0.0007093307278944797
0.0006082071323888617
0.0006922325354176843
0.0005793844650708354
0.0006834391792867611
0.0005759648265754763
0.0007288715192965315
0.0005989252564728872
0.0007122618466047875
0.0006507083536883243
0.000659990229604299
0.0006668295065950171
0.0007239863214460186
0.0005730337078651685
0.000673180263800684
0.0006082071323888617
0.0007313141182217879
0.0006165119687347338
0.0006990718124084026
0.0007171470444553005
0.0006863702979970688
0.0006150464093795799
0.0007508549096238397
0.0006438690766976063
0.0006951636541279922
0.0005793844650708354
0.0006751343429408891
0.0005974596971177333
0.0006844162188568637
0.0006834391792867611
0.000605276013678554
0.000723009281875916
0.0006932095749877871
0.0005984367366878358
0.000659990229604299
0.0005901319003419639
0.0007298485588666341
0.0006311675622862725
0.0007127503663898388
0.000756228627259404
0.0007249633610161211
0.0006165119687347338
0.0006873473375671715
0.0006218856863702979
0.00075476306790425
0.0006287249633610162
0.000706399609184172
0.0006365412799218368
0.0007122618466047875
0.0006570591108939911
0.0006238397655105031
0.0006873473375671715
0.0007459697117733268
0.0005696140693698096
0.0007523204689789937
0.0006624328285295554
0.0007288715192965315
0.0005466536394723987
0.0006712261846604788
0.0007342452369320958
0.0006233512457254519
0.0006707376648754274
0.0007508549096238397
0.0006013678553981436
0.0007249633610161211
0.0005686370297997068
0.0006805080605764533
0.0005955056179775281
0.0007288715192965315
0.00067171470444553
0.0006863702979970688
0.0006932095749877871
0.0007005373717635565
0.0005764533463605276
0.000680019540791402
0.0006853932584269663
0.0006985832926233512
0.0005710796287249633
0.0006482657547630679
0.0007142159257449927
0.000663409868099658
0.0006345872007816317
0.0006785539814362482
0.000626770884220811
0.0007176355642403517
0.0006165119687347338
0.0007308255984367366
0.0006560820713238886
0.0007210552027357108
0.0006223742061553493
0.0006956521739130434
0.0006995603321934538
0.0006775769418661456
0.0005319980459208598
0.0006687835857352222
0.00063019052271617
0.0007151929653150952
0.0005354176844162188
0.0006697606253053249
0.0007181240840254031
0.000655105031753786
0.0006380068392769908
0.0007103077674645823
0.0006345872007816317
0.0006980947728382999
0.0006174890083048363
0.000721543722520762
0.0005989252564728872
0.0007107962872496337
0.0006893014167073766
0.0006736687835857352
0.0006888128969223254
0.0007151929653150952
0.0005569125549584758
0.000709819247679531
0.0006365412799218368
0.0007244748412310698
0.0006028334147532976
0.0007420615534929165
0.0007449926722032242
0.0006482657547630679
0.0005788959452857841
0.0006497313141182218
0.000626770884220811
0.000659990229604299
0.0006013678553981436
0.000721543722520762
0.0006355642403517342
0.0007259404005862238
0.0006609672691744016
0.0006077186126038105
0.0006692721055202736
0.0007298485588666341
0.0005886663409868099
0.0007239863214460186
0.0006145578895945286
0.0007537860283341475
0.0005686370297997068
0.0006653639472398632
0.0007210552027357108
0.0006531509526135808
0.000655105031753786
0.0007371763556424034
0.0005725451880801173
0.0007029799706888129
0.0005964826575476307
0.0006907669760625306
0.0006287249633610162
0.0007244748412310698
0.0007156814851001465
0.0006697606253053249
0.0007049340498290181
0.0007254518808011725
0.0005378602833414753
0.0006819736199316072
0.0005979482169027845
0.0007039570102589154
0.0005661944308744504
0.000749389350268686
0.0007181240840254031
0.0006809965803615046
0.000681485100146556
0.000626770884220811
0.000593551538837323
0.0007234978016609672
0.0006199316072300928
0.0007401074743527112
0.0006570591108939911
0.0007171470444553005
0.0006404494382022472
0.0006380068392769908
0.0007034684904738642
0.0006609672691744016
0.0005500732779677577
0.0007200781631656083
0.0006399609184171959
0.0007567171470444552
0.0005701025891548608
0.0006648754274548119
0.0007283829995114803
0.000646800195407914
0.0006428920371275036
0.0006272594040058622
0.0005945285784074255
0.0007254518808011725
0.0005559355153883733
0.0006917440156326331
0.0006590131900341963
0.0007576941866145578
0.0006751343429408891
0.0006917440156326331
0.0006976062530532486
0.0006927210552027357
0.0005495847581827064
0.0007122618466047875
0.0006668295065950171
0.0007210552027357108
0.0005798729848558867
0.0007386419149975574
0.0007405959941377626
0.0007249633610161211
0.0006424035173424523
0.0006824621397166585
0.0006023448949682462
0.0006980947728382999
0.0005847581827063996
0.00071323888617489
0.0006438690766976063
0.0007371763556424034
0.0007054225696140694
0.0006839276990718123
0.0006985832926233512
0.0006687835857352222
0.0005930630190522717
0.0007112848070346849
0.0006428920371275036
0.0007352222765021983
0.0005769418661455788
0.0006570591108939911
0.0007107962872496337
0.00073961895456766
0.0006248168050806057
0.0007259404005862238
0.000626770884220811
0.0007191011235955056
0.0005593551538837322
0.0006941866145578896
0.0006463116756228628
0.0006477772349780166
0.0006712261846604788
0.0006966292134831461
0.000756228627259404
0.0007313141182217879
0.0005798729848558867
0.0006941866145578896
0.0006463116756228628
0.0007210552027357108
0.0005828041035661944
0.0007449926722032242
0.0007933561309233024
0.0006775769418661456
0.0005779189057156815
0.0006839276990718123
0.00063019052271617
0.0006932095749877871
0.0006038104543234001
0.0006770884220810943
0.0006326331216414265
0.0007264289203712751
0.0006365412799218368
0.0006575476306790425
0.0007078651685393258
0.0007083536883243772
0.0005759648265754763
0.0007093307278944797
0.0006570591108939911
0.0007523204689789937
0.0005730337078651685
0.0006785539814362482
0.0007445041524181729
0.0006761113825109917
0.0006756228627259405
0.0007303370786516854
0.0006541279921836834
0.000709819247679531
0.0005779189057156815
0.0006702491450903762
0.0006629213483146067
0.0007220322423058134
0.0007010258915486077
0.0006966292134831461
0.0007195896433805569
0.0007249633610161211
0.0005393258426966292
0.0006712261846604788
0.0006257938446507083
0.0007293600390815828
0.0005842696629213483
0.000743038593063019
0.0007269174401563263
0.0006428920371275036
0.0006028334147532976
0.0006389838788470933
0.0006145578895945286
0.0007171470444553005
0.0005696140693698096
0.0006805080605764533
0.000593551538837323
0.0007005373717635565
0.0006893014167073766
0.0006375183194919394
0.000747923790913532
0.0006941866145578896
0.0005730337078651685
0.0007034684904738642
0.0005984367366878358
0.0007664875427454811
0.0005906204201270151
0.0006702491450903762
0.0007474352711284807
0.0007054225696140694
0.0006741573033707865
0.000668295065950171
0.000638495359062042
0.0007234978016609672
0.0005515388373229115
0.0006844162188568637
0.0006179775280898876
0.0006893014167073766
0.0006985832926233512
0.0007088422081094285
0.0007523204689789937
0.0007151929653150952
0.000542256961406937
0.0006746458231558377
0.0006521739130434783
0.000680019540791402
0.0006209086468001954
0.0007342452369320958
0.0006834391792867611
0.0006858817782120176
0.0006199316072300928
0.0007103077674645823
0.000592085979482169
0.0007078651685393258
0.0006179775280898876
0.000749389350268686
0.0007122618466047875
0.0006629213483146067
0.0006761113825109917
0.0006658524670249145
0.0006863702979970688
0.0006966292134831461
0.0005564240351734245
0.000723009281875916
0.0006946751343429409
0.0007498778700537372
0.000618466047874939
0.0007122618466047875
0.0007303370786516854
0.000655105031753786
0.0006687835857352222
0.0006976062530532486
0.0005735222276502199
0.0007332681973619931
0.0006121152906692721
0.0006873473375671715
0.0006140693698094773
0.000721543722520762
0.000714704445530044
0.0007044455300439668
0.000668295065950171
0.0006922325354176843
0.0005398143624816804
0.0006868588177821202
0.0006531509526135808
0.0007083536883243772
0.0005539814362481681
0.0007234978016609672
0.0007288715192965315
0.000714704445530044
0.0006585246702491451
0.0007039570102589154
0.0005828041035661944
0.0006839276990718123
0.0005994137762579385
0.0007054225696140694
0.0006223742061553493
0.0007288715192965315
0.0006912554958475818
0.0006560820713238886
0.0006795310210063508
0.0006839276990718123
0.0005427454811919882
0.0007489008304836345
0.0006389838788470933
0.0007225207620908647
0.0005666829506595017
0.0006687835857352222
0.0007186126038104543
0.0006482657547630679
0.0006111382510991696
0.0007137274059599414
0.0006365412799218368
0.0006829506595017098
0.0005593551538837322
0.000680019540791402
0.0006257938446507083
0.0006863702979970688
0.0007073766487542745
0.0007210552027357108
0.0006780654616511968
0.000680019540791402
0.0005481191988275525
0.0007176355642403517
0.0006638983878847094
0.0007982413287738153
0.0005691255495847581
0.0007005373717635565
0.0007606253053248656
0.0007342452369320958
0.0006209086468001954
0.0007151929653150952
0.0005999022960429897
0.0007191011235955056
0.0006155349291646311
0.0007161700048851978
0.0006795310210063508
0.0007010258915486077
0.0006707376648754274
0.0006780654616511968
0.0006795310210063508
0.0007073766487542745
0.0005764533463605276
0.0007093307278944797
0.0006956521739130434
0.0007532975085490963
0.000596971177332682
0.000655105031753786
0.0007371763556424034
0.0006277479237909135
0.0006428920371275036
0.0006976062530532486
0.0006170004885197851
0.0007352222765021983
0.000593551538837323
0.0007161700048851978
0.0006238397655105031
0.0007225207620908647
0.0006912554958475818
0.0006565705911089399
0.0007088422081094285
0.0007127503663898388
0.000512457254518808
0.0006502198339032731
0.0006687835857352222
0.0007718612603810454
0.0006135808500244259
0.0007420615534929165
0.0006932095749877871
0.0006746458231558377
0.0006326331216414265
0.0006790425012212995
0.0006277479237909135
0.000709819247679531
0.0006013678553981436
0.0007474352711284807
0.0006345872007816317
0.0007581827063996092
0.0006223742061553493
0.0006746458231558377
0.0006868588177821202
0.0007059110893991206
0.0005442110405471422
0.0007337567171470445
0.0006546165119687347
0.0007743038593063018
0.000545676599902296
0.0006629213483146067
0.0007415730337078652
0.0006458231558378114
0.0006746458231558377
0.000688324377137274
0.0006414264777723497
0.0007093307278944797
0.000600390815828041
0.0006736687835857352
0.0005906204201270151
0.0006946751343429409
0.0006897899364924279
0.0006809965803615046
0.0007269174401563263
0.0007586712261846605
0.0005774303859306302
0.0007405959941377626
0.000663409868099658
0.0007234978016609672
0.0005891548607718613
0.000680019540791402
0.0007484123106985832
0.0006912554958475818
0.0006135808500244259
0.0006741573033707865
0.0006155349291646311
0.0007029799706888129
0.0005881778212017587
0.0007606253053248656
0.0006751343429408891
0.0007498778700537372
0.0006927210552027357
0.0006853932584269663
0.0007371763556424034
0.0006751343429408891
0.0005686370297997068
0.0007195896433805569
0.0007259404005862238
0.0007659990229604298
0.0006047874938935028
0.0007103077674645823
0.0006971177332681974
0.0006868588177821202
0.0006946751343429409
0.000782608695652174
0.0006199316072300928
0.0007449926722032242
0.000563751831949194
0.0006663409868099657
0.0006741573033707865
0.0006678065461651197
0.000625305324865657
0.0007420615534929165
0.0006770884220810943
0.0007176355642403517
0.0005710796287249633
0.0007117733268197362
0.0006844162188568637
0.0006927210552027357
0.0006223742061553493
0.0007127503663898388
0.000764533463605276
0.0007156814851001465
0.0006326331216414265
0.0007044455300439668
0.0006213971665852467
0.0007234978016609672
0.0006223742061553493
0.0007239863214460186
0.0006399609184171959
0.0007630679042501221
0.000646800195407914
0.0006726917440156326
0.0006936980947728383
0.0007327796775769418
0.0005666829506595017
0.0007308255984367366
0.0006609672691744016
0.000709819247679531
0.0005774303859306302
0.0007068881289692232
0.0007703957010258915
0.0007274059599413776
0.0006394723986321445
0.0007518319491939423
0.0007127503663898388
0.0007366878358573522
0.0005813385442110406
0.0007366878358573522
0.0006194430874450415
0.0007318026380068393
0.0006702491450903762
0.0007059110893991206
0.0007024914509037617
0.0007728382999511481
0.0005163654127992183
0.0007176355642403517
0.0006282364435759648
0.0007464582315583781
0.0005319980459208598
0.0007176355642403517
0.0007337567171470445
0.0007669760625305326
0.0006722032242305813
0.000681485100146556
0.000638495359062042
0.0007293600390815828
0.0006624328285295554
0.0007166585246702492
0.0006414264777723497
0.0007679531021006351
0.0007029799706888129
0.0006902784562774792
0.0006966292134831461
0.0006941866145578896
0.0005569125549584758
0.0007625793844650708
0.000655105031753786
0.0007386419149975574
0.0005862237420615535
0.000706399609184172
0.0007274059599413776
0.0006570591108939911
0.0006531509526135808
0.0006912554958475818
0.000618466047874939
0.0007376648754274549
0.0005754763067904251
0.0007000488519785051
0.0006555935515388374
0.0007107962872496337
0.0006560820713238886
0.0007005373717635565
0.000714704445530044
0.0007195896433805569
0.0005828041035661944
0.0007049340498290181
0.0006580361504640938
0.0007386419149975574
0.0006140693698094773
0.0007020029311187103
0.0007278944797264289
0.0006595017098192477
0.0006653639472398632
0.0006443575964826576
0.0006042989741084513
0.0007552515876893015
0.0005959941377625794
0.0007606253053248656
0.0006521739130434783
0.0007332681973619931
0.0007288715192965315
0.0006487542745481191
0.0007068881289692232
0.0007752808988764045
0.0005813385442110406
0.0007059110893991206
0.0006306790425012213
0.0007601367855398143
0.000567171470444553
0.0006849047386419151
0.0007469467513434294
0.0006595017098192477
0.0006238397655105031
0.0007752808988764045
0.0006033219345383488
0.0007606253053248656
0.0006218856863702979
0.0007332681973619931
0.0006609672691744016
0.0006922325354176843
0.0006775769418661456
0.000701514411333659
0.0007117733268197362
0.0006785539814362482
0.0005393258426966292
0.0006604787493893502
0.0007020029311187103
0.0007879824132877381
0.0005984367366878358
0.0006961406936980948
0.0007239863214460186
0.000655105031753786
0.0006243282852955545
0.000673180263800684
0.0006287249633610162
0.0007254518808011725
0.0006170004885197851
0.0007039570102589154
0.0007020029311187103
0.0007635564240351734
0.0006658524670249145
0.0006389838788470933
0.0006844162188568637
0.0006893014167073766
0.000593551538837323
0.0007244748412310698
0.0006702491450903762
0.0007127503663898388
0.000557401074743527
0.0006966292134831461
0.0007371763556424034
0.0006590131900341963
0.0006785539814362482
0.000709819247679531
0.0006619443087445042
0.0006985832926233512
0.0005788959452857841
0.0006956521739130434
0.0006409379579872985
0.0007313141182217879
0.0006091841719589643
0.0006956521739130434
0.0006678065461651197
0.0006893014167073766
0.0005749877870053736
0.0006922325354176843
0.0006414264777723497
0.0006839276990718123
0.0005925744992672202
0.0007528089887640449
0.000799218368343918
0.000701514411333659
0.0005974596971177333
0.0007034684904738642
0.0005989252564728872
0.0007034684904738642
0.0005881778212017587
0.00075476306790425
0.0006321446018563752
0.0007518319491939423
0.0006453346360527601
0.000618466047874939
0.000714704445530044
0.0006941866145578896
0.0006106497313141183
0.0007518319491939423
0.0006770884220810943
0.0007650219833903273
0.0005681485100146556
0.0006956521739130434
0.0007093307278944797
0.0006555935515388374
0.0006790425012212995
0.0007366878358573522
0.0006795310210063508
0.000747923790913532
0.0006409379579872985
0.0007093307278944797
0.0006209086468001954
0.0006932095749877871
0.00075476306790425
0.0006839276990718123
0.0006809965803615046
0.0006873473375671715
0.0005290669272105521
0.00067171470444553
0.0007029799706888129
0.0007601367855398143
0.0005911089399120665
0.0007689301416707377
0.00075476306790425
0.0007239863214460186
0.0006170004885197851
0.0007220322423058134
0.0006135808500244259
0.0007093307278944797
0.0006126038104543234
0.0007405959941377626
0.0006829506595017098
0.0007484123106985832
0.0006526624328285296
0.0006292134831460674
0.0007044455300439668
0.0007186126038104543
0.0005906204201270151
0.0007391304347826086
0.000638495359062042
0.0007684416218856863
0.0005862237420615535
0.0006604787493893502
0.0007381533952125061
0.0006575476306790425
0.00067171470444553
0.0006819736199316072
0.0006414264777723497
0.0007161700048851978
0.000592085979482169
0.0007366878358573522
0.0006404494382022472
0.0007845627747923792
0.0006980947728382999
0.0006687835857352222
0.0007342452369320958
0.0006990718124084026
0.000552027357107963
0.000709819247679531
0.0006165119687347338
0.0006951636541279922
0.0006106497313141183
0.0006878358573522228
0.00073961895456766
0.0007288715192965315
0.0006477772349780166
0.0006570591108939911
0.0006282364435759648
0.0006897899364924279
0.0006135808500244259
0.0007322911577918906
0.0006609672691744016
0.0007357107962872497
0.0006595017098192477
0.00063019052271617
0.0006990718124084026
0.0006995603321934538
0.0005813385442110406
0.0007674645823155838
0.0006541279921836834
0.0007361993160723009
0.0006160234489496824
0.0007142159257449927
0.0007083536883243772
0.0007073766487542745
0.000646800195407914
0.0007694186614557889
0.0006106497313141183
0.0007107962872496337
0.0005554469956033219
0.0007386419149975574
0.0006179775280898876
0.0006907669760625306
0.000681485100146556
0.0006912554958475818
0.0007557401074743527
0.0007337567171470445
0.0005867122618466047
0.0006868588177821202
0.000592085979482169
0.0007269174401563263
0.0005994137762579385
0.0007401074743527112
0.000709819247679531
0.0006990718124084026
0.0006663409868099657
0.0006951636541279922
0.0006218856863702979
0.0007191011235955056
0.000592085979482169
0.0007874938935026869
0.0006868588177821202
0.0007415730337078652
0.0006663409868099657
0.0006590131900341963
0.0007278944797264289
0.0006751343429408891
0.0005681485100146556
0.000761113825109917
0.00067171470444553
0.0007244748412310698
0.0006316560820713239
0.0006702491450903762
0.0007195896433805569
0.0006590131900341963
0.0006575476306790425
0.0006863702979970688
0.0006062530532486565
0.0007532975085490963
0.0006067415730337079
0.0007708842208109429
0.0006912554958475818
0.0007410845139228138
0.0007225207620908647
0.0007386419149975574
0.0007474352711284807
0.0007107962872496337
0.0005500732779677577
0.0006780654616511968
0.0006927210552027357
0.0007259404005862238
0.0006145578895945286
0.000709819247679531
0.0007445041524181729
0.0007127503663898388
0.0006365412799218368
0.0007068881289692232
0.0006174890083048363
0.0006805080605764533
0.0006126038104543234
0.0007464582315583781
0.0006638983878847094
0.0007816316560820713
0.0006448461162677088
0.0006360527601367856
0.0006888128969223254
0.0006990718124084026
0.0006082071323888617
0.0007225207620908647
0.0006648754274548119
0.0007904250122129947
0.000583781143136297
0.0006927210552027357
0.0007220322423058134
0.0006839276990718123
0.0006389838788470933
0.0007699071812408403
0.0006248168050806057
0.0007127503663898388
0.000635075720566683
0.0007386419149975574
0.0006360527601367856
0.000706399609184172
0.0007112848070346849
0.0006824621397166585
0.0006888128969223254
0.0007220322423058134
0.0005720566682950659
0.0007288715192965315
0.000668295065950171
0.0007137274059599414
0.0006111382510991696
0.0006971177332681974
0.0007337567171470445
0.0007332681973619931
0.0006453346360527601
0.000659990229604299
0.0006663409868099657
0.0007122618466047875
0.0006404494382022472
0.0007405959941377626
0.0006375183194919394
0.0007210552027357108
0.0007059110893991206
0.0006775769418661456
0.0006712261846604788
0.0007234978016609672
0.0005730337078651685
0.0007391304347826086
0.0006389838788470933
0.0007503663898387885
0.0006082071323888617
0.0006858817782120176
0.000756228627259404
0.0006526624328285296
0.0006580361504640938
0.0007166585246702492
0.0006165119687347338
0.0007689301416707377
0.0006238397655105031
0.0007239863214460186
0.0006321446018563752
0.0006849047386419151
0.0006839276990718123
0.0007474352711284807
0.0007073766487542745
0.0007249633610161211
0.0005065950170981924
0.00063019052271617
0.0006726917440156326
0.0007567171470444552
0.0006062530532486565
0.0006902784562774792
0.0007606253053248656
0.0006878358573522228
0.0006580361504640938
0.0006521739130434783
0.0005930630190522717
0.0007117733268197362
0.0006521739130434783
0.0007523204689789937
0.0006170004885197851
0.0007195896433805569
0.0007171470444553005
0.0006443575964826576
0.0006756228627259405
0.0007308255984367366
0.000593551538837323
0.0007029799706888129
0.0006678065461651197
0.0007557401074743527
0.0005476306790425012
0.0007122618466047875
0.0007083536883243772
0.0006746458231558377
0.000701514411333659
0.0007054225696140694
0.0006370297997068881
0.0007083536883243772
0.0006038104543234001
0.0007415730337078652
0.0006829506595017098
0.0007283829995114803
0.0006966292134831461
0.0007151929653150952
0.0007713727405959941
0.0007508549096238397
0.0006023448949682462
0.0007112848070346849
0.0006414264777723497
0.0007264289203712751
0.0006116267708842208
0.0006912554958475818
0.0007532975085490963
0.0007151929653150952
0.0006282364435759648
0.0006834391792867611
0.0006453346360527601
0.000709819247679531
0.0006013678553981436
0.0007254518808011725
0.000668295065950171
0.0007278944797264289
0.0007166585246702492
0.000659990229604299
0.0007552515876893015
0.0007313141182217879
0.0005828041035661944
0.0007386419149975574
0.0006507083536883243
0.0007191011235955056
0.0005989252564728872
0.0006780654616511968
0.0007503663898387885
0.0006819736199316072
0.0006726917440156326
0.0006775769418661456
0.0006121152906692721
0.0007425500732779677
0.0006160234489496824
0.0006932095749877871
0.0006902784562774792
0.0007264289203712751
0.000709819247679531
0.0007552515876893015
0.0007151929653150952
0.0006956521739130434
0.0005832926233512457
0.000749389350268686
0.0006643869076697606
0.0007982413287738153
0.0006111382510991696
0.0007518319491939423
0.0007747923790913532
0.0006785539814362482
0.0006287249633610162
0.0007142159257449927
0.0006150464093795799
0.0007034684904738642
0.0006340986809965803
0.0007835857352222765
0.0006932095749877871
0.0007830972154372252
0.0007137274059599414
0.0006668295065950171
0.000673180263800684
0.00073961895456766
0.0006121152906692721
0.0007244748412310698
0.0006844162188568637
0.0007821201758671226
0.0006028334147532976
0.0007039570102589154
0.0007200781631656083
0.0006863702979970688
0.0006091841719589643
0.0007137274059599414
0.0006555935515388374
0.000743038593063019
0.0005862237420615535
0.0006922325354176843
0.0006609672691744016
0.000714704445530044
0.0007107962872496337
0.0007059110893991206
0.0007054225696140694
0.0006980947728382999
0.0005705911089399121
0.0007010258915486077
0.0006873473375671715
0.0007137274059599414
0.0005559355153883733
0.000676599902296043
0.0007689301416707377
0.0007513434294088911
0.0006199316072300928
0.000673180263800684
0.0006067415730337079
0.0007225207620908647
0.0006306790425012213
0.0007513434294088911
0.0007117733268197362
0.000764533463605276
0.0006780654616511968
0.0007029799706888129
0.0007718612603810454
0.0007357107962872497
0.000643380556912555
0.0007435271128480704
0.000625305324865657
0.0007830972154372252
0.00063019052271617
0.0006546165119687347
0.0007205666829506595
0.0006990718124084026
0.0006262823644357597
0.0007205666829506595
0.0006370297997068881
0.0007484123106985832
0.0005779189057156815
0.0007054225696140694
0.0006155349291646311
0.0006888128969223254
0.0007327796775769418
0.0006990718124084026
0.0007616023448949683
0.000714704445530044
0.0005432340009770396
0.0006946751343429409
0.0006614557889594529
0.0007200781631656083
0.0006072300928187591
0.0007445041524181729
0.0007303370786516854
0.0006897899364924279
0.0006526624328285296
0.0006487542745481191
0.0006101612115290668
0.000651685393258427
0.0006282364435759648
0.0007171470444553005
0.0007176355642403517
0.0007166585246702492
0.0006130923302393747
0.0006472887151929653
0.0007186126038104543
0.0006985832926233512
0.0006116267708842208
0.0007459697117733268
0.0006844162188568637
0.0007791890571568149
0.0006458231558378114
0.0006526624328285296
0.0007318026380068393
0.0006629213483146067
0.0006888128969223254
0.0006873473375671715
0.000635075720566683
0.0006829506595017098
0.0006287249633610162
0.0006917440156326331
0.0006531509526135808
0.0007489008304836345
0.0007166585246702492
0.0007107962872496337
0.0007039570102589154
0.00075476306790425
0.0005701025891548608
0.0007361993160723009
0.000709819247679531
0.0007322911577918906
0.000626770884220811
0.0007557401074743527
0.0007376648754274549
0.0007313141182217879
0.0006238397655105031
0.0007464582315583781
0.0006370297997068881
0.0007542745481191988
0.0006424035173424523
0.0007298485588666341
0.0006565705911089399
0.0007420615534929165
0.0006463116756228628
0.0006624328285295554
0.0006912554958475818
0.000706399609184172
0.0005759648265754763
0.0007298485588666341
0.0007303370786516854
0.000756228627259404
0.0005779189057156815
0.0007103077674645823
0.0007542745481191988
0.00073961895456766
0.0006844162188568637
0.000723009281875916
0.000633610161211529
0.0007122618466047875
0.0006008793356130923
0.0007005373717635565
0.0006985832926233512
0.0007103077674645823
0.0006888128969223254
0.00073961895456766
0.000749389350268686
0.0007127503663898388
0.0005906204201270151
0.0006829506595017098
0.0006511968734733756
0.0007518319491939423
0.0005999022960429897
0.0007650219833903273
0.0007601367855398143
0.0006780654616511968
0.0006604787493893502
0.0007225207620908647
0.0006326331216414265
0.0007225207620908647
0.0006306790425012213
0.0007200781631656083
0.0006287249633610162
0.0007449926722032242
0.0006961406936980948
0.0006790425012212995
0.0007225207620908647
0.0007440156326331217
0.0006062530532486565
0.0007689301416707377
0.0007083536883243772
0.0007401074743527112
0.0005500732779677577
0.0007234978016609672
0.0007176355642403517
0.0006712261846604788
0.0006604787493893502
0.0007791890571568149
0.0006844162188568637
0.00073961895456766
0.0006165119687347338
0.0007142159257449927
0.0006160234489496824
0.0007405959941377626
0.000681485100146556
0.0007151929653150952
0.0006956521739130434
0.0007278944797264289
0.0005955056179775281
0.0007112848070346849
0.000635075720566683
0.0007327796775769418
0.0005959941377625794
0.0007581827063996092
0.000756228627259404
0.0007464582315583781
0.0006726917440156326
0.0006824621397166585
0.0006179775280898876
0.0007176355642403517
0.0006458231558378114
0.0008075232046897898
0.0006463116756228628
0.000721543722520762
0.0006956521739130434
0.0006741573033707865
0.000749389350268686
0.0006995603321934538
0.0006038104543234001
0.0007914020517830972
0.0007117733268197362
0.0007288715192965315
0.000583781143136297
0.0006853932584269663
0.0007391304347826086
0.0007210552027357108
0.0006555935515388374
0.0007088422081094285
0.000655105031753786
0.0007591597459697118
0.0006487542745481191
0.0007078651685393258
0.0006580361504640938
0.0006912554958475818
0.000643380556912555
0.0007283829995114803
0.0007093307278944797
0.0007518319491939423
0.0005315095261358085
0.0007205666829506595
0.0006541279921836834
0.0007576941866145578
0.0006360527601367856
0.0007762579384465071
0.0007572056668295066
0.0007620908646800195
0.0006712261846604788
0.0007591597459697118
0.0006389838788470933
0.0007093307278944797
0.0006233512457254519
0.0007567171470444552
0.0006780654616511968
0.0007489008304836345
0.000655105031753786
0.0006619443087445042
0.0007303370786516854
0.0007283829995114803
0.0006072300928187591
0.0007489008304836345
0.000668295065950171
0.0007410845139228138
0.0006130923302393747
0.0007049340498290181
0.0007532975085490963
0.0006888128969223254
0.0006795310210063508
0.0007449926722032242
0.0006580361504640938
0.0007567171470444552
0.0006712261846604788
0.0007137274059599414
0.000635075720566683
0.0007171470444553005
0.0007112848070346849
0.0007142159257449927
0.0006785539814362482
0.0007508549096238397
0.0005593551538837322
0.0007357107962872497
0.000638495359062042
0.0007386419149975574
0.0006135808500244259
0.0007713727405959941
0.0007366878358573522
0.0006585246702491451
0.0006595017098192477
0.0006853932584269663
0.0005945285784074255
0.0007127503663898388
0.0006360527601367856
0.0007234978016609672
0.0006521739130434783
0.0007640449438202247
0.0006687835857352222
0.0006941866145578896
0.0007376648754274549
0.0006858817782120176
0.0005940400586223742
0.0007454811919882755
0.0006653639472398632
0.0007508549096238397
0.0006199316072300928
0.0006829506595017098
0.0007557401074743527
0.0007088422081094285
0.0007039570102589154
0.0007249633610161211
0.000626770884220811
0.000756228627259404
0.0005661944308744504
0.0006941866145578896
0.000663409868099658
0.0007112848070346849
0.00073961895456766
0.0007166585246702492
0.0007073766487542745
0.0007484123106985832
0.0005754763067904251
0.0007518319491939423
0.0006414264777723497
0.0007772349780166097
0.0005808500244259892
0.0007596482657547631
0.0007322911577918906
0.0007220322423058134
0.0005979482169027845
0.0007234978016609672
0.0006218856863702979
0.0007835857352222765
0.0006370297997068881
0.0007484123106985832
0.0006463116756228628
0.0006976062530532486
0.0007044455300439668
0.0006389838788470933
0.0006673180263800685
0.0006932095749877871
0.0006257938446507083
0.0007537860283341475
0.0006624328285295554
0.0007498778700537372
0.0005832926233512457
0.0007879824132877381
0.0007308255984367366
0.0006927210552027357
0.0006785539814362482
0.000747923790913532
0.0006365412799218368
0.0007274059599413776
0.0005911089399120665
0.0007029799706888129
0.000643380556912555
0.0007171470444553005
0.0007254518808011725
0.0006995603321934538
0.0007425500732779677
0.0007083536883243772
0.0005603321934538348
0.0007186126038104543
0.0006868588177821202
0.0007171470444553005
0.0005881778212017587
0.0007532975085490963
0.0007186126038104543
0.0007415730337078652
0.0006795310210063508
0.0007020029311187103
0.0006023448949682462
0.0007308255984367366
0.000643380556912555
0.0008021494870542258
0.0006502198339032731
0.0007830972154372252
0.0006941866145578896
0.0006868588177821202
0.0007425500732779677
0.0007176355642403517
0.0005583781143136297
0.000794333170493405
0.0007191011235955056
0.0007352222765021983
0.0005950170981924768
0.0006761113825109917
0.0007352222765021983
0.0006829506595017098
0.0006370297997068881
0.0007816316560820713
0.0006419149975574011
0.0007537860283341475
0.0005666829506595017
0.0007474352711284807
0.0006790425012212995
0.0007195896433805569
0.0006907669760625306
0.0006966292134831461
0.0007420615534929165
0.0007572056668295066
0.0005701025891548608
0.0007176355642403517
0.0006648754274548119
0.0008006839276990718
0.000618466047874939
0.0007303370786516854
0.0007484123106985832
0.0007474352711284807
0.0006741573033707865
0.0007259404005862238
0.0006213971665852467
0.0007630679042501221
0.0006428920371275036
0.000764533463605276
0.0006912554958475818
0.0007405959941377626
0.00067171470444553
0.000651685393258427
0.000668295065950171
0.0007161700048851978
0.000618466047874939
0.0007181240840254031
0.0006443575964826576
0.0007620908646800195
0.0005701025891548608
0.0006819736199316072
0.0007342452369320958
0.0006722032242305813
0.0006453346360527601
0.0007552515876893015
0.0006389838788470933
0.0007630679042501221
0.0006145578895945286
0.0007195896433805569
0.0006526624328285296
0.0007186126038104543
0.0006805080605764533
0.0006414264777723497
0.0007293600390815828
0.0007195896433805569
0.0005725451880801173
0.0007669760625305326
0.0006917440156326331
0.0007010258915486077
0.0006179775280898876
0.0007083536883243772
0.0007303370786516854
0.0007357107962872497
0.00063019052271617
0.0006653639472398632
0.0005686370297997068
0.0007010258915486077
0.000626770884220811
0.0007728382999511481
0.0006409379579872985
0.0007435271128480704
0.0006941866145578896
0.0006736687835857352
0.0007024914509037617
0.0007459697117733268
0.0005769418661455788
0.0007366878358573522
0.0007054225696140694
0.0007303370786516854
0.0006101612115290668
0.0006966292134831461
0.0007103077674645823
0.0006839276990718123
0.0006497313141182218
0.0007337567171470445
0.0006189545676599902
0.0007855398143624817
0.0005930630190522717
0.0006961406936980948
0.0006091841719589643
0.0006985832926233512
0.000706399609184172
0.0007010258915486077
0.0007308255984367366
0.0007195896433805569
0.0005471421592574499
0.0007459697117733268
0.0006536394723986322
0.0007298485588666341
0.0006272594040058622
0.0006888128969223254
0.000723009281875916
0.0007225207620908647
0.0006331216414264777
0.0007156814851001465
0.0006287249633610162
0.0007259404005862238
0.000618466047874939
0.0007777234978016609
0.0006878358573522228
0.0007142159257449927
0.0006546165119687347
0.000626770884220811
0.0006829506595017098
0.0006946751343429409
0.0006238397655105031
0.0007572056668295066
0.0006980947728382999
0.000789447972642892
0.0005886663409868099
0.0006595017098192477
0.0007195896433805569
0.0006917440156326331
0.0006849047386419151
0.0007293600390815828
0.0006751343429408891
0.0007288715192965315
0.0006160234489496824
0.0006863702979970688
0.0006477772349780166
0.0007122618466047875
0.0006614557889594529
0.0007376648754274549
0.0007088422081094285
0.0006980947728382999
0.0005593551538837322
0.0007093307278944797
0.0006609672691744016
0.00073961895456766
0.0005950170981924768
0.0007103077674645823
0.0007484123106985832
0.0007225207620908647
0.0006472887151929653
0.0007107962872496337
0.0006340986809965803
0.0007181240840254031
0.0006809965803615046
0.0007640449438202247
0.000655105031753786
0.0007777234978016609
0.0007127503663898388
0.0006936980947728383
0.0007176355642403517
0.0007103077674645823
0.0005974596971177333
0.0007938446507083537
0.0006507083536883243
0.0007948216902784563
0.0006394723986321445
0.0007034684904738642
0.0007523204689789937
0.0006648754274548119
0.0006995603321934538
0.0007830972154372252
0.0006638983878847094
0.0007767464582315584
0.0006101612115290668
0.0007625793844650708
0.0006726917440156326
0.0007616023448949683
0.0006907669760625306
0.0006897899364924279
0.0007117733268197362
0.0006985832926233512
0.0005412799218368344
0.0006976062530532486
0.0006257938446507083
0.0007244748412310698
0.0006160234489496824
0.0007640449438202247
0.000747923790913532
0.0007308255984367366
0.0005930630190522717
0.0007205666829506595
0.0006111382510991696
0.0007581827063996092
0.0006228627259404006
0.0007200781631656083
0.000673180263800684
0.0007552515876893015
0.000688324377137274
0.0006785539814362482
0.000701514411333659
0.0007342452369320958
0.0006042989741084513
0.0007225207620908647
0.0006375183194919394
0.0007361993160723009
0.0005446995603321935
0.0007181240840254031
0.0008050806057645335
0.0007293600390815828
0.0006961406936980948
0.0007288715192965315
0.000681485100146556
0.0008001954079140206
0.0006292134831460674
0.000756228627259404
0.0006448461162677088
0.0007073766487542745
0.0006990718124084026
0.0007425500732779677
0.0007083536883243772
0.0007401074743527112
0.0005696140693698096
0.0007181240840254031
0.0006849047386419151
0.0007659990229604298
0.0006243282852955545
0.0007845627747923792
0.0007542745481191988
0.0007181240840254031
0.0006340986809965803
0.000701514411333659
0.0005754763067904251
0.0007137274059599414
0.0006399609184171959
0.0007747923790913532
0.0006345872007816317
0.0008016609672691743
0.0006409379579872985
0.0006746458231558377
0.0007054225696140694
0.0007318026380068393
0.0006223742061553493
0.0007464582315583781
0.0006287249633610162
0.0007870053737176355
0.0005378602833414753
0.000706399609184172
0.0007713727405959941
0.0007029799706888129
0.0006502198339032731
0.0007508549096238397
0.0006111382510991696
0.0007469467513434294
0.0005974596971177333
0.000659990229604299
0.0006409379579872985
0.0007405959941377626
0.0006306790425012213
0.0007088422081094285
0.0007156814851001465
0.0007322911577918906
0.0005100146555935515
0.0007088422081094285
0.0006663409868099657
0.0007664875427454811
0.0006111382510991696
0.0007567171470444552
0.0007933561309233024
0.0007327796775769418
0.0006233512457254519
0.0007337567171470445
0.0006590131900341963
0.0007181240840254031
0.0006150464093795799
0.0007616023448949683
0.0006849047386419151
0.0007860283341475329
0.0007103077674645823
0.0006614557889594529
0.0007200781631656083
0.0007606253053248656
0.0006174890083048363
0.0007366878358573522
0.0006511968734733756
0.0007464582315583781
0.000525647288715193
0.0006834391792867611
0.0007498778700537372
0.000743038593063019
0.0006536394723986322
0.0007669760625305326
0.0006106497313141183
0.0007728382999511481
0.0006248168050806057
0.0007117733268197362
0.0006316560820713239
0.0007283829995114803
0.0007327796775769418
0.0007244748412310698
0.0007278944797264289
0.0007723497801660966
0.0005715681485100147
0.0007401074743527112
0.0006272594040058622
0.000764533463605276
0.0005779189057156815
0.000794333170493405
0.0007957987298485588
0.0006951636541279922
0.0006096726917440156
0.0007386419149975574
0.0006218856863702979
0.0007664875427454811
0.0005847581827063996
0.0007581827063996092
0.0006888128969223254
0.0007342452369320958
0.0007151929653150952
0.0007454811919882755
0.000756228627259404
0.0007459697117733268
0.0005744992672203224
0.0007787005373717636
0.0006629213483146067
0.0007694186614557889
0.0005466536394723987
0.0007322911577918906
0.0007884709330727895
0.0006966292134831461
0.0006638983878847094
0.0007293600390815828
0.0006585246702491451
0.0008011724474841231
0.0006858817782120176
0.0007733268197361993
0.0006697606253053249
0.0007318026380068393
0.0006863702979970688
0.0007787005373717636
0.0007401074743527112
0.0007234978016609672
0.0006042989741084513
0.0006858817782120176
0.0007195896433805569
0.0007337567171470445
0.0006511968734733756
0.0007791890571568149
0.0007474352711284807
0.0007195896433805569
0.0006658524670249145
0.0007274059599413776
0.0006404494382022472
0.0007532975085490963
0.0005764533463605276
0.0007689301416707377
0.0007000488519785051
0.0007503663898387885
0.0007005373717635565
0.0006590131900341963
0.0007332681973619931
0.0007269174401563263
0.0006248168050806057
0.0007464582315583781
0.0006619443087445042
0.0007513434294088911
0.000552027357107963
0.0007142159257449927
0.0008001954079140206
0.0007054225696140694
0.0006370297997068881
0.0007278944797264289
0.0006424035173424523
0.0007391304347826086
0.0006179775280898876
0.0007044455300439668
0.0006531509526135808
0.0007181240840254031
0.0007225207620908647
0.0007049340498290181
0.0006902784562774792
0.0007195896433805569
0.0006067415730337079
0.0007073766487542745
0.0006756228627259405
0.0007425500732779677
0.000596971177332682
0.0007278944797264289
0.0007210552027357108
0.00075476306790425
0.000643380556912555
0.0007000488519785051
0.0006546165119687347
0.0007342452369320958
0.000625305324865657
0.0007532975085490963
0.0006976062530532486
0.0007318026380068393
0.0006770884220810943
0.0006858817782120176
0.0007220322423058134
0.0007254518808011725
0.0005823155837811431
0.0007357107962872497
0.0007024914509037617
0.0007313141182217879
0.0006072300928187591
0.0007005373717635565
0.0007747923790913532
0.000749389350268686
0.0006790425012212995
0.0007503663898387885
0.0006472887151929653
0.0007278944797264289
0.0006243282852955545
0.0007093307278944797
0.0006868588177821202
0.0007840742550073277
0.0007410845139228138
0.000743038593063019
0.0007391304347826086
0.000747923790913532
0.0006082071323888617
0.000673180263800684
0.0006663409868099657
0.0007171470444553005
0.0006179775280898876
0.0007874938935026869
0.0007718612603810454
0.0007054225696140694
0.0006893014167073766
0.0007191011235955056
0.0006521739130434783
0.0007576941866145578
0.0006570591108939911
0.0007708842208109429
0.0006951636541279922
0.0007498778700537372
0.0007068881289692232
0.0006414264777723497
0.0007440156326331217
0.0007425500732779677
0.0005959941377625794
0.0007337567171470445
0.0006541279921836834
0.0008080117244748413
0.0006292134831460674
0.0006692721055202736
0.0008055691255495847
0.0006971177332681974
0.0007054225696140694
0.0007650219833903273
0.0006726917440156326
0.000723009281875916
0.0006580361504640938
0.0007332681973619931
0.0007210552027357108
0.0006946751343429409
0.0007308255984367366
0.0007303370786516854
0.0007625793844650708
0.0007366878358573522
0.0006414264777723497
0.0006932095749877871
0.0006595017098192477
0.0007557401074743527
0.0006526624328285296
0.000764533463605276
0.0007762579384465071
0.0007078651685393258
0.0006414264777723497
0.0007332681973619931
0.0006389838788470933
0.0007674645823155838
0.0006619443087445042
0.000794333170493405
0.0007044455300439668
0.0007845627747923792
0.0006746458231558377
0.0006990718124084026
0.0007567171470444552
0.0006839276990718123
0.0006223742061553493
0.0007405959941377626
0.0007039570102589154
0.00073961895456766
0.0006033219345383488
0.0007088422081094285
0.0007381533952125061
0.0007332681973619931
0.0006638983878847094
0.000743038593063019
0.0006331216414264777
0.0007718612603810454
0.0006116267708842208
0.000756228627259404
0.0006521739130434783
0.0006927210552027357
0.0007327796775769418
0.0007068881289692232
0.0007801660967269174
0.0007415730337078652
0.0005925744992672202
0.0007137274059599414
0.0006619443087445042
0.0007269174401563263
0.0006463116756228628
0.0007269174401563263
0.0007879824132877381
0.0006922325354176843
0.0006209086468001954
0.0006761113825109917
0.0006394723986321445
0.0007425500732779677
0.000673180263800684
0.0007557401074743527
0.0006116267708842208
0.0007361993160723009
0.0006834391792867611
0.0007059110893991206
0.00078114313629702
0.0007401074743527112
0.0006360527601367856
0.0008041035661944309
0.0006458231558378114
0.0007391304347826086
0.0006311675622862725
0.0007088422081094285
0.0007855398143624817
0.000721543722520762
0.0006546165119687347
0.0007449926722032242
0.000676599902296043
0.0007254518808011725
0.0006160234489496824
0.0007474352711284807
0.0006570591108939911
0.0007518319491939423
0.0007000488519785051
0.0007322911577918906
0.0007269174401563263
0.0007957987298485588
0.0006008793356130923
0.0007274059599413776
0.0006238397655105031
0.0007508549096238397
0.0006428920371275036
0.0007708842208109429
0.0007743038593063018
0.000701514411333659
0.0006487542745481191
0.0006614557889594529
0.0006257938446507083
0.0007127503663898388
0.0005930630190522717
0.0007928676111382511
0.0006726917440156326
0.0007405959941377626
0.0006829506595017098
0.0006809965803615046
0.0007078651685393258
0.0006971177332681974
0.0005886663409868099
0.0007205666829506595
0.0006961406936980948
0.000799218368343918
0.000567171470444553
0.0007068881289692232
0.0007845627747923792
0.0006941866145578896
0.0006746458231558377
0.0007298485588666341
0.0006511968734733756
0.0007791890571568149
0.0006209086468001954
0.0007073766487542745
0.0006179775280898876
0.0007405959941377626
0.0006287249633610162
0.0006849047386419151
0.0006971177332681974
0.0007420615534929165
0.0006057645334636053
0.0007083536883243772
0.0006282364435759648
0.0007635564240351734
0.0006643869076697606
0.0007659990229604298
0.0007606253053248656
0.0007718612603810454
0.0006067415730337079
0.0007557401074743527
0.000626770884220811
0.0007528089887640449
0.0006135808500244259
0.0007713727405959941
0.0006638983878847094
0.0007518319491939423
0.000633610161211529
0.0006985832926233512
0.000743038593063019
0.0007342452369320958
0.0005412799218368344
0.0007782120175867122
0.0006780654616511968
0.0007904250122129947
0.0006126038104543234
0.0006888128969223254
0.0007498778700537372
0.000668295065950171
0.0006531509526135808
0.0007239863214460186
0.0006150464093795799
0.0007484123106985832
0.0006238397655105031
0.0007767464582315584
0.0006638983878847094
0.0007274059599413776
0.0007161700048851978
0.0007484123106985832
0.0007205666829506595
0.0006912554958475818
0.0006091841719589643
0.000676599902296043
0.0006702491450903762
0.0007801660967269174
0.0006194430874450415
0.0007093307278944797
0.0008006839276990718
0.0007322911577918906
0.000633610161211529
0.0007000488519785051
0.0006174890083048363
0.0007489008304836345
0.0006272594040058622
0.0007972642892037127
0.0006946751343429409
0.0007464582315583781
0.0007000488519785051
0.0007195896433805569
0.0007088422081094285
0.0007567171470444552
0.0006047874938935028
0.0007445041524181729
0.0006204201270151442
0.0007586712261846605
0.0006233512457254519
0.0007054225696140694
0.0007650219833903273
0.0007156814851001465
0.0006668295065950171
0.0007586712261846605
0.0006424035173424523
0.0007576941866145578
0.0005906204201270151
0.0007777234978016609
0.0006507083536883243
0.0007151929653150952
0.000681485100146556
0.0007454811919882755
0.0007117733268197362
0.0007723497801660966
0.0005974596971177333
0.000709819247679531
0.0006370297997068881
0.0007225207620908647
0.0006389838788470933
0.0007650219833903273
0.0007752808988764045
0.0007313141182217879
0.0006590131900341963
0.0006643869076697606
0.0006609672691744016
0.0007122618466047875
0.0005974596971177333
0.000790913531998046
0.0007161700048851978
0.0008006839276990718
0.0006658524670249145
0.0007088422081094285
0.0008050806057645335
0.0007694186614557889
0.0005339521250610649
0.0007518319491939423
0.0007044455300439668
0.0008192476795310209
0.0005393258426966292
0.000676599902296043
0.0007332681973619931
0.0006946751343429409
0.0006897899364924279
0.0007449926722032242
0.0006560820713238886
0.0007899364924279432
0.0005891548607718613
0.0007606253053248656
0.0006951636541279922
0.0007337567171470445
0.0007484123106985832
0.0007044455300439668
0.0007518319491939423
0.0006849047386419151
0.0005779189057156815
0.0007303370786516854
0.0007103077674645823
0.0007093307278944797
0.0006458231558378114
0.0007513434294088911
0.0007366878358573522
0.0007024914509037617
0.0006179775280898876
0.0007440156326331217
0.0006213971665852467
0.0007137274059599414
0.0006331216414264777
0.0007254518808011725
0.0006570591108939911
0.000721543722520762
0.0006961406936980948
0.0006536394723986322
0.0006941866145578896
0.0007274059599413776
0.0006204201270151442
0.0007796775769418661
0.0006565705911089399
0.000810942843185149
0.0006340986809965803
0.0007352222765021983
0.0007498778700537372
0.0006966292134831461
0.0006873473375671715
0.0008011724474841231
0.0005964826575476307
0.0007914020517830972
0.0005876893014167074
0.0007679531021006351
0.0006726917440156326
0.0007088422081094285
0.0006907669760625306
0.0007220322423058134
0.0007528089887640449
0.0007249633610161211
0.0006091841719589643
0.0007044455300439668
0.000673180263800684
0.0007386419149975574
0.0006448461162677088
0.0006917440156326331
0.0007801660967269174
0.0007107962872496337
0.0006912554958475818
0.0007112848070346849
0.0006487542745481191
0.0007806546165119687
0.0006668295065950171
0.0007278944797264289
0.0007127503663898388
0.0007674645823155838
0.0006902784562774792
0.0006980947728382999
0.0007420615534929165
0.0007044455300439668
0.0005984367366878358
0.0007415730337078652
0.000651685393258427
0.0007699071812408403
0.0006033219345383488
0.0007249633610161211
0.0007576941866145578
0.0007318026380068393
0.0006775769418661456
0.0007440156326331217
0.0006614557889594529
0.0007322911577918906
0.0006047874938935028
0.0007337567171470445
0.0006008793356130923
0.0006980947728382999
0.000706399609184172
0.0006966292134831461
0.00071323888617489
0.0006936980947728383
0.0005818270639960919
0.0007088422081094285
0.0006980947728382999
0.0007366878358573522
0.0006106497313141183
0.0008138739618954568
0.0007821201758671226
0.0007850512945774304
0.0006389838788470933
0.0007088422081094285
0.000663409868099658
0.0007743038593063018
0.0006575476306790425
0.0007386419149975574
0.0006555935515388374
0.0007464582315583781
0.0006805080605764533
0.0007234978016609672
0.0007410845139228138
0.000701514411333659
0.0006116267708842208
0.0007283829995114803
0.0006702491450903762
0.0007703957010258915
0.0006067415730337079
0.000709819247679531
0.0007342452369320958
0.0007171470444553005
0.0006472887151929653
0.0007405959941377626
0.0005959941377625794
0.0007576941866145578
0.0005964826575476307
0.0007572056668295066
0.0006277479237909135
0.0007332681973619931
0.000681485100146556
0.0007107962872496337
0.000782608695652174
0.0007171470444553005
0.0005930630190522717
0.0007176355642403517
0.0006819736199316072
0.0007361993160723009
0.0005847581827063996
0.0007420615534929165
0.0008055691255495847
0.000706399609184172
0.0007005373717635565
0.0007142159257449927
0.0006526624328285296
0.0007249633610161211
0.0006101612115290668
0.00075476306790425
0.0006873473375671715
0.0007723497801660966
0.0007166585246702492
0.0006653639472398632
0.0007078651685393258
0.0007000488519785051
0.0005959941377625794
0.0007791890571568149
0.0006917440156326331
0.0007498778700537372
0.0006121152906692721
0.0007059110893991206
0.0007068881289692232
0.0007054225696140694
0.000663409868099658
0.0007650219833903273
0.0006165119687347338
0.0007640449438202247
0.0006409379579872985
0.0007225207620908647
0.0006907669760625306
0.0007024914509037617
0.0007337567171470445
0.000701514411333659
0.0007440156326331217
0.0007440156326331217
0.0006150464093795799
0.0007127503663898388
0.0006868588177821202
0.0007782120175867122
0.000655105031753786
0.0007601367855398143
0.0007464582315583781
0.0006585246702491451
0.0006604787493893502
0.0007142159257449927
0.0006150464093795799
0.0007269174401563263
0.0006839276990718123
0.0007659990229604298
0.0006243282852955545
0.0007191011235955056
0.0006292134831460674
0.0006888128969223254
0.0007244748412310698
0.0007181240840254031
0.000585246702491451
0.0007743038593063018
0.0006306790425012213
0.0007708842208109429
0.0006028334147532976
0.0007049340498290181
0.0007718612603810454
0.0006819736199316072
0.0006531509526135808
0.0007107962872496337
0.0006150464093795799
0.0007708842208109429
0.0006868588177821202
0.0007205666829506595
0.000638495359062042
0.0007777234978016609
0.0007523204689789937
0.0007415730337078652
0.0007953102100635075
0.0007904250122129947
0.0005940400586223742
0.0007674645823155838
0.0007596482657547631
0.000756228627259404
0.000646800195407914
0.0007591597459697118
0.0007718612603810454
0.0007659990229604298
0.0007151929653150952
0.0007293600390815828
0.0006546165119687347
0.0007249633610161211
0.0006976062530532486
0.0007669760625305326
0.0007322911577918906
0.0007420615534929165
0.0006917440156326331
0.0006775769418661456
0.000756228627259404
0.0007830972154372252
0.0006326331216414265
0.0007205666829506595
0.0006790425012212995
0.0007830972154372252
0.0005994137762579385
0.000749389350268686
0.0007747923790913532
0.000761113825109917
0.0007137274059599414
0.0007542745481191988
0.0006228627259404006
0.0007674645823155838
0.0006106497313141183
0.0007513434294088911
0.0006853932584269663
0.0007440156326331217
0.0007151929653150952
0.0006976062530532486
0.0007342452369320958
0.0007176355642403517
0.0006116267708842208
0.0007083536883243772
0.000673180263800684
0.0007679531021006351
0.0006077186126038105
0.0007616023448949683
0.0007791890571568149
0.0007708842208109429
0.000668295065950171
0.0007435271128480704
0.0006546165119687347
0.0007596482657547631
0.0006492427943331705
0.0007708842208109429
0.0006756228627259405
0.0007513434294088911
0.0006941866145578896
0.0007205666829506595
0.0007191011235955056
0.0007469467513434294
0.0005774303859306302
0.0007777234978016609
0.0006536394723986322
0.0007777234978016609
0.0005559355153883733
0.0007024914509037617
0.0007635564240351734
0.0006888128969223254
0.000681485100146556
0.0007513434294088911
0.0006394723986321445
0.0007484123106985832
0.0006042989741084513
0.0007713727405959941
0.000618466047874939
0.000756228627259404
0.0007269174401563263
0.0007313141182217879
0.0007161700048851978
0.000756228627259404
0.0005896433805569125
0.0007171470444553005
0.0006477772349780166
0.0007445041524181729
0.000659990229604299
0.0007738153395212506
0.0007865168539325843
0.0007142159257449927
0.0006941866145578896
0.0007635564240351734
0.0006365412799218368
0.0007220322423058134
0.0006414264777723497
0.0008231558378114313
0.0007259404005862238
0.0008378114313629702
0.0007567171470444552
0.0006936980947728383
0.0006878358573522228
0.0006702491450903762
0.0005661944308744504
0.0007708842208109429
0.0007093307278944797
0.0007767464582315584
0.0005808500244259892
0.0007278944797264289
0.0007313141182217879
0.0007068881289692232
0.0007107962872496337
0.0007650219833903273
0.0006365412799218368
0.0007816316560820713
0.0006218856863702979
0.0007601367855398143
0.0006995603321934538
0.0007733268197361993
0.0007278944797264289
0.0007239863214460186
0.0007151929653150952
0.0007850512945774304
0.0006282364435759648
0.0007303370786516854
0.0006609672691744016
0.0007059110893991206
0.0006042989741084513
0.0007884709330727895
0.0007899364924279432
0.0007445041524181729
0.0007088422081094285
0.0007410845139228138
0.0006780654616511968
0.0007435271128480704
0.0006917440156326331
0.0007865168539325843
0.0007088422081094285
0.0007498778700537372
0.0007464582315583781
0.0007381533952125061
0.0007415730337078652
0.0007601367855398143
0.000626770884220811
0.00073961895456766
0.0006976062530532486
0.0007586712261846605
0.0005891548607718613
0.0006922325354176843
0.0007318026380068393
0.0007318026380068393
0.000673180263800684
0.0007313141182217879
0.000681485100146556
0.0007918905715681485
0.0006482657547630679
0.000723009281875916
0.0006692721055202736
0.0007186126038104543
0.0007059110893991206
0.0007752808988764045
0.0007405959941377626
0.0007572056668295066
0.0005823155837811431
0.0007298485588666341
0.0006785539814362482
0.000782608695652174
0.0006658524670249145
0.0007518319491939423
0.0007557401074743527
0.0007127503663898388
0.000646800195407914
0.0007376648754274549
0.0006526624328285296
0.0007664875427454811
0.0006365412799218368
0.0007860283341475329
0.0006897899364924279
0.0007528089887640449
0.0007142159257449927
0.0007484123106985832
0.0006980947728382999
0.0007733268197361993
0.0005999022960429897
0.0007845627747923792
0.0007054225696140694
0.0007738153395212506
0.000601856375183195
0.0007474352711284807
0.0007967757694186615
0.0006619443087445042
0.0006629213483146067
0.0007782120175867122
0.0006419149975574011
0.0007650219833903273
0.0006404494382022472
0.0007401074743527112
0.0006839276990718123
0.0007401074743527112
0.0007254518808011725
0.0007044455300439668
0.0007874938935026869
0.0007474352711284807
0.0005583781143136297
0.000782608695652174
0.0006751343429408891
0.0007293600390815828
0.0006282364435759648
0.0007322911577918906
0.0007855398143624817
0.000799218368343918
0.0006531509526135808
0.0007127503663898388
0.0006292134831460674
0.0007474352711284807
0.0006477772349780166
0.000789447972642892
0.0006941866145578896
0.0007586712261846605
0.0007068881289692232
0.00073961895456766
0.0007073766487542745
0.0007264289203712751
0.0006067415730337079
0.0007796775769418661
0.0007474352711284807
0.0008080117244748413
0.000596971177332682
0.0007186126038104543
0.0008021494870542258
0.0006785539814362482
0.0006824621397166585
0.0007181240840254031
0.0006497313141182218
0.0007801660967269174
0.0006458231558378114
0.0007586712261846605
0.0006609672691744016
0.0007322911577918906
0.0007674645823155838
0.0007249633610161211
0.0007210552027357108
0.0007391304347826086
0.0005490962383976551
0.0007127503663898388
0.0007137274059599414
0.0007630679042501221
0.0006653639472398632
0.0007576941866145578
0.0007449926722032242
0.0007059110893991206
0.0006809965803615046
0.000743038593063019
0.0006849047386419151
0.0007220322423058134
0.0006692721055202736
0.0008148510014655593
0.0006736687835857352
0.0007342452369320958
0.0006839276990718123
0.0006575476306790425
0.0007156814851001465
0.0007713727405959941
0.0006243282852955545
0.0007630679042501221
0.0006643869076697606
0.0007923790913531998
0.0006140693698094773
0.0007469467513434294
0.0007361993160723009
0.0007049340498290181
0.0006907669760625306
0.0007415730337078652
0.000635075720566683
0.0007596482657547631
0.0006389838788470933
0.0007782120175867122
0.0006790425012212995
0.0007454811919882755
0.0007259404005862238
0.0007425500732779677
0.0007699071812408403
0.0007288715192965315
0.0005872007816316562
0.0007259404005862238
0.0006697606253053249
0.0008031265266243283
0.0006409379579872985
0.0007127503663898388
0.0007567171470444552
0.0007200781631656083
0.0007039570102589154
0.0007484123106985832
0.0006805080605764533
0.0007513434294088911
0.0006370297997068881
0.0007635564240351734
0.0006453346360527601
0.000749389350268686
0.0007728382999511481
0.0006936980947728383
0.0007405959941377626
0.000782608695652174
0.0006282364435759648
0.0007889594528578407
0.0006873473375671715
0.0007767464582315584
0.0006409379579872985
0.0006907669760625306
0.0007772349780166097
0.0007244748412310698
0.0006575476306790425
0.0007381533952125061
0.0006595017098192477
0.000782608695652174
0.0006482657547630679
0.0007308255984367366
0.0006897899364924279
0.0007557401074743527
0.0006780654616511968
0.0007420615534929165
0.0007195896433805569
0.0007596482657547631
0.0006165119687347338
0.0007435271128480704
0.0006878358573522228
0.000723009281875916
0.000673180263800684
0.000749389350268686
0.0007586712261846605
0.0007381533952125061
0.0006497313141182218
0.0007244748412310698
0.0006375183194919394
0.0007049340498290181
0.0006487542745481191
0.0007782120175867122
0.0007103077674645823
0.0007576941866145578
0.0006951636541279922
0.0006643869076697606
0.0007117733268197362
0.0006976062530532486
0.0006155349291646311
0.0007532975085490963
0.0007107962872496337
0.0007928676111382511
0.000618466047874939
0.0007601367855398143
0.0008021494870542258
0.0007049340498290181
0.0007176355642403517
0.0007752808988764045
0.000646800195407914
0.0007723497801660966
0.000601856375183195
0.0007020029311187103
0.000688324377137274
0.0007210552027357108
0.0007171470444553005
0.0007205666829506595
0.0007254518808011725
0.0007850512945774304
0.0006380068392769908
0.0006995603321934538
0.0006526624328285296
0.0007532975085490963
0.0006331216414264777
0.0007142159257449927
0.0007528089887640449
0.0007283829995114803
0.0007293600390815828
0.0007376648754274549
0.000655105031753786
0.0007234978016609672
0.0006873473375671715
0.0007572056668295066
0.0006834391792867611
0.0007659990229604298
0.000709819247679531
0.0006868588177821202
0.000743038593063019
0.0007850512945774304
0.0006077186126038105
0.0007796775769418661
0.0007352222765021983
0.0007703957010258915
0.000638495359062042
0.0007278944797264289
0.0007918905715681485
0.0007332681973619931
0.000706399609184172
0.000799218368343918
0.0006174890083048363
0.0008207132388861749
0.0006223742061553493
0.0007972642892037127
0.0006438690766976063
0.0007410845139228138
0.0006829506595017098
0.0007205666829506595
0.0007689301416707377
0.0007699071812408403
0.0006091841719589643
0.0007337567171470445
0.0007288715192965315
0.0008226673180263801
0.0006619443087445042
0.0007914020517830972
0.0007860283341475329
0.0006946751343429409
0.0006419149975574011
0.0007635564240351734
0.0006487542745481191
0.0007664875427454811
0.0006858817782120176
0.0007410845139228138
0.000625305324865657
0.0007557401074743527
0.000680019540791402
0.0006624328285295554
0.0007405959941377626
0.0007728382999511481
0.0006272594040058622
0.0008348803126526624
0.0006751343429408891
0.0007987298485588666
0.0006096726917440156
0.0007484123106985832
0.000789447972642892
0.0006795310210063508
0.0007161700048851978
0.0007503663898387885
0.0006853932584269663
0.0007694186614557889
0.0006643869076697606
0.0007498778700537372
0.000673180263800684
0.0007576941866145578
0.0007308255984367366
0.0007269174401563263
0.0008006839276990718
0.0007489008304836345
0.0006096726917440156
0.0007068881289692232
0.0006971177332681974
0.0007708842208109429
0.0006419149975574011
0.0007728382999511481
0.000844162188568637
0.00073961895456766
0.0006170004885197851
0.000743038593063019
0.0006428920371275036
0.0007435271128480704
0.0006145578895945286
0.0007620908646800195
0.0006897899364924279
0.0007156814851001465
0.0007249633610161211
0.0007283829995114803
0.0007718612603810454
0.0007361993160723009
0.0006340986809965803
0.0007342452369320958
0.0007210552027357108
0.0007904250122129947
0.0006067415730337079
0.0007415730337078652
0.000789447972642892
0.0007347337567171471
0.0006844162188568637
0.0007327796775769418
0.0006287249633610162
0.0007987298485588666
0.0006306790425012213
0.0007489008304836345
0.0006653639472398632
0.0007620908646800195
0.0007528089887640449
0.0007327796775769418
0.0007376648754274549
0.0007596482657547631
0.0005994137762579385
0.000721543722520762
0.000714704445530044
0.0007029799706888129
0.0006340986809965803
0.0007572056668295066
0.0007738153395212506
0.0007679531021006351
0.0006849047386419151
0.0007620908646800195
0.0006443575964826576
0.0007918905715681485
0.0005994137762579385
0.0007884709330727895
0.0007186126038104543
0.0007581827063996092
0.0007542745481191988
0.0006751343429408891
0.0007703957010258915
0.0007376648754274549
0.0006155349291646311
0.0008080117244748413
0.0007332681973619931
0.0007738153395212506
0.0006629213483146067
0.0007234978016609672
0.0007664875427454811
0.0007318026380068393
0.0007381533952125061
0.0007801660967269174
0.0006853932584269663
0.0007596482657547631
0.0006502198339032731
0.0007264289203712751
0.0006243282852955545
0.0007308255984367366
0.000714704445530044
0.000756228627259404
0.0007352222765021983
0.0007787005373717636
0.0006394723986321445
0.0007567171470444552
0.0007332681973619931
0.0007220322423058134
0.0006233512457254519
0.0008114313629702003
0.000835857352222765
0.000743038593063019
0.0006824621397166585
0.0007059110893991206
0.0006741573033707865
0.0007318026380068393
0.0006809965803615046
0.0007537860283341475
0.0007459697117733268
0.0007464582315583781
0.0007308255984367366
0.0006604787493893502
0.0007186126038104543
0.0007596482657547631
0.0006502198339032731
0.0007186126038104543
0.0007005373717635565
0.0007591597459697118
0.0005940400586223742
0.0007503663898387885
0.0007650219833903273
0.0007293600390815828
0.0006604787493893502
0.0007459697117733268
0.000668295065950171
0.0007303370786516854
0.0006394723986321445
0.0007127503663898388
0.0007068881289692232
0.0007171470444553005
0.000714704445530044
0.0007313141182217879
0.0007469467513434294
0.0007449926722032242
0.0006228627259404006
0.0006736687835857352
0.0007347337567171471
0.0007308255984367366
0.0006624328285295554
0.0007537860283341475
0.000782608695652174
0.0007288715192965315
0.0006990718124084026
0.0007298485588666341
0.0006453346360527601
0.0007024914509037617
0.00067171470444553
0.0007552515876893015
0.00067171470444553
0.0007313141182217879
0.0006824621397166585
0.0006546165119687347
0.0007498778700537372
0.0007117733268197362
0.0006126038104543234
0.0007449926722032242
0.0006907669760625306
0.0007733268197361993
0.0006394723986321445
0.0007127503663898388
0.0007464582315583781
0.0006707376648754274
0.0006927210552027357
0.0007884709330727895
0.0006609672691744016
0.0007884709330727895
0.0006233512457254519
0.0007151929653150952
0.0006492427943331705
0.0007513434294088911
0.0007088422081094285
0.00073961895456766
0.0007957987298485588
0.0007259404005862238
0.000585246702491451
0.0007195896433805569
0.0006590131900341963
0.0007581827063996092
0.0006448461162677088
0.0007850512945774304
0.0008036150464093795
0.0007782120175867122
0.0006834391792867611
0.0007425500732779677
0.0006414264777723497
0.0007650219833903273
0.0006570591108939911
0.0007537860283341475
0.0006316560820713239
0.0007381533952125061
0.0006907669760625306
0.000723009281875916
0.0007601367855398143
0.0007376648754274549
0.0006257938446507083
0.000802638006839277
0.00075476306790425
0.0007772349780166097
0.0006179775280898876
0.0007366878358573522
0.0007181240840254031
0.000721543722520762
0.0006966292134831461
0.0007772349780166097
0.0006419149975574011
0.0007787005373717636
0.0006106497313141183
0.0006966292134831461
0.0007029799706888129
0.0007352222765021983
0.0006893014167073766
0.0007191011235955056
0.0007620908646800195
0.0006917440156326331
0.0005901319003419639
0.0007572056668295066
0.0006790425012212995
0.000782608695652174
0.0005955056179775281
0.0006790425012212995
0.0007655105031753786
0.0007357107962872497
0.0006687835857352222
0.0007537860283341475
0.0006565705911089399
0.0007542745481191988
0.0006189545676599902
0.0007674645823155838
0.000709819247679531
0.0007371763556424034
0.0007283829995114803
0.0006761113825109917
0.0007127503663898388
0.0007156814851001465
0.0006536394723986322
0.0008085002442598926
0.0006873473375671715
0.0007259404005862238
0.0005847581827063996
0.0006858817782120176
0.0007830972154372252
0.0007401074743527112
0.0007264289203712751
0.0007210552027357108
0.0006829506595017098
0.0007650219833903273
0.0006936980947728383
0.0007659990229604298
0.0006922325354176843
0.0007537860283341475
0.0007376648754274549
0.0007474352711284807
0.0007401074743527112
0.0007024914509037617
0.0006042989741084513
0.0007601367855398143
0.0006658524670249145
0.0007606253053248656
0.0006013678553981436
0.000756228627259404
0.000782608695652174
0.0007205666829506595
0.0007137274059599414
0.0007410845139228138
0.0006297020029311187
0.0007620908646800195
0.0006839276990718123
0.0007967757694186615
0.0006951636541279922
0.0007816316560820713
0.0007181240840254031
0.0006624328285295554
0.0007313141182217879
0.0007440156326331217
0.0006306790425012213
0.0007874938935026869
0.0006888128969223254
0.0007738153395212506
0.000626770884220811
0.0007122618466047875
0.0007425500732779677
0.000714704445530044
0.0007034684904738642
0.0007357107962872497
0.0006844162188568637
0.0007699071812408403
0.0006218856863702979
0.0007327796775769418
0.0006331216414264777
0.0006849047386419151
0.0006912554958475818
0.0007342452369320958
0.0007420615534929165
0.0007674645823155838
0.0005617977528089888
0.0007137274059599414
0.0006604787493893502
0.000747923790913532
0.0006047874938935028
0.0007474352711284807
0.0007635564240351734
0.000743038593063019
0.0006492427943331705
0.0007464582315583781
0.0006223742061553493
0.0007972642892037127
0.0005906204201270151
0.0007830972154372252
0.0007371763556424034
0.0007821201758671226
0.0006951636541279922
0.0007498778700537372
0.0007454811919882755
0.0007166585246702492
0.0005955056179775281
0.0007576941866145578
0.0007117733268197362
0.0007616023448949683
0.0006204201270151442
0.000676599902296043
0.0007874938935026869
0.0007723497801660966
0.0007029799706888129
0.0007752808988764045
0.0006907669760625306
0.0008001954079140206
0.0006419149975574011
0.0007498778700537372
0.0006756228627259405
0.0007606253053248656
0.000709819247679531
0.0007293600390815828
0.000794333170493405
0.00078114313629702
0.0005974596971177333
0.0007747923790913532
0.0006829506595017098
0.0007728382999511481
0.0006204201270151442
0.0007366878358573522
0.00073961895456766
0.0007337567171470445
0.0007068881289692232
0.000723009281875916
0.0006507083536883243
0.0007840742550073277
0.0006399609184171959
0.0007840742550073277
0.0006902784562774792
0.0007518319491939423
0.0006795310210063508
0.0007269174401563263
0.0007107962872496337
0.0007762579384465071
0.0005857352222765022
0.0007718612603810454
0.0006922325354176843
0.0007557401074743527
0.0006179775280898876
0.0006834391792867611
0.0007489008304836345
0.0007303370786516854
0.0006824621397166585
0.0007449926722032242
0.0006536394723986322
0.0007596482657547631
0.0006424035173424523
0.0007684416218856863
0.000655105031753786
0.000749389350268686
0.00073961895456766
0.0007122618466047875
0.0006980947728382999
0.0007425500732779677
0.0005652173913043478
0.0007537860283341475
0.0006692721055202736
0.0007806546165119687
0.0006507083536883243
0.0007454811919882755
0.0008363458720078163
0.0007059110893991206
0.0006775769418661456
0.0007200781631656083
0.0006697606253053249
0.0007332681973619931
0.0006311675622862725
0.0007938446507083537
0.0006531509526135808
0.0007469467513434294
0.0006834391792867611
0.0007024914509037617
0.0007366878358573522
0.0007010258915486077
0.0006101612115290668
0.0007440156326331217
0.0006702491450903762
0.0007689301416707377
0.0005544699560332193
0.000743038593063019
0.0007659990229604298
0.0007034684904738642
0.0006482657547630679
0.000761113825109917
0.0006746458231558377
0.0007234978016609672
0.000605276013678554
0.0007381533952125061
0.0006805080605764533
0.0007225207620908647
0.0007293600390815828
0.0007244748412310698
0.0007366878358573522
0.0007747923790913532
0.0006121152906692721
0.000668295065950171
0.0006629213483146067
0.0007616023448949683
0.0006345872007816317
0.00075476306790425
0.0007591597459697118
0.000743038593063019
0.0006340986809965803
0.0006849047386419151
0.0006311675622862725
0.0007137274059599414
0.0006472887151929653
0.0007870053737176355
0.0007034684904738642
0.0007259404005862238
0.0006643869076697606
0.0006409379579872985
0.0007151929653150952
0.0007445041524181729
0.0006497313141182218
0.000797752808988764
0.0007171470444553005
0.0007366878358573522
0.0006096726917440156
0.0007195896433805569
0.0007288715192965315
0.0007899364924279432
0.0006638983878847094
0.0007122618466047875
0.000633610161211529
0.0007650219833903273
0.0005583781143136297
0.0007298485588666341
0.0006868588177821202
0.0007694186614557889
0.0007186126038104543
0.0007034684904738642
0.0007361993160723009
0.0007254518808011725
0.0005994137762579385
0.0007489008304836345
0.0006590131900341963
0.0007806546165119687
0.0006653639472398632
0.0007743038593063018
0.0007689301416707377
0.0006932095749877871
0.0006424035173424523
0.0007332681973619931
0.0006355642403517342
0.0007073766487542745
0.0006272594040058622
0.0008260869565217392
0.0007410845139228138
0.0007391304347826086
0.0006673180263800685
0.0006702491450903762
0.0007801660967269174
0.0007376648754274549
0.0006150464093795799
0.0007664875427454811
0.0006893014167073766
0.0007957987298485588
0.0006121152906692721
0.0006985832926233512
0.0007503663898387885
0.0007283829995114803
0.0006687835857352222
0.0008011724474841231
0.000638495359062042
0.0007703957010258915
0.0006555935515388374
0.0007445041524181729
0.0006888128969223254
0.0007830972154372252
0.0007718612603810454
0.0007630679042501221
0.0007791890571568149
0.0007586712261846605
0.0006174890083048363
0.00075476306790425
0.0006463116756228628
0.0007723497801660966
0.0006409379579872985
0.0008231558378114313
0.0007694186614557889
0.000756228627259404
0.0006736687835857352
0.0006653639472398632
0.0006629213483146067
0.0007537860283341475
0.0006448461162677088
0.0007743038593063018
0.0007093307278944797
0.0008016609672691743
0.0007513434294088911
0.000723009281875916
0.0006971177332681974
0.0007278944797264289
0.000585246702491451
0.000756228627259404
0.0007010258915486077
0.0007567171470444552
0.0006091841719589643
0.0007630679042501221
0.0007405959941377626
0.0007361993160723009
0.0006531509526135808
0.0007576941866145578
0.0006712261846604788
0.0007572056668295066
0.0006507083536883243
0.0007713727405959941
0.0007083536883243772
0.000747923790913532
0.0007342452369320958
0.0007225207620908647
0.0007318026380068393
0.0007298485588666341
0.0005725451880801173
0.0007801660967269174
0.0006340986809965803
0.0007410845139228138
0.0006145578895945286
0.0007469467513434294
0.0007870053737176355
0.0007415730337078652
0.0006472887151929653
0.0007489008304836345
0.0006555935515388374
0.0007576941866145578
0.000605276013678554
0.0008339032730825598
0.0007088422081094285
0.0007293600390815828
0.000663409868099658
0.000680019540791402
0.0007860283341475329
0.000721543722520762
0.0006204201270151442
0.00075476306790425
0.0006590131900341963
0.0007523204689789937
0.0005950170981924768
0.0006917440156326331
0.0007278944797264289
0.0006741573033707865
0.0006560820713238886
0.00075476306790425
0.0006111382510991696
0.0007537860283341475
0.0005788959452857841
0.000782608695652174
0.0006428920371275036
0.0007542745481191988
0.0006844162188568637
0.0007244748412310698
0.0007489008304836345
0.0007972642892037127
0.0005823155837811431
0.0007591597459697118
0.0006404494382022472
0.0007850512945774304
0.0005959941377625794
0.0007655105031753786
0.0007596482657547631
0.0007366878358573522
0.0006150464093795799
0.0006927210552027357
0.0006458231558378114
0.0007137274059599414
0.0006316560820713239
0.0007953102100635075
0.000673180263800684
0.0007860283341475329
0.0006976062530532486
0.0007156814851001465
0.0007303370786516854
0.0007093307278944797
0.0005979482169027845
0.000764533463605276
0.0006770884220810943
0.0007821201758671226
0.0006194430874450415
0.0007249633610161211
0.0007840742550073277
0.0007044455300439668
0.00067171470444553
0.0007391304347826086
0.0006643869076697606
0.0007274059599413776
0.0006282364435759648
0.0007513434294088911
0.0007005373717635565
0.0007283829995114803
0.0007806546165119687
0.0007596482657547631
0.0007684416218856863
0.0007322911577918906
0.0005911089399120665
0.0007039570102589154
0.000723009281875916
0.000749389350268686
0.0006204201270151442
0.0006951636541279922
0.0007537860283341475
0.0007440156326331217
0.0006819736199316072
0.000714704445530044
0.0006521739130434783
0.0007352222765021983
0.0006394723986321445
0.00078114313629702
0.0006990718124084026
0.0007142159257449927
0.0006722032242305813
0.0006702491450903762
0.0007386419149975574
0.0007059110893991206
0.0006624328285295554
0.0007513434294088911
0.000663409868099658
0.0008363458720078163
0.0006326331216414265
0.0007005373717635565
0.0007840742550073277
0.0006897899364924279
0.0006961406936980948
0.0007572056668295066
0.0006746458231558377
0.0007572056668295066
0.0006121152906692721
0.0007308255984367366
0.0007078651685393258
0.0007191011235955056
0.0007503663898387885
0.0007059110893991206
0.0007371763556424034
0.0007640449438202247
0.0005666829506595017
0.0007103077674645823
0.0006741573033707865
0.0007738153395212506
0.0006121152906692721
0.0007249633610161211
0.0007298485588666341
0.0007313141182217879
0.0007000488519785051
0.000709819247679531
0.0006042989741084513
0.0007757694186614558
0.0006262823644357597
0.0007655105031753786
0.0007200781631656083
0.0007435271128480704
0.000680019540791402
0.0006736687835857352
0.0007303370786516854
0.0007542745481191988
0.00063019052271617
0.0007576941866145578
0.0006702491450903762
0.0007347337567171471
0.0005999022960429897
0.0007137274059599414
0.0007850512945774304
0.0007386419149975574
0.000668295065950171
0.0007352222765021983
0.0006419149975574011
0.0007489008304836345
0.0006394723986321445
0.0007361993160723009
0.0006927210552027357
0.000749389350268686
0.0006722032242305813
0.0007166585246702492
0.0007674645823155838
0.0007567171470444552
0.000600390815828041
0.0007572056668295066
0.0007039570102589154
0.0008021494870542258
0.0006223742061553493
0.0007948216902784563
0.0008016609672691743
0.0007024914509037617
0.0006932095749877871
0.0006389838788470933
0.0006492427943331705
0.0007205666829506595
0.0006595017098192477
0.0007322911577918906
0.0006585246702491451
0.0007733268197361993
0.0006585246702491451
0.000638495359062042
0.0007518319491939423
0.0007454811919882755
0.0005793844650708354
0.000761113825109917
0.0006824621397166585
0.0007762579384465071
0.0006785539814362482
0.0006829506595017098
0.0007337567171470445
0.0007127503663898388
0.0006795310210063508
0.0007425500732779677
0.000635075720566683
0.0007176355642403517
0.0006736687835857352
0.0007440156326331217
0.0007024914509037617
0.0006927210552027357
0.0007293600390815828
0.0007151929653150952
0.0007303370786516854
0.000764533463605276
0.000585246702491451
0.00071323888617489
0.0006575476306790425
0.0007293600390815828
0.0006868588177821202
0.0007708842208109429
0.0007606253053248656
0.0007166585246702492
0.0006702491450903762
0.000709819247679531
0.0006858817782120176
0.0007366878358573522
0.0006443575964826576
0.0007821201758671226
0.0007000488519785051
0.0007596482657547631
0.0006907669760625306
0.0006995603321934538
0.0007523204689789937
0.0007376648754274549
0.0005769418661455788
0.000810942843185149
0.00071323888617489
0.0007899364924279432
0.0005955056179775281
0.0007083536883243772
0.0007933561309233024
0.0007342452369320958
0.0006849047386419151
0.0007059110893991206
0.0006839276990718123
0.0007381533952125061
0.0006521739130434783
0.0007059110893991206
0.000688324377137274
0.0006966292134831461
0.0007322911577918906
0.0007342452369320958
0.000764533463605276
0.0007322911577918906
0.000593551538837323
0.0007049340498290181
0.0006819736199316072
0.000802638006839277
0.0006277479237909135
0.0007191011235955056
0.0007923790913531998
0.0007513434294088911
0.0006292134831460674
0.0007474352711284807
0.0006956521739130434
0.0007122618466047875
0.0006609672691744016
0.0008085002442598926
0.0007039570102589154
0.0007723497801660966
0.000709819247679531
0.0007068881289692232
0.0007601367855398143
0.0007537860283341475
0.0006365412799218368
0.0007523204689789937
0.0007103077674645823
0.0008070346849047386
0.000635075720566683
0.0007572056668295066
0.0007523204689789937
0.0006912554958475818
0.0007024914509037617
0.0007801660967269174
0.0006165119687347338
0.0007743038593063018
0.0005955056179775281
0.0007068881289692232
0.0007005373717635565
0.0007694186614557889
0.0007435271128480704
0.0007088422081094285
0.0007440156326331217
0.0007782120175867122
0.0005828041035661944
0.0007293600390815828
0.0006756228627259405
0.0007234978016609672
0.0006287249633610162
0.0007850512945774304
0.0007733268197361993
0.0007059110893991206
0.0006375183194919394
0.0007264289203712751
0.0006160234489496824
0.000747923790913532
0.0006604787493893502
0.0007669760625305326
0.0007361993160723009
0.0007151929653150952
0.0006897899364924279
0.0006839276990718123
0.0007059110893991206
0.0007195896433805569
0.000592085979482169
0.0007186126038104543
0.000706399609184172
0.0007777234978016609
0.0006072300928187591
0.000681485100146556
0.0007616023448949683
0.0007034684904738642
0.0006932095749877871
0.0007537860283341475
0.000701514411333659
0.0008080117244748413
0.000618466047874939
0.000668295065950171
0.00067171470444553
0.0007410845139228138
0.0006976062530532486
0.0006487542745481191
0.0007445041524181729
0.0007537860283341475
0.0006297020029311187
0.0007205666829506595
0.0006849047386419151
0.0007342452369320958
0.0005901319003419639
0.0007459697117733268
0.0008036150464093795
0.0007630679042501221
0.0006355642403517342
0.000681485100146556
0.0006101612115290668
0.0007303370786516854
0.0006150464093795799
0.000764533463605276
0.0007068881289692232
0.0007806546165119687
0.0007005373717635565
0.0006863702979970688
0.0007283829995114803
0.0007308255984367366
0.0005959941377625794
0.0007733268197361993
0.0007220322423058134
0.0007410845139228138
0.0006389838788470933
0.0007073766487542745
0.0007591597459697118
0.0007093307278944797
0.0006458231558378114
0.0006858817782120176
0.0006702491450903762
0.0007630679042501221
0.0006262823644357597
0.0007122618466047875
0.0006380068392769908
0.0007107962872496337
0.0007220322423058134
0.0007474352711284807
0.0007747923790913532
0.0007601367855398143
0.000618466047874939
0.0007029799706888129
0.0006687835857352222
0.0007879824132877381
0.0006511968734733756
0.0007200781631656083
0.0007918905715681485
0.0007537860283341475
0.0006707376648754274
0.0007679531021006351
0.0006340986809965803
0.000747923790913532
0.0006321446018563752
0.0007332681973619931
0.0006917440156326331
0.0007928676111382511
0.000681485100146556
0.0007249633610161211
0.0007489008304836345
0.0007200781631656083
0.0005940400586223742
0.000761113825109917
0.0007581827063996092
0.0007210552027357108
0.0005979482169027845
0.0007308255984367366
0.0007674645823155838
0.0007225207620908647
0.0006868588177821202
0.0007659990229604298
0.0006604787493893502
0.0007449926722032242
0.0006165119687347338
0.0007010258915486077
0.0006946751343429409
0.0007752808988764045
0.0007361993160723009
0.0007161700048851978
0.0007425500732779677
0.0007870053737176355
0.0006199316072300928
0.0007161700048851978
0.0006614557889594529
0.0007322911577918906
0.0006292134831460674
0.0007747923790913532
0.0007567171470444552
0.0007176355642403517
0.000701514411333659
0.0006912554958475818
0.0006902784562774792
0.0007537860283341475
0.0006663409868099657
0.0007762579384465071
0.0007142159257449927
0.0008270639960918417
0.0007000488519785051
0.0006893014167073766
0.000756228627259404
0.0007689301416707377
0.0006424035173424523
0.0007606253053248656
0.0006976062530532486
0.0007567171470444552
0.0006262823644357597
0.0007518319491939423
0.0007659990229604298
0.0006902784562774792
0.0007107962872496337
0.0007332681973619931
0.0006248168050806057
0.0008060576453346361
0.0006326331216414265
0.0007703957010258915
0.0006868588177821202
0.0007469467513434294
0.0007176355642403517
0.0007205666829506595
0.0007029799706888129
0.0007567171470444552
0.0006086956521739131
0.0007425500732779677
0.0007107962872496337
0.000794333170493405
0.0006604787493893502
0.0007718612603810454
0.0007415730337078652
0.0007576941866145578
0.0006795310210063508
0.0007044455300439668
0.0006585246702491451
0.0007068881289692232
0.0006609672691744016
0.0007449926722032242
0.0007039570102589154
0.000747923790913532
0.0006912554958475818
0.0007489008304836345
0.0006726917440156326
0.0007274059599413776
0.000596971177332682
0.0007142159257449927
0.0006976062530532486
0.0007879824132877381
0.000583781143136297
0.0006643869076697606
0.0007664875427454811
0.0007151929653150952
0.0007474352711284807
0.00073961895456766
0.0007161700048851978
0.0007601367855398143
0.0006297020029311187
0.0006863702979970688
0.0006472887151929653
0.0007557401074743527
0.0007381533952125061
0.0007127503663898388
0.0006849047386419151
0.0007122618466047875
0.0006160234489496824
0.0007127503663898388
0.0006805080605764533
0.0007445041524181729
0.0006614557889594529
0.0007542745481191988
0.000794333170493405
0.0007112848070346849
0.0006404494382022472
0.0007191011235955056
0.0006736687835857352
0.0007239863214460186
0.0006370297997068881
0.0007513434294088911
0.0006726917440156326
0.0007557401074743527
0.00071323888617489
0.0006170004885197851
0.0007767464582315584
0.0007528089887640449
0.000633610161211529
0.000789447972642892
0.0007528089887640449
0.0007689301416707377
0.0006223742061553493
0.0007308255984367366
0.0007640449438202247
0.0007405959941377626
0.0007288715192965315
0.0007503663898387885
0.0006922325354176843
0.0007269174401563263
0.0006399609184171959
0.000721543722520762
0.0007010258915486077
0.0007288715192965315
0.0007171470444553005
0.0006756228627259405
0.0007313141182217879
0.0007689301416707377
0.0005740107474352711
0.0007381533952125061
0.0007073766487542745
0.0007557401074743527
0.0006272594040058622
0.0007787005373717636
0.0007694186614557889
0.0007166585246702492
0.0006140693698094773
0.0007366878358573522
0.0006868588177821202
0.0007684416218856863
0.0006424035173424523
0.0007425500732779677
0.0006795310210063508
0.0007332681973619931
0.0007234978016609672
0.0006849047386419151
0.0006932095749877871
0.0007357107962872497
0.0006209086468001954
0.0007997068881289692
0.000714704445530044
0.0007767464582315584
0.0006072300928187591
0.0006893014167073766
0.0007699071812408403
0.0006985832926233512
0.0006624328285295554
0.0007484123106985832
0.0006546165119687347
0.0007796775769418661
0.0006218856863702979
0.0007567171470444552
0.0007078651685393258
0.0007366878358573522
0.0006863702979970688
0.0007234978016609672
0.0007000488519785051
0.0007449926722032242
0.000601856375183195
0.000747923790913532
0.0006897899364924279
0.0007303370786516854
0.0006541279921836834
0.000721543722520762
0.0007567171470444552
0.0007508549096238397
0.0006966292134831461
0.0007244748412310698
0.0006570591108939911
0.0007542745481191988
0.0006526624328285296
0.00075476306790425
0.00071323888617489
0.0007899364924279432
0.0007371763556424034
0.0007352222765021983
0.0007445041524181729
0.0007083536883243772
0.0006272594040058622
0.0007020029311187103
0.0007244748412310698
0.0007816316560820713
0.0006047874938935028
0.0007239863214460186
0.0007405959941377626
0.0007327796775769418
0.0006893014167073766
0.00078114313629702
0.0006340986809965803
0.0007738153395212506
0.0006326331216414265
0.0007274059599413776
0.0007469467513434294
0.0007322911577918906
0.0007601367855398143
0.0007679531021006351
0.0007352222765021983
0.0007528089887640449
0.0005847581827063996
0.0006663409868099657
0.0006028334147532976
0.0007928676111382511
0.0006565705911089399
0.000797752808988764
0.000797752808988764
0.0006976062530532486
0.0006546165119687347
0.0006834391792867611
0.0006121152906692721
0.0007635564240351734
0.0006726917440156326
0.0007449926722032242
0.0006829506595017098
0.0008197361993160724
0.0007166585246702492
0.0006492427943331705
0.00073961895456766
0.0006726917440156326
0.0006795310210063508
0.0007874938935026869
0.0006746458231558377
0.0007371763556424034
0.0005979482169027845
0.0007337567171470445
0.0007210552027357108
0.0006956521739130434
0.0006897899364924279
0.0007264289203712751
0.0006726917440156326
0.0007684416218856863
0.0006536394723986322
0.0007269174401563263
0.0006668295065950171
0.0007366878358573522
0.000723009281875916
0.0006990718124084026
0.0007489008304836345
0.0007459697117733268
0.0006321446018563752
0.0007303370786516854
0.0006712261846604788
0.000764533463605276
0.0006658524670249145
0.0007855398143624817
0.0007874938935026869
0.0007357107962872497
0.0006492427943331705
0.0007205666829506595
0.0006248168050806057
0.0007171470444553005
0.0006404494382022472
0.00078114313629702
0.0007278944797264289
0.0007410845139228138
0.0006775769418661456
0.0006917440156326331
0.0007410845139228138
0.0007195896433805569
0.000659990229604299
0.0007591597459697118
0.0006590131900341963
0.0008099658036150464
0.0006316560820713239
0.0007347337567171471
0.0007474352711284807
0.000701514411333659
0.0007122618466047875
0.0007449926722032242
0.0006663409868099657
0.0008260869565217392
0.0006492427943331705
0.0007352222765021983
0.0007005373717635565
0.0007391304347826086
0.0007503663898387885
0.0007274059599413776
0.000790913531998046
0.0007752808988764045
0.0006419149975574011
0.0007083536883243772
0.0007112848070346849
0.0007127503663898388
0.0006257938446507083
0.000749389350268686
0.0007782120175867122
0.0007518319491939423
0.0007059110893991206
0.0007078651685393258
0.0006966292134831461
0.0007821201758671226
0.0006839276990718123
0.0007850512945774304
0.0006863702979970688
0.0007982413287738153
0.0006741573033707865
0.0006604787493893502
0.0007679531021006351
0.0007318026380068393
0.000605276013678554
0.0007401074743527112
0.0007151929653150952
0.0007855398143624817
0.0006736687835857352
0.0007303370786516854
0.000797752808988764
0.0007151929653150952
0.0007122618466047875
0.0007567171470444552
0.0006858817782120176
0.0007703957010258915
0.0006277479237909135
0.0007415730337078652
0.0006858817782120176
0.0006917440156326331
0.0007361993160723009
0.0007264289203712751
0.0007777234978016609
0.0007454811919882755
0.0005896433805569125
0.0006907669760625306
0.0007156814851001465
0.0007787005373717636
0.00063019052271617
0.0006663409868099657
0.0007772349780166097
0.0007723497801660966
0.0006980947728382999
0.0007361993160723009
0.000618466047874939
0.0007459697117733268
0.0006472887151929653
0.0007640449438202247
0.0007347337567171471
0.0008378114313629702
0.0006751343429408891
0.0006751343429408891
0.0007796775769418661
0.0007156814851001465
0.000625305324865657
0.000799218368343918
0.0007107962872496337
0.0007503663898387885
0.0005857352222765022
0.0007532975085490963
0.0007689301416707377
0.000680019540791402
0.0006780654616511968
0.0007728382999511481
0.0006213971665852467
0.0007293600390815828
0.0006492427943331705
0.0007122618466047875
0.0006492427943331705
0.0007318026380068393
0.0007137274059599414
0.0007357107962872497
0.0007010258915486077
0.0007044455300439668
0.0006145578895945286
0.0006888128969223254
0.0007278944797264289
0.0007674645823155838
0.0006013678553981436
0.0007948216902784563
0.0007953102100635075
0.0007469467513434294
0.0006805080605764533
0.0007122618466047875
0.0006805080605764533
0.0007020029311187103
0.0007137274059599414
0.0007445041524181729
0.0006824621397166585
0.0007699071812408403
0.0006619443087445042
0.0006819736199316072
0.0006893014167073766
0.000709819247679531
0.0006477772349780166
0.0007752808988764045
0.000709819247679531
0.000756228627259404
0.000659990229604299
0.0007200781631656083
0.0007567171470444552
0.0007401074743527112
0.0006448461162677088
0.0007298485588666341
0.0006805080605764533
0.0007601367855398143
0.000626770884220811
0.0007723497801660966
0.0006819736199316072
0.0006936980947728383
0.0007117733268197362
0.0007454811919882755
0.0007484123106985832
0.0007503663898387885
0.0006140693698094773
0.0007259404005862238
0.0006961406936980948
0.0007244748412310698
0.0006604787493893502
0.0007313141182217879
0.0007518319491939423
0.0007151929653150952
0.0006902784562774792
0.0007151929653150952
0.0006482657547630679
0.0007743038593063018
0.0006218856863702979
0.0007576941866145578
0.0006917440156326331
0.0007782120175867122
0.0007220322423058134
0.0006722032242305813
0.0007357107962872497
0.0007161700048851978
0.0006404494382022472
0.0007606253053248656
0.0006941866145578896
0.0008031265266243283
0.0006096726917440156
0.0006922325354176843
0.0007738153395212506
0.0006951636541279922
0.0007020029311187103
0.000761113825109917
0.0006619443087445042
0.0007508549096238397
0.0006038104543234001
0.0007318026380068393
0.0006712261846604788
0.0007640449438202247
0.0007054225696140694
0.0006902784562774792
0.0007049340498290181
0.0007313141182217879
0.0005901319003419639
0.0006873473375671715
0.0006741573033707865
0.000747923790913532
0.0006428920371275036
0.0007586712261846605
0.0008080117244748413
0.0007542745481191988
0.0006741573033707865
0.0006897899364924279
0.0006521739130434783
0.0007405959941377626
0.0006546165119687347
0.0008065461651196873
0.0007347337567171471
0.0007137274059599414
0.0007264289203712751
0.0006770884220810943
0.0007264289203712751
0.0007225207620908647
0.0006282364435759648
0.000797752808988764
0.0007244748412310698
0.0007708842208109429
0.0006380068392769908
0.000721543722520762
0.0007357107962872497
0.0007244748412310698
0.0006878358573522228
0.0007801660967269174
0.0007020029311187103
0.0008006839276990718
0.0006209086468001954
0.0007567171470444552
0.0007112848070346849
0.0007440156326331217
0.0007005373717635565
0.0007410845139228138
0.0007669760625305326
0.0007718612603810454
0.0006204201270151442
0.0007445041524181729
0.0007078651685393258
0.0007435271128480704
0.0006121152906692721
0.0007361993160723009
0.0007796775769418661
0.0007635564240351734
0.0006692721055202736
0.00075476306790425
0.0006453346360527601
0.0007772349780166097
0.0006150464093795799
0.0008177821201758672
0.0006829506595017098
0.0007567171470444552
0.0006570591108939911
0.0006780654616511968
0.0007391304347826086
0.0007581827063996092
0.0006160234489496824
0.0007835857352222765
0.0006453346360527601
0.0007542745481191988
0.0005808500244259892
0.0007361993160723009
0.0007454811919882755
0.0007342452369320958
0.0006941866145578896
0.0007845627747923792
0.0007049340498290181
0.0007425500732779677
0.0006619443087445042
0.0007401074743527112
0.0007293600390815828
0.0007278944797264289
0.00071323888617489
0.0006844162188568637
0.0007220322423058134
0.0007596482657547631
0.0006223742061553493
0.0007337567171470445
0.0007347337567171471
0.0007923790913531998
0.0006375183194919394
0.0007469467513434294
0.0007801660967269174
0.0006824621397166585
0.0006936980947728383
0.0006976062530532486
0.0006726917440156326
0.0007640449438202247
0.000663409868099658
0.0007928676111382511
0.000681485100146556
0.0007405959941377626
0.0007122618466047875
0.0006912554958475818
0.0007801660967269174
0.0007489008304836345
0.0006057645334636053
0.0007708842208109429
0.0006775769418661456
0.0007405959941377626
0.0006038104543234001
0.0007054225696140694
0.0007572056668295066
0.0006932095749877871
0.0006790425012212995
0.0007405959941377626
0.000646800195407914
0.0007640449438202247
0.0005759648265754763
0.0007117733268197362
0.0007205666829506595
0.0007381533952125061
0.0007376648754274549
0.0007420615534929165
0.0007278944797264289
0.000747923790913532
0.0005876893014167074
0.0007259404005862238
0.0007034684904738642
0.0007840742550073277
0.0006624328285295554
0.000794333170493405
0.0008055691255495847
0.0007039570102589154
0.0006609672691744016
0.000706399609184172
0.0006155349291646311
0.0007176355642403517
0.0006111382510991696
0.0007772349780166097
0.0006443575964826576
0.0007391304347826086
0.0007469467513434294
0.0007112848070346849
0.0007694186614557889
0.00073961895456766
0.000585246702491451
0.0007518319491939423
0.0007083536883243772
0.0007738153395212506
0.0006165119687347338
0.0007034684904738642
0.0007694186614557889
0.0007010258915486077
0.0007117733268197362
0.0007425500732779677
0.0006746458231558377
0.0007454811919882755
0.0006233512457254519
0.0007532975085490963
0.0006863702979970688
0.0007405959941377626
0.0007054225696140694
0.0007083536883243772
0.0007425500732779677
0.000797752808988764
0.000525647288715193
0.0007474352711284807
0.0006834391792867611
0.0007264289203712751
0.0006785539814362482
0.0007288715192965315
0.0007376648754274549
0.0007024914509037617
0.0006380068392769908
0.0007415730337078652
0.0006292134831460674
0.0007513434294088911
0.0006428920371275036
0.0007650219833903273
0.000681485100146556
0.0007830972154372252
0.0006888128969223254
0.0007000488519785051
0.0007347337567171471
0.0007239863214460186
0.0005950170981924768
0.0007830972154372252
0.0007503663898387885
0.0007953102100635075
0.0006116267708842208
0.0007464582315583781
0.0007650219833903273
0.000723009281875916
0.0007034684904738642
0.0007166585246702492
0.0006526624328285296
0.0008055691255495847
0.0006243282852955545
0.0007630679042501221
0.0006380068392769908
0.0007650219833903273
0.0006873473375671715
0.000723009281875916
0.0007151929653150952
0.0007655105031753786
0.0006155349291646311
0.000688324377137274
0.0006956521739130434
0.0007386419149975574
0.0006116267708842208
0.0007401074743527112
0.0008070346849047386
0.0007889594528578407
0.0006223742061553493
0.0007278944797264289
0.0006922325354176843
0.0007239863214460186
0.0005779189057156815
0.0007733268197361993
0.000668295065950171
0.0007357107962872497
0.0006839276990718123
0.0007142159257449927
0.0007469467513434294
0.0007371763556424034
0.0006668295065950171
0.0007498778700537372
0.0006790425012212995
0.0008016609672691743
0.0005999022960429897
0.0007278944797264289
0.0007987298485588666
0.0007718612603810454
0.0006932095749877871
0.000764533463605276
0.000643380556912555
0.0007830972154372252
0.0006135808500244259
0.0006951636541279922
0.0006927210552027357
0.0007200781631656083
0.0007699071812408403
0.0007166585246702492
0.0007361993160723009
0.0007518319491939423
0.0005881778212017587
0.0007410845139228138
0.0006912554958475818
0.0007782120175867122
0.0006453346360527601
0.0007982413287738153
0.0007772349780166097
0.000701514411333659
0.0006399609184171959
0.0007659990229604298
0.0006472887151929653
0.0006980947728382999
0.0006785539814362482
0.0007459697117733268
0.0006687835857352222
0.000714704445530044
0.0006795310210063508
0.0007234978016609672
0.0007073766487542745
0.0007293600390815828
0.0006331216414264777
0.00073961895456766
0.0006995603321934538
0.0007425500732779677
0.0006409379579872985
0.0007127503663898388
0.0007606253053248656
0.0007313141182217879
0.0006976062530532486
0.0007518319491939423
0.0006297020029311187
0.0007840742550073277
0.0006282364435759648
0.0007469467513434294
0.00067171470444553
0.0007249633610161211
0.000643380556912555
0.0006912554958475818
0.0007791890571568149
0.0007914020517830972
0.0005803615046409379
0.0007259404005862238
0.0006736687835857352
0.0008065461651196873
0.0006751343429408891
0.0008226673180263801
0.000764533463605276
0.0006995603321934538
0.0006834391792867611
0.0007137274059599414
0.0006228627259404006
0.0007322911577918906
0.000663409868099658
0.0007694186614557889
0.0006819736199316072
0.0007572056668295066
0.0006546165119687347
0.0006355642403517342
0.0007659990229604298
0.0007366878358573522
0.0006360527601367856
0.0007391304347826086
0.0006575476306790425
0.0008050806057645335
0.0006345872007816317
0.0006956521739130434
0.0007405959941377626
0.0007425500732779677
0.0006849047386419151
0.0007699071812408403
0.0006927210552027357
0.0007855398143624817
0.0006419149975574011
0.0007318026380068393
0.0007068881289692232
0.0007308255984367366
0.0007278944797264289
0.0006990718124084026
0.0007474352711284807
0.0007484123106985832
0.0005925744992672202
0.0007459697117733268
0.0006961406936980948
0.0007953102100635075
0.0006150464093795799
0.0007982413287738153
0.0007962872496336102
0.0007347337567171471
0.0006819736199316072
0.0007318026380068393
0.0007181240840254031
0.0007699071812408403
0.0005876893014167074
0.0007791890571568149
0.0006321446018563752
0.0007591597459697118
0.0007376648754274549
0.0007259404005862238
0.0007191011235955056
0.00075476306790425
0.0006472887151929653
0.000802638006839277
0.0007127503663898388
0.0008001954079140206
0.0006541279921836834
0.0006936980947728383
0.0007616023448949683
0.0007034684904738642
0.0006692721055202736
0.0007850512945774304
0.0006570591108939911
0.0007777234978016609
0.0006038104543234001
0.0007440156326331217
0.000659990229604299
0.0007298485588666341
0.0007303370786516854
0.0007117733268197362
0.0008011724474841231
0.0007840742550073277
0.0006067415730337079
0.0007386419149975574
0.0006868588177821202
0.0007078651685393258
0.0006668295065950171
0.0007928676111382511
0.0007830972154372252
0.0007572056668295066
0.0006687835857352222
0.0007210552027357108
0.0006497313141182218
0.0007586712261846605
0.0006262823644357597
0.0008192476795310209
0.0007034684904738642
0.0007469467513434294
0.0006907669760625306
0.0007107962872496337
0.0007542745481191988
0.0007107962872496337
0.0006424035173424523
0.000799218368343918
0.0007059110893991206
0.0008016609672691743
0.0006023448949682462
0.0007049340498290181
0.0007733268197361993
0.0007352222765021983
0.0006624328285295554
0.000789447972642892
0.0006560820713238886
0.0007904250122129947
0.0005798729848558867
0.0006946751343429409
0.000659990229604299
0.0007962872496336102
0.0006775769418661456
0.0007489008304836345
0.0007728382999511481
0.0008036150464093795
0.000600390815828041
0.0007576941866145578
0.000676599902296043
0.0007449926722032242
0.0006511968734733756
0.0007586712261846605
0.0007278944797264289
0.00073961895456766
0.0006482657547630679
0.0007195896433805569
0.0006980947728382999
0.0007738153395212506
0.0006668295065950171
0.0008260869565217392
0.0006736687835857352
0.0007557401074743527
0.0006844162188568637
0.0007127503663898388
0.00075476306790425
0.000761113825109917
0.0006375183194919394
0.0007997068881289692
0.0006976062530532486
0.000764533463605276
0.0006502198339032731
0.0007078651685393258
0.0007513434294088911
0.0007484123106985832
0.0007278944797264289
0.0007669760625305326
0.0006790425012212995
0.0007625793844650708
0.0005901319003419639
0.0007581827063996092
0.0007010258915486077
0.0007787005373717636
0.0007459697117733268
0.0007449926722032242
0.0007474352711284807
0.0007523204689789937
0.0005793844650708354
0.0007283829995114803
0.0007093307278944797
0.0007713727405959941
0.0006106497313141183
0.0007586712261846605
0.0008138739618954568
0.0007718612603810454
0.0006497313141182218
0.0006619443087445042
0.0006321446018563752
0.0007879824132877381
0.000643380556912555
0.0008314606741573035
0.0007078651685393258
0.0007523204689789937
0.0007034684904738642
0.0006849047386419151
0.0007127503663898388
0.0007689301416707377
0.0005999022960429897
0.0007298485588666341
0.0007142159257449927
0.0007899364924279432
0.0006194430874450415
0.0007332681973619931
0.0007357107962872497
0.0007010258915486077
0.0006624328285295554
0.0007650219833903273
0.0006844162188568637
0.00073961895456766
0.0006277479237909135
0.0007156814851001465
0.0006790425012212995
0.0007733268197361993
0.0007171470444553005
0.0007474352711284807
0.0007440156326331217
0.0007840742550073277
0.0005989252564728872
0.0007059110893991206
0.0006951636541279922
0.0007410845139228138
0.0006306790425012213
0.0007650219833903273
0.0008016609672691743
0.0007557401074743527
0.00071323888617489
0.0007469467513434294
0.0006770884220810943
0.0007327796775769418
0.0006907669760625306
0.0007782120175867122
0.0006262823644357597
0.0007757694186614558
0.0007088422081094285
0.0006531509526135808
0.0008016609672691743
0.0007415730337078652
0.0005984367366878358
0.0007669760625305326
0.0007029799706888129
0.0007357107962872497
0.000593551538837323
0.000747923790913532
0.0007669760625305326
0.0007151929653150952
0.00071323888617489
0.0007816316560820713
0.0006609672691744016
0.0008065461651196873
0.0006179775280898876
0.0007122618466047875
0.0006936980947728383
0.00075476306790425
0.0006946751343429409
0.0007156814851001465
0.0007142159257449927
0.0007220322423058134
0.0006287249633610162
0.0007410845139228138
0.0006482657547630679
0.0007445041524181729
0.000601856375183195
0.0007293600390815828
0.0008006839276990718
0.0007322911577918906
0.0006922325354176843
0.0007967757694186615
0.0006614557889594529
0.0007616023448949683
0.0006502198339032731
0.0008182706399609184
0.0006941866145578896
0.0007830972154372252
0.0007234978016609672
0.0007068881289692232
0.0007845627747923792
0.0007694186614557889
0.0006042989741084513
0.0007596482657547631
0.0006858817782120176
0.0008080117244748413
0.000635075720566683
0.0007151929653150952
0.0007606253053248656
0.0007220322423058134
0.0006932095749877871
0.0007616023448949683
0.0006570591108939911
0.0007454811919882755
0.0006194430874450415
0.0007733268197361993
0.0006809965803615046
0.0007620908646800195
0.0007122618466047875
0.0007278944797264289
0.0007659990229604298
0.000815828041035662
0.0006463116756228628
0.0008075232046897898
0.0006805080605764533
0.0008011724474841231
0.000668295065950171
0.0007674645823155838
0.0007572056668295066
0.0006946751343429409
0.0005872007816316562
0.0006809965803615046
0.0006472887151929653
0.0007684416218856863
0.0006834391792867611
0.000790913531998046
0.0006868588177821202
0.0007498778700537372
0.0006761113825109917
0.0006775769418661456
0.0007777234978016609
0.0007674645823155838
0.0006477772349780166
0.0007865168539325843
0.0006809965803615046
0.0008070346849047386
0.0005925744992672202
0.0007415730337078652
0.0007884709330727895
0.0006751343429408891
0.0007259404005862238
0.0007821201758671226
0.0006839276990718123
0.0007879824132877381
0.0006565705911089399
0.0007650219833903273
0.0006829506595017098
0.0008060576453346361
0.0007616023448949683
0.000761113825109917
0.0007801660967269174
0.0007743038593063018
0.0005999022960429897
0.0007347337567171471
0.0007083536883243772
0.0007821201758671226
0.0006541279921836834
0.0007542745481191988
0.0007953102100635075
0.0007161700048851978
0.0006585246702491451
0.0007127503663898388
0.0006658524670249145
0.0007635564240351734
0.0006321446018563752
0.0007694186614557889
0.0006805080605764533
0.0007874938935026869
0.0006888128969223254
0.0006722032242305813
0.0007523204689789937
0.0007532975085490963
0.0006262823644357597
0.0007972642892037127
0.0007542745481191988
0.0007923790913531998
0.0006331216414264777
0.0007166585246702492
0.0007464582315583781
0.0007103077674645823
0.0007005373717635565
0.0007650219833903273
0.000626770884220811
0.0007601367855398143
0.0006629213483146067
0.0007845627747923792
0.0006985832926233512
0.0007503663898387885
0.0007484123106985832
0.0007503663898387885
0.0007220322423058134
0.0008031265266243283
0.0006126038104543234
0.0007474352711284807
0.0006956521739130434
0.0007703957010258915
0.0006209086468001954
0.0007616023448949683
0.0007728382999511481
0.0007220322423058134
0.0006653639472398632
0.0007205666829506595
0.0006761113825109917
0.0007620908646800195
0.0006761113825109917
0.0007449926722032242
0.0007034684904738642
0.0007747923790913532
0.0006932095749877871
0.0006966292134831461
0.0007352222765021983
0.0007870053737176355
0.0006150464093795799
0.0008050806057645335
0.0006809965803615046
0.0008378114313629702
0.0005979482169027845
0.0006946751343429409
0.0007503663898387885
0.0006980947728382999
0.0006995603321934538
0.0007254518808011725
0.0006399609184171959
0.0007762579384465071
0.000618466047874939
0.0007552515876893015
0.0006658524670249145
0.0007557401074743527
0.0007308255984367366
0.0007352222765021983
0.0007630679042501221
0.0007322911577918906
0.0006047874938935028
0.000714704445530044
0.0007176355642403517
0.0007567171470444552
0.000592085979482169
0.000747923790913532
0.0007107962872496337
0.0007269174401563263
0.0006946751343429409
0.0007669760625305326
0.0006692721055202736
0.0007806546165119687
0.0006497313141182218
0.0007733268197361993
0.0006604787493893502
0.0007664875427454811
0.0006629213483146067
0.0007112848070346849
0.00078114313629702
0.0007669760625305326
0.0006375183194919394
0.0007953102100635075
0.000673180263800684
0.0008060576453346361
0.0006355642403517342
0.0007699071812408403
0.0007743038593063018
0.0007337567171470445
0.0007034684904738642
0.000747923790913532
0.0006829506595017098
0.0007415730337078652
0.0005974596971177333
0.0007523204689789937
0.0006770884220810943
0.0007249633610161211
0.0006741573033707865
0.0007454811919882755
0.0007503663898387885
0.000802638006839277
0.0005676599902296043
0.0007655105031753786
0.0006863702979970688
0.0007342452369320958
0.0006448461162677088
0.0007860283341475329
0.0007391304347826086
0.0007454811919882755
0.0006340986809965803
0.0007278944797264289
0.0006653639472398632
0.0007576941866145578
0.0005906204201270151
0.0007738153395212506
0.0007005373717635565
0.000782608695652174
0.0007718612603810454
0.000709819247679531
0.0007225207620908647
0.0007513434294088911
0.0005754763067904251
0.0007293600390815828
0.0006453346360527601
0.0007840742550073277
0.0006565705911089399
0.0006956521739130434
0.0007870053737176355
0.0007283829995114803
0.0006624328285295554
0.0007440156326331217
0.0006648754274548119
0.0007762579384465071
0.0005398143624816804
0.0007293600390815828
0.0006663409868099657
0.0007254518808011725
0.0006990718124084026
0.0007357107962872497
0.0007234978016609672
0.0007391304347826086
0.0005891548607718613
0.0007532975085490963
0.0006463116756228628
0.0007484123106985832
0.0006956521739130434
0.0007142159257449927
0.0007933561309233024
0.0007489008304836345
0.0006472887151929653
0.0007220322423058134
0.0006199316072300928
0.0007376648754274549
0.000633610161211529
0.0007469467513434294
0.0006585246702491451
0.0007518319491939423
0.0007088422081094285
0.000676599902296043
0.0007205666829506595
0.0006971177332681974
0.0006419149975574011
0.0007728382999511481
0.000747923790913532
0.0007503663898387885
0.0005891548607718613
0.0007000488519785051
0.0007772349780166097
0.0007454811919882755
0.000701514411333659
0.0007445041524181729
0.0006946751343429409
0.0007816316560820713
0.0006404494382022472
0.0007210552027357108
0.0006619443087445042
0.0007669760625305326
0.0007176355642403517
0.0007264289203712751
0.0007679531021006351
0.0007694186614557889
0.0005398143624816804
0.0007440156326331217
0.000633610161211529
0.0007542745481191988
0.00067171470444553
0.0007806546165119687
0.0007557401074743527
0.0007528089887640449
0.0006590131900341963
0.0007391304347826086
0.0006482657547630679
0.0007821201758671226
0.0006853932584269663
0.0007816316560820713
0.0006643869076697606
0.0007498778700537372
0.00067171470444553
0.0007225207620908647
0.0007361993160723009
0.0007142159257449927
0.0005915974596971177
0.0007630679042501221
0.0007000488519785051
0.0008104543234000977
0.000585246702491451
0.0007191011235955056
0.0008055691255495847
0.0007318026380068393
0.0006922325354176843
0.0007532975085490963
0.000714704445530044
0.0007743038593063018
0.0006174890083048363
0.0007664875427454811
0.0007054225696140694
0.0007464582315583781
0.000688324377137274
0.0007620908646800195
0.0007210552027357108
0.0007508549096238397
0.0005940400586223742
0.0007234978016609672
0.0006502198339032731
0.0007962872496336102
0.0006179775280898876
0.0007073766487542745
0.0008138739618954568
0.0006775769418661456
0.0007039570102589154
0.0007542745481191988
0.0006155349291646311
0.0007850512945774304
0.0006521739130434783
0.0007699071812408403
0.0007186126038104543
0.0007699071812408403
0.0007195896433805569
0.0007821201758671226
0.0008632144601856375
0.0008783585735222276
0.0008505129457743038
0.0011802638006839278
0.0010776746458231558
0.0012545188080117244
0.0011353199804592087
0.0013854421104054714
0.0015114802149487055
0.0014631167562286274
0.0016262823644357595
0.0017572056668295067
0.0016844162188568636
0.0018768930141670737
0.0018055691255495848
0.0020454323400097706
0.002061064973131412
0.002156326331216414
0.002237420615534929
0.0023483146067415734
0.0024323400097703957
0.002505129457743039
0.0024235466536394724
0.002707865168539326
0.0026702491450903763
0.00283781143136297
0.002799706888128969
0.003058133854421104
0.0030390815828041035
0.0031191988275525158
0.003115779189057157
0.003256961406936981
0.003197361993160723
0.0033971665852467027
0.003420615534929165
0.0036052760136785537
0.0034978016609672692
0.0036990718124084022
0.003713727405959941
0.003819247679531021
0.003908646800195408
0.003962872496336102
0.003989252564728872
0.004184171958964338
0.004139228138739619
0.0043102100635075725
0.004229604298974109
0.004431362970200294
0.004553981436248167
0.00453590620420127
0.004703468490473864
0.004757205666829506
0.004827063996091842
0.004932095749877871
0.004928676111382511
0.005073766487542746
0.005181729360039082
0.005212506106497313
0.005361504640937958
0.005396189545676599
0.005602344894968247
0.005582804103566194
0.005595017098192477
0.005669760625305325
0.005905227161700049
0.005853932584269663
0.006091841719589644
0.006142647777234978
0.006357107962872497
0.006278456277479238
0.006436736687835857
0.0064357596482657545
0.006677088422081094
0.006553004396678065
0.006934538348803127
0.006823644357596483
0.007058622374206155
0.0069594528578407425
0.007249633610161212
0.007085979482169028
0.007507083536883243
0.007235466536394724
0.007555935515388373
0.0074587200781631655
0.007775280898876405
0.0076521739130434785
0.007978993649242795
0.007843185148998535
0.00828676111382511
0.00793551538837323
0.00840742550073278
0.008194919394235466
0.00852027357107963
0.008334636052760138
0.008629702002931118
0.008503663898387885
0.008934049829018076
0.008689301416707377
0.0091504640937958
0.008881778212017586
0.009327308255984367
0.009126526624328285
0.009410845139228139
0.009257449926722032
0.00970493404982902
0.009364435759648267
0.009916463116756228
0.00965266243282853
0.01014313629702003
0.00970884220810943
0.010234489496824623
0.009865168539325843
0.010413776257938446
0.010037127503663899
0.010645823155837812
0.010333170493404983
0.010804592085979482
0.01045627747923791
0.01095114802149487
0.010533463605276013
0.011204689789936493
0.01075476306790425
0.011297508549096238
0.011014655593551538
0.01153981436248168
0.011125549584758183
0.011575964826575476
0.011273082559843673
0.012001465559355154
0.011394235466536395
0.012118710307767466
0.011692232535417684
0.012192476795310209
0.011857352222765022
0.01236199316072301
0.012096238397655106
0.012554958475818272
0.012133854421104054
0.012813385442110406
0.012306790425012213
0.012960429897410846
0.012515388373229115
0.012929653150952614
0.012690278456277479
0.013229115779189057
0.012770884220810944
0.01328724963361016
0.013064484611626771
0.013582315583781144
0.013210552027357108
0.01363361016121153
0.013374694675134344
0.013809477283829995
0.013463116756228627
0.013921836834391792
0.013755740107474353
0.014062530532486565
0.01384904738641915
0.014189545676599902
0.014013190034196384
0.014411822178798241
0.014132877381533952
0.014496336101612115
0.014461651196873473
0.014692232535417684
0.014563263312164143
0.014717635564240352
0.014700048851978504
0.015030776746458231
0.014772838299951149
0.015100146555935515
0.015000977039570103
0.015148510014655593
0.015142159257449928
0.015304836345872009
0.015342940889106009
0.015510991695163654
0.015365412799218369
0.01564875427454812
0.015581338544211041
0.01584562774792379
0.015765510503175376
0.015806057645334635
0.015933072789447972
0.016028822667318025
0.016049829018075234
0.016152418172936004
0.0162818759159746
0.016407914020517833
0.01639374694675134
0.016436248168050806
0.01654030288226673
0.01657791890571568
0.01674792379091353
0.016774792379091352
0.01703419638495359
0.01697752808988764
0.01709477283829995
0.017066927210552026
0.017235466536394725
0.0171895456765999
0.01728236443575965
0.017126526624328287
0.017310210063507574
0.01721104054714216
0.017346849047386422
0.01709770395701026
0.017309721543722522
0.01725207620908647
0.017283829995114804
0.01717293600390816
0.017313629702002932
0.017145578895945285
0.01732877381533952
0.01709868099658036
0.017277479237909135
0.017167562286272597
0.017265266243282854
0.01719589643380557
0.01725354176844162
0.017249145090376162
0.017284318514899855
0.017077674645823156
0.017235955056179777
0.01718514899853444
0.017323400097703955
0.01714020517830972
0.017270639960918415
0.01723644357596483
0.017299951148021495
0.017148998534440643
0.017329262335124572
0.017131900341963848
0.017311675622862725
0.017171958964338055
0.017321934538348804
0.017106497313141185
0.017325842696629214
0.017186614557889595
0.01719980459208598
0.0172085979482169
0.017284807034684907
0.01712115290669272
0.017326819736199314
0.017171470444553007
0.01732437713727406
0.01708793356130923
0.017255495847581827
0.01721201758671226
0.017209574987787003
0.017179286761113827
0.01724132877381534
0.017149487054225695
0.017287249633610162
0.017092330239374693
0.017287249633610162
0.017135319980459206
0.01724963361016121
0.017135319980459206
0.0172818759159746
0.01718124084025403
0.017319003419638494
0.017102100635075723
0.01725256472887152
0.017134342940889107
0.017335124572545185
0.01710503175378603
0.0173209574987787
0.01722862725940401
0.017294088910600882
0.017125549584758183
0.017275036638983877
0.017071323888617488
0.017246702491450903
0.017106985832926233
0.01725989252564729
0.017123106985832925
0.017277479237909135
0.017171958964338055
0.017249145090376162
0.01723742061553493
0.017298974108451392
0.01705373717635564
0.017287249633610162
0.01720078163165608
0.017310210063507574
0.01701514411333659
0.0171695163654128
0.017182706399609185
0.01723253541768442
0.01712506106497313
0.017275036638983877
0.01714069369809477
0.01729702002931119
0.017088910600879335
0.01719980459208598
0.01716218856863703
0.017273571079628725
0.017125549584758183
0.017217879824132875
0.017174890083048365
0.017295065950170982
0.016994626282364436
0.01725989252564729
0.017149975574010747
0.017305813385442112
0.017076697606253053
0.01724425989252565
0.017198827552515877
0.017167073766487545
0.017146067415730337
0.017261358085002444
0.01713678553981436
0.01724084025403029
0.01715095261358085
0.017331216414264775
0.017086468001954076
0.01731314118221788
0.017159257449926725
0.017219833903273085
0.017219345383488033
0.017280898876404494
0.017031265266243285
0.01724181729360039
0.017137762579384465
0.017310210063507574
0.017071323888617488
0.017187103077674647
0.01719687347337567
0.01725207620908647
0.017099658036150465
0.017305813385442112
0.01708793356130923
0.01730239374694675
0.017066927210552026
0.017223742061553495
0.017114313629702005
0.017276502198339032
0.017137762579384465
0.0172247191011236
0.017175378602833417
0.01723351245725452
0.01700390815828041
0.017198339032730825
0.017123106985832925
0.017292134831460675
0.01706008793356131
0.017206155349291645
0.017229115779189057
0.017253053248656572
0.017133854421104055
0.017194430874450415
0.017071323888617488
0.01723302393746947
0.01709868099658036
0.01727601367855398
0.017131900341963848
0.017206643869076697
0.01715095261358085
0.01723400097703957
0.0171875915974597
0.01720078163165608
0.017066438690766975
0.017249145090376162
0.01707572056668295
0.017299951148021495
0.017054714215925745
0.01716902784562775
0.01718368343917929
0.017219833903273085
0.017088910600879335
0.017264777723497802
0.017109916951636543
0.01725207620908647
0.017070835368832436
0.0173009281875916
0.017130923302393748
0.017250122129946262
0.01710552027357108
0.017175378602833417
0.017163654127992187
0.01724035173424524
0.017039081582804105
0.017227161700048853
0.017086468001954076
0.01729066927210552
0.017076697606253053
0.01724816805080606
0.01721201758671226
0.01725989252564729
0.017103077674645823
0.017210063507572055
0.017058133854421103
0.0172076209086468
0.017020517830972155
0.01731704934049829
0.01708793356130923
0.01725647288715193
0.017179286761113827
0.01715730337078652
0.01716218856863703
0.01722618466047875
0.01704982901807523
0.017276990718124084
0.017115290669272105
0.017247191011235955
0.017028822667318026
0.01714802149487054
0.017170981924767955
0.017202247191011235
0.017077674645823156
0.0172076209086468
0.017095261358085003
0.017262823644357595
0.01704054714215926
0.01726428920371275
0.017099169516365413
0.017224230581338547
0.01715779189057157
0.01721299462628236
0.017138739618954568
0.017247191011235955
0.017055691255495848
0.017190034196384953
0.01709868099658036
0.017213971665852465
0.017
0.01722862725940401
0.017190034196384953
0.017146067415730337
0.017061553492916465
0.0172085979482169
0.017070835368832436
0.017218368343917927
0.01705666829506595
0.01723644357596483
0.017082071323888618
0.017212506106497313
0.017113825109916953
0.01710503175378603
0.017151441133365898
0.01721104054714216
0.01704494382022472
0.017235466536394725
0.017126038104543235
0.01722081094284319
0.01705227161700049
0.017197850512945773
0.017156326331216415
0.017174401563263313
0.017122618466047877
0.017201758671226183
0.017062042012701513
0.017242305813385442
0.017038593063019053
0.01714069369809477
0.017071323888617488
0.017225207620908647
0.017096726917440158
0.017197850512945773
0.01715534929164631
0.01721690278456277
0.01700390815828041
0.01720029311187103
0.017073277967757695
0.01722862725940401
0.017045432340009773
0.01720468978993649
0.017198339032730825
0.017179286761113827
0.017009770395701024
0.017221299462628237
0.017077186126038105
0.017210552027357107
0.017080605764533463
0.017255495847581827
0.017057156814851003
0.01726819736199316
0.017117733268197363
0.01715534929164631
0.017164631167562287
0.017220322423058137
0.01700781631656082
0.0172085979482169
0.017075232046897898
0.017273082559843674
0.017019052271617
0.017130923302393748
0.017152418172936
0.01716560820713239
0.017089399120664386
0.01723302393746947
0.017043966780654618
0.01726038104543234
0.01703321934538349
0.01719980459208598
0.017068881289692233
0.01718172936003908
0.017116267708842208
0.017167073766487545
0.017174890083048365
0.0172085979482169
0.016970200293111873
0.01723351245725452
0.017135808500244258
0.017254518808011723
0.017006350757205666
0.017247679531021007
0.01715095261358085
0.01719589643380557
0.017038104543234
0.017149975574010747
0.017068881289692233
0.01723742061553493
0.01703321934538349
0.017254030288226672
0.017074255007327795
0.0171895456765999
0.017131900341963848
0.01716511968734734
0.017120175867122618
0.017227161700048853
0.017035173424523695
0.017193942354665363
0.017063507572056668
0.01723400097703957
0.017040058622374208
0.01717586712261847
0.017127992183683438
0.017167073766487545
0.01710161211529067
0.017198339032730825
0.017026380068392768
0.01720420127015144
0.0169799706888129
0.017198827552515877
0.017062042012701513
0.01719198827552516
0.01708011724474841
0.017137274059599413
0.017139228138739616
0.01715779189057157
0.016963361016121153
0.017164631167562287
0.017088422081094283
0.01716121152906693
0.01704201270151441
0.01720420127015144
0.01715828041035662
0.01714851001465559
0.017078163165608205
0.017219833903273085
0.017050806057645335
0.01721543722520762
0.017018563751831948
0.01719149975574011
0.017115779189057156
0.0171695163654128
0.01708744504152418
0.017164631167562287
0.017088422081094283
0.017114802149487053
0.01699658036150464
0.01720810942843185
0.017059110893991206
0.0172256961406937
0.017012701514411335
0.017115779189057156
0.017168539325842697
0.017154372252076208
0.01709379579872985
0.017232046897899367
0.017035173424523695
0.017206643869076697
0.017012212994626283
0.017219833903273085
0.017068881289692233
0.017135808500244258
0.017082559843673666
0.01721201758671226
0.017127503663898386
0.017220322423058137
0.016964826575476304
0.01715779189057157
0.017084513922813873
0.01724181729360039
0.017021983390327306
0.017219833903273085
0.01717977528089888
0.017156814851001467
0.0170561797752809
0.017170981924767955
0.016984367366878358
0.017178309721543723
0.016974596971177335
0.017235466536394725
0.017069858329262336
0.017205666829506593
0.017067415730337078
0.017118710307767467
0.017104543234000978
0.01719687347337567
0.01699169516365413
0.01719736199316072
0.01705276013678554
0.01721104054714216
0.016982413287738155
0.01718563751831949
0.01712896922325354
0.017141670737664875
0.01704885197850513
0.01717000488519785
0.017013678553981434
0.01720420127015144
0.01698925256472887
0.017114802149487053
0.017076697606253053
0.017213971665852465
0.01711724474841231
0.017258915486077185
0.017151441133365898
0.017217391304347823
0.017013678553981434
0.01716560820713239
0.017071323888617488
0.017198339032730825
0.017009281875915973
0.01716121152906693
0.017143624816805078
0.01718905715681485
0.017005862237420614
0.01719589643380557
0.01701954079140205
0.01721299462628236
0.017031753786028336
0.017220322423058137
0.01703370786516854
0.01718563751831949
0.017127992183683438
0.01709184171958964
0.017106985832926233
0.017178798241328775
0.01695847581827064
0.01723009281875916
0.017025403028822664
0.01725354176844162
0.016986321446018565
0.017137762579384465
0.017121641426477773
0.017100635075720568
0.017068881289692233
0.0172247191011236
0.01705227161700049
0.01718563751831949
0.01700341963849536
0.017146555935515388
0.01707181240840254
0.017217391304347823
0.01714460185637518
0.01716902784562775
0.01708744504152418
0.017147532975085488
0.01697313141182218
0.01719736199316072
0.01706448461162677
0.01720371275036639
0.016978993649242796
0.01719198827552516
0.017159745969711773
0.017156326331216415
0.01700390815828041
0.017179286761113827
0.01702735710796287
0.01715583781143136
0.017032242305813388
0.0171875915974597
0.017085490962383976
0.017156326331216415
0.017095261358085003
0.017147532975085488
0.01709868099658036
0.017175378602833417
0.01695603321934538
0.01716121152906693
0.017111871030776746
0.01725207620908647
0.01698143624816805
0.017133854421104055
0.017148998534440643
0.017148998534440643
0.01704982901807523
0.017193942354665363
0.01703761602344895
0.01717782120175867
0.016960918417195894
0.017219833903273085
0.01707572056668295
0.017163654127992187
0.017078163165608205
0.01719980459208598
0.017072789447972643
0.017218856863702982
0.016930141670737666
0.017149487054225695
0.017064973131411823
0.017175378602833417
0.01698876404494382
0.01715730337078652
0.017170981924767955
0.0171695163654128
0.017053248656570593
0.01712457254518808
0.01702735710796287
0.01717000488519785
0.017047386419149976
0.017162677088422083
0.017088422081094283
0.017193942354665363
0.017074255007327795
0.017063019052271616
0.017123106985832925
0.017168539325842697
0.016974108451392283
0.017164631167562287
0.017070346849047385
0.017162677088422083
0.016980459208597948
0.017164142647777235
0.017135808500244258
0.01715779189057157
0.017029311187103074
0.01716511968734734
0.0170371275036639
0.017159745969711773
0.016995114802149488
0.01714704445530044
0.017030288226673178
0.01714851001465559
0.01712848070346849
0.017130434782608697
0.017122129946262825
0.017190522716170005
0.016918417195896436
0.01714460185637518
0.017057156814851003
0.017186126038104543
0.017
0.01717684416218857
0.017133365901319003
0.017152906692721053
0.01702686858817782
0.017119198827552515
0.017043478260869566
0.017149487054225695
0.01699658036150464
0.017206643869076697
0.01707572056668295
0.0171695163654128
0.017057645334636055
0.01709184171958964
0.017085002442598925
0.01712066438690767
0.017038104543234
0.01711724474841231
0.017047386419149976
0.01717342452369321
0.016993649242794333
0.01721299462628236
0.017114802149487053
0.017084513922813873
0.017021494870542254
0.017174401563263313
0.017021006350757203
0.01714802149487054
0.016998045920859794
0.017139228138739616
0.017030288226673178
0.01716609672691744
0.017119198827552515
0.01714460185637518
0.017065461651196875
0.017273082559843674
0.016972642892037128
0.017148998534440643
0.017061553492916465
0.01717977528089888
0.017009281875915973
0.017186614557889595
0.01713678553981436
0.017076697606253053
0.01702735710796287
0.017137762579384465
0.01699316072300928
0.01716511968734734
0.01703273082559844
0.01720713238886175
0.017055202735710796
0.01720371275036639
0.017055202735710796
0.017095261358085003
0.017065461651196875
0.01716560820713239
0.016967757694186614
0.017190034196384953
0.017070346849047385
0.017235955056179777
0.01693893502686859
0.017141670737664875
0.017127503663898386
0.017107474352711285
0.01698876404494382
0.01721543722520762
0.016971177332681976
0.01715095261358085
0.01698876404494382
0.01719540791402052
0.017016609672691745
0.017176355642403517
0.017057645334636055
0.017156326331216415
0.01706839276990718
0.01723351245725452
0.016949682462139716
0.01716609672691744
0.017035173424523695
0.01714704445530044
0.016964338055691253
0.01710112359550562
0.01715779189057157
0.017118710307767467
0.017031753786028336
0.017134342940889107
0.016971177332681976
0.01720908646800195
0.01704201270151441
0.017260869565217392
0.017005862237420614
0.017214460185637517
0.01707230092818759
0.017058622374206155
0.0171323888617489
0.017164142647777235
0.016956521739130433
0.0171895456765999
0.017035173424523695
0.01712506106497313
0.01696629213483146
0.01709868099658036
0.017085979482169028
0.017088910600879335
0.017066927210552026
0.017114802149487053
0.01698534440644846
0.017126526624328287
0.016953102100635074
0.017178309721543723
0.017039570102589156
0.017119198827552515
0.017028334147532975
0.01710112359550562
0.017051294577430386
0.017202735710796287
0.01693649242794333
0.01711724474841231
0.01703761602344895
0.017193942354665363
0.016963361016121153
0.017135319980459206
0.01710552027357108
0.017170981924767955
0.017008304836345873
0.017095261358085003
0.017012212994626283
0.017119198827552515
0.016995114802149488
0.017220322423058137
0.017
0.01715095261358085
0.01704152418172936
0.017146067415730337
0.01710552027357108
0.01715828041035662
0.016968734733756714
0.01715095261358085
0.017051783097215438
0.01722960429897411
0.016909623839765513
0.017104543234000978
0.017083048363458718
0.017156326331216415
0.016964826575476304
0.017158768930141673
0.017035661944308746
0.017174890083048365
0.01699609184171959
0.017186126038104543
0.017068881289692233
0.017164631167562287
0.017099169516365413
0.017138251099169517
0.01703419638495359
0.017214460185637517
0.016908158280410358
0.017127992183683438
0.017010747435271128
0.01717342452369321
0.01698387884709331
0.017174401563263313
0.017082559843673666
0.01711675622862726
0.01702344894968246
0.017118221787982415
0.017012701514411335
0.017142647777234978
0.01704152418172936
0.01719149975574011
0.017050317537860283
0.017138251099169517
0.017059599413776258
0.017061553492916465
0.017092330239374693
0.017156814851001467
0.016964338055691253
0.017099169516365413
0.016990718124084026
0.017196384953590618
0.016930141670737666
0.017090864680019538
0.017103077674645823
0.017100146555935516
0.01704836345872008
0.017163165608207135
0.017039081582804105
0.017168050806057645
0.01696629213483146
0.017152906692721053
0.017002442598925256
0.01715583781143136
0.017103566194430875
0.017098192476795313
0.01714802149487054
0.017134342940889107
0.016892037127503663
0.01715730337078652
0.01699560332193454
0.017178309721543723
0.01700390815828041
0.017108451392281388
0.017082071323888618
0.017174890083048365
0.017032242305813388
0.017152418172936
0.016994626282364436
0.017151441133365898
0.016963849535906204
0.017143624816805078
0.01700781631656082
0.017172447484123107
0.017030288226673178
0.01704494382022472
0.017076697606253053
0.017187103077674647
0.01694333170493405
0.017166585246702493
0.017025891548607716
0.01719687347337567
0.0169438202247191
0.017082559843673666
0.017077674645823156
0.01711675622862726
0.017018075232046896
0.017154372252076208
0.016994626282364436
0.01712457254518808
0.016985832926233513
0.017191011235955057
0.01701123595505618
0.017154372252076208
0.01707230092818759
0.017107474352711285
0.01706790425012213
0.017182217879824133
0.016959452857840743
0.01712457254518808
0.01704885197850513
0.017137762579384465
0.016985832926233513
0.017130923302393748
0.01711724474841231
0.017139228138739616
0.017013678553981434
0.01710503175378603
0.01698534440644846
0.017077186126038105
0.017002442598925256
0.0171695163654128
0.017010747435271128
0.017111382510991695
0.017009770395701024
0.017063507572056668
0.017072789447972643
0.01710503175378603
0.016945285784074254
0.017143624816805078
0.017025891548607716
0.017152418172936
0.016956521739130433
0.01712896922325354
0.01708793356130923
0.017121641426477773
0.016978016609672693
0.017133365901319003
0.016986321446018565
0.017110893991206643
0.017001954079140204
0.017131411822178796
0.017016609672691745
0.017152906692721053
0.017073277967757695
0.017085979482169028
0.017075232046897898
0.01715730337078652
0.016926233512457256
0.01714069369809477
0.01707230092818759
0.017176355642403517
0.01698778700537372
0.017145578895945285
0.017106985832926233
0.017088422081094283
0.017002931118710308
0.017103566194430875
0.016990718124084026
0.017158768930141673
0.016974596971177335
0.01711284807034685
0.017010747435271128
0.017176355642403517
0.017046897899364925
0.017067415730337078
0.017095261358085003
0.017070835368832436
0.016938446507083538
0.017134342940889107
0.017054225696140693
0.017213971665852465
0.016949682462139716
0.017073766487542746
0.017152906692721053
0.01710552027357108
0.016978016609672693
0.017111382510991695
0.016980947728383
0.017119198827552515
0.016960429897410843
0.017095261358085003
0.016989741084513923
0.017093307278944796
0.017039081582804105
0.017093307278944796
0.017096238397655106
0.017141182217879823
0.016961895456765998
0.01715534929164631
0.017020517830972155
0.017106008793356133
0.01696238397655105
0.017111871030776746
0.01710112359550562
0.01713678553981436
0.016974108451392283
0.017070835368832436
0.016994626282364436
0.017138251099169517
0.016982901807523206
0.017178798241328775
0.017001465559355153
0.017074743527112846
0.017050806057645335
0.017133365901319003
0.017063507572056668
0.017080605764533463
0.016942354665363948
0.01719540791402052
0.017010747435271128
0.01716902784562775
0.01695212506106497
0.01709477283829995
0.017098192476795313
0.01711284807034685
0.01700879335613092
0.017171470444553007
0.016979482169027848
0.017156326331216415
0.01696238397655105
0.017130923302393748
0.017021983390327306
0.017130434782608697
0.017066927210552026
0.01708744504152418
0.01707572056668295
0.01719345383488031
0.01693600390815828
0.017088422081094283
0.017035661944308746
0.017121641426477773
0.016951636541279923
0.017152418172936
0.017111871030776746
0.017096238397655106
0.01702296042989741
0.017122129946262825
0.016968246213971663
0.01715486077186126
0.01700390815828041
0.01719149975574011
0.017014167073766486
0.017139716658524668
0.017034684904738643
0.01710112359550562
0.017068881289692233
0.017085002442598925
0.01694430874450415
0.017106985832926233
0.01700781631656082
0.017184171958964337
0.016961406936980946
0.01709379579872985
0.01714020517830972
0.017095261358085003
0.017021006350757203
0.017147532975085488
0.016986809965803616
0.017162677088422083
0.01696629213483146
0.017124084025403028
0.017021006350757203
0.01714460185637518
0.01709184171958964
0.017032242305813388
0.017042989741084515
0.017190522716170005
0.01690278456277479
0.01708793356130923
0.01703761602344895
0.017172447484123107
0.016980459208597948
0.017129457743038593
0.017098192476795313
0.017089399120664386
0.01699706888128969
0.017074743527112846
0.01695505617977528
0.017077186126038105
0.016984367366878358
0.017106008793356133
0.016984367366878358
0.017107962872496336
0.01697606253053249
0.01703663898387885
0.017070346849047385
0.01713629702002931
0.016941866145578896
0.017135319980459206
0.017077674645823156
0.01718075232046898
0.016907669760625306
0.01706008793356131
0.017072789447972643
0.017106008793356133
0.017020029311187103
0.017127992183683438
0.016967269174401563
0.017104543234000978
0.016956521739130433
0.017083048363458718
0.017006350757205666
0.017098192476795313
0.017066438690766975
0.01709135319980459
0.017063019052271616
0.017154372252076208
0.016961895456765998
0.017095749877870055
0.016961895456765998
0.017127015144113335
0.01695065950170982
0.017107474352711285
0.017074743527112846
0.017134342940889107
0.016995114802149488
0.01710258915486077
0.01694723986321446
0.017116267708842208
0.01696629213483146
0.017187103077674647
0.017028334147532975
0.017127992183683438
0.017000488519785053
0.01708353688324377
0.017085979482169028
0.01710503175378603
0.016914020517830974
0.01709868099658036
0.017021006350757203
0.017122618466047877
0.016937957987298486
0.017092818759159745
0.017106497313141185
0.01708402540302882
0.0169628724963361
0.017096238397655106
0.01695994137762579
0.01711675622862726
0.016917928676111384
0.01710503175378603
0.016978016609672693
0.017121641426477773
0.017078163165608205
0.017082071323888618
0.017050806057645335
0.017125549584758183
0.016964338055691253
0.01708353688324377
0.016957987298485588
0.017108451392281388
0.01698876404494382
0.017122618466047877
0.01709477283829995
0.01715486077186126
0.016979482169027848
0.017092818759159745
0.016984367366878358
0.017150464093795798
0.01697313141182218
0.017118710307767467
0.016964826575476304
0.01712506106497313
0.016998045920859794
0.01706008793356131
0.01706790425012213
0.01711724474841231
0.016861748900830486
0.017067415730337078
0.01698534440644846
0.017113825109916953
0.016946262823644358
0.017090376160234486
0.01711724474841231
0.017103077674645823
0.017021006350757203
0.01710503175378603
0.01698143624816805
0.017163654127992187
0.016889594528578408
0.017156814851001467
0.017016121152906693
0.017063019052271616
0.01704885197850513
0.01706399609184172
0.01705373717635564
0.017115290669272105
0.016929653150952614
0.01712896922325354
0.017002931118710308
0.017110893991206643
0.016910600879335616
0.01714851001465559
0.017050317537860283
0.01710112359550562
0.017028334147532975
0.017127503663898386
0.01693111871030777
0.01712848070346849
0.016975574010747438
0.01714704445530044
0.017017586712261844
0.017145090376160233
0.01697703957010259
0.01710161211529067
0.017021983390327306
0.017067415730337078
0.01692721055202736
0.017099169516365413
0.017016609672691745
0.01712896922325354
0.016904738641914996
0.01708744504152418
0.017085979482169028
0.017081582804103566
0.01699951148021495
0.017174890083048365
0.016967269174401563
0.017121641426477773
0.016944797264289203
0.017092330239374693
0.016971177332681976
0.017153883732291157
0.017089399120664386
0.017115779189057156
0.017065461651196875
0.01716609672691744
0.016925256472887153
0.017096238397655106
0.0170009770395701
0.017164631167562287
0.017002931118710308
0.017135319980459206
0.017077674645823156
0.017113825109916953
0.01697606253053249
0.017116267708842208
0.016982413287738155
0.01709721543722521
0.01696629213483146
0.01714411333659013
0.017
0.017115290669272105
0.01699658036150464
0.01708353688324377
0.01704494382022472
0.017096726917440158
0.016923302393746946
0.01714313629702003
0.017059110893991206
0.01715534929164631
0.016936980947728383
0.017122618466047877
0.017079140205178308
0.017122129946262825
0.017039570102589156
0.017119687347337566
0.017000488519785053
0.01717391304347826
0.01694430874450415
0.017184660478749388
0.016951636541279923
0.017159745969711773
0.017025891548607716
0.017077186126038105
0.01709868099658036
0.01712115290669272
0.016911577918905716
0.01709721543722521
0.016987298485588668
0.017113825109916953
0.016957010258915484
0.017100146555935516
0.017133365901319003
0.01704494382022472
0.01695456765999023
0.017129946262823645
0.016974596971177335
0.01712457254518808
0.016995114802149488
0.017188568637029798
0.017042501221299463
0.017123106985832925
0.01703273082559844
0.017061553492916465
0.01704836345872008
0.01711724474841231
0.01692037127503664
0.01716170004885198
0.017004396678065463
0.01712457254518808
0.016888617489008304
0.017082071323888618
0.01706057645334636
0.01698925256472887
0.017010258915486076
0.01708744504152418
0.016970688812896925
0.017116267708842208
0.016904738641914996
0.017175378602833417
0.016984367366878358
0.017095749877870055
0.017039081582804105
0.017138739618954568
0.01705666829506595
0.017146555935515388
0.016927699071812408
0.017066927210552026
0.017009770395701024
0.017146555935515388
0.016972154372252076
0.01713678553981436
0.017095749877870055
0.017154372252076208
0.016980947728383
0.017085002442598925
0.01699951148021495
0.01712896922325354
0.016974596971177335
0.017178309721543723
0.017
0.01712115290669272
0.016968246213971663
0.01704054714215926
0.017043478260869566
0.017133854421104055
0.016951636541279923
0.01714411333659013
0.016981924767953103
0.01713287738153395
0.01695505617977528
0.017085979482169028
0.01708353688324377
0.017042989741084515
0.017028334147532975
0.01710942843185149
0.016967269174401563
0.017182706399609185
0.01694821690278456
0.017106497313141185
0.0169799706888129
0.017058622374206155
0.017006839276990718
0.017064973131411823
0.017077186126038105
0.01706448461162677
0.016895945285784073
0.017084513922813873
0.01695114802149487
0.01709135319980459
0.016990229604298974
0.017146067415730337
0.017092818759159745
0.017074743527112846
0.016976551050317538
0.017030288226673178
0.016982901807523206
0.017148998534440643
0.016960918417195894
0.01714411333659013
0.016984367366878358
0.01716218856863703
0.01703077674645823
0.01703419638495359
0.017057645334636055
0.017085979482169028
0.016913531998045923
0.01714851001465559
0.017021983390327306
0.017089399120664386
0.016918905715681488
0.01707230092818759
0.017095749877870055
0.01706008793356131
0.017046897899364925
0.017095261358085003
0.01700732779677577
0.017047874938935028
0.01695896433805569
0.017079140205178308
0.01697752808988764
0.017088422081094283
0.017038104543234
0.017074255007327795
0.01707181240840254
0.017096726917440158
0.016915486077186126
0.01710112359550562
0.01701954079140205
0.017147532975085488
0.016978505129457745
0.017120175867122618
0.017095749877870055
0.01708744504152418
0.01695456765999023
0.017108451392281388
0.016940889106008793
0.017104543234000978
0.016945774303859306
0.01715730337078652
0.01701172447484123
0.017135319980459206
0.016993649242794333
0.01706008793356131
0.01702735710796287
0.017103566194430875
0.016914509037616026
0.01714704445530044
0.01699560332193454
0.017166585246702493
0.016941866145578896
0.017076209086468
0.017062042012701513
0.017020517830972155
0.016964338055691253
0.017143624816805078
0.016984367366878358
0.017072789447972643
0.016922813873961898
0.017102100635075723
0.016978016609672693
0.01709721543722521
0.017059110893991206
0.01711675622862726
0.017046897899364925
0.017127015144113335
0.016949193942354664
0.01708402540302882
0.01698387884709331
0.01715583781143136
0.016987298485588668
0.01708353688324377
0.01704494382022472
0.017109916951636543
0.016935515388373228
0.017076697606253053
0.016975574010747438
0.017137762579384465
0.016990229604298974
0.01710161211529067
0.01700781631656082
0.017085490962383976
0.01698827552515877
0.016990229604298974
0.017017098192476793
0.017074743527112846
0.016945285784074254
0.01709721543722521
0.016985832926233513
0.017108451392281388
0.01689887640449438
0.01706448461162677
0.017016609672691745
0.01706839276990718
0.016997557401074743
0.017109916951636543
0.017005373717635563
0.01720078163165608
0.01693649242794333
0.017171470444553007
0.01695994137762579
0.017094284318514903
0.017042989741084515
0.017065461651196875
0.017072789447972643
0.017119687347337566
0.016892525647288714
0.01707181240840254
0.016998045920859794
0.017123595505617976
0.0169438202247191
0.017049340498290183
0.017066927210552026
0.01710161211529067
0.016993649242794333
0.01704982901807523
0.01694772838299951
0.017088910600879335
0.016942354665363948
0.017137274059599413
0.01697361993160723
0.017111871030776746
0.01699169516365413
0.017024914509037616
0.017059599413776258
0.017106985832926233
0.01694772838299951
0.01714069369809477
0.016970688812896925
0.01713678553981436
0.01686419149975574
0.017115779189057156
0.017043966780654618
0.017050317537860283
0.016974108451392283
0.017107474352711285
0.01697313141182218
0.017106497313141185
0.01693111871030777
0.017130923302393748
0.016990718124084026
0.017074255007327795
0.01700341963849536
0.01708402540302882
0.01703273082559844
0.01715828041035662
0.016889106008793356
0.01710258915486077
0.017036150464093798
0.017096238397655106
0.017005373717635563
0.017114313629702005
0.01704836345872008
0.01710112359550562
0.01694430874450415
0.017084513922813873
0.016954079140205178
0.01714313629702003
0.01695994137762579
0.017158768930141673
0.016994137762579384
0.01711724474841231
0.01696971177332682
0.017039570102589156
0.016972154372252076
0.017100635075720568
0.016909623839765513
0.017130434782608697
0.016994137762579384
0.017174401563263313
0.016956521739130433
0.017110405471421595
0.017075232046897898
0.017069858329262336
0.01698925256472887
0.017120175867122618
0.016937469467513434
0.017081582804103566
0.016915486077186126
0.017110405471421595
0.016985832926233513
0.01711724474841231
0.017001954079140204
0.017115290669272105
0.01705276013678554
0.0171133365901319
0.01690913531998046
0.017088910600879335
0.016971177332681976
0.017077674645823156
0.01693649242794333
0.017077674645823156
0.017053248656570593
0.017082071323888618
0.01692818759159746
0.017110405471421595
0.016955544699560333
0.01709184171958964
0.01696922325354177
0.017126526624328287
0.016980947728383
0.017130923302393748
0.016997557401074743
0.017073766487542746
0.017025891548607716
0.017062530532486565
0.016895945285784073
0.017152418172936
0.017004396678065463
0.01717342452369321
0.016899853444064483
0.017057156814851003
0.017046897899364925
0.017086468001954076
0.01693209574987787
0.017058133854421103
0.016925256472887153
0.017141182217879823
0.016951636541279923
0.017055202735710796
0.01695847581827064
0.017099658036150465
0.017008304836345873
0.017086956521739128
0.017045432340009773
0.017120175867122618
0.016893014167073766
0.01709379579872985
0.016990718124084026
0.017141182217879823
0.016923302393746946
0.017082559843673666
0.017088910600879335
0.017084513922813873
0.016954079140205178
0.01710112359550562
0.017012212994626283
0.017134831460674158
0.016923790913531998
0.017151441133365898
0.017021983390327306
0.017115290669272105
0.017005862237420614
0.017032242305813388
0.017027845627747923
0.017117733268197363
0.016876404494382023
0.01710893991206644
0.017020029311187103
0.017137274059599413
0.016960429897410843
0.01703321934538349
0.017017586712261844
0.017156814851001467
0.016970200293111873
0.017122129946262825
0.016970688812896925
0.01716121152906693
0.016961406936980946
0.017081094284318515
0.016997557401074743
0.017067415730337078
0.016975574010747438
0.01700781631656082
0.017034684904738643
0.017142647777234978
0.016925744992672204
0.017120175867122618
0.016985832926233513
0.01714851001465559
0.016964826575476304
0.017121641426477773
0.017095749877870055
0.017096238397655106
0.017001465559355153
0.017068881289692233
0.016995114802149488
0.01708011724474841
0.01696629213483146
0.017133365901319003
0.016994626282364436
0.01709770395701026
0.016989741084513923
0.017075232046897898
0.017026380068392768
0.01705373717635564
0.016904250122129944
0.017058133854421103
0.016963361016121153
0.017129946262823645
0.016904738641914996
0.017093307278944796
0.017046409379579873
0.017090864680019538
0.016957010258915484
0.017099169516365413
0.01694772838299951
0.017139228138739616
0.01694040058622374
0.017123106985832925
0.017008304836345873
0.01705666829506595
0.017020029311187103
0.017061553492916465
0.01706057645334636
0.01709770395701026
0.01689838788470933
0.017090864680019538
0.017004396678065463
0.017146555935515388
0.016978993649242796
0.017106008793356133
0.017119687347337566
0.01709721543722521
0.016953102100635074
0.017065461651196875
0.01698143624816805
0.01714411333659013
0.016951636541279923
0.017142647777234978
0.01693600390815828
0.017141182217879823
0.016980947728383
0.01703419638495359
0.017045432340009773
0.01706008793356131
0.01688373229115779
0.017107962872496336
0.016990718124084026
0.017114802149487053
0.016881778212017588
0.01704592085979482
0.017058622374206155
0.01702735710796287
0.01699560332193454
0.017045432340009773
0.016960429897410843
0.01715583781143136
0.016937957987298486
0.01713629702002931
0.016998534440644846
0.017065950170981923
0.017047386419149976
0.017106008793356133
0.0170009770395701
0.017141670737664875
0.016905227161700048
0.017075232046897898
0.017005862237420614
0.017138251099169517
0.016974108451392283
0.017072789447972643
0.017038593063019053
0.017078651685393256
0.01698387884709331
0.01707181240840254
0.016918905715681488
0.017090864680019538
0.01698827552515877
0.01710258915486077
0.016970200293111873
0.01710893991206644
0.017014655593551538
0.017032242305813388
0.017019052271617
0.01703419638495359
0.016905227161700048
0.017051783097215438
0.017012212994626283
0.017122129946262825
0.01692085979482169
0.01709868099658036
0.01707962872496336
0.017072789447972643
0.017017586712261844
0.017107962872496336
0.016954079140205178
0.017085490962383976
0.01696629213483146
0.01711284807034685
0.016974108451392283
0.017063507572056668
0.01701123595505618
0.017054225696140693
0.017023937469467513
0.017042989741084515
0.016906692721055206
0.017027845627747923
0.016945285784074254
0.01709135319980459
0.016915974596971178
0.017059599413776258
0.017040058622374208
0.01709184171958964
0.01697313141182218
0.017054714215925745
0.016951636541279923
0.017077674645823156
0.016953102100635074
0.017106008793356133
0.016986809965803616
0.017114802149487053
0.01695896433805569
0.016995114802149488
0.01704445530043967
0.017129946262823645
0.016935515388373228
0.01717733268197362
0.016981924767953103
0.017149975574010747
0.016918905715681488
0.01706399609184172
0.017045432340009773
0.017106985832926233
0.016975085490962386
0.017133365901319003
0.01695456765999023
0.017106008793356133
0.01689496824621397
0.01708402540302882
0.01693649242794333
0.01709135319980459
0.017050317537860283
0.01711284807034685
0.017068881289692233
0.017076697606253053
0.016880312652662433
0.01708793356130923
0.016971665852467028
0.017088422081094283
0.016889106008793356
0.017141182217879823
0.017095749877870055
0.017092330239374693
0.016959452857840743
0.017065950170981923
0.01699267220322423
0.017110405471421595
0.01695065950170982
0.017098192476795313
0.016935515388373228
0.017127015144113335
0.017000488519785053
0.017083048363458718
0.016998534440644846
0.01706448461162677
0.01694723986321446
0.0171133365901319
0.01698876404494382
0.017164631167562287
0.016901319003419638
0.017076697606253053
0.017062042012701513
0.017021006350757203
0.01698485588666341
0.017129946262823645
0.016979482169027848
0.017104543234000978
0.01693942354665364
0.017058133854421103
0.016933072789447973
0.01703273082559844
0.01698827552515877
0.017059599413776258
0.017038593063019053
0.017078651685393256
0.01692037127503664
0.017035173424523695
0.01700390815828041
0.017090864680019538
0.01690620420127015
0.017051783097215438
0.01706790425012213
0.01709770395701026
0.016994137762579384
0.01702686858817782
0.01699706888128969
0.017070835368832436
0.01697313141182218
0.01716609672691744
0.017031753786028336
0.017102100635075723
0.01701172447484123
0.01704054714215926
0.01706008793356131
0.017062042012701513
0.016906692721055206
0.017142159257449927
0.016994626282364436
0.017124084025403028
0.016886663409868097
0.017039081582804105
0.017028822667318026
0.017103566194430875
0.016942843185149
0.01712066438690767
0.01695896433805569
0.01712848070346849
0.01692085979482169
0.017027845627747923
0.01699316072300928
0.017127503663898386
0.017050317537860283
0.017110405471421595
0.017084513922813873
0.017164142647777235
0.01693111871030777
0.017115779189057156
0.016972642892037128
0.017100635075720568
0.01691304347826087
0.017095261358085003
0.017049340498290183
0.017076697606253053
0.01693991206643869
0.017059599413776258
0.01695065950170982
0.01709379579872985
0.01691695163654128
0.017035173424523695
0.01698827552515877
0.01714069369809477
0.01700390815828041
0.01702296042989741
0.017031753786028336
0.017135808500244258
0.01690620420127015
0.017103566194430875
0.016945285784074254
0.01711724474841231
0.016869565217391306
0.01706790425012213
0.017042989741084515
0.01700879335613092
0.016968734733756714
0.017027845627747923
0.01703663898387885
0.017129457743038593
0.01697361993160723
0.01710161211529067
0.016956521739130433
0.01707230092818759
0.01700879335613092
0.017092330239374693
0.017020517830972155
0.017130923302393748
0.016922813873961898
0.017090864680019538
0.01700732779677577
0.017085002442598925
0.01694723986321446
0.017096726917440158
0.017076697606253053
0.01712848070346849
0.016957010258915484
0.017070346849047385
0.016933072789447973
0.01710942843185149
0.016961895456765998
0.017103077674645823
0.01696971177332682
0.017153883732291157
0.016990229604298974
0.0170009770395701
0.017024914509037616
0.017093307278944796
0.016886663409868097
0.017102100635075723
0.01698143624816805
0.017120175867122618
0.016933561309233024
0.017040058622374208
0.017018563751831948
0.017055691255495848
0.017036150464093798
0.01707181240840254
0.01694723986321446
0.017131900341963848
0.016870542256961406
0.01708011724474841
0.016997557401074743
0.017080605764533463
0.016995114802149488
0.01706057645334636
0.017006350757205666
0.017104054714215926
0.016863214460185637
0.017063507572056668
0.01697752808988764
0.01709770395701026
0.016931607230092818
0.017059110893991206
0.017038593063019053
0.017058133854421103
0.01694821690278456
0.01703663898387885
0.01696971177332682
0.017032242305813388
0.01693502686858818
0.01705276013678554
0.01698925256472887
0.017126038104543235
0.017005862237420614
0.016949682462139716
0.017042501221299463
0.017076209086468
0.016911089399120664
0.017156814851001467
0.017002442598925256
0.01709721543722521
0.01689545676599902
0.01706399609184172
0.017029311187103074
0.01703761602344895
0.01702735710796287
0.01709184171958964
0.016949682462139716
0.017038104543234
0.016948705422569613
0.017094284318514903
0.01698827552515877
0.017078163165608205
0.017027845627747923
0.017092818759159745
0.017035173424523695
0.017069858329262336
0.016846604787493894
0.017098192476795313
0.017000488519785053
0.017085002442598925
0.016889594528578408
0.017076209086468
0.017069858329262336
0.017074255007327795
0.01698387884709331
0.017027845627747923
0.016937469467513434
0.017119198827552515
0.016911577918905716
0.01714411333659013
0.016957010258915484
0.017072789447972643
0.01694723986321446
0.017028822667318026
0.017006350757205666
0.017109916951636543
0.01689887640449438
0.01714069369809477
0.01700488519785051
0.017123595505617976
0.0169247679531021
0.01705373717635564
0.01704494382022472
0.01704592085979482
0.016922813873961898
0.017074255007327795
0.01694430874450415
0.017070835368832436
0.016905227161700048
0.017043966780654618
0.01692427943331705
0.01706790425012213
0.01695847581827064
0.01709184171958964
0.01703419638495359
0.017117733268197363
0.016853444064484614
0.01706057645334636
0.016968246213971663
0.017127992183683438
0.01693991206643869
0.01712506106497313
0.017073766487542746
0.017130434782608697
0.01692818759159746
0.017071323888617488
0.01691646311675623
0.017088422081094283
0.016978505129457745
0.017163654127992187
0.01695456765999023
0.01701123595505618
0.01698876404494382
0.01703077674645823
0.01700341963849536
0.017031265266243285
0.016925256472887153
0.017102100635075723
0.01698778700537372
0.017114802149487053
0.016872984855886664
0.01709379579872985
0.017083048363458718
0.01699951148021495
0.016957987298485588
0.017160234489496825
0.016967269174401563
0.017145090376160233
0.016913531998045923
0.017049340498290183
0.01695603321934538
0.01707230092818759
0.017016609672691745
0.017021006350757203
0.017032242305813388
0.017106985832926233
0.016901319003419638
0.017038104543234
0.016972642892037128
0.01706790425012213
0.016929653150952614
0.017047386419149976
0.01709379579872985
0.01706399609184172
0.016964826575476304
0.017065461651196875
0.016913531998045923
0.01709721543722521
0.01695212506106497
0.017088910600879335
0.01696922325354177
0.017102100635075723
0.01701123595505618
0.016989741084513923
0.016998534440644846
0.01704201270151441
0.01691646311675623
0.017151441133365898
0.016968734733756714
0.017089399120664386
0.016889106008793356
0.017063507572056668
0.017051783097215438
0.017043966780654618
0.01699169516365413
0.017055202735710796
0.016936980947728383
0.01710552027357108
0.01687151929653151
0.017058133854421103
0.01700488519785051
0.017080605764533463
0.017006350757205666
0.017054714215925745
0.017029799706888126
0.017111382510991695
0.016868588177821203
0.017081094284318515
0.01695456765999023
0.017107474352711285
0.016941377625793844
0.017095749877870055
0.017067415730337078
0.017051294577430386
0.016983390327308258
0.01704152418172936
0.016910600879335616
0.01707962872496336
0.016940889106008793
0.017088910600879335
0.016960918417195894
0.01708402540302882
0.016960429897410843
0.017024425989252565
0.016987298485588668
0.01704592085979482
0.016826086956521737
0.017093307278944796
0.016999022960429898
0.017107962872496336
0.01688226673180264
0.017083048363458718
0.01706008793356131
0.01699609184171959
0.0170009770395701
0.01707230092818759
0.016982413287738155
0.01712457254518808
0.016934538348803128
0.017114313629702005
0.016953590620420126
0.017086956521739128
0.016978016609672693
0.0171133365901319
0.017036150464093798
0.017135808500244258
0.016865168539325844
0.017065950170981923
0.01695847581827064
0.0171695163654128
0.016906692721055206
0.017069369809477285
0.017062530532486565
0.017053248656570593
0.016971177332681976
0.01706839276990718
0.016921836834391794
0.01704494382022472
0.016956521739130433
0.017107474352711285
0.016954079140205178
0.017088910600879335
0.01698925256472887
0.016974596971177335
0.017062530532486565
0.017085979482169028
0.016944797264289203
0.017066438690766975
0.016972642892037128
0.017120175867122618
0.016925256472887153
0.017070835368832436
0.017077674645823156
0.016982413287738155
0.01695603321934538
0.017110405471421595
0.016917928676111384
0.017084513922813873
0.01692427943331705
0.017073277967757695
0.016957010258915484
0.01706399609184172
0.017024425989252565
0.0171133365901319
0.01702344894968246
0.017088422081094283
0.016912066438690768
0.017078163165608205
0.016964338055691253
0.017074743527112846
0.01692818759159746
0.017035173424523695
0.01705373717635564
0.017067415730337078
0.016982901807523206
0.01704836345872008
0.016919394235466536
0.017042501221299463
0.01693893502686859
0.017107962872496336
0.01699267220322423
0.01707181240840254
0.01695505617977528
0.017023937469467513
0.01697313141182218
0.017072789447972643
0.0169057156814851
0.017069858329262336
0.016990718124084026
0.017090376160234486
0.016927699071812408
0.017014655593551538
0.017031265266243285
0.017043966780654618
0.017010747435271128
0.01709868099658036
0.01695847581827064
0.017123106985832925
0.016925744992672204
0.017121641426477773
0.01697361993160723
0.01708353688324377
0.016967269174401563
0.017061064973131413
0.01702344894968246
0.017103566194430875
0.0169057156814851
0.017008304836345873
0.016936980947728383
0.017074255007327795
0.016963849535906204
0.017028822667318026
0.01705666829506595
0.017092330239374693
0.016921348314606743
0.017038593063019053
0.016941377625793844
0.017082071323888618
0.0169438202247191
0.017096238397655106
0.016963849535906204
0.017074743527112846
0.01699658036150464
0.017051294577430386
0.017019052271617
0.017070835368832436
0.016905227161700048
0.01706448461162677
0.016970688812896925
0.017079140205178308
0.01685979482169028
0.017058133854421103
0.01704592085979482
0.016998045920859794
0.01699658036150464
0.017108451392281388
0.016941866145578896
0.017104054714215926
0.016953590620420126
0.017061553492916465
0.016994137762579384
0.017067415730337078
0.01706008793356131
0.0170371275036639
0.017059110893991206
0.01707962872496336
0.016885197850512946
0.01707962872496336
0.016976551050317538
0.01709721543722521
0.016884220810942843
0.017061064973131413
0.01700879335613092
0.017024425989252565
0.01699267220322423
0.017046897899364925
0.016953590620420126
0.01710258915486077
0.016970688812896925
0.017055202735710796
0.016972154372252076
0.017074743527112846
0.01699267220322423
0.01703370786516854
0.01699560332193454
0.017057156814851003
0.0169057156814851
0.01710942843185149
0.016982413287738155
0.017113825109916953
0.016934049829018076
0.01704103566194431
0.017078651685393256
0.017031753786028336
0.016975574010747438
0.01706448461162677
0.01695456765999023
0.01709477283829995
0.016961406936980946
0.017093307278944796
0.017002931118710308
0.017032242305813388
0.016980459208597948
0.017125549584758183
0.017054225696140693
0.01704885197850513
0.016893014167073766
0.01708793356130923
0.016980459208597948
0.017104054714215926
0.016896433805569124
0.017071323888617488
0.01709379579872985
0.017077674645823156
0.016910112359550564
0.017020029311187103
0.01695505617977528
0.017062042012701513
0.016904250122129944
0.017099169516365413
0.01699169516365413
0.01716560820713239
0.016980947728383
0.017013678553981434
0.017012701514411335
0.017098192476795313
0.016910600879335616
0.017106497313141185
0.016975085490962386
0.01712457254518808
0.01686419149975574
0.017028334147532975
0.017045432340009773
0.017039081582804105
0.01693893502686859
0.01706839276990718
0.01695994137762579
0.01709477283829995
0.016926233512457256
0.01710503175378603
0.016918417195896436
0.017068881289692233
0.017006839276990718
0.01704152418172936
0.01704054714215926
0.01709721543722521
0.01689887640449438
0.017070835368832436
0.01693942354665364
0.01712506106497313
0.016929653150952614
0.01706057645334636
0.017070835368832436
0.01704836345872008
0.016933561309233024
0.01706399609184172
0.016950170981924768
0.01706008793356131
0.016925256472887153
0.01709477283829995
0.01695603321934538
0.01706399609184172
0.016975085490962386
0.017020029311187103
0.01699706888128969
0.017089887640449438
0.01687542745481192
0.017117733268197363
0.01697361993160723
0.017103077674645823
0.016869565217391306
0.017013678553981434
0.017026380068392768
0.01701514411333659
0.016975085490962386
0.01704054714215926
0.01695456765999023
0.017094284318514903
0.016912066438690768
0.017088910600879335
0.016944797264289203
0.01710161211529067
0.017000488519785053
0.017013678553981434
0.017012212994626283
0.017055202735710796
0.016942354665363948
0.01703273082559844
0.0169799706888129
0.01708744504152418
0.016896433805569124
0.01706057645334636
0.017008304836345873
0.0170371275036639
0.01693942354665364
0.01703321934538349
0.016899853444064483
0.017062530532486565
0.01696238397655105
0.017126526624328287
0.017009281875915973
0.01706448461162677
0.017019052271617
0.017070346849047385
0.017022471910112358
0.017102100635075723
0.016904250122129944
0.01703321934538349
0.01696629213483146
0.01712848070346849
0.01689399120664387
0.01698534440644846
0.01704982901807523
0.01706057645334636
0.0169799706888129
0.017078651685393256
0.016914509037616026
0.017074255007327795
0.016971665852467028
0.01712115290669272
0.016982413287738155
0.017028822667318026
0.017014655593551538
0.017069858329262336
0.017025891548607716
0.017085002442598925
0.016919394235466536
0.017083048363458718
0.01698143624816805
0.01706399609184172
0.016896922325354176
0.017116267708842208
0.01710552027357108
0.017047386419149976
0.01695212506106497
0.01704836345872008
0.01694772838299951
0.017023937469467513
0.01694675134342941
0.017111382510991695
0.01696971177332682
0.017078651685393256
0.01700390815828041
0.01698827552515877
0.017020517830972155
0.017065950170981923
0.016873961895456768
0.017113825109916953
0.017001954079140204
0.01710503175378603
0.016914509037616026
0.017063507572056668
0.017005862237420614
0.016998534440644846
0.01696629213483146
0.01707181240840254
0.01694333170493405
0.017124084025403028
0.016914020517830974
0.017082071323888618
0.01691695163654128
0.017066438690766975
0.016978016609672693
0.017028822667318026
0.01700341963849536
0.01704494382022472
0.016892525647288714
0.01702344894968246
0.016953590620420126
0.017110893991206643
0.016907669760625306
0.017057156814851003
0.017077186126038105
0.017054225696140693
0.016965315095261356
0.017062042012701513
0.016921836834391794
0.01700879335613092
0.01692037127503664
0.017100146555935516
0.016978016609672693
0.017104054714215926
0.01699316072300928
0.017043966780654618
0.01701954079140205
0.017050317537860283
0.016909623839765513
0.017085002442598925
0.01699560332193454
0.01709721543722521
0.016866634098680996
0.01706008793356131
0.017074743527112846
0.01704592085979482
0.016972642892037128
0.017076697606253053
0.016908158280410358
0.017127992183683438
0.01693991206643869
0.017059599413776258
0.016963361016121153
0.01703419638495359
0.01703273082559844
0.017076697606253053
0.01700879335613092
0.017032242305813388
0.016878358573522226
0.017032242305813388
0.01695847581827064
0.017063507572056668
0.01689936492427943
0.017034684904738643
0.017045432340009773
0.017057645334636055
0.016904738641914996
0.01702344894968246
0.01694040058622374
0.017064973131411823
0.016925256472887153
0.017103077674645823
0.01698876404494382
0.01706057645334636
0.016995114802149488
0.017023937469467513
0.017063507572056668
0.017090864680019538
0.01685637518319492
0.01704885197850513
0.016941866145578896
0.017090376160234486
0.01690620420127015
0.01702686858817782
0.01706399609184172
0.017010258915486076
0.016968734733756714
0.01705276013678554
0.016970200293111873
0.017047386419149976
0.01694333170493405
0.017107474352711285
0.01697703957010259
0.017042989741084515
0.016997557401074743
0.017047874938935028
0.017021006350757203
0.01708353688324377
0.0168485588666341
0.01703273082559844
0.016918417195896436
0.01711675622862726
0.016930141670737666
0.017085979482169028
0.017038593063019053
0.017042989741084515
0.016929164631167563
0.017055691255495848
0.01689789936492428
0.01707572056668295
0.016911089399120664
0.017124084025403028
0.016970200293111873
0.017089887640449438
0.01695114802149487
0.017050806057645335
0.017024914509037616
0.017063019052271616
0.016905227161700048
0.017090376160234486
0.016941377625793844
0.01711284807034685
0.016919394235466536
0.017013190034196383
0.017110893991206643
0.017005373717635563
0.01696922325354177
0.01710893991206644
0.016910600879335616
0.017073277967757695
0.01692867611138251
0.017063507572056668
0.016945285784074254
0.01708011724474841
0.016967757694186614
0.017073766487542746
0.01703077674645823
0.017114313629702005
0.01683732291157792
0.01703273082559844
0.01696238397655105
0.017108451392281388
0.016945774303859306
0.017063507572056668
0.01704103566194431
0.01705373717635564
0.016905227161700048
0.01706008793356131
0.01692867611138251
0.017051783097215438
0.01683878847093307
0.01708353688324377
0.016978993649242796
0.01713629702002931
0.016957498778700536
0.01703663898387885
0.016999022960429898
0.017106008793356133
0.016904738641914996
0.01704982901807523
0.01698778700537372
0.01709770395701026
0.016923302393746946
0.017035173424523695
0.01701123595505618
0.016991206643869078
0.017004396678065463
0.01705373717635564
0.016921348314606743
0.017106985832926233
0.016876893014167074
0.01708353688324377
0.016921348314606743
0.01699658036150464
0.01700879335613092
0.017062530532486565
0.017001465559355153
0.017066927210552026
0.0168676111382511
0.01703077674645823
0.016919394235466536
0.017106985832926233
0.016917928676111384
0.017081094284318515
0.01704152418172936
0.01706790425012213
0.016942354665363948
0.017106985832926233
0.016911089399120664
0.01710161211529067
0.01690278456277479
0.017174401563263313
0.016997557401074743
0.01704494382022472
0.016952613580850023
0.017034684904738643
0.01699951148021495
0.017058622374206155
0.01686809965803615
0.01710893991206644
0.016956521739130433
0.01707181240840254
0.016949193942354664
0.016984367366878358
0.017025891548607716
0.017069858329262336
0.01699267220322423
0.017088422081094283
0.016934538348803128
0.017073766487542746
0.016911577918905716
0.017076697606253053
0.016940889106008793
0.01704494382022472
0.0170561797752809
0.017014167073766486
0.016994137762579384
0.017085002442598925
0.01688617489008305
0.017020517830972155
0.016960429897410843
0.017135319980459206
0.016914509037616026
0.01711675622862726
0.01701514411333659
0.017079140205178308
0.016965803615046408
0.017099169516365413
0.01692818759159746
0.017073766487542746
0.01688373229115779
0.017107962872496336
0.016949193942354664
0.0171323888617489
0.016998534440644846
0.016978016609672693
0.01702344894968246
0.017027845627747923
0.01689545676599902
0.017063507572056668
0.016959452857840743
0.017065950170981923
0.016907669760625306
0.017042501221299463
0.017090864680019538
0.016999022960429898
0.01694723986321446
0.017053248656570593
0.016926233512457256
0.017110405471421595
0.016922813873961898
0.017078163165608205
0.016970200293111873
0.01704445530043967
0.017001465559355153
0.017054714215925745
0.017046897899364925
0.017090864680019538
0.01690229604298974
0.017047874938935028
0.016954079140205178
0.01706448461162677
0.016937469467513434
0.017110405471421595
0.017036150464093798
0.017111871030776746
0.016941866145578896
0.017038593063019053
0.016918417195896436
0.017026380068392768
0.01694333170493405
0.017096726917440158
0.016978016609672693
0.01711724474841231
0.017021494870542254
0.017018075232046896
0.016995114802149488
0.017074255007327795
0.016929164631167563
0.017113825109916953
0.017010747435271128
0.017095749877870055
0.01690229604298974
0.01706448461162677
0.01707230092818759
0.017021983390327306
0.016955544699560333
0.017080605764533463
0.016960918417195894
0.017067415730337078
0.01693258426966292
0.017055691255495848
0.01695212506106497
0.017066438690766975
0.017001465559355153
0.01700781631656082
0.01700341963849536
0.017082559843673666
0.016881289692232536
0.017058622374206155
0.01698876404494382
0.017032242305813388
0.016881778212017588
0.01707230092818759
0.01701563263312164
0.017043478260869566
0.017004396678065463
0.017069858329262336
0.0169628724963361
0.01704836345872008
0.016972154372252076
0.017096238397655106
0.016922813873961898
0.01707572056668295
0.016968246213971663
0.01699316072300928
0.017045432340009773
0.017042989741084515
0.01690327308255984
0.017066927210552026
0.016991206643869078
0.017069369809477285
0.016917440156326333
0.01702344894968246
0.01707181240840254
0.01703077674645823
0.016957498778700536
0.01710552027357108
0.016907181240840254
0.017082071323888618
0.0168676111382511
0.017104543234000978
0.0169628724963361
0.01707962872496336
0.016991206643869078
0.017064973131411823
0.01703370786516854
0.017090864680019538
0.01690864680019541
0.017094284318514903
0.016981924767953103
0.01704201270151441
0.01695896433805569
0.01707962872496336
0.01708011724474841
0.017042501221299463
0.01696922325354177
0.01699560332193454
0.016941377625793844
0.017123106985832925
0.01693893502686859
0.017135319980459206
0.016990229604298974
0.017092818759159745
0.016978993649242796
0.016971665852467028
0.01699706888128969
0.01704445530043967
0.01688715192965315
0.017046897899364925
0.01699267220322423
0.017117733268197363
0.016897410845139228
0.017027845627747923
0.01707181240840254
0.017008304836345873
0.016923790913531998
0.017086956521739128
0.016979482169027848
0.01711284807034685
0.016915974596971178
0.017100635075720568
0.017024914509037616
0.01704982901807523
0.017047874938935028
0.017065950170981923
0.01703370786516854
0.017075232046897898
0.016846116267708842
0.01700488519785051
0.01698534440644846
0.017077674645823156
0.01693893502686859
0.017089887640449438
0.01706057645334636
0.017010747435271128
0.01695456765999023
0.017029799706888126
0.016935515388373228
0.017113825109916953
0.016946262823644358
0.017103077674645823
0.01698925256472887
0.017090864680019538
0.016982901807523206
0.017001954079140204
0.017031265266243285
0.017047386419149976
0.016929164631167563
0.017054714215925745
0.016944797264289203
0.01705227161700049
0.01689936492427943
0.01701514411333659
0.01703273082559844
0.01707572056668295
0.016946262823644358
0.017103077674645823
0.016941866145578896
0.01712896922325354
0.016921836834391794
0.017055691255495848
0.016921348314606743
0.017135319980459206
0.01702686858817782
0.017059110893991206
0.017002931118710308
0.01712066438690767
0.0168676111382511
0.01709135319980459
0.01693649242794333
0.017099169516365413
0.016888128969223253
0.01701123595505618
0.01700732779677577
0.017085979482169028
0.016931607230092818
0.016998045920859794
0.01693649242794333
0.017024425989252565
0.01693209574987787
0.017058133854421103
0.016961895456765998
0.01711284807034685
0.017000488519785053
0.016982413287738155
0.016970200293111873
0.01706399609184172
0.016914020517830974
0.017043966780654618
0.016972642892037128
0.017092330239374693
0.016929653150952614
0.01699609184171959
0.017075232046897898
0.01698534440644846
0.016953102100635074
0.01709868099658036
0.016933072789447973
0.017069858329262336
0.016907181240840254
0.017104543234000978
0.016987298485588668
0.01706399609184172
0.017000488519785053
0.017063019052271616
0.0169799706888129
0.017099658036150465
0.016855398143624818
0.017090864680019538
0.016963849535906204
0.01709770395701026
0.016978505129457745
0.017055202735710796
0.01710112359550562
0.017043478260869566
0.016953102100635074
0.017036150464093798
0.016912066438690768
0.01704494382022472
0.01694772838299951
0.01710503175378603
0.0169438202247191
0.017085979482169028
0.016986321446018565
0.01699218368343918
0.01702344894968246
0.01704982901807523
0.016896922325354176
0.017086468001954076
0.017004396678065463
0.017123595505617976
0.01691304347826087
0.017031265266243285
0.01708793356130923
0.01703321934538349
0.01698876404494382
0.017021006350757203
0.016990229604298974
0.017100635075720568
0.016904738641914996
0.017099169516365413
0.016929653150952614
0.01706839276990718
0.017014167073766486
0.017018563751831948
0.017039570102589156
0.017035173424523695
0.016885686370297998
0.017104054714215926
0.01694723986321446
0.017106008793356133
0.01689447972642892
0.017065461651196875
0.017038593063019053
0.01709721543722521
0.016922813873961898
0.01699609184171959
0.016880312652662433
0.017064973131411823
0.016897410845139228
0.01714069369809477
0.01697361993160723
0.017039570102589156
0.017021983390327306
0.01695847581827064
0.016990718124084026
0.017104543234000978
0.01692037127503664
0.01710503175378603
0.01694040058622374
0.017055691255495848
0.016893502686858818
0.017063019052271616
0.017031753786028336
0.01700488519785051
0.01694772838299951
0.017031753786028336
0.01690620420127015
0.017090864680019538
0.016901319003419638
0.017019052271617
0.016896433805569124
0.01708744504152418
0.01695114802149487
0.017012701514411335
0.01698925256472887
0.017067415730337078
0.01684807034684905
0.017047386419149976
0.016885197850512946
0.01706839276990718
0.016899853444064483
0.01708011724474841
0.017047874938935028
0.017085490962383976
0.016938446507083538
0.01706057645334636
0.016964826575476304
0.017069858329262336
0.016933072789447973
0.017113825109916953
0.016929164631167563
0.01704201270151441
0.016972154372252076
0.016990229604298974
0.01699706888128969
0.017075232046897898
0.016865657059110896
0.017067415730337078
0.016972154372252076
0.017090864680019538
0.01687200781631656
0.017002931118710308
0.017036150464093798
0.017026380068392768
0.016908158280410358
0.017108451392281388
0.01696238397655105
0.017073277967757695
0.016901319003419638
0.01706057645334636
0.016967269174401563
0.017069369809477285
0.016930141670737666
0.017082071323888618
0.01697313141182218
0.017090376160234486
0.016846116267708842
0.017061553492916465
0.01694772838299951
0.017090864680019538
0.01693893502686859
0.017090376160234486
0.017058133854421103
0.017070835368832436
0.016959452857840743
0.017031753786028336
0.016907669760625306
0.017046897899364925
0.01689496824621397
0.017127015144113335
0.016954079140205178
0.017104543234000978
0.016979482169027848
0.017004396678065463
0.01699267220322423
0.017095261358085003
0.016896433805569124
0.017017586712261844
0.016960429897410843
0.01712848070346849
0.01687542745481192
0.017010747435271128
0.017000488519785053
0.017006350757205666
0.01699609184171959
0.017046897899364925
0.01690278456277479
0.01708353688324377
0.01692867611138251
0.01703077674645823
0.016889106008793356
0.01700341963849536
0.017028334147532975
0.01700488519785051
0.016953102100635074
0.017062042012701513
0.01684416218856864
0.017074255007327795
0.016946262823644358
0.017082071323888618
0.016918905715681488
0.017092330239374693
0.017020517830972155
0.01709184171958964
0.016978505129457745
0.017073277967757695
0.016936980947728383
0.01704885197850513
0.01693991206643869
0.01709135319980459
0.016970200293111873
0.017127015144113335
0.016971665852467028
0.016972642892037128
0.01698143624816805
0.017069858329262336
0.016874938935026867
0.017017586712261844
0.01694772838299951
0.017051294577430386
0.016871030776746457
0.017017586712261844
0.017059599413776258
0.017013678553981434
0.016967757694186614
0.017081582804103566
0.01692085979482169
0.017065461651196875
0.016888617489008304
0.017100146555935516
0.016981924767953103
0.01710942843185149
0.0169628724963361
0.017058622374206155
0.016995114802149488
0.017081094284318515
0.01686809965803615
0.017043966780654618
0.016953590620420126
0.01704152418172936
0.016893014167073766
0.01708793356130923
0.017036150464093798
0.017042501221299463
0.01695847581827064
0.017078163165608205
0.01689496824621397
0.017029799706888126
0.016893502686858818
0.017090864680019538
0.016938446507083538
0.017057645334636055
0.016987298485588668
0.016986321446018565
0.017001954079140204
0.017098192476795313
0.01692721055202736
0.017075232046897898
0.01693502686858818
0.01706839276990718
0.016858329262335124
0.017021006350757203
0.017070346849047385
0.017020029311187103
0.016956521739130433
0.017061064973131413
0.016953590620420126
0.017090376160234486
0.016933561309233024
0.017099658036150465
0.01694675134342941
0.01708011724474841
0.017001465559355153
0.017012212994626283
0.016961406936980946
0.01708011724474841
0.016849047386419153
0.01706448461162677
0.016974596971177335
0.01704445530043967
0.01689545676599902
0.017107474352711285
0.017021983390327306
0.017045432340009773
0.016907181240840254
0.01702735710796287
0.01690278456277479
0.01709135319980459
0.016912066438690768
0.017116267708842208
0.01694430874450415
0.017043966780654618
0.017024425989252565
0.01701123595505618
0.017038104543234
0.017089887640449438
0.016854421104054714
0.017092818759159745
0.016986321446018565
0.017062042012701513
0.016873473375671716
0.01705276013678554
0.017016121152906693
0.01705276013678554
0.01697606253053249
0.017055202735710796
0.016936980947728383
0.017059599413776258
0.016900830483634586
0.01708011724474841
0.016978505129457745
0.017054225696140693
0.016999022960429898
0.01702344894968246
0.017017586712261844
0.017066438690766975
0.016864680019540793
0.01703370786516854
0.016919882755251588
0.017150464093795798
0.01689838788470933
0.017084513922813873
0.017021494870542254
0.01699218368343918
0.01690180752320469
0.017029799706888126
0.016931607230092818
0.01706839276990718
0.016927699071812408
0.01706448461162677
0.01690327308255984
0.017038104543234
0.01699609184171959
0.01703761602344895
0.017012701514411335
0.01698876404494382
0.01687933561309233
0.017100635075720568
0.01693209574987787
0.017131900341963848
0.016870053737176358
0.017035173424523695
0.017004396678065463
0.01700341963849536
0.016946262823644358
0.017061064973131413
0.016942354665363948
0.017068881289692233
0.016926233512457256
0.017077186126038105
0.01694430874450415
0.017043966780654618
0.01699658036150464
0.017039570102589156
0.017061553492916465
0.017067415730337078
0.016859306301905227
0.01701954079140205
0.01693502686858818
0.017074255007327795
0.016968246213971663
0.01704445530043967
0.017051294577430386
0.017021494870542254
0.0169247679531021
0.017058133854421103
0.016914509037616026
0.017036150464093798
0.01691646311675623
0.017149975574010747
0.01694723986321446
0.01702735710796287
0.016975085490962386
0.017008304836345873
0.016990718124084026
0.017021006350757203
0.016853444064484614
0.017061064973131413
0.016963849535906204
0.017089399120664386
0.016849047386419153
0.016978993649242796
0.01702344894968246
0.01701563263312164
0.016922813873961898
0.017104543234000978
0.016921348314606743
0.017095749877870055
0.01690620420127015
0.017070835368832436
0.016934049829018076
0.017079140205178308
0.016964338055691253
0.01697313141182218
0.01698485588666341
0.01708402540302882
0.016833903273082557
0.017065461651196875
0.016954079140205178
0.017055691255495848
0.0169438202247191
0.01714460185637518
0.01700488519785051
0.01702296042989741
0.01694333170493405
0.017064973131411823
0.016936980947728383
0.01709868099658036
0.01691255495847582
0.017100635075720568
0.01695456765999023
0.017047874938935028
0.016913531998045923
0.016960429897410843
0.017024914509037616
0.01699951148021495
0.016846116267708842
0.017051294577430386
0.016957010258915484
0.017096238397655106
0.016941377625793844
0.017013190034196383
0.017013678553981434
0.01700341963849536
0.01699267220322423
0.017094284318514903
0.01694772838299951
0.017049340498290183
0.01689789936492428
0.017043478260869566
0.016970688812896925
0.01704152418172936
0.016991206643869078
0.017029311187103074
0.017002442598925256
0.017122618466047877
0.016888617489008304
0.01705666829506595
0.016960429897410843
0.017043478260869566
0.016869565217391306
0.017070346849047385
0.017073277967757695
0.017030288226673178
0.016907669760625306
0.017046897899364925
0.016914020517830974
0.017096726917440158
0.016921836834391794
0.017141670737664875
0.016980947728383
0.017120175867122618
0.016967757694186614
0.017012212994626283
0.016979482169027848
0.017099169516365413
0.016857840742550076
0.017058622374206155
0.016948705422569613
0.017072789447972643
0.016841719589643377
0.017040058622374208
0.0170371275036639
0.017031753786028336
0.016933072789447973
0.017074743527112846
0.01694430874450415
0.017064973131411823
0.01692037127503664
0.017079140205178308
0.01695994137762579
0.01701172447484123
0.01695456765999023
0.017093307278944796
0.017013190034196383
0.017099658036150465
0.01688324377137274
0.017006350757205666
0.01699951148021495
0.01705276013678554
0.016907181240840254
0.017073277967757695
0.017050317537860283
0.017077674645823156
0.01694675134342941
0.01709477283829995
0.01690229604298974
0.01705276013678554
0.01692427943331705
0.017066438690766975
0.016937469467513434
0.017148998534440643
0.01697703957010259
0.016975574010747438
0.017035173424523695
0.017085979482169028
0.016882755251587687
0.017109916951636543
0.016934538348803128
0.017096726917440158
0.01689789936492428
0.017014655593551538
0.017018563751831948
0.017070835368832436
0.01693600390815828
0.017043478260869566
0.01689399120664387
0.01712896922325354
0.016896922325354176
0.017076697606253053
0.0169247679531021
0.017054714215925745
0.016978016609672693
0.016995114802149488
0.0169799706888129
0.01708793356130923
0.01688324377137274
0.017043966780654618
0.01693942354665364
0.01709379579872985
0.016892037127503663
0.017063019052271616
0.017039081582804105
0.017017586712261844
0.016950170981924768
0.017040058622374208
0.01691695163654128
0.01708353688324377
0.01689838788470933
0.017098192476795313
0.01693649242794333
0.01707230092818759
0.016933561309233024
0.01694430874450415
0.01700732779677577
0.017050317537860283
0.01687542745481192
0.017093307278944796
0.016919882755251588
0.01703370786516854
0.016874450415241816
0.017047874938935028
0.01704982901807523
0.016991206643869078
0.01690327308255984
0.017082071323888618
0.016852955544699563
0.017055202735710796
0.016910112359550564
0.017047874938935028
0.016953590620420126
0.017018075232046896
0.016937469467513434
0.017029311187103074
0.016981924767953103
0.017117733268197363
0.016867122618466047
0.017027845627747923
0.016885686370297998
0.0170561797752809
0.01689106008793356
0.017035661944308746
0.017002442598925256
0.01704103566194431
0.016897410845139228
0.01702686858817782
0.016922813873961898
0.017069369809477285
0.016917440156326333
0.017076697606253053
0.016957987298485588
0.017115290669272105
0.01695994137762579
0.0169438202247191
0.016978505129457745
0.017028822667318026
0.016870542256961406
0.017111382510991695
0.016923790913531998
0.01704982901807523
0.016882755251587687
0.017054714215925745
0.01699658036150464
0.017049340498290183
0.016971177332681976
0.017062042012701513
0.01685637518319492
0.01709135319980459
0.016922813873961898
0.01706057645334636
0.01697313141182218
0.017069369809477285
0.017002442598925256
0.017043478260869566
0.017006350757205666
0.0170371275036639
0.016850512945774304
0.017040058622374208
0.016968734733756714
0.01708744504152418
0.016854909623839766
0.017090376160234486
0.017006839276990718
0.017002931118710308
0.016931607230092818
0.016994137762579384
0.016913531998045923
0.01706057645334636
0.016930141670737666
0.01712506106497313
0.016937469467513434
0.017137762579384465
0.016931607230092818
0.01699267220322423
0.01698534440644846
0.017058133854421103
0.016889594528578408
0.017063507572056668
0.016956521739130433
0.017114313629702005
0.016870053737176358
0.01701954079140205
0.016998534440644846
0.016991206643869078
0.01694772838299951
0.01707962872496336
0.016923302393746946
0.017089887640449438
0.016884220810942843
0.017028822667318026
0.016951636541279923
0.017016121152906693
0.01695994137762579
0.017043478260869566
0.01705276013678554
0.017009770395701024
0.016861260381045434
0.017025403028822664
0.01693209574987787
0.017035661944308746
0.01689008304836346
0.017107962872496336
0.017078651685393256
0.017067415730337078
0.016923790913531998
0.017035661944308746
0.01691255495847582
0.017027845627747923
0.016914509037616026
0.01707962872496336
0.016942843185149
0.017086956521739128
0.016982901807523206
0.017026380068392768
0.016974596971177335
0.017002442598925256
0.01688617489008305
0.017045432340009773
0.016975574010747438
0.01712896922325354
0.016910600879335616
0.01703273082559844
0.01706399609184172
0.016953102100635074
0.016965803615046408
0.01704592085979482
0.01690327308255984
0.01705666829506595
0.016892525647288714
0.017057645334636055
0.016978993649242796
0.017034684904738643
0.01699658036150464
0.017063507572056668
0.017034684904738643
0.01709477283829995
0.016854909623839766
0.017001954079140204
0.016889106008793356
0.017067415730337078
0.016926233512457256
0.017055202735710796
0.017
0.017070835368832436
0.016953590620420126
0.01700879335613092
0.01690864680019541
0.017065950170981923
0.016909623839765513
0.01709868099658036
0.01694821690278456
0.017085490962383976
0.01698387884709331
0.016963849535906204
0.016998534440644846
0.017036150464093798
0.016893014167073766
0.01703419638495359
0.016930141670737666
0.017054714215925745
0.01685588666340987
0.016955544699560333
0.01700781631656082
0.017050806057645335
0.01697313141182218
0.017073277967757695
0.016931607230092818
0.017068881289692233
0.016889594528578408
0.01701954079140205
0.01694772838299951
0.017051783097215438
0.016975085490962386
0.017047874938935028
0.016989741084513923
0.01702686858817782
0.016827552515876892
0.017016609672691745
0.01695896433805569
0.01704836345872008
0.016912066438690768
0.017063507572056668
0.017000488519785053
0.01704152418172936
0.01692037127503664
0.017076209086468
0.01694723986321446
0.017104543234000978
0.01690229604298974
0.01714460185637518
0.016951636541279923
0.01710552027357108
0.01692818759159746
0.01697752808988764
0.016981924767953103
0.017050317537860283
0.016893502686858818
0.01706399609184172
0.01695847581827064
0.01715534929164631
0.016843185148998532
0.01704054714215926
0.01704201270151441
0.017025403028822664
0.016906692721055206
0.017109916951636543
0.016877870053737178
0.017061064973131413
0.01688617489008305
0.01704592085979482
0.016944797264289203
0.017064973131411823
0.016990718124084026
0.017040058622374208
0.016990229604298974
0.017013678553981434
0.016836345872007816
0.017062042012701513
0.01695065950170982
0.01707181240840254
0.01689838788470933
0.01706790425012213
0.017057645334636055
0.017042989741084515
0.016930630190522718
0.017042989741084515
0.01692037127503664
0.017079140205178308
0.0169057156814851
0.017106497313141185
0.016945774303859306
0.01706399609184172
0.01700390815828041
0.01700341963849536
0.01696629213483146
0.017054225696140693
0.016855398143624818
0.017070346849047385
0.016940889106008793
0.017035661944308746
0.01684269662921348
0.017009770395701024
0.01699951148021495
0.016971177332681976
0.01690620420127015
0.01705373717635564
0.016874450415241816
0.017137274059599413
0.01690229604298974
0.01702296042989741
0.016927699071812408
0.01704592085979482
0.01698778700537372
0.017012701514411335
0.016987298485588668
0.01703370786516854
0.016847581827063998
0.01700781631656082
0.016963361016121153
0.017110893991206643
0.016933072789447973
0.01703273082559844
0.017055691255495848
0.017012701514411335
0.016892525647288714
0.01703273082559844
0.016925744992672204
0.01705276013678554
0.01692085979482169
0.017104543234000978
0.016950170981924768
0.01705227161700049
0.016983390327308258
0.01699658036150464
0.01697703957010259
0.0170371275036639
0.016825598436736686
0.0170561797752809
0.01695603321934538
0.017057156814851003
0.016865168539325844
0.017005862237420614
0.017018075232046896
0.016970688812896925
0.016937957987298486
0.017081094284318515
0.016908158280410358
0.017031753786028336
0.016930141670737666
0.01702686858817782
0.016917928676111384
0.017016609672691745
0.01697752808988764
0.01704494382022472
0.016971177332681976
0.017089399120664386
0.016817293600390814
0.016999022960429898
0.01695896433805569
0.017090376160234486
0.016896922325354176
0.01699706888128969
0.017047386419149976
0.017013190034196383
0.016907669760625306
0.017029799706888126
0.01696922325354177
0.017081094284318515
0.016919882755251588
0.017075232046897898
0.01697606253053249
0.01707572056668295
0.016952613580850023
0.01699316072300928
0.01702344894968246
0.01709135319980459
0.016853444064484614
0.017076209086468
0.016967757694186614
0.017086956521739128
0.01688373229115779
0.01702735710796287
0.01699706888128969
0.01705373717635564
0.016897410845139228
0.017051783097215438
0.016919882755251588
0.01704054714215926
0.016846116267708842
0.017055202735710796
0.016918905715681488
0.01701514411333659
0.016970688812896925
0.017018563751831948
0.016978993649242796
0.017100635075720568
0.016906692721055206
0.017002442598925256
0.016921348314606743
0.01704103566194431
0.016886663409868097
0.017014655593551538
0.017035173424523695
0.01709379579872985
0.016937957987298486
0.017051294577430386
0.016880312652662433
0.01709135319980459
0.016890571568148507
0.017093307278944796
0.01692085979482169
0.017065950170981923
0.016968734733756714
0.016986321446018565
0.01704592085979482
0.01699609184171959
0.016864680019540793
0.01709721543722521
0.01692037127503664
0.017085002442598925
0.016874450415241816
0.01703321934538349
0.017009770395701024
0.017026380068392768
0.01689008304836346
0.01711675622862726
0.016934538348803128
0.017
0.016881289692232536
0.01705276013678554
0.01692721055202736
0.017045432340009773
0.01698876404494382
0.017053248656570593
0.01701514411333659
0.01703663898387885
0.016853932584269662
0.016978505129457745
0.016961895456765998
0.017036150464093798
0.016889594528578408
0.0170561797752809
0.017020517830972155
0.017035173424523695
0.016936980947728383
0.01699951148021495
0.016884220810942843
0.017047874938935028
0.016895945285784073
0.01709184171958964
0.016942354665363948
0.0170561797752809
0.016925744992672204
0.016982413287738155
0.016983390327308258
0.01703273082559844
0.016878847093307277
0.01704885197850513
0.016979482169027848
0.017150464093795798
0.016886663409868097
0.017009770395701024
0.017013678553981434
0.01703077674645823
0.016917440156326333
0.01709184171958964
0.01692818759159746
0.017102100635075723
0.016866634098680996
0.016998534440644846
0.01695114802149487
0.01703419638495359
0.016993649242794333
0.01704201270151441
0.017076697606253053
0.017039081582804105
0.016865168539325844
0.017024914509037616
0.016942354665363948
0.017014655593551538
0.016901319003419638
0.01706399609184172
0.017050317537860283
0.017067415730337078
0.01689789936492428
0.017049340498290183
0.016884709330727894
0.01707181240840254
0.016890571568148507
0.017121641426477773
0.016927699071812408
0.017061553492916465
0.016963849535906204
0.016978505129457745
0.01693942354665364
0.017090376160234486
0.01687933561309233
0.017073766487542746
0.016949193942354664
0.017053248656570593
0.016885686370297998
0.017075232046897898
0.016976551050317538
0.017026380068392768
0.01694040058622374
0.017034684904738643
0.016951636541279923
0.017066438690766975
0.01690913531998046
0.017020029311187103
0.016926233512457256
0.017034684904738643
0.017017098192476793
0.01703321934538349
0.017039570102589156
0.017051294577430386
0.016846604787493894
0.017054225696140693
0.016941377625793844
0.017145578895945285
0.016872496336101613
0.017057645334636055
0.01703761602344895
0.017043478260869566
0.01690913531998046
0.01704494382022472
0.016914997557401078
0.01708011724474841
0.016892525647288714
0.017114802149487053
0.016954079140205178
0.01704494382022472
0.016986321446018565
0.017014167073766486
0.01698387884709331
0.017046897899364925
0.016882755251587687
0.017115290669272105
0.01693209574987787
0.017135808500244258
0.01688715192965315
0.017031753786028336
0.017013190034196383
0.01705373717635564
0.016967269174401563
0.017058622374206155
0.016967757694186614
0.017025891548607716
0.0168676111382511
0.01698778700537372
0.01688715192965315
0.01699706888128969
0.016964338055691253
0.017049340498290183
0.017005373717635563
0.017013190034196383
0.016847581827063998
0.017051294577430386
0.016948705422569613
0.017069369809477285
0.016888617489008304
0.01702735710796287
0.01704885197850513
0.017045432340009773
0.016957010258915484
0.01703761602344895
0.01693502686858818
0.017046897899364925
0.016936980947728383
0.01709868099658036
0.016904738641914996
0.017088422081094283
0.01695212506106497
0.016960918417195894
0.01699658036150464
0.017051783097215438
0.016870542256961406
0.01705227161700049
0.016925744992672204
0.01709135319980459
0.01689545676599902
0.01703370786516854
0.01706448461162677
0.016967757694186614
0.01694333170493405
0.017081094284318515
0.016922325354176846
0.017081094284318515
0.016910600879335616
0.017029311187103074
0.01693649242794333
0.017005862237420614
0.016971177332681976
0.017032242305813388
0.016986809965803616
0.017058622374206155
0.016832926233512457
0.01703419638495359
0.016948705422569613
0.017085002442598925
0.016927699071812408
0.017055202735710796
0.017014655593551538
0.017025891548607716
0.016926722032242308
0.016972154372252076
0.01692867611138251
0.0170561797752809
0.01689887640449438
0.017062042012701513
0.01691304347826087
0.017079140205178308
0.016998534440644846
0.017025891548607716
0.01701172447484123
0.017005373717635563
0.016877870053737178
0.01708402540302882
0.016934049829018076
0.017095749877870055
0.016882755251587687
0.016994137762579384
0.017023937469467513
0.017002931118710308
0.016972642892037128
0.01706008793356131
0.01690864680019541
0.017063019052271616
0.016892525647288714
0.017029311187103074
0.016949682462139716
0.017028822667318026
0.01698143624816805
0.01698143624816805
0.0169247679531021
0.017024425989252565
0.016831460674157302
0.01699658036150464
0.01695505617977528
0.017121641426477773
0.01693258426966292
0.01708402540302882
0.017024425989252565
0.01699706888128969
0.016936980947728383
0.017019052271617
0.016937469467513434
0.017028334147532975
0.016922325354176846
0.017083048363458718
0.01693991206643869
0.017119198827552515
0.016991206643869078
0.017064973131411823
0.01697703957010259
0.01698778700537372
0.01688715192965315
0.017069369809477285
0.016945774303859306
0.01707962872496336
0.016873473375671716
0.016970688812896925
0.01701563263312164
0.01696238397655105
0.016978016609672693
0.017042501221299463
0.016888617489008304
0.017053248656570593
0.016893502686858818
0.017013190034196383
0.016970200293111873
0.01703077674645823
0.016957498778700536
0.017073277967757695
0.017038593063019053
0.017053248656570593
0.01689399120664387
0.017092818759159745
0.01693649242794333
0.017073766487542746
0.016880312652662433
0.017103077674645823
0.017036150464093798
0.017039081582804105
0.016960429897410843
0.017016609672691745
0.016918905715681488
0.017071323888617488
0.0168876404494382
0.017111382510991695
0.016940889106008793
0.017062042012701513
0.01695212506106497
0.01701123595505618
0.01705276013678554
0.01701172447484123
0.016851001465559356
0.017046409379579873
0.016941377625793844
0.01707181240840254
0.01684123106985833
0.01697361993160723
0.017002931118710308
0.017051783097215438
0.016957498778700536
0.017070835368832436
0.01689447972642892
0.01707230092818759
0.01688324377137274
0.017073766487542746
0.016901319003419638
0.017043966780654618
0.016979482169027848
0.01698925256472887
0.017001954079140204
0.01704982901807523
0.016859306301905227
0.01704103566194431
0.016964826575476304
0.01709477283829995
0.01690913531998046
0.017058133854421103
0.017009281875915973
0.017112359550561798
0.016912066438690768
0.017042501221299463
0.01693600390815828
0.017021494870542254
0.016915974596971178
0.017146555935515388
0.01694040058622374
0.017084513922813873
0.01698534440644846
0.017065461651196875
0.017010747435271128
0.01706008793356131
0.01689936492427943
0.017063507572056668
0.016985832926233513
0.017099658036150465
0.016858817782120176
0.01703321934538349
0.01700390815828041
0.017016121152906693
0.016937469467513434
0.017051783097215438
0.016845139228138743
0.017046897899364925
0.0168676111382511
0.017082071323888618
0.016959452857840743
0.01704592085979482
0.017016121152906693
0.017029799706888126
0.016978016609672693
0.017163654127992187
0.016835368832437712
0.017025403028822664
0.01693111871030777
0.017053248656570593
0.01692818759159746
0.01704494382022472
0.017032242305813388
0.017042501221299463
0.016925256472887153
0.017018075232046896
0.0169057156814851
0.017020517830972155
0.016869565217391306
0.017059110893991206
0.016950170981924768
0.01701123595505618
0.016949193942354664
0.01693942354665364
0.016967757694186614
0.017054225696140693
0.016926233512457256
0.01707572056668295
0.016971177332681976
0.017102100635075723
0.016889594528578408
0.01703321934538349
0.017075232046897898
0.01703761602344895
0.01695212506106497
0.01703321934538349
0.016900830483634586
0.017116267708842208
0.016907181240840254
0.017013678553981434
0.01694430874450415
0.017072789447972643
0.016978993649242796
0.017050317537860283
0.016989741084513923
0.017072789447972643
0.016847093307278946
0.01701123595505618
0.01696678065461651
0.017082559843673666
0.01687591597459697
0.017093307278944796
0.01701954079140205
0.017082559843673666
0.016908158280410358
0.017042989741084515
0.0169057156814851
0.017088910600879335
0.01690229604298974
0.017061553492916465
0.016964826575476304
0.01701954079140205
0.01696922325354177
0.017014167073766486
0.01699951148021495
0.017018075232046896
0.016857840742550076
0.017086468001954076
0.016964826575476304
0.017139228138739616
0.01686370297997069
0.01702344894968246
0.017009281875915973
0.016994626282364436
0.016929653150952614
0.017058133854421103
0.016950170981924768
0.017094284318514903
0.016852955544699563
0.01704494382022472
0.016937469467513434
0.017014167073766486
0.016965803615046408
0.017004396678065463
0.017004396678065463
0.01706790425012213
0.016846116267708842
0.01702344894968246
0.016963849535906204
0.017094284318514903
0.01685637518319492
0.017050317537860283
0.01702296042989741
0.017104543234000978
0.01691304347826087
0.017025891548607716
0.016921836834391794
0.017063019052271616
0.016876893014167074
0.01708353688324377
0.016986321446018565
0.017074255007327795
0.01696238397655105
0.016998045920859794
0.01698143624816805
0.0170561797752809
0.016873961895456768
0.01704494382022472
0.016974108451392283
0.017150464093795798
0.016881778212017588
0.017016609672691745
0.017070835368832436
0.01704201270151441
0.01693502686858818
0.01708744504152418
0.01694675134342941
0.01706399609184172
0.016877870053737178
0.017082071323888618
0.016907669760625306
0.01707181240840254
0.016927699071812408
0.017035661944308746
0.016980947728383
0.017059599413776258
0.016826086956521737
0.017017586712261844
0.016942354665363948
0.017130434782608697
0.01683488031265266
0.017085490962383976
0.017027845627747923
0.017051294577430386
0.016900830483634586
0.017042501221299463
0.01689936492427943
0.017051294577430386
0.01690913531998046
0.017100635075720568
0.016952613580850023
0.017080605764533463
0.016971177332681976
0.017016609672691745
0.017013190034196383
0.0170009770395701
0.016865168539325844
0.017130923302393748
0.016974596971177335
0.017118710307767467
0.016846116267708842
0.017065950170981923
0.01702296042989741
0.01704103566194431
0.016922813873961898
0.017054714215925745
0.01690913531998046
0.017059110893991206
0.016877870053737178
0.017046897899364925
0.016930141670737666
0.017077674645823156
0.01696678065461651
0.016997557401074743
0.0169799706888129
0.017114802149487053
0.016855398143624818
0.017001465559355153
0.016974108451392283
0.017070835368832436
0.016907669760625306
0.017073766487542746
0.017051783097215438
0.017046409379579873
0.016910112359550564
0.017004396678065463
0.016953590620420126
0.01703761602344895
0.01691304347826087
0.017077674645823156
0.016952613580850023
0.01702686858817782
0.016990229604298974
0.017024914509037616
0.016968246213971663
0.017046897899364925
0.016869076697606254
0.017121641426477773
0.01693502686858818
0.017096238397655106
0.016873473375671716
0.017038593063019053
0.017014655593551538
0.017020517830972155
0.016945285784074254
0.017090376160234486
0.016951636541279923
0.017042989741084515
0.016899853444064483
0.01699951148021495
0.016931607230092818
0.017017098192476793
0.01698827552515877
0.017082071323888618
0.01696238397655105
0.017081582804103566
0.016865657059110896
0.016982413287738155
0.016917928676111384
0.017110893991206643
0.016907669760625306
0.01706057645334636
0.017021006350757203
0.017078651685393256
0.01687982413287738
0.017013190034196383
0.016909623839765513
0.017043966780654618
0.01689447972642892
0.017093307278944796
0.016954079140205178
0.017032242305813388
0.016987298485588668
0.017036150464093798
0.01702735710796287
0.017068881289692233
0.016854909623839766
0.017027845627747923
0.016940889106008793
0.017062042012701513
0.016919882755251588
0.017022471910112358
0.016976551050317538
0.017028334147532975
0.016907669760625306
0.017023937469467513
0.016907669760625306
0.017085979482169028
0.01692721055202736
0.017023937469467513
0.016922813873961898
0.01703273082559844
0.01696238397655105
0.017054714215925745
0.016949682462139716
0.017083048363458718
0.016861260381045434
0.017066438690766975
0.01694821690278456
0.017096238397655106
0.01688373229115779
0.017047386419149976
0.01699706888128969
0.017035661944308746
0.016922325354176846
0.017038104543234
0.016935515388373228
0.017076697606253053
0.016904738641914996
0.01710893991206644
0.016919394235466536
0.01706008793356131
0.01695603321934538
0.016949682462139716
0.017010747435271128
0.01705373717635564
0.016856863702979973
0.017069858329262336
0.016972642892037128
0.017081582804103566
0.01684220810942843
0.017058133854421103
0.017016609672691745
0.017032242305813388
0.0169438202247191
0.017104054714215926
0.016905227161700048
0.017046409379579873
0.0168876404494382
0.01710942843185149
0.01692037127503664
0.017035661944308746
0.01699316072300928
0.01705666829506595
0.017010747435271128
0.017093307278944796
0.016862725940400586
0.017055691255495848
0.016925256472887153
0.017074255007327795
0.01688617489008305
0.017051783097215438
0.017046897899364925
0.01701172447484123
0.016909623839765513
0.017005373717635563
0.016904738641914996
0.017038104543234
0.016900830483634586
0.017043966780654618
0.0169438202247191
0.017035661944308746
0.016950170981924768
0.016993649242794333
0.0169799706888129
0.01703419638495359
0.016873473375671716
0.01704592085979482
0.01695212506106497
0.017123595505617976
0.016861748900830486
0.01696922325354177
0.017017586712261844
0.01700341963849536
0.016929164631167563
0.01704592085979482
0.01689838788470933
0.017049340498290183
0.01688373229115779
0.017047874938935028
0.016913531998045923
0.016993649242794333
0.016960918417195894
0.017018563751831948
0.01704103566194431
0.017135808500244258
0.01689008304836346
0.016994626282364436
0.01694430874450415
0.017031265266243285
0.016880312652662433
0.017042501221299463
0.016968734733756714
0.017019052271617
0.016945285784074254
0.017021983390327306
0.01689789936492428
0.017058622374206155
0.016925256472887153
0.017053248656570593
0.016948705422569613
0.01703419638495359
0.016944797264289203
0.01696922325354177
0.016998534440644846
0.01706057645334636
0.01690620420127015
0.017022471910112358
0.016934049829018076
0.017141182217879823
0.016889594528578408
0.016993649242794333
0.016980459208597948
0.016984367366878358
0.016963361016121153
0.01708353688324377
0.016945285784074254
0.017054225696140693
0.016918417195896436
0.016967757694186614
0.016921836834391794
0.017047874938935028
0.01696922325354177
0.01700488519785051
0.017031753786028336
0.01706008793356131
0.016843185148998532
0.016989741084513923
0.016922325354176846
0.016990229604298974
0.01688373229115779
0.017099169516365413
0.0170371275036639
0.01702344894968246
0.01691304347826087
0.017002442598925256
0.01693649242794333
0.01704494382022472
0.01692085979482169
0.017089399120664386
0.01694772838299951
0.017071323888617488
0.016980947728383
0.01704054714215926
0.01701954079140205
0.017039081582804105
0.01685979482169028
0.017075232046897898
0.016953590620420126
0.017119687347337566
0.016873473375671716
0.01700390815828041
0.01703077674645823
0.01697361993160723
0.01690864680019541
0.017104054714215926
0.016936980947728383
0.017024914509037616
0.016933561309233024
0.01699169516365413
0.016907181240840254
0.01696629213483146
0.016982901807523206
0.01701123595505618
0.01696971177332682
0.017055691255495848
0.016873961895456768
0.016983390327308258
0.01692427943331705
0.017064973131411823
0.016917928676111384
0.017020517830972155
0.017005862237420614
0.01702735710796287
0.016927699071812408
0.017035173424523695
0.016909623839765513
0.017028822667318026
0.016870053737176358
0.017102100635075723
0.016937469467513434
0.017086468001954076
0.016998045920859794
0.01699609184171959
0.01696629213483146
0.017051783097215438
0.016904250122129944
0.017089399120664386
0.016974108451392283
0.017065950170981923
0.016874938935026867
0.01698778700537372
0.016983390327308258
0.017012701514411335
0.016921348314606743
0.017118710307767467
0.016911089399120664
0.017085002442598925
0.016886663409868097
0.0170371275036639
0.016957498778700536
0.017066927210552026
0.016933072789447973
0.017021494870542254
0.01698534440644846
0.017088910600879335
0.0168676111382511
0.01706399609184172
0.01694040058622374
0.017045432340009773
0.016885686370297998
0.01699560332193454
0.017012701514411335
0.017009281875915973
0.01693209574987787
0.017002442598925256
0.01694723986321446
0.017055691255495848
0.016917928676111384
0.017009770395701024
0.016941866145578896
0.017055691255495848
0.01700879335613092
0.016972642892037128
0.017012212994626283
0.01704054714215926
0.016870053737176358
0.017065950170981923
0.01693649242794333
0.017107474352711285
0.016823644357596482
0.016990229604298974
0.016993649242794333
0.017020517830972155
0.016896922325354176
0.017090864680019538
0.0169247679531021
0.017069369809477285
0.016866634098680996
0.017016609672691745
0.016934049829018076
0.016976551050317538
0.016974108451392283
0.01701172447484123
0.01699951148021495
0.017016609672691745
0.016853444064484614
0.017063507572056668
0.0169438202247191
0.017090376160234486
0.01687200781631656
0.017059110893991206
0.017046897899364925
0.01699609184171959
0.016918417195896436
0.016994626282364436
0.016941377625793844
0.017022471910112358
0.016905227161700048
0.017096726917440158
0.01694772838299951
0.017074743527112846
0.01694040058622374
0.017032242305813388
0.016978505129457745
0.017008304836345873
0.016877870053737178
0.017051294577430386
0.016948705422569613
0.017111382510991695
0.016861260381045434
0.01695114802149487
0.017028822667318026
0.017057156814851003
0.01693893502686859
0.017110893991206643
0.016893502686858818
0.017069858329262336
0.016884709330727894
0.01709379579872985
0.01693893502686859
0.017045432340009773
0.01699609184171959
0.01704982901807523
0.01697313141182218
0.01705227161700049
0.01685246702491451
0.017008304836345873
0.016940889106008793
0.017038593063019053
0.01688715192965315
0.01705227161700049
0.01700781631656082
0.01698925256472887
0.016893014167073766
0.01697361993160723
0.016941866145578896
0.017066927210552026
0.016892525647288714
0.01711284807034685
0.016909623839765513
0.017088910600879335
0.016933072789447973
0.016998045920859794
0.01698143624816805
0.017006350757205666
0.016859306301905227
0.017086956521739128
0.016978016609672693
0.01713287738153395
0.01688226673180264
0.017013678553981434
0.01698387884709331
0.017010747435271128
0.016952613580850023
0.017082071323888618
0.016873473375671716
0.017017098192476793
0.01689399120664387
0.017020029311187103
0.016914509037616026
0.017079140205178308
0.01695896433805569
0.016997557401074743
0.01701172447484123
0.01711724474841231
0.016835857352222764
0.01701563263312164
0.016949193942354664
0.01706399609184172
0.01689887640449438
0.017073277967757695
0.017031753786028336
0.017070835368832436
0.01693111871030777
0.01703663898387885
0.016897410845139228
0.017058133854421103
0.016915974596971178
0.017080605764533463
0.01691695163654128
0.017061064973131413
0.016929164631167563
0.017042501221299463
0.017008304836345873
0.01704982901807523
0.016886663409868097
0.017089399120664386
0.01693649242794333
0.01708011724474841
0.01687982413287738
0.017025403028822664
0.016987298485588668
0.017028334147532975
0.01693991206643869
0.017075232046897898
0.016923302393746946
0.017055202735710796
0.01684416218856864
0.017014655593551538
0.016892037127503663
0.017045432340009773
0.01695065950170982
0.01697703957010259
0.01694040058622374
0.017039081582804105
0.016825598436736686
0.017016121152906693
0.01692721055202736
0.01703273082559844
0.01689399120664387
0.01704054714215926
0.017024914509037616
0.017046409379579873
0.016929653150952614
0.017024425989252565
0.016922813873961898
0.01704201270151441
0.01693258426966292
0.01708793356130923
0.016929164631167563
0.017021494870542254
0.016930141670737666
0.016955544699560333
0.016980459208597948
0.016997557401074743
0.01687151929653151
0.017069369809477285
0.016893014167073766
0.017093307278944796
0.016884220810942843
0.017014655593551538
0.01703273082559844
0.01705276013678554
0.016913531998045923
0.017062530532486565
0.016926233512457256
0.017096238397655106
0.01686809965803615
0.017020029311187103
0.016941866145578896
0.017086956521739128
0.01697313141182218
0.017006839276990718
0.017000488519785053
0.017069369809477285
0.016831949193942354
0.017023937469467513
0.01694723986321446
0.01708353688324377
0.01692721055202736
0.017045432340009773
0.01704982901807523
0.016980459208597948
0.01692721055202736
0.01703321934538349
0.01688715192965315
0.017073766487542746
0.016937957987298486
0.01708793356130923
0.016934049829018076
0.01710258915486077
0.01693502686858818
0.016980459208597948
0.01697313141182218
0.01705276013678554
0.016869565217391306
0.017074255007327795
0.01695603321934538
0.017053248656570593
0.016878358573522226
0.017047386419149976
0.017062530532486565
0.017035173424523695
0.016944797264289203
0.017064973131411823
0.016889106008793356
0.017029311187103074
0.01685637518319492
0.017054714215925745
0.016919394235466536
0.017066927210552026
0.01699951148021495
0.016995114802149488
0.017029311187103074
0.01706008793356131
0.016865657059110896
0.01699609184171959
0.016949193942354664
0.017076697606253053
0.01690180752320469
0.017063019052271616
0.017
0.01704054714215926
0.016938446507083538
0.016994137762579384
0.01691304347826087
0.017081582804103566
0.016874938935026867
0.017141182217879823
0.016927699071812408
0.017103077674645823
0.016967757694186614
0.017021983390327306
0.017014167073766486
0.017092330239374693
0.016872984855886664
0.01703077674645823
0.016937957987298486
0.017145578895945285
0.016900830483634586
0.017000488519785053
0.01699560332193454
0.01697606253053249
0.016995114802149488
0.01710503175378603
0.01691646311675623
0.01710161211529067
0.016880312652662433
0.017070835368832436
0.01694040058622374
0.01700390815828041
0.016994137762579384
0.01705276013678554
0.017001465559355153
0.01708011724474841
0.016868588177821203
0.017058622374206155
0.01689106008793356
0.017085979482169028
0.016909623839765513
0.01703761602344895
0.017031265266243285
0.017053248656570593
0.016884220810942843
0.01706008793356131
0.01690180752320469
0.017085979482169028
0.01689545676599902
0.01707230092818759
0.016917440156326333
0.017084513922813873
0.016948705422569613
0.01698778700537372
0.016987298485588668
0.017036150464093798
0.01688715192965315
0.017047874938935028
0.01693942354665364
0.017080605764533463
0.016874938935026867
0.017063019052271616
0.017008304836345873
0.016978993649242796
0.01694040058622374
0.01708744504152418
0.016910112359550564
0.01707181240840254
0.016876404494382023
0.017061064973131413
0.01693600390815828
0.01704494382022472
0.016963361016121153
0.016965315095261356
0.017012212994626283
0.017047874938935028
0.016850024425989252
0.01701954079140205
0.01692818759159746
0.01708011724474841
0.01688324377137274
0.017053248656570593
0.017063507572056668
0.017046897899364925
0.016908158280410358
0.017016609672691745
0.01697606253053249
0.01709770395701026
0.016907669760625306
0.017089399120664386
0.016956521739130433
0.017062530532486565
0.01701563263312164
0.0170371275036639
0.017018075232046896
0.01703663898387885
0.016914997557401078
0.01709868099658036
0.016970688812896925
0.017117733268197363
0.016865168539325844
0.017032242305813388
0.017069858329262336
0.017058622374206155
0.016945285784074254
0.01703419638495359
0.016941866145578896
0.017081582804103566
0.016896922325354176
0.01705373717635564
0.01696238397655105
0.017032242305813388
0.016971665852467028
0.017020029311187103
0.017010258915486076
0.017066927210552026
0.016872984855886664
0.01701123595505618
0.01694723986321446
0.017051783097215438
0.016839765510503174
0.017021494870542254
0.017016121152906693
0.01702296042989741
0.016914997557401078
0.017030288226673178
0.016893502686858818
0.01704885197850513
0.01687151929653151
0.017043966780654618
0.016959452857840743
0.01704592085979482
0.016985832926233513
0.01699951148021495
0.016990229604298974
0.017053248656570593
0.016881289692232536
0.017063507572056668
0.016979482169027848
0.01710942843185149
0.016851001465559356
0.01706448461162677
0.017010747435271128
0.017032242305813388
0.016974108451392283
0.01700781631656082
0.01689789936492428
0.01705276013678554
0.01691255495847582
0.017061553492916465
0.01695065950170982
0.017061064973131413
0.016951636541279923
0.017013678553981434
0.016993649242794333
0.017066927210552026
0.016858329262335124
0.01704152418172936
0.016917928676111384
0.01704885197850513
0.016934538348803128
0.01703761602344895
0.01704445530043967
0.017029311187103074
0.0169057156814851
0.01701123595505618
0.016896922325354176
0.017115779189057156
0.016922325354176846
0.01709868099658036
0.01693600390815828
0.017065461651196875
0.016960918417195894
0.016971177332681976
0.016998045920859794
0.01701514411333659
0.016854421104054714
0.017050317537860283
0.016949682462139716
0.017092818759159745
0.0168485588666341
0.017006350757205666
0.01704494382022472
0.01698534440644846
0.01693111871030777
0.017093307278944796
0.0169247679531021
0.017088422081094283
0.016892525647288714
0.017064973131411823
0.016951636541279923
0.017042501221299463
0.017002931118710308
0.017001954079140204
0.017006350757205666
0.017025891548607716
0.016855398143624818
0.017043478260869566
0.01694675134342941
0.017063019052271616
0.0169057156814851
0.017045432340009773
0.017
0.01706057645334636
0.01690620420127015
0.017017586712261844
0.016919882755251588
0.017070835368832436
0.016933561309233024
0.01707572056668295
0.01698143624816805
0.01706057645334636
0.01692867611138251
0.01701123595505618
0.017005862237420614
0.017009770395701024
0.016870053737176358
0.017018563751831948
0.01693258426966292
0.01708353688324377
0.016892525647288714
0.017010747435271128
0.01700781631656082
0.01698778700537372
0.01694333170493405
0.017017098192476793
0.016946262823644358
0.01709135319980459
0.01689154860771861
0.017010747435271128
0.016923790913531998
0.017012701514411335
0.017013190034196383
0.017014655593551538
0.01698778700537372
0.017014655593551538
0.016843185148998532
0.017023937469467513
0.016944797264289203
0.01706057645334636
0.016889594528578408
0.017049340498290183
0.017029799706888126
0.016990229604298974
0.016890571568148507
0.017042501221299463
0.01693942354665364
0.017024914509037616
0.016889106008793356
0.017092818759159745
0.016930141670737666
0.017014167073766486
0.016974108451392283
0.016963849535906204
0.017019052271617
0.01704054714215926
0.016893014167073766
0.017098192476795313
0.016938446507083538
0.017117733268197363
0.016865168539325844
0.017021006350757203
0.017028334147532975
0.017024914509037616
0.01693258426966292
0.017095749877870055
0.01686028334147533
0.017088910600879335
0.016912066438690768
0.017010747435271128
0.01693600390815828
0.017014167073766486
0.01696238397655105
0.017047874938935028
0.01698827552515877
0.01706448461162677
0.016839765510503174
0.017038593063019053
0.01692085979482169
0.017063507572056668
0.016909623839765513
0.017043966780654618
0.017051294577430386
0.01701563263312164
0.016907181240840254
0.017013678553981434
0.016899853444064483
0.01704054714215926
0.016925744992672204
0.017118710307767467
0.016935515388373228
0.017018563751831948
0.01696971177332682
0.01699560332193454
0.017012701514411335
0.01702296042989741
0.016868588177821203
0.01704885197850513
0.01695994137762579
0.017081582804103566
0.016847581827063998
0.01706008793356131
0.016990718124084026
0.017026380068392768
0.01693258426966292
0.017078651685393256
0.016942843185149
0.017088910600879335
0.016905227161700048
0.017020517830972155
0.016901319003419638
0.017009770395701024
0.016957010258915484
0.017022471910112358
0.016970688812896925
0.01704885197850513
0.016885197850512946
0.01705666829506595
0.016921348314606743
0.01704836345872008
0.01695994137762579
0.017075232046897898
0.01704836345872008
0.017055202735710796
0.016912066438690768
0.017027845627747923
0.01694772838299951
0.017040058622374208
0.016889594528578408
0.017081094284318515
0.01695505617977528
0.017106497313141185
0.016910600879335616
0.016885686370297998
0.016792379091353202
0.016767464582315584
0.0166419149975574
0.016688812896922325
0.016619443087445042
0.01659941377625794
0.016425012212994628
0.016472887151929655
0.016533952125061067
0.01639765510503175
0.016370786516853933
0.016349780166096728
0.016262823644357594
0.016237909135319983
0.016167073766487544
0.016092818759159744
0.016163654127992186
0.016092330239374692
0.01612506106497313
0.01599218368343918
0.016085490962383975
0.0158876404494382
0.015846604787493893
0.015802638006839276
0.015814362481680506
0.015764533463605276
0.015707865168539326
0.015679531021006353
0.015836834391792867
0.01551392281387396
0.015601367855398143
0.015512945774303859
0.015528089887640449
0.015466536394723986
0.01547191011235955
0.015333170493404984
0.015451880801172447
0.015261358085002442
0.015425012212994627
0.015144601856375183
0.01530972154372252
0.015181729360039082
0.01518075232046898
0.01510210063507572
0.015202735710796287
0.014990718124084026
0.01506399609184172
0.01487103077674646
0.015084025403028823
0.01478114313629702
0.014959452857840743
0.01474743527112848
0.014894968246213973
0.014715192965315095
0.014771372740595994
0.014629213483146067
0.014723009281875915
0.014523693209574988
0.014680996580361505
0.014406448461162676
0.01470542256961407
0.014253053248656571
0.01448656570591109
0.01426722032242306
0.014474352711284806
0.014224230581338544
0.014375183194919395
0.014106497313141182
0.014423546653639473
0.014006839276990717
0.014232046897899364
0.013860771861260382
0.014193942354665364
0.013831460674157305
0.01408695652173913
0.013817782120175866
0.014027845627747924
0.013694675134342941
0.014024425989252565
0.013575476306790424
0.013894968246213972
0.01351392281387396
0.013761602344894968
0.013436248168050806
0.013755740107474353
0.013363947239863215
0.013567659990229604
0.013276990718124083
0.013647777234978018
0.013224719101123595
0.013480214948705422
0.01314704445530044
0.013413776257938445
0.013042989741084513
0.013302882266731804
0.012948705422569613
0.013250610649731313
0.012846604787493894
0.013292623351245725
0.012701025891548607
0.013219345383488032
0.012650219833903274
0.012942354665363948
0.012582804103566195
0.012970688812896923
0.012519296531509527
0.01287200781631656
0.012442598925256473
0.012917440156326331
0.012329750854909624
0.012692721055202735
0.01221055202735711
0.012624816805080605
0.012127992183683439
0.012512457254518806
0.012089399120664387
0.012477772349780165
0.012058133854421104
0.012386419149975573
0.011868588177821202
0.012348803126526624
0.011798729848558868
0.0121323888617489
0.011720078163165608
0.01212457254518808
0.011692232535417684
0.011991695163654129
0.011511480214948704
0.012020517830972155
0.011380068392769907
0.01187933561309233
0.011441133365901319
0.011787493893502686
0.011349780166096727
0.011623839765510503
0.011202735710796287
0.011608695652173913
0.01113190034196385
0.01160723009281876
0.01097313141182218
0.011542256961406936
0.010998045920859794
0.011230092818759158
0.010851489985344406
0.01124523693209575
0.010727894479726429
0.011137762579384465
0.010679531021006352
0.011183683439179287
0.010591108939912067
0.010910600879335612
0.010480214948705421
0.010856375183194919
0.01041914997557401
0.010761602344894967
0.010315583781143136
0.010642403517342454
0.010276990718124084
0.010591597459697118
0.010175867122618467
0.010582804103566195
0.010095749877870054
0.010362970200293113
0.009949193942354665
0.010359062042012701
0.009946751343429408
0.010156814851001466
0.009798729848558868
0.010292623351245724
0.00970933072789448
0.010077674645823155
0.00962628236443576
0.009918417195896433
0.009572056668295066
0.009805080605764533
0.009480703468490474
0.009829018075232048
0.00936199316072301
0.009773815339521251
0.00927894479726429
0.009615534929164631
0.009271128480703468
0.009390327308255984
0.009031753786028334
0.009467513434294089
0.009044455300439668
0.00924132877381534
0.00900732779677577
0.009296042989741083
0.008899853444064486
0.009093307278944798
0.008746458231558379
0.009046897899364924
0.008691255495847582
0.008983390327308256
0.008628724963361017
0.008807034684904739
0.008583292623351247
0.008808988764044944
0.008473375671714705
0.008810942843185149
0.008509037616023448
0.008736687835857354
0.008617489008304837
0.008787493893502687
0.00855446995603322
0.008763067904250122
0.008489496824621398
0.008891060087933562
0.008511480214948705
0.00882999511480215
0.008571079628724963
0.008784074255007327
0.008574987787005373
0.008714704445530044
0.008553492916463117
0.008807034684904739
0.008519296531509526
0.008867611138251099
0.00852076209086468
0.008873961895456766
0.008555935515388373
0.008646311675622863
0.008555935515388373
0.008776746458231559
0.00853590620420127
0.008736687835857354
0.008523204689789936
0.00889838788470933
0.008515876893014168
0.008824132877381534
0.008569614069369808
0.008772349780166097
0.008560332193453835
0.008749877870053737
0.008571079628724963
0.008774303859306302
0.008582804103566195
0.008808011724474842
0.008459208597948218
0.008899364924279434
0.008548607718612605
0.008683439179286762
0.008553981436248168
0.008803126526624329
0.008560332193453835
0.008701514411333659
0.00850170981924768
0.008863214460185637
0.008508549096238396
0.008779677576941865
0.008564240351734245
0.008844650708353689
0.008576941866145578
0.008750366389838789
0.00855056179775281
0.008800683927699072
0.00852076209086468
0.008863214460185637
0.008532975085490961
0.008868588177821202
0.008549584758182707
0.00864142647777235
0.008544211040547142
0.008800683927699072
0.008598436736687835
0.008721543722520762
0.008551538837322912
0.008890083048363457
0.008484611626770885
0.008820224719101124
0.008565217391304348
0.008750366389838789
0.008558866634098682
0.0087552515876893
0.008590131900341963
0.008786028334147532
0.00857010258915486
0.008838299951148022
0.008474352711284806
0.008880312652662432
0.008536883243771373
0.00875476306790425
0.008621885686370298
0.008818759159745969
0.00855446995603322
0.00877381533952125
0.008536394723986322
0.008955056179775281
0.008567171470444553
0.008789447972642892
0.008608207132388862
0.008822667318026379
0.008555446995603322
0.008762090864680019
0.008597459697117733
0.008805080605764534
0.008576453346360527
0.008842208109428432
0.00858866634098681
0.00889838788470933
0.008578895945285785
0.008657547630679042
0.00856619443087445
0.008793356130923302
0.008574987787005373
0.008730825598436735
0.00857743038593063
0.00893258426966292
0.008581827063996093
0.008772349780166097
0.008550073277967758
0.008772838299951149
0.008529066927210551
0.008774303859306302
0.00857743038593063
0.008826086956521739
0.008601856375183195
0.008806546165119687
0.008488031265266245
0.008902784562774792
0.008571568148510015
0.00874694675134343
0.00857401074743527
0.008805080605764534
0.008561797752808988
0.008703957010258917
0.00851685393258427
0.008895456765999024
0.008554958475818272
0.008805080605764534
0.008563263312164143
0.008720078163165609
0.00860771861260381
0.008770884220810944
0.008547142159257452
0.008787493893502687
0.008598436736687835
0.008867122618466049
0.008564728871519297
0.00890620420127015
0.008572056668295065
0.008744504152418174
0.00857743038593063
0.0088114313629702
0.008549584758182707
0.008764533463605275
0.008587200781631657
0.008884709330727894
0.008484123106985831
0.008817782120175867
0.008523693209574988
0.00874694675134343
0.0086228627259404
0.008731314118221787
0.008630679042501222
0.00886809965803615
0.00857791890571568
0.008886663409868099
0.008517830972154373
0.008903761602344896
0.00852418172936004
0.008763067904250122
0.008594040058622375
0.008872984855886664
0.008637029799706887
0.008723986321446019
0.008617977528089888
0.008916951636541279
0.008575964826575475
0.008832437713727407
0.008542256961406937
0.008818759159745969
0.008608695652173912
0.008763067904250122
0.008543234000977038
0.00883781143136297
0.008574987787005373
0.008868588177821202
0.008559355153883733
0.008864680019540792
0.008594528578407425
0.008717635564240352
0.008495847581827065
0.008881778212017586
0.00857010258915486
0.008768930141670739
0.008608695652173912
0.009001954079140204
0.008555446995603322
0.008840254030288227
0.008508060576453346
0.008805569125549586
0.008636052760136785
0.008794333170493404
0.008620908646800195
0.008843185148998534
0.008571568148510015
0.008870542256961407
0.008523693209574988
0.008919394235466536
0.008587689301416708
0.008721543722520762
0.008620420127015145
0.008830483634587202
0.008632633121641427
0.008806057645334637
0.008538348803126527
0.008942354665363948
0.008595017098192477
0.008781631656082072
0.008568637029799707
0.008787493893502687
0.008605276013678553
0.008778212017586712
0.008579384465070837
0.008840742550073279
0.008591108939912067
0.008865657059110894
0.00851685393258427
0.008857840742550072
0.008547142159257452
0.008765510503175377
0.008568637029799707
0.008842696629213484
0.008617000488519785
0.00880019540791402
0.008597459697117733
0.008932095749877871
0.008557889594528578
0.008820713238886174
0.008575476306790425
0.008842208109428432
0.008597459697117733
0.008849047386419149
0.00857401074743527
0.008821201758671226
0.008566682950659502
0.008845139228138739
0.0085095261358085
0.008929653150952614
0.00857352222765022
0.008829506595017099
0.008621885686370298
0.008848070346849047
0.008676599902296044
0.008763067904250122
0.008500244259892526
0.008957010258915486
0.008535417684416218
0.008869565217391304
0.008608695652173912
0.008843673668783586
0.00861846604787494
0.008785539814362482
0.008610649731314118
0.00882706399609184
0.008572056668295065
0.00894333170493405
0.008549584758182707
0.008904738641914997
0.008585246702491452
0.008786028334147532
0.008563751831949193
0.008861748900830484
0.008556424035173425
0.008787005373717635
0.008571079628724963
0.008979482169027844
0.008557889594528578
0.008839765510503176
0.008562774792379092
0.008838299951148022
0.008563751831949193
0.008788470933072789
0.008592085979482168
0.008848070346849047
0.008570591108939912
0.008861748900830484
0.008517830972154373
0.008897899364924279
0.008616023448949683
0.008746458231558379
0.008617489008304837
0.00886028334147533
0.008621885686370298
0.008823644357596482
0.008565217391304348
0.008958964338055693
0.008553981436248168
0.008813385442110406
0.008597948216902785
0.00877723497801661
0.008595505617977528
0.008686370297997069
0.008612115290669273
0.008846604787493894
0.008601856375183195
0.008907669760625306
0.008593551538837323
0.00893942354665364
0.008614069369809478
0.008748412310698584
0.008586712261846605
0.008801660967269176
0.008591597459697118
0.008831949193942356
0.008544699560332193
0.008915974596971177
0.008571079628724963
0.008838299951148022
0.008487542745481193
0.00881924767953102
0.008545188080117243
0.008793356130923302
0.008644357596482658
0.008868588177821202
0.00859648265754763
0.008846116267708842
0.008553492916463117
0.008893014167073767
0.008617000488519785
0.008723986321446019
0.008558866634098682
0.008813873961895457
0.008610161211529068
0.00876257938446507
0.008578407425500733
0.00897313141182218
0.008559843673668783
0.008818270639960919
0.008607230092818758
0.00876990718124084
0.008612115290669273
0.008782608695652174
0.00855837811431363
0.008851001465559354
0.008576941866145578
0.008924279433317051
0.008564728871519297
0.008920371275036637
0.0086228627259404
0.008761113825109917
0.008561309233023938
0.008905227161700049
0.008575964826575475
0.008733268197361992
0.008604787493893502
0.008960918417195898
0.008578895945285785
0.008793844650708354
0.00853590620420127
0.008858817782120176
0.008640449438202247
0.008829506595017099
0.008648265754763068
0.008851001465559354
0.008589643380556913
0.00885344406448461
0.008527601367855398
0.008900830483634587
0.008615534929164632
0.008739130434782609
0.008564240351734245
0.008899364924279434
0.00864924279433317
0.00882315583781143
0.008590620420127015
0.008914020517830972
0.008547142159257452
0.00885686370297997
0.008597948216902785
0.008827552515876892
0.00857401074743527
0.008831460674157304
0.008560820713238887
0.008833414753297509
0.00856619443087445
0.00893942354665364
0.008578895945285785
0.008970688812896923
0.008589643380556913
0.00875867122618466
0.008590131900341963
0.00883781143136297
0.008627259404005862
0.008847093307278944
0.00856228627259404
0.008938446507083538
0.008591108939912067
0.00887591597459697
0.008586223742061553
0.008802149487054226
0.008605764533463605
0.008803126526624329
0.008617000488519785
0.008867611138251099
0.00859648265754763
0.008808500244259892
0.008480703468490473
0.008891060087933562
0.008537371763556423
0.008788470933072789
0.008631167562286272
0.008851978505129457
0.00854372252076209
0.008760136785539814
0.00855056179775281
0.008982413287738153
0.008612115290669273
0.008861748900830484
0.008582804103566195
0.008846116267708842
0.008598436736687835
0.008765021983390327
0.008595017098192477
0.008869565217391304
0.008671714704445528
0.008871030776746459
0.008580361504640938
0.008950170981924768
0.008648265754763068
0.008733756717147044
0.008609672691744017
0.008893502686858819
0.00862628236443576
0.008854909623839766
0.008596971177332682
0.008933561309233024
0.008560332193453835
0.008828529555446997
0.008603321934538348
0.008834880312652662
0.008605764533463605
0.00877772349780166
0.008617000488519785
0.008897410845139229
0.008590131900341963
0.008875427454811919
0.008535417684416218
0.008919882755251587
0.008560332193453835
0.008781631656082072
0.008616511968734735
0.008862725940400587
0.008642403517342453
0.008782608695652174
0.008568637029799707
0.008979970688812896
0.008524670249145092
0.008881289692232536
0.00862237420615535
0.008817293600390816
0.008582315583781143
0.008795798729848559
0.008594040058622375
0.00891011235955056
0.00856228627259404
0.008910600879335612
0.008560332193453835
0.00890962383976551
0.008725451880801172
0.008774303859306302
0.008614069369809478
0.008831460674157304
0.008623351245725452
0.008818270639960919
0.00861504640937958
0.008904738641914997
0.008569614069369808
0.008801660967269176
0.008547142159257452
0.008855398143624816
0.008574987787005373
0.008864680019540792
0.008636541279921837
0.008858817782120176
0.00860429897410845
0.008931118710307768
0.008567659990229603
0.008882755251587689
0.008578407425500733
0.008834391792867612
0.008641914997557402
0.00887200781631656
0.008652173913043478
0.0087552515876893
0.008568637029799707
0.008908158280410356
0.008540302882266732
0.008836834391792867
0.008654616511968735
0.008844650708353689
0.0086409379579873
0.008797752808988766
0.008639472398632143
0.008846116267708842
0.008565705911089398
0.008948216902784563
0.008596971177332682
0.008858329262335124
0.00861846604787494
0.008829506595017099
0.008569125549584758
0.00891744015632633
0.00863019052271617
0.008789447972642892
0.008624328285295555
0.009002931118710308
0.008610649731314118
0.008855398143624816
0.008595017098192477
0.00882706399609184
0.008617000488519785
0.008828041035661944
0.008633121641426477
0.008886174890083047
0.008606253053248657
0.008904250122129946
0.008565217391304348
0.008899364924279434
0.00857743038593063
0.008838299951148022
0.008637518319491938
0.008815828041035662
0.008643380556912555
0.00873277967757694
0.008563751831949193
0.009010747435271128
0.00858085002442599
0.008869076697606254
0.00861895456765999
0.008801172447484124
0.008636541279921837
0.008796287249633609
0.008597459697117733
0.008826575476306789
0.00858085002442599
0.008924279433317051
0.008574499267220322
0.008952613580850024
0.00859257449926722
0.008740595994137764
0.008590620420127015
0.00885295554469956
0.00857791890571568
0.008790913531998045
0.008598436736687835
0.008978016609672691
0.00860039081582804
0.00890962383976551
0.008529555446995603
0.008809477283829996
0.008614069369809478
0.008862725940400587
0.008625305324865657
0.008877381533952126
0.008663898387884708
0.008873473375671714
0.008575476306790425
0.008860771861260382
0.008645823155837812
0.008843673668783586
0.00862677088422081
0.008841231069858329
0.008624328285295555
0.008749877870053737
0.008561797752808988
0.009009281875915974
0.008584269662921348
0.00887982413287738
0.008633121641426477
0.008786516853932584
0.008670249145090375
0.008800683927699072
0.008615534929164632
0.00888373229115779
0.00862628236443576
0.008942843185148997
0.008627259404005862
0.008870542256961407
0.008637029799706887
0.008756717147044455
0.008595017098192477
0.008854421104054714
0.008661455788959452
0.00885735222276502
0.008659501709819247
0.008981924767953101
0.008631656082071323
0.008848070346849047
0.008609184171958963
0.00885686370297997
0.00861113825109917
0.008853932584269662
0.008619443087445042
0.008906692721055202
0.008601367855398143
0.00885295554469956
0.008511480214948705
0.008948705422569614
0.008582315583781143
0.008815828041035662
0.008605276013678553
0.008901319003419639
0.008692721055202735
0.00880752320468979
0.00857401074743527
0.008998045920859794
0.008558866634098682
0.008916463116756227
0.008659013190034197
0.008837322911577919
0.008688324377137274
0.008817293600390816
0.008619443087445042
0.00885735222276502
0.008599413776257938
0.00894675134342941
0.008589154860771862
0.008930141670737666
0.008624816805080605
0.008814851001465559
0.008646311675622863
0.008850512945774304
0.008647288715192965
0.008782608695652174
0.008620420127015145
0.008999022960429898
0.008603321934538348
0.008805569125549586
0.008672691744015634
0.008837322911577919
0.008669760625305323
0.008834391792867612
0.008619443087445042
0.00888715192965315
0.00863019052271617
0.008905227161700049
0.008521739130434783
0.008926233512457256
0.008598925256472887
0.008783097215437225
0.008650219833903273
0.008862725940400587
0.00864533463605276
0.008791402051783097
0.008539325842696628
0.008927210552027358
0.008557889594528578
0.008893502686858819
0.008691255495847582
0.008881289692232536
0.008623839765510503
0.008812896922325354
0.008623351245725452
0.008873961895456766
0.008602344894968245
0.008945774303859306
0.008617489008304837
0.008982901807523204
0.008611626770884222
0.008780166096726917
0.00860771861260381
0.00893160723009282
0.00866829506595017
0.00882999511480215
0.008650708353688325
0.008979970688812896
0.008620908646800195
0.008893014167073767
0.00859648265754763
0.008857840742550072
0.008624328285295555
0.00885344406448461
0.00862677088422081
0.008884220810942842
0.008654616511968735
0.00895798729848559
0.008552027357107963
0.008906692721055202
0.008623351245725452
0.008825109916951636
0.008612603810454323
0.008911089399120664
0.008706399609184172
0.008843673668783586
0.008617489008304837
0.00897752808988764
0.008538837322911578
0.008872496336101612
0.008582315583781143
0.008875427454811919
0.008604787493893502
0.008793844650708354
0.008603321934538348
0.008890571568148509
0.008594040058622375
0.008954567659990231
0.008614557889594528
0.008998534440644846
0.008608207132388862
0.008780654616511969
0.008629702002931118
0.008940400586223743
0.008631167562286272
0.008811919882755252
0.008666340986809965
0.008993160723009283
0.008627259404005862
0.008851001465559354
0.008624816805080605
0.008888617489008304
0.008664875427454812
0.008779677576941865
0.0086790425012213
0.008851489985344406
0.008624816805080605
0.008907669760625306
0.008582315583781143
0.00902589154860772
0.008681485100146557
0.008832926233512457
0.008619931607230093
0.00891011235955056
0.008680508060576454
0.00882315583781143
0.00862677088422081
0.00894723986321446
0.008595017098192477
0.008890083048363457
0.008667318026380069
0.008861260381045432
0.008682462139716659
0.008811919882755252
0.008641914997557402
0.008890083048363457
0.00862677088422081
0.008914509037616022
0.008581827063996093
0.008991695163654128
0.008707376648754275
0.008765021983390327
0.008587200781631657
0.008931118710307768
0.008678065461651197
0.008872496336101612
0.008621885686370298
0.00899560332193454
0.008642403517342453
0.008808500244259892
0.008637029799706887
0.008874450415241817
0.008613580850024427
0.008828529555446997
0.008695163654127992
0.008873473375671714
0.008647777234978017
0.00895407914020518
0.008590620420127015
0.008896922325354177
0.008646800195407915
0.00880752320468979
0.008657059110893992
0.00886419149975574
0.008695652173913044
0.008836345872007817
0.008614069369809478
0.00895163654127992
0.008576453346360527
0.008949193942354664
0.008627259404005862
0.008854421104054714
0.008636541279921837
0.008848558866634099
0.008632633121641427
0.008866145578895946
0.008605276013678553
0.008922813873961896
0.008625305324865657
0.008976551050317538
0.0086409379579873
0.008789447972642892
0.008602833414753297
0.008904738641914997
0.008675622862725942
0.008842208109428432
0.008687835857352224
0.009083048363458721
0.008606741573033707
0.00882315583781143
0.00859599413776258
0.008868588177821202
0.008657547630679042
0.008817782120175867
0.008691255495847582
0.008912066438690767
0.008649731314118222
0.008905227161700049
0.008555446995603322
0.008989741084513923
0.008680019540791402
0.00880019540791402
0.008651196873473375
0.008876893014167074
0.00866047874938935
0.00877772349780166
0.008558866634098682
0.008987298485588668
0.008576453346360527
0.008891548607718614
0.008615534929164632
0.008825598436736687
0.008676599902296044
0.008867611138251099
0.008624328285295555
0.008876404494382022
0.008653150952613582
0.008904738641914997
0.008631656082071323
0.00893551538837323
0.00862677088422081
0.008790425012212994
0.00863019052271617
0.008865168539325844
0.008673668783585735
0.008814362481680507
0.008591108939912067
0.008961406936980948
0.00862628236443576
0.008899853444064486
0.00857401074743527
0.008868588177821202
0.008649731314118222
0.008838788470933072
0.008666829506595017
0.008895945285784074
0.008633610161211528
0.008908646800195407
0.008574987787005373
0.008922325354176846
0.008593063019052272
0.008813385442110406
0.00865657059110894
0.008944308744504153
0.008699560332193454
0.008779189057156815
0.00857010258915486
0.008936980947728383
0.008579872984855887
0.008921836834391792
0.008738153395212507
0.008916951636541279
0.008659013190034197
0.008840254030288227
0.008636541279921837
0.008866145578895946
0.0086228627259404
0.008930141670737666
0.008623351245725452
0.008930630190522716
0.008680508060576454
0.008767953102100635
0.008604787493893502
0.008914509037616022
0.008663898387884708
0.008858817782120176
0.008621885686370298
0.009000977039570103
0.008669760625305323
0.008920859794821689
0.008616511968734735
0.0088495359062042
0.00861504640937958
0.008855886663409867
0.008671714704445528
0.00889838788470933
0.00868295065950171
0.008920371275036637
0.008604787493893502
0.008979970688812896
0.008634587200781632
0.00880361504640938
0.00864533463605276
0.008859306301905226
0.008711284807034685
0.008805569125549586
0.008582804103566195
0.008986321446018564
0.008552027357107963
0.008830483634587202
0.008646311675622863
0.00882999511480215
0.008627259404005862
0.008836834391792867
0.008667806546165118
0.008882755251587689
0.00856228627259404
0.008898876404494382
0.008588177821201758
0.00895114802149487
0.00864875427454812
0.00881533952125061
0.008621397166585247
0.008919394235466536
0.008629213483146067
0.008827552515876892
0.008662921348314607
0.009036638983878846
0.00864924279433317
0.008852467024914509
0.00860771861260381
0.008779189057156815
0.008665363947239864
0.008830972154372252
0.00866047874938935
0.008889594528578407
0.008634587200781632
0.00889447972642892
0.008578407425500733
0.008932095749877871
0.008612603810454323
0.008833414753297509
0.008684416218856864
0.008880801172447484
0.008678553981436249
0.008808011724474842
0.00859648265754763
0.008964826575476308
0.008549096238397657
0.008874938935026869
0.008645823155837812
0.008859306301905226
0.008624328285295555
0.008858329262335124
0.008640449438202247
0.008838299951148022
0.00859648265754763
0.008986809965803616
0.008614557889594528
0.008938446507083538
0.008683439179286762
0.008712261846604789
0.008611626770884222
0.008876893014167074
0.00864484611626771
0.008821690278456277
0.008625305324865657
0.009072789447972643
0.008655105031753787
0.008831460674157304
0.008616511968734735
0.008854909623839766
0.008647777234978017
0.008891548607718614
0.008657547630679042
0.008858329262335124
0.008600879335613092
0.008890571568148509
0.008586712261846605
0.008952125061064973
0.008679531021006352
0.008865657059110894
0.008670737664875427
0.008900830483634587
0.008660967269174402
0.00883781143136297
0.008582315583781143
0.00897752808988764
0.008617000488519785
0.008900830483634587
0.008652173913043478
0.008803126526624329
0.008677088422081095
0.008822178798241329
0.008676111382510992
0.008911089399120664
0.008672691744015634
0.008956521739130436
0.00863800683927699
0.008917928676111382
0.008690278456277479
0.00885344406448461
0.008651196873473375
0.008919394235466536
0.008698094772838299
0.00880752320468979
0.008665852467024913
0.009001465559355154
0.008670737664875427
0.00893160723009282
0.008629213483146067
0.008888128969223252
0.008641914997557402
0.008851489985344406
0.008693209574987787
0.008945285784074254
0.008647288715192965
0.008884709330727894
0.008602833414753297
0.00890620420127015
0.008574987787005373
0.008818270639960919
0.008678065461651197
0.00889447972642892
0.008659013190034197
0.008742550073277969
0.00859599413776258
0.00902198339032731
0.00860429897410845
0.008859306301905226
0.008670737664875427
0.008918417195896432
0.008650708353688325
0.008797752808988766
0.008639472398632143
0.008944797264289202
0.0086409379579873
0.00897361993160723
0.00860771861260381
0.008971665852467024
0.00863019052271617
0.008787493893502687
0.00864924279433317
0.008850512945774304
0.008657059110893992
0.008797264289203714
0.008653150952613582
0.009042012701514411
0.00868295065950171
0.00885295554469956
0.00857010258915486
0.008823644357596482
0.008655593551538837
0.008853932584269662
0.008666829506595017
0.0088876404494382
0.008684904738641915
0.008910600879335612
0.008560332193453835
0.008938446507083538
0.008624816805080605
0.008843185148998534
0.008681973619931607
0.008905227161700049
0.008649731314118222
0.008860771861260382
0.008613092330239375
0.008968734733756718
0.00864533463605276
0.008877870053737176
0.008633610161211528
0.00885735222276502
0.008705911089399122
0.008884220810942842
0.008616023448949683
0.008876404494382022
0.008595017098192477
0.008974108451392281
0.008596971177332682
0.00895114802149487
0.008625793844650708
0.008796287249633609
0.008585735222276503
0.008841231069858329
0.008638983878847092
0.008848070346849047
0.008582315583781143
0.008949682462139716
0.008619443087445042
0.008904250122129946
0.008663409868099657
0.00886809965803615
0.00863019052271617
0.008837322911577919
0.00865657059110894
0.00891353199804592
0.008635564240351733
0.008983390327308256
0.008578895945285785
0.008954567659990231
0.008629213483146067
0.008823644357596482
0.008679531021006352
0.008942354665363948
0.008664875427454812
0.008835857352222766
0.008605764533463605
0.008990718124084026
0.008585735222276503
0.008916951636541279
0.008657059110893992
0.008904738641914997
0.008638983878847092
0.008819736199316072
0.008616511968734735
0.00892769907181241
0.008689301416707377
0.008934049829018076
0.008614557889594528
0.008955544699560333
0.008677088422081095
0.008760136785539814
0.00863409868099658
0.008918905715681484
0.008707865168539327
0.00882999511480215
0.008648265754763068
0.00895065950170982
0.00864875427454812
0.00888373229115779
0.008591108939912067
0.008843185148998534
0.008612115290669273
0.00883781143136297
0.00864924279433317
0.008902784562774792
0.008654616511968735
0.008888128969223252
0.008579384465070837
0.008984855886663411
0.00864875427454812
0.008830972154372252
0.008676111382510992
0.008870542256961407
0.008659501709819247
0.008829018075232047
0.008612603810454323
0.008964338055691256
0.008581338544211042
0.008921836834391792
0.008691744015632634
0.008851001465559354
0.008651685393258427
0.008828529555446997
0.008647288715192965
0.008835368832437714
0.008609184171958963
0.009009281875915974
0.008556912554958477
0.00894675134342941
0.008699560332193454
0.008822667318026379
0.008621397166585247
0.008891548607718614
0.008690278456277479
0.008871519296531509
0.008660967269174402
0.009013678553981436
0.008684416218856864
0.008919882755251587
0.008645823155837812
0.008904250122129946
0.00861504640937958
0.008844162188568637
0.008697117733268197
0.008868588177821202
0.008705911089399122
0.008942354665363948
0.008565217391304348
0.008970688812896923
0.008650708353688325
0.00882999511480215
0.008633610161211528
0.00891011235955056
0.008709819247679532
0.008782608695652174
0.008617000488519785
0.00894772838299951
0.0086038104543234
0.00889447972642892
0.008683927699071812
0.008959452857840743
0.008616511968734735
0.00888324377137274
0.008678553981436249
0.008960918417195898
0.008623839765510503
0.008942843185148997
0.008594040058622375
0.00899218368343918
0.008655105031753787
0.008734733756717149
0.008655593551538837
0.008928187591597461
0.008692232535417684
0.008916951636541279
0.008633121641426477
0.00899609184171959
0.008607230092818758
0.008873961895456766
0.008585246702491452
0.008888128969223252
0.008664875427454812
0.008895945285784074
0.008683439179286762
0.00888373229115779
0.008654127992183683
0.008944797264289202
0.008608207132388862
0.008952613580850024
0.008597459697117733
0.008808988764044944
0.008706399609184172
0.00893258426966292
0.008687835857352224
0.008802149487054226
0.00860429897410845
0.008999022960429898
0.008651685393258427
0.008926722032242306
0.008581338544211042
0.008908646800195407
0.008700537371763555
0.008844162188568637
0.008714704445530044
0.008890083048363457
0.008678065461651197
0.008991695163654128
0.008623351245725452
0.008970200293111871
0.008672691744015634
0.008853932584269662
0.008650708353688325
0.008940400586223743
0.008637029799706887
0.008873961895456766
0.008619443087445042
0.009051294577430386
0.008642403517342453
0.008938446507083538
0.008636052760136785
0.008850024425989252
0.008625305324865657
0.008854421104054714
0.00873277967757694
0.008874938935026869
0.008684904738641915
0.008870053737176356
0.008596971177332682
0.008986809965803616
0.008650219833903273
0.008824132877381534
0.008672691744015634
0.008908646800195407
0.008748412310698584
0.008805080605764534
0.008571079628724963
0.00902979970688813
0.008602344894968245
0.008914020517830972
0.008739130434782609
0.008892037127503664
0.008676111382510992
0.008884220810942842
0.008642403517342453
0.00891011235955056
0.008593551538837323
0.00895798729848559
0.008651685393258427
0.008952125061064973
0.008699071812408402
0.008790913531998045
0.008630679042501222
0.008914020517830972
0.008624328285295555
0.008865168539325844
0.008613092330239375
0.009045920859794821
0.008616023448949683
0.008817293600390816
0.008627747923790913
0.008873961895456766
0.008648265754763068
0.00886028334147533
0.008710307767464582
0.008881778212017586
0.008662432828529555
0.008953590620420128
0.008609184171958963
0.008966292134831461
0.008748900830483635
0.008872984855886664
0.008689301416707377
0.008957498778700538
0.008734245236932095
0.008843673668783586
0.008617977528089888
0.00897752808988764
0.008621885686370298
0.008859794821690279
0.008637029799706887
0.008845139228138739
0.008669760625305323
0.008821201758671226
0.008650708353688325
0.008878358573522227
0.00864924279433317
0.008899853444064486
0.008581338544211042
0.008982413287738153
0.008657547630679042
0.008848070346849047
0.008635564240351733
0.008917928676111382
0.008719589643380557
0.008873473375671714
0.008658524670249145
0.00899609184171959
0.008586223742061553
0.008848558866634099
0.00863800683927699
0.008870542256961407
0.0086038104543234
0.008861260381045432
0.008723497801660967
0.008927210552027358
0.008695163654127992
0.008921836834391792
0.008553981436248168
0.008965315095261358
0.008653150952613582
0.008876893014167074
0.008632144601856375
0.008940889106008792
0.008651196873473375
0.008820713238886174
0.008598925256472887
0.009069369809477283
0.00860771861260381
0.008912554958475817
0.008691255495847582
0.008839765510503176
0.008680019540791402
0.008865657059110894
0.008693209574987787
0.008898876404494382
0.008643869076697607
0.008904250122129946
0.008623839765510503
0.008971665852467024
0.008684904738641915
0.008809477283829996
0.008635564240351733
0.008889594528578407
0.008639960918417195
0.00881924767953102
0.008687347337567172
0.009014655593551538
0.008605276013678553
0.008878358573522227
0.008602833414753297
0.008893991206643869
0.008623351245725452
0.008838299951148022
0.008685881778212017
0.008898876404494382
0.008677576941866147
0.008962872496336103
0.008571568148510015
0.008948705422569614
0.00864484611626771
0.008878358573522227
0.008663898387884708
0.008934538348803128
0.008701514411333659
0.008830972154372252
0.008619931607230093
0.009024425989252564
0.008562774792379092
0.008920859794821689
0.008610649731314118
0.008834391792867612
0.008674645823155839
0.008886663409868099
0.00861113825109917
0.008914020517830972
0.008581827063996093
0.008912554958475817
0.008657059110893992
0.008964338055691256
0.008671226184660479
0.008816316560820712
0.008612603810454323
0.008920371275036637
0.008653150952613582
0.008822178798241329
0.008637029799706887
0.009030776746458231
0.008607230092818758
0.008824621397166584
0.008638983878847092
0.008892525647288716
0.00866438690766976
0.00884562774792379
0.008643869076697607
0.008926233512457256
0.008706399609184172
0.008920859794821689
0.008561797752808988
0.008938935026868587
0.008623351245725452
0.00877381533952125
0.008650219833903273
0.008931118710307768
0.008707376648754275
0.00880361504640938
0.008645823155837812
0.00904836345872008
0.008632144601856375
0.008933072789447973
0.008669760625305323
0.008904250122129946
0.008702979970688812
0.008902784562774792
0.008604787493893502
0.008927210552027358
0.008639960918417195
0.008915486077186126
0.008599413776257938
0.008957010258915486
0.00864924279433317
0.008802149487054226
0.008641914997557402
0.008906692721055202
0.008672203224230582
0.008844650708353689
0.008623351245725452
0.008998045920859794
0.008616511968734735
0.008884220810942842
0.008638983878847092
0.008843185148998534
0.00863800683927699
0.008896922325354177
0.008620908646800195
0.008901319003419639
0.008690278456277479
0.008934538348803128
0.008563751831949193
0.00894333170493405
0.00862628236443576
0.008813385442110406
0.008648265754763068
0.00893942354665364
0.008680996580361505
0.008834391792867612
0.008585246702491452
0.009004396678065461
0.008595017098192477
0.008960429897410846
0.008644357596482658
0.008834880312652662
0.008669272105520274
0.008878847093307279
0.008670737664875427
0.00890620420127015
0.008653150952613582
0.008934049829018076
0.00864875427454812
0.009007816316560821
0.008617489008304837
0.008775280898876405
0.008684416218856864
0.00895163654127992
0.008663898387884708
0.008836834391792867
0.008603321934538348
0.008978505129457743
0.008640449438202247
0.008869076697606254
0.008557889594528578
0.00887933561309233
0.008671226184660479
0.008824621397166584
0.008677576941866147
0.008908158280410356
0.008661455788959452
0.008930630190522716
0.008591108939912067
0.00890620420127015
0.00868685881778212
0.00884171958964338
0.008668783585735222
0.00890180752320469
0.008655105031753787
0.00886419149975574
0.008627747923790913
0.009017586712261848
0.008620908646800195
0.00892867611138251
0.008670249145090375
0.008870053737176356
0.008642892037127505
0.008828041035661944
0.008610161211529068
0.008867122618466049
0.00864875427454812
0.00894772838299951
0.008635075720566682
0.008976062530532486
0.008648265754763068
0.008786516853932584
0.0086790425012213
0.008892525647288716
0.008738641914997559
0.008814362481680507
0.008625305324865657
0.00899560332193454
0.008607230092818758
0.008861260381045432
0.008621397166585247
0.008876893014167074
0.008621397166585247
0.008844650708353689
0.008720078163165609
0.008954567659990231
0.008623351245725452
0.008954567659990231
0.008575476306790425
0.008934538348803128
0.00864875427454812
0.008776257938446507
0.008681485100146557
0.008900341963849536
0.008666829506595017
0.008813385442110406
0.008598436736687835
0.008972154372252076
0.008616511968734735
0.008916951636541279
0.008696629213483145
0.008897410845139229
0.008699560332193454
0.008839765510503176
0.008644357596482658
0.008896433805569126
0.008645823155837812
0.008920859794821689
0.008660967269174402
0.008965315095261358
0.008686370297997069
0.008765510503175377
0.008663409868099657
0.008906692721055202
0.008695163654127992
0.008891548607718614
0.008665363947239864
0.009034684904738641
0.008683439179286762
0.008896922325354177
0.008621885686370298
0.008803126526624329
0.008628724963361017
0.008832437713727407
0.00871323888617489
0.0089057156814851
0.008663409868099657
0.008949682462139716
0.008589154860771862
0.008944797264289202
0.008599413776257938
0.008832926233512457
0.008653639472398632
0.00895114802149487
0.008674645823155839
0.008814362481680507
0.008610161211529068
0.009051783097215438
0.00861846604787494
0.00895065950170982
0.008688812896922325
0.008901319003419639
0.008584269662921348
0.008835368832437714
0.008685393258426967
0.008923302393746948
0.008659013190034197
0.008996580361504641
0.008647288715192965
0.009031265266243283
0.008680996580361505
0.008799218368343919
0.008606253053248657
0.008880312652662432
0.008654127992183683
0.008849047386419149
0.008657547630679042
0.009060576453346361
0.008609184171958963
0.00890962383976551
0.00861113825109917
0.008854909623839766
0.008653639472398632
0.008908158280410356
0.008665363947239864
0.008890083048363457
0.008646311675622863
0.008907181240840254
0.008571568148510015
0.008934538348803128
0.008650219833903273
0.008778212017586712
0.008678553981436249
0.008950170981924768
0.008708842208109429
0.008827552515876892
0.008619931607230093
0.009013678553981436
0.008638495359062042
0.00897361993160723
0.00866438690766976
0.008866634098680997
0.008717635564240352
0.0088495359062042
0.008645823155837812
0.00890620420127015
0.008640449438202247
0.008958475818270641
0.008648265754763068
0.008910600879335612
0.008720078163165609
0.008812896922325354
0.008648265754763068
0.008923790913532
0.008693698094772839
0.008877381533952126
0.008714704445530044
0.00900732779677577
0.008617977528089888
0.00890962383976551
0.00864875427454812
0.008874450415241817
0.008648265754763068
0.008830483634587202
0.008711773326819737
0.008930141670737666
0.008675622862725942
0.008959941377625794
0.008596971177332682
0.00901856375183195
0.0086228627259404
0.008812896922325354
0.008680019540791402
0.008935026868588178
0.008638983878847092
0.00880752320468979
0.008642892037127505
0.009012701514411333
0.008616511968734735
0.00893551538837323
0.008696629213483145
0.008859306301905226
0.008686370297997069
0.008848558866634099
0.008654127992183683
0.008915486077186126
0.0086409379579873
0.008935026868588178
0.008663409868099657
0.00901514411333659
0.008666340986809965
0.008802149487054226
0.008629702002931118
0.008908646800195407
0.008696140693698094
0.008878358573522227
0.008613092330239375
0.00895407914020518
0.00862677088422081
0.00893551538837323
0.00860771861260381
0.008908158280410356
0.008673668783585735
0.008897899364924279
0.008711284807034685
0.008965315095261358
0.00867513434294089
0.008929653150952614
0.008594040058622375
0.00899218368343918
0.008635075720566682
0.008795798729848559
0.008713727405959942
0.008892525647288716
0.00861895456765999
0.00888324377137274
0.008576453346360527
0.009024914509037616
0.008628724963361017
0.008911577918905716
0.008680996580361505
0.008913043478260869
0.008661944308744503
0.008820713238886174
0.008610649731314118
0.008914997557401074
0.008648265754763068
0.008909135319980459
0.00861504640937958
0.008968734733756718
0.008643869076697607
0.008763067904250122
0.008632633121641427
0.008945774303859306
0.008680508060576454
0.00883781143136297
0.008615534929164632
0.009019540791402053
0.00868685881778212
0.008963361016121153
0.00863019052271617
0.008885686370297996
0.008670249145090375
0.008871030776746459
0.008705911089399122
0.008899853444064486
0.008638983878847092
0.008941377625793844
0.008635075720566682
0.008960918417195898
0.008602833414753297
0.008830972154372252
0.008685881778212017
0.00893258426966292
0.008649731314118222
0.008843185148998534
0.008606253053248657
0.009002442598925256
0.00860429897410845
0.00890962383976551
0.008638983878847092
0.008876893014167074
0.008704445530043967
0.008860771861260382
0.008617977528089888
0.008920371275036637
0.008668783585735222
0.00894723986321446
0.008609184171958963
0.00897752808988764
0.008633121641426477
0.008792379091353199
0.00863409868099658
0.008872496336101612
0.008679531021006352
0.008869076697606254
0.008614069369809478
0.009039570102589154
0.008630679042501222
0.0089057156814851
0.008630679042501222
0.008908646800195407
0.00862628236443576
0.008891060087933562
0.008719101123595505
0.008902784562774792
0.008659990229604298
0.008906692721055202
0.008582315583781143
0.008974108451392281
0.008581338544211042
0.008858329262335124
0.008699560332193454
0.008910600879335612
0.008684416218856864
0.00885344406448461
0.008656082071323888
0.008988764044943821
0.008623351245725452
0.008957010258915486
0.00867513434294089
0.008889594528578407
0.008694186614557889
0.008875427454811919
0.008714704445530044
0.008911089399120664
0.00866047874938935
0.008920371275036637
0.008633610161211528
0.008960429897410846
0.008627259404005862
0.00880410356619443
0.008596971177332682
0.008918905715681484
0.008722032242305814
0.008858817782120176
0.008669760625305323
0.009066438690766976
0.008644357596482658
0.00890180752320469
0.008587689301416708
0.008855398143624816
0.008668783585735222
0.008880801172447484
0.00869467513434294
0.008953102100635074
0.00868685881778212
0.008936980947728383
0.008592085979482168
0.008979482169027844
0.008624816805080605
0.008816805080605764
0.008648265754763068
0.008940400586223743
0.008650219833903273
0.00887591597459697
0.008617489008304837
0.008980459208597948
0.008631656082071323
0.008877870053737176
0.0086790425012213
0.008936980947728383
0.008703957010258917
0.008862725940400587
0.008664875427454812
0.008878358573522227
0.00861113825109917
0.00893942354665364
0.008625793844650708
0.009013190034196384
0.00871323888617489
0.008778212017586712
0.008598925256472887
0.00890620420127015
0.008708842208109429
0.008856375183194919
0.008601367855398143
0.009020517830972154
0.008649731314118222
0.008885197850512946
0.008610161211529068
0.00887200781631656
0.008636541279921837
0.008830483634587202
0.008612115290669273
0.00890962383976551
0.008646800195407915
0.008938446507083538
0.008639960918417195
0.008965315095261358
0.008638983878847092
0.008854909623839766
0.008725451880801172
0.008890083048363457
0.008699560332193454
0.008876893014167074
0.00861113825109917
0.00903370786516854
0.008651196873473375
0.008892525647288716
0.008659990229604298
0.00887982413287738
0.008663409868099657
0.008839276990718124
0.008597948216902785
0.008876404494382022
0.008623839765510503
0.008964826575476308
0.00866047874938935
0.009009281875915974
0.008673180263800685
0.008809965803615047
0.008659990229604298
0.008921836834391792
0.008680508060576454
0.008861748900830484
0.008631167562286272
0.00899560332193454
0.008603321934538348
0.008885197850512946
0.00861895456765999
0.008889594528578407
0.008658524670249145
0.008892525647288716
0.008701514411333659
0.00893942354665364
0.008651196873473375
0.008903761602344896
0.008598436736687835
0.008936492427943333
0.008685393258426967
0.008863214460185637
0.008735222276502199
0.00892134831460674
0.008675622862725942
0.008814362481680507
0.008635075720566682
0.00896580361504641
0.008605764533463605
0.008873473375671714
0.00866438690766976
0.008917928676111382
0.008605276013678553
0.0088114313629702
0.0086790425012213
0.008866145578895946
0.0086228627259404
0.008993649242794334
0.00857401074743527
0.009005862237420616
0.008646311675622863
0.008796287249633609
0.008637518319491938
0.008944797264289202
0.008631167562286272
0.00879970688812897
0.008653639472398632
0.008996580361504641
0.00864924279433317
0.00889838788470933
0.008629213483146067
0.008898876404494382
0.008656082071323888
0.008885686370297996
0.00869076697606253
0.008900341963849536
0.008702979970688812
0.008912554958475817
0.008660967269174402
0.00898143624816805
0.008655593551538837
0.008859306301905226
0.008685881778212017
0.008979482169027844
0.00872838299951148
0.008831460674157304
0.008631167562286272
0.009052760136785541
0.008586223742061553
0.008980947728383
0.008667318026380069
0.008885686370297996
0.008701025891548607
0.008875427454811919
0.008635564240351733
0.008920371275036637
0.008691255495847582
0.008956033219345384
0.008612603810454323
0.008934049829018076
0.008704445530043967
0.008828041035661944
0.008692232535417684
0.008911089399120664
0.008653150952613582
0.008888617489008304
0.008655105031753787
0.009021006350757206
0.00864924279433317
0.008893502686858819
0.00865657059110894
0.008914997557401074
0.00864924279433317
0.008918905715681484
0.008699071812408402
0.00895065950170982
0.008609672691744017
0.008934049829018076
0.008606741573033707
0.008933072789447973
0.008657059110893992
0.008825598436736687
0.008653150952613582
0.00892134831460674
0.008720566682950659
0.008822178798241329
0.0086038104543234
0.009011724474841231
0.008627259404005862
0.008908646800195407
0.008627747923790913
0.0088495359062042
0.008697606253053249
0.00884171958964338
0.008621397166585247
0.008957010258915486
0.008659013190034197
0.008941866145578896
0.008613092330239375
0.00894723986321446
0.00868685881778212
0.008832926233512457
0.008623839765510503
0.008882755251587689
0.00866047874938935
0.008916951636541279
0.008670737664875427
0.00896971177332682
0.008624816805080605
0.008892037127503664
0.008621397166585247
0.008905227161700049
0.00862677088422081
0.008918417195896432
0.008637518319491938
0.008931118710307768
0.008661944308744503
0.008933072789447973
0.008563751831949193
0.008972642892037128
0.008677088422081095
0.00885735222276502
0.008693209574987787
0.008923302393746948
0.008708842208109429
0.00885344406448461
0.008581827063996093
0.009035173424523693
0.008611626770884222
0.008878847093307279
0.008675622862725942
0.008909135319980459
0.008676599902296044
0.008859306301905226
0.008652173913043478
0.008944797264289202
0.008650708353688325
0.009016609672691744
0.00860039081582804
0.009030776746458231
0.008663409868099657
0.008828529555446997
0.008662432828529555
0.008898876404494382
0.00869858329262335
0.008938446507083538
0.008675622862725942
0.009030288226673181
0.008650219833903273
0.008844162188568637
0.008658524670249145
0.008822178798241329
0.008674157303370787
0.008861748900830484
0.00867513434294089
0.008933561309233024
0.008678065461651197
0.008966780654616513
0.008595017098192477
0.008969223253541768
0.008624816805080605
0.00887982413287738
0.008691744015632634
0.008926233512457256
0.00866829506595017
0.008855886663409867
0.008614069369809478
0.009057156814851001
0.008614557889594528
0.00893551538837323
0.00864875427454812
0.008911577918905716
0.008687835857352224
0.00886809965803615
0.008625793844650708
0.008944797264289202
0.008659990229604298
0.00894675134342941
0.00857791890571568
0.008990229604298974
0.008700537371763555
0.008813385442110406
0.008638495359062042
0.008944308744504153
0.008653639472398632
0.008840254030288227
0.008654616511968735
0.00901856375183195
0.008689301416707377
0.008907181240840254
0.00856228627259404
0.008884220810942842
0.008655105031753787
0.008863214460185637
0.008701025891548607
0.008941866145578896
0.008696140693698094
0.00891744015632633
0.00862677088422081
0.009010747435271128
0.008625305324865657
0.008812896922325354
0.008670737664875427
0.008944308744504153
0.008704445530043967
0.008851978505129457
0.008617000488519785
0.008959452857840743
0.008574987787005373
0.008881289692232536
0.008653150952613582
0.008893502686858819
0.008694186614557889
0.008899364924279434
0.008670737664875427
0.008889106008793356
0.00867513434294089
0.009038593063019051
0.008619931607230093
0.008970200293111871
0.008681973619931607
0.008826086956521739
0.00867513434294089
0.008889594528578407
0.008655105031753787
0.008831949193942356
0.008696629213483145
0.009050806057645334
0.008689301416707377
0.008890083048363457
0.008609184171958963
0.00886028334147533
0.008619931607230093
0.008844650708353689
0.008678553981436249
0.008892525647288716
0.008673668783585735
0.008918905715681484
0.008609672691744017
0.009047874938935028
0.008633610161211528
0.008832926233512457
0.00861895456765999
0.008904738641914997
0.008711773326819737
0.008846604787493894
0.008660967269174402
0.009017098192476796
0.008634587200781632
0.008910600879335612
0.008669760625305323
0.008918417195896432
0.008677088422081095
0.008847581827063996
0.008619443087445042
0.008940889106008792
0.008624816805080605
0.008994626282364436
0.008645823155837812
0.008960918417195898
0.008702979970688812
0.008826086956521739
0.008713727405959942
0.00891744015632633
0.008694186614557889
0.008922325354176846
0.008627747923790913
0.009016121152906693
0.008659501709819247
0.008890571568148509
0.008666340986809965
0.00893942354665364
0.008662921348314607
0.008895945285784074
0.00871323888617489
0.008891060087933562
0.008681973619931607
0.008924279433317051
0.008593063019052272
0.008979482169027844
0.008619443087445042
0.008819736199316072
0.008694186614557889
0.008899364924279434
0.008700537371763555
0.008861748900830484
0.008678065461651197
0.009027357107962873
0.00861113825109917
0.008931118710307768
0.008627747923790913
0.008917928676111382
0.00864875427454812
0.008850512945774304
0.008692721055202735
0.008900341963849536
0.008645823155837812
0.00894675134342941
0.008631656082071323
0.008992672203224231
0.008696629213483145
0.008822178798241329
0.008671714704445528
0.008929164631167563
0.008678065461651197
0.00886809965803615
0.008725940400586224
0.009039570102589154
0.008663898387884708
0.008869076697606254
0.00864484611626771
0.008901319003419639
0.00869467513434294
0.008870053737176356
0.00874352711284807
0.008949193942354664
0.008663409868099657
0.008961406936980948
0.00860771861260381
0.008952613580850024
0.00869076697606253
0.008854909623839766
0.008681973619931607
0.00889838788470933
0.008713727405959942
0.008834880312652662
0.00859599413776258
0.00899560332193454
0.00863019052271617
0.008866145578895946
0.008684904738641915
0.008870542256961407
0.008706888128969224
0.008844162188568637
0.008676599902296044
0.0089247679531021
0.008616023448949683
0.008952613580850024
0.008628236443575965
0.009021006350757206
0.008659501709819247
0.008816316560820712
0.008651685393258427
0.008918905715681484
0.008688324377137274
0.008863214460185637
0.008692721055202735
0.009044455300439668
0.008671714704445528
0.008913043478260869
0.00864875427454812
0.008891548607718614
0.008672691744015634
0.008836834391792867
0.008691255495847582
0.00895114802149487
0.008692721055202735
0.008922813873961896
0.008581338544211042
0.009017586712261848
0.00866047874938935
0.008832437713727407
0.008697606253053249
0.008934538348803128
0.00869858329262335
0.008843673668783586
0.008590131900341963
0.008958964338055693
0.008629702002931118
0.008919394235466536
0.008656082071323888
0.008905227161700049
0.008669760625305323
0.008820224719101124
0.008701514411333659
0.008857840742550072
0.008691744015632634
0.00890962383976551
0.008683439179286762
0.008978993649242794
0.008706888128969224
0.008817293600390816
0.008676111382510992
0.008925744992672204
0.008637518319491938
0.008805569125549586
0.00868685881778212
0.009072789447972643
0.008680019540791402
0.00895407914020518
0.008676111382510992
0.008922813873961896
0.00866047874938935
0.008875427454811919
0.008727405959941377
0.0089438202247191
0.008684416218856864
0.00899218368343918
0.00861113825109917
0.008972642892037128
0.008641914997557402
0.008838788470933072
0.008666340986809965
0.00892134831460674
0.008722032242305814
0.008838788470933072
0.008647288715192965
0.00899609184171959
0.008644357596482658
0.008921836834391792
0.008687347337567172
0.008907181240840254
0.008688812896922325
0.008855398143624816
0.008680019540791402
0.008867122618466049
0.008670737664875427
0.008998045920859794
0.008651685393258427
0.008979482169027844
0.008666829506595017
0.008793844650708354
0.008658524670249145
0.008904738641914997
0.008677088422081095
0.008839765510503176
0.008676111382510992
0.009008304836345871
0.008700537371763555
0.008918905715681484
0.008617489008304837
0.0089057156814851
0.008695163654127992
0.00887591597459697
0.008673180263800685
0.00890229604298974
0.008633610161211528
0.008930141670737666
0.0086409379579873
0.008985344406448463
0.008678065461651197
0.008812896922325354
0.008699071812408402
0.008933561309233024
0.008680996580361505
0.008824132877381534
0.00864924279433317
0.009008793356130923
0.008636052760136785
0.00893942354665364
0.008660967269174402
0.008855886663409867
0.008670737664875427
0.008846604787493894
0.008630679042501222
0.008890083048363457
0.008650219833903273
0.009013190034196384
0.008665363947239864
0.009014655593551538
0.008673668783585735
0.008800683927699072
0.008653639472398632
0.008933072789447973
0.008701025891548607
0.008867122618466049
0.008670737664875427
0.008983878847093306
0.008631167562286272
0.008895945285784074
0.008708842208109429
0.008911089399120664
0.00869076697606253
0.008855398143624816
0.008685881778212017
0.00892134831460674
0.008670249145090375
0.00899218368343918
0.008619931607230093
0.00898827552515877
0.008667806546165118
0.008826086956521739
0.00869076697606253
0.008892037127503664
0.008648265754763068
0.008822178798241329
0.008615534929164632
0.00898143624816805
0.00855446995603322
0.008877381533952126
0.008692721055202735
0.008838299951148022
0.008699071812408402
0.008885197850512946
0.008647288715192965
0.008891548607718614
0.00868295065950171
0.008980947728383
0.008606253053248657
0.008998045920859794
0.0087171470444553
0.008855398143624816
0.008700537371763555
0.008931118710307768
0.008625793844650708
0.008825598436736687
0.008697117733268197
0.009028822667318026
0.008690278456277479
0.00895114802149487
0.008671226184660479
0.008901319003419639
0.008702979970688812
0.008863702979970689
0.008703468490473865
0.008898876404494382
0.008631656082071323
0.00892867611138251
0.008596971177332682
0.008949193942354664
0.008680019540791402
0.008855398143624816
0.00872496336101612
0.008891060087933562
0.008734245236932095
0.008850024425989252
0.008610649731314118
0.009017098192476796
0.008636541279921837
0.0088876404494382
0.008628236443575965
0.008874450415241817
0.008651196873473375
0.00885344406448461
0.008650219833903273
0.008878358573522227
0.008653150952613582
0.008945285784074254
0.00864484611626771
0.008982413287738153
0.008648265754763068
0.008793844650708354
0.008655593551538837
0.008960918417195898
0.008675622862725942
0.008880312652662432
0.008676599902296044
0.009049829018075233
0.008688812896922325
0.008890083048363457
0.008644357596482658
0.008877381533952126
0.008663409868099657
0.00889838788470933
0.008674645823155839
0.008922813873961896
0.008638495359062042
0.00891353199804592
0.008563263312164143
0.00902638006839277
0.00868295065950171
0.008839276990718124
0.008670737664875427
0.00891744015632633
0.008684416218856864
0.008817293600390816
0.008647288715192965
0.008978016609672691
0.008572056668295065
0.008928187591597461
0.008699071812408402
0.008936980947728383
0.008685393258426967
0.008853932584269662
0.008659013190034197
0.008847581827063996
0.008638983878847092
0.008945285784074254
0.008657059110893992
0.008958964338055693
0.008658524670249145
0.00884562774792379
0.008668783585735222
0.0089057156814851
0.008642403517342453
0.008827552515876892
0.008656082071323888
0.009039570102589154
0.008650708353688325
0.00890229604298974
0.008659501709819247
0.00887200781631656
0.008639960918417195
0.008884220810942842
0.008703957010258917
0.008919394235466536
0.00868295065950171
0.008941866145578896
0.008644357596482658
0.008967757694186614
0.00864142647777235
0.008882266731802637
0.008680996580361505
0.008937469467513434
0.008714215925744994
0.008855886663409867
0.00860771861260381
0.009009770395701026
0.008588177821201758
0.008916463116756227
0.008671714704445528
0.008902784562774792
0.008685881778212017
0.008874450415241817
0.008638495359062042
0.00895163654127992
0.00864924279433317
0.00892769907181241
0.008637518319491938
0.00893991206643869
0.008710796287249634
0.008808988764044944
0.008607230092818758
0.008959452857840743
0.008672203224230582
0.008851978505129457
0.008667806546165118
0.009043966780654616
0.00862628236443576
0.00886809965803615
0.008627747923790913
0.008907181240840254
0.008704445530043967
0.008872984855886664
0.008683439179286762
0.008877381533952126
0.0086409379579873
0.008919394235466536
0.008595505617977528
0.00899218368343918
0.008649731314118222
0.008894968246213972
0.008689301416707377
0.008922813873961896
0.008733756717147044
0.00873277967757694
0.008609184171958963
0.008976551050317538
0.008601856375183195
0.008918905715681484
0.008670249145090375
0.008902784562774792
0.008642403517342453
0.008853932584269662
0.008639960918417195
0.008888128969223252
0.008625793844650708
0.008954567659990231
0.008635564240351733
0.009008793356130923
0.00864533463605276
0.008791890571568147
0.008629702002931118
0.008875427454811919
0.00870249145090376
0.008813873961895457
0.008646800195407915
0.00900390815828041
0.00862677088422081
0.008862237420615536
0.008609672691744017
0.008911089399120664
0.00867513434294089
0.008892037127503664
0.008655105031753787
0.008920859794821689
0.008635075720566682
0.008968734733756718
0.008597948216902785
0.008929653150952614
0.0086409379579873
0.008832437713727407
0.008674645823155839
0.008892037127503664
0.008688812896922325
0.008874450415241817
0.008646311675622863
0.009027845627747924
0.008591108939912067
0.008914997557401074
0.008714215925744994
0.00890962383976551
0.00871323888617489
0.008814362481680507
0.008665363947239864
0.00891744015632633
0.008620908646800195
0.008972642892037128
0.008647777234978017
0.008988764044943821
0.008646800195407915
0.008758182706399609
0.008623839765510503
0.008934049829018076
0.008638983878847092
0.008832926233512457
0.00859257449926722
0.009032242305813386
0.008610649731314118
0.0089438202247191
0.008613580850024427
0.008897899364924279
0.008682462139716659
0.00893551538837323
0.00873277967757694
0.008930630190522716
0.008658036150464093
0.008906692721055202
0.008616511968734735
0.008946262823644358
0.008640449438202247
0.00885295554469956
0.008671226184660479
0.008948705422569614
0.008701025891548607
0.008794333170493404
0.00865266243282853
0.009027357107962873
0.0087171470444553
0.00891353199804592
0.008710796287249634
0.008890083048363457
0.008644357596482658
0.008811919882755252
0.008645823155837812
0.008934538348803128
0.008646311675622863
0.008962872496336103
0.008634587200781632
0.00898143624816805
0.008672691744015634
0.00887200781631656
0.008665852467024913
0.008915486077186126
0.008655593551538837
0.008816316560820712
0.008697606253053249
0.009039570102589154
0.00864484611626771
0.008882755251587689
0.008623839765510503
0.00882706399609184
0.00860429897410845
0.00886419149975574
0.008701025891548607
0.008889106008793356
0.008701025891548607
0.008955544699560333
0.0086228627259404
0.009014655593551538
0.00870542256961407
0.008815828041035662
0.008716170004885199
0.008893991206643869
0.00872838299951148
0.008808500244259892
0.008608207132388862
0.009042501221299463
0.00860429897410845
0.008911577918905716
0.008681973619931607
0.008850024425989252
0.008680996580361505
0.008848070346849047
0.00864875427454812
0.00893551538837323
0.008635075720566682
0.008972154372252076
0.00870542256961407
0.008970688812896923
0.008648265754763068
0.008811919882755252
0.008633121641426477
0.008906692721055202
0.008685881778212017
0.008838299951148022
0.008652173913043478
0.00897752808988764
0.00860039081582804
0.008878358573522227
0.008587689301416708
0.00885295554469956
0.008667318026380069
0.00890962383976551
0.008676111382510992
0.008911577918905716
0.008758182706399609
0.008930141670737666
0.008590620420127015
0.008956521739130436
0.008646800195407915
0.008866145578895946
0.008641914997557402
0.008990718124084026
0.00868295065950171
0.008825598436736687
0.008602833414753297
0.008960429897410846
0.008662921348314607
0.008936003908158281
0.008701514411333659
0.00886809965803615
0.008696629213483145
0.008851489985344406
0.008652173913043478
0.00893551538837323
0.008700048851978505
0.009007816316560821
0.008633610161211528
0.00899218368343918
0.008675622862725942
0.008838299951148022
0.008667806546165118
0.008952613580850024
0.008665363947239864
0.00886028334147533
0.008629702002931118
0.009036638983878846
0.008659501709819247
0.0089438202247191
0.008641914997557402
0.008934049829018076
0.008605276013678553
0.00890180752320469
0.008644357596482658
0.008962383976551051
0.008637518319491938
0.008920859794821689
0.008594528578407425
0.009004885197850513
0.008727405959941377
0.008853932584269662
0.00859990229604299
0.008915486077186126
0.008701514411333659
0.00887933561309233
0.008629702002931118
0.008972154372252076
0.00864484611626771
0.008926722032242306
0.008689301416707377
0.008922325354176846
0.008657059110893992
0.008843673668783586
0.008671714704445528
0.00893258426966292
0.008663409868099657
0.00898827552515877
0.008664875427454812
0.009000488519785051
0.008695652173913044
0.008813385442110406
0.008614557889594528
0.008912554958475817
0.008703957010258917
0.008813385442110406
0.008664875427454812
0.009033219345383488
0.008678065461651197
0.008856375183194919
0.008629213483146067
0.008896433805569126
0.00869858329262335
0.00890180752320469
0.008725451880801172
0.008931118710307768
0.008701514411333659
0.008979482169027844
0.00857401074743527
0.008913043478260869
0.008662432828529555
0.008801660967269176
0.008696629213483145
0.008926722032242306
0.008704445530043967
0.008820224719101124
0.008631167562286272
0.00902638006839277
0.008621885686370298
0.008908158280410356
0.008662921348314607
0.008934538348803128
0.00868295065950171
0.008831460674157304
0.008649731314118222
0.008917928676111382
0.008595505617977528
0.008944797264289202
0.008648265754763068
0.008941866145578896
0.008642403517342453
0.008815828041035662
0.008640449438202247
0.008915974596971177
0.008683927699071812
0.008878847093307279
0.008608695652173912
0.009002931118710308
0.008662432828529555
0.008910600879335612
0.008659013190034197
0.008892037127503664
0.00861113825109917
0.008839765510503176
0.0086409379579873
0.008915974596971177
0.008628236443575965
0.008980947728383
0.008634587200781632
0.00891353199804592
0.008700048851978505
0.008858817782120176
0.008655593551538837
0.00890620420127015
0.008646311675622863
0.00884562774792379
0.008636052760136785
0.009007816316560821
0.008659013190034197
0.008962872496336103
0.008648265754763068
0.008901319003419639
0.008676111382510992
0.008843185148998534
0.008703957010258917
0.008902784562774792
0.008676111382510992
0.00895407914020518
0.008671226184660479
0.008946262823644358
0.00866438690766976
0.00879286761113825
0.008659990229604298
0.008914509037616022
0.008711284807034685
0.008885197850512946
0.008685881778212017
0.008984855886663411
0.00869076697606253
0.008896433805569126
0.008602344894968245
0.008870542256961407
0.00866047874938935
0.008864680019540792
0.008703468490473865
0.008922325354176846
0.008680996580361505
0.008969223253541768
0.008649731314118222
0.009002442598925256
0.008676599902296044
0.008830972154372252
0.008714215925744994
0.008919882755251587
0.008737176355642404
0.008813873961895457
0.008609672691744017
0.009014655593551538
0.008627747923790913
0.008918417195896432
0.008710307767464582
0.00893258426966292
0.008670737664875427
0.008882755251587689
0.008680996580361505
0.008877870053737176
0.008648265754763068
0.00897752808988764
0.008711284807034685
0.008969223253541768
0.008661455788959452
0.008843185148998534
0.00866047874938935
0.008937957987298486
0.008674645823155839
0.008862237420615536
0.008684416218856864
0.009050806057645334
0.008617000488519785
0.008910600879335612
0.008656082071323888
0.00887200781631656
0.0086228627259404
0.0088495359062042
0.008707376648754275
0.008873473375671714
0.008659013190034197
0.008912066438690767
0.008657547630679042
0.008960918417195898
0.008656082071323888
0.008855886663409867
0.008661455788959452
0.008894968246213972
0.008685881778212017
0.008882266731802637
0.008653639472398632
0.009008793356130923
0.008633121641426477
0.008968246213971666
0.008655105031753787
0.008814851001465559
0.00866047874938935
0.008867122618466049
0.00869467513434294
0.008915486077186126
0.008656082071323888
0.008958475818270641
0.008623839765510503
0.009016121152906693
0.008680508060576454
0.008841231069858329
0.008696629213483145
0.008899364924279434
0.008704445530043967
0.008850512945774304
0.00862237420615535
0.009014167073766486
0.00864142647777235
0.008897410845139229
0.008588177821201758
0.008917928676111382
0.008708842208109429
0.008861260381045432
0.008729848558866634
0.00889838788470933
0.008647777234978017
0.009002931118710308
0.00862628236443576
0.008936003908158281
0.008688812896922325
0.008867611138251099
0.00869076697606253
0.008882755251587689
0.008723497801660967
0.008889106008793356
0.0086038104543234
0.00903761602344895
0.008576941866145578
0.00894772838299951
0.008707376648754275
0.008889594528578407
0.008693698094772839
0.008858817782120176
0.00867513434294089
0.00892867611138251
0.008676111382510992
0.00898827552515877
0.00866047874938935
0.009043478260869564
0.008681973619931607
0.008817293600390816
0.008655105031753787
0.008921836834391792
0.008612603810454323
0.00888715192965315
0.008652173913043478
0.009023448949682463
0.008670737664875427
0.00887591597459697
0.008606253053248657
0.0088495359062042
0.008663898387884708
0.008841231069858329
0.008730337078651685
0.00897752808988764
0.008711284807034685
0.008920859794821689
0.008631656082071323
0.008941377625793844
0.008665363947239864
0.008891060087933562
0.008693209574987787
0.00893991206643869
0.008654127992183683
0.008874450415241817
0.008590131900341963
0.00893991206643869
0.008625793844650708
0.008921836834391792
0.008693698094772839
0.008866145578895946
0.008689301416707377
0.008856375183194919
0.008675622862725942
0.008926722032242306
0.008668783585735222
0.008982413287738153
0.008620420127015145
0.008978993649242794
0.008722032242305814
0.008813873961895457
0.008643380556912555
0.00889838788470933
0.008665363947239864
0.00889838788470933
0.00870249145090376
0.00900732779677577
0.008635075720566682
0.008884709330727894
0.008647288715192965
0.008858329262335124
0.008625793844650708
0.008912554958475817
0.00862237420615535
0.008917928676111382
0.008707865168539327
0.008950170981924768
0.00859599413776258
0.008989252564728873
0.00863800683927699
0.008852467024914509
0.008729848558866634
0.008923302393746948
0.008685393258426967
0.008876893014167074
0.008627259404005862
0.009012212994626281
0.008667806546165118
0.008968246213971666
0.00867513434294089
0.008858329262335124
0.008651196873473375
0.008858817782120176
0.008627747923790913
0.008931118710307768
0.008684904738641915
0.008945774303859306
0.008640449438202247
0.008963849535906204
0.008700537371763555
0.008816316560820712
0.008598925256472887
0.008940400586223743
0.008639472398632143
0.00885735222276502
0.008680019540791402
0.00905227161700049
0.008639472398632143
0.008926233512457256
0.008629702002931118
0.00887591597459697
0.008662432828529555
0.008906692721055202
0.008700048851978505
0.008904250122129946
0.00867513434294089
0.008959452857840743
0.008599413776257938
0.008975574010747434
0.008619443087445042
0.008873473375671714
0.008712261846604789
0.008896433805569126
0.008733756717147044
0.008843185148998534
0.008632144601856375
0.009020517830972154
0.008605276013678553
0.008936003908158281
0.008699560332193454
0.008940889106008792
0.008706399609184172
0.008858817782120176
0.00866438690766976
0.008869076697606254
0.008659990229604298
0.008972642892037128
0.008616023448949683
0.008962383976551051
0.008635564240351733
0.00886809965803615
0.008606253053248657
0.008893991206643869
0.008621397166585247
0.008905227161700049
0.008683927699071812
0.009000488519785051
0.00863800683927699
0.008948216902784563
0.008609672691744017
0.008889106008793356
0.008683439179286762
0.008848558866634099
0.008669760625305323
0.008872984855886664
0.008663898387884708
0.008941866145578896
0.008608695652173912
0.00900341963849536
0.008630679042501222
0.008844650708353689
0.00866047874938935
0.008893991206643869
0.00868685881778212
0.008854421104054714
0.008621885686370298
0.009055691255495848
0.008586223742061553
0.008927210552027358
0.00864875427454812
0.008915486077186126
0.008684904738641915
0.008845139228138739
0.00865266243282853
0.008893014167073767
0.008632633121641427
0.008960429897410846
0.008654616511968735
0.008996580361504641
0.008704445530043967
0.008839276990718124
0.008723986321446019
0.008867611138251099
0.008646311675622863
0.008805569125549586
0.008712750366389839
0.009053248656570591
0.008650708353688325
0.008877381533952126
0.008661944308744503
0.008933072789447973
0.00870200293111871
0.008869076697606254
0.00866438690766976
0.008930630190522716
0.008680019540791402
0.008972642892037128
0.0086228627259404
0.008976062530532486
0.00865266243282853
0.008843673668783586
0.00869858329262335
0.008958475818270641
0.008730825598436735
0.00885735222276502
0.008637518319491938
0.009057645334636053
0.008584269662921348
0.008932095749877871
0.008684416218856864
0.008873473375671714
0.008727405959941377
0.008825109916951636
0.00864875427454812
0.008909135319980459
0.008635564240351733
0.008987787005373718
0.008615534929164632
0.008955056179775281
0.008711773326819737
0.00878114313629702
0.008667806546165118
0.008911089399120664
0.008706399609184172
0.008890083048363457
0.008682462139716659
0.009030288226673181
0.008659013190034197
0.008942354665363948
0.008623839765510503
0.008848558866634099
0.008629213483146067
0.008855886663409867
0.008716170004885199
0.008915974596971177
0.008636052760136785
0.008889106008793356
0.008563263312164143
0.009031753786028334
0.00863019052271617
0.008841231069858329
0.008692232535417684
0.0089438202247191
0.008692232535417684
0.008843673668783586
0.008637029799706887
0.009031753786028334
0.008598925256472887
0.008976062530532486
0.008698094772838299
0.00892867611138251
0.008736687835857354
0.008851489985344406
0.008680019540791402
0.008952125061064973
0.008680019540791402
0.009002442598925256
0.008645823155837812
0.008994137762579384
0.008629702002931118
0.008815828041035662
0.008649731314118222
0.008956033219345384
0.008702979970688812
0.008932095749877871
0.008647288715192965
0.009047386419149976
0.008707865168539327
0.008915974596971177
0.00866047874938935
0.008858817782120176
0.008659501709819247
0.008874450415241817
0.008650708353688325
0.008851001465559354
0.008703957010258917
0.008964338055691256
0.00862237420615535
0.00903370786516854
0.00864924279433317
0.008864680019540792
0.008737664875427455
0.008961406936980948
0.008655593551538837
0.008774792379091354
0.00864533463605276
0.008984367366878358
0.008636052760136785
0.00894723986321446
0.008664875427454812
0.008893991206643869
0.008675622862725942
0.008835857352222766
0.008676111382510992
0.008937957987298486
0.008684416218856864
0.008979970688812896
0.008648265754763068
0.008962383976551051
0.008702979970688812
0.00879970688812897
0.008656082071323888
0.00890229604298974
0.008658524670249145
0.008864680019540792
0.008689301416707377
0.009044455300439668
0.008614069369809478
0.008927210552027358
0.00865657059110894
0.008861260381045432
0.008715681485100147
0.008871519296531509
0.008680996580361505
0.008858329262335124
0.008654616511968735
0.00899951148021495
0.008673668783585735
0.008997557401074744
0.00865657059110894
0.008880312652662432
0.008697117733268197
0.00890962383976551
0.008687835857352224
0.008899364924279434
0.008681485100146557
0.009038593063019051
0.008593063019052272
0.008905227161700049
0.008678553981436249
0.008897899364924279
0.00865657059110894
0.008810942843185149
0.008697606253053249
0.008904250122129946
0.008689789936492429
0.00895798729848559
0.008683927699071812
0.008994137762579384
0.00872838299951148
0.008861260381045432
0.008650708353688325
0.008960918417195898
0.008680019540791402
0.008917928676111382
0.008657059110893992
0.009058622374206156
0.008623351245725452
0.008923302393746948
0.008659990229604298
0.008856375183194919
0.008613580850024427
0.00885344406448461
0.008680508060576454
0.00893942354665364
0.00872496336101612
0.009017098192476796
0.008615534929164632
0.008978016609672691
0.008681973619931607
0.008900341963849536
0.008667806546165118
0.008978016609672691
0.00870200293111871
0.008839765510503176
0.008588177821201758
0.009012701514411333
0.00865266243282853
0.008904250122129946
0.008693698094772839
0.008850512945774304
0.008729848558866634
0.008825598436736687
0.008650219833903273
0.008874450415241817
0.008643380556912555
0.008918905715681484
0.008651685393258427
0.008972642892037128
0.00864484611626771
0.008849047386419149
0.008669760625305323
0.008952613580850024
0.008632144601856375
0.00885295554469956
0.00865266243282853
0.009021006350757206
0.008695652173913044
0.008926722032242306
0.008603321934538348
0.008891548607718614
0.008640449438202247
0.008866634098680997
0.008737664875427455
0.008892525647288716
0.008706888128969224
0.008949682462139716
0.008614557889594528
0.009017586712261848
0.008646311675622863
0.008856375183194919
0.00872447484123107
0.008922813873961896
0.00873571079628725
0.008892037127503664
0.008613580850024427
0.008998045920859794
0.008640449438202247
0.008896433805569126
0.008696140693698094
0.008919394235466536
0.008670737664875427
0.008857840742550072
0.008669760625305323
0.00890962383976551
0.008687347337567172
0.008993160723009283
0.008611626770884222
0.009017098192476796
0.00872105520273571
0.008806057645334637
0.00868685881778212
0.00888373229115779
0.0086790425012213
0.00887200781631656
0.008672203224230582
0.00902979970688813
0.008643380556912555
0.008873473375671714
0.008657059110893992
0.008884220810942842
0.008695163654127992
0.008903273082559844
0.008766976062530534
0.008915974596971177
0.008693209574987787
0.00894723986321446
0.008625793844650708
0.00893991206643869
0.008659990229604298
0.008851001465559354
0.008725940400586224
0.008918417195896432
0.008693209574987787
0.008804592085979482
0.008639472398632143
0.009024425989252564
0.008653150952613582
0.009023937469467514
0.008673668783585735
0.008918417195896432
0.008733756717147044
0.00885295554469956
0.008711773326819737
0.008921836834391792
0.008666829506595017
0.008964826575476308
0.008651685393258427
0.008961406936980948
0.008654127992183683
0.008806057645334637
0.008635075720566682
0.00895114802149487
0.008712261846604789
0.00887982413287738
0.008627747923790913
0.008978505129457743
0.008616511968734735
0.008847581827063996
0.008619931607230093
0.008871030776746459
0.008695163654127992
0.008908646800195407
0.008682462139716659
0.008895456765999024
0.008636052760136785
0.008934538348803128
0.008604787493893502
0.008915486077186126
0.008682462139716659
0.00883781143136297
0.008659013190034197
0.008865168539325844
0.008704934049829019
0.008873961895456766
0.008638495359062042
0.009002931118710308
0.00864484611626771
0.008914020517830972
0.008685881778212017
0.00889838788470933
0.00862628236443576
0.008860771861260382
0.008682462139716659
0.008949193942354664
0.008620908646800195
0.008926722032242306
0.008650708353688325
0.008955056179775281
0.008635075720566682
0.008853932584269662
0.008659013190034197
0.008971665852467024
0.008639960918417195
0.008825109916951636
0.008652173913043478
0.009008793356130923
0.008661944308744503
0.008850024425989252
0.008632144601856375
0.008955056179775281
0.008726917440156325
0.008866145578895946
0.008687347337567172
0.008911577918905716
0.008669272105520274
0.0089057156814851
0.008611626770884222
0.008942354665363948
0.008666829506595017
0.008809965803615047
0.00865266243282853
0.008922813873961896
0.008698094772838299
0.00887982413287738
0.00859990229604299
0.009016121152906693
0.008627747923790913
0.008897410845139229
0.008642892037127505
0.008875427454811919
0.00872105520273571
0.008844650708353689
0.008693698094772839
0.008913043478260869
0.008627259404005862
0.0089438202247191
0.00864533463605276
0.00899560332193454
0.008624816805080605
0.00880752320468979
0.008650708353688325
0.008994137762579384
0.008708353688324377
0.008822178798241329
0.008699560332193454
0.009043966780654616
0.008648265754763068
0.008885686370297996
0.008603321934538348
0.008874450415241817
0.00866438690766976
0.008852467024914509
0.008677088422081095
0.008936492427943333
0.008664875427454812
0.00897361993160723
0.008582804103566195
0.008975574010747434
0.008679531021006352
0.008885686370297996
0.008648265754763068
0.008929653150952614
0.008757205666829505
0.008851489985344406
0.008615534929164632
0.009037127503663898
0.008612603810454323
0.008927210552027358
0.0087171470444553
0.008890083048363457
0.008736199316072302
0.008782608695652174
0.008654127992183683
0.00899609184171959
0.008655593551538837
0.008995114802149488
0.008654616511968735
0.009008304836345871
0.008700048851978505
0.008876893014167074
0.008581338544211042
0.008875427454811919
0.008702979970688812
0.008814362481680507
0.008711284807034685
0.009066438690766976
0.008636052760136785
0.008961895456766
0.008627747923790913
0.008891060087933562
0.008669272105520274
0.008891548607718614
0.008685393258426967
0.008914997557401074
0.008686370297997069
0.008959941377625794
0.00857401074743527
0.00897752808988764
0.008643869076697607
0.008844650708353689
0.008686370297997069
0.008893991206643869
0.008661944308744503
0.00887933561309233
0.008643380556912555
0.009004396678065461
0.008677088422081095
0.008934538348803128
0.008651196873473375
0.008835368832437714
0.00873229115779189
0.008853932584269662
0.008648265754763068
0.008875427454811919
0.00871323888617489
0.008993160723009283
0.008646800195407915
0.009020517830972154
0.008684904738641915
0.008814362481680507
0.008682462139716659
0.008920859794821689
0.008679531021006352
0.008872496336101612
0.00867513434294089
0.009060576453346361
0.008638495359062042
0.008893502686858819
0.008672691744015634
0.008902784562774792
0.008655105031753787
0.008932095749877871
0.008743038593063019
0.0088495359062042
0.008671226184660479
0.008936003908158281
0.008634587200781632
0.009002442598925256
0.008640449438202247
0.008764044943820224
0.008719589643380557
0.00893991206643869
0.008695163654127992
0.008809965803615047
0.008642892037127505
0.009039570102589154
0.008575964826575475
0.008886174890083047
0.008652173913043478
0.008867122618466049
0.008660967269174402
0.008857840742550072
0.00864875427454812
0.00887933561309233
0.008689789936492429
0.008966780654616513
0.008632144601856375
0.00893991206643869
0.008714704445530044
0.008812896922325354
0.00864533463605276
0.0089247679531021
0.008675622862725942
0.008858329262335124
0.008699071812408402
0.009032730825598436
0.008655593551538837
0.00887982413287738
0.008632144601856375
0.008919394235466536
0.008651685393258427
0.008889106008793356
0.00868685881778212
0.008928187591597461
0.00866829506595017
0.008934538348803128
0.008566682950659502
0.008952125061064973
0.008700048851978505
0.008813873961895457
0.008676111382510992
0.008937469467513434
0.008722032242305814
0.008857840742550072
0.008687347337567172
0.009103077674645823
0.008598925256472887
0.008962383976551051
0.008623839765510503
0.008869076697606254
0.008695652173913044
0.008828041035661944
0.008639960918417195
0.008862237420615536
0.008638495359062042
0.008933072789447973
0.008639960918417195
0.00897313141182218
0.008651685393258427
0.008752808988764045
0.008678065461651197
0.008904250122129946
0.008619443087445042
0.008859306301905226
0.008662921348314607
0.009010747435271128
0.008665363947239864
0.008907669760625306
0.008619931607230093
0.00893258426966292
0.008659990229604298
0.008893502686858819
0.008701025891548607
0.008922325354176846
0.008683439179286762
0.008958964338055693
0.008611626770884222
0.009000488519785051
0.008621885686370298
0.00889447972642892
0.008715681485100147
0.008897899364924279
0.008759648265754762
0.0088114313629702
0.008593551538837323
0.009039570102589154
0.008624328285295555
0.008931118710307768
0.008652173913043478
0.008914997557401074
0.008655593551538837
0.00882706399609184
0.00865657059110894
0.008878847093307279
0.008602344894968245
0.009001465559355154
0.00862237420615535
0.008963849535906204
0.008681973619931607
0.008797752808988766
0.008639960918417195
0.008918417195896432
0.008693698094772839
0.00888373229115779
0.008671714704445528
0.009043478260869564
0.008619931607230093
0.008907669760625306
0.008602833414753297
0.00888373229115779
0.008670249145090375
0.008955056179775281
0.008680996580361505
0.008912066438690767
0.00866438690766976
0.00894333170493405
0.008566682950659502
0.008978505129457743
0.00869076697606253
0.008838299951148022
0.008678553981436249
0.00894675134342941
0.008715681485100147
0.008867611138251099
0.008614069369809478
0.009032730825598436
0.008643869076697607
0.008955056179775281
0.008675622862725942
0.008907181240840254
0.008632633121641427
0.008867611138251099
0.008667318026380069
0.008894968246213972
0.00864875427454812
0.008971665852467024
0.008609672691744017
0.009019540791402053
0.008651685393258427
0.008778700537371764
0.008680996580361505
0.00892134831460674
0.008680019540791402
0.008884709330727894
0.008654127992183683
0.00902638006839277
0.008647288715192965
0.00892867611138251
0.008643380556912555
0.008894968246213972
0.008631656082071323
0.008856375183194919
0.008691255495847582
0.008981924767953101
0.008687347337567172
0.008941377625793844
0.008586712261846605
0.008966780654616513
0.008649731314118222
0.008832926233512457
0.008687347337567172
0.008919882755251587
0.008662432828529555
0.008859306301905226
0.00859599413776258
0.0090561797752809
0.008639960918417195
0.00895114802149487
0.008730337078651685
0.00890620420127015
0.00864533463605276
0.008795310210063507
0.008670249145090375
0.008873473375671714
0.008688324377137274
0.00895114802149487
0.008588177821201758
0.009015632633121643
0.008718124084025404
0.008813385442110406
0.008713727405959942
0.00892867611138251
0.008688812896922325
0.008852467024914509
0.008677576941866147
0.00900732779677577
0.008665852467024913
0.008903273082559844
0.00859648265754763
0.00887200781631656
0.00864484611626771
0.008891060087933562
0.00869467513434294
0.008953102100635074
0.008653639472398632
0.0089438202247191
0.008572056668295065
0.008956521739130436
0.008672691744015634
0.008897410845139229
0.008688324377137274
0.008960918417195898
0.00872447484123107
0.008814851001465559
0.00861113825109917
0.00898827552515877
0.008565217391304348
0.008892525647288716
0.008651196873473375
0.008898876404494382
0.008676111382510992
0.00885295554469956
0.008661455788959452
0.008904738641914997
0.008652173913043478
0.008964338055691256
0.008700048851978505
0.008961895456766
0.008715681485100147
0.008826086956521739
0.008641914997557402
0.0089438202247191
0.008664875427454812
0.008854421104054714
0.008687347337567172
0.00902638006839277
0.008632144601856375
0.008871030776746459
0.008598436736687835
0.008890083048363457
0.008643869076697607
0.008885686370297996
0.008700048851978505
0.008896433805569126
0.008669760625305323
0.00897752808988764
0.008597948216902785
0.008955056179775281
0.008641914997557402
0.0088495359062042
0.008713727405959942
0.00887982413287738
0.00872105520273571
0.008859306301905226
0.008628236443575965
0.009024914509037616
0.008612115290669273
0.008961406936980948
0.00869858329262335
0.008904250122129946
0.008642403517342453
0.008839765510503176
0.008654616511968735
0.008918905715681484
0.008628236443575965
0.008898876404494382
0.00861846604787494
0.008985832926233513
0.008693209574987787
0.00882706399609184
0.008624816805080605
0.008921836834391792
0.008659990229604298
0.008890571568148509
0.008650708353688325
0.009046897899364924
0.008692721055202735
0.008985832926233513
0.008653639472398632
0.008890571568148509
0.008653150952613582
0.008940889106008792
0.008681973619931607
0.008912066438690767
0.008719101123595505
0.008953102100635074
0.008561309233023938
0.008993649242794334
0.008625305324865657
0.008854909623839766
0.008685393258426967
0.008912066438690767
0.008670249145090375
0.00886028334147533
0.00862237420615535
0.009019052271617001
0.008669272105520274
0.008936492427943333
0.008654127992183683
0.008890571568148509
0.008704445530043967
0.008891060087933562
0.008663898387884708
0.008899853444064486
0.008651685393258427
0.009012212994626281
0.008641914997557402
0.009024914509037616
0.008671226184660479
0.008809477283829996
0.008642403517342453
0.00887982413287738
0.008720078163165609
0.008855886663409867
0.008695163654127992
0.009050317537860285
0.008663409868099657
0.008899364924279434
0.008647288715192965
0.00885344406448461
0.00864924279433317
0.008904738641914997
0.00866829506595017
0.008899853444064486
0.008591108939912067
0.00894723986321446
0.00856619443087445
0.008992672203224231
0.008631656082071323
0.008873961895456766
0.00864924279433317
0.008896922325354177
0.008661944308744503
0.0088114313629702
0.008562774792379092
0.009049829018075233
0.008616511968734735
0.008944308744504153
0.008642403517342453
0.008869565217391304
0.008676111382510992
0.008884220810942842
0.00861113825109917
0.008944797264289202
0.008680996580361505
0.00896580361504641
0.008632633121641427
0.008945774303859306
0.008668783585735222
0.008844650708353689
0.00866829506595017
0.008915974596971177
0.008644357596482658
0.00887200781631656
0.008668783585735222
0.009034684904738641
0.008679531021006352
0.008963361016121153
0.00860039081582804
0.008902784562774792
0.008665852467024913
0.008913043478260869
0.008711773326819737
0.008915974596971177
0.008693698094772839
0.008972642892037128
0.00859257449926722
0.009057645334636053
0.008688812896922325
0.008783585735222277
0.00865266243282853
0.008924279433317051
0.00869858329262335
0.00886028334147533
0.00862237420615535
0.00900390815828041
0.008630679042501222
0.00897361993160723
0.008695652173913044
0.008908158280410356
0.008656082071323888
0.008859794821690279
0.008656082071323888
0.008906692721055202
0.008621885686370298
0.009014655593551538
0.008601856375183195
0.009038593063019051
0.008697606253053249
0.008798241328773816
0.008658036150464093
0.008918417195896432
0.008701025891548607
0.008861260381045432
0.00865657059110894
0.009010747435271128
0.008672691744015634
0.008922325354176846
0.00865657059110894
0.008896433805569126
0.008631656082071323
0.008855886663409867
0.008677576941866147
0.008893991206643869
0.008672691744015634
0.008948705422569614
0.008619443087445042
0.00897752808988764
0.008617977528089888
0.008871030776746459
0.008667806546165118
0.008923302393746948
0.008710307767464582
0.008837322911577919
0.008567171470444553
0.009063507572056668
0.008605764533463605
0.00893991206643869
0.008669760625305323
0.008907669760625306
0.008657059110893992
0.00885686370297997
0.008638495359062042
0.008934538348803128
0.008613580850024427
0.00895114802149487
0.008633121641426477
0.009050806057645334
0.008668783585735222
0.008890083048363457
0.008695652173913044
0.008925256472887153
0.008663898387884708
0.008863702979970689
0.008699071812408402
0.009040547142159256
0.008661944308744503
0.008920859794821689
0.008616023448949683
0.008912554958475817
0.008610161211529068
0.008907669760625306
0.008683927699071812
0.008930141670737666
0.00862677088422081
0.008987787005373718
0.008617489008304837
0.008990229604298974
0.008638983878847092
0.008866634098680997
0.00872447484123107
0.008962872496336103
0.008692232535417684
0.008849047386419149
0.00858085002442599
0.008983878847093306
0.008548607718612605
0.00897361993160723
0.008623351245725452
0.008893014167073767
0.008631167562286272
0.008871519296531509
0.008627747923790913
0.00891744015632633
0.008667806546165118
0.00895114802149487
0.008617489008304837
0.008978016609672691
0.008641914997557402
0.008861748900830484
0.00864533463605276
0.00887591597459697
0.00870249145090376
0.008870053737176356
0.008691744015632634
0.009014655593551538
0.00864924279433317
0.008899364924279434
0.008650219833903273
0.00884171958964338
0.008639472398632143
0.008880312652662432
0.008660967269174402
0.008919882755251587
0.00869076697606253
0.008976551050317538
0.00860039081582804
0.009028334147532974
0.008653150952613582
0.008851978505129457
0.008697117733268197
0.008907669760625306
0.008682462139716659
0.00885344406448461
0.008598925256472887
0.009012701514411333
0.008587689301416708
0.0089438202247191
0.008673180263800685
0.008907181240840254
0.008689301416707377
0.008873473375671714
0.00865266243282853
0.008963849535906204
0.008638495359062042
0.008970688812896923
0.008624816805080605
0.008984855886663411
0.008668783585735222
0.008837322911577919
0.008606253053248657
0.008936980947728383
0.008661455788959452
0.00888324377137274
0.008673668783585735
0.009023937469467514
0.008628724963361017
0.008881289692232536
0.008639960918417195
0.008878847093307279
0.008617977528089888
0.008904250122129946
0.008700048851978505
0.008904250122129946
0.00860429897410845
0.008928187591597461
0.008579384465070837
0.009030776746458231
0.008665852467024913
0.008850024425989252
0.008681973619931607
0.008957010258915486
0.008717635564240352
0.008822667318026379
0.008640449438202247
0.008980459208597948
0.008638495359062042
0.00894675134342941
0.008686370297997069
0.008916951636541279
0.008635564240351733
0.00890229604298974
0.008613580850024427
0.008873961895456766
0.008671226184660479
0.009008304836345871
0.008659990229604298
0.009030776746458231
0.00862677088422081
0.008896433805569126
0.008585735222276503
0.008914509037616022
0.008679531021006352
0.008880801172447484
0.008672691744015634
0.009107474352711285
0.008719101123595505
0.008873961895456766
0.008616511968734735
0.008924279433317051
0.008722032242305814
0.00885344406448461
0.008638495359062042
0.008955544699560333
0.008630679042501222
0.008928187591597461
0.008629702002931118
0.008961895456766
0.008642403517342453
0.008886174890083047
0.008737664875427455
0.008933561309233024
0.008733756717147044
0.008852467024914509
0.008651196873473375
0.009023937469467514
0.008665852467024913
0.00891011235955056
0.008707865168539327
0.008869565217391304
0.008673668783585735
0.008859306301905226
0.008687347337567172
0.008933072789447973
0.008638983878847092
0.009004885197850513
0.008619931607230093
0.008990718124084026
0.00869076697606253
0.008805080605764534
0.008670249145090375
0.008960918417195898
0.008692721055202735
0.008851978505129457
0.0086790425012213
0.009
0.008621397166585247
0.008848558866634099
0.008623351245725452
0.008849047386419149
0.008634587200781632
0.008892525647288716
0.008702979970688812
0.008958964338055693
0.008665852467024913
0.008922813873961896
0.008579872984855887
0.0089247679531021
0.008650219833903273
0.008818759159745969
0.00866438690766976
0.008923790913532
0.008708842208109429
0.008869565217391304
0.008664875427454812
0.008975574010747434
0.008643380556912555
0.008974108451392281
0.008672691744015634
0.008885197850512946
0.00864484611626771
0.008824132877381534
0.008666340986809965
0.008876893014167074
0.00864533463605276
0.008927210552027358
0.008636052760136785
0.008978993649242794
0.008678065461651197
0.008802638006839277
0.00861113825109917
0.008926233512457256
0.008638983878847092
0.008839765510503176
0.008676111382510992
0.009047874938935028
0.008605764533463605
0.008930141670737666
0.00865657059110894
0.008846116267708842
0.008726428920371275
0.008858329262335124
0.008683927699071812
0.008935026868588178
0.0087171470444553
0.008980459208597948
0.008672203224230582
0.008991695163654128
0.00866047874938935
0.008866634098680997
0.008680996580361505
0.008904250122129946
0.008692232535417684
0.008841231069858329
0.00864924279433317
0.009036150464093796
0.008619931607230093
0.008899364924279434
0.008707376648754275
0.00887982413287738
0.008657059110893992
0.008869565217391304
0.008678553981436249
0.008913043478260869
0.008639472398632143
0.00897752808988764
0.008668783585735222
0.008980459208597948
0.008623351245725452
0.008775280898876405
0.008617000488519785
0.008948216902784563
0.008681973619931607
0.008872496336101612
0.008680019540791402
0.008994137762579384
0.008697606253053249
0.008892525647288716
0.008708353688324377
0.008912554958475817
0.008667318026380069
0.008855398143624816
0.00873571079628725
0.008912554958475817
0.008688812896922325
0.008952125061064973
0.00864484611626771
0.00902589154860772
0.00865266243282853
0.008808988764044944
0.008665852467024913
0.008893502686858819
0.008681973619931607
0.008840742550073279
0.008624816805080605
0.009015632633121643
0.008653150952613582
0.008912066438690767
0.008663409868099657
0.008852467024914509
0.008681973619931607
0.008870053737176356
0.008665852467024913
0.008925744992672204
0.00866047874938935
0.008934049829018076
0.008663409868099657
0.009027845627747924
0.008661944308744503
0.00886028334147533
0.00864875427454812
0.008963849535906204
0.008696140693698094
0.00889447972642892
0.00868295065950171
0.009025403028822668
0.008638983878847092
0.008925256472887153
0.008630679042501222
0.008876404494382022
0.008635564240351733
0.00885295554469956
0.008695652173913044
0.008971177332681974
0.008697117733268197
0.008933561309233024
0.00861113825109917
0.008974596971177333
0.008680508060576454
0.008846116267708842
0.008654127992183683
0.008959452857840743
0.008700048851978505
0.00888373229115779
0.008662921348314607
0.009021006350757206
0.008587200781631657
0.008869076697606254
0.008669760625305323
0.008877381533952126
0.008681485100146557
0.008793844650708354
0.008635075720566682
0.008985832926233513
0.008665363947239864
0.008955056179775281
0.008642892037127505
0.009008304836345871
0.008676111382510992
0.008877870053737176
0.00862237420615535
0.008971177332681974
0.008699071812408402
0.008902784562774792
0.008672691744015634
0.009046409379579873
0.008652173913043478
0.00888715192965315
0.00864484611626771
0.008874938935026869
0.00865657059110894
0.008864680019540792
0.008695163654127992
0.008945774303859306
0.008738641914997559
0.00897361993160723
0.008601367855398143
0.008933072789447973
0.008642403517342453
0.008857840742550072
0.00867513434294089
0.008927210552027358
0.00870542256961407
0.008874938935026869
0.008571079628724963
0.009053248656570591
0.008590620420127015
0.008944797264289202
0.00864484611626771
0.008825109916951636
0.008651685393258427
0.008838788470933072
0.008666340986809965
0.008941377625793844
0.008641914997557402
0.009013678553981436
0.008632144601856375
0.009043478260869564
0.00868685881778212
0.00885735222276502
0.008651685393258427
0.008904250122129946
0.008665852467024913
0.008881778212017586
0.008648265754763068
0.009044455300439668
0.008663409868099657
0.008900341963849536
0.00864142647777235
0.008899853444064486
0.008646311675622863
0.008859794821690279
0.008672691744015634
0.00892867611138251
0.008693209574987787
0.00892867611138251
0.008578407425500733
0.00900732779677577
0.00870200293111871
0.00884562774792379
0.008669760625305323
0.00894723986321446
0.008690278456277479
0.008861260381045432
0.008619443087445042
0.009040058622374206
0.008637029799706887
0.00894333170493405
0.008699560332193454
0.00888373229115779
0.0086790425012213
0.008924279433317051
0.008635075720566682
0.008962383976551051
0.008633121641426477
0.009035661944308744
0.008654616511968735
0.00898143624816805
0.00870542256961407
0.008851001465559354
0.008646800195407915
0.008957498778700538
0.008654127992183683
0.008881289692232536
0.008684904738641915
0.009041035661944308
0.008642403517342453
0.00883390327308256
0.008619443087445042
0.008907669760625306
0.008639960918417195
0.008866634098680997
0.008748900830483635
0.008903761602344896
0.00866047874938935
0.008933561309233024
0.008608207132388862
0.009027845627747924
0.008708842208109429
0.008822667318026379
0.00865657059110894
0.008893014167073767
0.008680996580361505
0.008820224719101124
0.00861504640937958
0.009020517830972154
0.00859990229604299
0.008897899364924279
0.008638495359062042
0.008882266731802637
0.008696140693698094
0.008809477283829996
0.008650708353688325
0.008854421104054714
0.008638495359062042
0.009005862237420616
0.008642403517342453
0.00894675134342941
0.008670737664875427
0.008878847093307279
0.008636541279921837
0.008964338055691256
0.008719101123595505
0.008865657059110894
0.00863409868099658
0.009049829018075233
0.008642403517342453
0.008958964338055693
0.008638495359062042
0.008898876404494382
0.0086409379579873
0.008863214460185637
0.008677088422081095
0.008894968246213972
0.00867513434294089
0.00894772838299951
0.008619931607230093
0.009002442598925256
0.008637029799706887
0.008825109916951636
0.008689789936492429
0.00892769907181241
0.008699071812408402
0.008830972154372252
0.008614557889594528
0.009038104543234001
0.008602833414753297
0.008993649242794334
0.00863800683927699
0.008888617489008304
0.00865657059110894
0.00888324377137274
0.008654127992183683
0.008936980947728383
0.008638983878847092
0.008972154372252076
0.008666829506595017
0.009008793356130923
0.008653639472398632
0.008817782120175867
0.008608695652173912
0.008920371275036637
0.008684416218856864
0.008894968246213972
0.008612115290669273
0.009055202735710796
0.008655593551538837
0.008884220810942842
0.008617000488519785
0.008858329262335124
0.008695163654127992
0.008880312652662432
0.008736199316072302
0.008914997557401074
0.008685393258426967
0.008988764044943821
0.008627747923790913
0.009005373717635564
0.008659990229604298
0.008884709330727894
0.008669760625305323
0.008933072789447973
0.008787005373717635
0.008892037127503664
0.008609184171958963
0.009043478260869564
0.008672203224230582
0.008880312652662432
0.008685881778212017
0.008905227161700049
0.008681973619931607
0.008878358573522227
0.008674645823155839
0.008987787005373718
0.00866829506595017
0.008934049829018076
0.008639472398632143
0.008984855886663411
0.00868685881778212
0.008832437713727407
0.00864875427454812
0.00894333170493405
0.0086790425012213
0.008926233512457256
0.008699071812408402
0.009000977039570103
0.008613092330239375
0.008862237420615536
0.008613092330239375
0.008899853444064486
0.00872838299951148
0.00887933561309233
0.008684904738641915
0.00892867611138251
0.008662921348314607
0.008983390327308256
0.008581338544211042
0.008968246213971666
0.008718124084025404
0.008842696629213484
0.008693698094772839
0.008937957987298486
0.008681973619931607
0.00883781143136297
0.008635564240351733
0.009043966780654616
0.00868295065950171
0.008917928676111382
0.008681973619931607
0.008878358573522227
0.008660967269174402
0.008915486077186126
0.008647288715192965
0.008949193942354664
0.008671714704445528
0.008975574010747434
0.0086228627259404
0.008979970688812896
0.008670737664875427
0.008822178798241329
0.008643869076697607
0.008913043478260869
0.008673180263800685
0.008893991206643869
0.008651196873473375
0.009010258915486076
0.008637518319491938
0.008956033219345384
0.008671226184660479
0.00887933561309233
0.008653639472398632
0.00891353199804592
0.008667806546165118
0.008925256472887153
0.008669760625305323
0.00898143624816805
0.008619443087445042
0.009021006350757206
0.008714215925744994
0.008843673668783586
0.008669272105520274
0.008936003908158281
0.008678553981436249
0.008867122618466049
0.008673668783585735
0.009039570102589154
0.008659013190034197
0.008908158280410356
0.008700048851978505
0.008908158280410356
0.008677576941866147
0.008831460674157304
0.008657059110893992
0.008923302393746948
0.008633610161211528
0.008979970688812896
0.00864142647777235
0.008963361016121153
0.008680996580361505
0.008824621397166584
0.008647288715192965
0.008936980947728383
0.008697606253053249
0.008834880312652662
0.008654616511968735
0.009044943820224718
0.008695652173913044
0.008863214460185637
0.00859648265754763
0.008892525647288716
0.008688324377137274
0.008903761602344896
0.008762090864680019
0.008920859794821689
0.008665363947239864
0.008971665852467024
0.008589643380556913
0.009035173424523693
0.008588177821201758
0.008847581827063996
0.008678065461651197
0.00891353199804592
0.008700537371763555
0.008874450415241817
0.008640449438202247
0.009030776746458231
0.008593063019052272
0.008936980947728383
0.008695163654127992
0.008938935026868587
0.008670737664875427
0.00881924767953102
0.008687835857352224
0.008880801172447484
0.00861846604787494
0.00889838788470933
0.008620908646800195
0.009049829018075233
0.008627259404005862
0.008803126526624329
0.008637029799706887
0.008871030776746459
0.008657059110893992
0.008936492427943333
0.008637518319491938
0.0090561797752809
0.008638495359062042
0.008949193942354664
0.008638983878847092
0.008851489985344406
0.008647288715192965
0.008904250122129946
0.008708842208109429
0.0089057156814851
0.00868685881778212
0.00894675134342941
0.008597948216902785
0.009021494870542258
0.008689301416707377
0.008877870053737176
0.008658524670249145
0.008938935026868587
0.008681973619931607
0.008896433805569126
0.008605276013678553
0.009016609672691744
0.00862628236443576
0.008937957987298486
0.008661944308744503
0.008907181240840254
0.008647777234978017
0.008865168539325844
0.00868685881778212
0.008905227161700049
0.008609672691744017
0.008958964338055693
0.008633610161211528
0.009014655593551538
0.00865266243282853
0.008858817782120176
0.008665852467024913
0.008942843185148997
0.008660967269174402
0.00880361504640938
0.008688324377137274
0.009034684904738641
0.008646800195407915
0.008895456765999024
0.008646311675622863
0.008863702979970689
0.00864533463605276
0.008847581827063996
0.008683439179286762
0.008893502686858819
0.008656082071323888
0.008945285784074254
0.008609672691744017
0.008981924767953101
0.008639472398632143
0.008880312652662432
0.008665852467024913
0.008913043478260869
0.008714704445530044
0.008826575476306789
0.008586712261846605
0.00897752808988764
0.008576941866145578
0.00889447972642892
0.008677576941866147
0.008888128969223252
0.008684904738641915
0.008899364924279434
0.008590620420127015
0.008893014167073767
0.008612115290669273
0.008932095749877871
0.00861504640937958
0.008971177332681974
0.008669760625305323
0.00885735222276502
0.008623839765510503
0.008908646800195407
0.008687347337567172
0.008848558866634099
0.008649731314118222
0.009050317537860285
0.008620420127015145
0.00895114802149487
0.008653639472398632
0.008875427454811919
0.00862677088422081
0.00887200781631656
0.008636052760136785
0.008929164631167563
0.008684416218856864
0.008960429897410846
0.008624816805080605
0.008993649242794334
0.008645823155837812
0.008847581827063996
0.008694186614557889
0.00894333170493405
0.008697606253053249
0.008848558866634099
0.00862628236443576
0.009021494870542258
0.008628236443575965
0.008893991206643869
0.008624328285295555
0.008886663409868099
0.00867513434294089
0.008893991206643869
0.008594528578407425
0.008915974596971177
0.008639960918417195
0.008970688812896923
0.008594040058622375
0.00895407914020518
0.008673180263800685
0.00879970688812897
0.00870542256961407
0.008934049829018076
0.008684904738641915
0.008859794821690279
0.008700048851978505
0.009088910600879336
0.008610649731314118
0.008881289692232536
0.008678553981436249
0.00885735222276502
0.008617977528089888
0.008888617489008304
0.008677088422081095
0.00896971177332682
0.008642403517342453
0.008958475818270641
0.008642403517342453
0.00895163654127992
0.008645823155837812
0.008880801172447484
0.008640449438202247
0.00894723986321446
0.008672691744015634
0.008882266731802637
0.008606253053248657
0.009005373717635564
0.008653639472398632
0.00891353199804592
0.008634587200781632
0.008882266731802637
0.00866829506595017
0.008867611138251099
0.008678065461651197
0.008914997557401074
0.00868685881778212
0.009006350757205666
0.008649731314118222
0.008918417195896432
0.008659013190034197
0.008815828041035662
0.008663898387884708
0.008928187591597461
0.008660967269174402
0.00887200781631656
0.008699071812408402
0.009077674645823154
0.008678065461651197
0.008893502686858819
0.008602833414753297
0.008885686370297996
0.00868295065950171
0.008881289692232536
0.008683927699071812
0.008929653150952614
0.00864142647777235
0.008896433805569126
0.008555935515388373
0.00895163654127992
0.008637029799706887
0.0088495359062042
0.008620420127015145
0.008991206643869078
0.008715681485100147
0.008795798729848559
0.00860771861260381
0.009021494870542258
0.008627747923790913
0.008885197850512946
0.008687347337567172
0.008903761602344896
0.00866047874938935
0.008839276990718124
0.008691744015632634
0.008925256472887153
0.008651685393258427
0.008936003908158281
0.008672203224230582
0.008976062530532486
0.008669760625305323
0.008852467024914509
0.008654616511968735
0.008903273082559844
0.008663898387884708
0.008858329262335124
0.008679531021006352
0.009043966780654616
0.00868685881778212
0.008893502686858819
0.008670249145090375
0.00893551538837323
0.008667806546165118
0.008936492427943333
0.008671226184660479
0.008918905715681484
0.008667318026380069
0.008942843185148997
0.008580361504640938
0.008986809965803616
0.008634587200781632
0.008872984855886664
0.008680508060576454
0.008955544699560333
0.008673668783585735
0.008835857352222766
0.008638983878847092
0.00903370786516854
0.008640449438202247
0.00891353199804592
0.008629213483146067
0.008844650708353689
0.008663409868099657
0.008873473375671714
0.008590620420127015
0.0089057156814851
0.008596971177332682
0.008964338055691256
0.008674645823155839
0.008972642892037128
0.008674157303370787
0.00885344406448461
0.008633121641426477
0.008907669760625306
0.008638495359062042
0.008846116267708842
0.008648265754763068
0.009008793356130923
0.00860039081582804
0.008869076697606254
0.008590131900341963
0.008880312652662432
0.008665363947239864
0.008837322911577919
0.008701025891548607
0.008958964338055693
0.008683927699071812
0.008972642892037128
0.008648265754763068
0.008967757694186614
0.008629213483146067
0.008846604787493894
0.008700537371763555
0.008962872496336103
0.008645823155837812
0.008872984855886664
0.008623351245725452
0.009002442598925256
0.008631656082071323
0.008922813873961896
0.008632144601856375
0.008896922325354177
0.008691255495847582
0.008884709330727894
0.00868295065950171
0.008872984855886664
0.008688812896922325
0.009002931118710308
0.008642892037127505
0.009006350757205666
0.008673180263800685
0.008872984855886664
0.008634587200781632
0.008924279433317051
0.008665852467024913
0.00886028334147533
0.008710307767464582
0.008983878847093306
0.008659013190034197
0.008928187591597461
0.008657059110893992
0.008890083048363457
0.008642892037127505
0.008868588177821202
0.008748412310698584
0.008952125061064973
0.008680996580361505
0.008987787005373718
0.008629213483146067
0.00893258426966292
0.008638495359062042
0.008793844650708354
0.008627259404005862
0.008940889106008792
0.008712750366389839
0.008851489985344406
0.00868685881778212
0.009027357107962873
0.008675622862725942
0.00893160723009282
0.008688812896922325
0.008891548607718614
0.008688324377137274
0.008886174890083047
0.008669272105520274
0.008952613580850024
0.008645823155837812
0.008974596971177333
0.008632144601856375
0.009046409379579873
0.008669760625305323
0.00887200781631656
0.008658036150464093
0.008938446507083538
0.00866438690766976
0.008897410845139229
0.00870933072789448
0.00900732779677577
0.008633610161211528
0.008890083048363457
0.008648265754763068
0.008870542256961407
0.008574987787005373
0.008841231069858329
0.008703468490473865
0.00888715192965315
0.008670737664875427
0.008949193942354664
0.008584269662921348
0.008964338055691256
0.008638495359062042
0.00888373229115779
0.008633610161211528
0.008899364924279434
0.008714704445530044
0.008824621397166584
0.008690278456277479
0.009027845627747924
0.008624816805080605
0.00893942354665364
0.008655105031753787
0.008901319003419639
0.008646800195407915
0.00891353199804592
0.008671226184660479
0.008863214460185637
0.008603321934538348
0.00900390815828041
0.008576453346360527
0.008963849535906204
0.008656082071323888
0.008826575476306789
0.008692232535417684
0.008932095749877871
0.008691744015632634
0.008908646800195407
0.008660967269174402
0.009050317537860285
0.008658036150464093
0.008892037127503664
0.008605764533463605
0.008936980947728383
0.00862237420615535
0.008962383976551051
0.008711773326819737
0.00890229604298974
0.008740107474352712
0.008867122618466049
0.008500732779677576
0.008839276990718124
0.00846409379579873
0.008650708353688325
0.008456765999022961
0.00858085002442599
0.008321934538348803
0.00844553004396678
0.008209574987787006
0.00853981436248168
0.008108939912066437
0.008322423058133854
0.008050806057645335
0.008256472887151929
0.008042501221299462
0.00807914020517831
0.007893991206643868
0.007995114802149487
0.007756228627259404
0.008064973131411822
0.007638983878847093
0.007933561309233023
0.007624328285295554
0.0076673180263800685
0.007525158768930142
0.007725451880801172
0.0075021983390327306
0.00752076209086468
0.007367855398143625
0.007625793844650708
0.007291157791890572
0.007403028822667318
0.0071489985344406455
0.007288715192965315
0.007127015144113336
0.007206643869076697
0.007079628724963361
0.007154372252076209
0.007023448949682463
0.007121641426477773
0.006781631656082071
0.0070600879335613095
0.006702979970688813
0.006817782120175867
0.006755740107474352
0.006760625305324866
0.006642892037127503
0.006617489008304837
0.006452369320957499
0.006725451880801172
0.006393258426966292
0.006541768441621886
0.006362970200293112
0.006409868099658036
0.006297020029311187
0.006193453834880312
0.006191499755740107
0.006185637518319492
0.006021006350757205
0.0061436248168050805
0.005991206643869076
0.006105031753786029
0.005939912066438691
0.005855886663409868
0.005756228627259404
0.0058207132388861755
0.0057396189545676594
0.005693209574987787
0.005662921348314607
0.005770884220810943
0.005525158768930142
0.005531021006350757
0.005469467513434294
0.005478260869565218
0.005401074743527113
0.005308744504152418
0.005344406448461163
0.005310698583292623
0.005223742061553492
0.005197850512945775
0.005115779189057156
0.0051587689301416705
0.005056179775280899
0.004929653150952613
0.005078163165608207
0.004985344406448461
0.004934049829018076
0.00480361504640938
0.004836834391792868
0.004872496336101612
0.004829506595017098
0.004669272105520273
0.004756228627259404
0.004593551538837323
0.0046008793356130916
0.004536394723986321
0.004488519785051295
0.0044489496824621395
0.004495359062042013
0.004358085002442599
0.004396678065461651
0.004400586223742062
0.004342940889106008
0.004100635075720566
0.0042383976551050315
0.0041397166585246704
0.004213971665852467
0.00398876404494382
0.004125061064973131
0.004110893991206644
0.003986809965803615
0.0039003419638495357
0.003919882755251588
0.0037318026380068394
0.003862725940400586
0.003646800195407914
0.0038246213971665855
0.0036443575964826575
0.0037405959941377628
0.0035857352222765024
0.0036057645334636053
0.003527112848070347
0.003547630679042501
0.003309721543722521
0.0035031753786028334
0.0033805569125549585
0.0034831460674157304
0.003187591597459697
0.003285295554469956
0.0032266731802638006
0.0032320468978993652
0.0030869565217391303
0.0032413287738153394
0.003017098192476795
0.0031030776746458232
0.0028959452857840744
0.002994137762579384
0.0028895945285784073
0.0029399120664386907
0.0028270639960918417
0.002804592085979482
0.002806546165119687
0.002848558866634099
0.0025847581827064
0.00276209086468002
0.0025764533463605277
0.0026741573033707863
0.002434294088910601
0.0025334636052760135
0.002582315583781143
0.002511480214948705
0.0022960429897410845
0.002460674157303371
0.0022369320957498777
0.0023023937469467516
0.002195407914020518
0.0023009281875915975
0.002142647777234978
0.0021929653150952614
0.00198485588666341
0.002071323888617489
0.002032730825598437
0.0019990229604298975
0.0018426966292134832
0.0019477283829995116
0.0018431851489985344
0.0019027845627747923
0.0015915974596971175
0.0018021494870542256
0.001714704445530044
0.0016472887151929654
0.0015432340009770395
0.0016267708842208108
0.0014723986321446018
0.0015964826575476307
0.0013878847093307279
0.0015056179775280898
0.0012662432828529555
0.0014098680996580363
0.0013194919394235467
0.001299951148021495
0.0012437713727405958
0.0012828529555446995
0.0010385930630190522
0.0010879335613092332
0.0010161211529066928
0.0011006350757205667
0.0009081582804103567
0.0009946262823644356
0.0009687347337567171
0.0009081582804103567
0.0007044455300439668
0.0007806546165119687
0.0006194430874450415
0.0007298485588666341
0.0005710796287249633
0.0007415730337078652
0.0005564240351734245
0.0006609672691744016
0.0005432340009770396
0.0005911089399120665
0.0005398143624816804
0.0007000488519785051
0.00039276990718124083
0.0006956521739130434
0.0005495847581827064
0.0006761113825109917
0.00046213971665852465
0.0006213971665852467
0.0006228627259404006
0.0006531509526135808
0.0005461651196873474
0.0006541279921836834
0.0005329750854909624
0.0006809965803615046
0.0004650708353688324
0.0006077186126038105
0.0005710796287249633
0.0006751343429408891
0.0005803615046409379
0.0006448461162677088
0.0006360527601367856
0.0006541279921836834
0.0004230581338544211
0.0005950170981924768
0.0005613092330239375
0.000668295065950171
0.0004870542256961407
0.0006844162188568637
0.0006805080605764533
0.0005720566682950659
0.0005652173913043478
0.0006145578895945286
0.0005407914020517831
0.0006062530532486565
0.0005002442598925256
0.0006844162188568637
0.0005608207132388862
0.0006526624328285296
0.0005569125549584758
0.0006257938446507083
0.0006428920371275036
0.0005940400586223742
0.0005061064973131412
0.0006340986809965803
0.0005486077186126038
0.0006492427943331705
0.0004978016609672692
0.0005940400586223742
0.0006345872007816317
0.0006213971665852467
0.0005730337078651685
0.0007029799706888129
0.0005500732779677577
0.0006458231558378114
0.0004973131411822178
0.0006257938446507083
0.0005500732779677577
0.0006008793356130923
0.0005710796287249633
0.0006057645334636053
0.0006223742061553493
0.0006853932584269663
0.0004938935026868589
0.0005691255495847581
0.000633610161211529
0.0006980947728382999
0.0005354176844162188
0.000673180263800684
0.0007244748412310698
0.0006761113825109917
0.0006047874938935028
0.0006130923302393747
0.0005627747923790913
0.0006428920371275036
0.000552027357107963
0.0006380068392769908
0.0005862237420615535
0.000659990229604299
0.0006380068392769908
0.0006297020029311187
0.0005984367366878358
0.0006541279921836834
0.0005021983390327308
0.0006980947728382999
0.000552027357107963
0.0006868588177821202
0.0004870542256961407
0.0006389838788470933
0.000668295065950171
0.000626770884220811
0.0005759648265754763
0.000680019540791402
0.0005539814362481681
0.0006726917440156326
0.0005188080117244748
0.0006233512457254519
0.0005530043966780655
0.0006805080605764533
0.0005876893014167074
0.0006448461162677088
0.0006458231558378114
0.0006531509526135808
0.0005305324865657059
0.0006365412799218368
0.000646800195407914
0.0006492427943331705
0.0005642403517342453
0.0006707376648754274
0.0006580361504640938
0.000668295065950171
0.0006091841719589643
0.0006243282852955545
0.0005686370297997068
0.0007205666829506595
0.0005627747923790913
0.000749389350268686
0.0006013678553981436
0.0007274059599413776
0.000625305324865657
0.0006165119687347338
0.0006555935515388374
0.0006262823644357597
0.0005290669272105521
0.0007127503663898388
0.0005740107474352711
0.0007112848070346849
0.0004655593551538837
0.0006458231558378114
0.0006565705911089399
0.0006326331216414265
0.0005617977528089888
0.0006687835857352222
0.0005359062042012701
0.0006340986809965803
0.0005378602833414753
0.0006555935515388374
0.0005476306790425012
0.0006360527601367856
0.0006292134831460674
0.0006287249633610162
0.000673180263800684
0.0006678065461651197
0.0004689789936492428
0.0006145578895945286
0.0005876893014167074
0.0006179775280898876
0.0005134342940889106
0.0006482657547630679
0.0006756228627259405
0.000659990229604299
0.0005114802149487055
0.0006008793356130923
0.0005798729848558867
0.0006482657547630679
0.0005446995603321935
0.0007191011235955056
0.0005813385442110406
0.0006458231558378114
0.0006629213483146067
0.0005754763067904251
0.000651685393258427
0.000626770884220811
0.0005403028822667319
0.0006668295065950171
0.0005740107474352711
0.0006844162188568637
0.00048070346849047387
0.0005999022960429897
0.0006927210552027357
0.000601856375183195
0.0006419149975574011
0.0006438690766976063
0.0005544699560332193
0.0006809965803615046
0.0005349291646311676
0.0006687835857352222
0.000605276013678554
0.0006643869076697606
0.0006047874938935028
0.000655105031753786
0.000659990229604299
0.0006614557889594529
0.0004777723497801661
0.0006858817782120176
0.0005754763067904251
0.0006546165119687347
0.0005398143624816804
0.0006893014167073766
0.0006536394723986322
0.0006287249633610162
0.0006145578895945286
0.0006521739130434783
0.0005432340009770396
0.000668295065950171
0.0005915974596971177
0.0006961406936980948
0.0006033219345383488
0.0006507083536883243
0.0006340986809965803
0.0005774303859306302
0.000681485100146556
0.0006687835857352222
0.0005246702491450904
0.0006917440156326331
0.0006116267708842208
0.0007142159257449927
0.0005007327796775769
0.0006653639472398632
0.0006521739130434783
0.0006306790425012213
0.0006365412799218368
0.0006448461162677088
0.000585246702491451
0.0007142159257449927
0.000567171470444553
0.0006453346360527601
0.0005720566682950659
0.000646800195407914
0.0005823155837811431
0.0006013678553981436
0.0006941866145578896
0.0006521739130434783
0.0005017098192476795
0.0006863702979970688
0.0005964826575476307
0.0006932095749877871
0.0004943820224719101
0.0006922325354176843
0.0006345872007816317
0.0006091841719589643
0.0006126038104543234
0.0006233512457254519
0.0005583781143136297
0.000663409868099658
0.0005691255495847581
0.0007054225696140694
0.000557401074743527
0.0006971177332681974
0.0005647288715192965
0.0005559355153883733
0.000655105031753786
0.0006941866145578896
0.0005915974596971177
0.0007137274059599414
0.0006380068392769908
0.0006419149975574011
0.0005793844650708354
0.0006487542745481191
0.0006849047386419151
0.0006126038104543234
0.0005999022960429897
0.0006897899364924279
0.0005744992672203224
0.0006770884220810943
0.0005222276502198338
0.0006365412799218368
0.0005862237420615535
0.0006585246702491451
0.0006653639472398632
0.0006321446018563752
0.0006643869076697606
0.0006414264777723497
0.0005686370297997068
0.0006595017098192477
0.000596971177332682
0.0006590131900341963
0.0005544699560332193
0.000659990229604299
0.000680019540791402
0.0006150464093795799
0.0006179775280898876
0.0005788959452857841
0.0005525158768930142
0.0006893014167073766
0.000542256961406937
0.0007298485588666341
0.0006101612115290668
0.000668295065950171
0.0006067415730337079
0.000638495359062042
0.0006560820713238886
0.0006360527601367856
0.0005266243282852956
0.0006805080605764533
0.0006419149975574011
0.0006741573033707865
0.0005407914020517831
0.0006077186126038105
0.000663409868099658
0.0006306790425012213
0.0005911089399120665
0.0007386419149975574
0.0005676599902296043
0.0007088422081094285
0.0005432340009770396
0.0006292134831460674
0.0005989252564728872
0.000673180263800684
0.0006702491450903762
0.0006502198339032731
0.0006678065461651197
0.0006595017098192477
0.0004938935026868589
0.0006609672691744016
0.0006135808500244259
0.000618466047874939
0.0004865657059110894
0.0006570591108939911
0.0007200781631656083
0.0006673180263800685
0.0005906204201270151
0.0006380068392769908
0.000552027357107963
0.0006150464093795799
0.0005627747923790913
0.0007264289203712751
0.000583781143136297
0.0006511968734733756
0.0006121152906692721
0.0006111382510991696
0.0006282364435759648
0.0006629213483146067
0.0004943820224719101
0.0006697606253053249
0.0006751343429408891
0.0007151929653150952
0.000517342452369321
0.0006111382510991696
0.0006961406936980948
0.000635075720566683
0.0006130923302393747
0.000659990229604299
0.0005652173913043478
0.0007054225696140694
0.0005129457743038593
0.000676599902296043
0.0006145578895945286
0.0006575476306790425
0.000633610161211529
0.0006170004885197851
0.0006609672691744016
0.0006653639472398632
0.0005163654127992183
0.0006292134831460674
0.0006282364435759648
0.0006707376648754274
0.0005622862725940401
0.0006560820713238886
0.0007059110893991206
0.0006741573033707865
0.0005788959452857841
0.0006673180263800685
0.0006013678553981436
0.0006941866145578896
0.0005246702491450904
0.0006902784562774792
0.0005886663409868099
0.0006331216414264777
0.0006150464093795799
0.0005911089399120665
0.0006707376648754274
0.000651685393258427
0.0005070835368832438
0.0006795310210063508
0.0006370297997068881
0.0006980947728382999
0.0005559355153883733
0.0006897899364924279
0.0006702491450903762
0.0006897899364924279
0.0006135808500244259
0.0006565705911089399
0.000583781143136297
0.0007034684904738642
0.0005192965315095261
0.0006668295065950171
0.0005906204201270151
0.0006585246702491451
0.0006321446018563752
0.000651685393258427
0.0006345872007816317
0.0006824621397166585
0.0005471421592574499
0.0006555935515388374
0.0005842696629213483
0.0007044455300439668
0.0005251587689301416
0.0006863702979970688
0.0007083536883243772
0.0006306790425012213
0.0006243282852955545
0.0006565705911089399
0.0005798729848558867
0.0006707376648754274
0.0005862237420615535
0.0006980947728382999
0.0006365412799218368
0.0007010258915486077
0.0006321446018563752
0.0006277479237909135
0.0006277479237909135
0.0006507083536883243
0.0005515388373229115
0.0006697606253053249
0.0005925744992672202
0.0007459697117733268
0.0005989252564728872
0.0006555935515388374
0.0006976062530532486
0.0006360527601367856
0.0005999022960429897
0.0006648754274548119
0.000600390815828041
0.0006985832926233512
0.0005388373229115779
0.0007049340498290181
0.00063019052271617
0.0006658524670249145
0.0006653639472398632
0.0006702491450903762
0.0007068881289692232
0.000681485100146556
0.0005153883732291158
0.0006961406936980948
0.0006038104543234001
0.0007000488519785051
0.000563751831949194
0.0007142159257449927
0.0006941866145578896
0.0007034684904738642
0.0005788959452857841
0.0007181240840254031
0.0005598436736687836
0.0007191011235955056
0.000563751831949194
0.0006971177332681974
0.0006047874938935028
0.0007024914509037617
0.0006653639472398632
0.0006614557889594529
0.0007029799706888129
0.0006565705911089399
0.0005735222276502199
0.0007127503663898388
0.0006218856863702979
0.0006995603321934538
0.0005598436736687836
0.0006463116756228628
0.0007259404005862238
0.0006976062530532486
0.0006179775280898876
0.0007210552027357108
0.0006013678553981436
0.0007020029311187103
0.0005842696629213483
0.0006702491450903762
0.0006414264777723497
0.0006409379579872985
0.0006331216414264777
0.0007161700048851978
0.0006902784562774792
0.0006932095749877871
0.0005085490962383976
0.00067171470444553
0.000605276013678554
0.0006858817782120176
0.0005915974596971177
0.0006780654616511968
0.0007264289203712751
0.0007000488519785051
0.0006331216414264777
0.0006492427943331705
0.0005539814362481681
0.000638495359062042
0.000545676599902296
0.0007137274059599414
0.0006419149975574011
0.0006878358573522228
0.0006297020029311187
0.0006795310210063508
0.0006394723986321445
0.0006858817782120176
0.0005774303859306302
0.0006770884220810943
0.0006062530532486565
0.0007195896433805569
0.0005896433805569125
0.0006243282852955545
0.000676599902296043
0.00067171470444553
0.0005740107474352711
0.000688324377137274
0.0005999022960429897
0.00067171470444553
0.000542256961406937
0.0006604787493893502
0.0005886663409868099
0.0006673180263800685
0.000605276013678554
0.0006546165119687347
0.0006785539814362482
0.0006746458231558377
0.0005403028822667319
0.0006477772349780166
0.0006311675622862725
0.0006976062530532486
0.0005788959452857841
0.0006873473375671715
0.0007181240840254031
0.0006502198339032731
0.0006067415730337079
0.000633610161211529
0.0006360527601367856
0.0007239863214460186
0.0005681485100146556
0.000688324377137274
0.0006174890083048363
0.0006643869076697606
0.0006502198339032731
0.0006121152906692721
0.0006228627259404006
0.0006678065461651197
0.0005652173913043478
0.0007313141182217879
0.0006116267708842208
0.000721543722520762
0.0005349291646311676
0.0006805080605764533
0.0006751343429408891
0.0006624328285295554
0.0006306790425012213
0.0006853932584269663
0.0005466536394723987
0.000681485100146556
0.0005676599902296043
0.0006492427943331705
0.0005832926233512457
0.0006751343429408891
0.0006751343429408891
0.0006448461162677088
0.0006824621397166585
0.0007278944797264289
0.0005212506106497313
0.0007039570102589154
0.0005554469956033219
0.000709819247679531
0.0005153883732291158
0.0007000488519785051
0.0007181240840254031
0.0007000488519785051
0.0005779189057156815
0.0006472887151929653
0.0005657059110893991
0.0006536394723986322
0.0005539814362481681
0.0007029799706888129
0.0005813385442110406
0.0007415730337078652
0.0006428920371275036
0.0006375183194919394
0.0006976062530532486
0.000680019540791402
0.0005466536394723987
0.0007034684904738642
0.0006248168050806057
0.0007352222765021983
0.0005163654127992183
0.0006331216414264777
0.0007059110893991206
0.0006546165119687347
0.0006023448949682462
0.0006951636541279922
0.0006077186126038105
0.0006922325354176843
0.0006077186126038105
0.0006917440156326331
0.0006536394723986322
0.0006961406936980948
0.0006609672691744016
0.0006917440156326331
0.000663409868099658
0.0006878358573522228
0.0005109916951636542
0.0005906204201270151
0.0006008793356130923
0.0007278944797264289
0.0006028334147532976
0.0007191011235955056
0.0006673180263800685
0.0006761113825109917
0.0005872007816316562
0.0006663409868099657
0.0005539814362481681
0.0007122618466047875
0.0005788959452857841
0.0007044455300439668
0.000643380556912555
0.0006614557889594529
0.0006575476306790425
0.0006961406936980948
0.0006746458231558377
0.0006790425012212995
0.0005642403517342453
0.0006976062530532486
0.0006590131900341963
0.0006976062530532486
0.0005720566682950659
0.00067171470444553
0.0006863702979970688
0.0006560820713238886
0.0006502198339032731
0.0007225207620908647
0.0006360527601367856
0.00073961895456766
0.000563751831949194
0.0006893014167073766
0.0005681485100146556
0.0006912554958475818
0.0006526624328285296
0.0006321446018563752
0.0007151929653150952
0.0006673180263800685
0.0005251587689301416
0.0006995603321934538
0.0006218856863702979
