0.0006199316072300928
0.00022276502198339033
0.0006726917440156326
0.00034831460674157307
0.0007191011235955056
0.0002506106497313141
0.0006165119687347338
0.0003966780654616512
0.0005964826575476307
0.00031998045920859794
0.0006428920371275036
0.0002994626282364436
0.0006624328285295554
0.00031314118221787985
0.0006331216414264777
0.0003082559843673669
0.0006091841719589643
0.00037274059599413776
0.0006306790425012213
0.00041182217879824135
0.000651685393258427
0.00024767953102100635
0.0006834391792867611
0.0003883732291157792
0.0006565705911089399
0.0002618466047874939
0.0006458231558378114
0.00040058622374206153
0.0006257938446507083
0.0003253541768441622
0.0006555935515388374
0.000336590131900342
0.0006458231558378114
0.00029555446995603325
0.0007318026380068393
0.00031314118221787985
0.0006560820713238886
0.00036492427943331707
0.0005891548607718613
0.0003702979970688813
0.0006199316072300928
0.00023693209574987786
0.000605276013678554
0.0003312164142647777
0.0006770884220810943
0.0002975085490962384
0.0006248168050806057
0.0004885197850512946
0.0006121152906692721
0.00029457743038593064
0.0006673180263800685
0.0002921348314606742
0.0006712261846604788
0.00028334147532975087
0.0006111382510991696
0.0003014167073766488
0.00063019052271617
0.00037225207620908646
0.0006028334147532976
0.00035906204201270153
0.000681485100146556
0.00026380068392769905
0.0005999022960429897
0.000361504640937958
0.0006355642403517342
0.0002486565705911089
0.0006712261846604788
0.00041524181729360037
0.000651685393258427
0.00032046897899364925
0.0005984367366878358
0.00030337078651685394
0.0006482657547630679
0.000315095261358085
0.0006282364435759648
0.00030434782608695655
0.000651685393258427
0.0002975085490962384
0.0005481191988275525
0.0003453834880312653
0.0006380068392769908
0.00023644357596482656
0.0006805080605764533
0.0003497801660967269
0.0006912554958475818
0.00024181729360039082
0.0005769418661455788
0.00040400586223742066
0.000638495359062042
0.0003668783585735222
0.0006497313141182218
0.0002892037127503664
0.0006526624328285296
0.0002994626282364436
0.00067171470444553
0.0003190034196384954
0.0006355642403517342
0.00036394723986321446
0.0006062530532486565
0.00038153395212506107
0.0006805080605764533
0.00021885686370297995
0.0006057645334636053
0.0003058133854421104
0.0007103077674645823
0.000281875915974597
0.0006233512457254519
0.00044504152418172935
0.0006424035173424523
0.0002608695652173913
0.000600390815828041
0.00032046897899364925
0.0006121152906692721
0.00029457743038593064
0.0006780654616511968
0.00038641914997557405
0.0006331216414264777
0.00036003908158280414
0.0005925744992672202
0.00037127503663898385
0.0006590131900341963
0.0002721055202735711
0.0006472887151929653
0.00030337078651685394
0.0006678065461651197
0.00022129946262823644
0.0006218856863702979
0.0004142647777234978
0.0005964826575476307
0.00033805569125549585
0.00063019052271617
0.00026917440156326334
0.000638495359062042
0.0002320468978993649
0.0005603321934538348
0.00028285295554469957
0.0005901319003419639
0.0003507572056668295
0.0006340986809965803
0.00035710796287249637
0.0006502198339032731
0.00024377137274059598
0.0006233512457254519
0.0003409868099658036
0.0006101612115290668
0.0002506106497313141
0.000635075720566683
0.0004425989252564729
0.0006409379579872985
0.00029018075232046896
0.0006086956521739131
0.00028773815339521255
0.0006082071323888617
0.00032095749877870055
0.0006790425012212995
0.000361504640937958
0.0006795310210063508
0.00037225207620908646
0.0006297020029311187
0.0003522227650219834
0.0006243282852955545
0.00023742061553492917
0.000633610161211529
0.0003248656570591109
0.0006531509526135808
0.00023302393746946751
0.0006277479237909135
0.00043185148998534437
0.0006130923302393747
0.00036883243771372744
0.0006292134831460674
0.0003605276013678554
0.0006712261846604788
0.0002633121641426478
0.000643380556912555
0.0003351245725451881
0.0006858817782120176
0.0003312164142647777
0.0006531509526135808
0.00037225207620908646
0.0006238397655105031
0.0002242305813385442
0.0005974596971177333
0.0002970200293111871
0.0006658524670249145
0.00027747923790913534
0.0006262823644357597
0.0003922813873961896
0.0006409379579872985
0.0002760136785539815
0.0006204201270151442
0.0003248656570591109
0.0006746458231558377
0.0003175378602833415
0.00063019052271617
0.0003351245725451881
0.0006888128969223254
0.0003175378602833415
0.0005808500244259892
0.0003595505617977528
0.000626770884220811
0.00026917440156326334
0.0006414264777723497
0.00032926233512457255
0.0007259404005862238
0.0002906692721055203
0.0005891548607718613
0.00043478260869565214
0.0006585246702491451
0.00037664875427454814
0.0006643869076697606
0.00027405959941377626
0.0006658524670249145
0.00028627259404005864
0.0006091841719589643
0.00033756717147044455
0.0006624328285295554
0.00040400586223742066
0.0006472887151929653
0.00038983878847093307
0.0006370297997068881
0.00023790913531998044
0.0006106497313141183
0.000331704934049829
0.0006375183194919394
0.0002921348314606742
0.0006306790425012213
0.0003966780654616512
0.0006228627259404006
0.0003429408891060088
0.0006179775280898876
0.0002872496336101612
0.000659990229604299
0.0003214460185637518
0.0006673180263800685
0.0003014167073766488
0.0006453346360527601
0.0003419638495359062
0.0006057645334636053
0.0003502686858817782
0.0006311675622862725
0.00024767953102100635
0.0006941866145578896
0.0003522227650219834
0.0006775769418661456
0.0002623351245725452
0.0006243282852955545
0.00041084513922813874
0.0006121152906692721
0.00031216414264777725
0.0006380068392769908
0.0003082559843673669
0.0006839276990718123
0.00025842696629213487
0.0006399609184171959
0.0003224230581338544
0.0006077186126038105
0.00034245236932095753
0.0006233512457254519
0.0004137762579384465
0.0006941866145578896
0.0002085979482169028
0.0006038104543234001
0.0002721055202735711
0.0006360527601367856
0.00028529555446995603
0.0006707376648754274
0.0004377137274059599
0.0006404494382022472
0.000340009770395701
0.0005896433805569125
0.00033707865168539324
0.0006443575964826576
0.0003302393746946751
0.000680019540791402
0.00033756717147044455
0.000633610161211529
0.0003497801660967269
0.0005266243282852956
0.0004088910600879336
0.0006658524670249145
0.000281875915974597
0.0006824621397166585
0.0003453834880312653
0.0006629213483146067
0.0003004396678065462
0.0006155349291646311
0.00041084513922813874
0.0006492427943331705
0.00025256472887151934
0.0006619443087445042
0.0002716170004885198
0.0006780654616511968
0.0002721055202735711
0.0006345872007816317
0.00029653150952613585
0.0006365412799218368
0.00034245236932095753
0.0006023448949682462
0.0004167073766487543
0.0006839276990718123
0.00021152906692721056
0.0006331216414264777
0.0002979970688812897
0.0006546165119687347
0.00027894479726428925
0.0006414264777723497
0.0003541768441621886
0.0006340986809965803
0.0003595505617977528
0.0006130923302393747
0.00031118710307767464
0.0006472887151929653
0.000340009770395701
0.0006595017098192477
0.00031069858329262333
0.0006023448949682462
0.0003097215437225207
0.000601856375183195
0.0003829995114802149
0.0006106497313141183
0.00023497801660967267
0.0006194430874450415
0.0003668783585735222
0.0006638983878847094
0.0002242305813385442
0.0006409379579872985
0.0004054714215925745
0.0006316560820713239
0.0003214460185637518
0.0006536394723986322
0.0003492916463116756
0.0006497313141182218
0.0002755251587689301
0.0006370297997068881
0.00036883243771372744
0.0006624328285295554
0.0003263312164142648
0.0006477772349780166
0.00036736687835857353
0.0006770884220810943
0.0003097215437225207
0.0006111382510991696
0.00033854421104054716
0.0006805080605764533
0.0003229115779189057
0.0006604787493893502
0.0004528578407425501
0.000668295065950171
0.00035906204201270153
0.0006526624328285296
0.0002535417684416219
0.0006345872007816317
0.0002672203224230582
0.0006951636541279922
0.00039325842696629214
0.0006179775280898876
0.00030776746458231557
0.0006106497313141183
0.00036736687835857353
0.0006536394723986322
0.00029506595017098194
0.0007049340498290181
0.00036736687835857353
0.0006663409868099657
0.0002427943331704934
0.0006414264777723497
0.0004474841231069858
0.0006101612115290668
0.0003160723009281876
0.000676599902296043
0.00030190522716170003
0.0006340986809965803
0.0003175378602833415
0.0006653639472398632
0.00033317049340498287
0.0006321446018563752
0.00043820224719101126
0.0006057645334636053
0.0004377137274059599
0.0006272594040058622
0.00022667318026380068
0.0006213971665852467
0.0003214460185637518
0.0006761113825109917
0.00030532486565705916
0.000659990229604299
0.0004504152418172936
0.0006472887151929653
0.000336590131900342
0.0006638983878847094
0.0002755251587689301
0.000635075720566683
0.00029995114802149487
0.0006809965803615046
0.00034587200781631655
0.0006536394723986322
0.0003238886174890083
0.0005451880801172447
0.0004142647777234978
0.000626770884220811
0.0002799218368343918
0.0006946751343429409
0.0003981436248168051
0.0006736687835857352
0.0002706399609184172
0.0006194430874450415
0.00042696629213483144
0.0006375183194919394
0.00031314118221787985
0.000638495359062042
0.0003302393746946751
0.0006692721055202736
0.0002760136785539815
0.0006590131900341963
0.00030679042501221296
0.0006287249633610162
0.0003707865168539326
0.0006023448949682462
0.00041279921836834396
0.0006370297997068881
0.00028334147532975087
0.0006663409868099657
0.0003629702002931119
0.0006624328285295554
0.00031851489985344403
0.0006668295065950171
0.0004518808011724475
0.0007122618466047875
0.00035710796287249637
0.0006521739130434783
0.00033365901319003423
0.0006575476306790425
0.00030337078651685394
0.0006409379579872985
0.0003619931607230093
0.0006428920371275036
0.00039374694675134344
0.0005989252564728872
0.0003683439179286761
0.0006082071323888617
0.00029555446995603325
0.000663409868099658
0.00037762579384465074
0.0006702491450903762
0.00028627259404005864
0.0006042989741084513
0.0004865657059110894
0.0006785539814362482
0.0003341475329750855
0.0006643869076697606
0.0002975085490962384
0.0006897899364924279
0.0002794333170493405
0.0006595017098192477
0.00032877381533952124
0.0006345872007816317
0.0003966780654616512
0.0006194430874450415
0.000416218856863703
0.0006853932584269663
0.00023497801660967267
0.0006355642403517342
0.00037616023448949683
0.0006736687835857352
0.0003092330239374695
0.0007020029311187103
0.0004000977039570103
0.0006194430874450415
0.00035613092330239376
0.0006595017098192477
0.000323400097703957
0.0006741573033707865
0.0002975085490962384
0.0007005373717635565
0.0003654127992183683
0.0006780654616511968
0.00036736687835857353
0.0006213971665852467
0.000399609184171959
0.0006399609184171959
0.00030190522716170003
0.0006321446018563752
0.0003541768441621886
0.0006961406936980948
0.0002755251587689301
0.0006126038104543234
0.0004572545188080117
0.0006399609184171959
0.0003497801660967269
0.0006726917440156326
0.00029457743038593064
0.0006643869076697606
0.00029506595017098194
0.0006511968734733756
0.0003326819736199316
0.0006609672691744016
0.00038446507083536883
0.0006345872007816317
0.0004147532975085491
0.0006687835857352222
0.00028773815339521255
0.0006658524670249145
0.0002936003908158281
0.0006712261846604788
0.00026868588177821203
0.0006521739130434783
0.0004782608695652174
0.0006853932584269663
0.0003277967757694187
0.0006624328285295554
0.0002784562774792379
0.0006726917440156326
0.000331704934049829
0.0006702491450903762
0.00034489496824621394
0.0006082071323888617
0.00036443575964826576
0.0006077186126038105
0.00038202247191011237
0.0006360527601367856
0.000252076209086468
0.0006365412799218368
0.00034636052760136785
0.0007171470444553005
0.0002618466047874939
0.0006702491450903762
0.0004235466536394724
0.0006292134831460674
0.0003390327308255984
0.0006438690766976063
0.00035124572545188083
0.0006829506595017098
0.0003072789447972643
0.0006555935515388374
0.0003654127992183683
0.0006570591108939911
0.0004132877381533952
0.0006360527601367856
0.00039325842696629214
0.0006761113825109917
0.00020908646800195407
0.0006150464093795799
0.0003654127992183683
0.0006565705911089399
0.0003141182217879824
0.0006580361504640938
0.00040156326331216414
0.000593551538837323
0.0003087445041524182
0.0006174890083048363
0.0002677088422081094
0.000668295065950171
0.00031216414264777725
0.0007068881289692232
0.0003175378602833415
0.0007073766487542745
0.000361504640937958
0.0005486077186126038
0.00041084513922813874
0.000663409868099658
0.0002247191011235955
0.0006834391792867611
0.0003351245725451881
0.0007068881289692232
0.0002496336101612115
0.0006966292134831461
0.0003873961895456766
0.0006062530532486565
0.0003585735222276502
0.0006448461162677088
0.00032046897899364925
0.0006560820713238886
0.00028334147532975087
0.0006306790425012213
0.00034684904738641916
0.0006419149975574011
0.00031998045920859794
0.0005964826575476307
0.0003717635564240352
0.0006507083536883243
0.0002623351245725452
0.0006321446018563752
0.00034245236932095753
0.0006458231558378114
0.0003629702002931119
0.0006941866145578896
0.0004767953102100635
0.000646800195407914
0.0003097215437225207
0.0006248168050806057
0.0003058133854421104
0.0006878358573522228
0.00028773815339521255
0.000646800195407914
0.00035710796287249637
0.0006971177332681974
0.0004123106985832926
0.000592085979482169
0.00040644846116267706
0.0006570591108939911
0.0002921348314606742
0.0006863702979970688
0.00033610161211529064
0.0007020029311187103
0.00025842696629213487
0.0006428920371275036
0.00044553004396678065
0.0006096726917440156
0.0003444064484611627
0.0006697606253053249
0.000323400097703957
0.0006932095749877871
0.00029164631167562287
0.0006834391792867611
0.0003527112848070347
0.0006238397655105031
0.0003859306301905227
0.0006218856863702979
0.00043478260869565214
0.0006888128969223254
0.0002848070346849048
0.0006194430874450415
0.0003356130923302394
0.0006614557889594529
0.00031216414264777725
0.000681485100146556
0.0004220810942843185
0.0006243282852955545
0.0002926233512457255
0.0006370297997068881
0.000340009770395701
0.0006155349291646311
0.0003351245725451881
0.0006897899364924279
0.0003268197361993161
0.0006409379579872985
0.00036345872007816316
0.0006565705911089399
0.0003825109916951637
0.0006277479237909135
0.00027015144113336594
0.0006638983878847094
0.0004059599413776258
0.000714704445530044
0.0002926233512457255
0.0005950170981924768
0.00042452369320957503
0.0006243282852955545
0.00032975085490962385
0.0006663409868099657
0.00032437713727405957
0.0006365412799218368
0.00029164631167562287
0.0006272594040058622
0.0003742061553492916
0.0006546165119687347
0.00040254030288226674
0.0006233512457254519
0.0004758182706399609
0.000663409868099658
0.00022178798241328772
0.00063019052271617
0.0003224230581338544
0.0006849047386419151
0.0002906692721055203
0.0006370297997068881
0.00043478260869565214
0.0006595017098192477
0.00039032730825598437
0.000638495359062042
0.0003341475329750855
0.0006472887151929653
0.000281875915974597
0.0007049340498290181
0.000323400097703957
0.0006086956521739131
0.0003873961895456766
0.0005857352222765022
0.00039032730825598437
0.0005803615046409379
0.0002618466047874939
0.000676599902296043
0.000323400097703957
0.0006976062530532486
0.0002711284807034685
0.0006365412799218368
0.00044357596482657544
0.0006316560820713239
0.00035368832437713724
0.0006565705911089399
0.0003356130923302394
0.000680019540791402
0.00031998045920859794
0.0006243282852955545
0.0003453834880312653
0.0006741573033707865
0.0003922813873961896
0.0006399609184171959
0.0004250122129946263
0.0006609672691744016
0.00023693209574987786
0.0006238397655105031
0.00033756717147044455
0.0006419149975574011
0.00031656082071323887
0.0006609672691744016
0.00040400586223742066
0.000651685393258427
0.0003453834880312653
0.0006595017098192477
0.00036492427943331707
0.0006082071323888617
0.0003023937469467514
0.0007034684904738642
0.0003238886174890083
0.0006751343429408891
0.000331704934049829
0.0005696140693698096
0.000416218856863703
0.000633610161211529
0.0002755251587689301
0.0006912554958475818
0.00038495359062042014
0.0006648754274548119
0.00027405959941377626
0.0006428920371275036
0.00044113336590131903
0.0006438690766976063
0.0003610161211529067
0.0006673180263800685
0.00031118710307767464
0.0006809965803615046
0.00021983390327308256
0.0006580361504640938
0.0003595505617977528
0.0006673180263800685
0.00040205178309721544
0.0006707376648754274
0.00038006839276990715
0.0007029799706888129
0.0003092330239374695
0.0006262823644357597
0.0003702979970688813
0.0006844162188568637
0.00035368832437713724
0.0006961406936980948
0.00041133365901319005
0.0006380068392769908
0.00031558378114313626
0.0006394723986321445
0.0003478260869565217
0.0006531509526135808
0.0003321934538348803
0.000651685393258427
0.00033854421104054716
0.0006663409868099657
0.0003351245725451881
0.0006482657547630679
0.00037567171470444553
0.0006722032242305813
0.00028676111382510994
0.0006526624328285296
0.00038006839276990715
0.0006907669760625306
0.0002510991695163654
0.0006619443087445042
0.0004504152418172936
0.0006306790425012213
0.0003961895456765999
0.0006936980947728383
0.0003263312164142648
0.0006712261846604788
0.00032046897899364925
0.0006160234489496824
0.0003326819736199316
0.0006790425012212995
0.0003629702002931119
0.0006189545676599902
0.0004504152418172936
0.0006751343429408891
0.0002594040058622374
0.0006746458231558377
0.0003654127992183683
0.0006741573033707865
0.0002926233512457255
0.0006380068392769908
0.0004313629702002931
0.0006844162188568637
0.00034684904738641916
0.0006292134831460674
0.000361504640937958
0.0006907669760625306
0.0003102100635075721
0.0006736687835857352
0.00029653150952613585
0.000673180263800684
0.0004049829018075232
0.0005945285784074255
0.0004479726428920371
0.0007054225696140694
0.0002896922325354177
0.0006897899364924279
0.00034245236932095753
0.000668295065950171
0.0003277967757694187
0.0006472887151929653
0.0004401563263312164
0.000643380556912555
0.0003610161211529067
0.0006609672691744016
0.00037274059599413776
0.0007225207620908647
0.0003356130923302394
0.0006013678553981436
0.00031949193942354664
0.000646800195407914
0.0003917928676111382
0.0006126038104543234
0.0004054714215925745
0.0007059110893991206
0.0003429408891060088
0.0006223742061553493
0.0003575964826575476
0.0006492427943331705
0.0003063019052271617
0.0007244748412310698
0.0004069369809477284
0.0006678065461651197
0.0003321934538348803
0.0006585246702491451
0.0003346360527601368
0.0006565705911089399
0.00031558378114313626
0.0006585246702491451
0.00031998045920859794
0.0006678065461651197
0.00036980947728383
0.0006116267708842208
0.00043575964826575474
0.0006228627259404006
0.0003048363458720078
0.0006902784562774792
0.0003654127992183683
0.0006687835857352222
0.00028773815339521255
0.0006213971665852467
0.00044357596482657544
0.0006521739130434783
0.0003404982901807523
0.0007122618466047875
0.00031851489985344403
0.0006575476306790425
0.00031118710307767464
0.0006428920371275036
0.00031558378114313626
0.0006590131900341963
0.00037371763556424037
0.0006560820713238886
0.00036394723986321446
0.0006873473375671715
0.0002926233512457255
0.000651685393258427
0.0003097215437225207
0.0007054225696140694
0.000361504640937958
0.0006980947728382999
0.000378114313629702
0.0006595017098192477
0.00034489496824621394
0.0005979482169027845
0.0003146067415730337
0.000676599902296043
0.0002921348314606742
0.0006638983878847094
0.00036736687835857353
0.0006492427943331705
0.0003829995114802149
0.0006482657547630679
0.00042843185148998535
0.0006663409868099657
0.000298485588666341
0.0006941866145578896
0.000353199804592086
0.0006893014167073766
0.00027357107962872496
0.000618466047874939
0.0004289203712750366
0.0006443575964826576
0.0003087445041524182
0.0006961406936980948
0.0003605276013678554
0.0006976062530532486
0.00028236443575964826
0.000688324377137274
0.00032095749877870055
0.000680019540791402
0.0003751831949193942
0.000635075720566683
0.0004509037616023449
0.0006834391792867611
0.00023790913531998044
0.0006272594040058622
0.00040254030288226674
0.0006849047386419151
0.00028627259404005864
0.0006761113825109917
0.00041182217879824135
0.0006678065461651197
0.00031998045920859794
0.0006604787493893502
0.00032926233512457255
0.0006487542745481191
0.00030288226673180264
0.0006936980947728383
0.0003707865168539326
0.0006902784562774792
0.0003751831949193942
0.000600390815828041
0.00040742550073277967
0.000668295065950171
0.0002887151929653151
0.0006770884220810943
0.00038397655105031753
0.0007259404005862238
0.0002506106497313141
0.0006082071323888617
0.0004049829018075232
0.0006165119687347338
0.00032046897899364925
0.0006648754274548119
0.0003629702002931119
0.00067171470444553
0.00028578407425500734
0.0006497313141182218
0.0003795798729848559
0.0006936980947728383
0.0003869076697606253
0.0006575476306790425
0.0004098680996580362
0.0006932095749877871
0.0003014167073766488
0.0006282364435759648
0.0003390327308255984
0.0007000488519785051
0.0003092330239374695
0.0006990718124084026
0.00044357596482657544
0.0006306790425012213
0.0003580850024425989
0.0006756228627259405
0.00031167562286272594
0.0006360527601367856
0.00030679042501221296
0.0007142159257449927
0.00040058622374206153
0.0006917440156326331
0.0003351245725451881
0.0006194430874450415
0.00033610161211529064
0.0006932095749877871
0.00028676111382510994
0.0006722032242305813
0.00033707865168539324
0.0006741573033707865
0.0002926233512457255
0.0006438690766976063
0.000407914020517831
0.0005823155837811431
0.000353199804592086
0.0006209086468001954
0.00037127503663898385
0.0006770884220810943
0.0003268197361993161
0.0006673180263800685
0.00039276990718124083
0.0006756228627259405
0.00039276990718124083
0.0006555935515388374
0.0004323400097703957
0.000659990229604299
0.00023937469467513433
0.0007049340498290181
0.00035124572545188083
0.0006746458231558377
0.0003082559843673669
0.0006795310210063508
0.0004386907669760625
0.0006751343429408891
0.00033707865168539324
0.0006448461162677088
0.00027699071812408403
0.0006849047386419151
0.000336590131900342
0.0006966292134831461
0.00032828529555446994
0.0006790425012212995
0.0003873961895456766
0.0005495847581827064
0.00038641914997557405
0.0006629213483146067
0.00023546653639472398
0.000714704445530044
0.0003341475329750855
0.0007191011235955056
0.00027503663898387887
0.0006521739130434783
0.00044455300439667805
0.0006668295065950171
0.0003439179286761114
0.0006062530532486565
0.00031167562286272594
0.0007020029311187103
0.00033610161211529064
0.000659990229604299
0.0003419638495359062
0.0006809965803615046
0.0003659013190034197
0.0006292134831460674
0.00044113336590131903
0.0007088422081094285
0.00025842696629213487
0.0006316560820713239
0.0003580850024425989
0.0006785539814362482
0.00032975085490962385
0.0007122618466047875
0.00044699560332193456
0.000592085979482169
0.0003170493404982902
0.0006228627259404006
0.00035613092330239376
0.0007269174401563263
0.00031656082071323887
0.0006956521739130434
0.0003492916463116756
0.0006985832926233512
0.0003429408891060088
0.000605276013678554
0.00039863214460185637
0.0006746458231558377
0.0002843185148998534
0.0006907669760625306
0.00037322911577918907
0.0007220322423058134
0.00033365901319003423
0.00063019052271617
0.00048070346849047387
0.0006057645334636053
0.00032437713727405957
0.0006863702979970688
0.0003883732291157792
0.0006971177332681974
0.00032095749877870055
0.0006414264777723497
0.00034684904738641916
0.000668295065950171
0.0003917928676111382
0.0006736687835857352
0.0003961895456765999
0.0006453346360527601
0.00023790913531998044
0.0006565705911089399
0.00035124572545188083
0.0006956521739130434
0.00030190522716170003
0.0006888128969223254
0.0004440644846116268
0.0006321446018563752
0.0003326819736199316
0.000651685393258427
0.00036980947728383
0.0006511968734733756
0.00029995114802149487
0.0007244748412310698
0.00035466536394723985
0.00071323888617489
0.00035710796287249637
0.0005784074255007328
0.0002994626282364436
0.0006262823644357597
0.00028138739618954566
0.0006985832926233512
0.0003321934538348803
0.0006795310210063508
0.0003102100635075721
0.0006511968734733756
0.0004601856375183195
0.0006844162188568637
0.0003751831949193942
0.0006819736199316072
0.00028334147532975087
0.0007440156326331217
0.0003160723009281876
0.0006507083536883243
0.0003654127992183683
0.0006399609184171959
0.0003981436248168051
0.0006160234489496824
0.0004479726428920371
0.0006580361504640938
0.00021006350757205668
0.0006643869076697606
0.00033317049340498287
0.0006746458231558377
0.00031998045920859794
0.0006927210552027357
0.0004132877381533952
0.0006297020029311187
0.00040302882266731805
0.0006663409868099657
0.00038104543234000976
0.0006863702979970688
0.0003253541768441622
0.0006687835857352222
0.0003497801660967269
0.000681485100146556
0.00039325842696629214
0.0006726917440156326
0.0003966780654616512
0.0006702491450903762
0.0002921348314606742
0.000680019540791402
0.00038495359062042014
0.0006458231558378114
0.00027405959941377626
0.0006116267708842208
0.00041279921836834396
0.0006595017098192477
0.00037567171470444553
0.0006956521739130434
0.0003869076697606253
0.0007181240840254031
0.0003312164142647777
0.0005940400586223742
0.0003605276013678554
0.0006487542745481191
0.0003971665852467025
0.0006770884220810943
0.00036785539814362483
0.0006824621397166585
0.00027796775769418664
0.0006541279921836834
0.0003414753297508549
0.0007059110893991206
0.0003356130923302394
0.0006844162188568637
0.00042940889106008796
0.0006228627259404006
0.00032095749877870055
0.0006751343429408891
0.00029555446995603325
0.0006829506595017098
0.0003160723009281876
0.0006736687835857352
0.00037322911577918907
0.0007103077674645823
0.0003497801660967269
0.0005740107474352711
0.00040937957987298483
0.0006824621397166585
0.00029408891060087933
0.0006692721055202736
0.00037567171470444553
0.0007083536883243772
0.00029653150952613585
0.0006560820713238886
0.000449438202247191
0.0006218856863702979
0.00035564240351734246
0.0006424035173424523
0.00034489496824621394
0.000659990229604299
0.0002975085490962384
0.0006658524670249145
0.0003136297020029311
0.0006248168050806057
0.000374694675134343
0.0006531509526135808
0.0004313629702002931
0.0006209086468001954
0.00022032242305813384
0.0006697606253053249
0.00033707865168539324
0.000676599902296043
0.00030679042501221296
0.0006272594040058622
0.00044455300439667805
0.000596971177332682
0.00032730825598436733
0.0006399609184171959
0.0003160723009281876
0.0006849047386419151
0.0003356130923302394
0.000706399609184172
0.00035515388373229116
0.0006697606253053249
0.00033805569125549585
0.0005999022960429897
0.0004386907669760625
0.0006673180263800685
0.00023106985832926233
0.0006448461162677088
0.000331704934049829
0.0006096726917440156
0.00022081094284318514
0.0006653639472398632
0.0004440644846116268
0.0006013678553981436
0.0003595505617977528
0.000659990229604299
0.00031216414264777725
0.0006912554958475818
0.0003058133854421104
0.0006541279921836834
0.00032975085490962385
0.000723009281875916
0.0004123106985832926
0.0006653639472398632
0.00041133365901319005
0.0006785539814362482
0.0002711284807034685
0.0006487542745481191
0.00036980947728383
0.0006638983878847094
0.00029995114802149487
0.0006995603321934538
0.0005031753786028335
0.00067171470444553
0.00030190522716170003
0.000680019540791402
0.00031558378114313626
0.0006785539814362482
0.0002721055202735711
0.0007191011235955056
0.00032877381533952124
0.0006858817782120176
0.0003693209574987787
0.000651685393258427
0.00040400586223742066
0.000635075720566683
0.00025598436736687835
0.0007068881289692232
0.0003277967757694187
0.0007518319491939423
0.00026917440156326334
0.0006238397655105031
0.00038641914997557405
0.0006448461162677088
0.0003575964826575476
0.0007068881289692232
0.0003356130923302394
0.0007640449438202247
0.000298485588666341
0.0006756228627259405
0.0003341475329750855
0.000638495359062042
0.0003629702002931119
0.000668295065950171
0.00039765510503175376
0.0007186126038104543
0.00021201758671226184
0.0006678065461651197
0.0002975085490962384
0.0006624328285295554
0.0002838299951148022
0.0006722032242305813
0.0004386907669760625
0.000646800195407914
0.0003659013190034197
0.0006419149975574011
0.0002760136785539815
0.0006604787493893502
0.00028285295554469957
0.0006663409868099657
0.0003072789447972643
0.0007161700048851978
0.0003922813873961896
0.0006297020029311187
0.0004044943820224719
0.000601856375183195
0.0002496336101612115
0.0006819736199316072
0.00039521250610649735
0.0007137274059599414
0.00029311187103077673
0.0006331216414264777
0.0004250122129946263
0.0006453346360527601
0.000356619443087445
0.0006726917440156326
0.00033854421104054716
0.0007000488519785051
0.000315095261358085
0.0006824621397166585
0.00032730825598436733
0.0006297020029311187
0.00039863214460185637
0.0006028334147532976
0.000407914020517831
0.0006643869076697606
0.00027796775769418664
0.0006985832926233512
0.0003356130923302394
0.0007122618466047875
0.0003141182217879824
0.0006570591108939911
0.0004235466536394724
0.0006321446018563752
0.0003087445041524182
0.0006292134831460674
0.0003522227650219834
0.0006072300928187591
0.0003263312164142648
0.0007376648754274549
0.00038641914997557405
0.0006809965803615046
0.00037371763556424037
0.0006507083536883243
0.0003859306301905227
0.0006370297997068881
0.0003263312164142648
0.0006897899364924279
0.0003859306301905227
0.0007332681973619931
0.00026135808500244264
0.0006297020029311187
0.0003834880312652663
0.0006223742061553493
0.0003957010258915486
0.0006692721055202736
0.0003580850024425989
0.000643380556912555
0.0002427943331704934
0.0006722032242305813
0.0003224230581338544
0.0006585246702491451
0.00037274059599413776
0.000618466047874939
0.000394723986321446
0.0006819736199316072
0.00030190522716170003
0.0006722032242305813
0.00032828529555446994
0.0007068881289692232
0.0003009281875915975
0.0006702491450903762
0.0003859306301905227
0.0006443575964826576
0.00029018075232046896
0.0006028334147532976
0.00034831460674157307
0.0006809965803615046
0.00028138739618954566
0.000680019540791402
0.0004147532975085491
0.0006912554958475818
0.00036492427943331707
0.0006213971665852467
0.00041182217879824135
0.0007469467513434294
0.0003092330239374695
0.0006941866145578896
0.00037664875427454814
0.0007049340498290181
0.00029311187103077673
0.0006091841719589643
0.0004440644846116268
0.000618466047874939
0.00038153395212506107
0.0006697606253053249
0.0003409868099658036
0.0006614557889594529
0.00025989252564728873
0.0006419149975574011
0.0003507572056668295
0.0006678065461651197
0.0003742061553492916
0.0006238397655105031
0.000399609184171959
0.0006756228627259405
0.00024572545188080114
0.0006687835857352222
0.0003488031265266243
0.000706399609184172
0.0002730825598436737
0.000676599902296043
0.00041182217879824135
0.0006204201270151442
0.0003346360527601368
0.0006448461162677088
0.0003258426966292135
0.0006941866145578896
0.00029506595017098194
0.0006668295065950171
0.0003619931607230093
0.0006809965803615046
0.0003742061553492916
0.0006277479237909135
0.00047532975085490964
0.000655105031753786
0.0002535417684416219
0.0006619443087445042
0.0004167073766487543
0.0007161700048851978
0.00030434782608695655
0.0006624328285295554
0.00044064484611626767
0.0006585246702491451
0.0003771372740595994
0.0006702491450903762
0.0003488031265266243
0.0006502198339032731
0.00029018075232046896
0.0006658524670249145
0.00034245236932095753
0.0006365412799218368
0.0004176844162188569
0.0006658524670249145
0.00042696629213483144
0.0007181240840254031
0.00026868588177821203
0.0006438690766976063
0.00036248168050806055
0.0006873473375671715
0.0003502686858817782
0.0006893014167073766
0.0004680019540791402
0.0006463116756228628
0.00036492427943331707
0.0006917440156326331
0.00036248168050806055
0.0007068881289692232
0.00035466536394723985
0.0007313141182217879
0.000340009770395701
0.0006746458231558377
0.00033707865168539324
0.0006067415730337079
0.000394723986321446
0.0007049340498290181
0.00031118710307767464
0.0006805080605764533
0.0003668783585735222
0.0007176355642403517
0.0002721055202735711
0.0006140693698094773
0.0004567659990229604
0.000659990229604299
0.00038006839276990715
0.0006722032242305813
0.000323400097703957
0.0006712261846604788
0.0003253541768441622
0.0006282364435759648
0.00037616023448949683
0.000655105031753786
0.00045481191988275526
0.0006697606253053249
0.0003834880312652663
0.0006629213483146067
0.00024035173424523693
0.0006316560820713239
0.00040400586223742066
0.0006687835857352222
0.0002960429897410845
0.0006502198339032731
0.0004562774792379091
0.0006404494382022472
0.0002994626282364436
0.0006106497313141183
0.0003356130923302394
0.0006487542745481191
0.00029555446995603325
0.0007420615534929165
0.0003585735222276502
0.0006941866145578896
0.0003922813873961896
0.0006130923302393747
0.0003961895456765999
0.0006726917440156326
0.0003258426966292135
0.0006565705911089399
0.00030776746458231557
0.0007357107962872497
0.0002540302882266732
0.0006531509526135808
0.0004465070835368832
0.0006531509526135808
0.00039521250610649735
0.0006780654616511968
0.0003341475329750855
0.0007024914509037617
0.00029653150952613585
0.000680019540791402
0.0003629702002931119
0.0006536394723986322
0.0003917928676111382
0.0006130923302393747
0.0004049829018075232
0.0006785539814362482
0.00021885686370297995
0.0006648754274548119
0.00036394723986321446
0.0006492427943331705
0.00028627259404005864
0.0006419149975574011
0.00046604787493893503
0.0006824621397166585
0.0002808988764044944
0.0006868588177821202
0.00027454811919882757
0.0006936980947728383
0.0002906692721055203
0.0007225207620908647
0.000378114313629702
0.0006805080605764533
0.0003981436248168051
0.000605276013678554
0.00035710796287249637
0.0006507083536883243
0.00029506595017098194
0.0007151929653150952
0.0003981436248168051
0.0007313141182217879
0.0002506106497313141
0.0006380068392769908
0.00045774303859306303
0.0006223742061553493
0.00032437713727405957
0.0006775769418661456
0.00035124572545188083
0.0006609672691744016
0.0002892037127503664
0.0006956521739130434
0.0003321934538348803
0.0006560820713238886
0.00037664875427454814
0.0006463116756228628
0.0003805569125549585
0.0006824621397166585
0.00025842696629213487
0.0006238397655105031
0.00039081582804103567
0.0007347337567171471
0.000331704934049829
0.0006927210552027357
0.0004377137274059599
0.000646800195407914
0.0003419638495359062
0.0006360527601367856
0.0003390327308255984
0.0006971177332681974
0.0003229115779189057
0.0007078651685393258
0.00040156326331216414
0.0006511968734733756
0.00037127503663898385
0.0005959941377625794
0.00048021494870542256
0.0006272594040058622
0.00029018075232046896
0.000709819247679531
0.00036980947728383
0.00071323888617489
0.00026917440156326334
0.0006150464093795799
0.0004504152418172936
0.0006511968734733756
0.000340009770395701
0.0006824621397166585
0.0003346360527601368
0.000676599902296043
0.0002926233512457255
0.0006458231558378114
0.0003302393746946751
0.000646800195407914
0.00037371763556424037
0.0006614557889594529
0.0004211040547142159
0.0006756228627259405
0.00025842696629213487
0.0006643869076697606
0.0003444064484611627
0.0007044455300439668
0.00029555446995603325
0.0006849047386419151
0.0004313629702002931
0.0006902784562774792
0.00032193453834880316
0.0006238397655105031
0.00035466536394723985
0.000673180263800684
0.0003478260869565217
0.0007313141182217879
0.00028285295554469957
0.0007239863214460186
0.0003917928676111382
0.0006013678553981436
0.000374694675134343
0.0006116267708842208
0.00026917440156326334
0.0007020029311187103
0.0003795798729848559
0.0006580361504640938
0.00027259404005862235
0.0006028334147532976
0.00045432340009770396
0.0006507083536883243
0.00034831460674157307
0.0006536394723986322
0.00040254030288226674
0.0006531509526135808
0.0002896922325354177
0.0006370297997068881
0.0003439179286761114
0.0006179775280898876
0.00041084513922813874
0.0006174890083048363
0.0004211040547142159
0.0007274059599413776
0.00023644357596482656
0.0006888128969223254
0.00034733756717147046
0.0006223742061553493
0.00029653150952613585
0.0006326331216414265
0.000449438202247191
0.0006331216414264777
0.00037762579384465074
0.0006638983878847094
0.0003488031265266243
0.0006399609184171959
0.0003229115779189057
0.0006868588177821202
0.0003229115779189057
0.0007200781631656083
0.0003595505617977528
0.000633610161211529
0.0003717635564240352
0.0006590131900341963
0.00027894479726428925
0.0007059110893991206
0.00036443575964826576
0.0007166585246702492
0.0003004396678065462
0.0006204201270151442
0.00044064484611626767
0.0006614557889594529
0.0003922813873961896
0.0006643869076697606
0.00031558378114313626
0.0007191011235955056
0.0003097215437225207
0.0007000488519785051
0.000399609184171959
0.0006897899364924279
0.00037664875427454814
0.0006316560820713239
0.0004440644846116268
0.0006922325354176843
0.0002843185148998534
0.0006531509526135808
0.00035613092330239376
0.0007117733268197362
0.00029506595017098194
0.0007474352711284807
0.0004733756717147045
0.000709819247679531
0.00035368832437713724
0.0006643869076697606
0.00031851489985344403
0.0006946751343429409
0.00031069858329262333
0.0007181240840254031
0.00034245236932095753
0.0006839276990718123
0.00036443575964826576
0.0006218856863702979
0.0004059599413776258
0.0006751343429408891
0.00029506595017098194
0.0007278944797264289
0.0003409868099658036
0.0007195896433805569
0.0002706399609184172
0.0006785539814362482
0.00041182217879824135
0.0005759648265754763
0.000356619443087445
0.0006849047386419151
0.0003146067415730337
0.0007195896433805569
0.00028334147532975087
0.0006443575964826576
0.00033805569125549585
0.0006492427943331705
0.00039765510503175376
0.0006893014167073766
0.00041524181729360037
0.0006741573033707865
0.0002340009770395701
0.0006580361504640938
0.0003654127992183683
0.0006702491450903762
0.0003258426966292135
0.0006927210552027357
0.0004264777723497802
0.0006834391792867611
0.0003439179286761114
0.0006355642403517342
0.0003434294088910601
0.0006248168050806057
0.00026868588177821203
0.0006990718124084026
0.0003717635564240352
0.0006990718124084026
0.00036883243771372744
0.0005862237420615535
0.00039423546653639474
0.000638495359062042
0.0002970200293111871
0.0006902784562774792
0.00039374694675134344
0.0007068881289692232
0.00024767953102100635
0.0007029799706888129
0.00047923790913532
0.000635075720566683
0.0004132877381533952
0.0007332681973619931
0.00031216414264777725
0.0006922325354176843
0.00032437713727405957
0.000743038593063019
0.00037664875427454814
0.0006775769418661456
0.00043478260869565214
0.0006941866145578896
0.0003957010258915486
0.0006834391792867611
0.00024621397166585244
0.0006692721055202736
0.00032877381533952124
0.0007503663898387885
0.0003527112848070347
0.000706399609184172
0.00043673668783585735
0.0006819736199316072
0.0003771372740595994
0.0006585246702491451
0.00032877381533952124
0.0006502198339032731
0.00031949193942354664
0.0006824621397166585
0.00032046897899364925
0.0007059110893991206
0.0003663898387884709
0.0006194430874450415
0.00042696629213483144
0.0006375183194919394
0.00028773815339521255
0.0006692721055202736
0.00038641914997557405
0.0007059110893991206
0.00035515388373229116
0.0006526624328285296
0.0004386907669760625
0.0005974596971177333
0.0003771372740595994
0.0006638983878847094
0.00034587200781631655
0.0007127503663898388
0.00033610161211529064
0.0006858817782120176
0.00033707865168539324
0.0006448461162677088
0.00037762579384465074
0.0006272594040058622
0.00038202247191011237
0.0006638983878847094
0.0002838299951148022
0.0006668295065950171
0.000391304347826087
0.0007029799706888129
0.00028285295554469957
0.0006922325354176843
0.00044553004396678065
0.0006648754274548119
0.0003575964826575476
0.0006477772349780166
0.00027894479726428925
0.0006585246702491451
0.0003434294088910601
0.000721543722520762
0.0003668783585735222
0.0006980947728382999
0.00036785539814362483
0.0005979482169027845
0.0004601856375183195
0.0006438690766976063
0.00031851489985344403
0.0006966292134831461
0.00035368832437713724
0.0007220322423058134
0.00033756717147044455
0.0006165119687347338
0.00040302882266731805
0.0006424035173424523
0.0003654127992183683
0.0006643869076697606
0.00036492427943331707
0.0006648754274548119
0.0002696629213483146
0.0006438690766976063
0.0003312164142647777
0.000688324377137274
0.00041182217879824135
0.000668295065950171
0.0004235466536394724
0.0006951636541279922
0.00025598436736687835
0.0006389838788470933
0.0003429408891060088
0.0007195896433805569
0.0003312164142647777
0.0006751343429408891
0.0004670249145090376
0.0006306790425012213
0.00033707865168539324
0.0006902784562774792
0.00038886174890083046
0.0007151929653150952
0.0003351245725451881
0.0007459697117733268
0.0003004396678065462
0.0006888128969223254
0.0004211040547142159
0.0005847581827063996
0.0004528578407425501
0.0006980947728382999
0.0002926233512457255
0.0006570591108939911
0.00037127503663898385
0.0007205666829506595
0.0003014167073766488
0.0006419149975574011
0.0004338055691255496
0.0006365412799218368
0.00033805569125549585
0.0007259404005862238
0.00034587200781631655
0.0007445041524181729
0.0003419638495359062
0.000681485100146556
0.0004132877381533952
0.0006775769418661456
0.00040644846116267706
0.0007049340498290181
0.0003825109916951637
0.0006785539814362482
0.0002325354176844162
0.0006419149975574011
0.0003786028334147533
0.000651685393258427
0.0002696629213483146
0.0006648754274548119
0.0004059599413776258
0.0006345872007816317
0.0003693209574987787
0.00063019052271617
0.00034733756717147046
0.0006809965803615046
0.0003492916463116756
0.000747923790913532
0.00034245236932095753
0.0006834391792867611
0.00033365901319003423
0.0005989252564728872
0.00042794333170493405
0.0006663409868099657
0.0003170493404982902
0.0007112848070346849
0.0003981436248168051
0.0007518319491939423
0.0002843185148998534
0.0006536394723986322
0.00045481191988275526
0.0006008793356130923
0.0003610161211529067
0.000676599902296043
0.00033805569125549585
0.0007171470444553005
0.00033072789447972646
0.000651685393258427
0.00041817293600390814
0.0006873473375671715
0.000416218856863703
0.0006311675622862725
0.0003488031265266243
0.0007112848070346849
0.0002594040058622374
0.00067171470444553
0.0003585735222276502
0.0007191011235955056
0.000315095261358085
0.0006932095749877871
0.0004572545188080117
0.000651685393258427
0.0003517342452369321
0.0006306790425012213
0.0003190034196384954
0.0006223742061553493
0.00033317049340498287
0.0006785539814362482
0.00036443575964826576
0.0006751343429408891
0.0003497801660967269
0.000583781143136297
0.000394723986321446
0.0006722032242305813
0.00027894479726428925
0.0007435271128480704
0.00040400586223742066
0.0006824621397166585
0.00028578407425500734
0.0006262823644357597
0.0003795798729848559
0.0006424035173424523
0.00037225207620908646
0.0006902784562774792
0.0003302393746946751
0.0007557401074743527
0.00028529555446995603
0.0006780654616511968
0.000331704934049829
0.0007049340498290181
0.00042696629213483144
0.0006893014167073766
0.0004132877381533952
0.0007259404005862238
0.00022960429897410844
0.0006946751343429409
0.0003444064484611627
0.0007103077674645823
0.00028236443575964826
0.0007049340498290181
0.00042843185148998535
0.0006976062530532486
0.0003238886174890083
0.0006526624328285296
0.00031314118221787985
0.0006531509526135808
0.0003048363458720078
0.0006560820713238886
0.0003610161211529067
0.0006712261846604788
0.00030434782608695655
0.0006135808500244259
0.0003966780654616512
0.0006946751343429409
0.0003136297020029311
0.0007244748412310698
0.0003742061553492916
0.0007415730337078652
0.00028676111382510994
0.0006057645334636053
0.0004513922813873962
0.0006311675622862725
0.0004098680996580362
0.0006604787493893502
0.00034587200781631655
0.0007024914509037617
0.0002808988764044944
0.0007059110893991206
0.00039521250610649735
0.0006722032242305813
0.00037371763556424037
0.0006946751343429409
0.0004098680996580362
0.0007020029311187103
0.00027747923790913534
0.000635075720566683
0.0003771372740595994
0.00073961895456766
0.00029115779189057157
0.0006976062530532486
0.0004259892525647289
0.0006643869076697606
0.0003517342452369321
0.0006736687835857352
0.00032437713727405957
0.0006897899364924279
0.0003023937469467514
0.0007181240840254031
0.0003795798729848559
0.0007205666829506595
0.000378114313629702
0.0006648754274548119
0.00047630679042501224
0.0007073766487542745
0.000298485588666341
0.0007572056668295066
0.0004225696140693698
0.0007225207620908647
0.00027650219833903273
0.0006619443087445042
0.00046360527601367856
0.0006326331216414265
0.0003961895456765999
0.0007278944797264289
0.0003102100635075721
0.0007122618466047875
0.0002628236443575965
0.0006653639472398632
0.0003248656570591109
0.0006424035173424523
0.00036785539814362483
0.0006663409868099657
0.0004220810942843185
0.0006653639472398632
0.00023546653639472398
0.0006849047386419151
0.00035124572545188083
0.0006809965803615046
0.0003341475329750855
0.0006756228627259405
0.00044113336590131903
0.0006653639472398632
0.000336590131900342
0.0006629213483146067
0.0003409868099658036
0.000643380556912555
0.0003277967757694187
0.000673180263800684
0.0003058133854421104
0.0006966292134831461
0.00034684904738641916
0.000651685393258427
0.0003878847093307279
0.0006409379579872985
0.00031167562286272594
0.0006819736199316072
0.00037371763556424037
0.0007176355642403517
0.00029555446995603325
0.0006902784562774792
0.00043478260869565214
0.0006658524670249145
0.00038397655105031753
0.0006697606253053249
0.000336590131900342
0.0006751343429408891
0.0002882266731802638
0.0007073766487542745
0.000336590131900342
0.000706399609184172
0.00037127503663898385
0.0006414264777723497
0.0003859306301905227
0.0006546165119687347
0.0003312164142647777
0.000681485100146556
0.0003795798729848559
0.0006858817782120176
0.0002760136785539815
0.0006888128969223254
0.0004616511968734734
0.0006995603321934538
0.0003444064484611627
0.0006795310210063508
0.0002975085490962384
0.0006570591108939911
0.0003277967757694187
0.0006971177332681974
0.00036345872007816316
0.0006736687835857352
0.00034489496824621394
0.0006316560820713239
0.00040302882266731805
0.0006980947728382999
0.00026868588177821203
0.0006936980947728383
0.0004069369809477284
0.0007435271128480704
0.00030190522716170003
0.0006580361504640938
0.0004338055691255496
0.0006604787493893502
0.0003751831949193942
0.0006951636541279922
0.0003277967757694187
0.0007024914509037617
0.00036492427943331707
0.0006712261846604788
0.0003659013190034197
0.0007274059599413776
0.00039912066438690767
0.0006643869076697606
0.0005002442598925256
0.0006585246702491451
0.00027015144113336594
0.0006370297997068881
0.00036003908158280414
0.0006902784562774792
0.0003419638495359062
0.000721543722520762
0.0005232046897899365
0.0007083536883243772
0.00037567171470444553
0.0006248168050806057
0.00033854421104054716
0.0006663409868099657
0.00031558378114313626
0.0006995603321934538
0.00039032730825598437
0.0007210552027357108
0.000378114313629702
0.000626770884220811
0.0004377137274059599
0.0006575476306790425
0.00030385930630190525
0.0007034684904738642
0.000416218856863703
0.0007005373717635565
0.00029311187103077673
0.0006536394723986322
0.000432828529555447
0.0006272594040058622
0.00041133365901319005
0.0006487542745481191
0.0002926233512457255
0.0007049340498290181
0.0003351245725451881
0.0006687835857352222
0.00033317049340498287
0.0007200781631656083
0.0004176844162188569
0.0006492427943331705
0.00045236932095749874
0.0006585246702491451
0.0002427943331704934
0.0007005373717635565
0.00040742550073277967
0.0007210552027357108
0.0003663898387884709
0.000680019540791402
0.0004137762579384465
0.0007117733268197362
0.0003248656570591109
0.0006893014167073766
0.00030190522716170003
0.0006790425012212995
0.00031998045920859794
0.0007625793844650708
0.0003507572056668295
0.0006849047386419151
0.0003263312164142648
0.0005749877870053736
0.00041035661944308744
0.0007010258915486077
0.0002633121641426478
0.0006912554958475818
0.0003277967757694187
0.0006878358573522228
0.00029311187103077673
0.0006819736199316072
0.0004640937957987298
0.0006121152906692721
0.00038202247191011237
0.0006761113825109917
0.000378114313629702
0.0006961406936980948
0.0003170493404982902
0.0007044455300439668
0.00033952125061064976
0.0006936980947728383
0.0003971665852467025
0.0007107962872496337
0.00045334636052760135
0.000663409868099658
0.000252076209086468
0.0006282364435759648
0.0003312164142647777
0.0006961406936980948
0.0003453834880312653
0.0006707376648754274
0.0004596971177332682
0.0006360527601367856
0.0003063019052271617
0.000646800195407914
0.00031998045920859794
0.000646800195407914
0.00035368832437713724
0.0006853932584269663
0.0003922813873961896
0.0006643869076697606
0.0003253541768441622
0.000655105031753786
0.0004054714215925745
0.0006839276990718123
0.000331704934049829
0.0007024914509037617
0.0003575964826575476
0.0006936980947728383
0.0002589154860771861
0.000635075720566683
0.00043185148998534437
0.0006560820713238886
0.00034684904738641916
0.0007288715192965315
0.0003707865168539326
0.0007049340498290181
0.00031949193942354664
0.0006565705911089399
0.0003707865168539326
0.0006170004885197851
0.00037225207620908646
0.0006096726917440156
0.00038983878847093307
0.000706399609184172
0.00026868588177821203
0.0006580361504640938
0.00039374694675134344
0.000701514411333659
0.0002960429897410845
0.0006590131900341963
0.0004606741573033708
0.0006404494382022472
0.0003683439179286761
0.0006492427943331705
0.0003214460185637518
0.0006853932584269663
0.00038495359062042014
0.0007088422081094285
0.00040254030288226674
0.0006990718124084026
0.0003517342452369321
0.0006213971665852467
0.00040156326331216414
0.0007005373717635565
0.0002579384465070835
0.0006819736199316072
0.0003869076697606253
0.0007005373717635565
0.00030679042501221296
0.0006590131900341963
0.00046311675622862726
0.0006839276990718123
0.0004289203712750366
0.0007264289203712751
0.00031118710307767464
0.0006927210552027357
0.00033072789447972646
0.0007122618466047875
0.0003605276013678554
0.0006824621397166585
0.0003981436248168051
0.0006746458231558377
0.00041035661944308744
0.0006980947728382999
0.00024767953102100635
0.0006912554958475818
0.0003654127992183683
0.000721543722520762
0.00027259404005862235
0.0006961406936980948
0.0004767953102100635
0.0006775769418661456
0.00034245236932095753
0.0006047874938935028
0.00030190522716170003
0.0006526624328285296
0.0002994626282364436
0.0007122618466047875
0.0003390327308255984
0.0006927210552027357
0.00037664875427454814
0.000638495359062042
0.00041914997557401074
0.0006722032242305813
0.0002486565705911089
0.0007181240840254031
0.00037664875427454814
0.0007034684904738642
0.00028236443575964826
0.0006424035173424523
0.0004479726428920371
0.0006595017098192477
0.00036785539814362483
0.0006980947728382999
0.00034587200781631655
0.0006624328285295554
0.00030385930630190525
0.0006331216414264777
0.00036492427943331707
0.0006448461162677088
0.0004035173424523693
0.0006853932584269663
0.00042696629213483144
0.0007205666829506595
0.00018368343917928677
0.000681485100146556
0.00032730825598436733
0.0006897899364924279
0.00032877381533952124
0.000688324377137274
0.0004377137274059599
0.0006487542745481191
0.00035710796287249637
0.0006653639472398632
0.0003312164142647777
0.0006585246702491451
0.0003141182217879824
0.000749389350268686
0.00037567171470444553
0.0007283829995114803
0.0003859306301905227
0.0006355642403517342
0.00039765510503175376
0.000688324377137274
0.00029506595017098194
0.0007112848070346849
0.0003146067415730337
0.0006751343429408891
0.0002501221299462628
0.000714704445530044
0.00043624816805080605
0.00067171470444553
0.00035124572545188083
0.000663409868099658
0.0003790913531998046
0.0007083536883243772
0.0002882266731802638
0.0006590131900341963
0.00032437713727405957
0.0006404494382022472
0.00039325842696629214
0.0007093307278944797
0.00042843185148998535
0.0007156814851001465
0.0002730825598436737
0.0007254518808011725
0.00037274059599413776
0.0006912554958475818
0.00037225207620908646
0.0006624328285295554
0.0004509037616023449
0.000668295065950171
0.0003238886174890083
0.0006502198339032731
0.0003146067415730337
0.0006819736199316072
0.0003356130923302394
0.0007249633610161211
0.00033072789447972646
0.0006990718124084026
0.00039765510503175376
0.0006101612115290668
0.0004333170493404983
0.0007112848070346849
0.00030532486565705916
0.0007122618466047875
0.0004342940889106009
0.0006912554958475818
0.00025647288715192966
0.000633610161211529
0.00046604787493893503
0.000688324377137274
0.0004088910600879336
0.0006946751343429409
0.0003834880312652663
0.0006907669760625306
0.00024132877381533951
0.0007103077674645823
0.000353199804592086
0.0006897899364924279
0.00039765510503175376
0.0006560820713238886
0.00043722520762090865
0.0006673180263800685
0.00025256472887151934
0.0006140693698094773
0.0003580850024425989
0.0007142159257449927
0.00029653150952613585
0.0007239863214460186
0.00046262823644357596
0.0006687835857352222
0.0003136297020029311
0.0006580361504640938
0.00032437713727405957
0.0006976062530532486
0.0003429408891060088
0.0006961406936980948
0.0003326819736199316
0.0007254518808011725
0.00041084513922813874
0.0005959941377625794
0.0004484611626770884
0.000635075720566683
0.0003224230581338544
0.0006976062530532486
0.000374694675134343
0.0007181240840254031
0.0003341475329750855
0.0006375183194919394
0.0004088910600879336
0.000668295065950171
0.0003434294088910601
0.0007186126038104543
0.00028285295554469957
0.0007020029311187103
0.00030679042501221296
0.0006736687835857352
0.0003619931607230093
0.000655105031753786
0.00035564240351734246
0.0006809965803615046
0.0004069369809477284
0.0006976062530532486
0.00028138739618954566
0.0006648754274548119
0.00033707865168539324
0.0006980947728382999
0.0003502686858817782
0.0006492427943331705
0.0004035173424523693
0.0006658524670249145
0.00037616023448949683
0.0006570591108939911
0.00027015144113336594
0.0006726917440156326
0.00030385930630190525
0.0007542745481191988
0.00037225207620908646
0.0006805080605764533
0.0003751831949193942
0.0005984367366878358
0.00040302882266731805
0.0007088422081094285
0.0003102100635075721
0.0006726917440156326
0.0003786028334147533
0.0007186126038104543
0.0002892037127503664
0.0006277479237909135
0.0004323400097703957
0.0006375183194919394
0.0003253541768441622
0.0006927210552027357
0.0003180263800683928
0.000663409868099658
0.00026624328285295557
0.0006272594040058622
0.0003683439179286761
0.0006521739130434783
0.0003834880312652663
0.0006629213483146067
0.0003893502686858818
0.000747923790913532
0.00025647288715192966
0.0006658524670249145
0.00034831460674157307
0.0007176355642403517
0.00035368832437713724
0.0007049340498290181
0.00043820224719101126
0.0006805080605764533
0.0003312164142647777
0.0006487542745481191
0.0003834880312652663
0.0007191011235955056
0.00033365901319003423
0.0007259404005862238
0.0003859306301905227
0.0006907669760625306
0.00038886174890083046
0.0005959941377625794
0.00040644846116267706
0.0007107962872496337
0.0002804103566194431
0.0006951636541279922
0.00042403517342452367
0.0007166585246702492
0.0002975085490962384
0.0006448461162677088
0.0004948705422569615
0.0006345872007816317
0.0004186614557889595
0.0006673180263800685
0.000336590131900342
0.0006712261846604788
0.00033317049340498287
0.0006560820713238886
0.00037225207620908646
0.0006809965803615046
0.00038202247191011237
0.0006170004885197851
0.0004919394235466536
0.000643380556912555
0.0003004396678065462
0.0006394723986321445
0.00040156326331216414
0.0006824621397166585
0.000323400097703957
0.000681485100146556
0.0004308744504152418
0.0006834391792867611
0.00032095749877870055
0.0006316560820713239
0.0003321934538348803
0.0006424035173424523
0.0003341475329750855
0.0007366878358573522
0.0003404982901807523
0.0006243282852955545
0.0004421104054714216
0.00063019052271617
0.000407914020517831
0.0006292134831460674
0.0002975085490962384
0.0007239863214460186
0.0003214460185637518
0.000701514411333659
0.0002848070346849048
0.0006536394723986322
0.00045236932095749874
0.0006311675622862725
0.00039325842696629214
0.0006492427943331705
0.00034245236932095753
0.0006849047386419151
0.00026575476306790426
0.0006692721055202736
0.00036394723986321446
0.0006521739130434783
0.0004084025403028823
0.0006927210552027357
0.000407914020517831
0.0007122618466047875
0.00027454811919882757
0.000655105031753786
0.00032046897899364925
0.0007024914509037617
0.00029115779189057157
0.0007151929653150952
0.00046751343429408894
0.0007210552027357108
0.00037127503663898385
0.0006331216414264777
0.0003048363458720078
0.000681485100146556
0.00031314118221787985
0.000747923790913532
0.00039521250610649735
0.0006507083536883243
0.00036883243771372744
0.000625305324865657
0.0004044943820224719
0.0006785539814362482
0.0002447484123106986
0.0007425500732779677
0.000323400097703957
0.0007142159257449927
0.00033072789447972646
0.0006658524670249145
0.00042940889106008796
0.0006878358573522228
0.00039423546653639474
0.0006819736199316072
0.0003321934538348803
0.0006932095749877871
0.00029311187103077673
0.0007127503663898388
0.0003693209574987787
0.0007073766487542745
0.00037567171470444553
0.0006858817782120176
0.00043478260869565214
0.0006663409868099657
0.0002872496336101612
0.0006922325354176843
0.0003229115779189057
0.0007044455300439668
0.0003136297020029311
0.0006805080605764533
0.00044504152418172935
0.0006697606253053249
0.00039032730825598437
0.0006394723986321445
0.00029555446995603325
0.0006619443087445042
0.00033072789447972646
0.0007357107962872497
0.00039081582804103567
0.0006985832926233512
0.0003541768441621886
0.0006590131900341963
0.0003717635564240352
0.0007171470444553005
0.00034489496824621394
0.0007513434294088911
0.0003966780654616512
0.0007420615534929165
0.0003268197361993161
0.0006555935515388374
0.00048070346849047387
0.0006795310210063508
0.00040205178309721544
0.0007107962872496337
0.0003488031265266243
0.0007523204689789937
0.0003214460185637518
0.0006824621397166585
0.00034733756717147046
0.0007088422081094285
0.0004474841231069858
0.0007039570102589154
0.0004167073766487543
0.0006673180263800685
0.00025647288715192966
0.0006555935515388374
0.0003605276013678554
0.0006976062530532486
0.0003351245725451881
0.0006761113825109917
0.0004694675134342941
0.0006511968734733756
0.0003502686858817782
0.0006492427943331705
0.00029653150952613585
0.0006853932584269663
0.0003790913531998046
0.0007156814851001465
0.0004157303370786517
0.0006990718124084026
0.0003668783585735222
0.0006130923302393747
0.00044455300439667805
0.0007156814851001465
0.0003058133854421104
0.0007474352711284807
0.0004313629702002931
0.0007107962872496337
0.0002921348314606742
0.0006829506595017098
0.00041084513922813874
0.0006722032242305813
0.00036248168050806055
0.0007049340498290181
0.00031558378114313626
0.0007474352711284807
0.00035124572545188083
0.0006858817782120176
0.0003883732291157792
0.0006888128969223254
0.00036443575964826576
0.0006340986809965803
0.00042061553492916465
0.0006770884220810943
0.00031167562286272594
0.0006834391792867611
0.0003683439179286761
0.0006824621397166585
0.0003190034196384954
0.0006790425012212995
0.00040058622374206153
0.0006595017098192477
0.0003527112848070347
0.0006643869076697606
0.000340009770395701
0.0006604787493893502
0.00035564240351734246
0.0007269174401563263
0.00032095749877870055
0.0006917440156326331
0.0004069369809477284
0.000643380556912555
0.00041963849535906205
0.0006839276990718123
0.00030679042501221296
0.0006956521739130434
0.0004323400097703957
0.000681485100146556
0.00027796775769418664
0.0006541279921836834
0.00044113336590131903
0.0006394723986321445
0.0003497801660967269
0.0006746458231558377
0.0003224230581338544
0.0006756228627259405
0.00029506595017098194
0.0007044455300439668
0.00039521250610649735
0.0006751343429408891
0.00042940889106008796
0.0006648754274548119
0.00044699560332193456
0.0007572056668295066
0.0002594040058622374
0.0007186126038104543
0.00038886174890083046
0.0007054225696140694
0.0003507572056668295
0.000688324377137274
0.00042061553492916465
0.0006575476306790425
0.0003346360527601368
0.0006394723986321445
0.00036248168050806055
0.0006565705911089399
0.0003541768441621886
0.0006917440156326331
0.00035613092330239376
0.0006761113825109917
0.0003859306301905227
0.0006326331216414265
0.000432828529555447
0.0006414264777723497
0.00026868588177821203
0.0007195896433805569
0.0004098680996580362
0.0006873473375671715
0.0003072789447972643
0.0006419149975574011
0.00048070346849047387
0.0006438690766976063
0.00038544211040547144
0.0006722032242305813
0.0003248656570591109
0.0007386419149975574
0.0003507572056668295
0.0006218856863702979
0.00038397655105031753
0.0007156814851001465
0.00041817293600390814
0.000663409868099658
0.0004220810942843185
0.0006702491450903762
0.0003048363458720078
0.0007039570102589154
0.0004225696140693698
0.0006849047386419151
0.0003717635564240352
0.0007010258915486077
0.0004733756717147045
0.0007161700048851978
0.000331704934049829
0.0006536394723986322
0.0003444064484611627
0.0006893014167073766
0.00038446507083536883
0.0007743038593063018
0.0003527112848070347
0.0007332681973619931
0.0003668783585735222
0.0006424035173424523
0.00039521250610649735
0.0006248168050806057
0.0003048363458720078
0.0006985832926233512
0.0004323400097703957
0.0007093307278944797
0.00030385930630190525
0.0006844162188568637
0.00043478260869565214
0.0006624328285295554
0.00035564240351734246
0.0007449926722032242
0.00034636052760136785
0.0007528089887640449
0.00036736687835857353
0.0006619443087445042
0.0004391792867611138
0.0006824621397166585
0.00039863214460185637
0.0006272594040058622
0.00042403517342452367
0.0007054225696140694
0.0002633121641426478
0.0006521739130434783
0.0003404982901807523
0.00071323888617489
0.0002892037127503664
0.0006844162188568637
0.0004904738641914998
0.0007205666829506595
0.0003175378602833415
0.0006624328285295554
0.00031314118221787985
0.0006863702979970688
0.0003014167073766488
0.0007679531021006351
0.0003180263800683928
0.0007342452369320958
0.00042940889106008796
0.0006316560820713239
0.00039276990718124083
0.000633610161211529
0.00028676111382510994
0.0007186126038104543
0.00040302882266731805
0.0007117733268197362
0.0003419638495359062
0.0006726917440156326
0.0004518808011724475
0.0006663409868099657
0.0003825109916951637
0.0006790425012212995
0.00029653150952613585
0.0007142159257449927
0.00024035173424523693
0.000655105031753786
0.00036883243771372744
0.0007107962872496337
0.0003580850024425989
0.0006707376648754274
0.0004582315583781143
0.000706399609184172
0.00031216414264777725
0.0006834391792867611
0.0003805569125549585
0.0006419149975574011
0.00034587200781631655
0.0007484123106985832
0.00046604787493893503
0.0006507083536883243
0.00033952125061064976
0.0006345872007816317
0.00037274059599413776
0.0007181240840254031
0.000356619443087445
0.0007210552027357108
0.0003654127992183683
0.0006985832926233512
0.000416218856863703
0.0006394723986321445
0.0004670249145090376
0.0006873473375671715
0.0002906692721055203
0.0007029799706888129
0.0004098680996580362
0.0007308255984367366
0.00029995114802149487
0.0006277479237909135
0.00047093307278944796
0.0006868588177821202
0.00036345872007816316
0.0007117733268197362
0.00029653150952613585
0.0007283829995114803
0.0003346360527601368
0.0006976062530532486
0.00037127503663898385
0.0006956521739130434
0.00039423546653639474
0.0006399609184171959
0.0004425989252564729
0.0006775769418661456
0.0003175378602833415
0.000706399609184172
0.0003522227650219834
0.0006722032242305813
0.00025989252564728873
0.00073961895456766
0.0004689789936492428
0.0006893014167073766
0.0003795798729848559
0.0005891548607718613
0.0003434294088910601
0.0006541279921836834
0.0003175378602833415
0.00075476306790425
0.00035906204201270153
0.0007327796775769418
0.00040644846116267706
0.0005915974596971177
0.0003869076697606253
0.0006609672691744016
0.0003092330239374695
0.0007713727405959941
0.0004225696140693698
0.0007274059599413776
0.0002501221299462628
0.0006248168050806057
0.00039912066438690767
0.000635075720566683
0.00039765510503175376
0.0007078651685393258
0.00033805569125549585
0.0006985832926233512
0.0002994626282364436
0.0006658524670249145
0.0003825109916951637
0.0006121152906692721
0.00036883243771372744
0.0006321446018563752
0.00047142159257449926
0.0006673180263800685
0.0002447484123106986
0.000659990229604299
0.0003922813873961896
0.0006976062530532486
0.0003146067415730337
0.0006775769418661456
0.0004513922813873962
0.0007088422081094285
0.00029555446995603325
0.0006389838788470933
0.000353199804592086
0.0007103077674645823
0.00038641914997557405
0.0007420615534929165
0.00041817293600390814
0.0007225207620908647
0.0003961895456765999
0.0006575476306790425
0.0003834880312652663
0.0006428920371275036
0.0002970200293111871
0.0006536394723986322
0.00038104543234000976
0.0007249633610161211
0.00029506595017098194
0.0006511968734733756
0.0005002442598925256
0.0007274059599413776
0.0003356130923302394
0.0006990718124084026
0.0003429408891060088
0.0006536394723986322
0.00033707865168539324
0.0007156814851001465
0.0003478260869565217
0.000676599902296043
0.000394723986321446
0.0007225207620908647
0.0004440644846116268
0.0007239863214460186
0.00030385930630190525
0.0006243282852955545
0.00040156326331216414
0.0007010258915486077
0.00032730825598436733
0.0006585246702491451
0.0004147532975085491
0.0006477772349780166
0.0003507572056668295
0.0006443575964826576
0.0003663898387884709
0.0006536394723986322
0.0003268197361993161
0.0006976062530532486
0.000378114313629702
0.0006849047386419151
0.0003654127992183683
0.0006419149975574011
0.00043038593063019057
0.0006844162188568637
0.00031069858329262333
0.0007073766487542745
0.000391304347826087
0.0007347337567171471
0.00031998045920859794
0.000688324377137274
0.0004010747435271129
0.0006673180263800685
0.00038886174890083046
0.0006839276990718123
0.0003258426966292135
0.0006511968734733756
0.00031656082071323887
0.0006463116756228628
0.00034636052760136785
0.0006287249633610162
0.00037664875427454814
0.0006927210552027357
0.0004616511968734734
0.0007161700048851978
0.00029311187103077673
0.0006853932584269663
0.0003742061553492916
0.0007386419149975574
0.0002848070346849048
0.000714704445530044
0.0004767953102100635
0.0007005373717635565
0.00033952125061064976
0.0006443575964826576
0.00032926233512457255
0.0007112848070346849
0.0003488031265266243
0.0007234978016609672
0.00037225207620908646
0.0007210552027357108
0.0004342940889106009
0.0006580361504640938
0.00044601856375183196
0.0006946751343429409
0.0003048363458720078
0.0006829506595017098
0.00038886174890083046
0.0007347337567171471
0.00031167562286272594
0.0006150464093795799
0.00048314606741573033
0.0006546165119687347
0.0003771372740595994
0.0007200781631656083
0.0003214460185637518
0.0007376648754274549
0.00032828529555446994
0.0006780654616511968
0.00033854421104054716
0.0007274059599413776
0.0004298974108451392
0.0006424035173424523
0.00042452369320957503
0.000723009281875916
0.0002623351245725452
0.000676599902296043
0.0003580850024425989
0.0007088422081094285
0.00032095749877870055
0.0007044455300439668
0.00047435271128480703
0.0006707376648754274
0.00034733756717147046
0.00063019052271617
0.000353199804592086
0.0007357107962872497
0.00029653150952613585
0.0007293600390815828
0.0003702979970688813
0.0007220322423058134
0.0003893502686858818
0.0006389838788470933
0.0004416218856863703
0.0006946751343429409
0.0003063019052271617
0.000709819247679531
0.00036785539814362483
0.0006985832926233512
0.00030385930630190525
0.0006511968734733756
0.00042794333170493405
0.0006697606253053249
0.0004059599413776258
0.0007127503663898388
0.00035124572545188083
0.0006917440156326331
0.00030679042501221296
0.0006868588177821202
0.0004298974108451392
0.0006077186126038105
0.00036394723986321446
0.0006819736199316072
0.00045334636052760135
0.0007381533952125061
0.00021885686370297995
0.0006917440156326331
0.00040937957987298483
0.0007322911577918906
0.0003136297020029311
0.0007044455300439668
0.0004728871519296531
0.000651685393258427
0.000361504640937958
0.0006414264777723497
0.00036883243771372744
0.000673180263800684
0.00037567171470444553
0.0006858817782120176
0.00038641914997557405
0.0006985832926233512
0.0003707865168539326
0.0006614557889594529
0.00045432340009770396
0.00071323888617489
0.00032926233512457255
0.0007288715192965315
0.0004338055691255496
0.0007010258915486077
0.00030679042501221296
0.0006414264777723497
0.0004484611626770884
0.000635075720566683
0.00032877381533952124
0.0006819736199316072
0.0003092330239374695
0.0006873473375671715
0.00031558378114313626
0.0006858817782120176
0.00039374694675134344
0.0006736687835857352
0.0004157303370786517
0.0006360527601367856
0.00042061553492916465
0.0007200781631656083
0.0002696629213483146
0.0006770884220810943
0.000336590131900342
0.0007269174401563263
0.00029555446995603325
0.000681485100146556
0.00048314606741573033
0.0006936980947728383
0.00036492427943331707
0.0006829506595017098
0.00039032730825598437
0.0006893014167073766
0.00034489496824621394
0.0007122618466047875
0.00035613092330239376
0.0007244748412310698
0.0004123106985832926
0.0006057645334636053
0.0004274548119198828
0.00067171470444553
0.0002892037127503664
0.0006961406936980948
0.00039423546653639474
0.0007264289203712751
0.00025842696629213487
0.0007010258915486077
0.00047435271128480703
0.0006463116756228628
0.0003502686858817782
0.0007278944797264289
0.0003702979970688813
0.0007049340498290181
0.0002579384465070835
0.000668295065950171
0.0003795798729848559
0.0006595017098192477
0.00041182217879824135
0.0006531509526135808
0.0004401563263312164
0.0006726917440156326
0.0002760136785539815
0.0006438690766976063
0.0003971665852467025
0.0006936980947728383
0.0003702979970688813
0.0006902784562774792
0.000416218856863703
0.0007142159257449927
0.0004049829018075232
0.0006956521739130434
0.00030532486565705916
0.0006971177332681974
0.00029897410845139226
0.0006932095749877871
0.000356619443087445
0.0007054225696140694
0.000378114313629702
0.0006223742061553493
0.0004137762579384465
0.0006375183194919394
0.00026624328285295557
0.0007151929653150952
0.00035564240351734246
0.0007078651685393258
0.0002579384465070835
0.0006482657547630679
0.0004943820224719101
0.0006629213483146067
0.0003527112848070347
0.0006936980947728383
0.0003180263800683928
0.0006487542745481191
0.00027357107962872496
0.0007103077674645823
0.0003825109916951637
0.0006658524670249145
0.00039863214460185637
0.0006463116756228628
0.0004132877381533952
0.00071323888617489
0.00027259404005862235
0.0007425500732779677
0.0003668783585735222
0.0006590131900341963
0.0003023937469467514
0.0006985832926233512
0.0004504152418172936
0.0006726917440156326
0.0003580850024425989
0.0006355642403517342
0.00026526624328285296
0.0006844162188568637
0.0003419638495359062
0.0007459697117733268
0.0003922813873961896
0.0007171470444553005
0.0004049829018075232
0.0006472887151929653
0.0004509037616023449
0.0006726917440156326
0.00029018075232046896
0.000673180263800684
0.00044553004396678065
0.0007112848070346849
0.0002808988764044944
0.0006590131900341963
0.0004049829018075232
0.000633610161211529
0.0004035173424523693
0.0007117733268197362
0.0003834880312652663
0.0007342452369320958
0.0003175378602833415
0.0006663409868099657
0.0004054714215925745
0.0006692721055202736
0.0003527112848070347
0.0006521739130434783
0.0004655593551538837
0.0006839276990718123
0.00032926233512457255
0.0006824621397166585
0.00039032730825598437
0.0007259404005862238
0.0003707865168539326
0.0007191011235955056
0.0004167073766487543
0.0006971177332681974
0.00034587200781631655
0.0006482657547630679
0.00032730825598436733
0.0006853932584269663
0.0003126526624328285
0.0007151929653150952
0.0003966780654616512
0.0006902784562774792
0.0004044943820224719
0.0006326331216414265
0.00040058622374206153
0.0006761113825109917
0.0002960429897410845
0.0007049340498290181
0.00040644846116267706
0.0007210552027357108
0.0003229115779189057
0.0006609672691744016
0.0004323400097703957
0.0007254518808011725
0.00033805569125549585
0.0006858817782120176
0.00034489496824621394
0.0006951636541279922
0.0003141182217879824
0.0006595017098192477
0.0003883732291157792
0.0006595017098192477
0.00047435271128480703
0.000638495359062042
0.0004220810942843185
0.0007269174401563263
0.00030679042501221296
0.0007073766487542745
0.00041035661944308744
0.0007381533952125061
0.0003141182217879824
0.0006521739130434783
0.00044504152418172935
0.0006770884220810943
0.0003659013190034197
0.0006868588177821202
0.0003478260869565217
0.0006668295065950171
0.00037322911577918907
0.0006678065461651197
0.0003654127992183683
0.0006770884220810943
0.0003829995114802149
0.0006228627259404006
0.000407914020517831
0.0007381533952125061
0.00025598436736687835
0.0007083536883243772
0.0003751831949193942
0.0006917440156326331
0.00026868588177821203
0.00063019052271617
0.00045481191988275526
0.0006277479237909135
0.0003917928676111382
0.00071323888617489
0.00033854421104054716
0.0007166585246702492
0.00031167562286272594
0.0006726917440156326
0.0003668783585735222
0.0006707376648754274
0.0003527112848070347
0.0006619443087445042
0.00046653639472398633
0.0007024914509037617
0.00027894479726428925
0.0006805080605764533
0.000336590131900342
0.0006878358573522228
0.00032046897899364925
0.0006668295065950171
0.00041524181729360037
0.0006956521739130434
0.00036248168050806055
0.0006526624328285296
0.00035613092330239376
0.0006853932584269663
0.00038495359062042014
0.0007342452369320958
0.0003825109916951637
0.0007166585246702492
0.00037664875427454814
0.0006306790425012213
0.0004509037616023449
0.0007156814851001465
0.0003341475329750855
0.0007054225696140694
0.00033365901319003423
0.0007205666829506595
0.00029311187103077673
0.0006629213483146067
0.0004924279433317049
0.000659990229604299
0.0003957010258915486
0.0006365412799218368
0.00029995114802149487
0.0007181240840254031
0.00029115779189057157
0.0006917440156326331
0.0003595505617977528
0.0006805080605764533
0.00040254030288226674
0.0006809965803615046
0.00042159257449926726
0.00071323888617489
0.0002843185148998534
0.0006507083536883243
0.00037567171470444553
0.0007039570102589154
0.0003136297020029311
0.0007054225696140694
0.0005109916951636542
0.0006463116756228628
0.00031998045920859794
0.0006746458231558377
0.00034831460674157307
0.00067171470444553
0.00038153395212506107
0.0007366878358573522
0.00040302882266731805
0.0007078651685393258
0.000399609184171959
0.0006609672691744016
0.00042012701514411335
0.000676599902296043
0.00028773815339521255
0.0007044455300439668
0.00038104543234000976
0.0007489008304836345
0.0002892037127503664
0.0006038104543234001
0.00046751343429408894
0.0006326331216414265
0.0004230581338544211
0.0006990718124084026
0.00036883243771372744
0.0007093307278944797
0.000315095261358085
0.0007142159257449927
0.0003009281875915975
0.0006902784562774792
0.00034831460674157307
0.0006888128969223254
0.0004259892525647289
0.0007054225696140694
0.0002506106497313141
0.000709819247679531
0.00031949193942354664
0.0006951636541279922
0.0003248656570591109
0.000663409868099658
0.0004333170493404983
0.0007005373717635565
0.00033707865168539324
0.000688324377137274
0.0002970200293111871
0.0007322911577918906
0.0002794333170493405
0.0007957987298485588
0.000331704934049829
0.0006819736199316072
0.00040205178309721544
0.0006888128969223254
0.0004401563263312164
0.0006707376648754274
0.0003595505617977528
0.000723009281875916
0.000399609184171959
0.0006619443087445042
0.00033365901319003423
0.0006399609184171959
0.0004255007327796776
0.0006448461162677088
0.00039032730825598437
0.0007083536883243772
0.00036736687835857353
0.0006878358573522228
0.0003488031265266243
0.0006619443087445042
0.0003605276013678554
0.0006482657547630679
0.0004084025403028823
0.0006844162188568637
0.00040156326331216414
0.0006595017098192477
0.00023790913531998044
0.0006951636541279922
0.0003414753297508549
0.000721543722520762
0.000315095261358085
0.0007249633610161211
0.00047532975085490964
0.0006697606253053249
0.0003527112848070347
0.0006604787493893502
0.0003717635564240352
0.0006873473375671715
0.0003058133854421104
0.0007254518808011725
0.0003527112848070347
0.0007278944797264289
0.000340009770395701
0.0006756228627259405
0.00043185148998534437
0.0007024914509037617
0.0003180263800683928
0.0007078651685393258
0.00041963849535906205
0.0007112848070346849
0.00027894479726428925
0.0006028334147532976
0.0004352711284807035
0.0006722032242305813
0.00036345872007816316
0.0007327796775769418
0.0003507572056668295
0.0007117733268197362
0.0003004396678065462
0.0006795310210063508
0.0003048363458720078
0.0007264289203712751
0.0003869076697606253
0.0006340986809965803
0.00044699560332193456
0.0007044455300439668
0.0002979970688812897
0.0006834391792867611
0.00033707865168539324
0.0006966292134831461
0.00032046897899364925
0.0006761113825109917
0.00046458231558378117
0.0006795310210063508
0.00037616023448949683
0.0006756228627259405
0.00031167562286272594
0.000706399609184172
0.00036736687835857353
0.000749389350268686
0.00037371763556424037
0.0007127503663898388
0.0003878847093307279
0.0006463116756228628
0.0004010747435271129
0.0007093307278944797
0.00032046897899364925
0.0007083536883243772
0.0003883732291157792
0.0007181240840254031
0.00031314118221787985
0.0006790425012212995
0.0004880312652662433
0.0006238397655105031
0.00037664875427454814
0.0006424035173424523
0.0003063019052271617
0.0007186126038104543
0.0003136297020029311
0.0006580361504640938
0.00034636052760136785
0.0006702491450903762
0.00042452369320957503
0.0006795310210063508
0.0004767953102100635
0.0007117733268197362
0.00027796775769418664
0.0006424035173424523
0.0003346360527601368
0.0006580361504640938
0.00036443575964826576
0.0006565705911089399
0.00044504152418172935
0.0006321446018563752
0.0003668783585735222
0.0006428920371275036
0.0003346360527601368
0.0006340986809965803
0.0003917928676111382
0.0006726917440156326
0.0003663898387884709
0.0006912554958475818
0.0003981436248168051
0.0006643869076697606
0.0004059599413776258
0.000680019540791402
0.000281875915974597
0.000646800195407914
0.0003683439179286761
0.0007327796775769418
0.00031314118221787985
0.0007024914509037617
0.0004176844162188569
0.0006585246702491451
0.00037322911577918907
0.0007000488519785051
0.00035613092330239376
0.0006927210552027357
0.00028676111382510994
0.0006936980947728383
0.00039276990718124083
0.0006936980947728383
0.00037225207620908646
0.0007029799706888129
0.0004592085979482169
0.0007415730337078652
0.00029311187103077673
0.000659990229604299
0.0003654127992183683
0.0007186126038104543
0.00034245236932095753
0.0007200781631656083
0.0004616511968734734
0.000688324377137274
0.00039521250610649735
0.0006497313141182218
0.00035368832437713724
0.0007059110893991206
0.0003517342452369321
0.0007733268197361993
0.00039912066438690767
0.0007127503663898388
0.00036443575964826576
0.0006453346360527601
0.0004465070835368832
0.0006722032242305813
0.0002804103566194431
0.0007024914509037617
0.00042940889106008796
0.0007347337567171471
0.00030434782608695655
0.0006751343429408891
0.00045481191988275526
0.0006502198339032731
0.0003580850024425989
0.000673180263800684
0.00030434782608695655
0.0006971177332681974
0.00032730825598436733
0.0006580361504640938
0.00037127503663898385
0.0006868588177821202
0.0003878847093307279
0.000668295065950171
0.0004616511968734734
0.0006863702979970688
0.0002794333170493405
0.0006741573033707865
0.000391304347826087
0.0007176355642403517
0.00029115779189057157
0.0006995603321934538
0.00047874938935026865
0.0007068881289692232
0.000407914020517831
0.0006980947728382999
0.00032730825598436733
0.0007020029311187103
0.0003419638495359062
0.0007166585246702492
0.00037127503663898385
0.0007112848070346849
0.0004377137274059599
0.0005974596971177333
0.00044553004396678065
0.0006878358573522228
0.0002921348314606742
0.0007254518808011725
0.0003786028334147533
0.0007489008304836345
0.0002843185148998534
0.0006570591108939911
0.00042403517342452367
0.0006912554958475818
0.00039276990718124083
0.0007186126038104543
0.00032730825598436733
0.0007278944797264289
0.00028285295554469957
0.0007122618466047875
0.0003834880312652663
0.0007156814851001465
0.00044553004396678065
0.0006609672691744016
0.0004474841231069858
0.0006726917440156326
0.0002760136785539815
0.00067171470444553
0.00036980947728383
0.0007225207620908647
0.0003146067415730337
0.0007210552027357108
0.000449438202247191
0.0006604787493893502
0.00030288226673180264
0.0006853932584269663
0.0003439179286761114
0.0006941866145578896
0.0003351245725451881
0.0006863702979970688
0.0003585735222276502
0.0007357107962872497
0.0004049829018075232
0.0006648754274548119
0.00039521250610649735
0.0007083536883243772
0.0003141182217879824
0.0007054225696140694
0.0003917928676111382
0.0007029799706888129
0.0002784562774792379
0.0006472887151929653
0.0004772838299951148
0.0006213971665852467
0.0004259892525647289
0.0006805080605764533
0.00033854421104054716
0.0006873473375671715
0.0003404982901807523
0.0006829506595017098
0.00038397655105031753
0.0006839276990718123
0.00043673668783585735
0.0006844162188568637
0.0004670249145090376
0.0006858817782120176
0.00030190522716170003
0.0006956521739130434
0.00038202247191011237
0.0007161700048851978
0.00034684904738641916
0.0007283829995114803
0.00048070346849047387
0.00071323888617489
0.00039081582804103567
0.0006853932584269663
0.0003507572056668295
0.0007489008304836345
0.0003683439179286761
0.0007347337567171471
0.00036980947728383
0.0007103077674645823
0.0003497801660967269
0.0006419149975574011
0.00041084513922813874
0.0007054225696140694
0.00026868588177821203
0.0007332681973619931
0.0004137762579384465
0.0007757694186614558
0.0003126526624328285
0.0006624328285295554
0.0004421104054714216
0.0006262823644357597
0.00039374694675134344
0.0006839276990718123
0.0002926233512457255
0.0007044455300439668
0.0003160723009281876
0.0006292134831460674
0.000361504640937958
0.0006917440156326331
0.0004137762579384465
0.0006878358573522228
0.00038446507083536883
0.0006707376648754274
0.00027454811919882757
0.0006922325354176843
0.0003702979970688813
0.0006990718124084026
0.00032926233512457255
0.0006907669760625306
0.00045236932095749874
0.0007308255984367366
0.0003541768441621886
0.0007029799706888129
0.00031558378114313626
0.000676599902296043
0.0003190034196384954
0.0007176355642403517
0.00031851489985344403
0.0006736687835857352
0.00036443575964826576
0.0006663409868099657
0.0004733756717147045
0.000673180263800684
0.0003087445041524182
0.0006756228627259405
0.00032437713727405957
0.0007616023448949683
0.00028627259404005864
0.0006805080605764533
0.0004147532975085491
0.0006692721055202736
0.00040302882266731805
0.0007117733268197362
0.00035906204201270153
0.0007166585246702492
0.00029995114802149487
0.0006780654616511968
0.00035368832437713724
0.0006932095749877871
0.00039765510503175376
0.000676599902296043
0.0004171958964338056
0.0006912554958475818
0.00022813873961895456
0.0006472887151929653
0.00037567171470444553
0.0006907669760625306
0.0003058133854421104
0.0007303370786516854
0.00046653639472398633
0.0006560820713238886
0.00029311187103077673
0.0006697606253053249
0.0003683439179286761
0.0006477772349780166
0.0003434294088910601
0.000701514411333659
0.0003659013190034197
0.0006839276990718123
0.0004572545188080117
0.00063019052271617
0.0004816805080605764
0.0006868588177821202
0.00028578407425500734
0.0006995603321934538
0.00040205178309721544
0.0006912554958475818
0.00026624328285295557
0.0006321446018563752
0.00044992672203224233
0.0006419149975574011
0.00038006839276990715
0.0007313141182217879
0.0003873961895456766
0.0007156814851001465
0.00031851489985344403
0.0006770884220810943
0.000353199804592086
0.0007210552027357108
0.0004000977039570103
0.0006570591108939911
0.00046995603321934535
0.0007137274059599414
0.0002887151929653151
0.0006585246702491451
0.00035564240351734246
0.0006380068392769908
0.0003082559843673669
0.0007088422081094285
0.00041963849535906205
0.000668295065950171
0.00034831460674157307
0.0006570591108939911
0.0002843185148998534
0.0007029799706888129
0.00029115779189057157
0.0007278944797264289
0.00035515388373229116
0.0007112848070346849
0.0003873961895456766
0.000625305324865657
0.0004298974108451392
0.0006956521739130434
0.00029555446995603325
0.000709819247679531
0.0003771372740595994
0.0007391304347826086
0.00036248168050806055
0.0006497313141182218
0.0004274548119198828
0.0006722032242305813
0.00038495359062042014
0.0007000488519785051
0.00036883243771372744
0.0006932095749877871
0.0002896922325354177
0.0006809965803615046
0.0003786028334147533
0.0006868588177821202
0.00037567171470444553
0.0006844162188568637
0.0004225696140693698
0.0007024914509037617
0.00027259404005862235
0.0006560820713238886
0.0004098680996580362
0.0006971177332681974
0.00026917440156326334
0.0007000488519785051
0.0004670249145090376
0.0007151929653150952
0.00038104543234000976
0.0006213971665852467
0.0003170493404982902
0.00073961895456766
0.0003224230581338544
0.0007420615534929165
0.00038202247191011237
0.0007259404005862238
0.0003883732291157792
0.0006692721055202736
0.0004176844162188569
0.0007083536883243772
0.0003414753297508549
0.0007508549096238397
0.0004323400097703957
0.0007220322423058134
0.00029408891060087933
0.0006409379579872985
0.0004978016609672692
0.0006604787493893502
0.0004137762579384465
0.0006878358573522228
0.0003707865168539326
0.0007107962872496337
0.00031069858329262333
0.0006917440156326331
0.0004391792867611138
0.0007044455300439668
0.00040205178309721544
0.0006756228627259405
0.0003873961895456766
0.0007049340498290181
0.00031656082071323887
0.000663409868099658
0.0003790913531998046
0.000701514411333659
0.00029653150952613585
0.0007274059599413776
0.0004924279433317049
0.0007078651685393258
0.0003404982901807523
0.0006521739130434783
0.00036883243771372744
0.000681485100146556
0.00026380068392769905
0.0007195896433805569
0.0004440644846116268
0.0006614557889594529
0.0003595505617977528
0.0006086956521739131
0.0004465070835368832
0.000680019540791402
0.0003224230581338544
0.0007068881289692232
0.0003795798729848559
0.0007122618466047875
0.00024377137274059598
0.0006121152906692721
0.0004489496824621397
0.0006458231558378114
0.00042794333170493405
0.0006595017098192477
0.00031949193942354664
0.0007044455300439668
0.00033317049340498287
0.0007191011235955056
0.0003585735222276502
0.0006653639472398632
0.0004264777723497802
0.0006482657547630679
0.0004421104054714216
0.0007059110893991206
0.0003229115779189057
0.0007029799706888129
0.00036003908158280414
0.0006868588177821202
0.00031558378114313626
0.000668295065950171
0.0004572545188080117
0.0007068881289692232
0.0003444064484611627
0.0006526624328285296
0.000374694675134343
0.0007523204689789937
0.0002994626282364436
0.0007122618466047875
0.0003619931607230093
0.0007327796775769418
0.00038641914997557405
0.0006575476306790425
0.00044601856375183196
0.0006849047386419151
0.00030679042501221296
0.0007264289203712751
0.0003893502686858818
0.0007596482657547631
0.0003429408891060088
0.0006902784562774792
0.0004821690278456278
0.0006902784562774792
0.00039863214460185637
0.0007161700048851978
0.00037664875427454814
0.0007347337567171471
0.00027650219833903273
0.0007327796775769418
0.0003668783585735222
0.0007220322423058134
0.0004342940889106009
0.0006849047386419151
0.0004733756717147045
0.0007122618466047875
0.0002755251587689301
0.0006428920371275036
0.0003580850024425989
0.0007445041524181729
0.0003966780654616512
0.0006980947728382999
0.00048754274548119196
0.0007205666829506595
0.00033756717147044455
0.0006331216414264777
0.000298485588666341
0.0006736687835857352
0.00033952125061064976
0.000714704445530044
0.0003873961895456766
0.0007039570102589154
0.000353199804592086
0.0006834391792867611
0.00043185148998534437
0.000676599902296043
0.0002994626282364436
0.0007220322423058134
0.00037225207620908646
0.0007586712261846605
0.0002975085490962384
0.0006927210552027357
0.00046360527601367856
0.0006702491450903762
0.0003981436248168051
0.0006687835857352222
0.00038495359062042014
0.0007689301416707377
0.00035124572545188083
0.0006790425012212995
0.00035515388373229116
0.0006849047386419151
0.0003883732291157792
0.0006853932584269663
0.00042159257449926726
0.0007171470444553005
0.00032095749877870055
0.0007166585246702492
0.0003859306301905227
0.0006990718124084026
0.0002872496336101612
0.0006858817782120176
0.00046458231558378117
0.0006917440156326331
0.00033952125061064976
0.0006604787493893502
0.00035515388373229116
0.0007044455300439668
0.0003444064484611627
0.0007264289203712751
0.00035124572545188083
0.0006956521739130434
0.000416218856863703
0.0006165119687347338
0.0004235466536394724
0.000663409868099658
0.00032730825598436733
0.0007220322423058134
0.0003605276013678554
0.0006941866145578896
0.00030776746458231557
0.0006272594040058622
0.00040644846116267706
0.0006966292134831461
0.00036785539814362483
0.0007313141182217879
0.0003351245725451881
0.0007318026380068393
0.00032193453834880316
0.0006438690766976063
0.0003825109916951637
0.0007161700048851978
0.00038983878847093307
0.0006751343429408891
0.00041817293600390814
0.0006751343429408891
0.00027796775769418664
0.0006673180263800685
0.0003693209574987787
0.0007337567171470445
0.0003585735222276502
0.0006780654616511968
0.0004606741573033708
0.0006917440156326331
0.0003527112848070347
0.0006849047386419151
0.00034587200781631655
0.0007415730337078652
0.0003580850024425989
0.0007269174401563263
0.00039863214460185637
0.0007401074743527112
0.0003790913531998046
0.0006477772349780166
0.000432828529555447
0.0006531509526135808
0.00030190522716170003
0.0006936980947728383
0.00042843185148998535
0.0007352222765021983
0.00029164631167562287
0.00071323888617489
0.00043038593063019057
0.00071323888617489
0.0003351245725451881
0.0006956521739130434
0.0003619931607230093
0.0007186126038104543
0.00027796775769418664
0.0007322911577918906
0.0003859306301905227
0.0006961406936980948
0.0003654127992183683
0.0006751343429408891
0.00046262823644357596
0.0006751343429408891
0.0002994626282364436
0.0007318026380068393
0.00040205178309721544
0.0007376648754274549
0.0003478260869565217
0.0007259404005862238
0.0004235466536394724
0.0007005373717635565
0.0003229115779189057
0.000668295065950171
0.00034636052760136785
0.0007029799706888129
0.00032926233512457255
0.0007635564240351734
0.000407914020517831
0.000721543722520762
0.0003629702002931119
0.0006365412799218368
0.0004572545188080117
0.0007088422081094285
0.00027259404005862235
0.0007581827063996092
0.0003961895456765999
0.0007181240840254031
0.0003058133854421104
0.0007142159257449927
0.0004924279433317049
0.0006722032242305813
0.00039521250610649735
0.0006873473375671715
0.00038104543234000976
0.0007518319491939423
0.0003253541768441622
0.0006990718124084026
0.00031167562286272594
0.00071323888617489
0.00042843185148998535
0.0006678065461651197
0.0004342940889106009
0.0006917440156326331
0.0002642892037127504
0.0006761113825109917
0.00034245236932095753
0.0006922325354176843
0.00033854421104054716
0.0007122618466047875
0.0004919394235466536
0.00067171470444553
0.00035466536394723985
0.0006697606253053249
0.0003312164142647777
0.0006907669760625306
0.00035710796287249637
0.0007469467513434294
0.00039423546653639474
0.0006726917440156326
0.0003922813873961896
0.0006218856863702979
0.0004694675134342941
0.0006702491450903762
0.0002667318026380068
0.0007083536883243772
0.0003478260869565217
0.0007107962872496337
0.00023009281875915975
0.0006355642403517342
0.0004235466536394724
0.0006697606253053249
0.00038397655105031753
0.0006888128969223254
0.00033610161211529064
0.0006834391792867611
0.0003527112848070347
0.0006917440156326331
0.0004059599413776258
0.0006809965803615046
0.00040254030288226674
0.0006692721055202736
0.0003971665852467025
0.0006853932584269663
0.0003014167073766488
0.0006795310210063508
0.0004235466536394724
0.0007005373717635565
0.00030385930630190525
0.000688324377137274
0.0004865657059110894
0.0006932095749877871
0.00031656082071323887
0.0007191011235955056
0.0003522227650219834
0.0006951636541279922
0.0003663898387884709
0.0006912554958475818
0.00036443575964826576
0.0006853932584269663
0.00037567171470444553
0.0006428920371275036
0.00043038593063019057
0.0006590131900341963
0.0002808988764044944
0.0007200781631656083
0.00041524181729360037
0.0007484123106985832
0.0003312164142647777
0.000676599902296043
0.00045774303859306303
0.000663409868099658
0.00040205178309721544
0.0007044455300439668
0.000399609184171959
0.0007151929653150952
0.00027015144113336594
0.0006980947728382999
0.00036443575964826576
0.0006770884220810943
0.0003859306301905227
0.0006726917440156326
0.0004211040547142159
0.0006692721055202736
0.0003141182217879824
0.0006624328285295554
0.0003434294088910601
0.00071323888617489
0.00038153395212506107
0.0007191011235955056
0.00048754274548119196
0.0006555935515388374
0.00036736687835857353
0.0006614557889594529
0.00029408891060087933
0.0006897899364924279
0.0002838299951148022
0.0006976062530532486
0.0003795798729848559
0.0007376648754274549
0.00040400586223742066
0.0006340986809965803
0.00039765510503175376
0.0006443575964826576
0.0002994626282364436
0.0007010258915486077
0.00041817293600390814
0.000723009281875916
0.00029506595017098194
0.0006722032242305813
0.00047630679042501224
0.0006829506595017098
0.00032730825598436733
0.0007107962872496337
0.0003409868099658036
0.0007313141182217879
0.00030385930630190525
0.0006888128969223254
0.0003488031265266243
0.0006638983878847094
0.00042696629213483144
0.000643380556912555
0.0004440644846116268
0.0006726917440156326
0.0002545188080117245
0.0006507083536883243
0.00040156326331216414
0.0006775769418661456
0.00036003908158280414
0.0006966292134831461
0.00047923790913532
0.0006531509526135808
0.0003683439179286761
0.0006521739130434783
0.00033072789447972646
0.0006653639472398632
0.0003404982901807523
0.0007498778700537372
0.00040254030288226674
0.0007083536883243772
0.00038202247191011237
0.0006604787493893502
0.00039276990718124083
0.0007044455300439668
0.000331704934049829
0.00067171470444553
0.00038446507083536883
0.0007054225696140694
0.00032877381533952124
0.0006306790425012213
0.0004572545188080117
0.0006521739130434783
0.000340009770395701
0.0006956521739130434
0.0003224230581338544
0.0007449926722032242
0.00033072789447972646
0.0006951636541279922
0.0003663898387884709
0.0006946751343429409
0.000391304347826087
0.0006888128969223254
0.00043478260869565214
0.0006805080605764533
0.00027454811919882757
0.0006673180263800685
0.00037322911577918907
0.0006785539814362482
0.00032730825598436733
0.0007122618466047875
0.0004035173424523693
0.0006873473375671715
0.0003517342452369321
0.0006438690766976063
0.00034636052760136785
0.0007103077674645823
0.00034831460674157307
0.0007264289203712751
0.00036248168050806055
0.0007318026380068393
0.0004084025403028823
0.0006712261846604788
0.0004484611626770884
0.0006780654616511968
0.00031314118221787985
0.0007435271128480704
0.00041524181729360037
0.00071323888617489
0.00029311187103077673
0.000676599902296043
0.0004274548119198828
0.0006643869076697606
0.0003917928676111382
0.0006653639472398632
0.0002936003908158281
0.0007127503663898388
0.00032877381533952124
0.0006805080605764533
0.0003683439179286761
0.0006360527601367856
0.0004484611626770884
0.0006858817782120176
0.0004440644846116268
0.0007386419149975574
0.0002510991695163654
0.0007200781631656083
0.00038153395212506107
0.0006868588177821202
0.0002926233512457255
0.000709819247679531
0.00048314606741573033
0.0006936980947728383
0.00035710796287249637
0.0006477772349780166
0.0003356130923302394
0.0006941866145578896
0.00037225207620908646
0.0006927210552027357
0.000399609184171959
0.0006990718124084026
0.00039325842696629214
0.0006424035173424523
0.00040400586223742066
0.0006863702979970688
0.00033854421104054716
0.0006780654616511968
0.000407914020517831
0.0007503663898387885
0.0002804103566194431
0.000643380556912555
0.0004528578407425501
0.0006585246702491451
0.00035906204201270153
0.0006790425012212995
0.00036248168050806055
0.0007445041524181729
0.0002452369320957499
0.0006697606253053249
0.00037371763556424037
0.0006785539814362482
0.00039521250610649735
0.0006722032242305813
0.0004421104054714216
0.0007029799706888129
0.00030776746458231557
0.0006428920371275036
0.0004010747435271129
0.0007410845139228138
0.00037371763556424037
0.0006770884220810943
0.0004098680996580362
0.0006521739130434783
0.0003795798729848559
0.0006726917440156326
0.0003419638495359062
0.0006951636541279922
0.00036883243771372744
0.0007195896433805569
0.00042696629213483144
0.0007005373717635565
0.0004513922813873962
0.0006086956521739131
0.00040937957987298483
0.0006922325354176843
0.0003180263800683928
0.0007274059599413776
0.0004123106985832926
0.0007010258915486077
0.0003058133854421104
0.0006170004885197851
0.00044504152418172935
0.0006751343429408891
0.000407914020517831
0.0007200781631656083
0.00037127503663898385
0.000688324377137274
0.0003160723009281876
0.0006844162188568637
0.00040205178309721544
0.000701514411333659
0.00043185148998534437
0.0006624328285295554
0.0004518808011724475
0.0007410845139228138
0.00023155837811431363
0.0007049340498290181
0.00036785539814362483
0.0006917440156326331
0.00038886174890083046
0.000673180263800684
0.0004553004396678065
0.0006531509526135808
0.000353199804592086
0.0006692721055202736
0.0002887151929653151
0.0007112848070346849
0.00033072789447972646
0.0007137274059599414
0.0003790913531998046
0.0006780654616511968
0.0004035173424523693
0.0006213971665852467
0.000432828529555447
0.0006888128969223254
0.00030532486565705916
0.0007425500732779677
0.0004088910600879336
0.0007127503663898388
0.0003522227650219834
0.0006199316072300928
0.00046262823644357596
0.0006126038104543234
0.0003654127992183683
0.0007083536883243772
0.0003683439179286761
0.0006834391792867611
0.00032095749877870055
0.0007127503663898388
0.00035466536394723985
0.0007181240840254031
0.00039765510503175376
0.0007010258915486077
0.00039912066438690767
0.0007122618466047875
0.00031851489985344403
0.0007029799706888129
0.00037274059599413776
0.0007293600390815828
0.00027650219833903273
0.0007156814851001465
0.0004484611626770884
0.0006893014167073766
0.00037322911577918907
0.0006712261846604788
0.0003214460185637518
0.0007020029311187103
0.0003444064484611627
0.0007332681973619931
0.00039423546653639474
0.0007029799706888129
0.00037567171470444553
0.0006927210552027357
0.00041182217879824135
0.0006946751343429409
0.0003214460185637518
0.0006956521739130434
0.0003790913531998046
0.000709819247679531
0.00026477772349780166
0.0006643869076697606
0.00042794333170493405
0.0006316560820713239
0.00035368832437713724
0.0006648754274548119
0.00035710796287249637
0.0007366878358573522
0.0003224230581338544
0.0006297020029311187
0.0003702979970688813
0.0006941866145578896
0.00040205178309721544
0.0006785539814362482
0.00043038593063019057
0.0006761113825109917
0.00027015144113336594
0.000638495359062042
0.00037567171470444553
0.000714704445530044
0.0003663898387884709
0.0007181240840254031
0.0004167073766487543
0.0006961406936980948
0.00034489496824621394
0.0006761113825109917
0.00037762579384465074
0.0006980947728382999
0.0003439179286761114
0.0007176355642403517
0.0003160723009281876
0.0006819736199316072
0.00039325842696629214
0.00067171470444553
0.0004235466536394724
0.0006946751343429409
0.00029555446995603325
0.0006961406936980948
0.0003629702002931119
0.0007449926722032242
0.0002784562774792379
0.0006565705911089399
0.00042012701514411335
0.0006170004885197851
0.0003444064484611627
0.000646800195407914
0.0003419638495359062
0.0006707376648754274
0.0003742061553492916
0.0006692721055202736
0.00043185148998534437
0.0006536394723986322
0.0003834880312652663
0.0006712261846604788
0.000416218856863703
0.0007024914509037617
0.00025744992672203226
0.0006218856863702979
0.000399609184171959
0.0007020029311187103
0.00030434782608695655
0.0007049340498290181
0.0004220810942843185
0.0006389838788470933
0.0003302393746946751
0.0006780654616511968
0.00032828529555446994
0.00067171470444553
0.0003390327308255984
0.0006907669760625306
0.00038886174890083046
0.000688324377137274
0.00042012701514411335
0.0006233512457254519
0.0004259892525647289
0.0006829506595017098
0.0003175378602833415
0.0007039570102589154
0.0003668783585735222
0.0007278944797264289
0.00028285295554469957
0.0006541279921836834
0.0004601856375183195
0.0006575476306790425
0.00041084513922813874
0.0006638983878847094
0.0003488031265266243
0.000701514411333659
0.00031069858329262333
0.0006966292134831461
0.0003795798729848559
0.0006663409868099657
0.00036394723986321446
0.0007020029311187103
0.00041817293600390814
0.0007298485588666341
0.00024377137274059598
0.0006726917440156326
0.00032877381533952124
0.000747923790913532
0.00030434782608695655
0.0006736687835857352
0.00046116267708842205
0.000688324377137274
0.00034489496824621394
0.0006868588177821202
0.0003258426966292135
0.0006453346360527601
0.0003214460185637518
0.0007151929653150952
0.00033952125061064976
0.0007181240840254031
0.0003659013190034197
0.0006243282852955545
0.00036736687835857353
0.0006805080605764533
0.00032046897899364925
0.0007220322423058134
0.00037616023448949683
0.0007557401074743527
0.0003356130923302394
0.0006976062530532486
0.00044992672203224233
0.000673180263800684
0.0003702979970688813
0.0007254518808011725
0.0003790913531998046
0.00071323888617489
0.00029457743038593064
0.000676599902296043
0.00038446507083536883
0.0007171470444553005
0.00043038593063019057
0.0006609672691744016
0.0004274548119198828
0.0006922325354176843
0.00032730825598436733
0.000625305324865657
0.0003390327308255984
0.0006873473375671715
0.0003346360527601368
0.0007059110893991206
0.00046213971665852465
0.0007122618466047875
0.00039912066438690767
0.0006839276990718123
0.00029555446995603325
0.0006839276990718123
0.00036394723986321446
0.0007107962872496337
0.0003619931607230093
0.0007107962872496337
0.0004059599413776258
0.0006321446018563752
0.00038495359062042014
0.0006678065461651197
0.0003497801660967269
0.0007596482657547631
0.00038446507083536883
0.0007020029311187103
0.00029408891060087933
0.0006438690766976063
0.00045236932095749874
0.0006585246702491451
0.0003619931607230093
0.0007083536883243772
0.00035710796287249637
0.0007508549096238397
0.00033610161211529064
0.0006853932584269663
0.00036248168050806055
0.000706399609184172
0.0003971665852467025
0.000714704445530044
0.0004733756717147045
0.0006809965803615046
0.0003092330239374695
0.0006673180263800685
0.0003834880312652663
0.0007029799706888129
0.0003507572056668295
0.0007205666829506595
0.0004489496824621397
0.0006990718124084026
0.00038446507083536883
0.0006668295065950171
0.00035466536394723985
0.0006702491450903762
0.0003492916463116756
0.0007127503663898388
0.0003693209574987787
0.0007244748412310698
0.000407914020517831
0.0006272594040058622
0.00040400586223742066
0.0006648754274548119
0.000281875915974597
0.0007244748412310698
0.00038983878847093307
0.0007537860283341475
0.0002755251587689301
0.0006638983878847094
0.00044553004396678065
0.0006546165119687347
0.0003742061553492916
0.0006971177332681974
0.00039081582804103567
0.0007073766487542745
0.00028236443575964826
0.000723009281875916
0.0003971665852467025
0.0006702491450903762
0.00039423546653639474
0.0006419149975574011
0.00044992672203224233
0.0007176355642403517
0.0003175378602833415
0.0007156814851001465
0.0003790913531998046
0.0007366878358573522
0.00031167562286272594
0.000676599902296043
0.00047093307278944796
0.0007151929653150952
0.00037225207620908646
0.0006712261846604788
0.0003619931607230093
0.0006897899364924279
0.0003453834880312653
0.0007093307278944797
0.0003693209574987787
0.0006624328285295554
0.0003429408891060088
0.0006536394723986322
0.0004323400097703957
0.0006648754274548119
0.00031216414264777725
0.0006897899364924279
0.00036003908158280414
0.0007381533952125061
0.00029311187103077673
0.0006927210552027357
0.00045872007816316564
0.0006546165119687347
0.0003321934538348803
0.0007303370786516854
0.00033610161211529064
0.0007474352711284807
0.000315095261358085
0.0006941866145578896
0.00034636052760136785
0.0007073766487542745
0.0003957010258915486
0.0006321446018563752
0.00041182217879824135
0.0006560820713238886
0.00025598436736687835
0.0006912554958475818
0.0003429408891060088
0.0006736687835857352
0.00036443575964826576
0.000688324377137274
0.00047142159257449926
0.0007122618466047875
0.00033317049340498287
0.0006687835857352222
0.00035564240351734246
0.0006707376648754274
0.0003409868099658036
0.0007093307278944797
0.00037127503663898385
0.0007142159257449927
0.00036736687835857353
0.0006663409868099657
0.0004167073766487543
0.000706399609184172
0.0003429408891060088
0.0007161700048851978
0.0004171958964338056
0.0007137274059599414
0.00036248168050806055
0.0007103077674645823
0.0003971665852467025
0.0006062530532486565
0.0004250122129946263
0.0007191011235955056
0.0003751831949193942
0.000743038593063019
0.00031314118221787985
0.0006922325354176843
0.0003439179286761114
0.0006340986809965803
0.0003893502686858818
0.0006458231558378114
0.00040254030288226674
0.0006692721055202736
0.0003180263800683928
0.0006858817782120176
0.00035564240351734246
0.0007234978016609672
0.00035906204201270153
0.0007220322423058134
0.0004352711284807035
0.0006839276990718123
0.00035906204201270153
0.0006863702979970688
0.000353199804592086
0.0007107962872496337
0.0003224230581338544
0.0007034684904738642
0.00040937957987298483
0.000663409868099658
0.0004352711284807035
0.0006272594040058622
0.0004289203712750366
0.0006805080605764533
0.0002896922325354177
0.0007249633610161211
0.00040742550073277967
0.0006526624328285296
0.0002696629213483146
0.0006443575964826576
0.0004601856375183195
0.0006238397655105031
0.00035710796287249637
0.0007586712261846605
0.00036003908158280414
0.0006893014167073766
0.0003341475329750855
0.0006976062530532486
0.00032926233512457255
0.0006888128969223254
0.0004255007327796776
0.0006829506595017098
0.0004157303370786517
0.0007254518808011725
0.00027259404005862235
0.00071323888617489
0.000378114313629702
0.0007249633610161211
0.00032828529555446994
0.000676599902296043
0.00046604787493893503
0.0006824621397166585
0.0003693209574987787
0.0006980947728382999
0.00034587200781631655
0.0006932095749877871
0.0003707865168539326
0.0007186126038104543
0.0003409868099658036
0.0007142159257449927
0.0003527112848070347
0.0006145578895945286
0.0004596971177332682
0.0006741573033707865
0.00030337078651685394
0.0006844162188568637
0.0003834880312652663
0.0007054225696140694
0.00031118710307767464
0.0006922325354176843
0.00046995603321934535
0.0006966292134831461
0.00035906204201270153
0.0006936980947728383
0.0003668783585735222
0.0006893014167073766
0.00031216414264777725
0.0006687835857352222
0.0003404982901807523
0.0007068881289692232
0.0004250122129946263
0.0007278944797264289
0.000416218856863703
0.0006917440156326331
0.0003248656570591109
0.0006829506595017098
0.0004098680996580362
0.0007093307278944797
0.0003302393746946751
0.0007308255984367366
0.0004914509037616023
0.0006463116756228628
0.00036003908158280414
0.0006472887151929653
0.0003619931607230093
0.0006907669760625306
0.00037225207620908646
0.0007195896433805569
0.00038544211040547144
0.0006956521739130434
0.00041084513922813874
0.0006482657547630679
0.00038446507083536883
0.000646800195407914
0.00035466536394723985
0.0006941866145578896
0.0004484611626770884
0.0007078651685393258
0.00028334147532975087
0.0006839276990718123
0.00046213971665852465
0.0006482657547630679
0.00037225207620908646
0.000706399609184172
0.0003751831949193942
0.0006951636541279922
0.00030190522716170003
0.000701514411333659
0.00039912066438690767
0.0006619443087445042
0.00041963849535906205
0.0006829506595017098
0.00045236932095749874
0.000714704445530044
0.00026575476306790426
0.0006927210552027357
0.0004010747435271129
0.0007083536883243772
0.0003419638495359062
0.0007049340498290181
0.0004592085979482169
0.0006648754274548119
0.000374694675134343
0.000681485100146556
0.00039325842696629214
0.0007239863214460186
0.0003175378602833415
0.0006941866145578896
0.0003605276013678554
0.0006912554958475818
0.0003981436248168051
0.0006223742061553493
0.00039325842696629214
0.0006868588177821202
0.0002427943331704934
0.0006995603321934538
0.0003893502686858818
0.0007269174401563263
0.0002540302882266732
0.0006756228627259405
0.00045774303859306303
0.0006409379579872985
0.0004352711284807035
0.0006961406936980948
0.00036980947728383
0.0007122618466047875
0.00032095749877870055
0.0006824621397166585
0.0004084025403028823
0.0007205666829506595
0.00043038593063019057
0.0006790425012212995
0.0004758182706399609
0.0007699071812408403
0.00025500732779677575
0.0007391304347826086
0.0003629702002931119
0.00071323888617489
0.0003585735222276502
0.0006912554958475818
0.00047239863214460187
0.0006653639472398632
0.000374694675134343
0.0006834391792867611
0.00036394723986321446
0.0006839276990718123
0.0003961895456765999
0.0007572056668295066
0.0003659013190034197
0.0006751343429408891
0.0004098680996580362
0.0006443575964826576
0.0004225696140693698
0.0006722032242305813
0.00031558378114313626
0.0007376648754274549
0.0003971665852467025
0.000709819247679531
0.0003146067415730337
0.0006697606253053249
0.0004860771861260381
0.000625305324865657
0.0003683439179286761
0.0006643869076697606
0.00039081582804103567
0.0006990718124084026
0.0003585735222276502
0.0007034684904738642
0.0003834880312652663
0.0006936980947728383
0.00040302882266731805
0.0006722032242305813
0.0004694675134342941
0.0006878358573522228
0.00029506595017098194
0.0006941866145578896
0.0004147532975085491
0.0007039570102589154
0.00037567171470444553
0.0006702491450903762
0.00044992672203224233
0.0006658524670249145
0.00037127503663898385
0.0006775769418661456
0.0003453834880312653
0.0006463116756228628
0.00038153395212506107
0.0007166585246702492
0.0003444064484611627
0.0006492427943331705
0.0004059599413776258
0.0006980947728382999
0.0004489496824621397
0.0007220322423058134
0.00031167562286272594
0.0007498778700537372
0.00043624816805080605
0.0007029799706888129
0.0003414753297508549
0.0006477772349780166
0.00048412310698583294
0.0006595017098192477
0.0004401563263312164
0.0007557401074743527
0.0003981436248168051
0.0007425500732779677
0.000356619443087445
0.0006819736199316072
0.0004059599413776258
0.000761113825109917
0.0004601856375183195
0.0006546165119687347
0.0004171958964338056
0.0007234978016609672
0.0003214460185637518
0.0006819736199316072
0.000374694675134343
0.00071323888617489
0.00030434782608695655
0.0006863702979970688
0.0004924279433317049
0.0006961406936980948
0.0003580850024425989
0.0007283829995114803
0.00029408891060087933
0.0006853932584269663
0.0003238886174890083
0.0007191011235955056
0.0003629702002931119
0.0006961406936980948
0.0004010747435271129
0.0006160234489496824
0.0005061064973131412
0.0006756228627259405
0.0003102100635075721
0.0007445041524181729
0.00037664875427454814
0.0006722032242305813
0.00030532486565705916
0.0006785539814362482
0.00043038593063019057
0.0006570591108939911
0.000407914020517831
0.0006834391792867611
0.0003619931607230093
0.0007000488519785051
0.0002994626282364436
0.0007000488519785051
0.0004098680996580362
0.00067171470444553
0.00041182217879824135
0.0006555935515388374
0.0004391792867611138
0.0007684416218856863
0.00027503663898387887
0.0006912554958475818
0.00040254030288226674
0.000676599902296043
0.000331704934049829
0.0007156814851001465
0.0004484611626770884
0.0006956521739130434
0.00038104543234000976
0.0006228627259404006
0.00035613092330239376
0.0006541279921836834
0.0003087445041524182
0.0007308255984367366
0.0003595505617977528
0.0006746458231558377
0.00041084513922813874
0.000618466047874939
0.000416218856863703
0.0006331216414264777
0.0003072789447972643
0.0006404494382022472
0.0003575964826575476
0.0007274059599413776
0.0003971665852467025
0.0006262823644357597
0.00043722520762090865
0.0006624328285295554
0.0003869076697606253
0.0006824621397166585
0.0003492916463116756
0.0007342452369320958
0.00028578407425500734
0.0006502198339032731
0.0003312164142647777
0.0006648754274548119
0.00040058622374206153
0.0006858817782120176
0.00047435271128480703
0.0006961406936980948
0.0003009281875915975
0.0006829506595017098
0.0003663898387884709
0.0007010258915486077
0.00035515388373229116
0.0007596482657547631
0.00047142159257449926
0.0007195896433805569
0.00033072789447972646
0.0006448461162677088
0.0004000977039570103
0.0007225207620908647
0.0003541768441621886
0.0007161700048851978
0.00041524181729360037
0.000688324377137274
0.0003966780654616512
0.000638495359062042
0.0003873961895456766
0.0006472887151929653
0.0002799218368343918
0.0006946751343429409
0.0003659013190034197
0.0006849047386419151
0.00030679042501221296
0.0006609672691744016
0.000449438202247191
0.0006702491450903762
0.0003541768441621886
0.0006536394723986322
0.00036248168050806055
0.0007161700048851978
0.0003092330239374695
0.000651685393258427
0.000391304347826087
0.0007420615534929165
0.00043624816805080605
0.0007093307278944797
0.00045432340009770396
0.000709819247679531
0.0002921348314606742
0.0006932095749877871
0.0003751831949193942
0.0006394723986321445
0.0003160723009281876
0.0007054225696140694
0.0004728871519296531
0.0006951636541279922
0.0003414753297508549
0.0006673180263800685
0.00036883243771372744
0.0007166585246702492
0.0002906692721055203
0.0007200781631656083
0.0003580850024425989
0.0007518319491939423
0.00040254030288226674
0.0006428920371275036
0.000495847581827064
0.0007068881289692232
0.00036980947728383
0.0007435271128480704
0.0003829995114802149
0.0007020029311187103
0.0003527112848070347
0.0006590131900341963
0.0004821690278456278
0.0006511968734733756
0.0004059599413776258
0.000701514411333659
0.0003917928676111382
0.0007269174401563263
0.00031851489985344403
0.00071323888617489
0.0004225696140693698
0.000659990229604299
0.00037322911577918907
0.0006678065461651197
0.00044064484611626767
0.0007176355642403517
0.00030679042501221296
0.0006424035173424523
0.000353199804592086
0.0006932095749877871
0.0002696629213483146
0.0006389838788470933
0.000499267220322423
0.0006643869076697606
0.0003917928676111382
0.0006922325354176843
0.00032437713727405957
0.0007161700048851978
0.0003971665852467025
0.00071323888617489
0.00041524181729360037
0.0007454811919882755
0.00043575964826575474
0.0007278944797264289
0.0005134342940889106
0.0007762579384465071
0.0004377137274059599
0.0009648265754763068
0.0007029799706888129
0.0010972154372252076
0.0007537860283341475
0.0012989741084513924
0.0010923302393746948
0.001353199804592086
0.0012012701514411334
0.0016213971665852466
0.00134342940889106
0.001777723497801661
0.001419638495359062
0.0019091353199804592
0.0017195896433805568
0.0020723009281875915
0.0018778700537371764
0.00224523693209575
0.0020376160234489497
0.002432828529555447
0.002045920859794822
0.002557401074743527
0.0023488031265266247
0.0026858817782120176
0.0024142647777234977
0.0029296531509526136
0.0026555935515388375
0.002966292134831461
0.0026761113825109917
0.0031084513922813874
0.0027772349780166095
0.0031841719589643385
0.0029843673668783588
0.0034347826086956524
0.0031607230092818763
0.0036443575964826575
0.003326331216414265
0.003713727405959941
0.003519296531509526
0.0038558866634098685
0.003551538837322912
0.004070346849047387
0.0037767464582315583
0.004218368343917929
0.00391304347826087
0.004365412799218368
0.004195407914020518
0.004429408891060088
0.004296042989741084
0.004666829506595018
0.004417684416218857
0.004804592085979482
0.004526135808500245
0.004962383976551051
0.004757205666829506
0.005055691255495848
0.004922813873961896
0.005245725451880802
0.005100635075720566
0.005364924279433317
0.005166585246702491
0.0055173424523693206
0.005419638495359062
0.005670737664875428
0.0055173424523693206
0.0058969223253541765
0.005895945285784074
0.006021983390327308
0.005975085490962383
0.006174401563263312
0.006142159257449926
0.006344894968246214
0.006295065950170982
0.006625305324865657
0.006582315583781143
0.0067581827063996095
0.006745969711773327
0.006910112359550562
0.006984367366878358
0.007057645334636053
0.007052760136785539
0.007312164142647778
0.007311187103077675
0.007470933072789448
0.007363947239863214
0.00755105031753786
0.007619443087445042
0.007715681485100147
0.007788470933072789
0.007903273082559843
0.00792085979482169
0.00807230092818759
0.008077186126038104
0.008194430874450416
0.008278456277479238
0.008384465070835368
0.008508060576453346
0.008534440644846117
0.008787493893502687
0.008733756717147044
0.008776257938446507
0.008914997557401074
0.00903761602344895
0.009126038104543235
0.009197361993160723
0.009294088910600878
0.009470444553004397
0.009396678065461652
0.00965608207132389
0.009665852467024914
0.009710796287249635
0.009740107474352711
0.00984904738641915
0.00995114802149487
0.01008695652173913
0.010020517830972155
0.010300928187591598
0.010179775280898877
0.010506595017098191
0.010399120664386908
0.010573033707865168
0.01063409868099658
0.010821690278456277
0.010760625305324865
0.010951636541279921
0.010925744992672204
0.011273571079628725
0.011047874938935028
0.011357596482657547
0.0112647777234978
0.011542256961406936
0.011457743038593064
0.011653639472398633
0.01163751831949194
0.011888617489008303
0.011809965803615046
0.01208695652173913
0.011983878847093307
0.01234342940889106
0.012141182217879826
0.012329750854909624
0.01227112848070347
0.012525158768930142
0.012408402540302883
0.012625305324865657
0.012606741573033707
0.012904738641914998
0.012745969711773327
0.01295407914020518
0.012910600879335613
0.013159257449926721
0.013065461651196873
0.01325696140693698
0.013359550561797754
0.013450415241817292
0.013356130923302394
0.013593063019052271
0.013542745481191987
0.013813873961895456
0.013723009281875916
0.013779189057156815
0.013980947728382999
0.014001954079140205
0.014099658036150464
0.014104543234000977
0.014219833903273082
0.014368832437713728
0.014364924279433318
0.01447923790913532
0.014613580850024427
0.01451636541279922
0.014631167562286272
0.014606741573033707
0.014822667318026379
0.014808988764044944
0.014984367366878358
0.015006839276990718
0.015111382510991696
0.01514313629702003
0.015214460185637518
0.015147532975085492
0.015444064484611626
0.015337567171470445
0.015530532486565706
0.015434782608695652
0.01573277967757694
0.015741573033707865
0.015814851001465558
0.015791402051783098
0.01606448461162677
0.01587542745481192
0.01619589643380557
0.016020517830972154
0.01638544211040547
0.016231558378114314
0.016533463605276015
0.016348803126526625
0.016668295065950172
0.01648998534440645
0.01671763556424035
0.01639325842696629
0.01677772349780166
0.016505129457743038
0.01678407425500733
0.016413287738153398
0.016716658524670247
0.01655446995603322
0.016724963361016122
0.01642940889106009
0.016782608695652176
0.016424035173424525
0.016726428920371277
0.016390815828041035
0.01669076697606253
0.016458720078163163
0.016745481191988276
0.01645285784074255
0.016747435271128482
0.016522227650219833
0.01675818270639961
0.01638446507083537
0.016656082071323887
0.01643820224719101
0.016771372740595994
0.01641866145578896
0.01676599902296043
0.016511480214948703
0.016681485100146557
0.016436248168050806
0.016697117733268197
0.01640400586223742
0.016729360039081584
0.016364435759648268
0.016748900830483634
0.01643087445041524
0.016704934049829017
0.016435759648265755
0.01661113825109917
0.016476306790425013
0.016707376648754272
0.01637371763556424
0.016704445530043965
0.016439179286761113
0.016722520762090867
0.016383488031265266
0.01664240351734245
0.016524670249145088
0.016704934049829017
0.016420615534929166
0.016718612603810454
0.016387884709330728
0.016739618954567662
0.01639228138739619
0.016687835857352222
0.01641866145578896
0.016672691744015634
0.01650170981924768
0.016696629213483145
0.016440644846116268
0.016753297508549096
0.016352222765021986
0.01670981924767953
0.01640009770395701
0.016747435271128482
0.01640400586223742
0.01674792379091353
0.01649096238397655
0.01667953102100635
0.01638593063019052
0.01669516365412799
0.0164333170493405
0.01668295065950171
0.016427943331704935
0.016753786028334147
0.01647191011235955
0.016724963361016122
0.016414264777723498
0.016703957010258914
0.016454811919882753
0.016718124084025402
0.01637420615534929
0.016672203224230582
0.01641133365901319
0.01678407425500733
0.016371275036638985
0.01665021983390327
0.016494870542256963
0.01666340986809966
0.016416707376648756
0.016770884220810942
0.016386419149975573
0.016712750366389837
0.016373229115779188
0.01672056668295066
0.01639228138739619
0.016631167562286272
0.01645676599902296
0.016666829506595017
0.01646995603321935
0.016725940400586226
0.016330239374694674
0.01668978993649243
0.016425012212994628
0.01673229115779189
0.016347337567171473
0.016711773326819734
0.016463116756228625
0.016693209574987787
0.0164342940889106
0.016604787493893505
0.016386419149975573
0.016710307767464582
0.016399609184171958
0.01674010747435271
0.016413287738153398
0.016715681485100144
0.0164533463605276
0.016597948216902785
0.016467024914509035
0.016697117733268197
0.016326819736199316
0.016696629213483145
0.01641133365901319
0.016744992672203224
0.016368832437713726
0.01670200293111871
0.0164904738641915
0.016684416218856864
0.01641475329750855
0.01672838299951148
0.01638983878847093
0.016710796287249634
0.016345872007816318
0.01667171470444553
0.016413776257938446
0.016724963361016122
0.016412799218368346
0.016684416218856864
0.016463116756228625
0.016736687835857352
0.016336101612115288
0.016677088422081095
0.01643087445041524
0.01667024914509038
0.016344406448461163
0.016722520762090867
0.01647386419149976
0.01667024914509038
0.016420615534929166
0.016629702002931117
0.016387396189545676
0.016609184171958967
0.01637371763556424
0.016702491450903762
0.01638983878847093
0.016733268197361994
0.01637664875427455
0.016656570591108942
0.01648168050806058
0.016699560332193452
0.0163409868099658
0.01674255007327797
0.016412310698583295
0.016741084513922814
0.016330239374694674
0.0166409379579873
0.01643722520762091
0.016680019540791402
0.01644553004396678
0.01669418661455789
0.016367855398143626
0.016652173913043477
0.01633170493404983
0.01669369809477284
0.016366878358573523
0.016631656082071324
0.016444064484611626
0.01668588177821202
0.016413776257938446
0.016693209574987787
0.016331216414264778
0.016698583292623352
0.016352711284807035
0.016697117733268197
0.016326819736199316
0.01669027845627748
0.016493404982901808
0.016571568148510015
0.016381045432340008
0.016656570591108942
0.01633317049340498
0.016676599902296044
0.016319980459208596
0.01673571079628725
0.016394235466536393
0.016665363947239865
0.016399120664386906
0.016643869076697605
0.016407914020517833
0.01662628236443576
0.01631753786028334
0.01669369809477284
0.01638593063019052
0.0166599902296043
0.01628236443575965
0.01662237420615535
0.016459208597948215
0.016596482657547634
0.01643869076697606
0.01671372740595994
0.016391792867611138
0.01673131411822179
0.01636638983878847
0.01665315095261358
0.01637371763556424
0.016631167562286272
0.016424523693209576
0.01663067904250122
0.01643869076697606
0.01666731802638007
0.016312164142647776
0.016600879335613095
0.016335124572545188
0.016645823155837812
0.016293111871030778
0.01667513434294089
0.016443575964826575
0.01660332193453835
0.016363458720078165
0.016627259404005862
0.016334636052760136
0.016659013190034197
0.016349291646311676
0.01665266243282853
0.016363458720078165
0.016624816805080607
0.016432340009770396
0.01658133854421104
0.016439179286761113
0.016654616511968732
0.01634049829018075
0.016761602344894967
0.016416218856863705
0.0166599902296043
0.016314606741573034
0.016587200781631655
0.016443575964826575
0.016572545188080115
0.01642159257449927
0.016638983878847092
0.01637664875427455
0.016608207132388864
0.016318514899853444
0.016621885686370297
0.01637664875427455
0.016653639472398632
0.01642940889106009
0.01663702979970689
0.01642256961406937
0.016638983878847092
0.016263800683927698
0.016635564240351734
0.016383488031265266
0.01667171470444553
0.016328285295554468
0.016595994137762582
0.016411822178798243
0.016608695652173915
0.01635417684416219
0.016594528578407427
0.016349291646311676
0.01666780654616512
0.0163400097703957
0.01667415730337079
0.01639765510503175
0.01663849535906204
0.016408891060087936
0.016547142159257452
0.016414264777723498
0.016613092330239377
0.016288226673180264
0.016673180263800685
0.016377137274059598
0.01668637029799707
0.016327308255984368
0.016611626770884222
0.016403517342452368
0.01658036150464094
0.016314118221787983
0.01669418661455789
0.016336101612115288
0.01663702979970689
0.016303370786516856
0.016640449438202247
0.016378602833414753
0.01659355153883732
0.016395701025891548
0.016597459697117734
0.01640009770395701
0.0166028334147533
0.01629799706888129
0.01659892525647289
0.016372740595994136
0.01667024914509038
0.016293111871030778
0.01664533463605276
0.01645285784074255
0.0165857352222765
0.01638544211040547
0.01659550561797753
0.01639667806546165
0.016647777234978015
0.016377137274059598
0.01670200293111871
0.016386907669760625
0.016672691744015634
0.01637420615534929
0.01652173913043478
0.016377137274059598
0.016587689301416707
0.016310210063507573
0.016629702002931117
0.016355153883732293
0.016689301416707377
0.016310210063507573
0.016616511968734735
0.01644162188568637
0.016562774792379092
0.016357596482657548
0.01664240351734245
0.016361016121152906
0.016680019540791402
0.016345872007816318
0.016617977528089887
0.01634049829018075
0.016668295065950172
0.016384953590620418
0.01660332193453835
0.01636638983878847
0.016702491450903762
0.016250122129946264
0.016616511968734735
0.016330239374694674
0.01666780654616512
0.016316560820713238
0.01666389838788471
0.016431362970200293
0.01662677088422081
0.016348803126526625
0.01659257449926722
0.016390327308255983
0.01663067904250122
0.016311187103077676
0.016645823155837812
0.01634636052760137
0.016621885686370297
0.016380068392769908
0.016595994137762582
0.016408402540302885
0.016635075720566682
0.016297020029311188
0.016651685393258425
0.01634342940889106
0.01662139716658525
0.01629408891060088
0.016564728871519295
0.016408891060087936
0.016555935515388375
0.01639276990718124
0.01661504640937958
0.016315583781143138
0.016568637029799705
0.01628334147532975
0.016619931607230094
0.01633170493404983
0.016600390815828044
0.01638544211040547
0.016616023448949684
0.016399609184171958
0.01664875427454812
0.016247191011235954
0.016580850024425987
0.016349780166096728
0.016604787493893505
0.016334636052760136
0.01660674157303371
0.016453834880312653
0.016640449438202247
0.016330727894479726
0.016612115290669274
0.01633170493404983
0.0166409379579873
0.016306301905227163
0.016658524670249145
0.016363458720078165
0.016612115290669274
0.016329750854909623
0.016545188080117245
0.016373229115779188
0.016603810454323402
0.016255984367366878
0.016696629213483145
0.016364435759648268
0.016659013190034197
0.016298974108451394
0.016541768441621887
0.016429897410845138
0.016555935515388375
0.016364924279433316
0.016606253053248657
0.016351245725451883
0.01663067904250122
0.016274548119198828
0.01658036150464094
0.016336101612115288
0.016609672691744015
0.016364435759648268
0.016576941866145577
0.016399609184171958
0.016619931607230094
0.016258915486077184
0.016621885686370297
0.016345872007816318
0.016642892037127502
0.016308744504152418
0.01658915486077186
0.016420127015144115
0.016572056668295067
0.016362970200293113
0.016584758182706397
0.01631753786028334
0.016587200781631655
0.016314606741573034
0.01664631167562286
0.016337567171470443
0.016610161211529067
0.01639374694675134
0.01654421104054714
0.01635417684416219
0.01661455788959453
0.01626868588177821
0.01667122618466048
0.016330239374694674
0.016646800195407912
0.016288715192965316
0.016594040058622375
0.016373229115779188
0.016547630679042503
0.0163209574987787
0.01660332193453835
0.016352711284807035
0.016631167562286272
0.016267220322423056
0.01657401074743527
0.01632779677576942
0.01655007327796776
0.01635466536394724
0.016536883243771373
0.01638886174890083
0.01659892525647289
0.016259404005862236
0.016619931607230094
0.016351245725451883
0.016623351245725452
0.016292623351245726
0.016635564240351734
0.016416707376648756
0.016582804103566193
0.01632486565705911
0.016512457254518807
0.016323888617489006
0.016587689301416707
0.016321934538348803
0.01658036150464094
0.016302393746946753
0.016635075720566682
0.016351245725451883
0.016583292623351245
0.016334147532975084
0.016615534929164632
0.016277479237909134
0.016613092330239377
0.016319491939423548
0.016617977528089887
0.01628627259404006
0.01650610649731314
0.01640742550073278
0.01659501709819248
0.016360039081582806
0.016624816805080607
0.016319003419638496
0.01659257449926722
0.01625696140693698
0.016559843673668785
0.016342452369320956
0.016609184171958967
0.016362970200293113
0.01658182706399609
0.01639374694675134
0.016661455788959455
0.016271128480703466
0.016576941866145577
0.016343917928676115
0.016551538837322913
0.016288226673180264
0.016601367855398143
0.016421104054714218
0.01657010258915486
0.016311675622862724
0.016568637029799705
0.016284318514899854
0.01659550561797753
0.016319491939423548
0.01660723009281876
0.016356130923302396
0.01655837811431363
0.01633952125061065
0.016543234000977042
0.0163781143136297
0.01654421104054714
0.016269174401563263
0.016579872984855887
0.016286761113825113
0.01667513434294089
0.01624132877381534
0.016552027357107965
0.016404982901807523
0.01657010258915486
0.016371275036638985
0.01662139716658525
0.01630923302393747
0.01658915486077186
0.01628334147532975
0.01659892525647289
0.016339032730825598
0.016579384465070835
0.01632877381533952
0.016533463605276015
0.016428431851489986
0.016603810454323402
0.01622129946262824
0.01659208597948217
0.016319980459208596
0.016552515876893013
0.016254030288226674
0.01655398143624817
0.01643380556912555
0.016548607718612603
0.016285295554469958
0.016583292623351245
0.016267220322423056
0.016601856375183195
0.016294577430385933
0.01663849535906204
0.016371763556424036
0.01663458720078163
0.01633952125061065
0.016572545188080115
0.01639374694675134
0.01659501709819248
0.016247679531021006
0.016596971177332685
0.016383976551050318
0.016643380556912554
0.01626086956521739
0.016564728871519295
0.016408402540302885
0.016519296531509527
0.016348803126526625
0.016617489008304835
0.01631362970200293
0.016652173913043477
0.016271128480703466
0.016624816805080607
0.01635466536394724
0.016574499267220322
0.016390815828041035
0.016584758182706397
0.016356130923302396
0.016615534929164632
0.01623058133854421
0.016605276013678553
0.01632779677576942
0.016632144601856375
0.016303859306301904
0.016619931607230094
0.016435759648265755
0.01661064973131412
0.01633707865168539
0.01659306301905227
0.01626086956521739
0.01657791890571568
0.01633268197361993
0.016600390815828044
0.016364924279433316
0.016572545188080115
0.01633317049340498
0.016530043966780653
0.01639374694675134
0.016568148510014657
0.016262823644357594
0.016596971177332685
0.01632535417684416
0.016561309233023937
0.016269662921348314
0.01658231558378114
0.01638446507083537
0.01657401074743527
0.01628236443575965
0.016564728871519295
0.016289203712750368
0.016584758182706397
0.016266243282852956
0.016573033707865167
0.016338544211040546
0.016604787493893505
0.016355642403517345
0.016597948216902785
0.016394723986321445
0.01663409868099658
0.016231069858329263
0.016571079628724963
0.01633317049340498
0.01659941377625794
0.016247679531021006
0.01659306301905227
0.01635466536394724
0.01653199804592086
0.016342940889106008
0.016600390815828044
0.016270151441133366
0.01659501709819248
0.01631753786028334
0.01663312164142648
0.016334636052760136
0.016624328285295555
0.016349780166096728
0.016533463605276015
0.016345383488031266
0.016578407425500732
0.016236443575964828
0.016612115290669274
0.016319003419638496
0.016645823155837812
0.01629360039081583
0.016572056668295067
0.01638837322911578
0.016565217391304347
0.016322911577918906
0.016571568148510015
0.016252076209086468
0.01657791890571568
0.016239374694675134
0.016598436736687837
0.016292134831460674
0.016554958475818272
0.016370786516853933
0.016578895945285783
0.016334636052760136
0.016655105031753784
0.016262335124572546
0.016551050317537862
0.016366878358573523
0.016632633121641427
0.016295554469956033
0.01660723009281876
0.016399120664386906
0.01659550561797753
0.016280898876404493
0.016551050317537862
0.01631704934049829
0.01657010258915486
0.016275036638983876
0.01661113825109917
0.01633952125061065
0.01662530532486566
0.016370786516853933
0.0165095261358085
0.0163781143136297
0.01660332193453835
0.01626428920371275
0.01658915486077186
0.016318514899853444
0.016662432828529555
0.016284807034684906
0.016527112848070347
0.016425012212994628
0.016537371763556425
0.016303859306301904
0.016608207132388864
0.016328285295554468
0.016604787493893505
0.016294577430385933
0.01658182706399609
0.016343917928676115
0.016570591108939912
0.016357107962872496
0.016553004396678065
0.01637420615534929
0.016603810454323402
0.016250122129946264
0.0165095261358085
0.016319980459208596
0.016574499267220322
0.016312164142647776
0.01660332193453835
0.016365412799218368
0.016549584758182707
0.01630972154372252
0.016543722520762093
0.016248168050806058
0.016512945774303858
0.016298485588666343
0.01663067904250122
0.016320468978993648
0.01657352222765022
0.0163400097703957
0.016456277479237908
0.01638153395212506
0.01652125061064973
0.016258426966292136
0.01663312164142648
0.016368343917928678
0.016647777234978015
0.016284807034684906
0.01653834880312653
0.016356619443087445
0.016556424035173423
0.016320468978993648
0.01660723009281876
0.016294577430385933
0.01661113825109917
0.016232046897899366
0.016541279921836835
0.01630581338544211
0.016552515876893013
0.01640156326331216
0.01657352222765022
0.016367366878358575
0.016579872984855887
0.016238886174890083
0.01651783097215437
0.016328285295554468
0.016557401074743527
0.01629018075232047
0.016528089887640447
0.01638886174890083
0.016603810454323402
0.016327308255984368
0.016526624328285295
0.016290669272105523
0.016545676599902297
0.01628334147532975
0.016591108939912065
0.01630141670737665
0.016572545188080115
0.016332193453834878
0.016481191988275527
0.01638886174890083
0.016575476306790425
0.016271617000488518
0.016565217391304347
0.016351734245236935
0.0165857352222765
0.0162647777234978
0.016515388373229113
0.016374694675134343
0.01657401074743527
0.016322911577918906
0.016560820713238885
0.016330727894479726
0.016598436736687837
0.016259404005862236
0.0165657059110894
0.016339032730825598
0.016596971177332685
0.016327308255984368
0.016530532486565705
0.01638202247191011
0.016595994137762582
0.01625305324865657
0.016553492916463117
0.01629408891060088
0.01658964338055691
0.016261358085002443
0.016590620420127013
0.016386907669760625
0.016574987787005373
0.016278944797264286
0.016547142159257452
0.016284318514899854
0.016560332193453833
0.016304836345872008
0.01658231558378114
0.016325842696629213
0.016556424035173423
0.0163409868099658
0.016616511968734735
0.016366878358573523
0.0165095261358085
0.01627259404005862
0.01653639472398632
0.016312164142647776
0.01658964338055691
0.01624132877381534
0.016537860283341477
0.016351245725451883
0.01653492916463117
0.01629799706888129
0.016604298974108454
0.016304836345872008
0.01664484611626771
0.016250122129946264
0.016541279921836835
0.016274059599413776
0.01654421104054714
0.016321934538348803
0.016532975085490963
0.01638055691255496
0.01657743038593063
0.01620420127015144
0.016570591108939912
0.01627259404005862
0.016543234000977042
0.01630532486565706
0.016617977528089887
0.016378602833414753
0.016541768441621887
0.01623302393746947
0.01654030288226673
0.01625696140693698
0.01655788959452858
0.016251099169516364
0.016617977528089887
0.0163209574987787
0.016600879335613095
0.016324377137274058
0.016485100146555937
0.01634636052760137
0.016504640937957987
0.016269662921348314
0.016680996580361505
0.016323888617489006
0.01658231558378114
0.016245725451880803
0.016543722520762093
0.016355153883732293
0.01651783097215437
0.016274548119198828
0.01658231558378114
0.01626428920371275
0.016568637029799705
0.01629408891060088
0.016531509526135812
0.016335124572545188
0.016541279921836835
0.016353199804592086
0.01649829018075232
0.016365412799218368
0.016631656082071324
0.01623742061553493
0.01652125061064973
0.016329750854909623
0.016565217391304347
0.016277479237909134
0.01659257449926722
0.016395701025891548
0.016571079628724963
0.016281387396189548
0.01649780166096727
0.01631704934049829
0.016547630679042503
0.0162818759159746
0.016615534929164632
0.01628236443575965
0.016555446995603323
0.01630532486565706
0.016508060576453345
0.01635075720566683
0.01657352222765022
0.016269174401563263
0.01655056179775281
0.016357107962872496
0.016623839765510504
0.01623839765510503
0.01654421104054714
0.01636590131900342
0.0164543234000977
0.016262823644357594
0.016565217391304347
0.016267220322423056
0.016606253053248657
0.016261846604787494
0.01651734245236932
0.01630923302393747
0.016528089887640447
0.01635075720566683
0.016574499267220322
0.016327308255984368
0.016603810454323402
0.016223742061553494
0.01657791890571568
0.016314606741573034
0.016568148510014657
0.016255495847581826
0.016575964826575477
0.016343917928676115
0.016557401074743527
0.016269662921348314
0.016527112848070347
0.01620810942843185
0.016526624328285295
0.016231069858329263
0.016605276013678553
0.016314606741573034
0.016539325842696632
0.016312164142647776
0.016533463605276015
0.016319491939423548
0.01648216902784563
0.016271128480703466
0.016553004396678065
0.016292623351245726
0.01655446995603322
0.016244259892525648
0.016494870542256963
0.01636199316072301
0.016524670249145088
0.016339032730825598
0.01656228627259404
0.01630581338544211
0.016586712261846603
0.016228138739618956
0.01656961406936981
0.016310210063507573
0.016541768441621887
0.016375671714704446
0.016496824621397167
0.016334147532975084
0.01659941377625794
0.01618124084025403
0.01657645334636053
0.016302882266731804
0.01658622374206155
0.016280898876404493
0.01653492916463117
0.016406448461162678
0.01654225696140694
0.016265266243282853
0.016522716170004885
0.016258426966292136
0.01656179775280899
0.016286761113825113
0.016613092330239377
0.016297020029311188
0.016574499267220322
0.01631314118221788
0.016507083536883245
0.016353199804592086
0.016561309233023937
0.01622276502198339
0.016533463605276015
0.016279433317049338
0.016664386907669762
0.016223742061553494
0.016545188080117245
0.01639374694675134
0.016510503175378603
0.016303859306301904
0.016575964826575477
0.016275036638983876
0.016572545188080115
0.016257938446507084
0.0165657059110894
0.016318514899853444
0.016543234000977042
0.016303859306301904
0.016539325842696632
0.01634049829018075
0.016609184171958967
0.016228138739618956
0.016532975085490963
0.016311675622862724
0.01656179775280899
0.016265754763067904
0.01653444064484612
0.016402051783097213
0.016590620420127013
0.016292623351245726
0.0165657059110894
0.016253541768441623
0.016541768441621887
0.0162647777234978
0.01658622374206155
0.01629750854909624
0.016510991695163655
0.016306301905227163
0.01648558866634099
0.01635417684416219
0.016549096238397655
0.01623448949682462
0.016590620420127013
0.016342452369320956
0.016590620420127013
0.016243282852955544
0.01654421104054714
0.016364435759648268
0.016523204689789937
0.016349780166096728
0.016611626770884222
0.016289203712750368
0.016596482657547634
0.016210552027357106
0.01655056179775281
0.016322911577918906
0.016531021006350757
0.016294577430385933
0.016551538837322913
0.016371763556424036
0.01659013190034196
0.0162256961406937
0.016508060576453345
0.016259404005862236
0.016557401074743527
0.016223253541768443
0.01661504640937958
0.01636980947728383
0.01655398143624817
0.01628334147532975
0.016509037616023448
0.016240351734245238
0.016607718612603812
0.016262335124572546
0.01662628236443576
0.016292623351245726
0.01658964338055691
0.016318514899853444
0.016527112848070347
0.016341475329750853
0.016497313141182218
0.016179286761113826
0.01656961406936981
0.01627650219833903
0.01658817782120176
0.016234000977039573
0.016533463605276015
0.016379091353199805
0.01653248656570591
0.016285295554469958
0.016607718612603812
0.016244259892525648
0.016555935515388375
0.01624914509037616
0.016533952125061067
0.01628041035661944
0.016549584758182707
0.016353199804592086
0.01654030288226673
0.01632486565705911
0.016572545188080115
0.01622618466047875
0.01654030288226673
0.01628627259404006
0.01661064973131412
0.01628334147532975
0.016561309233023937
0.016390327308255983
0.01655398143624817
0.01630532486565706
0.016537860283341477
0.01627259404005862
0.0165466536394724
0.016247679531021006
0.016572545188080115
0.016270639960918418
0.016579872984855887
0.016323888617489006
0.0164914509037616
0.01636590131900342
0.016530043966780653
0.016265266243282853
0.01656179775280899
0.01632535417684416
0.016587200781631655
0.01624914509037616
0.016530043966780653
0.01639228138739619
0.01650219833903273
0.01629408891060088
0.016530532486565705
0.01623448949682462
0.016522227650219833
0.016255495847581826
0.016540791402051783
0.016280898876404493
0.0165466536394724
0.016321934538348803
0.01648607718612604
0.01630532486565706
0.01658182706399609
0.01618417195896434
0.01649829018075232
0.016331216414264778
0.016552027357107965
0.01623302393746947
0.016569125549584757
0.016362970200293113
0.016563263312164143
0.016311675622862724
0.01653492916463117
0.016297020029311188
0.016520273571079627
0.016239863214460186
0.0165466536394724
0.016343917928676115
0.016553492916463117
0.016338544211040546
0.016493404982901808
0.016331216414264778
0.016591108939912065
0.016261846604787494
0.016578895945285783
0.01633170493404983
0.016594528578407427
0.01624132877381534
0.016524670249145088
0.016353688324377138
0.01646995603321935
0.01630532486565706
0.01659208597948217
0.016302882266731804
0.016552027357107965
0.016216902784562774
0.016544699560332193
0.016279433317049338
0.016536883243771373
0.01633170493404983
0.016532975085490963
0.016359062042012703
0.016531021006350757
0.016234978016609673
0.016518319491939423
0.016296042989741084
0.016522716170004885
0.016232535417684418
0.016545188080117245
0.016372740595994136
0.016565217391304347
0.01624084025403029
0.01650170981924768
0.016250122129946264
0.01656179775280899
0.016255495847581826
0.016608695652173915
0.016269174401563263
0.016583292623351245
0.016318514899853444
0.01649389350268686
0.016371275036638985
0.016514411333659013
0.0162256961406937
0.016565217391304347
0.016297020029311188
0.016591597459697117
0.016267708842208108
0.016556912554958475
0.016352222765021986
0.016510503175378603
0.016318514899853444
0.016551050317537862
0.016273082559843673
0.016547142159257452
0.016218368343917926
0.01652173913043478
0.01626428920371275
0.016563263312164143
0.016361016121152906
0.016506595017098193
0.016334636052760136
0.016563751831949195
0.01619198827552516
0.016552027357107965
0.016322423058133854
0.0165857352222765
0.016265754763067904
0.01658524670249145
0.01635026868588178
0.016567659990229605
0.01626819736199316
0.016551050317537862
0.016248168050806058
0.01656179775280899
0.016298485588666343
0.016572056668295067
0.016265754763067904
0.01656961406936981
0.016259892525647288
0.01651001465559355
0.016352222765021986
0.01652125061064973
0.01622520762090865
0.016539814362481683
0.016277967757694186
0.01660723009281876
0.016250122129946264
0.016466047874938935
0.016369320957498778
0.016498778700537373
0.016307278944797266
0.01658133854421104
0.016232046897899366
0.01658133854421104
0.01624865657059111
0.016559355153883733
0.016242794333170493
0.016541279921836835
0.016278456277479238
0.016478749389350268
0.016361504640937958
0.01657010258915486
0.016214948705422567
0.016512457254518807
0.016291646311675623
0.01655056179775281
0.016239374694675134
0.016568148510014657
0.01633659013190034
0.016484611626770885
0.016282852955544703
0.01648265754763068
0.01629408891060088
0.01653590620420127
0.016243282852955544
0.016560820713238885
0.016292623351245726
0.016572545188080115
0.016277967757694186
0.01647435271128481
0.01631704934049829
0.016523204689789937
0.01619980459208598
0.01658524670249145
0.01626819736199316
0.01660723009281876
0.016191499755740107
0.016484611626770885
0.016307767464582314
0.01647972642892037
0.016291157791890575
0.01658524670249145
0.016238886174890083
0.01661846604787494
0.016241817293600393
0.0165095261358085
0.01628627259404006
0.01648656570591109
0.016288226673180264
0.01653883732291158
0.016344894968246215
0.016578895945285783
0.016167073766487544
0.01654030288226673
0.016273082559843673
0.016567171470444553
0.016231558378114314
0.01653492916463117
0.016390815828041035
0.016507083536883245
0.016277967757694186
0.016537371763556425
0.01621543722520762
0.01655788959452858
0.016287738153395213
0.016591597459697117
0.016251587689301416
0.016528578407425498
0.016319003419638496
0.016522227650219833
0.01629408891060088
0.016558866634098682
0.016258426966292136
0.01655056179775281
0.016329750854909623
0.01664631167562286
0.016244259892525648
0.016543234000977042
0.016331216414264778
0.016455300439667805
0.016245725451880803
0.016545188080117245
0.016276990718124083
0.016554958475818272
0.01623839765510503
0.016576941866145577
0.016267708842208108
0.01657645334636053
0.016315095261358086
0.016545676599902297
0.016324377137274058
0.016519296531509527
0.016178309721543722
0.016495847581827063
0.016276990718124083
0.01658036150464094
0.01622129946262824
0.01654616511968735
0.0163580850024426
0.016510503175378603
0.016271128480703466
0.01648656570591109
0.016235466536394724
0.01652173913043478
0.01622227650219834
0.016552515876893013
0.016299462628236443
0.016565217391304347
0.01626819736199316
0.016489008304836347
0.01634342940889106
0.016530532486565705
0.016214460185637516
0.016604298974108454
0.016300928187591598
0.016603810454323402
0.01623058133854421
0.0165295554469956
0.016357596482657548
0.01649438202247191
0.016267220322423056
0.016591597459697117
0.016252076209086468
0.016594040058622375
0.01623448949682462
0.016537371763556425
0.016276990718124083
0.0165295554469956
0.016306301905227163
0.016526135808500243
0.016352222765021986
0.01655788959452858
0.016198827552515876
0.016556424035173423
0.01628334147532975
0.016583292623351245
0.01625256472887152
0.016568637029799705
0.016357596482657548
0.016492916463116757
0.01622911577918906
0.016531509526135812
0.016248168050806058
0.01652564728871519
0.016258426966292136
0.016583292623351245
0.01625696140693698
0.016587200781631655
0.016291157791890575
0.01650610649731314
0.016319003419638496
0.016543722520762093
0.016259404005862236
0.016569125549584757
0.016296531509526136
0.016567659990229605
0.01623351245725452
0.016473375671714707
0.016368832437713726
0.01652564728871519
0.016304347826086956
0.016523204689789937
0.01628578407425501
0.016557401074743527
0.01622960429897411
0.0165657059110894
0.016300439667806546
0.016531021006350757
0.016302882266731804
0.016495847581827063
0.016352711284807035
0.016564240351734247
0.016187591597459697
0.016531509526135812
0.016314606741573034
0.016564240351734247
0.01628041035661944
0.016523204689789937
0.016361016121152906
0.016512457254518807
0.016231558378114314
0.016554958475818272
0.016257938446507084
0.016530043966780653
0.016198827552515876
0.01659355153883732
0.016250122129946264
0.016559355153883733
0.0162647777234978
0.016515388373229113
0.01630532486565706
0.016571079628724963
0.016217879824132874
0.01655007327796776
0.01627601367855398
0.016596971177332685
0.016202735710796286
0.01653248656570591
0.016357596482657548
0.01647972642892037
0.016270151441133366
0.016556424035173423
0.016251099169516364
0.01652125061064973
0.016217879824132874
0.016514899853444065
0.016267708842208108
0.016547630679042503
0.01628627259404006
0.01655007327796776
0.016327308255984368
0.016574987787005373
0.016194430874450414
0.01651343429408891
0.016295554469956033
0.016510991695163655
0.01623302393746947
0.016566682950659502
0.016352711284807035
0.016501221299462628
0.016270639960918418
0.01657010258915486
0.01621543722520762
0.01657401074743527
0.016234978016609673
0.016579872984855887
0.016255007327796774
0.016547630679042503
0.016283829995114803
0.016456277479237908
0.01628578407425501
0.01653444064484612
0.016216414264777722
0.01655446995603322
0.016296042989741084
0.01659208597948217
0.016203224230581337
0.016524670249145088
0.016338544211040546
0.016547142159257452
0.016267220322423056
0.016523204689789937
0.016269662921348314
0.016606253053248657
0.016235955056179776
0.01651343429408891
0.016257449926722033
0.016515388373229113
0.016314606741573034
0.016531021006350757
0.016328285295554468
0.016600879335613095
0.01624230581338544
0.01656619443087445
0.01628627259404006
0.016565217391304347
0.01623351245725452
0.01657645334636053
0.016344894968246215
0.016484123106985833
0.016282852955544703
0.01646116267708842
0.016269662921348314
0.016572056668295067
0.01625696140693698
0.016609672691744015
0.016266243282852956
0.016516365412799217
0.01626819736199316
0.016498778700537373
0.016291157791890575
0.016518808011724475
0.01622911577918906
0.01662139716658525
0.016291646311675623
0.016574499267220322
0.01619980459208598
0.016508060576453345
0.016371275036638985
0.016526135808500243
0.01628724963361016
0.016590620420127013
0.016251587689301416
0.016519785051294575
0.016214460185637516
0.016567171470444553
0.016284318514899854
0.0165295554469956
0.01633707865168539
0.016499755740107473
0.016314118221787983
0.016596482657547634
0.01620371275036639
0.016568637029799705
0.0162818759159746
0.016572056668295067
0.016246702491450903
0.01650219833903273
0.016345872007816318
0.016526135808500243
0.016283829995114803
0.0164914509037616
0.016267220322423056
0.016553492916463117
0.016219345383488033
0.016617977528089887
0.01629360039081583
0.01652125061064973
0.0162818759159746
0.01650170981924768
0.01633268197361993
0.016530532486565705
0.016213483146067416
0.016620420127015145
0.016285295554469958
0.016556912554958475
0.016235955056179776
0.016502686858817783
0.016360527601367855
0.016489496824621398
0.0162647777234978
0.016533952125061067
0.01625305324865657
0.016605276013678553
0.016200781631656083
0.016518808011724475
0.01626868588177821
0.016533463605276015
0.016282852955544703
0.016506595017098193
0.016344406448461163
0.016617977528089887
0.01619638495359062
0.01656961406936981
0.01627601367855398
0.016516853932584268
0.016197850512945772
0.01657645334636053
0.01636248168050806
0.016533952125061067
0.016257938446507084
0.016495847581827063
0.01623693209574988
0.016566682950659502
0.01630532486565706
0.016559355153883733
0.01630581338544211
0.016531509526135812
0.016324377137274058
0.0164914509037616
0.016303859306301904
0.016547630679042503
0.016253541768441623
0.016594040058622375
0.01629799706888129
0.016571079628724963
0.016207132388861747
0.016503663898387883
0.016370786516853933
0.016473375671714707
0.016246702491450903
0.01658622374206155
0.01623302393746947
0.01658622374206155
0.016235955056179776
0.016524181729360037
0.01628578407425501
0.01651734245236932
0.016315095261358086
0.016531509526135812
0.0163019052271617
0.016552515876893013
0.01618417195896434
0.016485100146555937
0.016302882266731804
0.01657645334636053
0.01624132877381534
0.016512457254518807
0.016338055691255494
0.01654616511968735
0.016235466536394724
0.016480703468490475
0.016234000977039573
0.016562774792379092
0.01624084025403029
0.016600879335613095
0.016308255984367366
0.016563751831949195
0.016267220322423056
0.01646458231558378
0.01629799706888129
0.01656961406936981
0.016214948705422567
0.016568148510014657
0.016251587689301416
0.016575476306790425
0.016175867122618467
0.01649829018075232
0.016386419149975573
0.016519296531509527
0.016274059599413776
0.016580850024425987
0.01624865657059111
0.01659892525647289
0.016193942354665362
0.016547142159257452
0.016269174401563263
0.016508060576453345
0.016333659013190033
0.016539325842696632
0.016344406448461163
0.016623351245725452
0.016199316072300927
0.01648265754763068
0.016298974108451394
0.01653492916463117
0.016267708842208108
0.016604298974108454
0.016363458720078165
0.016537371763556425
0.01628236443575965
0.016507572056668293
0.01623302393746947
0.01654616511968735
0.01626819736199316
0.016557401074743527
0.01628969223253542
0.016558866634098682
0.016282852955544703
0.01650317537860283
0.016303859306301904
0.016510991695163655
0.01622276502198339
0.016583781143136297
0.016299462628236443
0.016635075720566682
0.01617684416218857
0.01652564728871519
0.016321934538348803
0.016499755740107473
0.016249633610161213
0.016539814362481683
0.016247679531021006
0.01655788959452858
0.016234000977039573
0.01653639472398632
0.016262823644357594
0.0165295554469956
0.016303370786516856
0.016516365412799217
0.016326331216414264
0.016587200781631655
0.016163165608207134
0.016520762090864678
0.01624865657059111
0.016515876893014165
0.01623351245725452
0.016570591108939912
0.016328285295554468
0.0164704445530044
0.01627259404005862
0.016505129457743038
0.016251099169516364
0.016531021006350757
0.016238886174890083
0.016573033707865167
0.016257449926722033
0.01658231558378114
0.016290669272105523
0.016539325842696632
0.016273082559843673
0.016523204689789937
0.01624132877381534
0.016528578407425498
0.016311675622862724
0.016510503175378603
0.01624523693209575
0.01648168050806058
0.016324377137274058
0.016528089887640447
0.01624230581338544
0.016563263312164143
0.016254518808011723
0.01658524670249145
0.016198827552515876
0.016541279921836835
0.016292623351245726
0.01654811919882755
0.016288715192965316
0.016533463605276015
0.016332193453834878
0.0165857352222765
0.016210063507572054
0.016582804103566193
0.016297020029311188
0.01656179775280899
0.016234978016609673
0.01652564728871519
0.016273571079628724
0.016533952125061067
0.016251587689301416
0.01649829018075232
0.01622276502198339
0.01654616511968735
0.01625647288715193
0.016601367855398143
0.01622227650219834
0.016530043966780653
0.016262823644357594
0.01646458231558378
0.016326331216414264
0.01648754274548119
0.01618075232046898
0.016551538837322913
0.016287738153395213
0.016606253053248657
0.016174890083048364
0.016492427943331705
0.016345383488031266
0.016520273571079627
0.01629018075232047
0.016553004396678065
0.016213483146067416
0.016594040058622375
0.016223253541768443
0.016524181729360037
0.01622520762090865
0.01661113825109917
0.016319003419638496
0.016468001954079138
0.016333659013190033
0.016621885686370297
0.0162076209086468
0.016548607718612603
0.016269662921348314
0.016489008304836347
0.016246702491450903
0.01659208597948217
0.016365412799218368
0.016472398632144603
0.01627259404005862
0.01653883732291158
0.016207132388861747
0.016573033707865167
0.016250122129946264
0.016549096238397655
0.016271617000488518
0.01654274548119199
0.016236443575964828
0.016420127015144115
0.016288226673180264
0.016480703468490475
0.01619638495359062
0.016563263312164143
0.01628724963361016
0.016594528578407427
0.016174401563263312
0.016504152418172935
0.01634049829018075
0.01648363458720078
0.016228627259404008
0.016557401074743527
0.01624865657059111
0.016580850024425987
0.0161885686370298
0.01648607718612604
0.016276990718124083
0.016575964826575477
0.016288226673180264
0.016508060576453345
0.016331216414264778
0.016572545188080115
0.016213483146067416
0.01651392281387396
0.01628334147532975
0.01649829018075232
0.016228138739618956
0.016527112848070347
0.016361016121152906
0.01651734245236932
0.01627650219833903
0.016530532486565705
0.01622276502198339
0.01652173913043478
0.016251587689301416
0.016531021006350757
0.016235466536394724
0.016512457254518807
0.016291157791890575
0.01647826086956522
0.016275036638983876
0.016535417684416222
0.016208597948216903
0.016522227650219833
0.016278944797264286
0.0165466536394724
0.016200781631656083
0.016481191988275527
0.016308255984367366
0.016495847581827063
0.016253541768441623
0.016496824621397167
0.016257938446507084
0.01658866634098681
0.016236443575964828
0.016555935515388375
0.01627650219833903
0.016524670249145088
0.016292623351245726
0.01653883732291158
0.01632926233512457
0.016578407425500732
0.01619198827552516
0.016545188080117245
0.01626038104543234
0.016537860283341477
0.016210063507572054
0.016573033707865167
0.01637420615534929
0.016518319491939423
0.016223742061553494
0.016531509526135812
0.016258426966292136
0.01658182706399609
0.01618808011724475
0.016578407425500732
0.016263800683927698
0.016554958475818272
0.016267708842208108
0.01648998534440645
0.016323888617489006
0.016545676599902297
0.016237909135319983
0.016555446995603323
0.016273571079628724
0.016554958475818272
0.0161885686370298
0.016531509526135812
0.01635026868588178
0.016484123106985833
0.016258426966292136
0.016563751831949195
0.016217879824132874
0.016564728871519295
0.01619736199316072
0.016518319491939423
0.016266243282852956
0.01654421104054714
0.016320468978993648
0.016495847581827063
0.01627601367855398
0.016594040058622375
0.016190034196384952
0.016511968734733755
0.01629018075232047
0.016545676599902297
0.016220322423058136
0.0165466536394724
0.016348314606741573
0.016514411333659013
0.016244259892525648
0.01650317537860283
0.01624132877381534
0.01656961406936981
0.016213971665852464
0.016539325842696632
0.016271128480703466
0.016541768441621887
0.016261846604787494
0.016478749389350268
0.016295065950170984
0.016528089887640447
0.016192965315095263
0.01654811919882755
0.016259892525647288
0.01657743038593063
0.016258426966292136
0.01648216902784563
0.016338055691255494
0.016491939423546653
0.016259404005862236
0.016530532486565705
0.016259404005862236
0.016579384465070835
0.016241817293600393
0.016533952125061067
0.016316072300928186
0.016514899853444065
0.016299951148021494
0.016508060576453345
0.016310698583292624
0.016519785051294575
0.01617684416218857
0.016559843673668785
0.01623302393746947
0.016583781143136297
0.016208597948216903
0.016518808011724475
0.016299462628236443
0.0165095261358085
0.016243282852955544
0.016470933072789448
0.016212994626282364
0.016515388373229113
0.016232535417684418
0.01663019052271617
0.016284318514899854
0.016560820713238885
0.016296531509526136
0.016488519785051295
0.016330727894479726
0.016511480214948703
0.0161895456765999
0.0165466536394724
0.0162647777234978
0.016497313141182218
0.016190034196384952
0.01649926722032242
0.01635857352222765
0.01654274548119199
0.016247191011235954
0.016596482657547634
0.01625256472887152
0.01657401074743527
0.016238886174890083
0.016526624328285295
0.01625696140693698
0.0164714215925745
0.016296042989741084
0.016488519785051295
0.01630972154372252
0.01652515876893014
0.01616609672691744
0.016541768441621887
0.016259404005862236
0.01650170981924768
0.016261358085002443
0.01652173913043478
0.016351245725451883
0.01653883732291158
0.01623302393746947
0.016531509526135812
0.016194919394235466
0.016468001954079138
0.01624914509037616
0.016562774792379092
0.016231069858329263
0.016509037616023448
0.016283829995114803
0.016443087445041523
0.01627650219833903
0.0164904738641915
0.01614704445530044
0.016519785051294575
0.016280898876404493
0.016527601367855395
0.016201270151441134
0.01650219833903273
0.016348803126526625
0.01650317537860283
0.016267220322423056
0.016506595017098193
0.016241817293600393
0.0165657059110894
0.016220810942843188
0.016502686858817783
0.01624084025403029
0.01648265754763068
0.0162818759159746
0.01649096238397655
0.01630141670737665
0.01650317537860283
0.016209086468001954
0.016497313141182218
0.01627259404005862
0.01657743038593063
0.016210552027357106
0.0164704445530044
0.016325842696629213
0.01649780166096727
0.016266731802638004
0.01648998534440645
0.016271128480703466
0.016492916463116757
0.01623839765510503
0.016636052760136785
0.016304347826086956
0.01652515876893014
0.01627601367855398
0.016450903761602343
0.016296042989741084
0.016524181729360037
0.016151929653150952
0.016515388373229113
0.016277479237909134
0.016526135808500243
0.01617000488519785
0.01647191011235955
0.016289203712750368
0.01653492916463117
0.016270639960918418
0.016463605276013676
0.01622618466047875
0.016548607718612603
0.016175867122618467
0.016536883243771373
0.016246213971665854
0.016547142159257452
0.016258426966292136
0.016499755740107473
0.01629799706888129
0.01652125061064973
0.016175867122618467
0.016520273571079627
0.016232535417684418
0.016522716170004885
0.016183194919394236
0.016510991695163655
0.016367855398143626
0.016556912554958475
0.01622227650219834
0.016528578407425498
0.016237909135319983
0.016496824621397167
0.01622178798241329
0.016522716170004885
0.016216902784562774
0.016557401074743527
0.016296042989741084
0.016425012212994628
0.016318514899853444
0.016488519785051295
0.016193942354665362
0.016557401074743527
0.01622911577918906
0.01655007327796776
0.016204689789936493
0.01654421104054714
0.016342452369320956
0.01644211040547142
0.016277479237909134
0.016524181729360037
0.016259892525647288
0.016584758182706397
0.016237909135319983
0.01652906692721055
0.016273082559843673
0.01652906692721055
0.01628724963361016
0.016530532486565705
0.016303859306301904
0.016508060576453345
0.0161514411333659
0.016495847581827063
0.016275036638983876
0.01653590620420127
0.01614753297508549
0.01654274548119199
0.016379091353199805
0.01648314606741573
0.01625256472887152
0.016499755740107473
0.0162447484123107
0.016495847581827063
0.01623693209574988
0.0165295554469956
0.016265754763067904
0.016549584758182707
0.016259892525647288
0.01646507083536883
0.016274548119198828
0.016532975085490963
0.016151929653150952
0.016506595017098193
0.01627992183683439
0.016573033707865167
0.01615486077186126
0.01643478260869565
0.016271128480703466
0.01648314606741573
0.016274548119198828
0.016563263312164143
0.01623351245725452
0.01658231558378114
0.016213971665852464
0.016507083536883245
0.016250122129946264
0.016522716170004885
0.016282852955544703
0.01652906692721055
0.01627992183683439
0.016551050317537862
0.016183683439179287
0.01648558866634099
0.016277479237909134
0.016552027357107965
0.01620810942843185
0.01648216902784563
0.016334147532975084
0.01652564728871519
0.01623693209574988
0.01649389350268686
0.016220322423058136
0.016504640937957987
0.01620371275036639
0.016556424035173423
0.016237909135319983
0.016503663898387883
0.016261358085002443
0.0164704445530044
0.01628627259404006
0.01649096238397655
0.016223253541768443
0.016552027357107965
0.016235955056179776
0.016528578407425498
0.01620371275036639
0.01648216902784563
0.01637029799706888
0.01647581827063996
0.016266243282852956
0.01651783097215437
0.016248168050806058
0.016568148510014657
0.0162266731802638
0.01653444064484612
0.016227650219833904
0.01651783097215437
0.016296531509526136
0.016461651196873473
0.016303859306301904
0.016524670249145088
0.01618172936003908
0.016480703468490475
0.01623693209574988
0.01653199804592086
0.016234000977039573
0.016514899853444065
0.01636199316072301
0.016504640937957987
0.016257449926722033
0.016527601367855395
0.016227650219833904
0.016511480214948703
0.01621543722520762
0.016591597459697117
0.016266243282852956
0.016500732779677577
0.016219833903273084
0.016454811919882753
0.016290669272105523
0.0164704445530044
0.01619980459208598
0.01656179775280899
0.01624230581338544
0.016492916463116757
0.016205666829506592
0.016474841231069858
0.016306790425012214
0.016472398632144603
0.016254030288226674
0.016480214948705423
0.016231069858329263
0.016541768441621887
0.016207132388861747
0.016528578407425498
0.016236443575964828
0.016508060576453345
0.016271617000488518
0.01654030288226673
0.016298485588666343
0.016492427943331705
0.016220322423058136
0.016522227650219833
0.01625696140693698
0.01653834880312653
0.016288715192965316
0.016505129457743038
0.01637029799706888
0.016531021006350757
0.01623448949682462
0.016497313141182218
0.016202735710796286
0.016515388373229113
0.016216902784562774
0.01652906692721055
0.016216414264777722
0.01650317537860283
0.016244259892525648
0.016472887151929655
0.016304836345872008
0.01653590620420127
0.016195407914020517
0.016555446995603323
0.016261846604787494
0.016549096238397655
0.016168050806057647
0.016470933072789448
0.016314118221787983
0.01648314606741573
0.01624132877381534
0.016502686858817783
0.016234000977039573
0.01651734245236932
0.016187591597459697
0.01651783097215437
0.016252076209086468
0.016494870542256963
0.01628627259404006
0.016505129457743038
0.016298974108451394
0.016543234000977042
0.016164142647777237
0.01646458231558378
0.016261358085002443
0.016493404982901808
0.016266243282852956
0.01654421104054714
0.016334147532975084
0.01644943820224719
0.016255007327796774
0.016501221299462628
0.0162266731802638
0.016500732779677577
0.016214460185637516
0.016511480214948703
0.01626038104543234
0.016499755740107473
0.01628724963361016
0.016432340009770396
0.016298485588666343
0.016508060576453345
0.016218368343917926
0.016523204689789937
0.016302882266731804
0.01655398143624817
0.016204689789936493
0.016481191988275527
0.016351734245236935
0.016460185637518318
0.016239374694675134
0.016531509526135812
0.016300439667806546
0.0165295554469956
0.01619589643380557
0.016523693209574985
0.016263312164142646
0.016466536394723983
0.016258915486077184
0.016501221299462628
0.016308255984367366
0.01650317537860283
0.016178798241328774
0.01649780166096727
0.016245725451880803
0.016518808011724475
0.01620029311187103
0.01647386419149976
0.016355153883732293
0.016527112848070347
0.016246702491450903
0.01642647777234978
0.016245725451880803
0.01654274548119199
0.016206155349291644
0.016512945774303858
0.016257449926722033
0.01654030288226673
0.016269174401563263
0.01648168050806058
0.016265266243282853
0.01645285784074255
0.016198339032730824
0.016492916463116757
0.016254030288226674
0.01654421104054714
0.016198339032730824
0.01640009770395701
0.016330239374694674
0.016447972642892036
0.016259892525647288
0.016536883243771373
0.016202735710796286
0.016532975085490963
0.01621592574499267
0.016455788959452856
0.016254518808011723
0.01650170981924768
0.016276990718124083
0.01651343429408891
0.016322911577918906
0.01652906692721055
0.016141182217879822
0.01650219833903273
0.016259892525647288
0.01649829018075232
0.016206155349291644
0.016497313141182218
0.016334147532975084
0.01647972642892037
0.016265266243282853
0.01642159257449927
0.016267708842208108
0.01648265754763068
0.01621201758671226
0.016556912554958475
0.01624914509037616
0.016522227650219833
0.01625256472887152
0.01648216902784563
0.016324377137274058
0.016511480214948703
0.016190522716170004
0.016496336101612115
0.016246702491450903
0.01657791890571568
0.016220810942843188
0.016492427943331705
0.016312652662432828
0.01648656570591109
0.016275036638983876
0.016501221299462628
0.016208597948216903
0.016520762090864678
0.016227161700048853
0.01646458231558378
0.0162266731802638
0.01650170981924768
0.016294577430385933
0.01650317537860283
0.016298974108451394
0.016518319491939423
0.016148998534440642
0.016498778700537373
0.0162447484123107
0.01644553004396678
0.016223742061553494
0.01644504152418173
0.016298974108451394
0.01649389350268686
0.01626819736199316
0.016446018563751833
0.01624084025403029
0.01649829018075232
0.016246213971665854
0.016567171470444553
0.01619589643380557
0.01650219833903273
0.01627259404005862
0.01643722520762091
0.01629018075232047
0.016462628236443573
0.016206643869076696
0.016530532486565705
0.016257938446507084
0.016540791402051783
0.01616560820713239
0.016425989252564728
0.016347337567171473
0.016476795310210065
0.01624132877381534
0.01652515876893014
0.01620810942843185
0.016567171470444553
0.016198827552515876
0.016533463605276015
0.016263312164142646
0.016467513434294086
0.016273082559843673
0.016476306790425013
0.01629799706888129
0.01655056179775281
0.01618417195896434
0.016498778700537373
0.01623693209574988
0.016532975085490963
0.016213971665852464
0.016488031265266243
0.01633170493404983
0.016492427943331705
0.016206643869076696
0.016477283829995117
0.016179775280898877
0.016484611626770885
0.01618417195896434
0.016541768441621887
0.01622618466047875
0.016516853932584268
0.016271128480703466
0.01640693698094773
0.016279433317049338
0.016515388373229113
0.016179286761113826
0.016528578407425498
0.016311675622862724
0.01658231558378114
0.016161211529066927
0.016541768441621887
0.016322911577918906
0.0164704445530044
0.016236443575964828
0.016470933072789448
0.016259404005862236
0.01652515876893014
0.016190522716170004
0.016524181729360037
0.016235955056179776
0.016511480214948703
0.016297020029311188
0.016488031265266243
0.016322423058133854
0.016553492916463117
0.016140205178309722
0.016461651196873473
0.016307767464582314
0.016539325842696632
0.01622227650219834
0.01648656570591109
0.016363458720078165
0.016511968734733755
0.01624230581338544
0.016492916463116757
0.01623839765510503
0.01652906692721055
0.016234000977039573
0.016545676599902297
0.016267708842208108
0.01654421104054714
0.016266243282852956
0.01641866145578896
0.016267220322423056
0.016499755740107473
0.016163654127992186
0.016574987787005373
0.016239374694675134
0.016563263312164143
0.016156814851001466
0.016502686858817783
0.016299462628236443
0.01644943820224719
0.01628334147532975
0.016519785051294575
0.01622618466047875
0.016567171470444553
0.016196873473375673
0.01651392281387396
0.016227161700048853
0.0165095261358085
0.016319980459208596
0.016540791402051783
0.01628627259404006
0.016541279921836835
0.01616463116756229
0.016511480214948703
0.016243771372740596
0.016568148510014657
0.016214460185637516
0.016563751831949195
0.01632535417684416
0.01649096238397655
0.016251587689301416
0.016511480214948703
0.01623839765510503
0.016504640937957987
0.016265754763067904
0.01658426966292135
0.016234978016609673
0.016586712261846603
0.01627601367855398
0.016524181729360037
0.016311187103077676
0.01652906692721055
0.016220810942843188
0.016553492916463117
0.016263312164142646
0.016567659990229605
0.01619736199316072
0.01647826086956522
0.016290669272105523
0.01647386419149976
0.016258915486077184
0.016552027357107965
0.01620420127015144
0.016504640937957987
0.016178798241328774
0.01646995603321935
0.016214460185637516
0.016533463605276015
0.016304836345872008
0.01655007327796776
0.01627601367855398
0.016484611626770885
0.01617000488519785
0.01650610649731314
0.016257938446507084
0.016533463605276015
0.016205178309721544
0.016527112848070347
0.01632486565705911
0.01649535906204201
0.01623839765510503
0.016473375671714707
0.01623351245725452
0.01649926722032242
0.016205666829506592
0.01653639472398632
0.0162256961406937
0.016545188080117245
0.016258915486077184
0.01645676599902296
0.01628724963361016
0.016455300439667805
0.016192965315095263
0.016559355153883733
0.016270639960918418
0.016515876893014165
0.016224230581338546
0.01646116267708842
0.01632486565705911
0.01653639472398632
0.01624132877381534
0.01653248656570591
0.0162447484123107
0.016523204689789937
0.01619345383488031
0.0165095261358085
0.016245725451880803
0.016489496824621398
0.01629799706888129
0.016455788959452856
0.016296531509526136
0.016511480214948703
0.016165119687347337
0.01653199804592086
0.016218368343917926
0.016578407425500732
0.01621152906692721
0.016526135808500243
0.016296042989741084
0.016514411333659013
0.016267220322423056
0.016480214948705423
0.01619198827552516
0.016549584758182707
0.016253541768441623
0.016532975085490963
0.016255007327796774
0.016515388373229113
0.016257938446507084
0.0165095261358085
0.01629799706888129
0.016507572056668293
0.01620371275036639
0.016563751831949195
0.01624084025403029
0.01653834880312653
0.016246702491450903
0.016467024914509035
0.016339032730825598
0.01644943820224719
0.016291157791890575
0.016541768441621887
0.016243771372740596
0.016594040058622375
0.016174890083048364
0.016511968734733755
0.01626086956521739
0.01644894968246214
0.01633317049340498
0.016507083536883245
0.016314606741573034
0.016547630679042503
0.016155837811431362
0.016443087445041523
0.01622129946262824
0.01653590620420127
0.016216414264777722
0.016508060576453345
0.016300439667806546
0.016459697117733266
0.016228627259404008
0.016514411333659013
0.01622129946262824
0.01652173913043478
0.016279433317049338
0.016527112848070347
0.016275525158768928
0.016510991695163655
0.016247679531021006
0.016406448461162678
0.01628969223253542
0.01647923790913532
0.01618172936003908
0.01650170981924768
0.016277967757694186
0.01656228627259404
0.016257938446507084
0.0164904738641915
0.016357596482657548
0.01649926722032242
0.016269662921348314
0.016555935515388375
0.01619980459208598
0.016547630679042503
0.01621885686370298
0.016458720078163163
0.016235955056179776
0.01648656570591109
0.016314118221787983
0.01644211040547142
0.01629408891060088
0.016507083536883245
0.01617733268197362
0.016518319491939423
0.016259404005862236
0.016519785051294575
0.016189057156814853
0.016567171470444553
0.016322423058133854
0.016436248168050806
0.016267708842208108
0.01645285784074255
0.01621592574499267
0.016533952125061067
0.016209086468001954
0.01653248656570591
0.01622960429897411
0.016556912554958475
0.01626868588177821
0.016451880801172446
0.016292134831460674
0.016528089887640447
0.016191011235955056
0.016524670249145088
0.016286761113825113
0.016553004396678065
0.01622129946262824
0.01648265754763068
0.016329750854909623
0.016460185637518318
0.016213971665852464
0.016516365412799217
0.016283829995114803
0.016458720078163163
0.0161895456765999
0.01647972642892037
0.016223253541768443
0.016466047874938935
0.016314606741573034
0.016462628236443573
0.01624084025403029
0.016519296531509527
0.016174401563263312
0.016452369320957498
0.016248168050806058
0.016543234000977042
0.01619589643380557
0.016498778700537373
0.016349291646311676
0.016519296531509527
0.016228627259404008
0.016465559355153883
0.01626038104543234
0.016528089887640447
0.016231069858329263
0.016560820713238885
0.01625305324865657
0.016480214948705423
0.01628724963361016
0.016406448461162678
0.016286761113825113
0.016545676599902297
0.016174890083048364
0.01647923790913532
0.01629018075232047
0.016531509526135812
0.01621543722520762
0.01647532975085491
0.01637420615534929
0.01648705422569614
0.016219833903273084
0.016489496824621398
0.01623058133854421
0.016533463605276015
0.016194919394235466
0.016488031265266243
0.016235466536394724
0.016453834880312653
0.016275525158768928
0.016458720078163163
0.016276990718124083
0.016502686858817783
0.016163654127992186
0.01647972642892037
0.016277479237909134
0.01653883732291158
0.016186614557889594
0.016510503175378603
0.0163400097703957
0.016500244259892525
0.016276990718124083
0.01649438202247191
0.01626868588177821
0.016531509526135812
0.01622227650219834
0.01658622374206155
0.01626086956521739
0.016514411333659013
0.01625696140693698
0.01643087445041524
0.016278944797264286
0.01649389350268686
0.01619736199316072
0.016506595017098193
0.016291157791890575
0.01654225696140694
0.016140205178309722
0.016476306790425013
0.01629018075232047
0.01644943820224719
0.016284807034684906
0.016559355153883733
0.016227161700048853
0.016616511968734735
0.016171470444553006
0.016605764533463605
0.016262823644357594
0.016518319491939423
0.016306301905227163
0.016416218856863705
0.01635857352222765
0.01656179775280899
0.016161211529066927
0.016508060576453345
0.016247679531021006
0.01650561797752809
0.01624084025403029
0.016545676599902297
0.016331216414264778
0.016500732779677577
0.016224230581338546
0.016472887151929655
0.016216902784562774
0.0165295554469956
0.0162266731802638
0.01662139716658525
0.016217879824132874
0.01649438202247191
0.016261358085002443
0.016496336101612115
0.01630141670737665
0.016505129457743038
0.016198827552515876
0.016543722520762093
0.01624865657059111
0.016578407425500732
0.0161885686370298
0.016485100146555937
0.0163019052271617
0.016503663898387883
0.016291157791890575
0.016492916463116757
0.01623448949682462
0.016524181729360037
0.016194919394235466
0.016536883243771373
0.016247191011235954
0.016484611626770885
0.016302882266731804
0.016450903761602343
0.016270151441133366
0.01652173913043478
0.01619638495359062
0.016464093795798728
0.016255984367366878
0.01655788959452858
0.01624132877381534
0.01650317537860283
0.016355642403517345
0.016518319491939423
0.016245725451880803
0.016492427943331705
0.016208597948216903
0.016528089887640447
0.01622960429897411
0.016540791402051783
0.016251099169516364
0.016501221299462628
0.016252076209086468
0.016492916463116757
0.016314606741573034
0.016574499267220322
0.016227161700048853
0.016527601367855395
0.016245725451880803
0.016555935515388375
0.016174890083048364
0.01648265754763068
0.016302393746946753
0.01643478260869565
0.016219345383488033
0.016531509526135812
0.016286761113825113
0.01650610649731314
0.016187103077674646
0.01651392281387396
0.01624865657059111
0.016530532486565705
0.016298974108451394
0.016507083536883245
0.016292623351245726
0.016564240351734247
0.016187103077674646
0.016458231558378115
0.016220322423058136
0.01648314606741573
0.016211040547142157
0.016524181729360037
0.016347826086956525
0.016485100146555937
0.016239374694675134
0.01645041524181729
0.016238886174890083
0.016555935515388375
0.01618466047874939
0.016545676599902297
0.01623351245725452
0.01653834880312653
0.01629750854909624
0.016413287738153398
0.016383488031265266
0.016478749389350268
0.016209086468001954
0.01651392281387396
0.016273571079628724
0.016564240351734247
0.016168050806057647
0.01653492916463117
0.016386907669760625
0.016516853932584268
0.01622960429897411
0.01653639472398632
0.01625256472887152
0.01654811919882755
0.016190522716170004
0.016530532486565705
0.016243771372740596
0.01648558866634099
0.016327308255984368
0.01649438202247191
0.016324377137274058
0.016526135808500243
0.016152906692721052
0.016512457254518807
0.016282852955544703
0.016526135808500243
0.016178798241328774
0.016506595017098193
0.016360527601367855
0.016462139716658525
0.0162447484123107
0.01649389350268686
0.01622227650219834
0.016545676599902297
0.016245725451880803
0.016555446995603323
0.016247679531021006
0.016531509526135812
0.01625647288715193
0.01648265754763068
0.016281387396189548
0.01657352222765022
0.016255984367366878
0.016543234000977042
0.016253541768441623
0.016564728871519295
0.01622178798241329
0.01647923790913532
0.01632926233512457
0.016462628236443573
0.01627259404005862
0.016537860283341477
0.016227161700048853
0.016537860283341477
0.01622520762090865
0.01648656570591109
0.016257938446507084
0.01651783097215437
0.016307767464582314
0.016495847581827063
0.016345872007816318
0.01655398143624817
0.016219345383488033
0.01647826086956522
0.016242794333170493
0.01649096238397655
0.016201758671226182
0.01649096238397655
0.016318026380068393
0.016500244259892525
0.016261358085002443
0.01645725451880801
0.016239863214460186
0.01647191011235955
0.016241817293600393
0.016555935515388375
0.01623058133854421
0.016468001954079138
0.016237909135319983
0.01642550073277968
0.016266243282852956
0.01648998534440645
0.01622520762090865
0.01648754274548119
0.016240351734245238
0.016519785051294575
0.0162256961406937
0.016543234000977042
0.01636199316072301
0.01647972642892037
0.016269662921348314
0.01651392281387396
0.016214948705422567
0.01657352222765022
0.016275036638983876
0.01647386419149976
0.016214460185637516
0.01644650708353688
0.016314606741573034
0.016449926722032243
0.01628724963361016
0.01651734245236932
0.016201270151441134
0.01645725451880801
0.016274548119198828
0.016512945774303858
0.016186614557889594
0.016457743038593063
0.016329750854909623
0.016545188080117245
0.016219833903273084
0.016468978993649245
0.016206643869076696
0.016500244259892525
0.01622520762090865
0.016544699560332193
0.01622178798241329
0.016503663898387883
0.016255495847581826
0.01649829018075232
0.01632535417684416
0.016500244259892525
0.016204689789936493
0.016494870542256963
0.01627650219833903
0.016535417684416222
0.016208597948216903
0.016446018563751833
0.016314118221787983
0.016446995603321933
0.01627210552027357
0.016505129457743038
0.016210552027357106
0.016552027357107965
0.016216414264777722
0.016537371763556425
0.01624914509037616
0.01648314606741573
0.01627259404005862
0.016555446995603323
0.016270151441133366
0.016474841231069858
0.016187591597459697
0.016493404982901808
0.016270639960918418
0.016495847581827063
0.016208597948216903
0.01648363458720078
0.0163209574987787
0.016530043966780653
0.016195407914020517
0.01649535906204201
0.01622520762090865
0.016491939423546653
0.016205666829506592
0.016576941866145577
0.01626086956521739
0.01652173913043478
0.016288226673180264
0.0164533463605276
0.016261846604787494
0.01650170981924768
0.01618124084025403
0.016500244259892525
0.016261358085002443
0.016539814362481683
0.016171958964338057
0.016485100146555937
0.016331216414264778
0.016410356619443088
0.01628236443575965
0.016528089887640447
0.016209086468001954
0.01652125061064973
0.01619589643380557
0.01646995603321935
0.016206643869076696
0.016494870542256963
0.016291157791890575
0.016473375671714707
0.016311187103077676
0.016500732779677577
0.016154372252076207
0.016522716170004885
0.016267220322423056
0.016510503175378603
0.016187103077674646
0.016511480214948703
0.01631753786028334
0.016473375671714707
0.0162447484123107
0.01651392281387396
0.016235955056179776
0.016519296531509527
0.01622618466047875
0.016511480214948703
0.016212506106497312
0.016545676599902297
0.016242794333170493
0.016469467513434297
0.016322911577918906
0.016458231558378115
0.0161895456765999
0.01655788959452858
0.01624523693209575
0.01657401074743527
0.016208597948216903
0.016470933072789448
0.0163209574987787
0.016530532486565705
0.0162647777234978
0.016507083536883245
0.016263312164142646
0.016535417684416222
0.016223742061553494
0.016526624328285295
0.016263800683927698
0.01647777234978017
0.016302393746946753
0.016484123106985833
0.016304347826086956
0.01653199804592086
0.016192965315095263
0.016448461162677088
0.016274059599413776
0.01651734245236932
0.016199316072300927
0.016511968734733755
0.01631362970200293
0.016514411333659013
0.016219345383488033
0.016439179286761113
0.016253541768441623
0.01647435271128481
0.016232046897899366
0.016522227650219833
0.016274548119198828
0.016532975085490963
0.016277479237909134
0.01647581827063996
0.01626038104543234
0.01654274548119199
0.01616609672691744
0.016507572056668293
0.016241817293600393
0.016564728871519295
0.016183194919394236
0.01644943820224719
0.016311187103077676
0.016510503175378603
0.01623009281875916
0.01653199804592086
0.016240351734245238
0.016539814362481683
0.016187591597459697
0.016458231558378115
0.01621592574499267
0.01648558866634099
0.016287738153395213
0.016489496824621398
0.016287738153395213
0.01649829018075232
0.01613678553981436
0.016488031265266243
0.016207132388861747
0.016519296531509527
0.016178309721543722
0.01650219833903273
0.01632486565705911
0.016484123106985833
0.016248168050806058
0.01649780166096727
0.016231069858329263
0.016530532486565705
0.016224719101123598
0.016504640937957987
0.016262335124572546
0.016544699560332193
0.01623058133854421
0.016414264777723498
0.016281387396189548
0.0164914509037616
0.01616560820713239
0.016523693209574985
0.01623742061553493
0.016545676599902297
0.016163165608207134
0.016424035173424525
0.016308744504152418
0.0165095261358085
0.01625256472887152
0.016511968734733755
0.01621543722520762
0.016527601367855395
0.01616609672691744
0.01652125061064973
0.016243771372740596
0.016472887151929655
0.016283829995114803
0.01644259892525647
0.016294577430385933
0.016539814362481683
0.01614851001465559
0.01647777234978017
0.016243771372740596
0.016494870542256963
0.016205666829506592
0.016498778700537373
0.016288226673180264
0.016477283829995117
0.016254518808011723
0.01644259892525647
0.01624914509037616
0.016467024914509035
0.01622618466047875
0.016583781143136297
0.01622276502198339
0.016485100146555937
0.016257938446507084
0.01643771372740596
0.016239374694675134
0.016428431851489986
0.01618514899853444
0.01649926722032242
0.016238886174890083
0.016493404982901808
0.016237909135319983
0.0164714215925745
0.0163209574987787
0.016451880801172446
0.016232535417684418
0.016519296531509527
0.016210063507572054
0.016523693209574985
0.01617391304347826
0.016512945774303858
0.01623009281875916
0.016457743038593063
0.016296531509526136
0.0164714215925745
0.016254518808011723
0.016557401074743527
0.01620371275036639
0.016484123106985833
0.01627650219833903
0.016495847581827063
0.01619247679531021
0.016476306790425013
0.016334636052760136
0.016443575964826575
0.016293111871030778
0.016489008304836347
0.016220322423058136
0.0165095261358085
0.01625305324865657
0.016509037616023448
0.016280898876404493
0.016526135808500243
0.016255495847581826
0.01645285784074255
0.01627992183683439
0.01652906692721055
0.01618514899853444
0.016507083536883245
0.01623693209574988
0.016533952125061067
0.016189057156814853
0.01640693698094773
0.016294577430385933
0.016451392281387395
0.016241817293600393
0.016545188080117245
0.016219833903273084
0.016493404982901808
0.016208597948216903
0.016500244259892525
0.01626868588177821
0.01649096238397655
0.0162818759159746
0.01643820224719101
0.01630141670737665
0.016512945774303858
0.01614851001465559
0.016527112848070347
0.016243282852955544
0.01654225696140694
0.0162076209086468
0.016452369320957498
0.01635857352222765
0.01648754274548119
0.0162266731802638
0.01648168050806058
0.016218368343917926
0.016506595017098193
0.016205178309721544
0.016489496824621398
0.016246213971665854
0.016545188080117245
0.016218368343917926
0.016395212506106496
0.016304836345872008
0.01649096238397655
0.016162677088422082
0.01653492916463117
0.016242794333170493
0.016543234000977042
0.01621592574499267
0.01644650708353688
0.016329750854909623
0.016454811919882753
0.016192965315095263
0.0165295554469956
0.016199316072300927
0.016527112848070347
0.016213483146067416
0.016512457254518807
0.016223742061553494
0.01652564728871519
0.016290669272105523
0.01648656570591109
0.016312652662432828
0.01649535906204201
0.01613678553981436
0.016454811919882753
0.016267220322423056
0.016504640937957987
0.016182706399609184
0.01648265754763068
0.01632926233512457
0.016523204689789937
0.016219833903273084
0.016496824621397167
0.016195407914020517
0.016507572056668293
0.01620371275036639
0.016539814362481683
0.016267708842208108
0.01652125061064973
0.01626038104543234
0.016450903761602343
0.01628969223253542
0.016508060576453345
0.016210552027357106
0.016508549096238397
0.016220810942843188
0.016547142159257452
0.016193942354665362
0.0164904738641915
0.01630141670737665
0.01647532975085491
0.016295065950170984
0.016566682950659502
0.016279433317049338
0.01649829018075232
0.01621592574499267
0.01647777234978017
0.016207132388861747
0.016459208597948215
0.01628578407425501
0.016500244259892525
0.0163019052271617
0.016476795310210065
0.01616609672691744
0.016456277479237908
0.016278456277479238
0.016555446995603323
0.016203224230581337
0.016518808011724475
0.016337567171470443
0.01648265754763068
0.016220810942843188
0.016496824621397167
0.016219833903273084
0.016427454811919883
0.01617635564240352
0.016531509526135812
0.016238886174890083
0.016547142159257452
0.016259892525647288
0.016480214948705423
0.016274059599413776
0.016462628236443573
0.016174401563263312
0.01651343429408891
0.016255495847581826
0.016574987787005373
0.01616560820713239
0.01648558866634099
0.016292623351245726
0.01648314606741573
0.016232046897899366
0.016522227650219833
0.016212506106497312
0.016567171470444553
0.016216902784562774
0.016492427943331705
0.01623448949682462
0.01649829018075232
0.01634049829018075
0.016524670249145088
0.016290669272105523
0.01647532975085491
0.01615095261358085
0.0165095261358085
0.016267220322423056
0.01647191011235955
0.016194919394235466
0.01648998534440645
0.016316072300928186
0.01643820224719101
0.016243282852955544
0.01648216902784563
0.016208597948216903
0.016528578407425498
0.016250610649731313
0.01653639472398632
0.0162647777234978
0.016489008304836347
0.01624132877381534
0.01647386419149976
0.016290669272105523
0.01651392281387396
0.016211040547142157
0.016462628236443573
0.01625696140693698
0.01656179775280899
0.01619247679531021
0.016423546653639473
0.01629360039081583
0.01644943820224719
0.01621152906692721
0.016523693209574985
0.016218368343917926
0.016526624328285295
0.016200781631656083
0.01648265754763068
0.01625305324865657
0.01648558866634099
0.01630581338544211
0.016535417684416222
0.016274059599413776
0.016535417684416222
0.01612896922325354
0.01648363458720078
0.01623351245725452
0.01654274548119199
0.01617391304347826
0.016439179286761113
0.016314606741573034
0.016504152418172935
0.0161895456765999
0.01646067415730337
0.01622129946262824
0.016459697117733266
0.016187103077674646
0.016456277479237908
0.016266731802638004
0.01651001465559355
0.01629018075232047
0.016391792867611138
0.01627650219833903
0.016489008304836347
0.016155837811431362
0.01654616511968735
0.016254518808011723
0.016515876893014165
0.016146555935515387
0.01645725451880801
0.016310210063507573
0.016421104054714218
0.016228627259404008
0.016466047874938935
0.016244259892525648
0.01646507083536883
0.016227161700048853
0.01653492916463117
0.01624084025403029
0.016514899853444065
0.016266731802638004
0.01652173913043478
0.016342452369320956
0.016537860283341477
0.01615486077186126
0.016488031265266243
0.016246213971665854
0.016574987787005373
0.016172936003908157
0.016504640937957987
0.016295065950170984
0.016489008304836347
0.016250122129946264
0.01646849047386419
0.016223742061553494
0.016504152418172935
0.016198339032730824
0.01652515876893014
0.01621152906692721
0.01648216902784563
0.016257938446507084
0.016440156326331216
0.016321934538348803
0.016495847581827063
0.016205666829506592
0.01647923790913532
0.016290669272105523
0.01653883732291158
0.016182706399609184
0.016454811919882753
0.01631704934049829
0.016436248168050806
0.01625305324865657
0.016501221299462628
0.01622618466047875
0.016498778700537373
0.016150464093795797
0.016565217391304347
0.01618808011724475
0.016466047874938935
0.016306301905227163
0.01648656570591109
0.016292623351245726
0.016522716170004885
0.016236443575964828
0.016465559355153883
0.016288226673180264
0.016497313141182218
0.01617684416218857
0.016468978993649245
0.016278944797264286
0.016443575964826575
0.01623009281875916
0.016439179286761113
0.016237909135319983
0.01649829018075232
0.01618466047874939
0.016533463605276015
0.016212506106497312
0.01648558866634099
0.016258915486077184
0.016458231558378115
0.016271617000488518
0.01651392281387396
0.016190522716170004
0.016472887151929655
0.016254030288226674
0.016543722520762093
0.01616463116756229
0.016428920371275038
0.016291157791890575
0.016488031265266243
0.01623742061553493
0.01652125061064973
0.016223742061553494
0.016496336101612115
0.0162256961406937
0.016485100146555937
0.0162818759159746
0.016556912554958475
0.01628236443575965
0.016493404982901808
0.016271617000488518
0.016510503175378603
0.01618514899853444
0.016480214948705423
0.01622520762090865
0.016548607718612603
0.0162076209086468
0.016507083536883245
0.0163781143136297
0.016458231558378115
0.016244259892525648
0.01644162188568637
0.01622520762090865
0.016527112848070347
0.01620420127015144
0.01653883732291158
0.016257449926722033
0.016506595017098193
0.016245725451880803
0.0163961895456766
0.01623009281875916
0.016477283829995117
0.01617782120175867
0.01650317537860283
0.016265266243282853
0.016541279921836835
0.0162076209086468
0.016495847581827063
0.01631362970200293
0.0164914509037616
0.016306301905227163
0.016520762090864678
0.01621885686370298
0.016510991695163655
0.016175378602833416
0.016489008304836347
0.016246702491450903
0.01644162188568637
0.016255495847581826
0.01648705422569614
0.016304347826086956
0.016507572056668293
0.01615486077186126
0.01643722520762091
0.016211040547142157
0.016514411333659013
0.016213971665852464
0.016540791402051783
0.016304836345872008
0.01653492916463117
0.016209086468001954
0.016508549096238397
0.016212506106497312
0.016459208597948215
0.01618026380068393
0.01655007327796776
0.016267708842208108
0.016552515876893013
0.016234978016609673
0.016448461162677088
0.01625696140693698
0.016516365412799217
0.016170981924767954
0.0165295554469956
0.016232046897899366
0.01653248656570591
0.016194430874450414
0.01649389350268686
0.016295065950170984
0.016484123106985833
0.016262335124572546
0.016543722520762093
0.01624230581338544
0.01651783097215437
0.016212994626282364
0.016512457254518807
0.016216414264777722
0.016502686858817783
0.01628041035661944
0.01647972642892037
0.016262823644357594
0.016467513434294086
0.016203224230581337
0.01650610649731314
0.01623448949682462
0.016553004396678065
0.016271128480703466
0.016511968734733755
0.016323400097703958
0.016509037616023448
0.01621885686370298
0.01648265754763068
0.01621885686370298
0.01647435271128481
0.016217879824132874
0.016527601367855395
0.016239863214460186
0.016528578407425498
0.016258426966292136
0.016411822178798243
0.016298974108451394
0.01645285784074255
0.01621152906692721
0.01647777234978017
0.016237909135319983
0.016488519785051295
0.016201758671226182
0.01645676599902296
0.01634049829018075
0.016465559355153883
0.016271128480703466
0.016539814362481683
0.016224230581338546
0.016502686858817783
0.016192965315095263
0.016489008304836347
0.01618808011724475
0.016502686858817783
0.01628334147532975
0.016511480214948703
0.016284318514899854
0.016508060576453345
0.016152418172936004
0.016478749389350268
0.016254518808011723
0.016488031265266243
0.016196873473375673
0.01648656570591109
0.016307278944797266
0.016453834880312653
0.016270639960918418
0.01649535906204201
0.016239863214460186
0.016541768441621887
0.016245725451880803
0.016536883243771373
0.01623693209574988
0.01651392281387396
0.016318026380068393
0.016435759648265755
0.016291646311675623
0.016504640937957987
0.01615828041035662
0.016502686858817783
0.016234978016609673
0.016528089887640447
0.01617782120175867
0.016446018563751833
0.016322911577918906
0.016500732779677577
0.01627650219833903
0.01649926722032242
0.016250610649731313
0.016472398632144603
0.01621885686370298
0.016473375671714707
0.016228627259404008
0.016446995603321933
0.016273082559843673
0.016459697117733266
0.016318026380068393
0.016551538837322913
0.016193942354665362
0.01646849047386419
0.016246702491450903
0.016518808011724475
0.016252076209086468
0.016455300439667805
0.016284807034684906
0.01647532975085491
0.01623058133854421
0.01649389350268686
0.016191011235955056
0.016512457254518807
0.016178309721543722
0.016497313141182218
0.016243282852955544
0.016501221299462628
0.016263800683927698
0.016428431851489986
0.016304347826086956
0.016504152418172935
0.016206643869076696
0.01651343429408891
0.016219833903273084
0.01657352222765022
0.016214460185637516
0.01646507083536883
0.01631704934049829
0.01646849047386419
0.016236443575964828
0.016508549096238397
0.016262335124572546
0.01653248656570591
0.016167562286272596
0.01644162188568637
0.01627650219833903
0.016504152418172935
0.016257938446507084
0.01644943820224719
0.016289203712750368
0.016508060576453345
0.016141182217879822
0.01644259892525647
0.016271128480703466
0.016567171470444553
0.0161695163654128
0.01647826086956522
0.016319980459208596
0.016465559355153883
0.016219345383488033
0.016511480214948703
0.0161895456765999
0.0164914509037616
0.016192965315095263
0.016514411333659013
0.01623351245725452
0.0164904738641915
0.016273082559843673
0.016421104054714218
0.016273571079628724
0.016496336101612115
0.016141182217879822
0.016496824621397167
0.016270151441133366
0.016555935515388375
0.016154372252076207
0.016466047874938935
0.01629799706888129
0.01645285784074255
0.016240351734245238
0.01651392281387396
0.016224230581338546
0.01651734245236932
0.0161895456765999
0.01643087445041524
0.016239374694675134
0.016488031265266243
0.016308255984367366
0.016440644846116268
0.016311675622862724
0.01657352222765022
0.016165119687347337
0.016489008304836347
0.016241817293600393
0.01649926722032242
0.01620810942843185
0.01654616511968735
0.016337567171470443
0.01648216902784563
0.016235466536394724
0.016431362970200293
0.016194430874450414
0.0165095261358085
0.016217391304347826
0.016462139716658525
0.016275036638983876
0.016472887151929655
0.01623742061553493
0.01646507083536883
0.01630581338544211
0.016514899853444065
0.016191499755740107
0.0164914509037616
0.016232535417684418
0.016564240351734247
0.01619638495359062
0.01648754274548119
0.016304836345872008
0.016474841231069858
0.01627210552027357
0.016539325842696632
0.016253541768441623
0.01650317537860283
0.016193942354665362
0.01651343429408891
0.016206155349291644
0.01645725451880801
0.016275525158768928
0.016506595017098193
0.016312652662432828
0.01656179775280899
0.016187103077674646
0.01641133365901319
0.016255495847581826
0.016510991695163655
0.01620371275036639
0.0164533463605276
0.016378602833414753
0.016470933072789448
0.0162266731802638
0.01649780166096727
0.01624084025403029
0.01650610649731314
0.016204689789936493
0.016524181729360037
0.016237909135319983
0.016519296531509527
0.016250122129946264
0.01641866145578896
0.016325842696629213
0.016484611626770885
0.016212506106497312
0.016531509526135812
0.016257938446507084
0.016566682950659502
0.01616609672691744
0.01648754274548119
0.016302882266731804
0.01648314606741573
0.016245725451880803
0.016510991695163655
0.016217391304347826
0.016520762090864678
0.016201758671226182
0.016524181729360037
0.01623742061553493
0.016488519785051295
0.016306301905227163
0.016505129457743038
0.01632779677576942
0.01649438202247191
0.01617342452369321
0.016503663898387883
0.016234000977039573
0.016510991695163655
0.01622520762090865
0.01647923790913532
0.016318026380068393
0.016460185637518318
0.016231558378114314
0.016531021006350757
0.016211040547142157
0.016541279921836835
0.016228627259404008
0.016484123106985833
0.016259892525647288
0.0164704445530044
0.016262335124572546
0.01642256961406937
0.016308744504152418
0.016504152418172935
0.016186614557889594
0.016535417684416222
0.016242794333170493
0.016508060576453345
0.01619736199316072
0.01647826086956522
0.016326331216414264
0.016488519785051295
0.01625256472887152
0.016488519785051295
0.016204689789936493
0.016518319491939423
0.01618124084025403
0.016459697117733266
0.01622178798241329
0.016493404982901808
0.016259892525647288
0.016503663898387883
0.016259892525647288
0.016519296531509527
0.016120175867122617
0.016478749389350268
0.016247679531021006
0.016494870542256963
0.01619638495359062
0.016496824621397167
0.01630923302393747
0.016511968734733755
0.016257449926722033
0.01648656570591109
0.016194430874450414
0.01644943820224719
0.016216414264777722
0.01652906692721055
0.016275525158768928
0.016516365412799217
0.016265266243282853
0.01640156326331216
0.016254030288226674
0.016417684416218856
0.016209086468001954
0.016510503175378603
0.016239374694675134
0.016519296531509527
0.016149975574010746
0.01644650708353688
0.016329750854909623
0.016451392281387395
0.016257449926722033
0.01651343429408891
0.016213483146067416
0.01653590620420127
0.01621885686370298
0.01649926722032242
0.016231069858329263
0.01643478260869565
0.01627259404005862
0.016454811919882753
0.016271617000488518
0.0165295554469956
0.016179286761113826
0.016468001954079138
0.016210552027357106
0.01652564728871519
0.01614460185637518
0.01651734245236932
0.01627601367855398
0.016457743038593063
0.01621885686370298
0.016494870542256963
0.016198339032730824
0.01650317537860283
0.016214948705422567
0.016552515876893013
0.016257449926722033
0.01653492916463117
0.016288715192965316
0.01642305813385442
0.01629408891060088
0.016502686858817783
0.016186614557889594
0.016511968734733755
0.016242794333170493
0.016514899853444065
0.016197850512945772
0.016500732779677577
0.01629018075232047
0.016491939423546653
0.016261846604787494
0.016476306790425013
0.01621201758671226
0.016492916463116757
0.01619247679531021
0.016485100146555937
0.01622178798241329
0.016488519785051295
0.016280898876404493
0.01651001465559355
0.016308255984367366
0.016512457254518807
0.016175378602833416
0.016524670249145088
0.016271617000488518
0.016515876893014165
0.016216902784562774
0.016489496824621398
0.016314606741573034
0.0164914509037616
0.016206643869076696
0.0164914509037616
0.016195407914020517
0.01652906692721055
0.01622960429897411
0.016549096238397655
0.016220322423058136
0.01648656570591109
0.016258426966292136
0.016456277479237908
0.0162818759159746
0.016467513434294086
0.016150464093795797
0.01648558866634099
0.016270639960918418
0.016519785051294575
0.01618466047874939
0.01644504152418173
0.0163209574987787
0.016476306790425013
0.01623839765510503
0.016488031265266243
0.016179286761113826
0.016530043966780653
0.016219833903273084
0.01644504152418173
0.01624523693209575
0.01643869076697606
0.016284318514899854
0.016508060576453345
0.016278456277479238
0.01650610649731314
0.016138739618954567
0.016478749389350268
0.016288226673180264
0.016473375671714707
0.016197850512945772
0.016537371763556425
0.016314118221787983
0.016504152418172935
0.0161885686370298
0.016462139716658525
0.016236443575964828
0.016519785051294575
0.016202247191011234
0.016563263312164143
0.016220810942843188
0.016528578407425498
0.01625305324865657
0.01644113336590132
0.016311675622862724
0.016507572056668293
0.01616463116756229
0.016531021006350757
0.016231558378114314
0.016512945774303858
0.01617684416218857
0.016500732779677577
0.01635026868588178
0.016511480214948703
0.016261846604787494
0.01653590620420127
0.01622227650219834
0.016556424035173423
0.016189057156814853
0.016452369320957498
0.016200781631656083
0.016451392281387395
0.016246213971665854
0.016505129457743038
0.016274548119198828
0.0164704445530044
0.016201758671226182
0.016492427943331705
0.01624084025403029
0.016527601367855395
0.016191499755740107
0.016499755740107473
0.016302393746946753
0.016472398632144603
0.01622178798241329
0.016473375671714707
0.01622960429897411
0.016503663898387883
0.016199316072300927
0.016502686858817783
0.01623009281875916
0.01648216902784563
0.016302393746946753
0.01642159257449927
0.01628969223253542
0.016485100146555937
0.016171470444553006
0.016530043966780653
0.01624230581338544
0.016526624328285295
0.016199316072300927
0.01642256961406937
0.0163209574987787
0.01648216902784563
0.016231558378114314
0.016505129457743038
0.01620371275036639
0.016459697117733266
0.01618563751831949
0.016498778700537373
0.016241817293600393
0.016522716170004885
0.016310210063507573
0.016460185637518318
0.01626038104543234
0.016464093795798728
0.016145578895945284
0.016466536394723983
0.01622520762090865
0.01648705422569614
0.01617635564240352
0.0164914509037616
0.01633268197361993
0.016453834880312653
0.01623009281875916
0.016443575964826575
0.01619736199316072
0.016432340009770396
0.016255495847581826
0.016515876893014165
0.016239863214460186
0.016478749389350268
0.016274548119198828
0.016417195896433808
0.016242794333170493
0.01649780166096727
0.016206643869076696
0.016510991695163655
0.0162818759159746
0.01655007327796776
0.01618417195896434
0.0164152418172936
0.016290669272105523
0.016459697117733266
0.016250122129946264
0.01652906692721055
0.016238886174890083
0.01649829018075232
0.01619247679531021
0.016509037616023448
0.016275525158768928
0.01646995603321935
0.016267708842208108
0.016473375671714707
0.01627992183683439
0.016528578407425498
0.016210063507572054
0.016443087445041523
0.01626428920371275
0.016497313141182218
0.01623742061553493
0.016496336101612115
0.01630923302393747
0.01648314606741573
0.01622129946262824
0.016455788959452856
0.016232535417684418
0.016424035173424525
0.01617000488519785
0.016522227650219833
0.01624084025403029
0.01653444064484612
0.01624084025403029
0.016425012212994628
0.016269174401563263
0.01648558866634099
0.0161885686370298
0.01649926722032242
0.016270639960918418
0.016533463605276015
0.016191499755740107
0.016467513434294086
0.01630581338544211
0.016444064484611626
0.016216902784562774
0.016518319491939423
0.01622960429897411
0.01647532975085491
0.01616560820713239
0.01649389350268686
0.01624084025403029
0.016476795310210065
0.01625696140693698
0.01641084513922814
0.016290669272105523
0.016533952125061067
0.016116267708842207
0.016492427943331705
0.016273082559843673
0.01648998534440645
0.016183194919394236
0.016523204689789937
0.016327308255984368
0.016474841231069858
0.0162256961406937
0.016462628236443573
0.016205666829506592
0.01646849047386419
0.01619980459208598
0.01651392281387396
0.016235955056179776
0.01649829018075232
0.016281387396189548
0.01639765510503175
0.016288715192965316
0.016485100146555937
0.016174401563263312
0.01651392281387396
0.01626086956521739
0.016505129457743038
0.016154372252076207
0.016474841231069858
0.016307278944797266
0.016480214948705423
0.016259404005862236
0.016481191988275527
0.016291157791890575
0.016528578407425498
0.016214948705422567
0.016507572056668293
0.01620420127015144
0.016456277479237908
0.016247679531021006
0.016473375671714707
0.016293111871030778
0.01654030288226673
0.016149975574010746
0.01647581827063996
0.016258426966292136
0.016511968734733755
0.01617684416218857
0.01647386419149976
0.01633268197361993
0.016519296531509527
0.01623448949682462
0.016492916463116757
0.01619345383488031
0.016507083536883245
0.01620420127015144
0.016528089887640447
0.01627601367855398
0.016503663898387883
0.016278944797264286
0.01644943820224719
0.016308744504152418
0.016468001954079138
0.016172936003908157
0.0164714215925745
0.016238886174890083
0.016484611626770885
0.016210063507572054
0.016451880801172446
0.01636248168050806
0.016456277479237908
0.016193942354665362
0.016495847581827063
0.01623839765510503
0.01651783097215437
0.01620029311187103
0.01648168050806058
0.01625696140693698
0.016481191988275527
0.016232535417684418
0.016450903761602343
0.016326331216414264
0.016465559355153883
0.01612750366389839
0.01646507083536883
0.01620810942843185
0.016463116756228625
0.0161895456765999
0.016488519785051295
0.01632535417684416
0.016474841231069858
0.016227650219833904
0.016459208597948215
0.016238886174890083
0.016501221299462628
0.016171958964338057
0.016527112848070347
0.016238886174890083
0.016480703468490475
0.01626819736199316
0.01646116267708842
0.01627210552027357
0.016509037616023448
0.01617391304347826
0.01653199804592086
0.016254030288226674
0.016485100146555937
0.016169027845627747
0.01648705422569614
0.016310698583292624
0.016485100146555937
0.016227650219833904
0.01648558866634099
0.0162266731802638
0.016515876893014165
0.01618417195896434
0.01648265754763068
0.016211040547142157
0.016500732779677577
0.016261358085002443
0.016504640937957987
0.016300439667806546
0.016507572056668293
0.016163654127992186
0.016431362970200293
0.01624230581338544
0.016553004396678065
0.016214948705422567
0.016499755740107473
0.016370786516853933
0.01648314606741573
0.01623302393746947
0.016466536394723983
0.016213971665852464
0.01646067415730337
0.016223742061553494
0.0164914509037616
0.016223253541768443
0.01654225696140694
0.016257449926722033
0.016494870542256963
0.01628236443575965
0.01649389350268686
0.016212994626282364
0.016454811919882753
0.016254518808011723
0.01653492916463117
0.016196873473375673
0.01642305813385442
0.016269174401563263
0.016477283829995117
0.01622129946262824
0.016568148510014657
0.016210063507572054
0.016548607718612603
0.016190034196384952
0.016543722520762093
0.01623448949682462
0.016451880801172446
0.01627601367855398
0.016511480214948703
0.016285295554469958
0.016477283829995117
0.016138739618954567
0.01649096238397655
0.01626819736199316
0.016511480214948703
0.016261358085002443
0.01652125061064973
0.016282852955544703
0.016452369320957498
0.016209574987787002
0.0164543234000977
0.016178309721543722
0.016476306790425013
0.016214460185637516
0.01649438202247191
0.01622129946262824
0.016508549096238397
0.016227161700048853
0.016444064484611626
0.016295554469956033
0.01653834880312653
0.01616218856863703
0.01651734245236932
0.016255007327796774
0.016526624328285295
0.016186126038104542
0.01647191011235955
0.016304347826086956
0.01645285784074255
0.016244259892525648
0.016524181729360037
0.016190522716170004
0.016522227650219833
0.016204689789936493
0.016527112848070347
0.016241817293600393
0.016508060576453345
0.016315095261358086
0.016464093795798728
0.01629018075232047
0.016536883243771373
0.016159257449926724
0.016474841231069858
0.016227161700048853
0.01645676599902296
0.016171958964338057
0.01648705422569614
0.01629750854909624
0.01645676599902296
0.01623742061553493
0.016468001954079138
0.016214460185637516
0.01645725451880801
0.016201270151441134
0.016549584758182707
0.016267220322423056
0.016520273571079627
0.016278944797264286
0.01641084513922814
0.01629750854909624
0.016440644846116268
0.01620420127015144
0.01653834880312653
0.016228138739618956
0.016597948216902785
0.016145578895945284
0.01643038593063019
0.0163019052271617
0.016467024914509035
0.016257938446507084
0.016506595017098193
0.016202735710796286
0.016493404982901808
0.016179286761113826
0.016488519785051295
0.016244259892525648
0.016506595017098193
0.016288226673180264
0.016468001954079138
0.016280898876404493
0.01658866634098681
0.016118710307767466
0.01647923790913532
0.016219833903273084
0.016496336101612115
0.016227161700048853
0.016547630679042503
0.01631704934049829
0.016493404982901808
0.016206155349291644
0.01647581827063996
0.016214460185637516
0.0164714215925745
0.01622129946262824
0.016533463605276015
0.016255495847581826
0.016508549096238397
0.0162647777234978
0.016440644846116268
0.016240351734245238
0.016476306790425013
0.016178798241328774
0.016530043966780653
0.016237909135319983
0.01653883732291158
0.01617782120175867
0.01644650708353688
0.01628041035661944
0.01646458231558378
0.016234978016609673
0.016463116756228625
0.01622276502198339
0.01648168050806058
0.01618075232046898
0.016506595017098193
0.01623839765510503
0.016466047874938935
0.016244259892525648
0.016488031265266243
0.016267220322423056
0.016524181729360037
0.016198827552515876
0.016468001954079138
0.016319003419638496
0.016516853932584268
0.016197850512945772
0.01653883732291158
0.01632926233512457
0.01648607718612604
0.016277479237909134
0.01641914997557401
0.016231558378114314
0.01651783097215437
0.016228138739618956
0.016491939423546653
0.016224719101123598
0.016488031265266243
0.01627601367855398
0.01638837322911578
0.01630581338544211
0.016413776257938446
0.016170981924767954
0.016522716170004885
0.016242794333170493
0.016510991695163655
0.016212506106497312
0.016507572056668293
0.01637029799706888
0.01642305813385442
0.01621152906692721
0.016468978993649245
0.016214460185637516
0.016528578407425498
0.016198339032730824
0.01646116267708842
0.016223253541768443
0.016472398632144603
0.016266243282852956
0.016511480214948703
0.016311187103077676
0.016498778700537373
0.016148998534440642
0.016480214948705423
0.016250122129946264
0.01651001465559355
0.016220810942843188
0.01652515876893014
0.016351734245236935
0.016476306790425013
0.016187103077674646
0.016451880801172446
0.016200781631656083
0.01648314606741573
0.016159745969711776
0.016537371763556425
0.016219345383488033
0.016512457254518807
0.016282852955544703
0.01641475329750855
0.016291157791890575
0.01649389350268686
0.016182706399609184
0.016515388373229113
0.016235466536394724
0.016519296531509527
0.016205666829506592
0.0164543234000977
0.016312164142647776
0.01644943820224719
0.01625305324865657
0.016508060576453345
0.01619980459208598
0.01655788959452858
0.01619736199316072
0.016507083536883245
0.016277479237909134
0.01652515876893014
0.016298974108451394
0.016457743038593063
0.01631704934049829
0.016523693209574985
0.016156814851001466
0.016466536394723983
0.016284807034684906
0.016489008304836347
0.01618514899853444
0.01648998534440645
0.01627601367855398
0.01647972642892037
0.016213971665852464
0.01650561797752809
0.01621201758671226
0.016494870542256963
0.01617684416218857
0.016561309233023937
0.016259892525647288
0.016469467513434297
0.016262335124572546
0.016410356619443088
0.016274059599413776
0.01647826086956522
0.016204689789936493
0.016519296531509527
0.016288226673180264
0.016547630679042503
0.01619638495359062
0.016476306790425013
0.016329750854909623
0.016420615534929166
0.016284807034684906
0.016552027357107965
0.016206155349291644
0.01652564728871519
0.01617244748412311
0.016492916463116757
0.0162447484123107
0.016508060576453345
0.016273571079628724
0.016446995603321933
0.016271617000488518
0.01648265754763068
0.01613678553981436
0.0164714215925745
0.016234000977039573
0.01654421104054714
0.016212994626282364
0.01652564728871519
0.016298485588666343
0.016496824621397167
0.016197850512945772
0.016476795310210065
0.01623351245725452
0.016553004396678065
0.016227161700048853
0.016520762090864678
0.01628334147532975
0.016545676599902297
0.016271617000488518
0.01644504152418173
0.016270151441133366
0.016516365412799217
0.01613629702002931
0.016547142159257452
0.01624230581338544
0.016552515876893013
0.016172936003908157
0.016463605276013676
0.01633170493404983
0.01648363458720078
0.016265266243282853
0.016552027357107965
0.016241817293600393
0.01653590620420127
0.01616560820713239
0.016491939423546653
0.01624523693209575
0.01644211040547142
0.016240351734245238
0.016489496824621398
0.016318514899853444
0.016476306790425013
0.016171470444553006
0.016507083536883245
0.016265266243282853
0.016499755740107473
0.01619638495359062
0.016528578407425498
0.016303370786516856
0.01647532975085491
0.01623058133854421
0.01647386419149976
0.016228138739618956
0.0164714215925745
0.016227161700048853
0.016477283829995117
0.016246702491450903
0.016520273571079627
0.016261846604787494
0.01647435271128481
0.016296042989741084
0.016541279921836835
0.01617635564240352
0.01652125061064973
0.016246702491450903
0.01648754274548119
0.016200781631656083
0.016496336101612115
0.016351734245236935
0.01640449438202247
0.01625647288715193
0.016560332193453833
0.016242794333170493
0.01654421104054714
0.016210552027357106
0.0164914509037616
0.01621592574499267
0.01649926722032242
0.016254030288226674
0.016484611626770885
0.01630923302393747
0.016561309233023937
0.016102100635075722
0.016500732779677577
0.016235466536394724
0.016524670249145088
0.01619589643380557
0.01651001465559355
0.016282852955544703
0.01647435271128481
0.01616463116756229
0.016446995603321933
0.016210552027357106
0.01646458231558378
0.01618026380068393
0.016535417684416222
0.016270151441133366
0.016543234000977042
0.016259892525647288
0.01640547142159257
0.016292134831460674
0.016500732779677577
0.016160723009281876
0.01651734245236932
0.016273082559843673
0.016510991695163655
0.016182706399609184
0.0164333170493405
0.016310698583292624
0.01647826086956522
0.01623448949682462
0.016503663898387883
0.016204689789936493
0.01652906692721055
0.01617000488519785
0.016503663898387883
0.01623058133854421
0.016463605276013676
0.016304347826086956
0.016472887151929655
0.01626819736199316
0.016524181729360037
0.016142647777234977
0.01645676599902296
0.01620029311187103
0.016554958475818272
0.016218368343917926
0.01651343429408891
0.016319491939423548
0.016466536394723983
0.016209574987787002
0.01642550073277968
0.016201270151441134
0.01649829018075232
0.016167562286272596
0.016523204689789937
0.01629408891060088
0.016549096238397655
0.016316560820713238
0.016436736687835858
0.01625647288715193
0.01649535906204201
0.016170981924767954
0.016570591108939912
0.01625305324865657
0.016530532486565705
0.016167073766487544
0.016462139716658525
0.01628724963361016
0.016444553004396678
0.016232535417684418
0.01649829018075232
0.01618466047874939
0.01654274548119199
0.01618417195896434
0.016510991695163655
0.0162266731802638
0.016519785051294575
0.016267708842208108
0.01647581827063996
0.01631753786028334
0.0164333170493405
0.016153883732291156
0.016440156326331216
0.01622520762090865
0.016507083536883245
0.01617635564240352
0.016459697117733266
0.0163409868099658
0.01647191011235955
0.016262823644357594
0.016447972642892036
0.016234000977039573
0.016485100146555937
0.0162076209086468
0.016469467513434297
0.01625647288715193
0.016522716170004885
0.01622129946262824
0.016467513434294086
0.016314606741573034
0.016462628236443573
0.016192965315095263
0.01649438202247191
0.016257449926722033
0.016531021006350757
0.016195407914020517
0.016467024914509035
0.016258915486077184
0.016446018563751833
0.01623302393746947
0.016492427943331705
0.016259892525647288
0.016531021006350757
0.016183194919394236
0.01650317537860283
0.01623302393746947
0.01650170981924768
0.016250122129946264
0.016440644846116268
0.016307767464582314
0.01648363458720078
0.01617635564240352
0.016504152418172935
0.016265754763067904
0.01648998534440645
0.016195407914020517
0.016514899853444065
0.01633561309233024
0.016501221299462628
0.01625305324865657
0.01647923790913532
0.016238886174890083
0.01648168050806058
0.016199316072300927
0.01654225696140694
0.016237909135319983
0.01656179775280899
0.016257449926722033
0.01639228138739619
0.016236443575964828
0.01649926722032242
0.01617684416218857
0.016489008304836347
0.016319003419638496
0.016502686858817783
0.01618124084025403
0.01649780166096727
0.016363947239863216
0.016451392281387395
0.016258426966292136
0.016489496824621398
0.01624230581338544
0.016480703468490475
0.016200781631656083
0.016454811919882753
0.016232535417684418
0.0164714215925745
0.016320468978993648
0.016485100146555937
0.016258426966292136
0.01652515876893014
0.016148021494870542
0.016492916463116757
0.01627992183683439
0.01650170981924768
0.01622227650219834
0.016512945774303858
0.016338544211040546
0.01645676599902296
0.01619198827552516
0.016465559355153883
0.016209574987787002
0.01649829018075232
0.01622276502198339
0.016489008304836347
0.01622227650219834
0.016531509526135812
0.016261358085002443
0.016359550561797755
0.016276990718124083
0.016510991695163655
0.016171958964338057
0.01651001465559355
0.016266243282852956
0.016543722520762093
0.016202247191011234
0.016451880801172446
0.016303370786516856
0.016489008304836347
0.016269174401563263
0.016530532486565705
0.01623302393746947
0.016489008304836347
0.016217879824132874
0.016515876893014165
0.016234978016609673
0.01646507083536883
0.01625256472887152
0.016472398632144603
0.01627210552027357
0.01650170981924768
0.0161885686370298
0.016508060576453345
0.01623302393746947
0.016511968734733755
0.016214460185637516
0.016545676599902297
0.016320468978993648
0.01648607718612604
0.016240351734245238
0.016472398632144603
0.016216414264777722
0.016484611626770885
0.01622618466047875
0.01653834880312653
0.01621543722520762
0.016545676599902297
0.016284807034684906
0.016427943331704935
0.01633707865168539
0.016503663898387883
0.01615486077186126
0.016539325842696632
0.016263800683927698
0.016516853932584268
0.0161514411333659
0.016432828529555448
0.016298485588666343
0.016494870542256963
0.016209086468001954
0.0164543234000977
0.016228627259404008
0.016498778700537373
0.016239374694675134
0.016527601367855395
0.01628334147532975
0.016504640937957987
0.016308255984367366
0.01641084513922814
0.016286761113825113
0.016509037616023448
0.01620029311187103
0.01641866145578896
0.016302393746946753
0.016519785051294575
0.016206643869076696
0.016516853932584268
0.016359550561797755
0.01651001465559355
0.016243282852955544
0.01654225696140694
0.016224719101123598
0.016516853932584268
0.01623009281875916
0.016520762090864678
0.016236443575964828
0.016516365412799217
0.016255495847581826
0.016494870542256963
0.016322911577918906
0.01651392281387396
0.016152418172936004
0.016512457254518807
0.016235955056179776
0.01652125061064973
0.01619980459208598
0.016422081094284318
0.016314606741573034
0.01644113336590132
0.016208597948216903
0.01650610649731314
0.01619736199316072
0.01654225696140694
0.01617000488519785
0.016518319491939423
0.01623351245725452
0.0164704445530044
0.01623742061553493
0.016481191988275527
0.016311675622862724
0.016524670249145088
0.016137762579384464
0.016494870542256963
0.016243282852955544
0.016496824621397167
0.016149487054225694
0.0164714215925745
0.016306790425012214
0.01649096238397655
0.016227650219833904
0.016419638495359063
0.016234978016609673
0.016492427943331705
0.01619247679531021
0.016511968734733755
0.016231558378114314
0.016496824621397167
0.0162447484123107
0.01640058622374206
0.01630532486565706
0.016494870542256963
0.016168050806057647
0.01648363458720078
0.016270639960918418
0.016526624328285295
0.01619198827552516
0.016452369320957498
0.016299462628236443
0.016491939423546653
0.01624084025403029
0.016530532486565705
0.01621885686370298
0.016520273571079627
0.0161695163654128
0.016480703468490475
0.016255495847581826
0.016463116756228625
0.01628334147532975
0.01650219833903273
0.016274548119198828
0.016518808011724475
0.016123106985832927
0.01647923790913532
0.016254518808011723
0.016519785051294575
0.01618417195896434
0.01649535906204201
0.01626819736199316
0.01652125061064973
0.016246213971665854
0.01643478260869565
0.016252076209086468
0.016476795310210065
0.01623302393746947
0.01651734245236932
0.0162447484123107
0.016493404982901808
0.016255007327796774
0.016452369320957498
0.016303370786516856
0.01648168050806058
0.016182706399609184
0.01653248656570591
0.016235955056179776
0.01652515876893014
0.01620371275036639
0.016444553004396678
0.016351734245236935
0.016447484123106985
0.01622520762090865
0.01647191011235955
0.01617684416218857
0.016505129457743038
0.016235955056179776
0.016493404982901808
0.016228138739618956
0.0165295554469956
0.016250122129946264
0.01644211040547142
0.01628627259404006
0.01652906692721055
0.016206643869076696
0.01646116267708842
0.016277479237909134
0.016496336101612115
0.016197850512945772
0.01645725451880801
0.01629750854909624
0.016489008304836347
0.01624132877381534
0.01649780166096727
0.016220810942843188
0.016474841231069858
0.016224719101123598
0.016515876893014165
0.01624230581338544
0.016467024914509035
0.016224230581338546
0.016292623351245726
0.016129946262823644
0.016263800683927698
0.015930141670737665
0.016209086468001954
0.015885197850512945
0.01614460185637518
0.015869076697606253
0.01590620420127015
0.01584220810942843
0.015912066438690767
0.015685393258426966
0.0158876404494382
0.015669760625305323
0.01584611626770884
0.015603321934538348
0.015706888128969223
0.015544699560332192
0.015635564240351733
0.015485588666340987
0.01551001465559355
0.015445041524181729
0.01551392281387396
0.015252564728871518
0.01540009770395701
0.015300439667806547
0.015348803126526624
0.01514313629702003
0.015259892525647288
0.01520322423058134
0.015138251099169515
0.015038104543234001
0.015100635075720566
0.01497752808988764
0.015053737176355643
0.014940889106008793
0.014962383976551051
0.014889106008793356
0.014993649242794333
0.014827552515876892
0.01479286761113825
0.014789447972642892
0.014749877870053737
0.014599413776257938
0.014736199316072302
0.014587689301416708
0.014601367855398143
0.014473864191499755
0.014519296531509527
0.014513922813873962
0.014462139716658525
0.014331216414264778
0.014408402540302883
0.01438886174890083
0.014283341475329751
0.014295065950170981
0.014251587689301416
0.014185637518319492
0.014208597948216904
0.014174401563263312
0.014119687347337567
0.01410210063507572
0.014013190034196384
0.013929164631167563
0.013912554958475818
0.01393991206643869
0.013879824132877382
0.013803126526624328
0.013771861260381046
0.01388324377137274
0.01371665852467025
0.013726428920371275
0.013625793844650708
0.013620420127015144
0.013541279921836834
0.013539325842696629
0.013516365412799219
0.013489985344406449
0.01343771372740596
0.013444064484611627
0.013187591597459697
0.013409379579872985
0.013156326331216415
0.013212506106497313
0.013144601856375183
0.013170493404982902
0.013090864680019541
0.013034684904738641
0.012944308744504153
0.01314704445530044
0.012894968246213973
0.013002442598925256
0.012833414753297509
0.01288373229115779
0.012787493893502687
0.012761113825109917
0.0127171470444553
0.012680508060576454
0.012568148510014655
0.012694186614557889
0.01249780166096727
0.012635075720566682
0.012432340009770396
0.012405959941377626
0.012301905227161701
0.012454323400097705
0.012306301905227163
0.012362970200293113
0.012255007327796776
0.012389350268685881
0.01207181240840254
0.012172447484123107
0.01193942354665364
0.012123106985832926
0.011860771861260382
0.012008304836345872
0.011880801172447483
0.011892037127503665
0.011737176355642405
0.011899853444064485
0.011630679042501221
0.011855398143624817
0.011613092330239376
0.01164484611626771
0.011500244259892526
0.011587689301416708
0.01150219833903273
0.011503663898387884
0.011314118221787982
0.011527601367855399
0.01119638495359062
0.011362481680508062
0.011182706399609185
0.011212017586712262
0.01115828041035662
0.011120175867122618
0.011001954079140204
0.011067415730337078
0.010929164631167563
0.011069369809477283
0.010767464582315584
0.010968246213971666
0.010736687835857354
0.010707865168539327
0.010697117733268197
0.010775769418661455
0.010624328285295555
0.010666829506595017
0.01048656570591109
0.010738641914997559
0.010421592574499266
0.010486077186126038
0.010338544211040548
0.010337078651685394
0.01026722032242306
0.010246213971665852
0.010145090376160236
0.010247191011235956
0.010087933561309234
0.010117733268197362
0.009982413287738152
0.010064973131411822
0.009912554958475818
0.009851001465559355
0.0098295065950171
0.009869565217391305
0.009830972154372253
0.00975476306790425
0.009712261846604788
0.00982266731802638
0.009609672691744016
0.00962970200293112
0.009540791402051782
0.009480703468490474
0.009463605276013679
0.009380068392769907
0.009313629702002932
0.00932828529555447
0.00925256472887152
0.009284807034684905
0.009117244748412311
0.009266731802638008
0.009081094284318516
0.009016121152906693
0.009040058622374206
0.009013678553981436
0.008987298485588668
0.008919394235466536
0.00885295554469956
0.008982413287738153
0.008780654616511969
0.008674157303370787
0.008697606253053249
0.008579872984855887
0.00864875427454812
0.008515876893014168
0.008546165119687347
0.008496336101612115
0.008475818270639961
0.008492916463116756
0.008419638495359061
0.008552515876893015
0.008488519785051295
0.008361016121152908
0.008556912554958477
0.0085095261358085
0.008585735222276503
0.00838104543234001
0.008446018563751831
0.008552027357107963
0.008440156326331216
0.008473864191499755
0.008569614069369808
0.008431362970200293
0.008545676599902295
0.008412799218368343
0.008475818270639961
0.008491939423546655
0.008507572056668295
0.008485588666340988
0.008487542745481193
0.008558866634098682
0.008550073277967758
0.008374206155349291
0.00849780166096727
0.00845285784074255
0.00847532975085491
0.008404494382022471
0.008533952125061065
0.008621885686370298
0.008519296531509526
0.008435759648265755
0.008495847581827065
0.008384465070835368
0.008517342452369321
0.008456765999022961
0.008531021006350756
0.008496336101612115
0.008492916463116756
0.008491939423546655
0.008412799218368343
0.008550073277967758
0.008533463605276013
0.00840742550073278
0.008585246702491452
0.008510014655593551
0.008586712261846605
0.0083771372740596
0.008468978993649243
0.008564240351734245
0.008467024914509038
0.008461162677088423
0.008564728871519297
0.008440644846116268
0.008499755740107475
0.008403028822667318
0.00852808988764045
0.008450415241817293
0.008513922813873961
0.008473864191499755
0.008529066927210551
0.008526135808500245
0.008556424035173425
0.008390327308255983
0.00853590620420127
0.008513922813873961
0.008561309233023938
0.008399120664386908
0.008578895945285785
0.008549584758182707
0.00851343429408891
0.008493404982901808
0.008484123106985831
0.008475818270639961
0.00851343429408891
0.00845285784074255
0.008549584758182707
0.008486077186126038
0.008518808011724475
0.008503175378602833
0.008510991695163653
0.00856619443087445
0.00852027357107963
0.008418172936003908
0.008511968734733756
0.00851343429408891
0.008590620420127015
0.008433317049340498
0.008506595017098191
0.008598925256472887
0.008515876893014168
0.008460674157303371
0.00860771861260381
0.00844113336590132
0.00855446995603322
0.008417195896433805
0.00851685393258427
0.008458231558378115
0.008509037616023448
0.008499755740107475
0.008519785051294578
0.00858866634098681
0.00853981436248168
0.008360527601367856
0.008502198339032731
0.008538837322911578
0.008565705911089398
0.008442598925256473
0.008487054225696141
0.008617489008304837
0.00852808988764045
0.008499267220322423
0.00855056179775281
0.008490962383976551
0.008518319491939425
0.008382510991695163
0.008580361504640938
0.008496336101612115
0.008506595017098191
0.008541279921836833
0.008477283829995115
0.00859257449926722
0.00856228627259404
0.0085095261358085
0.008610161211529068
0.008515388373229115
0.008552515876893015
0.008444553004396678
0.008517342452369321
0.008635075720566682
0.008503175378602833
0.008477283829995115
0.0085095261358085
0.00842598925256473
0.008556424035173425
0.008420615534929165
0.00849780166096727
0.008521739130434783
0.00849389350268686
0.008541279921836833
0.008512945774303858
0.008617000488519785
0.008557401074743527
0.008288715192965314
0.008510991695163653
0.008512457254518808
0.008536394723986322
0.008453346360527603
0.008519296531509526
0.008552027357107963
0.008536394723986322
0.008464582315583781
0.008515388373229115
0.008459208597948218
0.008569125549584758
0.00847923790913532
0.008574987787005373
0.00852027357107963
0.008525647288715193
0.008503175378602833
0.008495359062042013
0.00857010258915486
0.008498778700537371
0.008410356619443088
0.008532486565705912
0.008529555446995603
0.008604787493893502
0.00842208109428432
0.008466047874938935
0.008581338544211042
0.008487054225696141
0.008487542745481193
0.008550073277967758
0.008449926722032241
0.00857401074743527
0.00844162188568637
0.008555446995603322
0.008502686858817781
0.008509037616023448
0.008532486565705912
0.008528578407425502
0.008576453346360527
0.008526624328285297
0.00839960918417196
0.008480703468490473
0.00846751343429409
0.008510991695163653
0.008496336101612115
0.00856619443087445
0.008586223742061553
0.008530043966780655
0.008493404982901808
0.008511968734733756
0.008559355153883733
0.008545676599902295
0.00849438202247191
0.008612603810454323
0.0085095261358085
0.008557889594528578
0.008562774792379092
0.008491450903761603
0.008559843673668783
0.008565705911089398
0.008404982901807523
0.008555446995603322
0.008485100146555936
0.008564728871519297
0.008407914020517831
0.008504640937957986
0.008641914997557402
0.0084904738641915
0.008478749389350268
0.008540791402051783
0.008469467513434295
0.008553492916463117
0.008470444553004396
0.008579384465070837
0.008526135808500245
0.00853199804592086
0.008549096238397657
0.008564728871519297
0.008583781143136298
0.008524670249145092
0.008370297997068881
0.008529555446995603
0.008532975085490961
0.008538348803126527
0.008477283829995115
0.008610649731314118
0.008629702002931118
0.008566682950659502
0.008495359062042013
0.008548607718612605
0.008454323400097705
0.008568637029799707
0.008440156326331216
0.008567659990229603
0.008456765999022961
0.008525158768930141
0.00852027357107963
0.008478749389350268
0.008607230092818758
0.008521250610649731
0.008419638495359061
0.008579872984855887
0.008537860283341475
0.008659990229604298
0.008436248168050806
0.00850170981924768
0.008595505617977528
0.008485588666340988
0.008506106497313141
0.008533463605276013
0.008481191988275525
0.008570591108939912
0.008456765999022961
0.008590620420127015
0.008553981436248168
0.008534440644846117
0.008565217391304348
0.008544699560332193
0.008633121641426477
0.00858085002442599
0.00843771372740596
0.008592085979482168
0.008546165119687347
0.00863019052271617
0.008492916463116756
0.008578895945285785
0.008614557889594528
0.008550073277967758
0.008488519785051295
0.008568148510014655
0.008484611626770885
0.008528578407425502
0.00841866145578896
0.008549584758182707
0.008529066927210551
0.008593551538837323
0.008558866634098682
0.008533463605276013
0.008525647288715193
0.008545676599902295
0.008470933072789448
0.00853199804592086
0.008510503175378601
0.008588177821201758
0.008442110405471421
0.008505129457743038
0.008598436736687835
0.008542745481191988
0.00846751343429409
0.008584269662921348
0.008515388373229115
0.008580361504640938
0.008459697117733268
0.008571568148510015
0.008547142159257452
0.008521739130434783
0.008575476306790425
0.008536883243771373
0.008599413776257938
0.008569614069369808
0.00842989741084514
0.00851343429408891
0.008504152418172936
0.008550073277967758
0.008458720078163166
0.00851343429408891
0.008597459697117733
0.008541279921836833
0.008528578407425502
0.008551538837322912
0.00849829018075232
0.00857010258915486
0.008500244259892526
0.008541279921836833
0.008526624328285297
0.008553492916463117
0.00855446995603322
0.008518319491939425
0.008569614069369808
0.008565217391304348
0.008447972642892036
0.008560820713238887
0.008587200781631657
0.008614557889594528
0.008446507083536883
0.008538348803126527
0.008600879335613092
0.008548607718612605
0.008531509526135808
0.008583292623351247
0.008454811919882756
0.008575964826575475
0.008496336101612115
0.008570591108939912
0.008500732779677576
0.008528578407425502
0.00857791890571568
0.008514411333659013
0.008607230092818758
0.008604787493893502
0.008436248168050806
0.008522227650219835
0.008515388373229115
0.008591108939912067
0.008462139716658525
0.008584269662921348
0.008629213483146067
0.008540791402051783
0.008474352711284806
0.008559355153883733
0.008508060576453346
0.008521739130434783
0.008496336101612115
0.008581827063996093
0.008541279921836833
0.008571079628724963
0.008552027357107963
0.008481191988275525
0.008567171470444553
0.00859257449926722
0.008481191988275525
0.008582804103566195
0.0086038104543234
0.008606253053248657
0.008401074743527113
0.00847923790913532
0.008614069369809478
0.008508060576453346
0.008515388373229115
0.00860429897410845
0.00849829018075232
0.008608207132388862
0.008474352711284806
0.008581338544211042
0.008532975085490961
0.0085847581827064
0.008590620420127015
0.008534440644846117
0.008590131900341963
0.008595505617977528
0.008386907669760624
0.008624328285295555
0.008507083536883243
0.008583292623351247
0.008465070835368833
0.008538837322911578
0.008654616511968735
0.00856619443087445
0.008480214948705421
0.008531509526135808
0.008484123106985831
0.00859257449926722
0.008446507083536883
0.008583292623351247
0.008529555446995603
0.008575476306790425
0.008547630679042502
0.008504152418172936
0.008598436736687835
0.00857010258915486
0.008489008304836346
0.008590131900341963
0.008587689301416708
0.008651685393258427
0.008425012212994626
0.008535417684416218
0.008655105031753787
0.008480214948705421
0.008538348803126527
0.008571568148510015
0.008439667806546165
0.00860429897410845
0.008468978993649243
0.00855446995603322
0.008517342452369321
0.008546165119687347
0.008605276013678553
0.008587689301416708
0.008578895945285785
0.008564240351734245
0.008435759648265755
0.008571079628724963
0.008559355153883733
0.008559355153883733
0.008475818270639961
0.008547142159257452
0.008648265754763068
0.008579384465070837
0.008510503175378601
0.008574987787005373
0.008492916463116756
0.008564240351734245
0.008491939423546655
0.008564728871519297
0.008517830972154373
0.008617489008304837
0.008526135808500245
0.008534440644846117
0.008631167562286272
0.008568637029799707
0.008425012212994626
0.008610649731314118
0.008534440644846117
0.008607230092818758
0.008431362970200293
0.008585246702491452
0.008642403517342453
0.008537860283341475
0.008591108939912067
0.008641914997557402
0.00849829018075232
0.008593551538837323
0.008484123106985831
0.008588177821201758
0.008503175378602833
0.008594040058622375
0.008560820713238887
0.008576941866145578
0.00857791890571568
0.008525158768930141
0.008450903761602345
0.008510503175378601
0.00857010258915486
0.008545188080117243
0.008446018563751831
0.008561797752808988
0.008640449438202247
0.00857791890571568
0.008489496824621398
0.008574987787005373
0.008499755740107475
0.008544211040547142
0.00848656570591109
0.008620908646800195
0.008540302882266732
0.008590131900341963
0.008579872984855887
0.008513922813873961
0.008654616511968735
0.008544211040547142
0.00841866145578896
0.008571568148510015
0.00860039081582804
0.008624328285295555
0.008491450903761603
0.008535417684416218
0.008610161211529068
0.008535417684416218
0.008535417684416218
0.008561797752808988
0.00849780166096727
0.008647777234978017
0.008458231558378115
0.00857352222765022
0.008550073277967758
0.008579384465070837
0.008582804103566195
0.008568637029799707
0.008627259404005862
0.00860429897410845
0.008413287738153395
0.00859990229604299
0.008552515876893015
0.00857352222765022
0.008465070835368833
0.008576941866145578
0.008627747923790913
0.008562774792379092
0.008519296531509526
0.008569614069369808
0.008550073277967758
0.008595505617977528
0.00851685393258427
0.00865657059110894
0.008510503175378601
0.0086228627259404
0.00852027357107963
0.008491939423546655
0.008597948216902785
0.008585246702491452
0.008468978993649243
0.00863409868099658
0.008531021006350756
0.008637029799706887
0.00844553004396678
0.008513922813873961
0.008649731314118222
0.008512457254518808
0.00855446995603322
0.008589154860771862
0.008502198339032731
0.008605276013678553
0.008472887151929653
0.008581338544211042
0.008567171470444553
0.008531509526135808
0.008572545188080117
0.008507083536883243
0.008638495359062042
0.008591108939912067
0.008466536394723986
0.008557401074743527
0.008579384465070837
0.008596971177332682
0.008488031265266245
0.008553492916463117
0.008651685393258427
0.008560820713238887
0.008566682950659502
0.008548607718612605
0.008514899853444063
0.00860771861260381
0.008480214948705421
0.0085847581827064
0.008575476306790425
0.008621885686370298
0.008560332193453835
0.008518808011724475
0.008620908646800195
0.008598925256472887
0.00849389350268686
0.008597459697117733
0.008557889594528578
0.008637029799706887
0.008486077186126038
0.008553981436248168
0.008657059110893992
0.008586223742061553
0.008559355153883733
0.00857743038593063
0.008521250610649731
0.008627259404005862
0.008465070835368833
0.008576453346360527
0.008589154860771862
0.00857401074743527
0.008637518319491938
0.008590620420127015
0.008598925256472887
0.008651196873473375
0.008474352711284806
0.00858085002442599
0.008580361504640938
0.008629702002931118
0.008510014655593551
0.008574499267220322
0.0086409379579873
0.008620420127015145
0.008506106497313141
0.008544211040547142
0.008531021006350756
0.00860771861260381
0.008519296531509526
0.008647777234978017
0.008527601367855398
0.00860429897410845
0.008569125549584758
0.008549584758182707
0.008647777234978017
0.008574499267220322
0.008472398632144601
0.00857401074743527
0.008532486565705912
0.008638495359062042
0.008522227650219835
0.008543234000977038
0.008666340986809965
0.008558866634098682
0.008587200781631657
0.008561797752808988
0.00853199804592086
0.008555446995603322
0.00846751343429409
0.00857743038593063
0.00855837811431363
0.008568637029799707
0.008644357596482658
0.00859257449926722
0.008553004396678067
0.0086228627259404
0.008447484123106985
0.00857010258915486
0.008557401074743527
0.008619443087445042
0.008470933072789448
0.008599413776257938
0.008674157303370787
0.008568637029799707
0.00848998534440645
0.008532975085490961
0.008485100146555936
0.00860429897410845
0.00849829018075232
0.008585246702491452
0.008537860283341475
0.008621397166585247
0.008537860283341475
0.008578895945285785
0.008624328285295555
0.00855837811431363
0.008420127015144113
0.008591108939912067
0.008597948216902785
0.0086228627259404
0.008488031265266245
0.008582315583781143
0.00862628236443576
0.008533952125061065
0.008536883243771373
0.008544699560332193
0.008482657547630678
0.008649731314118222
0.0084904738641915
0.008608207132388862
0.008553492916463117
0.008587200781631657
0.00861895456765999
0.008555935515388373
0.008639472398632143
0.008623839765510503
0.008404005862237421
0.008552515876893015
0.008529555446995603
0.008636052760136785
0.008495847581827065
0.008593063019052272
0.008654127992183683
0.008533463605276013
0.008529555446995603
0.008511480214948705
0.008522227650219835
0.008590620420127015
0.008479726428920371
0.008646311675622863
0.00859990229604299
0.0086228627259404
0.008612603810454323
0.008560820713238887
0.008615534929164632
0.008653639472398632
0.008455788959452858
0.008608695652173912
0.008560820713238887
0.008630679042501222
0.008460674157303371
0.008560332193453835
0.00864142647777235
0.008560820713238887
0.008550073277967758
0.008636541279921837
0.008492916463116756
0.008602833414753297
0.008462628236443576
0.00856228627259404
0.008545676599902295
0.00860039081582804
0.008617489008304837
0.008586712261846605
0.008635075720566682
0.008603321934538348
0.008453346360527603
0.00863409868099658
0.008598436736687835
0.008677576941866147
0.00852076209086468
0.008628236443575965
0.008659013190034197
0.008570591108939912
0.00853981436248168
0.00855446995603322
0.008506595017098191
0.008596971177332682
0.008498778700537371
0.008636541279921837
0.00857010258915486
0.008672691744015634
0.008613092330239375
0.008563751831949193
0.008643380556912555
0.00858866634098681
0.008502198339032731
0.008638495359062042
0.0086038104543234
0.008631656082071323
0.0084714215925745
0.008522227650219835
0.008659501709819247
0.008521739130434783
0.008540791402051783
0.008664875427454812
0.008454811919882756
0.008617489008304837
0.008417684416218856
0.008611626770884222
0.008531509526135808
0.008632633121641427
0.008608695652173912
0.008585735222276503
0.008597459697117733
0.008576941866145578
0.008419638495359061
0.00860039081582804
0.008549096238397657
0.008617000488519785
0.008487054225696141
0.008638983878847092
0.008712261846604789
0.008617000488519785
0.008537860283341475
0.008578407425500733
0.008503175378602833
0.008597948216902785
0.008519296531509526
0.008684416218856864
0.008567659990229603
0.00863019052271617
0.008612603810454323
0.008541768441621885
0.008611626770884222
0.008625305324865657
0.008548607718612605
0.008631656082071323
0.0086038104543234
0.008635564240351733
0.008485588666340988
0.008569125549584758
0.008690278456277479
0.008549096238397657
0.008574499267220322
0.008584269662921348
0.008521739130434783
0.008590620420127015
0.008480214948705421
0.008633121641426477
0.008576453346360527
0.008633121641426477
0.008595505617977528
0.008602344894968245
0.00862628236443576
0.008624816805080605
0.008496824621397166
0.008560820713238887
0.00855837811431363
0.008648265754763068
0.008509037616023448
0.00859257449926722
0.008636052760136785
0.008613580850024427
0.008562774792379092
0.008585735222276503
0.008480214948705421
0.008556424035173425
0.008506595017098191
0.008612603810454323
0.008571568148510015
0.00860429897410845
0.00851636541279922
0.008548119198827553
0.008598436736687835
0.00864533463605276
0.008462139716658525
0.008628236443575965
0.008569125549584758
0.008628724963361017
0.008494870542256961
0.008590131900341963
0.008671714704445528
0.008555935515388373
0.008528578407425502
0.008592085979482168
0.00854372252076209
0.008571079628724963
0.008481191988275525
0.008620908646800195
0.008576453346360527
0.00859990229604299
0.0086038104543234
0.008541279921836833
0.008628724963361017
0.0085847581827064
0.008454811919882756
0.008605764533463605
0.008594040058622375
0.008638495359062042
0.008466047874938935
0.00860771861260381
0.008661944308744503
0.008588177821201758
0.008503663898387885
0.008567659990229603
0.008528578407425502
0.008573033707865168
0.008527112848070346
0.008594528578407425
0.008515388373229115
0.008623351245725452
0.008522227650219835
0.00852076209086468
0.008650708353688325
0.008573033707865168
0.008458720078163166
0.008632633121641427
0.008537860283341475
0.008627259404005862
0.00847923790913532
0.008602833414753297
0.00869467513434294
0.008567171470444553
0.008556424035173425
0.008609672691744017
0.008557401074743527
0.008621397166585247
0.008533463605276013
0.008624816805080605
0.008574987787005373
0.008614557889594528
0.008612603810454323
0.00859990229604299
0.00866047874938935
0.008614069369809478
0.008487054225696141
0.00857791890571568
0.00857352222765022
0.008574987787005373
0.008489008304836346
0.008598925256472887
0.008669760625305323
0.008586712261846605
0.008508549096238396
0.00861113825109917
0.008545676599902295
0.008548119198827553
0.00848998534440645
0.008652173913043478
0.008590131900341963
0.008617977528089888
0.008597948216902785
0.008545676599902295
0.008591108939912067
0.008586223742061553
0.00849780166096727
0.008640449438202247
0.008534440644846117
0.008642403517342453
0.008487542745481193
0.008594040058622375
0.008665852467024913
0.008589643380556913
0.00857401074743527
0.008647288715192965
0.008518319491939425
0.008651685393258427
0.008476795310210063
0.008606253053248657
0.008548607718612605
0.008611626770884222
0.008668783585735222
0.008636541279921837
0.008619443087445042
0.008658524670249145
0.008482169027845626
0.00861504640937958
0.008548607718612605
0.008646800195407915
0.008539325842696628
0.008647288715192965
0.008680508060576454
0.008589643380556913
0.00846800195407914
0.008589154860771862
0.008527112848070346
0.0085847581827064
0.008523204689789936
0.008687347337567172
0.008552027357107963
0.008569125549584758
0.008658036150464093
0.008593063019052272
0.00865266243282853
0.008615534929164632
0.008506106497313141
0.008561797752808988
0.008562774792379092
0.008652173913043478
0.008513922813873961
0.008499267220322423
0.008613580850024427
0.008578407425500733
0.00858085002442599
0.008658036150464093
0.008530043966780655
0.008654127992183683
0.00852027357107963
0.00859257449926722
0.008523204689789936
0.008604787493893502
0.008649731314118222
0.008565705911089398
0.008665363947239864
0.008651685393258427
0.008410356619443088
0.008589643380556913
0.008556424035173425
0.008631167562286272
0.008482169027845626
0.008601856375183195
0.008670737664875427
0.008544699560332193
0.008593063019052272
0.008610161211529068
0.00847532975085491
0.008582804103566195
0.00854372252076209
0.008611626770884222
0.008595017098192477
0.008623351245725452
0.008587689301416708
0.008558866634098682
0.00863409868099658
0.008599413776257938
0.008502198339032731
0.00864484611626771
0.008625793844650708
0.008642892037127505
0.008545676599902295
0.008537371763556423
0.008694186614557889
0.008585735222276503
0.008642892037127505
0.008610649731314118
0.008559843673668783
0.008590620420127015
0.008491450903761603
0.008610161211529068
0.00855056179775281
0.008537371763556423
0.00858085002442599
0.008640449438202247
0.008612115290669273
0.008610649731314118
0.00846360527601368
0.008620420127015145
0.008606253053248657
0.008658524670249145
0.00847923790913532
0.00857791890571568
0.008695163654127992
0.00859257449926722
0.008525158768930141
0.00860429897410845
0.008519296531509526
0.008544699560332193
0.008561309233023938
0.008647288715192965
0.008555935515388373
0.008629702002931118
0.008578895945285785
0.008529555446995603
0.0086409379579873
0.00859990229604299
0.008490962383976551
0.008643380556912555
0.008550073277967758
0.008688324377137274
0.008519785051294578
0.008572545188080117
0.00871323888617489
0.008541768441621885
0.008585735222276503
0.008610161211529068
0.00856619443087445
0.008666340986809965
0.008486077186126038
0.008575964826575475
0.008583292623351247
0.008610649731314118
0.008617000488519785
0.008593551538837323
0.008657547630679042
0.008572056668295065
0.008461162677088423
0.008579384465070837
0.008528578407425502
0.008672203224230582
0.0084904738641915
0.008627259404005862
0.008675622862725942
0.008590131900341963
0.008613092330239375
0.00860039081582804
0.008502686858817781
0.008605276013678553
0.008531509526135808
0.008674157303370787
0.00855446995603322
0.008604787493893502
0.00863409868099658
0.008524670249145092
0.008639472398632143
0.00861846604787494
0.008482657547630678
0.008656082071323888
0.008528578407425502
0.008641914997557402
0.008512945774303858
0.008584269662921348
0.008699071812408402
0.008565217391304348
0.008578407425500733
0.008678553981436249
0.008582804103566195
0.008605764533463605
0.008490962383976551
0.00861113825109917
0.008554958475818272
0.00855837811431363
0.008589154860771862
0.00864484611626771
0.008638983878847092
0.008655593551538837
0.008472887151929653
0.008615534929164632
0.008572545188080117
0.008620420127015145
0.008499267220322423
0.008645823155837812
0.00870249145090376
0.00858866634098681
0.008547142159257452
0.008614069369809478
0.008527112848070346
0.008597459697117733
0.008515876893014168
0.00865266243282853
0.00852808988764045
0.008621885686370298
0.008606741573033707
0.008579872984855887
0.008568637029799707
0.008617977528089888
0.00850170981924768
0.008620420127015145
0.008568637029799707
0.008639960918417195
0.00844553004396678
0.008551050317537862
0.008697117733268197
0.008579384465070837
0.00854372252076209
0.008633610161211528
0.008510014655593551
0.008610161211529068
0.008522227650219835
0.008601856375183195
0.008570591108939912
0.008592085979482168
0.008582804103566195
0.008614069369809478
0.00864484611626771
0.008642892037127505
0.008500732779677576
0.008599413776257938
0.008555446995603322
0.008641914997557402
0.008564240351734245
0.008707865168539327
0.008662432828529555
0.008567171470444553
0.008574499267220322
0.008595505617977528
0.008507572056668295
0.008594040058622375
0.008555935515388373
0.008632144601856375
0.0086038104543234
0.008646800195407915
0.008595505617977528
0.008519785051294578
0.008593551538837323
0.00864924279433317
0.008487542745481193
0.008610649731314118
0.008539325842696628
0.008666340986809965
0.008514899853444063
0.008548607718612605
0.008667318026380069
0.008625793844650708
0.008586223742061553
0.008628236443575965
0.008550073277967758
0.0086228627259404
0.008524670249145092
0.008526624328285297
0.008536394723986322
0.008571079628724963
0.008635075720566682
0.008548119198827553
0.008625305324865657
0.008569614069369808
0.008431362970200293
0.008606741573033707
0.008559355153883733
0.008624816805080605
0.008518319491939425
0.008625305324865657
0.008661455788959452
0.008638495359062042
0.008564728871519297
0.008587689301416708
0.008546653639472398
0.008656082071323888
0.008526135808500245
0.008608695652173912
0.008540791402051783
0.008602833414753297
0.008606741573033707
0.008575476306790425
0.008674645823155839
0.008587200781631657
0.008502686858817781
0.008615534929164632
0.008588177821201758
0.008647288715192965
0.008481191988275525
0.008528578407425502
0.008661455788959452
0.008597948216902785
0.008521250610649731
0.008594040058622375
0.008541279921836833
0.00866047874938935
0.00849438202247191
0.00861895456765999
0.008578895945285785
0.008586223742061553
0.008620420127015145
0.008582315583781143
0.008581827063996093
0.008631656082071323
0.008477283829995115
0.008552027357107963
0.008584269662921348
0.008624328285295555
0.008499755740107475
0.00863409868099658
0.008692232535417684
0.008567659990229603
0.008515876893014168
0.008661944308744503
0.008521739130434783
0.008639472398632143
0.008515876893014168
0.00859990229604299
0.008557401074743527
0.00863409868099658
0.008602833414753297
0.008575964826575475
0.008620908646800195
0.008608207132388862
0.0084714215925745
0.008591108939912067
0.008581338544211042
0.00862237420615535
0.008478749389350268
0.008597948216902785
0.008740107474352712
0.008563751831949193
0.00860429897410845
0.008633610161211528
0.008508549096238396
0.008589154860771862
0.008536883243771373
0.008581338544211042
0.008552515876893015
0.008591597459697118
0.00858866634098681
0.008617000488519785
0.008623839765510503
0.008604787493893502
0.008477283829995115
0.008608207132388862
0.008606741573033707
0.00865266243282853
0.00844894968246214
0.008614069369809478
0.008714704445530044
0.008597948216902785
0.008590620420127015
0.008572056668295065
0.008544211040547142
0.008624816805080605
0.008571079628724963
0.008628236443575965
0.008547630679042502
0.00864875427454812
0.008605764533463605
0.008544699560332193
0.008613092330239375
0.008619931607230093
0.00855056179775281
0.00862237420615535
0.008585246702491452
0.008590620420127015
0.008455300439667808
0.008525647288715193
0.00864533463605276
0.008578407425500733
0.00859990229604299
0.00863019052271617
0.00859990229604299
0.008644357596482658
0.008533952125061065
0.00860771861260381
0.008599413776257938
0.008642403517342453
0.008623839765510503
0.008621885686370298
0.008616511968734735
0.008646800195407915
0.00851343429408891
0.00857401074743527
0.008556424035173425
0.008558866634098682
0.008500244259892526
0.008599413776257938
0.008693698094772839
0.00861846604787494
0.008587200781631657
0.008607230092818758
0.008564728871519297
0.008621885686370298
0.00854372252076209
0.00861113825109917
0.00857352222765022
0.00862677088422081
0.008586223742061553
0.008536394723986322
0.008551538837322912
0.0086038104543234
0.0085095261358085
0.008585735222276503
0.008562774792379092
0.00870200293111871
0.008512945774303858
0.008532975085490961
0.008668783585735222
0.008532486565705912
0.0084904738641915
0.008633610161211528
0.008523693209574988
0.008671226184660479
0.008537371763556423
0.008635564240351733
0.008606741573033707
0.008554958475818272
0.008651196873473375
0.00857010258915486
0.008632144601856375
0.008672203224230582
0.008497313141182218
0.008624816805080605
0.008581338544211042
0.008584269662921348
0.008517830972154373
0.008661455788959452
0.008666340986809965
0.00860429897410845
0.008599413776257938
0.008581338544211042
0.008514411333659013
0.008528578407425502
0.00852076209086468
0.008640449438202247
0.008575476306790425
0.008634587200781632
0.008642403517342453
0.008601856375183195
0.008646311675622863
0.008601856375183195
0.008498778700537371
0.00861846604787494
0.008595505617977528
0.008654127992183683
0.008510503175378601
0.008546653639472398
0.008676111382510992
0.008545676599902295
0.008610649731314118
0.008546653639472398
0.008576941866145578
0.008627747923790913
0.008568148510014655
0.008624328285295555
0.008557889594528578
0.008605276013678553
0.008639960918417195
0.008530043966780655
0.00871323888617489
0.008629213483146067
0.008473864191499755
0.008564728871519297
0.0086228627259404
0.00864484611626771
0.00849829018075232
0.008612603810454323
0.008695652173913044
0.008617000488519785
0.008569614069369808
0.008591597459697118
0.008543234000977038
0.008641914997557402
0.008517342452369321
0.008671714704445528
0.008595017098192477
0.008646311675622863
0.008591597459697118
0.008553981436248168
0.008661944308744503
0.008610649731314118
0.00852808988764045
0.008631167562286272
0.00862237420615535
0.008635564240351733
0.008484123106985831
0.00853199804592086
0.008659501709819247
0.008517342452369321
0.008575964826575475
0.00860039081582804
0.00849438202247191
0.0086228627259404
0.008538837322911578
0.008637029799706887
0.008583781143136298
0.008532975085490961
0.008609184171958963
0.008552515876893015
0.008616023448949683
0.008611626770884222
0.008523204689789936
0.00853981436248168
0.00861895456765999
0.008589643380556913
0.008587200781631657
0.008596971177332682
0.008689789936492429
0.008534440644846117
0.008584269662921348
0.008627259404005862
0.008585735222276503
0.008593551538837323
0.00857743038593063
0.008645823155837812
0.008590131900341963
0.00861895456765999
0.008591108939912067
0.008545188080117243
0.008649731314118222
0.008627747923790913
0.008463116756228628
0.008662432828529555
0.008567171470444553
0.008647288715192965
0.008451392281387395
0.008579872984855887
0.008653150952613582
0.008530532486565707
0.008556912554958477
0.008636052760136785
0.008561797752808988
0.00865657059110894
0.008552027357107963
0.008654127992183683
0.008565217391304348
0.008610649731314118
0.008656082071323888
0.008557889594528578
0.008652173913043478
0.00860429897410845
0.008489008304836346
0.008612115290669273
0.00864924279433317
0.00865657059110894
0.008518319491939425
0.008658036150464093
0.0086790425012213
0.008613580850024427
0.008568148510014655
0.00860429897410845
0.00856228627259404
0.008658524670249145
0.008548119198827553
0.008683439179286762
0.008583292623351247
0.008620420127015145
0.008581827063996093
0.008582315583781143
0.008672691744015634
0.008633610161211528
0.00851685393258427
0.008624328285295555
0.008616511968734735
0.008628724963361017
0.008525647288715193
0.008581827063996093
0.008610161211529068
0.008557889594528578
0.008539325842696628
0.008612115290669273
0.008565705911089398
0.00862677088422081
0.008470444553004396
0.008600879335613092
0.008548607718612605
0.008581827063996093
0.008633610161211528
0.008597948216902785
0.008617977528089888
0.008628236443575965
0.008465559355153885
0.008572056668295065
0.008607230092818758
0.008648265754763068
0.008525158768930141
0.008632144601856375
0.008711773326819737
0.008560332193453835
0.008554958475818272
0.008608207132388862
0.008514411333659013
0.008644357596482658
0.008568637029799707
0.00864875427454812
0.008578895945285785
0.008629213483146067
0.008657059110893992
0.008529066927210551
0.008585735222276503
0.008642892037127505
0.008593551538837323
0.008663898387884708
0.008559843673668783
0.008634587200781632
0.008511480214948705
0.008557401074743527
0.008667318026380069
0.00858085002442599
0.0086228627259404
0.008628724963361017
0.008546653639472398
0.008617977528089888
0.008480703468490473
0.00861504640937958
0.008555446995603322
0.008579384465070837
0.008665363947239864
0.008645823155837812
0.008673668783585735
0.008659013190034197
0.008457254518808013
0.008608695652173912
0.008587689301416708
0.008639960918417195
0.008527601367855398
0.008670737664875427
0.008730337078651685
0.008563263312164143
0.008547142159257452
0.00857010258915486
0.008517830972154373
0.008565705911089398
0.008581827063996093
0.00863800683927699
0.008569614069369808
0.00864875427454812
0.008582804103566195
0.008602344894968245
0.008701025891548607
0.008619443087445042
0.008501221299462628
0.008680508060576454
0.008561797752808988
0.008655105031753787
0.008529066927210551
0.008564728871519297
0.008665852467024913
0.008578407425500733
0.008627259404005862
0.008602833414753297
0.008564240351734245
0.00862237420615535
0.008540302882266732
0.008620908646800195
0.008606741573033707
0.008551538837322912
0.008672691744015634
0.008535417684416218
0.008614069369809478
0.008647777234978017
0.008508060576453346
0.008627259404005862
0.008597459697117733
0.008628236443575965
0.008494870542256961
0.008588177821201758
0.00869467513434294
0.00859990229604299
0.008585246702491452
0.008588177821201758
0.008564728871519297
0.0086790425012213
0.008527112848070346
0.008665363947239864
0.008616023448949683
0.008579872984855887
0.008600879335613092
0.008517342452369321
0.00866438690766976
0.008592085979482168
0.008454323400097705
0.00858085002442599
0.008576453346360527
0.008683927699071812
0.008481680508060576
0.008597948216902785
0.008706399609184172
0.008560332193453835
0.008563263312164143
0.008625305324865657
0.00855056179775281
0.008641914997557402
0.008525158768930141
0.008648265754763068
0.008553004396678067
0.008586712261846605
0.008669760625305323
0.008595505617977528
0.00870542256961407
0.008654616511968735
0.008500732779677576
0.008620420127015145
0.008579384465070837
0.008630679042501222
0.008569614069369808
0.008634587200781632
0.00866829506595017
0.008581338544211042
0.008547630679042502
0.008574987787005373
0.00852808988764045
0.008568637029799707
0.008555935515388373
0.008631656082071323
0.008614069369809478
0.008624328285295555
0.008603321934538348
0.008542256961406937
0.008636541279921837
0.008567659990229603
0.0084714215925745
0.00862628236443576
0.008656082071323888
0.008667318026380069
0.008511480214948705
0.008580361504640938
0.008675622862725942
0.008592085979482168
0.008572056668295065
0.008637029799706887
0.008521739130434783
0.008656082071323888
0.00853590620420127
0.008595017098192477
0.00857010258915486
0.008625305324865657
0.008611626770884222
0.008591108939912067
0.008651685393258427
0.00864484611626771
0.008436248168050806
0.00857743038593063
0.008537371763556423
0.00864142647777235
0.00857010258915486
0.008635075720566682
0.008646311675622863
0.008593551538837323
0.008555935515388373
0.008587689301416708
0.008499267220322423
0.008639472398632143
0.008592085979482168
0.008680019540791402
0.008569125549584758
0.00864533463605276
0.008610161211529068
0.008541768441621885
0.008621885686370298
0.008608207132388862
0.008509037616023448
0.008580361504640938
0.008587200781631657
0.00863409868099658
0.008511480214948705
0.008619443087445042
0.008709819247679532
0.008560820713238887
0.008569125549584758
0.00859257449926722
0.008595017098192477
0.008673668783585735
0.008561309233023938
0.00860771861260381
0.008567659990229603
0.008583292623351247
0.008665852467024913
0.008595505617977528
0.008633610161211528
0.00867513434294089
0.008487054225696141
0.008585735222276503
0.008533952125061065
0.008643380556912555
0.008526624328285297
0.008612115290669273
0.008707376648754275
0.008581338544211042
0.008597459697117733
0.008583781143136298
0.00847923790913532
0.008645823155837812
0.008572056668295065
0.008638983878847092
0.008555446995603322
0.008665363947239864
0.008601367855398143
0.00859648265754763
0.008606253053248657
0.00862237420615535
0.008490962383976551
0.008654127992183683
0.008508060576453346
0.008608695652173912
0.008491939423546655
0.008548607718612605
0.008708842208109429
0.008641914997557402
0.00861113825109917
0.008646800195407915
0.008484611626770885
0.008646800195407915
0.008533463605276013
0.00859648265754763
0.008548119198827553
0.008593063019052272
0.008638983878847092
0.008598436736687835
0.008623839765510503
0.008630679042501222
0.008480703468490473
0.008601367855398143
0.008617000488519785
0.008634587200781632
0.008562774792379092
0.008581338544211042
0.008699560332193454
0.008507083536883243
0.008545676599902295
0.008568637029799707
0.008547630679042502
0.008581338544211042
0.008546653639472398
0.008671226184660479
0.008591597459697118
0.008613092330239375
0.008605764533463605
0.008568148510014655
0.008709819247679532
0.008616511968734735
0.00850170981924768
0.008623839765510503
0.008614069369809478
0.008690278456277479
0.008545676599902295
0.008628724963361017
0.008685393258426967
0.00857010258915486
0.008613092330239375
0.008608207132388862
0.008515388373229115
0.008640449438202247
0.00849438202247191
0.008553004396678067
0.008556912554958477
0.008613580850024427
0.008635564240351733
0.00857352222765022
0.008638495359062042
0.008670249145090375
0.008461162677088423
0.008598925256472887
0.008580361504640938
0.00861113825109917
0.00849389350268686
0.008602833414753297
0.008684416218856864
0.00859257449926722
0.008540302882266732
0.008579384465070837
0.008597459697117733
0.008654616511968735
0.008573033707865168
0.008650708353688325
0.008602344894968245
0.008632633121641427
0.008619443087445042
0.008582315583781143
0.008616511968734735
0.008606741573033707
0.008522716170004887
0.008627259404005862
0.008571079628724963
0.008637518319491938
0.00854372252076209
0.00863800683927699
0.008680996580361505
0.00861113825109917
0.008579872984855887
0.008596971177332682
0.008585246702491452
0.008617000488519785
0.008482169027845626
0.008655593551538837
0.008608207132388862
0.008632633121641427
0.008615534929164632
0.00857010258915486
0.008624816805080605
0.00864484611626771
0.008459697117733268
0.008602833414753297
0.008584269662921348
0.008637029799706887
0.008551538837322912
0.008594040058622375
0.008671714704445528
0.008625305324865657
0.008499755740107475
0.00863800683927699
0.008522716170004887
0.008624816805080605
0.00854372252076209
0.008646800195407915
0.008581338544211042
0.008612115290669273
0.008563751831949193
0.008529066927210551
0.008637518319491938
0.008623839765510503
0.00852808988764045
0.008661944308744503
0.008580361504640938
0.008639472398632143
0.00847532975085491
0.008557889594528578
0.008663898387884708
0.008595017098192477
0.008586223742061553
0.008627747923790913
0.008616023448949683
0.00862677088422081
0.008501221299462628
0.00860039081582804
0.008581338544211042
0.00865266243282853
0.008601856375183195
0.008568637029799707
0.00865266243282853
0.008600879335613092
0.008465559355153885
0.008661944308744503
0.008607230092818758
0.008659501709819247
0.00852418172936004
0.008627259404005862
0.008631167562286272
0.008604787493893502
0.008591597459697118
0.008604787493893502
0.008492427943331705
0.00861504640937958
0.008583292623351247
0.008640449438202247
0.00858085002442599
0.008663898387884708
0.008603321934538348
0.008552515876893015
0.008699560332193454
0.008632633121641427
0.008484123106985831
0.008595017098192477
0.008554958475818272
0.008612603810454323
0.008494870542256961
0.008572545188080117
0.008713727405959942
0.00857743038593063
0.0086038104543234
0.00865266243282853
0.008569125549584758
0.008676599902296044
0.008487542745481193
0.008599413776257938
0.008522716170004887
0.008568148510014655
0.00864142647777235
0.008595505617977528
0.00866438690766976
0.008644357596482658
0.008460674157303371
0.008633121641426477
0.008542745481191988
0.008587689301416708
0.00857743038593063
0.008602833414753297
0.00870249145090376
0.008608207132388862
0.008551050317537862
0.008580361504640938
0.008571079628724963
0.008561797752808988
0.008518808011724475
0.008652173913043478
0.008610161211529068
0.008625305324865657
0.008674645823155839
0.008601367855398143
0.008621885686370298
0.008596971177332682
0.008493404982901808
0.008639960918417195
0.008578895945285785
0.008688812896922325
0.008451880801172446
0.008581827063996093
0.008675622862725942
0.00860429897410845
0.008563751831949193
0.008625305324865657
0.008575964826575475
0.008645823155837812
0.00857743038593063
0.008631167562286272
0.008617977528089888
0.008596971177332682
0.008632633121641427
0.008574499267220322
0.008635564240351733
0.008596971177332682
0.008496336101612115
0.008558866634098682
0.008552027357107963
0.008613580850024427
0.008473375671714705
0.008688324377137274
0.008713727405959942
0.008601856375183195
0.008576941866145578
0.008610649731314118
0.008637029799706887
0.008616511968734735
0.008537371763556423
0.008680508060576454
0.008601367855398143
0.008621397166585247
0.00863800683927699
0.008583292623351247
0.008605276013678553
0.00864924279433317
0.008503175378602833
0.008636541279921837
0.00861113825109917
0.00862628236443576
0.00849438202247191
0.008630679042501222
0.00868685881778212
0.008592085979482168
0.008552515876893015
0.008623839765510503
0.008574987787005373
0.008655593551538837
0.008542256961406937
0.008623351245725452
0.00857743038593063
0.00859257449926722
0.008661944308744503
0.008594528578407425
0.008633121641426477
0.008582315583781143
0.008533463605276013
0.008614557889594528
0.008582315583781143
0.008642892037127505
0.00851343429408891
0.008652173913043478
0.008676599902296044
0.008620420127015145
0.008537371763556423
0.008617977528089888
0.008538837322911578
0.00862628236443576
0.008522227650219835
0.008674645823155839
0.008624816805080605
0.008611626770884222
0.008616511968734735
0.008574499267220322
0.008679531021006352
0.008579384465070837
0.008479726428920371
0.008610649731314118
0.008565705911089398
0.008654616511968735
0.008512945774303858
0.008646800195407915
0.0087733268197362
0.008586712261846605
0.008635075720566682
0.008643869076697607
0.008567659990229603
0.008628236443575965
0.008504152418172936
0.00859990229604299
0.008624816805080605
0.008597459697117733
0.008606741573033707
0.008682462139716659
0.008665363947239864
0.008638983878847092
0.008525647288715193
0.008653639472398632
0.008616511968734735
0.008636052760136785
0.008544699560332193
0.008625793844650708
0.008711773326819737
0.008619443087445042
0.008594040058622375
0.008612603810454323
0.008563263312164143
0.008610649731314118
0.008627747923790913
0.008663409868099657
0.008588177821201758
0.008625305324865657
0.00859990229604299
0.008544699560332193
0.00860429897410845
0.00855056179775281
0.00847532975085491
0.008662921348314607
0.008560820713238887
0.008664875427454812
0.008510014655593551
0.008569614069369808
0.008625793844650708
0.008557401074743527
0.00861846604787494
0.008651685393258427
0.008572545188080117
0.008635075720566682
0.008522227650219835
0.00860771861260381
0.008559355153883733
0.008565705911089398
0.008579384465070837
0.008602344894968245
0.008655593551538837
0.008632633121641427
0.00846018563751832
0.008594528578407425
0.00859990229604299
0.008595505617977528
0.008558866634098682
0.008595017098192477
0.008682462139716659
0.008571568148510015
0.008506595017098191
0.008651685393258427
0.008521250610649731
0.008658036150464093
0.00852076209086468
0.008677088422081095
0.008579384465070837
0.008636052760136785
0.008616023448949683
0.008591108939912067
0.008692232535417684
0.008579872984855887
0.00849389350268686
0.008637029799706887
0.008582804103566195
0.00869858329262335
0.008483634587200781
0.008561309233023938
0.008659990229604298
0.0086038104543234
0.00859990229604299
0.008620908646800195
0.00859990229604299
0.008576941866145578
0.008526135808500245
0.008620908646800195
0.008575476306790425
0.008641914997557402
0.008662432828529555
0.008591108939912067
0.008658036150464093
0.008596971177332682
0.008469956033219345
0.008541768441621885
0.008613580850024427
0.008632633121641427
0.008519296531509526
0.008638983878847092
0.008677576941866147
0.008590131900341963
0.008640449438202247
0.008530043966780655
0.008547142159257452
0.00865266243282853
0.00853590620420127
0.00866829506595017
0.008588177821201758
0.008630679042501222
0.008613580850024427
0.008548119198827553
0.008664875427454812
0.008598436736687835
0.008534440644846117
0.008634587200781632
0.008534440644846117
0.008682462139716659
0.00852418172936004
0.008576453346360527
0.008690278456277479
0.008603321934538348
0.00855446995603322
0.008674157303370787
0.008575964826575475
0.008646800195407915
0.008508549096238396
0.008615534929164632
0.008579872984855887
0.008585246702491452
0.008665852467024913
0.008583781143136298
0.00869467513434294
0.008667318026380069
0.008504640937957986
0.008608207132388862
0.008581338544211042
0.008659501709819247
0.008506595017098191
0.008620420127015145
0.008649731314118222
0.008596971177332682
0.008554958475818272
0.00852027357107963
0.008647777234978017
0.00859990229604299
0.008534440644846117
0.00863409868099658
0.008568637029799707
0.008623839765510503
0.008657059110893992
0.008549584758182707
0.008675622862725942
0.008576941866145578
0.008527112848070346
0.00864875427454812
0.008594528578407425
0.008720078163165609
0.008526624328285297
0.008541279921836833
0.008650219833903273
0.008595017098192477
0.00861846604787494
0.00865657059110894
0.008539325842696628
0.008641914997557402
0.008505129457743038
0.008609184171958963
0.008541768441621885
0.008604787493893502
0.008643380556912555
0.008602833414753297
0.008624328285295555
0.008633610161211528
0.008466536394723986
0.008632144601856375
0.008561797752808988
0.008629702002931118
0.008575476306790425
0.008667318026380069
0.00869076697606253
0.008610649731314118
0.008584269662921348
0.00860039081582804
0.008602833414753297
0.0086038104543234
0.008554958475818272
0.008657547630679042
0.008569614069369808
0.008642892037127505
0.008637518319491938
0.00856228627259404
0.008669272105520274
0.00859648265754763
0.008551538837322912
0.008598436736687835
0.008596971177332682
0.008599413776257938
0.008563751831949193
0.008586712261846605
0.008723009281875915
0.008550073277967758
0.008663898387884708
0.008628236443575965
0.008557401074743527
0.00864484611626771
0.00850561797752809
0.008625793844650708
0.008551050317537862
0.008649731314118222
0.008659501709819247
0.008653639472398632
0.008680508060576454
0.008631167562286272
0.008502198339032731
0.008601367855398143
0.00860039081582804
0.008640449438202247
0.008601367855398143
0.008609672691744017
0.008662921348314607
0.008627747923790913
0.008486077186126038
0.008547630679042502
0.0085847581827064
0.008617977528089888
0.008498778700537371
0.008685881778212017
0.008559843673668783
0.008623839765510503
0.008607230092818758
0.00859599413776258
0.008661944308744503
0.008642892037127505
0.008522716170004887
0.008666340986809965
0.008591108939912067
0.008658036150464093
0.008472887151929653
0.008635564240351733
0.008727405959941377
0.008597948216902785
0.00857352222765022
0.008621397166585247
0.00858085002442599
0.008678553981436249
0.008565705911089398
0.008647777234978017
0.008645823155837812
0.008661455788959452
0.008607230092818758
0.008652173913043478
0.008606253053248657
0.00866829506595017
0.008477772349780166
0.008628236443575965
0.008650708353688325
0.00864875427454812
0.008555446995603322
0.008620420127015145
0.008681973619931607
0.008644357596482658
0.008573033707865168
0.008559355153883733
0.008538837322911578
0.008624328285295555
0.008609672691744017
0.008706888128969224
0.008620420127015145
0.008623351245725452
0.008629213483146067
0.008585246702491452
0.008657547630679042
0.008598436736687835
0.008507572056668295
0.008672203224230582
0.008613580850024427
0.008737176355642404
0.008481191988275525
0.00859599413776258
0.008739130434782609
0.0086038104543234
0.008582315583781143
0.0086228627259404
0.008582804103566195
0.008697606253053249
0.00847532975085491
0.008625305324865657
0.008581338544211042
0.008645823155837812
0.008627259404005862
0.008586712261846605
0.008648265754763068
0.008581338544211042
0.008425500732779678
0.008635075720566682
0.008597948216902785
0.008619931607230093
0.008591108939912067
0.008613092330239375
0.008734733756717149
0.008631656082071323
0.008500732779677576
0.00855056179775281
0.00857352222765022
0.008569125549584758
0.008533952125061065
0.008659013190034197
0.00863019052271617
0.00864533463605276
0.008565217391304348
0.008537371763556423
0.008657059110893992
0.008613092330239375
0.008528578407425502
0.008655105031753787
0.008617489008304837
0.008638983878847092
0.008452369320957498
0.008571568148510015
0.008656082071323888
0.008576453346360527
0.008628724963361017
0.008625305324865657
0.008567659990229603
0.008629702002931118
0.008555446995603322
0.008569614069369808
0.008556912554958477
0.008610649731314118
0.008658524670249145
0.00853590620420127
0.008651196873473375
0.008703468490473865
0.008514899853444063
0.008590131900341963
0.008584269662921348
0.008641914997557402
0.00849829018075232
0.008617000488519785
0.008654616511968735
0.008559843673668783
0.008574499267220322
0.008595017098192477
0.008595017098192477
0.008638983878847092
0.008515876893014168
0.008679531021006352
0.008589154860771862
0.008611626770884222
0.008687835857352224
0.008556912554958477
0.008651685393258427
0.008581338544211042
0.008459697117733268
0.008663898387884708
0.00859599413776258
0.008655105031753787
0.008513922813873961
0.008558866634098682
0.00872447484123107
0.008594528578407425
0.008593063019052272
0.00859257449926722
0.008540302882266732
0.008617000488519785
0.008476795310210063
0.008570591108939912
0.008625305324865657
0.008600879335613092
0.008597459697117733
0.008522227650219835
0.008607230092818758
0.008679531021006352
0.008521739130434783
0.008630679042501222
0.00860039081582804
0.008628724963361017
0.00852418172936004
0.008616023448949683
0.008689301416707377
0.008613580850024427
0.008554958475818272
0.008587200781631657
0.008526624328285297
0.008608207132388862
0.008597948216902785
0.008665852467024913
0.008613580850024427
0.008607230092818758
0.008593063019052272
0.00860039081582804
0.008590620420127015
0.008609672691744017
0.008559843673668783
0.008627747923790913
0.008592085979482168
0.00866829506595017
0.008496824621397166
0.008598925256472887
0.00872496336101612
0.00860771861260381
0.008578407425500733
0.00864142647777235
0.00857791890571568
0.00861846604787494
0.008552515876893015
0.008612115290669273
0.008574499267220322
0.008609672691744017
0.008666340986809965
0.008606741573033707
0.008673668783585735
0.008574987787005373
0.00844162188568637
0.00857791890571568
0.008616023448949683
0.008627259404005862
0.008587200781631657
0.008642403517342453
0.008703468490473865
0.008569125549584758
0.008542745481191988
0.008553004396678067
0.008517830972154373
0.008598925256472887
0.008536394723986322
0.00864924279433317
0.008597459697117733
0.0086038104543234
0.008595017098192477
0.00857352222765022
0.008667318026380069
0.008606741573033707
0.008478260869565216
0.008658036150464093
0.008631656082071323
0.008613092330239375
0.008522227650219835
0.0086038104543234
0.008661944308744503
0.008569614069369808
0.008610161211529068
0.008667318026380069
0.008546653639472398
0.008616511968734735
0.008540302882266732
0.008642892037127505
0.008612603810454323
0.008637518319491938
0.008660967269174402
0.00855837811431363
0.008615534929164632
0.008633121641426477
0.008531509526135808
0.008613580850024427
0.008591108939912067
0.008658036150464093
0.008499755740107475
0.008633610161211528
0.008707865168539327
0.008632144601856375
0.008532486565705912
0.008568148510014655
0.008581827063996093
0.008609184171958963
0.008565217391304348
0.008661944308744503
0.008624328285295555
0.008643869076697607
0.008628724963361017
0.008510503175378601
0.008711773326819737
0.00862237420615535
0.008519785051294578
0.008678553981436249
0.008583781143136298
0.008687835857352224
0.008489496824621398
0.00855056179775281
0.008697606253053249
0.008624816805080605
0.00865266243282853
0.008647288715192965
0.008582804103566195
0.008653150952613582
0.008556424035173425
0.008615534929164632
0.008563263312164143
0.00858866634098681
0.008617977528089888
0.00863800683927699
0.008658524670249145
0.008612115290669273
0.008521250610649731
0.008538348803126527
0.008635075720566682
0.008638495359062042
0.008529066927210551
0.008575964826575475
0.008680019540791402
0.00857743038593063
0.008552027357107963
0.0085847581827064
0.008552515876893015
0.008624816805080605
0.008615534929164632
0.008664875427454812
0.008595017098192477
0.008628236443575965
0.008584269662921348
0.00861504640937958
0.008659501709819247
0.008564240351734245
0.008464582315583781
0.008624816805080605
0.008576941866145578
0.00866438690766976
0.008512457254518808
0.008583781143136298
0.0086409379579873
0.008560332193453835
0.00862677088422081
0.008684416218856864
0.008477772349780166
0.008675622862725942
0.008496824621397166
0.008621397166585247
0.008529066927210551
0.008636052760136785
0.008671714704445528
0.008581827063996093
0.008645823155837812
0.008592085979482168
0.008530532486565707
0.008617977528089888
0.00859990229604299
0.008611626770884222
0.008549096238397657
0.008631167562286272
0.008737664875427455
0.00860039081582804
0.008567659990229603
0.008593063019052272
0.00854372252076209
0.008601856375183195
0.008531021006350756
0.00863800683927699
0.008595505617977528
0.008658524670249145
0.008614557889594528
0.008610161211529068
0.008624328285295555
0.008561797752808988
0.008548119198827553
0.008643869076697607
0.008640449438202247
0.00864533463605276
0.008590131900341963
0.008528578407425502
0.008703468490473865
0.008559843673668783
0.008555446995603322
0.00864142647777235
0.008553492916463117
0.008654127992183683
0.008537860283341475
0.008601856375183195
0.008581338544211042
0.008576941866145578
0.008617000488519785
0.008553492916463117
0.008659013190034197
0.008627747923790913
0.008479726428920371
0.008641914997557402
0.008587689301416708
0.008596971177332682
0.008548119198827553
0.008606253053248657
0.00869858329262335
0.008579384465070837
0.008564728871519297
0.008629702002931118
0.008605276013678553
0.008607230092818758
0.008569125549584758
0.008636052760136785
0.008613092330239375
0.008627747923790913
0.00860039081582804
0.00853590620420127
0.008631656082071323
0.008606253053248657
0.008531021006350756
0.008645823155837812
0.008639472398632143
0.008635075720566682
0.008480703468490473
0.00857010258915486
0.008680508060576454
0.008563263312164143
0.008592085979482168
0.008603321934538348
0.008561797752808988
0.008658036150464093
0.008540302882266732
0.008600879335613092
0.008547142159257452
0.008647288715192965
0.008639960918417195
0.008612603810454323
0.008665852467024913
0.00861846604787494
0.0084714215925745
0.00856228627259404
0.008591597459697118
0.008616511968734735
0.008586712261846605
0.008632144601856375
0.008720566682950659
0.008659501709819247
0.008565705911089398
0.008595017098192477
0.008567171470444553
0.008660967269174402
0.008517830972154373
0.008657059110893992
0.008610649731314118
0.008651196873473375
0.008651196873473375
0.008599413776257938
0.00864533463605276
0.00862237420615535
0.008485588666340988
0.008662432828529555
0.00857791890571568
0.00866438690766976
0.008474841231069858
0.008565705911089398
0.008650708353688325
0.008556424035173425
0.008581827063996093
0.008667806546165118
0.008594040058622375
0.008621397166585247
0.0085095261358085
0.008616511968734735
0.008564728871519297
0.008598436736687835
0.00861895456765999
0.008546165119687347
0.008601856375183195
0.008669272105520274
0.00847191011235955
0.008560820713238887
0.008583781143136298
0.008640449438202247
0.008532975085490961
0.008619443087445042
0.008700048851978505
0.008575964826575475
0.008566682950659502
0.008620908646800195
0.008514899853444063
0.008605764533463605
0.008558866634098682
0.008650219833903273
0.008559355153883733
0.008692721055202735
0.008605764533463605
0.008553492916463117
0.008628724963361017
0.008597459697117733
0.008522716170004887
0.00864533463605276
0.008546653639472398
0.008638495359062042
0.008524670249145092
0.008545676599902295
0.008722520762090864
0.008495847581827065
0.008598436736687835
0.00863409868099658
0.008574499267220322
0.008655105031753787
0.008544699560332193
0.008582315583781143
0.008570591108939912
0.008608207132388862
0.008662432828529555
0.008614069369809478
0.008646800195407915
0.008615534929164632
0.00849829018075232
0.008550073277967758
0.008631167562286272
0.008644357596482658
0.008571568148510015
0.008605276013678553
0.008721543722520762
0.008633121641426477
0.008570591108939912
0.008551050317537862
0.00851636541279922
0.00858085002442599
0.008613580850024427
0.00864142647777235
0.008597948216902785
0.008644357596482658
0.008590620420127015
0.00855056179775281
0.008701514411333659
0.008600879335613092
0.008495359062042013
0.008617489008304837
0.008566682950659502
0.00866829506595017
0.008510503175378601
0.008591597459697118
0.008693698094772839
0.008648265754763068
0.00854372252076209
0.00864484611626771
0.008544699560332193
0.008670249145090375
0.008501221299462628
0.008619443087445042
0.0085847581827064
0.008594528578407425
0.0086409379579873
0.008631167562286272
0.0086228627259404
0.008664875427454812
0.0084714215925745
0.008578895945285785
0.008557889594528578
0.008631656082071323
0.008493404982901808
0.008635564240351733
0.008672691744015634
0.008595505617977528
0.008553981436248168
0.008569125549584758
0.008608695652173912
0.008640449438202247
0.008517342452369321
0.008704934049829019
0.008569125549584758
0.008613092330239375
0.008581338544211042
0.008578895945285785
0.00865657059110894
0.008582315583781143
0.008523693209574988
0.008653150952613582
0.008551538837322912
0.008665363947239864
0.008502198339032731
0.008553981436248168
0.008698094772838299
0.008597459697117733
0.008599413776257938
0.008662432828529555
0.008638495359062042
0.00864484611626771
0.008529066927210551
0.008646311675622863
0.0086038104543234
0.008612115290669273
0.008643380556912555
0.008582804103566195
0.00869467513434294
0.00866047874938935
0.00844504152418173
0.00859648265754763
0.008607230092818758
0.008630679042501222
0.008564728871519297
0.008597948216902785
0.008691255495847582
0.008649731314118222
0.00857401074743527
0.008614557889594528
0.008561797752808988
0.008642892037127505
0.00859599413776258
0.00867513434294089
0.008645823155837812
0.008624816805080605
0.008620908646800195
0.008527112848070346
0.008657059110893992
0.00861504640937958
0.008492427943331705
0.008637029799706887
0.008591597459697118
0.00863800683927699
0.008530043966780655
0.008550073277967758
0.008706399609184172
0.008570591108939912
0.008598925256472887
0.008666340986809965
0.008601367855398143
0.008683439179286762
0.008568637029799707
0.008633610161211528
0.008589154860771862
0.00857743038593063
0.008657547630679042
0.008627259404005862
0.008695163654127992
0.008672203224230582
0.008455788959452858
0.008629702002931118
0.008568148510014655
0.008608207132388862
0.008534440644846117
0.008631167562286272
0.00866829506595017
0.008614557889594528
0.008576453346360527
0.008605276013678553
0.008550073277967758
0.008641914997557402
0.008532486565705912
0.008610649731314118
0.008576941866145578
0.008681485100146557
0.008559355153883733
0.008555446995603322
0.008635075720566682
0.008616511968734735
0.008510991695163653
0.008677088422081095
0.0086038104543234
0.0086409379579873
0.008530532486565707
0.008557401074743527
0.008699071812408402
0.008565705911089398
0.008595017098192477
0.008610161211529068
0.008591108939912067
0.008665852467024913
0.008557889594528578
0.008649731314118222
0.008565705911089398
0.008628724963361017
0.008643380556912555
0.00862628236443576
0.008655105031753787
0.008638495359062042
0.008483634587200781
0.00863800683927699
0.008603321934538348
0.008605764533463605
0.008481680508060576
0.0085847581827064
0.00868295065950171
0.008636541279921837
0.008541768441621885
0.008625793844650708
0.008538348803126527
0.00859599413776258
0.008522227650219835
0.00863019052271617
0.008610649731314118
0.008584269662921348
0.008623839765510503
0.008549584758182707
0.008666340986809965
0.008640449438202247
0.008582315583781143
0.008644357596482658
0.0086038104543234
0.008709819247679532
0.008487054225696141
0.008535417684416218
0.008648265754763068
0.00861504640937958
0.008587689301416708
0.008646311675622863
0.00857401074743527
0.008672203224230582
0.008500244259892526
0.00864533463605276
0.008557889594528578
0.008560332193453835
0.008658524670249145
0.00863409868099658
0.00865266243282853
0.008637029799706887
0.00845285784074255
0.008578895945285785
0.008613580850024427
0.008667806546165118
0.008514411333659013
0.008653639472398632
0.00868295065950171
0.008635564240351733
0.00859257449926722
0.00859257449926722
0.008565217391304348
0.008631167562286272
0.00855056179775281
0.008628236443575965
0.008610649731314118
0.00865266243282853
0.008629702002931118
0.008583292623351247
0.00864142647777235
0.008623351245725452
0.008551050317537862
0.00865657059110894
0.008616511968734735
0.00871323888617489
0.008527112848070346
0.00859990229604299
0.00872105520273571
0.008624328285295555
0.008661944308744503
0.008648265754763068
0.008608695652173912
0.008698094772838299
0.008514411333659013
0.008590620420127015
0.008658036150464093
0.008634587200781632
0.008612115290669273
0.008559843673668783
0.008650708353688325
0.008670249145090375
0.008488519785051295
0.008617489008304837
0.008586712261846605
0.008624816805080605
0.008552027357107963
0.008651196873473375
0.008676111382510992
0.008628724963361017
0.008575476306790425
0.008644357596482658
0.008510503175378601
0.00864875427454812
0.008560820713238887
0.008670249145090375
0.008601856375183195
0.008645823155837812
0.008598925256472887
0.00853199804592086
0.008670249145090375
0.0086409379579873
0.008502686858817781
0.008659501709819247
0.008578407425500733
0.008654127992183683
0.008553981436248168
0.008567171470444553
0.008651685393258427
0.008592085979482168
0.008652173913043478
0.008665852467024913
0.008570591108939912
0.008683439179286762
0.008528578407425502
0.008635075720566682
0.00857743038593063
0.008674645823155839
0.008659013190034197
0.00862237420615535
0.008666340986809965
0.008664875427454812
0.008526624328285297
0.008612115290669273
0.008568637029799707
0.008614557889594528
0.008576453346360527
0.008621885686370298
0.008625793844650708
0.008613580850024427
0.008558866634098682
0.008592085979482168
0.008585246702491452
0.00862628236443576
0.008535417684416218
0.008642403517342453
0.008575476306790425
0.008645823155837812
0.00862628236443576
0.008549584758182707
0.008617977528089888
0.00861504640937958
0.008555446995603322
0.008629213483146067
0.008612115290669273
0.00865657059110894
0.008534929164631168
0.008600879335613092
0.008719101123595505
0.008565705911089398
0.008611626770884222
0.008659013190034197
0.008521250610649731
0.008668783585735222
0.008532975085490961
0.008662921348314607
0.008568148510014655
0.008600879335613092
0.008589154860771862
0.008578407425500733
0.008631167562286272
0.008631167562286272
0.008507083536883243
0.008547630679042502
0.008583781143136298
0.008636052760136785
0.008522716170004887
0.008595505617977528
0.008681973619931607
0.008624816805080605
0.008561797752808988
0.008571079628724963
0.008565705911089398
0.008642892037127505
0.008597948216902785
0.008671226184660479
0.00860771861260381
0.008624816805080605
0.008570591108939912
0.008572545188080117
0.008670249145090375
0.008606741573033707
0.008557889594528578
0.008606253053248657
0.008604787493893502
0.008667318026380069
0.008556912554958477
0.008632144601856375
0.008676111382510992
0.008553492916463117
0.008624328285295555
0.008673180263800685
0.008526135808500245
0.00866438690766976
0.008532486565705912
0.008678065461651197
0.008544699560332193
0.008677088422081095
0.008663409868099657
0.008627259404005862
0.008649731314118222
0.00862628236443576
0.008515388373229115
0.008619931607230093
0.008598436736687835
0.008646311675622863
0.008540302882266732
0.008637518319491938
0.008686370297997069
0.008586223742061553
0.008581827063996093
0.00858085002442599
0.008564728871519297
0.008603321934538348
0.008615534929164632
0.008662432828529555
0.008557889594528578
0.008644357596482658
0.008607230092818758
0.00858085002442599
0.008666829506595017
0.008597459697117733
0.00849438202247191
0.008718124084025404
0.008590131900341963
0.00869076697606253
0.00851343429408891
0.008616023448949683
0.008707376648754275
0.008538348803126527
0.008596971177332682
0.00862628236443576
0.008549584758182707
0.008650708353688325
0.008500732779677576
0.008659501709819247
0.00856619443087445
0.008595017098192477
0.008680019540791402
0.0086038104543234
0.008684416218856864
0.00862628236443576
0.008532975085490961
0.008651196873473375
0.008616511968734735
0.008625305324865657
0.008540302882266732
0.008616511968734735
0.008685393258426967
0.008590131900341963
0.008606741573033707
0.008606741573033707
0.008554958475818272
0.008621397166585247
0.008565217391304348
0.008662432828529555
0.008587200781631657
0.008625305324865657
0.008596971177332682
0.008592085979482168
0.008639472398632143
0.008617977528089888
0.008521250610649731
0.008606741573033707
0.008630679042501222
0.008663409868099657
0.008528578407425502
0.008569614069369808
0.00872838299951148
0.008583781143136298
0.008615534929164632
0.00864142647777235
0.008580361504640938
0.008606253053248657
0.008530532486565707
0.008587200781631657
0.008583781143136298
0.008614557889594528
0.008683927699071812
0.008568148510014655
0.008687835857352224
0.00866047874938935
0.008498778700537371
0.008602344894968245
0.008613092330239375
0.008638983878847092
0.008553004396678067
0.008633121641426477
0.008695652173913044
0.008612603810454323
0.008559843673668783
0.008632633121641427
0.008606741573033707
0.008595505617977528
0.008552515876893015
0.008641914997557402
0.008627259404005862
0.008667806546165118
0.008584269662921348
0.008555935515388373
0.00864875427454812
0.008560332193453835
0.008507572056668295
0.00868295065950171
0.008643869076697607
0.008665363947239864
0.008536883243771373
0.00862628236443576
0.00872496336101612
0.008589154860771862
0.008595017098192477
0.00865266243282853
0.00853590620420127
0.008628236443575965
0.008510991695163653
0.00859599413776258
0.008585246702491452
0.008621885686370298
0.008655593551538837
0.00859599413776258
0.008709819247679532
0.008673180263800685
0.008484123106985831
0.008587689301416708
0.00861504640937958
0.00862677088422081
0.00857010258915486
0.008631656082071323
0.008680996580361505
0.008582315583781143
0.008640449438202247
0.008589154860771862
0.008563751831949193
0.008642403517342453
0.00857010258915486
0.008678065461651197
0.008555446995603322
0.008680019540791402
0.008614069369809478
0.008558866634098682
0.008676599902296044
0.008586712261846605
0.008536394723986322
0.008673668783585735
0.008681973619931607
0.00865657059110894
0.008518319491939425
0.008578895945285785
0.008715192965315095
0.008545188080117243
0.008617977528089888
0.008681485100146557
0.00857010258915486
0.008697117733268197
0.008530043966780655
0.008581827063996093
0.008604787493893502
0.008654127992183683
0.008653150952613582
0.008603321934538348
0.008617977528089888
0.008551538837322912
0.008514411333659013
0.008620420127015145
0.00864875427454812
0.008639472398632143
0.008523693209574988
0.008579384465070837
0.008689789936492429
0.008606741573033707
0.008592085979482168
0.008670249145090375
0.008563751831949193
0.008598436736687835
0.008606253053248657
0.008634587200781632
0.008611626770884222
0.008636541279921837
0.008656082071323888
0.008543234000977038
0.008685881778212017
0.008615534929164632
0.00850561797752809
0.008651685393258427
0.008674645823155839
0.008698094772838299
0.008549096238397657
0.008587200781631657
0.00872105520273571
0.008578895945285785
0.008631656082071323
0.008640449438202247
0.008605764533463605
0.008595505617977528
0.008584269662921348
0.00864484611626771
0.008632144601856375
0.00857352222765022
0.008650708353688325
0.008578895945285785
0.008655593551538837
0.008687347337567172
0.008473864191499755
0.008593063019052272
0.008627747923790913
0.008643869076697607
0.00852027357107963
0.008620908646800195
0.008723009281875915
0.008578895945285785
0.008619443087445042
0.00866047874938935
0.008510991695163653
0.0086228627259404
0.008564240351734245
0.008642403517342453
0.00852027357107963
0.008647288715192965
0.008609672691744017
0.008639472398632143
0.008679531021006352
0.008613092330239375
0.008504640937957986
0.008659990229604298
0.00862628236443576
0.008657547630679042
0.00853981436248168
0.008621397166585247
0.008684416218856864
0.008605764533463605
0.008614069369809478
0.008683927699071812
0.008563263312164143
0.008610161211529068
0.008556424035173425
0.008614069369809478
0.008611626770884222
0.008557889594528578
0.00861846604787494
0.008544211040547142
0.008642892037127505
0.008663409868099657
0.00851636541279922
0.008556912554958477
0.008617977528089888
0.008611626770884222
0.008512945774303858
0.00863409868099658
0.00869858329262335
0.008599413776257938
0.008546653639472398
0.008591597459697118
0.008559355153883733
0.008613092330239375
0.00853981436248168
0.008680508060576454
0.008519296531509526
0.008656082071323888
0.00860039081582804
0.008528578407425502
0.008648265754763068
0.00864484611626771
0.008481680508060576
0.008617977528089888
0.008605764533463605
0.008642403517342453
0.008532975085490961
0.008571568148510015
0.00870542256961407
0.008620908646800195
0.008624328285295555
0.008628724963361017
0.008571079628724963
0.00863019052271617
0.008562774792379092
0.008615534929164632
0.008608207132388862
0.008617000488519785
0.008612603810454323
0.008663898387884708
0.008693698094772839
0.008663898387884708
0.008510503175378601
0.008653639472398632
0.008616023448949683
0.008608207132388862
0.008560820713238887
0.008658524670249145
0.00869858329262335
0.008601367855398143
0.008511480214948705
0.008630679042501222
0.008563263312164143
0.008602833414753297
0.008560332193453835
0.008607230092818758
0.008652173913043478
0.008597459697117733
0.008606741573033707
0.008489008304836346
0.008643380556912555
0.008599413776257938
0.008575964826575475
0.008599413776257938
0.008638495359062042
0.00869467513434294
0.008541279921836833
0.008582315583781143
0.008652173913043478
0.008547630679042502
0.008621397166585247
0.008605276013678553
0.008544211040547142
0.00865657059110894
0.008561309233023938
0.008616023448949683
0.008590620420127015
0.008635075720566682
0.008669272105520274
0.008603321934538348
0.008674157303370787
0.008666340986809965
0.008529066927210551
0.008619443087445042
0.008608207132388862
0.008655105031753787
0.008585246702491452
0.008658036150464093
0.00872887151929653
0.008633121641426477
0.008590131900341963
0.008599413776257938
0.008607230092818758
0.008607230092818758
0.008631167562286272
0.008665363947239864
0.008623839765510503
0.008638495359062042
0.008648265754763068
0.008538348803126527
0.008615534929164632
0.008669760625305323
0.0085095261358085
0.008642892037127505
0.008631167562286272
0.00864142647777235
0.008519296531509526
0.008567659990229603
0.008711284807034685
0.008649731314118222
0.008663898387884708
0.008634587200781632
0.00853981436248168
0.008630679042501222
0.00855056179775281
0.008597459697117733
0.008569125549584758
0.008651685393258427
0.008661455788959452
0.008575476306790425
0.0086790425012213
0.008654616511968735
0.00850561797752809
0.0086038104543234
0.008583292623351247
0.008651685393258427
0.008503175378602833
0.008623351245725452
0.008712750366389839
0.00858085002442599
0.00849438202247191
0.008617977528089888
0.008550073277967758
0.008610161211529068
0.008542256961406937
0.008654127992183683
0.008635075720566682
0.008639472398632143
0.008645823155837812
0.008572545188080117
0.008687347337567172
0.008589154860771862
0.008487054225696141
0.00862628236443576
0.008598436736687835
0.00865657059110894
0.008521739130434783
0.00860039081582804
0.00868685881778212
0.008613580850024427
0.008582804103566195
0.008674645823155839
0.008586223742061553
0.008685393258426967
0.008536394723986322
0.008654616511968735
0.008614069369809478
0.00868295065950171
0.008589643380556913
0.008612115290669273
0.008672203224230582
0.00869076697606253
0.008545188080117243
0.008587689301416708
0.008602833414753297
0.008635564240351733
0.008547142159257452
0.008609672691744017
0.008695163654127992
0.00861113825109917
0.008619931607230093
0.008620420127015145
0.008584269662921348
0.00863019052271617
0.008553981436248168
0.00872887151929653
0.008638983878847092
0.00862628236443576
0.008636052760136785
0.008574987787005373
0.008652173913043478
0.008601856375183195
0.008458720078163166
0.008638495359062042
0.008595017098192477
0.008627747923790913
0.00853590620420127
0.008576941866145578
0.008707865168539327
0.008559843673668783
0.008593551538837323
0.008661944308744503
0.008572545188080117
0.00864533463605276
0.008597948216902785
0.008564240351734245
0.008606253053248657
0.008596971177332682
0.008680019540791402
0.008609184171958963
0.008659990229604298
0.008651685393258427
0.0085095261358085
0.008631656082071323
0.0086038104543234
0.008634587200781632
0.008535417684416218
0.00865266243282853
0.00872496336101612
0.008617489008304837
0.008583292623351247
0.008565705911089398
0.008576941866145578
0.008590620420127015
0.008578407425500733
0.008687347337567172
0.008651196873473375
0.008619443087445042
0.008625305324865657
0.008617489008304837
0.008619443087445042
0.008574499267220322
0.008507083536883243
0.00866829506595017
0.0086038104543234
0.008720078163165609
0.00851343429408891
0.008596971177332682
0.008690278456277479
0.008613580850024427
0.008583292623351247
0.008625305324865657
0.008594528578407425
0.008651685393258427
0.008585246702491452
0.008616511968734735
0.008617000488519785
0.00860429897410845
0.008628236443575965
0.008636541279921837
0.008659990229604298
0.00861846604787494
0.008470933072789448
0.008582804103566195
0.00859648265754763
0.008646311675622863
0.008522227650219835
0.008605276013678553
0.00870249145090376
0.008643380556912555
0.008594528578407425
0.008619443087445042
0.008561309233023938
0.008711773326819737
0.008579384465070837
0.00864875427454812
0.008527601367855398
0.008683927699071812
0.008595017098192477
0.008587689301416708
0.008628724963361017
0.008670737664875427
0.008515876893014168
0.008673180263800685
0.008609672691744017
0.00870933072789448
0.00855837811431363
0.008593063019052272
0.008695652173913044
0.008597459697117733
0.008617000488519785
0.008666340986809965
0.008561309233023938
0.008713727405959942
0.008559355153883733
0.0086228627259404
0.00859599413776258
0.008659990229604298
0.008643380556912555
0.00857010258915486
0.00869858329262335
0.008673668783585735
0.008524670249145092
0.008619931607230093
0.008592085979482168
0.008678553981436249
0.008607230092818758
0.008650219833903273
0.00870200293111871
0.0085847581827064
0.00859648265754763
0.008614069369809478
0.008608207132388862
0.008633610161211528
0.008556424035173425
0.008682462139716659
0.008574499267220322
0.008628236443575965
0.008631656082071323
0.008559843673668783
0.008633610161211528
0.008608695652173912
0.008492427943331705
0.00865657059110894
0.008598436736687835
0.008725451880801172
0.008533463605276013
0.00859257449926722
0.008668783585735222
0.0085847581827064
0.008617977528089888
0.008632144601856375
0.008571568148510015
0.008599413776257938
0.008559843673668783
0.008598436736687835
0.008611626770884222
0.008621885686370298
0.008646311675622863
0.008625305324865657
0.008703957010258917
0.008630679042501222
0.008495847581827065
0.008655105031753787
0.008678553981436249
0.008661455788959452
0.008568148510014655
0.008604787493893502
0.008719589643380557
0.008598436736687835
0.008563751831949193
0.008569614069369808
0.008517830972154373
0.008548607718612605
0.00852808988764045
0.008669272105520274
0.00863409868099658
0.008581338544211042
0.008570591108939912
0.008521739130434783
0.008674157303370787
0.008614069369809478
0.008551050317537862
0.008584269662921348
0.008583781143136298
0.008749877870053737
0.008487054225696141
0.008540302882266732
0.008697606253053249
0.008664875427454812
0.008594040058622375
0.008683927699071812
0.008594040058622375
0.008661944308744503
0.008571079628724963
0.008644357596482658
0.008597459697117733
0.008637029799706887
0.008596971177332682
0.008608207132388862
0.008659501709819247
0.008613092330239375
0.008525158768930141
0.008615534929164632
0.008582315583781143
0.008600879335613092
0.008599413776257938
0.008653639472398632
0.008672691744015634
0.008599413776257938
0.008571079628724963
0.00858085002442599
0.008560332193453835
0.008644357596482658
0.008529066927210551
0.008679531021006352
0.008627259404005862
0.008680996580361505
0.00862237420615535
0.008543234000977038
0.008680508060576454
0.008640449438202247
0.008438202247191011
0.008659013190034197
0.008633121641426477
0.008603321934538348
0.00847191011235955
0.008541768441621885
0.008647777234978017
0.008559355153883733
0.008616511968734735
0.008657547630679042
0.008598436736687835
0.008617489008304837
0.008514899853444063
0.008719589643380557
0.008608695652173912
0.008607230092818758
0.008695163654127992
0.008634587200781632
0.008631167562286272
0.008589154860771862
0.008501221299462628
0.008638983878847092
0.008597459697117733
0.008594528578407425
0.008572056668295065
0.008621885686370298
0.00870249145090376
0.008616023448949683
0.00860771861260381
0.008598925256472887
0.008476795310210063
0.00863409868099658
0.008559843673668783
0.008637029799706887
0.008624816805080605
0.008624328285295555
0.008613092330239375
0.008570591108939912
0.008676111382510992
0.008624816805080605
0.008522227650219835
0.008607230092818758
0.008636541279921837
0.008637518319491938
0.008493404982901808
0.008576941866145578
0.008749389350268685
0.008546653639472398
0.008623351245725452
0.008594528578407425
0.008570591108939912
0.008613580850024427
0.00851636541279922
0.00857401074743527
0.00859257449926722
0.008612603810454323
0.008617977528089888
0.008602344894968245
0.008698094772838299
0.008696140693698094
0.008470444553004396
0.008600879335613092
0.008587689301416708
0.00863409868099658
0.008533952125061065
0.008612603810454323
0.008714704445530044
0.008589643380556913
0.008552027357107963
0.008641914997557402
0.008528578407425502
0.008578407425500733
0.008590131900341963
0.008694186614557889
0.008606741573033707
0.008628724963361017
0.008662432828529555
0.00851685393258427
0.008642403517342453
0.008589154860771862
0.008505129457743038
0.0086228627259404
0.00865266243282853
0.008674645823155839
0.008555446995603322
0.008549096238397657
0.008672691744015634
0.008554958475818272
0.00863019052271617
0.008615534929164632
0.008601367855398143
0.008605764533463605
0.008543234000977038
0.008621885686370298
0.008613092330239375
0.00861895456765999
0.008655105031753787
0.008582804103566195
0.008670737664875427
0.00863409868099658
0.008468490473864191
0.008596971177332682
0.00863409868099658
0.00865657059110894
0.008502198339032731
0.008581827063996093
0.008680996580361505
0.008607230092818758
0.008511480214948705
0.008556424035173425
0.00857401074743527
0.008631656082071323
0.008541768441621885
0.0087171470444553
0.008597948216902785
0.008683927699071812
0.008615534929164632
0.008553492916463117
0.008638983878847092
0.008586223742061553
0.008513922813873961
0.00861846604787494
0.008623839765510503
0.008614557889594528
0.00855837811431363
0.008612603810454323
0.008684904738641915
0.008557889594528578
0.008590131900341963
0.008616023448949683
0.008540791402051783
0.008583292623351247
0.008496824621397166
0.008585246702491452
0.008607230092818758
0.008608695652173912
0.008625793844650708
0.008579384465070837
0.008667806546165118
0.008635075720566682
0.008500244259892526
0.008578407425500733
0.008634587200781632
0.008593063019052272
0.00852808988764045
0.008624816805080605
0.008753786028334147
0.008565705911089398
0.008563263312164143
0.008572056668295065
0.008534929164631168
0.008630679042501222
0.008547142159257452
0.008675622862725942
0.008575964826575475
0.008627259404005862
0.00858085002442599
0.008549096238397657
0.008675622862725942
0.008606741573033707
0.0084904738641915
0.00864142647777235
0.008584269662921348
0.008643380556912555
0.008515876893014168
0.008598436736687835
0.008695163654127992
0.008579384465070837
0.008614557889594528
0.008598436736687835
0.008569125549584758
0.008649731314118222
0.008571568148510015
0.008609184171958963
0.00863800683927699
0.008637029799706887
0.008699071812408402
0.008653150952613582
0.008680508060576454
0.008652173913043478
0.00849780166096727
0.008632144601856375
0.008605276013678553
0.00864924279433317
0.008510503175378601
0.008615534929164632
0.008733756717147044
0.008621885686370298
0.008616511968734735
0.00860771861260381
0.00859648265754763
0.008610161211529068
0.00857010258915486
0.008701514411333659
0.008625793844650708
0.008653639472398632
0.00862677088422081
0.008550073277967758
0.00868295065950171
0.008565705911089398
0.008526135808500245
0.008620908646800195
0.008589643380556913
0.008635075720566682
0.008483634587200781
0.008572056668295065
0.008710307767464582
0.008568148510014655
0.00863800683927699
0.008616023448949683
0.008591597459697118
0.008619931607230093
0.008556424035173425
0.00860429897410845
0.0085847581827064
0.008592085979482168
0.008643869076697607
0.008549096238397657
0.008675622862725942
0.008638495359062042
0.008484123106985831
0.008662921348314607
0.008659501709819247
0.008662921348314607
0.008566682950659502
0.008695163654127992
0.008717635564240352
0.008637029799706887
0.008585735222276503
0.008601367855398143
0.008565705911089398
0.008609184171958963
0.008542745481191988
0.008697117733268197
0.008630679042501222
0.00862677088422081
0.008641914997557402
0.00857010258915486
0.00865266243282853
0.008604787493893502
0.008543234000977038
0.008627259404005862
0.008585246702491452
0.008667806546165118
0.008509037616023448
0.008602344894968245
0.008702979970688812
0.008624816805080605
0.008599413776257938
0.008655105031753787
0.008586712261846605
0.008707376648754275
0.00846751343429409
0.008619443087445042
0.008610161211529068
0.008608207132388862
0.008680019540791402
0.00864142647777235
0.008730337078651685
0.008666340986809965
0.008502198339032731
0.008621885686370298
0.008646800195407915
0.008644357596482658
0.008549096238397657
0.008608695652173912
0.008669272105520274
0.00861113825109917
0.00856228627259404
0.00860771861260381
0.008540302882266732
0.008640449438202247
0.00856228627259404
0.008659013190034197
0.008594528578407425
0.008659501709819247
0.008653150952613582
0.008551538837322912
0.008662432828529555
0.008553004396678067
0.008496336101612115
0.008635564240351733
0.008673668783585735
0.00874352711284807
0.008511968734733756
0.008569614069369808
0.008669272105520274
0.008579872984855887
0.008619443087445042
0.00864484611626771
0.008596971177332682
0.008648265754763068
0.008493404982901808
0.008617489008304837
0.008591597459697118
0.008601367855398143
0.008621397166585247
0.008578895945285785
0.008681973619931607
0.008617977528089888
0.008504640937957986
0.008561797752808988
0.00857743038593063
0.008632144601856375
0.008530043966780655
0.008590620420127015
0.008738153395212507
0.008580361504640938
0.00852076209086468
0.008574499267220322
0.008576941866145578
0.008608207132388862
0.008576941866145578
0.008675622862725942
0.008570591108939912
0.008632633121641427
0.00861113825109917
0.008530043966780655
0.008674157303370787
0.008581827063996093
0.008529555446995603
0.008627259404005862
0.008601367855398143
0.008658524670249145
0.008506595017098191
0.00861504640937958
0.008669760625305323
0.008533952125061065
0.008567659990229603
0.008611626770884222
0.00855837811431363
0.008672203224230582
0.00853590620420127
0.008653150952613582
0.008576941866145578
0.008605764533463605
0.008621397166585247
0.008581827063996093
0.008708353688324377
0.008699071812408402
0.008528578407425502
0.008627747923790913
0.00858085002442599
0.008702979970688812
0.008534929164631168
0.008614557889594528
0.008693698094772839
0.008620420127015145
0.008564728871519297
0.008628724963361017
0.008560332193453835
0.008631656082071323
0.008543234000977038
0.008627747923790913
0.008627259404005862
0.008595017098192477
0.008657059110893992
0.008544699560332193
0.008716658524670249
0.008647288715192965
0.008532975085490961
0.008680508060576454
0.0086409379579873
0.008688324377137274
0.00849829018075232
0.008571079628724963
0.008665363947239864
0.008576453346360527
0.008585735222276503
0.00858866634098681
0.008535417684416218
0.008650219833903273
0.008538837322911578
0.008635564240351733
0.008671226184660479
0.00865657059110894
0.008654127992183683
0.008575964826575475
0.008633121641426477
0.008621397166585247
0.008458720078163166
0.008561309233023938
0.008647288715192965
0.008652173913043478
0.008552515876893015
0.00863409868099658
0.008695652173913044
0.008620908646800195
0.008572056668295065
0.008595505617977528
0.008539325842696628
0.008636052760136785
0.00856619443087445
0.008650219833903273
0.00859990229604299
0.008639960918417195
0.008619443087445042
0.008522716170004887
0.008703957010258917
0.008611626770884222
0.008530532486565707
0.00865657059110894
0.008575476306790425
0.008645823155837812
0.008542745481191988
0.008533463605276013
0.008659013190034197
0.00855056179775281
0.008557401074743527
0.00861113825109917
0.00861846604787494
0.008628236443575965
0.008510991695163653
0.008640449438202247
0.008598436736687835
0.00861846604787494
0.008625793844650708
0.008631656082071323
0.00870249145090376
0.008681485100146557
0.00853199804592086
0.008601367855398143
0.008581338544211042
0.008629702002931118
0.00851636541279922
0.008650708353688325
0.008690278456277479
0.008554958475818272
0.008542256961406937
0.008606741573033707
0.00856228627259404
0.008650219833903273
0.008547142159257452
0.008636052760136785
0.00859648265754763
0.008636541279921837
0.008646800195407915
0.008617000488519785
0.008682462139716659
0.00861504640937958
0.008523693209574988
0.008555446995603322
0.008545676599902295
0.0086790425012213
0.00851636541279922
0.00857743038593063
0.008709819247679532
0.008578895945285785
0.008610161211529068
0.008661455788959452
0.008595017098192477
0.008616023448949683
0.008617000488519785
0.00863800683927699
0.008623839765510503
0.008624328285295555
0.008632144601856375
0.00857352222765022
0.008690278456277479
0.008676111382510992
0.00852418172936004
0.008657547630679042
0.008621397166585247
0.008586223742061553
0.008518319491939425
0.008614557889594528
0.00869858329262335
0.00864875427454812
0.008602344894968245
0.008602344894968245
0.008546165119687347
0.008627747923790913
0.008559843673668783
0.008667318026380069
0.00865657059110894
0.008616511968734735
0.008612115290669273
0.008522227650219835
0.008617000488519785
0.008595017098192477
0.008470933072789448
0.008642403517342453
0.008574499267220322
0.008661455788959452
0.00849780166096727
0.008568637029799707
0.008688324377137274
0.008546165119687347
0.00862237420615535
0.008650708353688325
0.008533463605276013
0.008653150952613582
0.008572545188080117
0.00864533463605276
0.00857352222765022
0.00862677088422081
0.008650708353688325
0.008594528578407425
0.008670737664875427
0.008693698094772839
0.008514899853444063
0.0086409379579873
0.00861504640937958
0.008599413776257938
0.008507083536883243
0.008613580850024427
0.008643380556912555
0.00860429897410845
0.008610649731314118
0.008628724963361017
0.008596971177332682
0.008591108939912067
0.00857791890571568
0.008666340986809965
0.008615534929164632
0.008674645823155839
0.008671226184660479
0.008560820713238887
0.00864533463605276
0.008606741573033707
0.008510503175378601
0.008635564240351733
0.008631167562286272
0.008689789936492429
0.008481191988275525
0.008638495359062042
0.008680996580361505
0.008548607718612605
0.008628724963361017
0.008661944308744503
0.008542745481191988
0.008647288715192965
0.008579384465070837
0.008617000488519785
0.008574987787005373
0.00859990229604299
0.00866438690766976
0.008605764533463605
0.00870249145090376
0.00864875427454812
0.008583781143136298
0.008557401074743527
0.008583781143136298
0.008644357596482658
0.00855446995603322
0.008613580850024427
0.008663409868099657
0.008635564240351733
0.008524670249145092
0.008579872984855887
0.008599413776257938
0.0086228627259404
0.008581338544211042
0.008656082071323888
0.00861895456765999
0.00863019052271617
0.008658036150464093
0.008543234000977038
0.008697606253053249
0.0085847581827064
0.008534929164631168
0.00861846604787494
0.008617977528089888
0.008658524670249145
0.008530532486565707
0.008592085979482168
0.008736687835857354
0.008543234000977038
0.008585735222276503
0.008591108939912067
0.008587689301416708
0.008638983878847092
0.008506595017098191
0.008596971177332682
0.008659013190034197
0.008633121641426477
0.008677576941866147
0.008627259404005862
0.00867513434294089
0.008598436736687835
0.008457254518808013
0.008591108939912067
0.008576453346360527
0.008655593551538837
0.008601367855398143
0.008642892037127505
0.008661944308744503
0.0086409379579873
0.008583781143136298
0.008598925256472887
0.008598925256472887
0.008637518319491938
0.008502686858817781
0.008684904738641915
0.008594528578407425
0.00865266243282853
0.008617977528089888
0.00857401074743527
0.008687835857352224
0.008583781143136298
0.008525647288715193
0.008609184171958963
0.008641914997557402
0.008663409868099657
0.008605276013678553
0.008567171470444553
0.008640449438202247
0.008578407425500733
0.008602833414753297
0.008606253053248657
0.008565217391304348
0.00863800683927699
0.008536883243771373
0.008657547630679042
0.008579872984855887
0.00861895456765999
0.008583292623351247
0.00862677088422081
0.008666340986809965
0.008595017098192477
0.008526624328285297
0.008579384465070837
0.008643869076697607
0.008648265754763068
0.008561797752808988
0.008591597459697118
0.00869467513434294
0.008634587200781632
0.008572056668295065
0.00857791890571568
0.008571079628724963
0.008659990229604298
0.008571079628724963
0.008628236443575965
0.008628724963361017
0.008601367855398143
0.008654127992183683
0.00857401074743527
0.008611626770884222
0.008667318026380069
0.008547630679042502
0.008666829506595017
0.008613092330239375
0.008686370297997069
0.008557401074743527
0.008553004396678067
0.008712261846604789
0.008601367855398143
0.008594040058622375
0.008663898387884708
0.008569614069369808
0.008676599902296044
0.008581338544211042
0.00863019052271617
0.008608207132388862
0.008591108939912067
0.008651196873473375
0.008627259404005862
0.008683927699071812
0.008627259404005862
0.008458231558378115
0.008602833414753297
0.00860429897410845
0.008633121641426477
0.008566682950659502
0.008612115290669273
0.008703468490473865
0.008589154860771862
0.008578895945285785
0.008565705911089398
0.008599413776257938
0.008601856375183195
0.008545676599902295
0.008672203224230582
0.008606741573033707
0.00863019052271617
0.00863409868099658
0.008625305324865657
0.00865657059110894
0.008651196873473375
0.00847532975085491
0.008692232535417684
0.008563751831949193
0.008675622862725942
0.008530532486565707
0.008575964826575475
0.008733268197361992
0.008582804103566195
0.008627259404005862
0.0086409379579873
0.008583781143136298
0.008625793844650708
0.008529555446995603
0.00858866634098681
0.008594040058622375
0.008608695652173912
0.00872105520273571
0.00858866634098681
0.008633121641426477
0.008628724963361017
0.008510503175378601
0.008599413776257938
0.008555446995603322
0.008668783585735222
0.00857352222765022
0.008650219833903273
0.008733756717147044
0.00859990229604299
0.008608207132388862
0.008633121641426477
0.008578895945285785
0.00864875427454812
0.008589154860771862
0.008688812896922325
0.008578407425500733
0.008581338544211042
0.008655105031753787
0.008562774792379092
0.008617489008304837
0.008604787493893502
0.008546653639472398
0.008652173913043478
0.00861895456765999
0.008609672691744017
0.00849780166096727
0.008569125549584758
0.008725940400586224
0.008576453346360527
0.008591597459697118
0.0086409379579873
0.00861846604787494
0.008653150952613582
0.008521250610649731
0.008613580850024427
0.008606741573033707
0.00857791890571568
0.008623839765510503
0.008647777234978017
0.008662432828529555
0.008701514411333659
0.00852808988764045
0.00861504640937958
0.008578895945285785
0.008687347337567172
0.008582804103566195
0.008651685393258427
0.008726428920371275
0.008589643380556913
0.008586712261846605
0.008617977528089888
0.008554958475818272
0.008653639472398632
0.008565217391304348
0.008651685393258427
0.008598436736687835
0.008596971177332682
0.008638983878847092
0.008561797752808988
0.008609184171958963
0.008605764533463605
0.008553492916463117
0.008647288715192965
0.008588177821201758
0.008658036150464093
0.008515876893014168
0.008607230092818758
0.008681973619931607
0.008582804103566195
0.008663409868099657
0.008640449438202247
0.008561797752808988
0.008617489008304837
0.008591108939912067
0.00862628236443576
0.008589154860771862
0.008639960918417195
0.008597459697117733
0.008651196873473375
0.008690278456277479
0.008638495359062042
0.008475818270639961
0.008558866634098682
0.00857352222765022
0.00859599413776258
0.008518319491939425
0.008563263312164143
0.008686370297997069
0.008601367855398143
0.008583781143136298
0.00862237420615535
0.0085847581827064
0.00862677088422081
0.008532975085490961
0.008587689301416708
0.008559355153883733
0.008625305324865657
0.00864533463605276
0.008548119198827553
0.008669272105520274
0.008650219833903273
0.008535417684416218
0.008636541279921837
0.008614069369809478
0.008654616511968735
0.008537371763556423
0.008549584758182707
0.008684416218856864
0.008606253053248657
0.008529555446995603
0.00866438690766976
0.008606253053248657
0.008653150952613582
0.008495359062042013
0.008530043966780655
0.008654127992183683
0.008589154860771862
0.00862237420615535
0.00864142647777235
0.008610649731314118
0.008651196873473375
0.008478260869565216
0.008648265754763068
0.00862677088422081
0.008614557889594528
0.0085095261358085
0.00866047874938935
0.008749877870053737
0.008621885686370298
0.00860039081582804
0.008582315583781143
0.008582804103566195
0.008614557889594528
0.00855837811431363
0.00868685881778212
0.008589643380556913
0.008564728871519297
0.008568637029799707
0.008548119198827553
0.008657547630679042
0.008628236443575965
0.008502686858817781
0.008641914997557402
0.00861895456765999
0.008643869076697607
0.00848656570591109
0.008564728871519297
0.008709819247679532
0.008598925256472887
0.008556912554958477
0.008668783585735222
0.008578407425500733
0.00866438690766976
0.008491939423546655
0.008643869076697607
0.008576941866145578
0.008609672691744017
0.00863800683927699
0.008601367855398143
0.008712261846604789
0.008684904738641915
0.008523204689789936
0.008608695652173912
0.008638495359062042
0.0086038104543234
0.008536883243771373
0.008565705911089398
0.008693698094772839
0.008609672691744017
0.008606253053248657
0.008589154860771862
0.008550073277967758
0.008672203224230582
0.008538837322911578
0.008695163654127992
0.00861895456765999
0.008627747923790913
0.008571079628724963
0.00849389350268686
0.008667806546165118
0.008620420127015145
0.008523693209574988
0.008644357596482658
0.008601367855398143
0.00868295065950171
0.00850561797752809
0.00859648265754763
0.008727894479726429
0.008621885686370298
0.008522227650219835
0.008635564240351733
0.008613580850024427
0.008625793844650708
0.008583781143136298
0.008581827063996093
0.00857743038593063
0.00862628236443576
0.00869076697606253
0.008567171470444553
0.008670737664875427
0.008650708353688325
0.008450415241817293
0.008659013190034197
0.008571079628724963
0.008633121641426477
0.008570591108939912
0.008678553981436249
0.008755740107474352
0.008601367855398143
0.00863019052271617
0.008595017098192477
0.008585735222276503
0.008592085979482168
0.008619443087445042
0.008662432828529555
0.008587200781631657
0.008628724963361017
0.008667318026380069
0.008581338544211042
0.00867513434294089
0.008600879335613092
0.00852418172936004
0.008688812896922325
0.008678553981436249
0.008657059110893992
0.008531021006350756
0.008549096238397657
0.00869858329262335
0.008539325842696628
0.008629702002931118
0.008646800195407915
0.008636052760136785
0.008680508060576454
0.008608695652173912
0.008638495359062042
0.008608695652173912
0.008635075720566682
0.008648265754763068
0.008624816805080605
0.008662432828529555
0.008635564240351733
0.00848998534440645
0.008592085979482168
0.008601856375183195
0.008639472398632143
0.008518319491939425
0.008662921348314607
0.008695652173913044
0.008620908646800195
0.00861846604787494
0.008657059110893992
0.00858866634098681
0.00863019052271617
0.008558866634098682
0.008659013190034197
0.0086409379579873
0.008672691744015634
0.008612115290669273
0.008572056668295065
0.008648265754763068
0.00859257449926722
0.00852027357107963
0.008708842208109429
0.008574987787005373
0.008625305324865657
0.00849780166096727
0.00855837811431363
0.008736199316072302
0.00861846604787494
0.008628236443575965
0.0085847581827064
0.008578407425500733
0.00857743038593063
0.008518808011724475
0.008651196873473375
0.008620908646800195
0.008625793844650708
0.008627259404005862
0.008582315583781143
0.008654616511968735
0.008697117733268197
0.0084904738641915
0.008619931607230093
0.008578895945285785
0.008594040058622375
0.008530043966780655
0.008638983878847092
0.008662432828529555
0.00864533463605276
0.008565217391304348
0.008578895945285785
0.008571079628724963
0.00862237420615535
0.008556424035173425
0.008680508060576454
0.008605276013678553
0.008662432828529555
0.008576941866145578
0.008569125549584758
0.008659990229604298
0.00864142647777235
0.008501221299462628
0.008670737664875427
0.008578407425500733
0.008672203224230582
0.008543234000977038
0.008585246702491452
0.008725940400586224
0.008561309233023938
0.008638495359062042
0.008657547630679042
0.008575476306790425
0.008715681485100147
0.008581827063996093
0.00857401074743527
0.008617977528089888
0.008560820713238887
0.008667806546165118
0.008580361504640938
0.008698094772838299
0.00862677088422081
0.008503175378602833
0.008578895945285785
0.008558866634098682
0.0086409379579873
0.008544211040547142
0.008650219833903273
0.008683439179286762
0.008598436736687835
0.008597948216902785
0.008658036150464093
0.008598925256472887
0.008614557889594528
0.008523204689789936
0.008650708353688325
0.00863800683927699
0.008600879335613092
0.00860039081582804
0.008537371763556423
0.008674645823155839
0.008573033707865168
0.008515876893014168
0.008635075720566682
0.008609672691744017
0.008670249145090375
0.008526624328285297
0.008564728871519297
0.008674157303370787
0.008581827063996093
0.008579872984855887
0.00861113825109917
0.008582315583781143
0.008631167562286272
0.008511968734733756
0.008620420127015145
0.008592085979482168
0.008580361504640938
0.008615534929164632
0.008572545188080117
0.0086409379579873
0.008636052760136785
0.00854372252076209
0.008610161211529068
0.008610161211529068
0.008646800195407915
0.008512945774303858
0.008601856375183195
0.008697606253053249
0.008585735222276503
0.008569125549584758
0.008555935515388373
0.00857743038593063
0.008637518319491938
0.008536883243771373
0.008613580850024427
0.008542256961406937
0.008615534929164632
0.008596971177332682
0.008573033707865168
0.008625305324865657
0.008594528578407425
0.008556912554958477
0.008599413776257938
0.008556424035173425
0.00865657059110894
0.008491939423546655
0.008578895945285785
0.008637518319491938
0.00857791890571568
0.00859648265754763
0.008611626770884222
0.008567171470444553
0.008670737664875427
0.008544211040547142
0.008629702002931118
0.008542745481191988
0.00864142647777235
0.00863019052271617
0.008596971177332682
0.008654616511968735
0.008659013190034197
0.008481191988275525
0.008612603810454323
0.008581338544211042
0.008638495359062042
0.00856228627259404
0.008605764533463605
0.008722032242305814
0.00857352222765022
0.008552027357107963
0.008631656082071323
0.008615534929164632
0.00858866634098681
0.00856619443087445
0.008653150952613582
0.008682462139716659
0.008659013190034197
0.008609184171958963
0.008574499267220322
0.008651196873473375
0.008641914997557402
0.008545188080117243
0.008619443087445042
0.00857352222765022
0.008679531021006352
0.008490962383976551
0.008580361504640938
0.008650708353688325
0.008586712261846605
0.008585735222276503
0.008617489008304837
0.008551538837322912
0.008619443087445042
0.00852076209086468
0.00865657059110894
0.008610161211529068
0.008636541279921837
0.00866047874938935
0.008625305324865657
0.008670737664875427
0.008658036150464093
0.008487054225696141
0.008594040058622375
0.00855056179775281
0.008647777234978017
0.00859648265754763
0.008548607718612605
0.008701025891548607
0.008598925256472887
0.008586712261846605
0.008591597459697118
0.008549584758182707
0.008621397166585247
0.00855837811431363
0.008645823155837812
0.008605764533463605
0.008621885686370298
0.008575964826575475
0.008605276013678553
0.008587689301416708
0.008647777234978017
0.008526135808500245
0.008597948216902785
0.008617489008304837
0.008674157303370787
0.008485588666340988
0.0086038104543234
0.008701514411333659
0.008586223742061553
0.00859648265754763
0.008637029799706887
0.008591108939912067
0.008662921348314607
0.008495847581827065
0.008619931607230093
0.008581338544211042
0.008643869076697607
0.008638983878847092
0.008591597459697118
0.008631167562286272
0.008610161211529068
0.008419638495359061
0.00863800683927699
0.008572056668295065
0.008659990229604298
0.00855056179775281
0.00865657059110894
0.008651685393258427
0.008589643380556913
0.00859648265754763
0.008591108939912067
0.008585735222276503
0.008659013190034197
0.008548607718612605
0.008655105031753787
0.008529555446995603
0.008662432828529555
0.008667318026380069
0.008581338544211042
0.00863800683927699
0.00861504640937958
0.008512457254518808
0.008670249145090375
0.008581338544211042
0.008661455788959452
0.008508549096238396
0.008643380556912555
0.008708353688324377
0.008610649731314118
0.008569614069369808
0.008637518319491938
0.008575964826575475
0.008657059110893992
0.008531021006350756
0.00862677088422081
0.008561309233023938
0.008654616511968735
0.008678065461651197
0.00859257449926722
0.00865657059110894
0.008616023448949683
0.008517830972154373
0.008603321934538348
0.008584269662921348
0.008604787493893502
0.008558866634098682
0.008667806546165118
0.008701514411333659
0.008631656082071323
0.008573033707865168
0.008655593551538837
0.008543234000977038
0.008631656082071323
0.008565217391304348
0.008657059110893992
0.008568148510014655
0.00864875427454812
0.008613092330239375
0.008521739130434783
0.008688812896922325
0.008617000488519785
0.00851685393258427
0.008643380556912555
0.008553492916463117
0.008635075720566682
0.008486077186126038
0.008565705911089398
0.008647288715192965
0.008576941866145578
0.008657547630679042
0.008664875427454812
0.008546165119687347
0.008676111382510992
0.008561797752808988
0.008627747923790913
0.008620908646800195
0.008609184171958963
0.008659501709819247
0.008507083536883243
0.008667318026380069
0.008658036150464093
0.00848998534440645
0.008614069369809478
0.008562774792379092
0.008623839765510503
0.008565705911089398
0.008627747923790913
0.008681485100146557
0.008580361504640938
0.00857791890571568
0.008627259404005862
0.008609184171958963
0.008658036150464093
0.008552027357107963
0.008661455788959452
0.008567659990229603
0.008610649731314118
0.008623351245725452
0.008572056668295065
0.008689301416707377
0.008647777234978017
0.008561309233023938
0.008654616511968735
0.008605276013678553
0.008629702002931118
0.008538837322911578
0.008615534929164632
0.008767953102100635
0.008599413776257938
0.008604787493893502
0.008641914997557402
0.00859599413776258
0.008684904738641915
0.008519785051294578
0.008610161211529068
0.008597459697117733
0.008632144601856375
0.008589643380556913
0.008546653639472398
0.008648265754763068
0.008697117733268197
0.008449926722032241
0.008555935515388373
0.008590620420127015
0.008674645823155839
0.008532486565705912
0.008607230092818758
0.008678553981436249
0.00861504640937958
0.008563263312164143
0.00859990229604299
0.008542745481191988
0.008576941866145578
0.008548119198827553
0.008647288715192965
0.008588177821201758
0.008644357596482658
0.008642403517342453
0.008537371763556423
0.008616023448949683
0.008617489008304837
0.008510503175378601
0.00862628236443576
0.008596971177332682
0.008672691744015634
0.00848314606741573
0.008570591108939912
0.0087171470444553
0.008604787493893502
0.008632633121641427
0.008674157303370787
0.008586223742061553
0.008669760625305323
0.008531509526135808
0.008568148510014655
0.008583781143136298
0.008608695652173912
0.008667318026380069
0.008601367855398143
0.008623839765510503
0.00856619443087445
0.008521250610649731
0.008541279921836833
0.008669272105520274
0.008631656082071323
0.008532975085490961
0.008605764533463605
0.008733756717147044
0.008599413776257938
0.008565217391304348
0.008567659990229603
0.008578895945285785
0.00858866634098681
0.008608695652173912
0.008640449438202247
0.008545188080117243
0.008677088422081095
0.008598436736687835
0.008465559355153885
0.008510991695163653
0.00842598925256473
0.008358085002442598
0.008384465070835368
0.008288715192965314
0.008265266243282852
0.00811284807034685
0.008168539325842696
0.008213971665852467
0.008059110893991207
0.007997557401074743
0.007998045920859795
0.007879824132877382
0.007908158280410357
0.007755251587689301
0.007857352222765021
0.007702491450903762
0.007719589643380557
0.0077298485588666345
0.0076502198339032735
0.007604298974108452
0.007582315583781143
0.0073522227650219835
0.00752808988764045
0.007355153883732291
0.007449926722032242
0.007226184660478749
0.007336101612115291
0.00728676111382511
0.007292623351245726
0.0071245725451880805
0.007151441133365901
0.006972154372252076
0.007052271617000489
0.0068676111382511
0.007011724474841231
0.006845627747923791
0.006927699071812408
0.006728871519296532
0.006683439179286761
0.006734733756717147
0.006691255495847582
0.006468978993649243
0.0067357107962872495
0.006446995603321935
0.006655593551538838
0.0062877381533952125
0.006426966292134831
0.006380068392769907
0.0063277967757694184
0.006176355642403517
0.006275525158768931
0.006027845627747924
0.006265266243282853
0.005884220810942843
0.006199316072300928
0.0058417195896433806
0.006035173424523693
0.0058475818270639955
0.005936003908158281
0.005768930141670738
0.00585637518319492
0.005557401074743527
0.005796775769418661
0.005529066927210552
0.005716170004885198
0.005356619443087445
0.00564142647777235
0.005387396189545677
0.0055114802149487056
0.005188080117244748
0.005374206155349292
0.005121641426477773
0.005350268685881778
0.004951636541279922
0.0053009281875915975
0.004987298485588666
0.005153395212506106
0.004878358573522227
0.005026868588177822
0.004778700537371764
0.00506057645334636
0.00465266243282853
0.004975574010747435
0.004688324377137274
0.004928187591597459
0.004512457254518808
0.004799706888128969
0.004594528578407426
0.004719589643380557
0.004365412799218368
0.004701025891548608
0.004296531509526136
0.004644846116267708
0.004197361993160723
0.004466536394723986
0.0041778212017586705
0.004478749389350269
0.004125061064973131
0.00434342940889106
0.004098680996580361
0.004353688324377138
0.003842696629213483
0.0041851489985344405
0.0038593063019052272
0.004103077674645824
0.003699560332193454
0.004115779189057156
0.003810942843185149
0.00400390815828041
0.003598436736687836
0.0038935026868588177
0.0034704445530043967
0.00385295554469956
0.0034264777723497803
0.0038031265266243283
0.003425989252564729
0.003675134342940889
0.0033522227650219834
0.003569125549584758
0.0032169027845627748
0.0035183194919394234
0.003076697606253053
0.003450903761602345
0.003086468001954079
0.003407914020517831
0.0028617489008304835
0.003225696140693698
0.002993649242794333
0.0031783097215437226
0.0028119198827552517
0.003187591597459697
0.002727894479726429
0.0031377625793844654
0.0026047874938935024
0.002949682462139717
0.0025915974596971178
0.0029047386419149977
0.00258866634098681
0.002730825598436737
0.002497313141182218
0.0027850512945774304
0.0022677088422081095
0.002711773326819736
0.002287249633610161
0.0026497313141182217
0.002223253541768442
0.002510991695163654
0.002243282852955545
0.0024269662921348315
0.0020219833903273084
0.002371275036638984
0.0019560332193453837
0.0023209574987787004
0.0019242794333170494
0.002227650219833903
0.0018036150464093795
0.002153883732291158
0.0018055691255495848
0.0020009770395701025
0.0017352222765021983
0.0019731314118221787
0.0015178309721543724
0.0019179286761113825
0.0015383488031265266
0.0018930141670737667
0.0013468490473864192
0.0017454811919882757
0.0013971665852467025
0.0016277479237909137
0.0012892037127503664
0.0015627747923790914
0.0011998045920859795
0.001545188080117245
0.0010581338544211041
0.0014235466536394723
0.001036638983878847
0.0013619931607230093
0.0010322423058133853
0.0012203224230581337
0.0009252564728871519
0.0011739130434782609
0.0006726917440156326
0.0011094284318514899
0.0007225207620908647
0.001066438690766976
0.0006555935515388374
0.0009736199316072301
0.0006472887151929653
0.0008695652173913043
0.00044553004396678065
0.0007401074743527112
0.0003629702002931119
0.0006878358573522228
0.0002730825598436737
0.0005989252564728872
0.00022862725940400586
0.0006028334147532976
0.0002501221299462628
0.0005481191988275525
0.0002979970688812897
0.0005754763067904251
0.00013043478260869564
0.0006121152906692721
0.00025989252564728873
0.0006282364435759648
0.00014313629702002932
0.0005657059110893991
0.0003478260869565217
0.0005329750854909624
0.00023839765510503175
0.0006140693698094773
0.00022765021983390326
0.0005872007816316562
0.00018172936003908158
0.0005466536394723987
0.0002579384465070835
0.000593551538837323
0.00030532486565705916
0.0005828041035661944
0.0002896922325354177
0.0006419149975574011
0.0001797752808988764
0.0005744992672203224
0.0003058133854421104
0.000635075720566683
0.0002061553492916463
0.0005691255495847581
0.00032828529555446994
0.0005950170981924768
0.00022032242305813384
0.0005359062042012701
0.0002252076209086468
0.0006204201270151442
0.00025598436736687835
0.0006218856863702979
0.0002872496336101612
0.0005930630190522717
0.0003146067415730337
0.0005212506106497313
0.00033952125061064976
0.0006096726917440156
0.00021397166585246702
0.0005647288715192965
0.0002755251587689301
0.000655105031753786
0.00016414264777723497
0.0005759648265754763
0.0003693209574987787
0.0005613092330239375
0.0002760136785539815
0.0006155349291646311
0.0002506106497313141
0.0006116267708842208
0.00020371275036638984
0.0005754763067904251
0.00029995114802149487
0.0005832926233512457
0.0003126526624328285
0.0005759648265754763
0.0003444064484611627
0.0005720566682950659
0.0001607230092818759
0.0005735222276502199
0.00027796775769418664
0.0006507083536883243
0.00021885686370297995
0.0006805080605764533
0.00041084513922813874
0.0006028334147532976
0.00026624328285295557
0.0006555935515388374
0.0002256961406936981
0.0005979482169027845
0.0002506106497313141
0.0006101612115290668
0.0002608695652173913
0.0006585246702491451
0.0002979970688812897
0.0005915974596971177
0.0002716170004885198
0.0005788959452857841
0.00025744992672203226
0.0006213971665852467
0.0003224230581338544
0.0006653639472398632
0.0002061553492916463
0.0005940400586223742
0.0003707865168539326
0.000557401074743527
0.00031656082071323887
0.0006370297997068881
0.00023302393746946751
0.000542256961406937
0.0001626770884220811
0.0006008793356130923
0.0002589154860771861
0.0005744992672203224
0.00031998045920859794
0.0005691255495847581
0.0003517342452369321
0.0006165119687347338
0.00019394235466536395
0.0005515388373229115
0.00025647288715192966
0.0006297020029311187
0.00026917440156326334
0.00063019052271617
0.00036492427943331707
0.0005779189057156815
0.00027699071812408403
0.0005583781143136297
0.0002589154860771861
0.0006033219345383488
0.0002242305813385442
0.0006399609184171959
0.000252076209086468
0.0005808500244259892
0.00031558378114313626
0.0005613092330239375
0.0003063019052271617
0.0006042989741084513
0.00018172936003908158
0.0006282364435759648
0.0002892037127503664
0.0006292134831460674
0.00019149975574010746
0.0006067415730337079
0.00035368832437713724
0.0005666829506595017
0.0002960429897410845
0.0006316560820713239
0.00025256472887151934
0.0006375183194919394
0.00025842696629213487
0.0005881778212017587
0.00028285295554469957
0.0006238397655105031
0.0003092330239374695
0.0005823155837811431
0.00036394723986321446
0.0005774303859306302
0.00018417195896433804
0.0006150464093795799
0.0002794333170493405
0.0006272594040058622
0.0002760136785539815
0.0005925744992672202
0.0003883732291157792
0.0005964826575476307
0.0002794333170493405
0.0005735222276502199
0.00026380068392769905
0.0005754763067904251
0.00026526624328285296
0.0006135808500244259
0.000315095261358085
0.0006399609184171959
0.00031216414264777725
0.000583781143136297
0.0003434294088910601
0.0006243282852955545
0.00020908646800195407
0.0006091841719589643
0.00031118710307767464
0.0006360527601367856
0.0002061553492916463
0.0005940400586223742
0.00032975085490962385
0.000550561797752809
0.0003258426966292135
0.0005691255495847581
0.000189057156814851
0.0006199316072300928
0.00023644357596482656
0.0006404494382022472
0.00032193453834880316
0.0006140693698094773
0.000374694675134343
0.0005481191988275525
0.0003087445041524182
0.0006111382510991696
0.0001895456765999023
0.0006057645334636053
0.0002799218368343918
0.0006106497313141183
0.00027405959941377626
0.0005818270639960919
0.0003502686858817782
0.0005515388373229115
0.0002667318026380068
0.0005925744992672202
0.0002642892037127504
0.0005989252564728872
0.00025744992672203226
0.0006106497313141183
0.00028676111382510994
0.000596971177332682
0.0003326819736199316
0.0005691255495847581
0.00028578407425500734
0.0005759648265754763
0.00021885686370297995
0.0006355642403517342
0.00027699071812408403
0.0006409379579872985
0.00021201758671226184
0.0005945285784074255
0.0003492916463116756
0.0005251587689301416
0.0002994626282364436
0.000625305324865657
0.00026575476306790426
0.0006248168050806057
0.00017782120175867123
0.0006047874938935028
0.00024621397166585244
0.0006297020029311187
0.000340009770395701
0.000635075720566683
0.00033610161211529064
0.000646800195407914
0.00021299462628236444
0.0006292134831460674
0.0002887151929653151
0.0005647288715192965
0.0002242305813385442
0.0006287249633610162
0.0003522227650219834
0.0005696140693698096
0.0002452369320957499
0.0005534929164631167
0.0002447484123106986
0.0006311675622862725
0.00024670249145090375
0.0006409379579872985
0.00027699071812408403
0.0006531509526135808
0.00030385930630190525
0.0005754763067904251
0.0003825109916951637
0.0006174890083048363
0.0002535417684416219
0.0006116267708842208
0.0002838299951148022
0.0006580361504640938
0.0001783097215437225
0.0005466536394723987
0.00039374694675134344
0.0005857352222765022
0.0002730825598436737
0.0006150464093795799
0.0002320468978993649
0.0005974596971177333
0.00024719101123595505
0.0006262823644357597
0.0002711284807034685
0.000596971177332682
0.0003419638495359062
0.0005666829506595017
0.0003404982901807523
0.0006292134831460674
0.00015486077186126036
0.0006150464093795799
0.00025647288715192966
0.000651685393258427
0.00020420127015144114
0.0006438690766976063
0.0004000977039570103
0.0005925744992672202
0.00020908646800195407
0.0005686370297997068
0.00022227650219833902
0.0005476306790425012
0.0002628236443575965
0.0006028334147532976
0.00029897410845139226
0.0006130923302393747
0.00028773815339521255
0.000545676599902296
0.0004000977039570103
0.0006355642403517342
0.00020322423058133853
0.000663409868099658
0.00032828529555446994
0.0006897899364924279
0.0002721055202735711
0.0005915974596971177
0.00037567171470444553
0.0005886663409868099
0.000281875915974597
0.0006360527601367856
0.0002711284807034685
0.0005896433805569125
0.00026868588177821203
0.0005788959452857841
0.0003072789447972643
0.0005705911089399121
0.00035613092330239376
0.0005701025891548608
0.0003527112848070347
0.0006199316072300928
0.00027699071812408403
0.0006067415730337079
0.0002760136785539815
0.0006292134831460674
0.00017244748412310697
0.0006697606253053249
0.0003478260869565217
0.0005759648265754763
0.0002896922325354177
0.0006140693698094773
0.0003102100635075721
0.0006472887151929653
0.0002730825598436737
0.0006507083536883243
0.00029115779189057157
0.000643380556912555
0.0002887151929653151
0.0005955056179775281
0.0003087445041524182
0.000601856375183195
0.0002623351245725452
0.000635075720566683
0.0003102100635075721
0.0006360527601367856
0.00020322423058133853
0.0006297020029311187
0.00040644846116267706
0.0005881778212017587
0.00029164631167562287
0.0006595017098192477
0.00030532486565705916
0.0006272594040058622
0.0002408402540302882
0.0006340986809965803
0.0003180263800683928
0.0006116267708842208
0.0003356130923302394
0.0005999022960429897
0.0003702979970688813
0.0005793844650708354
0.00015925744992672202
0.0005564240351734245
0.0003248656570591109
0.0006292134831460674
0.00024572545188080114
0.0005705911089399121
0.0003659013190034197
0.0006399609184171959
0.00025158768930141673
0.0005828041035661944
0.00027454811919882757
0.0006072300928187591
0.00029506595017098194
0.000673180263800684
0.0002921348314606742
0.000625305324865657
0.00029995114802149487
0.0005661944308744504
0.00036736687835857353
0.0006443575964826576
0.00022960429897410844
0.0006135808500244259
0.0002554958475818271
0.0006775769418661456
0.00023497801660967267
0.0005740107474352711
0.0003829995114802149
0.0005842696629213483
0.00034489496824621394
0.0005979482169027845
0.0003214460185637518
0.0006741573033707865
0.00027015144113336594
0.0006472887151929653
0.00033952125061064976
0.0005779189057156815
0.00040400586223742066
0.0005999022960429897
0.0003453834880312653
0.0006370297997068881
0.00018563751831949193
0.0006663409868099657
0.00033854421104054716
0.0006277479237909135
0.00025647288715192966
0.000635075720566683
0.0004035173424523693
0.0006585246702491451
0.0003229115779189057
0.0005886663409868099
0.0002936003908158281
0.0006321446018563752
0.00027699071812408403
0.0006287249633610162
0.00029555446995603325
0.0006311675622862725
0.0003522227650219834
0.0005569125549584758
0.00031656082071323887
0.0006170004885197851
0.0002618466047874939
0.0005891548607718613
0.0003063019052271617
0.000633610161211529
0.0001787982413287738
0.000585246702491451
0.0003786028334147533
0.0005442110405471422
0.00032095749877870055
0.0006536394723986322
0.00027894479726428925
0.000633610161211529
0.0002540302882266732
0.0005857352222765022
0.00029164631167562287
0.0006213971665852467
0.00036980947728383
0.0005862237420615535
0.0004186614557889595
0.0005950170981924768
0.0002144601856375183
0.0005515388373229115
0.00031558378114313626
0.0006199316072300928
0.0002506106497313141
0.0006438690766976063
0.00040254030288226674
0.0006609672691744016
0.0003102100635075721
0.0005999022960429897
0.00030337078651685394
0.0006194430874450415
0.00029457743038593064
0.0006775769418661456
0.00032828529555446994
0.0006091841719589643
0.00036394723986321446
0.0005490962383976551
0.0004059599413776258
0.0005813385442110406
0.0002256961406936981
0.000681485100146556
0.00035368832437713724
0.0006394723986321445
0.00023790913531998044
0.0005901319003419639
0.0004010747435271129
0.0006038104543234001
0.0003517342452369321
0.0006702491450903762
0.0002427943331704934
0.0006389838788470933
0.0002540302882266732
0.0006526624328285296
0.0003092330239374695
0.0006013678553981436
0.0003419638495359062
0.0005974596971177333
0.0003414753297508549
0.0006243282852955545
0.00017782120175867123
0.0006179775280898876
0.00032926233512457255
0.0006218856863702979
0.0002872496336101612
0.0006282364435759648
0.000432828529555447
0.0005847581827063996
0.0003478260869565217
0.0006228627259404006
0.0003082559843673669
0.0006394723986321445
0.0003048363458720078
0.0006619443087445042
0.0003258426966292135
0.0006536394723986322
0.0003404982901807523
0.0006145578895945286
0.00038983878847093307
0.0005974596971177333
0.00023839765510503175
0.000668295065950171
0.0003346360527601368
0.0006780654616511968
0.00025744992672203226
0.0006091841719589643
0.00035564240351734246
0.0006311675622862725
0.00021983390327308256
0.0006228627259404006
0.0002535417684416219
0.0006761113825109917
0.00022129946262823644
0.0006106497313141183
0.0003258426966292135
0.0005705911089399121
0.0003585735222276502
0.0006248168050806057
0.00038544211040547144
0.000651685393258427
0.0002540302882266732
0.0005764533463605276
0.0003268197361993161
0.0006487542745481191
0.0002887151929653151
0.000673180263800684
0.0003825109916951637
0.0006257938446507083
0.0003517342452369321
0.0006204201270151442
0.000331704934049829
0.0005994137762579385
0.00030434782608695655
0.0006697606253053249
0.00034831460674157307
0.0006096726917440156
0.00030532486565705916
0.0005417684416218856
0.0003180263800683928
0.0005930630190522717
0.0002486565705911089
0.000633610161211529
0.0003404982901807523
0.0006839276990718123
0.0001983390327308256
0.0006008793356130923
0.0004235466536394724
0.0005598436736687836
0.00032828529555446994
0.0006218856863702979
0.00024670249145090375
0.0006590131900341963
0.00021836834391792868
0.0006233512457254519
0.00024132877381533951
0.0006248168050806057
0.00039032730825598437
0.0006155349291646311
0.0004123106985832926
0.0006399609184171959
0.00023693209574987786
0.0005974596971177333
0.0002706399609184172
0.0006536394723986322
0.00024621397166585244
0.0006511968734733756
0.00034587200781631655
0.0005808500244259892
0.0002960429897410845
0.0005994137762579385
0.00032193453834880316
0.000626770884220811
0.00025744992672203226
0.0006687835857352222
0.0003004396678065462
0.0006658524670249145
0.00026526624328285296
0.0006057645334636053
0.0003619931607230093
0.0005964826575476307
0.00026819736199316073
0.0006228627259404006
0.00036443575964826576
0.000651685393258427
0.00022716170004885198
0.0006116267708842208
0.0004342940889106009
0.0006047874938935028
0.0003126526624328285
0.0006477772349780166
0.00032046897899364925
0.0006189545676599902
0.0002432828529555447
0.0006751343429408891
0.0002623351245725452
0.000633610161211529
0.0003004396678065462
0.0006170004885197851
0.000353199804592086
0.0006033219345383488
0.00020371275036638984
0.0006629213483146067
0.00030288226673180264
0.0006199316072300928
0.0002608695652173913
0.0006204201270151442
0.00037567171470444553
0.000651685393258427
0.000315095261358085
0.0006761113825109917
0.0002994626282364436
0.000668295065950171
0.00027796775769418664
0.0006546165119687347
0.00031949193942354664
0.0006375183194919394
0.00036443575964826576
0.0005686370297997068
0.0003795798729848559
0.0006047874938935028
0.0002320468978993649
0.0006663409868099657
0.0003238886174890083
0.0006614557889594529
0.0002696629213483146
0.0005901319003419639
0.00041133365901319005
0.0005813385442110406
0.00036883243771372744
0.0006414264777723497
0.00029457743038593064
0.0006028334147532976
0.0002608695652173913
0.0005788959452857841
0.00031851489985344403
0.0005847581827063996
0.00036394723986321446
0.0006096726917440156
0.0004069369809477284
0.0006912554958475818
0.00025989252564728873
0.0006248168050806057
0.00033610161211529064
