2.1983390327308255e-05
-0.0003517342452369321
3.908158280410356e-05
-0.0002506106497313141
5.666829506595017e-05
-0.00027796775769418664
0.00016805080605764532
-0.0002540302882266732
4.2501221299462627e-05
-0.00025256472887151934
0.00010405471421592574
-0.0003346360527601368
2.6380068392769907e-05
-0.0003058133854421104
9.965803615046409e-05
-0.0003321934538348803
0.0001167562286272594
-0.00020517830972154372
5.178309721543723e-05
-0.0002535417684416219
1.5144113336590131e-05
-0.00028578407425500734
4.689789936492428e-05
-0.00028236443575964826
0.00010161211529066927
-0.0002642892037127504
3.663898387884709e-05
-0.0002721055202735711
5.3737176355642404e-06
-0.0002071323888617489
0.00010405471421592574
-0.0002799218368343918
4.5432340009770394e-05
-0.0003014167073766488
0.00010698583292623351
-0.0003126526624328285
0.00010258915486077186
-0.0002711284807034685
8.304836345872008e-05
-0.00021836834391792868
5.5202735710796285e-05
-0.00028676111382510994
2.7357107962872494e-05
-0.00030288226673180264
7.132388861748901e-05
-0.00030288226673180264
0.00013238886174890083
-0.00028676111382510994
3.2730825598436736e-05
-0.0002545188080117245
5.862237420615535e-06
-0.00029164631167562287
3.126526624328285e-05
-0.00025744992672203226
9.770395701025892e-05
-0.0003390327308255984
7.767464582315583e-05
-0.0002887151929653151
7.425500732779678e-05
-0.00028334147532975087
4.49438202247191e-05
-0.00029408891060087933
7.865168539325843e-05
-0.00032730825598436733
7.816316560820712e-05
-0.00034831460674157307
2.7357107962872494e-05
-0.00026819736199316073
1.612115290669272e-05
-0.00021787982413287737
0.00011773326819736199
-0.0003229115779189057
5.42256961406937e-05
-0.00031314118221787985
0.00010600879335613092
-0.0002882266731802638
9.672691744015632e-05
-0.00024572545188080114
8.793356130923302e-05
-0.00025598436736687835
7.767464582315583e-05
-0.00028529555446995603
5.37371763556424e-05
-0.0002716170004885198
0.00010307767464582315
-0.0002926233512457255
0.00014753297508549097
-0.0002677088422081094
3.126526624328285e-05
-0.00019931607230092818
-6.8392769907181235e-06
-0.000315095261358085
1.0258915486077186e-05
-0.0002545188080117245
9.379579872984856e-05
-0.00030337078651685394
0.00012994626282364436
-0.00029555446995603325
2.8822667318026378e-05
-0.00026477772349780166
5.5202735710796285e-05
-0.0003063019052271617
5.42256961406937e-05
-0.0002716170004885198
0.00010649731314118222
-0.0003585735222276502
7.620908646800195e-05
-0.00025647288715192966
2.8334147532975084e-05
-0.00020762090864680018
8.842208109428431e-05
-0.00030679042501221296
5.813385442110405e-05
-0.0002960429897410845
4.2501221299462627e-05
-0.00031118710307767464
9.86809965803615e-05
-0.00021152906692721056
5.911089399120664e-05
-0.0002486565705911089
1.0747435271128481e-05
-0.0003092330239374695
5.42256961406937e-05
-0.00028676111382510994
7.425500732779678e-05
-0.0002843185148998534
0.00013434294088910602
-0.00021983390327308256
8.207132388861749e-05
-0.0002677088422081094
4.934049829018075e-05
-0.0003097215437225207
8.793356130923302e-06
-0.00029506595017098194
7.620908646800195e-05
-0.0002808988764044944
0.00014802149487054225
-0.00024621397166585244
8.207132388861749e-05
-0.0002711284807034685
5.129457743038593e-05
-0.00026526624328285296
5.178309721543723e-05
-0.0002755251587689301
8.93991206643869e-05
-0.00021739130434782607
0.00015095261358085002
-0.00023058133854421102
0.00010552027357107963
-0.00019491939423546653
0.0001167562286272594
-0.00026380068392769905
0.0001074743527112848
-0.00029457743038593064
3.468490473864192e-05
-0.00033610161211529064
0.00012359550561797752
-0.0002427943331704934
9.623839765510503e-05
-0.00024181729360039082
0.00010161211529066927
-0.0003072789447972643
-2.8334147532975084e-05
-0.0002730825598436737
1.3678553981436247e-05
-0.0002706399609184172
0.00012017586712261847
-0.00019247679531021007
5.471421592574499e-05
-0.0002716170004885198
5.2760136785539814e-05
-0.00025744992672203226
7.132388861748901e-05
-0.00026819736199316073
0.00017440156326331216
-0.0002799218368343918
0.00010210063507572057
-0.00027015144113336594
5.031753786028334e-05
-0.0002672203224230582
7.718612603810454e-05
-0.0003136297020029311
9.135319980459208e-05
-0.0002716170004885198
9.330727894479727e-05
-0.0003229115779189057
0.00010210063507572057
-0.00023790913531998044
4.9829018075232046e-05
-0.00020420127015144114
3.61504640937958e-05
-0.0003048363458720078
7.962872496336101e-05
-0.0003004396678065462
6.790425012212995e-05
-0.0003248656570591109
0.00013434294088910602
-0.0002510991695163654
9.03761602344895e-05
-0.00027454811919882757
6.741573033707865e-05
-0.0002960429897410845
6.0087933561309233e-05
-0.0002721055202735711
9.574987787005373e-05
-0.0002427943331704934
0.0001446018563751832
-0.00025696140693698096
3.663898387884709e-05
-0.00026575476306790426
4.103566194430874e-05
-0.00033610161211529064
3.663898387884709e-05
-0.0002608695652173913
9.574987787005373e-05
-0.00027454811919882757
0.00014851001465559355
-0.00022716170004885198
8.109428431851489e-05
-0.0002340009770395701
7.474352711284807e-05
-0.00023790913531998044
8.744504152418173e-05
-0.00023693209574987786
0.00011919882755251587
-0.00029115779189057157
0.00011187103077674645
-0.0002452369320957499
2.442598925256473e-05
-0.00022178798241328772
7.425500732779678e-05
-0.0003014167073766488
3.908158280410356e-05
-0.0003102100635075721
7.669760625305324e-05
-0.00033610161211529064
0.00010454323400097703
-0.0002496336101612115
0.00011968734733756716
-0.0002447484123106986
7.083536883243772e-05
-0.0002755251587689301
4.592085979482169e-05
-0.00027503663898387887
8.549096238397654e-05
-0.0002760136785539815
0.00011431362970200293
-0.00020224719101123595
0.00011382510991695163
-0.0002447484123106986
5.9599413776257937e-05
-0.0003136297020029311
4.885197850512946e-05
-0.0002633121641426478
6.936980947728383e-05
-0.00027650219833903273
0.00012896922325354176
-0.0002554958475818271
8.15828041035662e-05
-0.00023595505617977528
7.523204689789937e-05
-0.0002486565705911089
0.00011529066927210551
-0.0002921348314606742
6.25305324865657e-05
-0.0002994626282364436
0.00015388373229115778
-0.00026526624328285296
1.954079140205178e-05
-0.00026038104543234003
0.00011138251099169516
-0.0003102100635075721
8.646800195407914e-05
-0.00027650219833903273
7.278944797264289e-05
-0.00028627259404005864
9.03761602344895e-05
-0.00026135808500244264
9.965803615046409e-05
-0.0002872496336101612
7.034684904738641e-05
-0.0003009281875915975
6.643869076697607e-05
-0.00026868588177821203
0.00011529066927210551
-0.00028236443575964826
0.00019394235466536395
-0.00021055202735710795
3.468490473864192e-05
-0.00028529555446995603
0.00010210063507572057
-0.00029311187103077673
8.451392281387396e-05
-0.00024816805080605766
9.721543722520761e-05
-0.00026526624328285296
0.00010991695163654128
-0.00024377137274059598
3.859306301905227e-05
-0.00024816805080605766
6.985832926233512e-05
-0.00027650219833903273
9.086468001954079e-05
-0.00031314118221787985
8.207132388861749e-05
-0.00031998045920859794
6.692721055202736e-05
-0.00026477772349780166
1.4167073766487542e-05
-0.0002256961406936981
8.695652173913043e-05
-0.0003063019052271617
1.0258915486077186e-05
-0.00024719101123595505
8.93991206643869e-05
-0.0003580850024425989
7.083536883243772e-05
-0.00025256472887151934
0.00012310698583292622
-0.00025500732779677575
5.031753786028334e-05
-0.00031069858329262333
6.448461162677088e-05
-0.000298485588666341
0.00015095261358085002
-0.0002784562774792379
0.00015534929164631167
-0.00024621397166585244
9.233023937469467e-05
-0.00025598436736687835
6.790425012212995e-05
-0.00028676111382510994
3.61504640937958e-05
-0.0002672203224230582
0.00011040547142159257
-0.0002896922325354177
0.0001446018563751832
-0.00022276502198339033
0.0001162677088422081
-0.00025256472887151934
0.00010210063507572057
-0.00026868588177821203
5.37371763556424e-05
-0.00023106985832926233
6.839276990718124e-05
-0.00031216414264777725
5.37371763556424e-05
-0.00027503663898387887
-1.6609672691744016e-05
-0.0002408402540302882
0.00012164142647777235
-0.00030532486565705916
6.8392769907181235e-06
-0.0002256961406936981
8.304836345872008e-05
-0.00028285295554469957
0.0001358085002442599
-0.00020566682950659502
0.00014020517830972155
-0.0002232535417684416
6.936980947728383e-05
-0.0002970200293111871
-2.4425989252564726e-06
-0.00027894479726428925
7.572056668295066e-05
-0.00024670249145090375
0.00014899853444064485
-0.00024572545188080114
8.500244259892525e-05
-0.00023986321446018563
9.379579872984856e-05
-0.00029555446995603325
4.103566194430874e-05
-0.0002808988764044944
0.00014509037616023448
-0.00025744992672203226
0.00012164142647777235
-0.00023302393746946751
0.00010161211529066927
-0.0002491450903761602
7.962872496336101e-05
-0.0002784562774792379
7.376648754274549e-05
-0.0002335124572545188
0.00011089399120664386
-0.00031851489985344403
7.914020517830972e-05
-0.00023790913531998044
1.4655593551538837e-05
-0.00019003419638495358
0.0001084513922813874
-0.00026917440156326334
5.178309721543723e-05
-0.0002677088422081094
0.00010649731314118222
-0.00028627259404005864
7.278944797264289e-05
-0.00020468978993649242
0.00010503175378602834
-0.0002721055202735711
3.2730825598436736e-05
-0.0002696629213483146
5.080605764533463e-05
-0.00027503663898387887
6.985832926233512e-05
-0.00022667318026380068
0.00021250610649731314
-0.00029457743038593064
4.9829018075232046e-05
-0.00021299462628236444
6.497313141182218e-05
-0.00030679042501221296
6.35075720566683e-05
-0.00022032242305813384
0.00014509037616023448
-0.00026477772349780166
0.0001631656082071324
-0.00023155837811431363
5.227161700048852e-05
-0.00027650219833903273
6.0087933561309233e-05
-0.0002496336101612115
8.451392281387396e-05
-0.00024035173424523693
9.086468001954079e-05
-0.0003072789447972643
0.00010698583292623351
-0.00028627259404005864
6.595017098192476e-05
-0.00024767953102100635
6.839276990718124e-05
-0.0002887151929653151
8.304836345872008e-05
-0.0002896922325354177
0.00014313629702002932
-0.0002838299951148022
9.526135808500244e-05
-0.00023693209574987786
0.0001353199804592086
-0.00024670249145090375
6.35075720566683e-05
-0.00024621397166585244
5.080605764533463e-05
-0.0002804103566194431
6.3019052271617e-05
-0.00026038104543234003
0.00012261846604787494
-0.00025744992672203226
2.7357107962872494e-05
-0.0003048363458720078
5.178309721543723e-05
-0.00029115779189057157
-3.4196384953590617e-06
-0.0002623351245725452
0.00013141182217879825
-0.00031558378114313626
0.0001348314606741573
-0.00023106985832926233
3.712750366389839e-05
-0.0002642892037127504
7.620908646800195e-05
-0.0002642892037127504
7.083536883243772e-05
-0.00027454811919882757
0.00011968734733756716
-0.0002960429897410845
0.00012115290669272105
-0.00024181729360039082
6.448461162677088e-05
-0.0002579384465070835
0.00012212994626282364
-0.0002882266731802638
7.914020517830972e-05
-0.00024377137274059598
0.00011431362970200293
-0.00031167562286272594
0.0001084513922813874
-0.00030288226673180264
8.207132388861749e-05
-0.00023546653639472398
1.4655593551538837e-06
-0.0003175378602833415
0.00011822178798241328
-0.00028285295554469957
5.813385442110405e-05
-0.00026917440156326334
8.93991206643869e-05
-0.0002506106497313141
8.451392281387396e-05
-0.00027894479726428925
0.00010356619443087445
-0.0002848070346849048
4.152418172936004e-05
-0.0002169027845627748
0.00013190034196384952
-0.0003175378602833415
0.00011235955056179774
-0.00024621397166585244
9.86809965803615e-05
-0.00027405959941377626
6.790425012212995e-05
-0.0002794333170493405
9.184171958964338e-05
-0.000298485588666341
0.00013287738153395213
-0.00032046897899364925
9.965803615046409e-05
-0.0002848070346849048
7.474352711284807e-05
-0.0002154372252076209
0.00010698583292623351
-0.00030337078651685394
3.175378602833415e-05
-0.0002579384465070835
6.790425012212995e-05
-0.00030776746458231557
0.00011187103077674645
-0.0002589154860771861
0.00013678553981436248
-0.0002442598925256473
8.646800195407914e-05
-0.0002760136785539815
4.0058622374206156e-05
-0.00029555446995603325
9.526135808500244e-05
-0.0003004396678065462
0.00021201758671226184
-0.00025647288715192966
5.324865657059111e-05
-0.00026624328285295557
6.155349291646311e-05
-0.00029995114802149487
8.353688324377137e-05
-0.00025598436736687835
0.00010991695163654128
-0.00027357107962872496
0.00013776257938446506
-0.00022667318026380068
9.330727894479727e-05
-0.0002706399609184172
3.7616023448949685e-05
-0.00028529555446995603
6.155349291646311e-05
-0.00029164631167562287
0.00016365412799218367
-0.00030288226673180264
0.00011089399120664386
-0.00026575476306790426
7.914020517830972e-05
-0.00020566682950659502
4.152418172936004e-05
-0.00029018075232046896
6.0576453346360524e-05
-0.00027796775769418664
3.224230581338544e-05
-0.0002711284807034685
8.98876404494382e-05
-0.00020127015144113337
9.330727894479727e-05
-0.00021592574499267218
9.477283829995115e-05
-0.0003141182217879824
5.569125549584758e-05
-0.00027015144113336594
0.00013971665852467025
-0.0002589154860771861
0.0001875915974596971
-0.0002432828529555447
8.842208109428431e-05
-0.00028578407425500734
8.500244259892525e-05
-0.0002530532486565706
6.25305324865657e-05
-0.00022129946262823644
0.0001871030776746458
-0.0002882266731802638
0.00015486077186126036
-0.00024670249145090375
7.718612603810454e-05
-0.00026038104543234003
5.37371763556424e-05
-0.0002872496336101612
5.911089399120664e-05
-0.00021983390327308256
7.327796775769418e-05
-0.0003092330239374695
0.00013238886174890083
-0.0002169027845627748
6.3019052271617e-05
-0.00019638495359062042
6.204201270151441e-05
-0.0003229115779189057
6.204201270151441e-05
-0.00022911577918905714
7.18124084025403e-05
-0.000298485588666341
0.00016023448949682462
-0.00023058133854421102
9.135319980459208e-05
-0.00023693209574987786
3.8104543234000975e-05
-0.00032193453834880316
5.862237420615535e-05
-0.00028334147532975087
8.744504152418173e-05
-0.00027796775769418664
0.0001704934049829018
-0.0002320468978993649
0.00011138251099169516
-0.00023888617489008305
0.00010698583292623351
-0.00032095749877870055
4.7874938935026865e-05
-0.00026135808500244264
0.00014069369809477283
-0.00027454811919882757
0.00014509037616023448
-0.0002256961406936981
7.962872496336101e-05
-0.00028676111382510994
8.744504152418173e-05
-0.00025500732779677575
0.00011773326819736199
-0.00022911577918905714
0.00012066438690766976
-0.0002926233512457255
0.00011871030776746458
-0.00027259404005862235
0.00010942843185148998
-0.0002144601856375183
8.402540302882266e-05
-0.0003058133854421104
0.00010112359550561798
-0.0002706399609184172
1.8563751831949194e-05
-0.00027405959941377626
0.00012310698583292622
-0.0002589154860771861
0.00012212994626282364
-0.0002804103566194431
6.155349291646311e-05
-0.00023546653639472398
8.98876404494382e-05
-0.00028773815339521255
3.5661944308744504e-05
-0.00026575476306790426
9.623839765510503e-05
-0.00026917440156326334
7.132388861748901e-05
-0.0001983390327308256
4.592085979482169e-05
-0.0003082559843673669
6.155349291646311e-05
-0.00022667318026380068
0.00018172936003908158
-0.00023888617489008305
0.00011333659013190034
-0.0002344894968246214
0.00010454323400097703
-0.00027747923790913534
6.839276990718124e-05
-0.0002535417684416219
7.132388861748901e-05
-0.00028285295554469957
0.00012164142647777235
-0.0002887151929653151
0.00013776257938446506
-0.0002730825598436737
4.592085979482169e-05
-0.0002432828529555447
0.00010014655593551538
-0.00025647288715192966
6.155349291646311e-05
-0.0002618466047874939
0.00010210063507572057
-0.00028676111382510994
0.00012750366389838787
-0.0002149487054225696
0.00010600879335613092
-0.0002164142647777235
0.00010649731314118222
-0.0002887151929653151
5.7156814851001466e-05
-0.0002970200293111871
8.451392281387396e-05
-0.0002608695652173913
0.00016902784562774793
-0.00025500732779677575
9.281875915974596e-05
-0.00025989252564728873
7.376648754274549e-05
-0.00030434782608695655
3.419638495359062e-05
-0.00023058133854421102
0.00011773326819736199
-0.00026819736199316073
0.00015779189057156813
-0.0002169027845627748
9.91695163654128e-05
-0.0002535417684416219
7.327796775769419e-06
-0.0002892037127503664
6.106497313141182e-05
-0.0002540302882266732
0.0001270151441133366
-0.0002545188080117245
9.965803615046409e-05
-0.00024572545188080114
4.640937957987298e-05
-0.0001885686370297997
0.00011382510991695163
-0.0002808988764044944
5.911089399120664e-05
-0.00026380068392769905
0.00011919882755251587
-0.00027357107962872496
7.425500732779678e-05
-0.00019101123595505618
8.793356130923302e-05
-0.0002320468978993649
9.86809965803615e-05
-0.00028285295554469957
-3.126526624328285e-05
-0.0002540302882266732
4.5432340009770394e-05
-0.0002667318026380068
0.00013873961895456767
-0.00021006350757205668
8.549096238397654e-05
-0.0002936003908158281
6.888128969223253e-05
-0.00026038104543234003
6.25305324865657e-05
-0.00018172936003908158
0.00011822178798241328
-0.0002926233512457255
7.474352711284807e-05
-0.00025500732779677575
8.549096238397654e-05
-0.0002510991695163654
8.842208109428431e-05
-0.0002642892037127504
0.00010796287249633609
-0.00023595505617977528
0.00010893991206643869
-0.0003126526624328285
0.00010307767464582315
-0.0002545188080117245
5.862237420615535e-05
-0.00023595505617977528
8.109428431851489e-05
-0.0002530532486565706
4.103566194430874e-05
-0.0002696629213483146
9.721543722520761e-05
-0.000281875915974597
0.00011138251099169516
-0.00020908646800195407
0.00014948705422569613
-0.00023742061553492917
8.451392281387396e-05
-0.00030776746458231557
7.669760625305324e-05
-0.0002906692721055203
2.8334147532975084e-05
-0.0003444064484611627
0.0001612115290669272
-0.00023058133854421102
0.00011382510991695163
-0.00019540791402051784
0.0001265266243282853
-0.0002721055202735711
4.103566194430874e-05
-0.0002667318026380068
0.00014997557401074744
-0.0003087445041524182
0.0001695163654127992
-0.00020078163165608207
4.396678065461651e-05
-0.00023155837811431363
5.5202735710796285e-05
-0.00022911577918905714
9.184171958964338e-05
-0.0002642892037127504
8.695652173913043e-05
-0.0002608695652173913
0.00014655593551538836
-0.00025647288715192966
8.695652173913043e-05
-0.0002252076209086468
5.569125549584758e-05
-0.00029653150952613585
4.445530043966781e-05
-0.0002447484123106986
0.00013776257938446506
-0.0003214460185637518
0.00013043478260869564
-0.00021739130434782607
4.9829018075232046e-05
-0.00023888617489008305
0.00010796287249633609
-0.00029457743038593064
3.2730825598436736e-05
-0.00027747923790913534
4.103566194430874e-05
-0.00026868588177821203
0.00010552027357107963
-0.00021104054714215926
9.91695163654128e-05
-0.0002784562774792379
9.721543722520761e-05
-0.0003023937469467514
0.00011089399120664386
-0.0002696629213483146
0.00012848070346849048
-0.00027650219833903273
0.00014069369809477283
-0.0002247191011235955
0.00010405471421592574
-0.0002623351245725452
4.2501221299462627e-05
-0.00022667318026380068
0.00011040547142159257
-0.0002169027845627748
8.695652173913043e-05
-0.0003136297020029311
0.0001255495847581827
-0.00024816805080605766
7.816316560820712e-05
-0.0001792867611138251
8.353688324377137e-05
-0.00023888617489008305
3.0776746458231555e-05
-0.00023986321446018563
7.474352711284807e-05
-0.0002921348314606742
0.00010258915486077186
-0.00027015144113336594
0.00011138251099169516
-0.0002335124572545188
4.885197850512946e-05
-0.0002642892037127504
5.9599413776257937e-05
-0.0002892037127503664
9.965803615046409e-05
-0.0002628236443575965
0.00010503175378602834
-0.00020566682950659502
5.5202735710796285e-05
-0.0002608695652173913
8.15828041035662e-05
-0.0002994626282364436
7.327796775769418e-05
-0.0001978505129457743
9.086468001954079e-05
-0.00031656082071323887
0.0001245725451880801
-0.0002427943331704934
5.862237420615535e-05
-0.00027699071812408403
8.549096238397654e-05
-0.00027747923790913534
7.034684904738641e-05
-0.00024035173424523693
0.00013287738153395213
-0.0003058133854421104
9.379579872984856e-05
-0.0002545188080117245
0.00010210063507572057
-0.00020029311187103076
0.00011480214948705422
-0.0002887151929653151
8.15828041035662e-05
-0.00028285295554469957
8.06057645334636e-05
-0.00030337078651685394
0.00012994626282364436
-0.00020957498778700537
0.00011040547142159257
-0.0002628236443575965
0.00013629702002931118
-0.0002755251587689301
6.448461162677088e-05
-0.0002633121641426478
8.695652173913043e-05
-0.00025256472887151934
0.00015632633121641425
-0.0002169027845627748
6.741573033707865e-05
-0.00023546653639472398
8.15828041035662e-05
-0.00032828529555446994
5.031753786028334e-05
-0.00023986321446018563
0.00013727405959941378
-0.0002838299951148022
0.00011529066927210551
-0.0001978505129457743
2.6380068392769907e-05
-0.00022081094284318514
5.37371763556424e-05
-0.0002760136785539815
9.330727894479727e-05
-0.00024621397166585244
0.00010796287249633609
-0.0002672203224230582
0.00010307767464582315
-0.00029115779189057157
0.00012212994626282364
-0.0001871030776746458
0.00013190034196384952
-0.0002936003908158281
4.836345872007816e-05
-0.00028676111382510994
0.00010210063507572057
-0.0003092330239374695
9.770395701025892e-05
-0.00022667318026380068
8.891060087933561e-05
-0.0001871030776746458
0.00011089399120664386
-0.0002447484123106986
6.546165119687347e-05
-0.0002994626282364436
9.330727894479727e-05
-0.0002716170004885198
0.00016902784562774793
-0.00031851489985344403
4.640937957987298e-05
-0.00022862725940400586
0.00011529066927210551
-0.00026624328285295557
7.132388861748901e-05
-0.00020420127015144114
0.00019149975574010746
-0.00025158768930141673
0.0001617000488519785
-0.00025842696629213487
6.35075720566683e-05
-0.0002589154860771861
9.135319980459208e-05
-0.0002071323888617489
4.49438202247191e-05
-0.00024572545188080114
0.00017342452369320958
-0.00028285295554469957
0.00017489008304836346
-0.00023546653639472398
0.00010942843185148998
-0.0002432828529555447
8.842208109428431e-05
-0.0002589154860771861
4.7386419149975575e-05
-0.00023986321446018563
9.526135808500244e-05
-0.0002510991695163654
0.00011773326819736199
-0.00021055202735710795
9.721543722520761e-05
-0.0002545188080117245
0.00010063507572056669
-0.00029164631167562287
3.712750366389839e-05
-0.0002501221299462628
4.7386419149975575e-05
-0.0003058133854421104
0.00013678553981436248
-0.00020908646800195407
7.278944797264289e-05
-0.00023009281875915975
6.204201270151441e-05
-0.00027015144113336594
4.396678065461651e-05
-0.00026575476306790426
0.00012261846604787494
-0.000281875915974597
7.816316560820712e-05
-0.0002432828529555447
9.672691744015632e-05
-0.0002540302882266732
5.080605764533463e-05
-0.0002589154860771861
0.00011235955056179774
-0.0002423058133854421
0.00011822178798241328
-0.00025500732779677575
0.0001524181729360039
-0.0002696629213483146
9.281875915974597e-06
-0.00027405959941377626
0.00010552027357107963
-0.00024816805080605766
2.1983390327308255e-05
-0.0003092330239374695
0.00013629702002931118
-0.00030776746458231557
0.00013971665852467025
-0.00026477772349780166
6.399609184171959e-05
-0.00021006350757205668
0.0001167562286272594
-0.00027796775769418664
4.0547142159257446e-05
-0.0003082559843673669
0.00011284807034684905
-0.00024572545188080114
0.0001875915974596971
-0.0002335124572545188
0.00010600879335613092
-0.0002579384465070835
6.692721055202736e-05
-0.0002936003908158281
0.00010698583292623351
-0.00020371275036638984
0.00014264777723497802
-0.0002979970688812897
0.00014851001465559355
-0.0002545188080117245
6.3019052271617e-05
-0.0002589154860771861
5.324865657059111e-05
-0.0002706399609184172
7.474352711284807e-05
-0.0002535417684416219
0.00010552027357107963
-0.0003238886174890083
0.00012848070346849048
-0.0002252076209086468
0.00010112359550561798
-0.0002633121641426478
0.00013922813873961894
-0.00027747923790913534
9.086468001954079e-05
-0.00026819736199316073
0.00013141182217879825
-0.00031118710307767464
0.0001348314606741573
-0.00021397166585246702
0.00011138251099169516
-0.00021983390327308256
6.3019052271617e-05
-0.0002892037127503664
4.9829018075232046e-05
-0.00030190522716170003
9.91695163654128e-05
-0.00020566682950659502
0.00011577918905715682
-0.00023497801660967267
5.7645334636052756e-05
-0.00022276502198339033
0.00010307767464582315
-0.0002554958475818271
8.93991206643869e-05
-0.0002423058133854421
0.00010991695163654128
-0.0002843185148998534
0.00017342452369320958
-0.0002320468978993649
0.00014851001465559355
-0.0002447484123106986
7.327796775769418e-05
-0.00023595505617977528
0.00011529066927210551
-0.00027503663898387887
0.0001358085002442599
-0.00027894479726428925
5.2760136785539814e-05
-0.00023986321446018563
2.1494870542256962e-05
-0.00021983390327308256
9.819247679531021e-05
-0.00028285295554469957
7.865168539325843e-05
-0.000281875915974597
0.00013971665852467025
-0.00028578407425500734
8.011724474841231e-05
-0.00020468978993649242
0.0001348314606741573
-0.00024181729360039082
5.37371763556424e-05
-0.00031998045920859794
4.640937957987298e-05
-0.00027357107962872496
0.00010405471421592574
-0.0003004396678065462
0.00016023448949682462
-0.00022178798241328772
7.034684904738641e-05
-0.0002554958475818271
0.00013238886174890083
-0.00033854421104054716
6.155349291646311e-05
-0.00024132877381533951
7.767464582315583e-05
-0.0002882266731802638
0.00013678553981436248
-0.00019052271617000488
9.770395701025892e-05
-0.00029555446995603325
5.9599413776257937e-05
-0.00026575476306790426
0.00013092330239374694
-0.00022227650219833902
0.00010893991206643869
-0.00028773815339521255
9.91695163654128e-05
-0.0002535417684416219
8.402540302882266e-05
-0.00021348314606741572
0.00012408402540302883
-0.0002696629213483146
3.7616023448949685e-05
-0.0002730825598436737
0.00012310698583292622
-0.0003082559843673669
0.00018124084025403027
-0.0002442598925256473
0.00012017586712261847
-0.00024572545188080114
8.842208109428431e-05
-0.0002706399609184172
4.885197850512946e-05
-0.00023742061553492917
0.00010112359550561798
-0.00023302393746946751
0.00010014655593551538
-0.00024816805080605766
4.640937957987298e-05
-0.00025989252564728873
7.620908646800195e-05
-0.000252076209086468
7.18124084025403e-05
-0.00023888617489008305
0.00015339521250610648
-0.0002589154860771861
0.00011040547142159257
-0.00024181729360039082
6.448461162677088e-05
-0.00027015144113336594
0.00011919882755251587
-0.00024816805080605766
3.7616023448949685e-05
-0.0002633121641426478
8.451392281387396e-05
-0.00027015144113336594
0.0001270151441133366
-0.00029653150952613585
9.721543722520761e-05
-0.0002540302882266732
0.0001436248168050806
-0.00023302393746946751
2.051783097215437e-05
-0.0002252076209086468
5.911089399120664e-05
-0.0003302393746946751
0.00011040547142159257
-0.00019101123595505618
0.00014509037616023448
-0.00019443087445041523
8.207132388861749e-05
-0.00032437713727405957
8.98876404494382e-05
-0.00024035173424523693
0.00010161211529066927
-0.00024670249145090375
0.0001612115290669272
-0.00023937469467513433
9.819247679531021e-05
-0.0002554958475818271
6.155349291646311e-05
-0.00027894479726428925
7.278944797264289e-05
-0.00023595505617977528
0.00010796287249633609
-0.0002804103566194431
0.00015583781143136297
-0.00027796775769418664
6.546165119687347e-05
-0.0002506106497313141
8.695652173913043e-05
-0.0002247191011235955
5.471421592574499e-05
-0.00025989252564728873
0.00010942843185148998
-0.0003390327308255984
0.00015388373229115778
-0.00027405959941377626
0.0001333659013190034
-0.00020273571079628726
0.00010942843185148998
-0.0002808988764044944
0.00010698583292623351
-0.0002642892037127504
0.00010405471421592574
-0.0003414753297508549
0.00010161211529066927
-0.00021836834391792868
0.00010454323400097703
-0.00023106985832926233
0.00012408402540302883
-0.00026038104543234003
8.744504152418173e-05
-0.00028529555446995603
0.00014851001465559355
-0.00030434782608695655
0.0001265266243282853
-0.00022227650219833902
0.00011529066927210551
-0.00022813873961895456
7.718612603810454e-05
-0.00027796775769418664
0.00011333659013190034
-0.0002642892037127504
8.109428431851489e-05
-0.0002848070346849048
8.93991206643869e-05
-0.0003087445041524182
8.842208109428431e-05
-0.00022032242305813384
7.865168539325843e-05
-0.00024767953102100635
7.816316560820712e-05
-0.00024181729360039082
0.0001460674157303371
-0.0002896922325354177
0.00013092330239374694
-0.0002721055202735711
0.00010600879335613092
-0.0001529066927210552
0.00010454323400097703
-0.0002979970688812897
3.224230581338544e-05
-0.0002706399609184172
0.00012750366389838787
-0.00029408891060087933
9.86809965803615e-05
-0.00021299462628236444
0.00015339521250610648
-0.0002506106497313141
0.00012017586712261847
-0.0002755251587689301
4.396678065461651e-05
-0.00027699071812408403
7.327796775769418e-05
-0.00025500732779677575
0.00016805080605764532
-0.0002325354176844162
7.23009281875916e-05
-0.0002486565705911089
0.00011968734733756716
-0.00029115779189057157
4.2501221299462627e-05
-0.0002144601856375183
0.00015925744992672202
-0.0002642892037127504
0.0001333659013190034
-0.00023693209574987786
4.592085979482169e-05
-0.0002696629213483146
2.9311187103077675e-05
-0.00027650219833903273
0.00010210063507572057
-0.0002340009770395701
9.379579872984856e-05
-0.0002970200293111871
0.00015192965315095262
-0.0002442598925256473
7.669760625305324e-05
-0.0001792867611138251
0.00015681485100146555
-0.00025696140693698096
5.7645334636052756e-05
-0.0002164142647777235
6.106497313141182e-05
-0.0003214460185637518
0.0001250610649731314
-0.00018808011724474842
0.00015046409379579874
-0.0002154372252076209
8.06057645334636e-05
-0.00023155837811431363
0.0001265266243282853
-0.0002677088422081094
9.428431851489985e-05
-0.00029164631167562287
0.00020224719101123595
-0.0002510991695163654
3.419638495359062e-05
-0.0002623351245725452
5.178309721543723e-05
-0.00028529555446995603
6.35075720566683e-05
-0.0002320468978993649
0.00016365412799218367
-0.00032046897899364925
0.00014167073766487544
-0.00022813873961895456
6.692721055202736e-05
-0.0002432828529555447
7.669760625305324e-05
-0.00027405959941377626
0.00012261846604787494
-0.000281875915974597
0.00012115290669272105
-0.0003087445041524182
0.00012212994626282364
-0.0002510991695163654
-1.0747435271128481e-05
-0.0002554958475818271
0.00010893991206643869
-0.000340009770395701
0.00012066438690766976
-0.00029506595017098194
8.353688324377137e-05
-0.0003258426966292135
0.0001543722520762091
-0.0002696629213483146
0.0001358085002442599
-0.0002452369320957499
7.132388861748901e-05
-0.00028236443575964826
0.00010161211529066927
-0.00029164631167562287
0.00010454323400097703
-0.0002491450903761602
0.00011187103077674645
-0.0002427943331704934
0.00010991695163654128
-0.00026038104543234003
0.00010503175378602834
-0.00031167562286272594
6.692721055202736e-05
-0.00025842696629213487
0.00010356619443087445
-0.0002677088422081094
0.00012799218368343918
-0.00020273571079628726
0.00012750366389838787
-0.0002408402540302882
0.00012164142647777235
-0.0002530532486565706
7.620908646800195e-05
-0.00029311187103077673
0.00010503175378602834
-0.0003170493404982902
0.00014557889594528578
-0.0002672203224230582
6.25305324865657e-05
-0.00022765021983390326
0.00012310698583292622
-0.0002667318026380068
6.546165119687347e-05
-0.0002530532486565706
0.00011187103077674645
-0.00029408891060087933
0.0001446018563751832
-0.00018417195896433804
0.00012896922325354176
-0.00025500732779677575
0.00010552027357107963
-0.00031069858329262333
5.9599413776257937e-05
-0.000252076209086468
0.00011040547142159257
-0.00030679042501221296
0.00017244748412310697
-0.0002340009770395701
5.471421592574499e-05
-0.00022862725940400586
0.00011871030776746458
-0.0002848070346849048
4.49438202247191e-05
-0.00025598436736687835
0.00010356619443087445
-0.0002623351245725452
0.00012115290669272105
-0.00022716170004885198
7.572056668295066e-05
-0.00025842696629213487
2.4914509037616023e-05
-0.00023155837811431363
0.00014069369809477283
-0.000252076209086468
0.0001162677088422081
-0.0003170493404982902
0.00015730337078651685
-0.00027894479726428925
8.15828041035662e-05
-0.00024035173424523693
0.00011871030776746458
-0.00031314118221787985
0.00012750366389838787
-0.0002256961406936981
0.00010503175378602834
-0.00028529555446995603
0.0001265266243282853
-0.00023497801660967267
9.233023937469467e-05
-0.00020908646800195407
6.155349291646311e-05
-0.0002960429897410845
0.00012310698583292622
-0.0002799218368343918
0.00014557889594528578
-0.00029164631167562287
0.00019491939423546653
-0.0002071323888617489
6.399609184171959e-05
-0.00025989252564728873
0.0001436248168050806
-0.0002730825598436737
5.569125549584758e-05
-0.0002496336101612115
0.0001714704445530044
-0.00028138739618954566
6.741573033707865e-05
-0.00022960429897410844
9.965803615046409e-05
-0.00025647288715192966
0.00013922813873961894
-0.0002423058133854421
7.034684904738641e-05
-0.0002594040058622374
0.00013873961895456767
-0.00028627259404005864
0.00010649731314118222
-0.00023742061553492917
8.793356130923302e-05
-0.0002589154860771861
8.93991206643869e-05
-0.0002970200293111871
9.233023937469467e-05
-0.000252076209086468
0.00016609672691744016
-0.00027357107962872496
0.0001245725451880801
-0.00020566682950659502
9.03761602344895e-05
-0.00027747923790913534
0.0001162677088422081
-0.000315095261358085
8.793356130923302e-06
-0.00022765021983390326
6.546165119687347e-05
-0.00023106985832926233
0.00012408402540302883
-0.00019345383488031265
6.888128969223253e-05
-0.00025696140693698096
6.106497313141182e-05
-0.0003268197361993161
5.129457743038593e-05
-0.00023693209574987786
0.00017586712261846604
-0.0002960429897410845
0.00013238886174890083
-0.00021250610649731314
7.132388861748901e-05
-0.0002760136785539815
4.201270151441133e-05
-0.00027503663898387887
0.00012945774303859306
-0.00027015144113336594
0.00010942843185148998
-0.00026917440156326334
0.00012750366389838787
-0.0002442598925256473
3.859306301905227e-05
-0.00020420127015144114
5.7156814851001466e-05
-0.00024377137274059598
8.793356130923302e-05
-0.0002936003908158281
8.842208109428431e-05
-0.00029115779189057157
0.0001802638006839277
-0.0002071323888617489
0.00011773326819736199
-0.00029506595017098194
0.0001074743527112848
-0.0002979970688812897
8.207132388861749e-05
-0.0002496336101612115
6.25305324865657e-05
-0.00030679042501221296
0.00011382510991695163
-0.00028529555446995603
5.7156814851001466e-05
-0.00027015144113336594
7.669760625305324e-05
-0.0003268197361993161
4.2989741084513923e-05
-0.00023546653639472398
0.00013141182217879825
-0.00028627259404005864
0.00016365412799218367
-0.00021787982413287737
0.00011968734733756716
-0.0002344894968246214
8.793356130923302e-05
-0.00023644357596482656
9.135319980459208e-05
-0.0002843185148998534
0.0001162677088422081
-0.00028773815339521255
8.011724474841231e-05
-0.00025744992672203226
6.8392769907181235e-06
-0.0002242305813385442
0.00010356619443087445
-0.0002804103566194431
7.034684904738641e-05
-0.0002887151929653151
0.0001270151441133366
-0.0003097215437225207
9.819247679531021e-05
-0.0002554958475818271
0.00016902784562774793
-0.00022911577918905714
0.0001255495847581827
-0.0002501221299462628
3.712750366389839e-05
-0.0003004396678065462
9.477283829995115e-05
-0.00029555446995603325
0.00016511968734733755
-0.00025256472887151934
0.00010063507572056669
-0.000281875915974597
9.770395701025892e-05
-0.00028529555446995603
6.35075720566683e-05
-0.0002325354176844162
0.0001250610649731314
-0.0002843185148998534
0.00013043478260869564
-0.0001797752808988764
0.00010258915486077186
-0.00024572545188080114
9.965803615046409e-05
-0.0002442598925256473
0.00010600879335613092
-0.0002423058133854421
9.03761602344895e-05
-0.00027894479726428925
0.00011089399120664386
-0.0002408402540302882
-9.281875915974597e-06
-0.00021787982413287737
0.00014704445530043967
-0.0002491450903761602
6.155349291646311e-05
-0.00022618466047874937
9.623839765510503e-05
-0.0003170493404982902
9.184171958964338e-05
-0.0001797752808988764
0.0001353199804592086
-0.00023009281875915975
0.00013727405959941378
-0.0002540302882266732
7.718612603810454e-05
-0.00026819736199316073
0.0001436248168050806
-0.0002808988764044944
0.00016560820713238885
-0.00021348314606741572
6.3019052271617e-05
-0.00022081094284318514
8.011724474841231e-05
-0.0002882266731802638
8.549096238397654e-05
-0.00024572545188080114
0.00015779189057156813
-0.0002623351245725452
0.00013825109916951636
-0.00022227650219833902
9.672691744015632e-05
-0.0002442598925256473
4.885197850512946e-05
-0.0002633121641426478
5.862237420615535e-05
-0.00030190522716170003
8.597948216902785e-05
-0.00029653150952613585
0.00012945774303859306
-0.0002423058133854421
4.689789936492428e-05
-0.00016463116756228627
0.00017391304347826085
-0.00022813873961895456
7.816316560820712e-05
-0.00024767953102100635
0.00010405471421592574
-0.0002970200293111871
0.00012212994626282364
-0.00020908646800195407
7.572056668295066e-05
-0.00023888617489008305
4.0058622374206156e-05
-0.0002633121641426478
7.816316560820712e-05
-0.0003082559843673669
4.689789936492428e-05
-0.0002506106497313141
0.00014948705422569613
-0.00022716170004885198
6.790425012212995e-05
-0.0002608695652173913
8.98876404494382e-05
-0.00027650219833903273
0.00011284807034684905
-0.0002608695652173913
0.00014557889594528578
-0.00027894479726428925
0.00012164142647777235
-0.00021983390327308256
4.49438202247191e-05
-0.00023790913531998044
0.00011577918905715682
-0.00021885686370297995
0.00014313629702002932
-0.00029018075232046896
0.00013287738153395213
-0.000252076209086468
0.00013141182217879825
-0.0002237420615534929
7.23009281875916e-05
-0.00025696140693698096
0.00015046409379579874
-0.00025989252564728873
8.011724474841231e-05
-0.00027894479726428925
0.00010307767464582315
-0.0003136297020029311
7.083536883243772e-05
-0.00020517830972154372
0.00016805080605764532
-0.0002589154860771861
2.9799706888128968e-05
-0.0002799218368343918
7.914020517830972e-05
-0.00027503663898387887
0.00012994626282364436
-0.0002325354176844162
0.00014118221787982413
-0.00022862725940400586
9.86809965803615e-05
-0.00018368343917928677
4.885197850512946e-05
-0.00028627259404005864
9.330727894479727e-05
-0.00019003419638495358
0.0001441133365901319
-0.00026624328285295557
0.0001631656082071324
-0.00019345383488031265
5.569125549584758e-05
-0.0002325354176844162
7.376648754274549e-05
-0.00027747923790913534
0.00013092330239374694
-0.00024816805080605766
0.00012408402540302883
-0.0002970200293111871
0.0001875915974596971
-0.00022081094284318514
6.595017098192476e-05
-0.00018124084025403027
0.0001441133365901319
-0.0002755251587689301
5.862237420615535e-05
-0.0002926233512457255
6.692721055202736e-05
-0.00033317049340498287
0.00015974596971177332
-0.00020908646800195407
0.0001353199804592086
-0.0002242305813385442
9.574987787005373e-05
-0.0002755251587689301
9.428431851489985e-05
-0.000252076209086468
6.106497313141182e-05
-0.00029897410845139226
0.00022911577918905714
-0.00024035173424523693
0.00011235955056179774
-0.0002628236443575965
0.00011235955056179774
-0.00029164631167562287
4.836345872007816e-05
-0.00023937469467513433
8.06057645334636e-05
-0.00027015144113336594
0.00013727405959941378
-0.0002540302882266732
0.00011968734733756716
-0.0002633121641426478
5.5202735710796285e-05
-0.00025647288715192966
8.109428431851489e-05
-0.00023058133854421102
0.00011382510991695163
-0.0002994626282364436
0.00013971665852467025
-0.0002169027845627748
5.569125549584758e-05
-0.00021787982413287737
0.00010503175378602834
-0.0002232535417684416
6.497313141182218e-05
-0.0002872496336101612
0.0001270151441133366
-0.0002716170004885198
0.00014655593551538836
-0.000189057156814851
0.00010796287249633609
-0.00024572545188080114
8.549096238397654e-05
-0.0002979970688812897
0.00011040547142159257
-0.0002730825598436737
0.0001255495847581827
-0.0003263312164142648
0.00019882755251587688
-0.00024132877381533951
3.712750366389839e-05
-0.00026868588177821203
6.790425012212995e-05
-0.0003146067415730337
7.278944797264289e-05
-0.0002427943331704934
0.00013141182217879825
-0.0002545188080117245
0.00012799218368343918
-0.00024377137274059598
0.00010796287249633609
-0.00026135808500244264
0.00013971665852467025
-0.00023839765510503175
9.770395701025892e-05
-0.00022276502198339033
0.00014802149487054225
-0.0003058133854421104
0.00010063507572056669
-0.00022129946262823644
9.281875915974596e-05
-0.00022862725940400586
9.623839765510503e-05
-0.0003302393746946751
0.00011235955056179774
-0.0002696629213483146
0.00010649731314118222
-0.0002452369320957499
0.000126038104543234
-0.00026575476306790426
0.00012799218368343918
-0.00025842696629213487
7.767464582315583e-05
-0.0002256961406936981
1.6609672691744016e-05
-0.00022178798241328772
0.00010649731314118222
-0.000252076209086468
0.00013873961895456767
-0.00026380068392769905
7.816316560820712e-05
-0.00023497801660967267
9.086468001954079e-05
-0.0003023937469467514
1.6609672691744016e-05
-0.0002154372252076209
0.00010014655593551538
-0.0002979970688812897
9.379579872984856e-05
-0.00023937469467513433
5.862237420615535e-05
-0.00021299462628236444
5.5202735710796285e-05
-0.0002340009770395701
5.5202735710796285e-05
-0.0002633121641426478
0.00010893991206643869
-0.00029115779189057157
0.00013141182217879825
-0.0002594040058622374
3.712750366389839e-05
-0.0002442598925256473
8.695652173913043e-05
-0.00022129946262823644
7.18124084025403e-05
-0.00023693209574987786
0.00015925744992672202
-0.000340009770395701
0.00014313629702002932
-0.00024377137274059598
8.109428431851489e-05
-0.0002794333170493405
7.962872496336101e-05
-0.0002628236443575965
4.836345872007816e-05
-0.00029018075232046896
9.135319980459208e-05
-0.0002921348314606742
0.00012115290669272105
-0.00022276502198339033
5.42256961406937e-05
-0.00021201758671226184
5.178309721543723e-05
-0.00029311187103077673
5.42256961406937e-05
-0.00021201758671226184
0.00014655593551538836
-0.0002921348314606742
0.0001460674157303371
-0.00022862725940400586
8.06057645334636e-05
-0.00025989252564728873
3.61504640937958e-05
-0.00028578407425500734
8.695652173913043e-05
-0.00023546653639472398
7.278944797264289e-05
-0.00028773815339521255
0.0001421592574499267
-0.0002677088422081094
0.00013238886174890083
-0.00022178798241328772
0.0001607230092818759
-0.00031216414264777725
3.7616023448949685e-05
-0.00023497801660967267
0.00013434294088910602
-0.0002633121641426478
0.0001524181729360039
-0.00017489008304836346
0.00014997557401074744
-0.00023644357596482656
0.00015339521250610648
-0.0002677088422081094
4.49438202247191e-05
-0.00022960429897410844
0.00014655593551538836
-0.00025744992672203226
0.00019394235466536395
-0.00021250610649731314
6.936980947728383e-05
-0.00022862725940400586
4.7386419149975575e-05
-0.00030434782608695655
9.086468001954079e-05
-0.0001871030776746458
0.00016853932584269662
-0.00027699071812408403
8.695652173913043e-05
-0.00022178798241328772
6.448461162677088e-05
-0.00021250610649731314
6.692721055202736e-05
-0.00025989252564728873
0.00012945774303859306
-0.0002530532486565706
5.324865657059111e-05
-0.0002794333170493405
6.0576453346360524e-05
-0.00026868588177821203
5.031753786028334e-05
-0.00023986321446018563
0.0001084513922813874
-0.00024621397166585244
0.00011284807034684905
-0.0002501221299462628
6.399609184171959e-05
-0.0002960429897410845
0.00012066438690766976
-0.00021055202735710795
0.0001084513922813874
-0.0002530532486565706
9.233023937469467e-05
-0.00033707865168539324
6.0576453346360524e-05
-0.0002325354176844162
7.767464582315583e-05
-0.00027503663898387887
0.00013043478260869564
-0.00021787982413287737
6.25305324865657e-05
-0.00022765021983390326
8.744504152418173e-05
-0.00029408891060087933
7.767464582315583e-05
-0.00022667318026380068
0.00011577918905715682
-0.00027747923790913534
0.00016902784562774793
-0.0002149487054225696
0.0001162677088422081
-0.0002804103566194431
0.00010258915486077186
-0.00023497801660967267
0.00010503175378602834
-0.00022032242305813384
0.00012261846604787494
-0.00026819736199316073
0.00012408402540302883
-0.000252076209086468
7.620908646800195e-05
-0.0001958964338055691
9.770395701025892e-05
-0.00025842696629213487
5.9599413776257937e-05
-0.0002325354176844162
0.00010307767464582315
-0.00034733756717147046
0.00013825109916951636
-0.00021787982413287737
6.888128969223253e-05
-0.0002706399609184172
8.011724474841231e-05
-0.0003248656570591109
3.2730825598436736e-05
-0.00024621397166585244
8.646800195407914e-05
-0.00027259404005862235
0.00013873961895456767
-0.00021983390327308256
4.934049829018075e-05
-0.0002554958475818271
6.546165119687347e-05
-0.00031558378114313626
8.255984367366878e-05
-0.0002760136785539815
0.00013238886174890083
-0.00025696140693698096
0.00010356619443087445
-0.00026819736199316073
5.569125549584758e-05
-0.0002784562774792379
6.936980947728383e-05
-0.00025842696629213487
6.155349291646311e-05
-0.00027454811919882757
9.91695163654128e-05
-0.00023693209574987786
0.00011968734733756716
-0.00026477772349780166
6.106497313141182e-05
-0.00019345383488031265
0.00011919882755251587
-0.00027747923790913534
6.936980947728383e-05
-0.00026526624328285296
9.86809965803615e-05
-0.000331704934049829
0.00011187103077674645
-0.0002066438690766976
7.914020517830972e-05
-0.0002066438690766976
0.00011089399120664386
-0.0003082559843673669
4.49438202247191e-05
-0.0002642892037127504
0.00012896922325354176
-0.00023595505617977528
0.00010942843185148998
-0.0002799218368343918
6.204201270151441e-05
-0.0002344894968246214
6.546165119687347e-05
-0.0003009281875915975
2.9311187103077675e-05
-0.0002579384465070835
0.00017782120175867123
-0.0002667318026380068
0.00015388373229115778
-0.00023302393746946751
0.00013434294088910602
-0.0002848070346849048
5.911089399120664e-05
-0.0002633121641426478
8.842208109428431e-05
-0.00021201758671226184
0.00011235955056179774
-0.00033610161211529064
0.0001460674157303371
-0.0002320468978993649
6.936980947728383e-05
-0.00019052271617000488
8.793356130923302e-05
-0.0002799218368343918
5.324865657059111e-05
-0.00028627259404005864
9.91695163654128e-05
-0.00033610161211529064
0.0001626770884220811
-0.0001714704445530044
8.695652173913043e-05
-0.00020078163165608207
6.692721055202736e-05
-0.0003224230581338544
4.0547142159257446e-05
-0.00028285295554469957
6.497313141182218e-05
-0.00032193453834880316
0.0001167562286272594
-0.00023937469467513433
3.908158280410356e-05
-0.00026135808500244264
4.9829018075232046e-05
-0.000331704934049829
5.324865657059111e-05
-0.00025989252564728873
0.00014557889594528578
-0.0003229115779189057
0.00011382510991695163
-0.00024719101123595505
7.572056668295066e-05
-0.0002535417684416219
3.224230581338544e-05
-0.0002667318026380068
0.00014948705422569613
-0.00028676111382510994
0.00014948705422569613
-0.0002755251587689301
0.00010258915486077186
-0.0002530532486565706
9.623839765510503e-05
-0.00022276502198339033
0.00014509037616023448
-0.00032828529555446994
9.330727894479727e-05
-0.00024670249145090375
0.00012310698583292622
-0.0002926233512457255
0.00011529066927210551
-0.00023888617489008305
0.00016560820713238885
-0.00018661455788959453
0.0001255495847581827
-0.0002408402540302882
1.80752320468979e-05
-0.0003087445041524182
9.379579872984856e-05
-0.0002730825598436737
0.00011773326819736199
-0.00020908646800195407
0.00011480214948705422
-0.00025989252564728873
1.4655593551538837e-06
-0.0002838299951148022
2.68685881778212e-05
-0.0002149487054225696
0.00012896922325354176
-0.0002242305813385442
0.0001607230092818759
-0.00019882755251587688
8.549096238397654e-05
-0.00025647288715192966
0.00010161211529066927
-0.00027650219833903273
5.080605764533463e-05
-0.00025696140693698096
7.572056668295066e-05
-0.00028236443575964826
9.233023937469467e-05
-0.00029506595017098194
0.00010503175378602834
-0.00022081094284318514
6.741573033707865e-05
-0.00029653150952613585
0.00010014655593551538
-0.0002721055202735711
0.00011529066927210551
-0.00031998045920859794
0.00014899853444064485
-0.00022032242305813384
0.00019931607230092818
-0.00021739130434782607
6.546165119687347e-05
-0.0002887151929653151
4.0058622374206156e-05
-0.0002623351245725452
4.0058622374206156e-05
-0.00025500732779677575
0.00020029311187103076
-0.00019052271617000488
8.744504152418173e-05
-0.00020517830972154372
0.00012017586712261847
-0.00030337078651685394
9.379579872984856e-05
-0.00021885686370297995
0.00020908646800195407
-0.0002921348314606742
0.00014069369809477283
-0.0002340009770395701
8.695652173913043e-05
-0.00023790913531998044
1.7586712261846604e-05
-0.00026038104543234003
0.00010161211529066927
-0.0002535417684416219
9.477283829995115e-05
-0.0002808988764044944
0.00017537860283341474
-0.00022667318026380068
8.06057645334636e-05
-0.00022765021983390326
0.00011089399120664386
-0.00028627259404005864
8.793356130923302e-05
-0.00023302393746946751
5.862237420615535e-05
-0.0003346360527601368
0.00011333659013190034
-0.00021152906692721056
0.0001162677088422081
-0.0002535417684416219
8.793356130923302e-05
-0.00029164631167562287
4.640937957987298e-05
-0.0002618466047874939
0.00011822178798241328
-0.0002589154860771861
9.03761602344895e-05
-0.0002442598925256473
8.207132388861749e-05
-0.0002066438690766976
5.862237420615535e-05
-0.00028773815339521255
-9.77039570102589e-06
-0.00023693209574987786
0.00011919882755251587
-0.00025842696629213487
0.00018368343917928677
-0.0002237420615534929
3.370786516853932e-05
-0.00023058133854421102
0.00010405471421592574
-0.0003097215437225207
6.106497313141182e-05
-0.0003302393746946751
0.0001250610649731314
-0.00030337078651685394
0.0001436248168050806
-0.00022813873961895456
6.497313141182218e-05
-0.00016218856863702978
0.00014118221787982413
-0.000281875915974597
7.718612603810454e-05
-0.00025842696629213487
0.00013141182217879825
-0.00028334147532975087
0.00011138251099169516
-0.00018124084025403027
7.962872496336101e-05
-0.0002642892037127504
5.227161700048852e-05
-0.0002672203224230582
7.327796775769418e-05
-0.0002642892037127504
5.129457743038593e-05
-0.0003229115779189057
9.477283829995115e-05
-0.0002081094284318515
3.419638495359062e-05
-0.0002491450903761602
8.646800195407914e-05
-0.0003136297020029311
0.00010649731314118222
-0.00020078163165608207
8.793356130923302e-05
-0.000298485588666341
0.00011529066927210551
-0.00023595505617977528
0.00010356619443087445
-0.00023009281875915975
2.9799706888128968e-05
-0.0002994626282364436
0.00010112359550561798
-0.0003160723009281876
0.00015632633121641425
-0.0002887151929653151
0.00012115290669272105
-0.0002535417684416219
-1.4167073766487542e-05
-0.0002320468978993649
5.080605764533463e-05
-0.00026526624328285296
6.448461162677088e-05
-0.0002535417684416219
6.936980947728383e-05
-0.00033317049340498287
0.00011480214948705422
-0.00022765021983390326
0.00010942843185148998
-0.00023644357596482656
0.00010649731314118222
-0.00026477772349780166
5.5202735710796285e-05
-0.0002066438690766976
0.00010112359550561798
-0.0002936003908158281
0.00020322423058133853
-0.00026380068392769905
6.155349291646311e-05
-0.0002252076209086468
4.396678065461651e-05
-0.00028773815339521255
7.914020517830972e-05
-0.00023790913531998044
0.00013678553981436248
-0.0002716170004885198
0.0001460674157303371
-0.00022081094284318514
6.25305324865657e-05
-0.00026135808500244264
5.911089399120664e-05
-0.0002623351245725452
0.00010112359550561798
-0.0002618466047874939
8.207132388861749e-05
-0.0002799218368343918
0.0001358085002442599
-0.0002545188080117245
5.569125549584758e-05
-0.00021885686370297995
0.0001446018563751832
-0.0003102100635075721
9.819247679531021e-05
-0.0002667318026380068
0.00012261846604787494
-0.00029164631167562287
0.00014655593551538836
-0.00021152906692721056
0.00013092330239374694
-0.00023644357596482656
0.00011284807034684905
-0.00028676111382510994
2.8334147532975084e-05
-0.0002427943331704934
0.00010600879335613092
-0.0002545188080117245
0.00013678553981436248
-0.0002530532486565706
3.5661944308744504e-05
-0.0002608695652173913
0.00011871030776746458
-0.0002799218368343918
3.663898387884709e-05
-0.00024621397166585244
0.00018466047874938935
-0.0002667318026380068
0.0001607230092818759
-0.00027015144113336594
9.281875915974596e-05
-0.00028285295554469957
5.2760136785539814e-05
-0.00031998045920859794
0.00010991695163654128
-0.00028578407425500734
0.0001084513922813874
-0.0002926233512457255
0.0001162677088422081
-0.00027796775769418664
0.00012408402540302883
-0.00025842696629213487
0.00013727405959941378
-0.0002970200293111871
7.572056668295066e-05
-0.00026380068392769905
7.18124084025403e-05
-0.0003126526624328285
0.00011431362970200293
-0.0002085979482169028
7.865168539325843e-05
-0.0002716170004885198
5.5202735710796285e-05
-0.0002906692721055203
4.592085979482169e-05
-0.0002784562774792379
8.695652173913043e-05
-0.0003253541768441622
0.0001958964338055691
-0.0002335124572545188
1.8563751831949194e-05
-0.00018466047874938935
5.666829506595017e-05
-0.0003356130923302394
9.281875915974596e-05
-0.0002896922325354177
8.304836345872008e-05
-0.00030679042501221296
6.888128969223253e-05
-0.00024132877381533951
4.3478260869565214e-05
-0.00028773815339521255
6.985832926233512e-05
-0.0002623351245725452
0.0001338544211040547
-0.00025842696629213487
7.767464582315583e-05
-0.0002711284807034685
0.00012994626282364436
-0.0002540302882266732
5.9599413776257937e-05
-0.00024377137274059598
6.790425012212995e-05
-0.0002144601856375183
8.500244259892525e-05
-0.0002784562774792379
7.865168539325843e-05
-0.00032877381533952124
0.00016609672691744016
-0.0002442598925256473
9.086468001954079e-05
-0.0002642892037127504
0.00010014655593551538
-0.0002256961406936981
5.666829506595017e-05
-0.0003014167073766488
0.00011040547142159257
-0.0002256961406936981
0.00012896922325354176
-0.00024670249145090375
8.402540302882266e-05
-0.00025842696629213487
9.770395701025892e-05
-0.0002882266731802638
6.106497313141182e-05
-0.00024670249145090375
0.00016365412799218367
-0.00027894479726428925
0.0001631656082071324
-0.0002491450903761602
0.00012408402540302883
-0.00031167562286272594
4.9829018075232046e-05
-0.00026477772349780166
1.3190034196384953e-05
-0.0002340009770395701
0.00013287738153395213
-0.0002642892037127504
0.00015925744992672202
-0.0002799218368343918
8.402540302882266e-05
-0.0002427943331704934
0.00016463116756228627
-0.0003268197361993161
6.790425012212995e-05
-0.0002442598925256473
0.00012212994626282364
-0.0003126526624328285
0.00016365412799218367
-0.0001978505129457743
8.549096238397654e-05
-0.0002154372252076209
0.0001167562286272594
-0.00027357107962872496
2.051783097215437e-05
-0.00026526624328285296
0.0001441133365901319
-0.0002784562774792379
0.0001792867611138251
-0.00022667318026380068
6.204201270151441e-05
-0.000252076209086468
9.086468001954079e-05
-0.00025989252564728873
9.770395701025892e-05
-0.00023302393746946751
0.00011382510991695163
-0.00027015144113336594
0.0001084513922813874
-0.00023986321446018563
8.549096238397654e-05
-0.00024572545188080114
9.86809965803615e-05
-0.0002628236443575965
2.442598925256473e-05
-0.00027405959941377626
0.00013434294088910602
-0.00028138739618954566
0.000126038104543234
-0.00023693209574987786
3.8104543234000975e-05
-0.00020175867122618465
0.00010991695163654128
-0.00029164631167562287
5.2760136785539814e-05
-0.0002970200293111871
8.744504152418173e-05
-0.00027894479726428925
0.00015925744992672202
-0.0002491450903761602
0.00012261846604787494
-0.00017489008304836346
5.569125549584758e-05
-0.0003126526624328285
5.911089399120664e-05
-0.00032730825598436733
9.526135808500244e-05
-0.0002501221299462628
0.000126038104543234
-0.0002335124572545188
6.0087933561309233e-05
-0.00021152906692721056
7.865168539325843e-05
-0.0003170493404982902
5.324865657059111e-05
-0.00026624328285295557
0.00011822178798241328
-0.00025647288715192966
0.00019149975574010746
-0.00022960429897410844
8.744504152418173e-05
-0.0002579384465070835
5.2760136785539814e-05
-0.0002677088422081094
5.862237420615535e-05
-0.0002760136785539815
0.00010893991206643869
-0.00031118710307767464
0.00014313629702002932
-0.00019052271617000488
6.35075720566683e-05
-0.00023839765510503175
9.526135808500244e-05
-0.00029457743038593064
4.7874938935026865e-05
-0.00023497801660967267
3.957010258915486e-05
-0.0002979970688812897
0.00010991695163654128
-0.00021885686370297995
0.00011773326819736199
-0.0002344894968246214
9.965803615046409e-05
-0.00031167562286272594
7.18124084025403e-05
-0.00025842696629213487
0.00010112359550561798
-0.00026477772349780166
0.00013678553981436248
-0.00020566682950659502
0.00010503175378602834
-0.00026477772349780166
6.643869076697607e-05
-0.0002843185148998534
3.61504640937958e-05
-0.0002164142647777235
0.00015192965315095262
-0.00024132877381533951
0.00017342452369320958
-0.00028578407425500734
8.15828041035662e-05
-0.0002325354176844162
2.9799706888128968e-05
-0.00028676111382510994
0.00015046409379579874
-0.00026135808500244264
8.646800195407914e-05
-0.000252076209086468
8.597948216902785e-05
-0.00023693209574987786
6.936980947728383e-05
-0.00023497801660967267
8.109428431851489e-05
-0.00028236443575964826
8.15828041035662e-05
-0.00027405959941377626
0.0001348314606741573
-0.00023155837811431363
0.00013776257938446506
-0.0002061553492916463
9.721543722520761e-05
-0.0002408402540302882
8.98876404494382e-05
-0.0002887151929653151
6.643869076697607e-05
-0.000298485588666341
0.00011333659013190034
-0.0002975085490962384
0.00018466047874938935
-0.00027796775769418664
5.666829506595017e-05
-0.0002677088422081094
6.204201270151441e-05
-0.0002491450903761602
5.178309721543723e-05
-0.00023693209574987786
0.00013825109916951636
-0.0002936003908158281
0.00014899853444064485
-0.00026477772349780166
6.936980947728383e-05
-0.00020957498778700537
8.98876404494382e-05
-0.0003009281875915975
4.836345872007816e-05
-0.00023497801660967267
0.00010258915486077186
-0.0003478260869565217
0.00011480214948705422
-0.00028236443575964826
4.152418172936004e-05
-0.00023888617489008305
0.000126038104543234
-0.0003014167073766488
4.9829018075232046e-05
-0.00023693209574987786
0.0001172447484123107
-0.0002808988764044944
0.00012310698583292622
-0.00023790913531998044
9.428431851489985e-05
-0.00022765021983390326
6.790425012212995e-05
-0.0002706399609184172
7.034684904738641e-05
-0.00029653150952613585
0.00011089399120664386
-0.0002554958475818271
0.00014020517830972155
-0.00027259404005862235
8.15828041035662e-05
-0.00029018075232046896
7.865168539325843e-05
-0.00028773815339521255
0.00011773326819736199
-0.00021397166585246702
9.91695163654128e-05
-0.00026477772349780166
0.0001626770884220811
-0.0002623351245725452
0.00011431362970200293
-0.0002335124572545188
8.304836345872008e-05
-0.0002579384465070835
0.0001162677088422081
-0.0002452369320957499
0.0001172447484123107
-0.0002677088422081094
9.91695163654128e-05
-0.0002642892037127504
6.106497313141182e-05
-0.0001885686370297997
0.00016609672691744016
-0.0002501221299462628
4.934049829018075e-05
-0.00025158768930141673
8.646800195407914e-05
-0.00030776746458231557
0.00014509037616023448
-0.0002149487054225696
0.00011968734733756716
-0.00014851001465559355
9.526135808500244e-05
-0.00027405959941377626
-1.6609672691744016e-05
-0.0002506106497313141
7.962872496336101e-05
-0.0002340009770395701
0.00014313629702002932
-0.00021055202735710795
4.103566194430874e-05
-0.00022911577918905714
0.00012164142647777235
-0.0002545188080117245
8.793356130923302e-05
-0.0002608695652173913
0.0001885686370297997
-0.0002711284807034685
0.00012212994626282364
-0.00021739130434782607
0.00010063507572056669
-0.0002618466047874939
8.500244259892525e-05
-0.00022813873961895456
7.327796775769418e-05
-0.00024572545188080114
0.00010991695163654128
-0.00028578407425500734
0.00015534929164631167
-0.0002892037127503664
8.06057645334636e-05
-0.0002501221299462628
0.00014509037616023448
-0.00028138739618954566
7.572056668295066e-05
-0.0002706399609184172
7.132388861748901e-05
-0.00028773815339521255
0.00012212994626282364
-0.00023595505617977528
8.891060087933561e-05
-0.00023595505617977528
0.00011968734733756716
-0.0003009281875915975
2.5891548607718613e-05
-0.00026819736199316073
0.000126038104543234
-0.0003258426966292135
0.00018221787982413288
-0.00022178798241328772
7.914020517830972e-05
-0.00025256472887151934
8.98876404494382e-05
-0.0003224230581338544
3.5661944308744504e-05
-0.00026624328285295557
0.00012945774303859306
-0.0002808988764044944
0.0001446018563751832
-0.00023937469467513433
9.623839765510503e-05
-0.00024621397166585244
3.517342452369321e-05
-0.00024767953102100635
0.00010942843185148998
-0.0002432828529555447
9.03761602344895e-05
-0.0002730825598436737
0.00014313629702002932
-0.00025647288715192966
5.37371763556424e-05
-0.0001998045920859795
0.00012310698583292622
-0.00028334147532975087
5.227161700048852e-05
-0.0002892037127503664
0.00013092330239374694
-0.00027405959941377626
0.00018661455788959453
-0.0001714704445530044
0.00013678553981436248
-0.00025500732779677575
0.00010161211529066927
-0.00024621397166585244
4.2501221299462627e-05
-0.0002545188080117245
0.00012115290669272105
-0.000281875915974597
0.00012164142647777235
-0.0002510991695163654
5.7645334636052756e-05
-0.00019394235466536395
6.0576453346360524e-05
-0.00027405959941377626
7.376648754274549e-05
-0.0002506106497313141
0.00015828041035661944
-0.0002936003908158281
0.0001709819247679531
-0.0002618466047874939
0.00011187103077674645
-0.00022716170004885198
2.4914509037616023e-05
-0.00022765021983390326
0.00010893991206643869
-0.00023009281875915975
0.00014069369809477283
-0.0002447484123106986
0.00013434294088910602
-0.0002149487054225696
5.7156814851001466e-05
-0.0002452369320957499
0.00012750366389838787
-0.0002667318026380068
5.080605764533463e-05
-0.0002872496336101612
0.00010649731314118222
-0.0002936003908158281
0.00012848070346849048
-0.00022813873961895456
0.00012017586712261847
-0.0002237420615534929
8.15828041035662e-05
-0.00031851489985344403
6.155349291646311e-05
-0.00026868588177821203
5.9599413776257937e-05
-0.0002672203224230582
0.0001700048851978505
-0.00022276502198339033
5.569125549584758e-05
-0.00024767953102100635
9.672691744015632e-05
-0.00032975085490962385
8.109428431851489e-05
-0.00023546653639472398
0.00011284807034684905
-0.00025158768930141673
0.00016560820713238885
-0.00019003419638495358
6.0087933561309233e-05
-0.0002642892037127504
0.00010405471421592574
-0.00021787982413287737
0.00010112359550561798
-0.0002711284807034685
0.00011235955056179774
-0.00029457743038593064
0.00013287738153395213
-0.00025158768930141673
1.2701514411333658e-05
-0.0001871030776746458
0.00011089399120664386
-0.0003190034196384954
6.3019052271617e-05
-0.0002427943331704934
0.00010552027357107963
-0.00029653150952613585
0.0001704934049829018
-0.0002344894968246214
0.00011529066927210551
-0.00024816805080605766
5.37371763556424e-05
-0.000252076209086468
8.402540302882266e-05
-0.00022227650219833902
0.0001245725451880801
-0.00024181729360039082
0.00012848070346849048
-0.00026624328285295557
9.379579872984856e-05
-0.00028285295554469957
7.18124084025403e-05
-0.00023155837811431363
3.61504640937958e-05
-0.00024035173424523693
0.00014313629702002932
-0.00028578407425500734
0.00011138251099169516
-0.00023155837811431363
0.00010063507572056669
-0.0002804103566194431
4.5432340009770394e-05
-0.000252076209086468
0.00016756228627259404
-0.00022032242305813384
6.204201270151441e-05
-0.0002721055202735711
7.914020517830972e-05
-0.0002320468978993649
8.451392281387396e-05
-0.00023302393746946751
8.842208109428431e-05
-0.00032095749877870055
3.419638495359062e-05
-0.00025989252564728873
0.00010552027357107963
-0.0003253541768441622
0.00016805080605764532
-0.00021250610649731314
6.741573033707865e-05
-0.00025989252564728873
0.0001348314606741573
-0.0002975085490962384
4.885197850512946e-07
-0.0003409868099658036
9.965803615046409e-05
-0.00027503663898387887
0.0001787982413287738
-0.00022862725940400586
-1.80752320468979e-05
-0.0002325354176844162
6.0576453346360524e-05
-0.00029457743038593064
8.744504152418173e-05
-0.0002486565705911089
0.00010552027357107963
-0.0002730825598436737
0.00010552027357107963
-0.00030434782608695655
0.0001084513922813874
-0.00027454811919882757
2.7357107962872494e-05
-0.0003058133854421104
5.9599413776257937e-05
-0.00026575476306790426
0.00014948705422569613
-0.0002706399609184172
9.86809965803615e-05
-0.00027894479726428925
9.135319980459208e-05
-0.00023058133854421102
0.00015046409379579874
-0.00030190522716170003
5.471421592574499e-05
-0.0002486565705911089
8.500244259892525e-05
-0.00033805569125549585
0.0001265266243282853
-0.00021934538348803126
0.0001436248168050806
-0.00019149975574010746
4.103566194430874e-05
-0.0002081094284318515
5.813385442110405e-05
-0.00022862725940400586
9.721543722520761e-05
-0.00030776746458231557
0.00013287738153395213
-0.0001978505129457743
0.00010503175378602834
-0.00025842696629213487
6.741573033707865e-05
-0.00029408891060087933
9.965803615046409e-05
-0.0002344894968246214
0.00016560820713238885
-0.0003126526624328285
0.00011431362970200293
-0.00022716170004885198
9.721543722520761e-05
-0.00025256472887151934
0.00011089399120664386
-0.00025989252564728873
0.00010112359550561798
-0.00021836834391792868
0.00012115290669272105
-0.00033707865168539324
0.00011040547142159257
-0.0002452369320957499
8.353688324377137e-05
-0.0002755251587689301
0.00010600879335613092
-0.0002447484123106986
5.7156814851001466e-05
-0.0002994626282364436
0.00012164142647777235
-0.00028529555446995603
6.839276990718124e-05
-0.00019394235466536395
0.00012359550561797752
-0.00027699071812408403
5.129457743038593e-05
-0.00031167562286272594
3.5661944308744504e-05
-0.00024816805080605766
8.15828041035662e-05
-0.00026526624328285296
0.0001421592574499267
-0.00025598436736687835
6.643869076697607e-05
-0.00023058133854421102
7.962872496336101e-05
-0.00030385930630190525
2.7357107962872494e-05
-0.00020127015144113337
0.00013776257938446506
-0.00025696140693698096
0.00014509037616023448
-0.00020957498778700537
6.497313141182218e-05
-0.0002804103566194431
0.00010405471421592574
-0.00026575476306790426
9.965803615046409e-05
-0.00022227650219833902
0.0001460674157303371
-0.00029311187103077673
0.00010210063507572057
-0.0002628236443575965
1.0258915486077186e-05
-0.0002247191011235955
0.00015632633121641425
-0.00024377137274059598
3.5661944308744504e-05
-0.00023497801660967267
8.98876404494382e-05
-0.00034684904738641916
0.00013287738153395213
-0.0002447484123106986
8.402540302882266e-05
-0.0001978505129457743
5.862237420615535e-05
-0.00033072789447972646
2.784562774792379e-05
-0.00028773815339521255
0.00011480214948705422
-0.00027405959941377626
0.0001783097215437225
-0.0002535417684416219
8.500244259892525e-05
-0.0002784562774792379
3.859306301905227e-05
-0.00033365901319003423
9.91695163654128e-05
-0.00025744992672203226
0.00013141182217879825
-0.00029164631167562287
0.00015046409379579874
-0.00022032242305813384
9.184171958964338e-05
-0.00026526624328285296
7.278944797264289e-05
-0.0002545188080117245
8.744504152418173e-05
-0.00029506595017098194
7.620908646800195e-05
-0.0002926233512457255
0.00013922813873961894
-0.00022862725940400586
6.0087933561309233e-05
-0.00021983390327308256
0.00017342452369320958
-0.00028334147532975087
6.448461162677088e-05
-0.00025842696629213487
0.00010649731314118222
-0.00030288226673180264
0.00013190034196384952
-0.0002252076209086468
0.0001441133365901319
-0.0002921348314606742
0.00012310698583292622
-0.0002936003908158281
7.083536883243772e-05
-0.0002960429897410845
6.790425012212995e-05
-0.0002432828529555447
0.00020957498778700537
-0.00022667318026380068
7.083536883243772e-05
-0.00025696140693698096
4.445530043966781e-05
-0.0003097215437225207
6.0087933561309233e-05
-0.00021201758671226184
0.00015486077186126036
-0.0003004396678065462
0.00013141182217879825
-0.0002442598925256473
9.086468001954079e-05
-0.0003180263800683928
-1.4655593551538837e-06
-0.00025598436736687835
6.595017098192476e-05
-0.0002232535417684416
0.00012164142647777235
-0.0002501221299462628
0.00010942843185148998
-0.00019149975574010746
3.7616023448949685e-05
-0.00022276502198339033
8.402540302882266e-05
-0.00026526624328285296
8.891060087933561e-05
-0.00030385930630190525
0.00013190034196384952
-0.0003004396678065462
0.00011089399120664386
-0.0002164142647777235
0.00010112359550561798
-0.00022276502198339033
3.0776746458231555e-05
-0.0002335124572545188
5.617977528089887e-05
-0.00028773815339521255
9.819247679531021e-05
-0.000252076209086468
0.00014020517830972155
-0.00022911577918905714
8.793356130923302e-05
-0.0002066438690766976
8.109428431851489e-05
-0.0002843185148998534
0.00010014655593551538
-0.0002633121641426478
0.00012799218368343918
-0.0002510991695163654
0.00011431362970200293
-0.00023106985832926233
1.0747435271128481e-05
-0.0002530532486565706
2.5891548607718613e-05
-0.00025744992672203226
8.109428431851489e-05
-0.0002335124572545188
0.000126038104543234
-0.00029995114802149487
0.00012261846604787494
-0.00024035173424523693
4.3478260869565214e-05
-0.00020420127015144114
0.00019296531509526135
-0.00028627259404005864
6.595017098192476e-05
-0.0002237420615534929
6.546165119687347e-05
-0.0003160723009281876
9.330727894479727e-05
-0.0002325354176844162
0.0001607230092818759
-0.00026819736199316073
5.569125549584758e-05
-0.0002696629213483146
9.965803615046409e-05
-0.00026868588177821203
9.86809965803615e-05
-0.0002721055202735711
9.86809965803615e-05
-0.00023302393746946751
6.692721055202736e-05
-0.00024719101123595505
3.5661944308744504e-05
-0.0003238886174890083
3.517342452369321e-05
-0.0002256961406936981
9.965803615046409e-05
-0.0002760136785539815
0.0001250610649731314
-0.00021836834391792868
0.00010112359550561798
-0.00026526624328285296
7.816316560820712e-05
-0.00020127015144113337
9.819247679531021e-05
-0.0002427943331704934
0.00012799218368343918
-0.00028773815339521255
0.0001709819247679531
-0.0002144601856375183
6.692721055202736e-05
-0.00022911577918905714
0.00013629702002931118
-0.0003072789447972643
6.497313141182218e-05
-0.00028138739618954566
8.695652173913043e-05
-0.00029311187103077673
0.00012994626282364436
-0.0002164142647777235
0.00014948705422569613
-0.00023644357596482656
0.00013092330239374694
-0.0003356130923302394
0.00013238886174890083
-0.00028529555446995603
0.00011480214948705422
-0.0002491450903761602
0.00012799218368343918
-0.00021983390327308256
9.770395701025892e-05
-0.00019101123595505618
3.370786516853932e-05
-0.0003175378602833415
5.42256961406937e-05
-0.0002642892037127504
0.00011089399120664386
-0.0002794333170493405
9.819247679531021e-05
-0.0002247191011235955
4.9829018075232046e-05
-0.00024816805080605766
4.7874938935026865e-05
-0.0002530532486565706
9.623839765510503e-05
-0.0002510991695163654
0.00011040547142159257
-0.00025744992672203226
0.00010503175378602834
-0.0002628236443575965
7.18124084025403e-05
-0.00020468978993649242
0.00013043478260869564
-0.00024767953102100635
5.37371763556424e-05
-0.00024572545188080114
0.0001802638006839277
-0.0003087445041524182
0.00013141182217879825
-0.00020517830972154372
8.011724474841231e-05
-0.00023058133854421102
0.0001074743527112848
-0.00026917440156326334
5.471421592574499e-05
-0.00026380068392769905
0.00012212994626282364
-0.0002442598925256473
0.00015974596971177332
-0.00022081094284318514
9.86809965803615e-05
-0.00021739130434782607
5.178309721543723e-05
-0.00027699071812408403
5.031753786028334e-05
-0.00022667318026380068
0.00018319491939423546
-0.00029115779189057157
0.0001084513922813874
-0.00023155837811431363
1.954079140205178e-05
-0.00025989252564728873
8.109428431851489e-05
-0.00023790913531998044
0.00014753297508549097
-0.00023790913531998044
0.00011040547142159257
-0.00026526624328285296
9.330727894479727e-05
-0.00022911577918905714
1.4655593551538837e-05
-0.00024816805080605766
9.184171958964338e-05
-0.0002633121641426478
0.00010307767464582315
-0.00027894479726428925
9.379579872984856e-05
-0.0002427943331704934
9.86809965803615e-05
-0.00024035173424523693
0.00015192965315095262
-0.00027259404005862235
0.00010405471421592574
-0.00026380068392769905
6.790425012212995e-05
-0.00023644357596482656
0.00013825109916951636
-0.00024816805080605766
0.00018319491939423546
-0.00019101123595505618
0.00010258915486077186
-0.00019247679531021007
4.7386419149975575e-05
-0.000315095261358085
0.00012066438690766976
-0.00025744992672203226
0.00013287738153395213
-0.00028334147532975087
0.0001270151441133366
-0.0001709819247679531
5.178309721543723e-05
-0.00023693209574987786
7.327796775769418e-05
-0.0002491450903761602
6.595017098192476e-05
-0.00025842696629213487
0.00012799218368343918
-0.00026477772349780166
0.000126038104543234
-0.0002320468978993649
4.49438202247191e-05
-0.00023644357596482656
6.790425012212995e-05
-0.0002642892037127504
8.500244259892525e-05
-0.0002144601856375183
8.011724474841231e-05
-0.0002896922325354177
8.207132388861749e-05
-0.00021885686370297995
6.936980947728383e-05
-0.00023888617489008305
3.517342452369321e-05
-0.00027894479726428925
5.617977528089887e-05
-0.00021201758671226184
7.767464582315583e-05
-0.0002633121641426478
0.00014020517830972155
-0.00023937469467513433
4.49438202247191e-05
-0.00026819736199316073
7.132388861748901e-05
-0.000315095261358085
3.468490473864192e-05
-0.0002071323888617489
9.233023937469467e-05
-0.00027503663898387887
0.0001250610649731314
-0.00023058133854421102
8.695652173913043e-05
-0.00019345383488031265
3.468490473864192e-05
-0.0002144601856375183
4.103566194430874e-05
-0.0002486565705911089
9.574987787005373e-05
-0.0002530532486565706
0.00014802149487054225
-0.0002706399609184172
6.546165119687347e-05
-0.00016707376648754274
8.597948216902785e-05
-0.00027650219833903273
0.00012115290669272105
-0.0002696629213483146
9.233023937469467e-05
-0.00027796775769418664
7.23009281875916e-05
-0.0002149487054225696
0.00011284807034684905
-0.0002066438690766976
0.00010503175378602834
-0.00030532486565705916
8.793356130923302e-05
-0.00022960429897410844
7.865168539325843e-05
-0.00029457743038593064
0.0001436248168050806
-0.00020908646800195407
8.597948216902785e-05
-0.00024035173424523693
0.00011040547142159257
-0.0002510991695163654
5.2760136785539814e-05
-0.00026135808500244264
9.233023937469467e-05
-0.0002716170004885198
0.00012945774303859306
-0.0001885686370297997
7.376648754274549e-05
-0.00019443087445041523
8.402540302882266e-05
-0.00029115779189057157
7.034684904738641e-05
-0.00023644357596482656
0.00010893991206643869
-0.0002721055202735711
9.233023937469467e-05
-0.00025696140693698096
2.9311187103077675e-05
-0.000197361993160723
0.00013678553981436248
-0.00029457743038593064
0.00010112359550561798
-0.0002711284807034685
0.00010698583292623351
-0.00030190522716170003
0.00013043478260869564
-0.00020371275036638984
9.03761602344895e-05
-0.00020517830972154372
8.793356130923302e-05
-0.00031069858329262333
4.0547142159257446e-05
-0.0002540302882266732
0.00015144113336590132
-0.0002530532486565706
0.0001700048851978505
-0.00024181729360039082
7.620908646800195e-05
-0.00023693209574987786
7.718612603810454e-05
-0.0002804103566194431
9.281875915974596e-05
-0.0002154372252076209
0.00013971665852467025
-0.00020957498778700537
0.00012994626282364436
-0.0002423058133854421
7.083536883243772e-05
-0.00025158768930141673
0.00010405471421592574
-0.00026526624328285296
6.839276990718124e-05
-0.0002706399609184172
0.00010698583292623351
-0.0002804103566194431
0.00016756228627259404
-0.00025598436736687835
6.204201270151441e-05
-0.00020517830972154372
9.526135808500244e-05
-0.00027650219833903273
0.00012212994626282364
-0.0002496336101612115
0.0001167562286272594
-0.00028773815339521255
0.00014948705422569613
-0.00023888617489008305
7.132388861748901e-05
-0.0002247191011235955
6.3019052271617e-05
-0.00029164631167562287
8.451392281387396e-05
-0.00025696140693698096
9.623839765510503e-05
-0.00022862725940400586
0.00013727405959941378
-0.0002667318026380068
8.695652173913043e-05
-0.0002545188080117245
4.0547142159257446e-05
-0.00026477772349780166
0.00010649731314118222
-0.0002325354176844162
0.0001524181729360039
-0.0003180263800683928
0.0001524181729360039
-0.00023106985832926233
0.00010552027357107963
-0.0002501221299462628
8.891060087933561e-05
-0.00023595505617977528
7.669760625305324e-05
-0.00023058133854421102
9.623839765510503e-05
-0.0003429408891060088
5.42256961406937e-05
-0.00029653150952613585
5.9599413776257937e-05
-0.00021250610649731314
0.00010258915486077186
-0.00022667318026380068
9.184171958964338e-05
-0.0002408402540302882
8.793356130923302e-05
-0.00028285295554469957
0.00010991695163654128
-0.00023742061553492917
0.0001353199804592086
-0.0001983390327308256
4.445530043966781e-05
-0.0002892037127503664
8.695652173913043e-05
-0.0002540302882266732
3.8104543234000975e-05
-0.0003180263800683928
0.0001797752808988764
-0.00018417195896433804
8.06057645334636e-05
-0.00021592574499267218
8.109428431851489e-05
-0.00029311187103077673
6.936980947728383e-05
-0.000189057156814851
0.0001358085002442599
-0.0003048363458720078
0.00014557889594528578
-0.00023155837811431363
8.451392281387396e-05
-0.00022862725940400586
4.152418172936004e-05
-0.00025598436736687835
1.80752320468979e-05
-0.0002936003908158281
9.86809965803615e-05
-0.0002642892037127504
0.00010796287249633609
-0.00020908646800195407
6.25305324865657e-05
-0.0002154372252076209
0.00012115290669272105
-0.00027894479726428925
5.129457743038593e-05
-0.00024719101123595505
0.00010454323400097703
-0.00029653150952613585
7.914020517830972e-05
-0.00019296531509526135
9.281875915974596e-05
-0.00022667318026380068
7.18124084025403e-05
-0.0003126526624328285
0.0001353199804592086
-0.0002540302882266732
0.00010698583292623351
-0.00022618466047874937
0.00018221787982413288
-0.0002936003908158281
8.891060087933561e-05
-0.00026819736199316073
5.080605764533463e-05
-0.00026135808500244264
4.0058622374206156e-05
-0.00025989252564728873
0.0001255495847581827
-0.00029164631167562287
0.00015046409379579874
-0.0002506106497313141
8.549096238397654e-05
-0.00026477772349780166
0.00010161211529066927
-0.00024377137274059598
8.98876404494382e-05
-0.0002066438690766976
0.00010210063507572057
-0.0002921348314606742
0.00012310698583292622
-0.0002535417684416219
6.839276990718124e-05
-0.00023546653639472398
7.425500732779678e-05
-0.0002730825598436737
6.106497313141182e-05
-0.000252076209086468
0.00011235955056179774
-0.0003326819736199316
0.0001333659013190034
-0.00021055202735710795
0.00016414264777723497
-0.00022081094284318514
0.0001245725451880801
-0.00023839765510503175
7.669760625305324e-05
-0.0002325354176844162
9.330727894479727e-05
-0.0002706399609184172
0.00013873961895456767
-0.00023058133854421102
1.709819247679531e-05
-0.0002491450903761602
6.985832926233512e-05
-0.00025744992672203226
7.23009281875916e-05
-0.0002496336101612115
0.000126038104543234
-0.00030679042501221296
0.00012848070346849048
-0.00029897410845139226
8.793356130923302e-05
-0.0002335124572545188
9.526135808500244e-05
-0.00025256472887151934
0.0001074743527112848
-0.00026917440156326334
0.00010942843185148998
-0.0002491450903761602
7.816316560820712e-05
-0.00024621397166585244
6.985832926233512e-05
-0.00023009281875915975
0.0001333659013190034
-0.0002975085490962384
7.620908646800195e-05
-0.0002506106497313141
6.106497313141182e-05
-0.00028529555446995603
0.00014118221787982413
-0.00024767953102100635
7.278944797264289e-05
-0.00026819736199316073
0.0001074743527112848
-0.00030288226673180264
8.15828041035662e-05
-0.0002628236443575965
8.402540302882266e-05
-0.0002642892037127504
0.00017635564240351735
-0.0002442598925256473
0.00010405471421592574
-0.00024767953102100635
7.620908646800195e-05
-0.0002554958475818271
5.7645334636052756e-05
-0.00023693209574987786
0.00013190034196384952
-0.00029115779189057157
0.0001338544211040547
-0.00025256472887151934
7.767464582315583e-05
-0.0002589154860771861
0.00010649731314118222
-0.00024670249145090375
7.572056668295066e-05
-0.00024572545188080114
0.0001265266243282853
-0.00030385930630190525
0.00017733268197361993
-0.0002071323888617489
0.00010893991206643869
-0.00021055202735710795
0.00015046409379579874
-0.00025647288715192966
5.9599413776257937e-05
-0.00029506595017098194
0.00010893991206643869
-0.0002540302882266732
0.000126038104543234
-0.00019687347337567172
8.06057645334636e-05
-0.00017586712261846604
0.00011138251099169516
-0.0002325354176844162
7.816316560820712e-05
-0.00028529555446995603
7.865168539325843e-05
-0.00029408891060087933
0.00019638495359062042
-0.0002491450903761602
8.109428431851489e-05
-0.00017537860283341474
8.15828041035662e-05
-0.00025744992672203226
8.695652173913043e-05
-0.00023497801660967267
9.379579872984856e-05
-0.000298485588666341
0.00013873961895456767
-0.0002667318026380068
7.278944797264289e-05
-0.00022911577918905714
0.00011235955056179774
-0.00026038104543234003
0.00014020517830972155
-0.00025256472887151934
9.281875915974596e-05
-0.0003087445041524182
0.00010698583292623351
-0.00025842696629213487
0.00013922813873961894
-0.00019101123595505618
0.00012848070346849048
-0.00031118710307767464
0.00014020517830972155
-0.0002623351245725452
0.00012994626282364436
-0.00032193453834880316
0.00013678553981436248
-0.00021152906692721056
0.00011529066927210551
-0.0002154372252076209
0.00011529066927210551
-0.00025158768930141673
0.00011773326819736199
-0.00021934538348803126
0.00011333659013190034
-0.00025158768930141673
0.00016658524670249143
-0.00023106985832926233
0.00010210063507572057
-0.00023497801660967267
0.00013434294088910602
-0.00029653150952613585
8.06057645334636e-05
-0.0002242305813385442
0.00015192965315095262
-0.0002335124572545188
0.00013629702002931118
-0.0002755251587689301
0.00013971665852467025
-0.0002423058133854421
3.517342452369321e-05
-0.00027894479726428925
6.790425012212995e-05
-0.00027796775769418664
0.00011089399120664386
-0.0002452369320957499
0.00011968734733756716
-0.00021348314606741572
7.669760625305324e-05
-0.0002252076209086468
0.0001167562286272594
-0.0002960429897410845
7.620908646800195e-05
-0.0002838299951148022
0.00011382510991695163
-0.0003341475329750855
0.00013873961895456767
-0.0002085979482169028
0.00012310698583292622
-0.00025744992672203226
7.23009281875916e-05
-0.00030288226673180264
9.03761602344895e-05
-0.00028334147532975087
8.353688324377137e-05
-0.00027796775769418664
0.00017293600390815827
-0.00024572545188080114
2.8822667318026378e-05
-0.00024719101123595505
8.353688324377137e-05
-0.00030288226673180264
6.204201270151441e-05
-0.0002340009770395701
0.00013727405959941378
-0.0002706399609184172
9.526135808500244e-05
-0.0002921348314606742
6.643869076697607e-05
-0.00021250610649731314
7.718612603810454e-05
-0.0002672203224230582
1.9540791402051783e-06
-0.0002496336101612115
0.00011382510991695163
-0.00026477772349780166
9.135319980459208e-05
-0.0002506106497313141
-2.4425989252564726e-06
-0.0001998045920859795
0.00011822178798241328
-0.0002799218368343918
0.00010161211529066927
-0.00026819736199316073
0.00011822178798241328
-0.0002975085490962384
0.0001172447484123107
-0.00022129946262823644
9.428431851489985e-05
-0.00016756228627259404
7.278944797264289e-05
-0.00027454811919882757
1.4655593551538837e-06
-0.00030190522716170003
7.914020517830972e-05
-0.0002623351245725452
0.00019296531509526135
-0.0002066438690766976
5.666829506595017e-05
-0.00026575476306790426
5.471421592574499e-05
-0.0002975085490962384
8.255984367366878e-05
-0.00022716170004885198
0.00019638495359062042
-0.000298485588666341
0.00012212994626282364
-0.00022227650219833902
0.00010356619443087445
-0.0002696629213483146
6.399609184171959e-05
-0.0002510991695163654
5.080605764533463e-05
-0.00023693209574987786
0.0001172447484123107
-0.00024035173424523693
8.255984367366878e-05
-0.00024719101123595505
5.813385442110405e-05
-0.00021739130434782607
0.00011382510991695163
-0.00022276502198339033
2.1006350757205665e-05
-0.00027747923790913534
6.692721055202736e-05
-0.0003263312164142648
0.00011382510991695163
-0.00024767953102100635
0.00014313629702002932
-0.0002848070346849048
5.227161700048852e-05
-0.0002926233512457255
4.49438202247191e-05
-0.00026477772349780166
0.0001245725451880801
-0.0002408402540302882
0.00012212994626282364
-0.00023155837811431363
5.813385442110405e-05
-0.0002256961406936981
0.00011187103077674645
-0.0003087445041524182
0.00010698583292623351
-0.00024767953102100635
0.00011382510991695163
-0.00029653150952613585
0.00016023448949682462
-0.00020322423058133853
6.692721055202736e-05
-0.0002926233512457255
9.819247679531021e-05
-0.00026380068392769905
8.451392281387396e-05
-0.00023839765510503175
0.00011480214948705422
-0.00033805569125549585
0.0001167562286272594
-0.00024572545188080114
-6.350757205666829e-06
-0.00020468978993649242
7.23009281875916e-05
-0.00026135808500244264
5.617977528089887e-05
-0.0002960429897410845
9.184171958964338e-05
-0.0003258426966292135
6.790425012212995e-05
-0.00017489008304836346
0.0001436248168050806
-0.00019540791402051784
9.086468001954079e-05
-0.00024572545188080114
4.396678065461651e-05
-0.00026819736199316073
7.572056668295066e-05
-0.0002589154860771861
0.00016658524670249143
-0.0002618466047874939
6.106497313141182e-05
-0.0002144601856375183
8.549096238397654e-05
-0.0003346360527601368
5.471421592574499e-05
-0.0002608695652173913
0.0001333659013190034
-0.00029018075232046896
0.00011333659013190034
-0.00025598436736687835
5.862237420615535e-05
-0.00021983390327308256
3.8104543234000975e-05
-0.0002667318026380068
9.574987787005373e-05
-0.00022032242305813384
0.0001348314606741573
-0.0002926233512457255
5.813385442110405e-05
-0.0002784562774792379
6.643869076697607e-05
-0.00024816805080605766
0.00010649731314118222
-0.0002623351245725452
3.908158280410356e-05
-0.00022911577918905714
0.00015632633121641425
-0.0002794333170493405
0.00011333659013190034
-0.0002237420615534929
0.00011871030776746458
-0.00020468978993649242
0.00011187103077674645
-0.00023595505617977528
5.9599413776257937e-05
-0.0002554958475818271
0.00010356619443087445
-0.00026135808500244264
9.965803615046409e-05
-0.00022618466047874937
7.669760625305324e-05
-0.00027454811919882757
0.00011040547142159257
-0.0002633121641426478
5.37371763556424e-05
-0.0001978505129457743
0.00015730337078651685
-0.00029164631167562287
0.00011333659013190034
-0.0002325354176844162
0.00010942843185148998
-0.00029408891060087933
6.3019052271617e-05
-0.0002711284807034685
0.00013238886174890083
-0.0002496336101612115
0.00011089399120664386
-0.0002730825598436737
0.00011089399120664386
-0.0002340009770395701
8.011724474841231e-05
-0.00020029311187103076
0.00012066438690766976
-0.0002530532486565706
0.00010356619443087445
-0.0002794333170493405
0.00011773326819736199
-0.00031656082071323887
0.00015095261358085002
-0.00023155837811431363
0.0001421592574499267
-0.00025647288715192966
9.281875915974597e-06
-0.0002799218368343918
5.569125549584758e-05
-0.00023937469467513433
9.428431851489985e-05
-0.00028578407425500734
0.00014069369809477283
-0.0002408402540302882
7.523204689789937e-05
-0.000281875915974597
6.595017098192476e-05
-0.0003004396678065462
9.721543722520761e-05
-0.00023595505617977528
0.00016365412799218367
-0.00028529555446995603
0.00016756228627259404
-0.0002452369320957499
0.00010014655593551538
-0.0002452369320957499
8.15828041035662e-05
-0.00027503663898387887
0.0001167562286272594
-0.0002794333170493405
8.842208109428431e-05
-0.00031216414264777725
0.00014264777723497802
-0.00022032242305813384
8.109428431851489e-05
-0.0001797752808988764
0.00012994626282364436
-0.00022667318026380068
3.517342452369321e-05
-0.00027015144113336594
0.00015486077186126036
-0.0002921348314606742
0.00013141182217879825
-0.00019296531509526135
0.00012896922325354176
-0.0002540302882266732
8.451392281387396e-05
-0.0003082559843673669
3.419638495359062e-05
-0.00024621397166585244
0.00012359550561797752
-0.0002501221299462628
0.0001885686370297997
-0.00021152906692721056
9.281875915974596e-05
-0.0002169027845627748
6.204201270151441e-05
-0.00029506595017098194
3.7616023448949685e-05
-0.00027357107962872496
0.00013287738153395213
-0.0002843185148998534
0.00019296531509526135
-0.0002427943331704934
7.865168539325843e-05
-0.00024035173424523693
3.712750366389839e-05
-0.00023595505617977528
0.00010698583292623351
-0.0002706399609184172
0.00010356619443087445
-0.0002579384465070835
0.00015388373229115778
-0.0002242305813385442
3.126526624328285e-05
-0.0002144601856375183
0.00010356619443087445
-0.0002711284807034685
6.839276990718124e-05
-0.00025158768930141673
0.00014509037616023448
-0.0003170493404982902
8.842208109428431e-05
-0.0002325354176844162
0.00013922813873961894
-0.00021934538348803126
0.00010356619443087445
-0.0002848070346849048
8.744504152418173e-05
-0.00026917440156326334
6.399609184171959e-05
-0.0002408402540302882
0.00017342452369320958
-0.0002501221299462628
0.00011822178798241328
-0.0001871030776746458
9.770395701025892e-05
-0.0002677088422081094
7.18124084025403e-05
-0.00021934538348803126
0.00010649731314118222
-0.0002677088422081094
0.00011968734733756716
-0.00023106985832926233
0.00011431362970200293
-0.00024621397166585244
4.3478260869565214e-05
-0.00019931607230092818
6.3019052271617e-05
-0.00023888617489008305
8.011724474841231e-05
-0.000281875915974597
0.0001172447484123107
-0.0002618466047874939
2.9311187103077674e-06
-0.00017537860283341474
0.00010942843185148998
-0.00023937469467513433
6.204201270151441e-05
-0.0002667318026380068
7.425500732779678e-05
-0.00027894479726428925
0.0001358085002442599
-0.00017537860283341474
0.0001607230092818759
-0.00020322423058133853
9.672691744015632e-05
-0.00024377137274059598
4.934049829018075e-05
-0.0002579384465070835
6.106497313141182e-05
-0.000315095261358085
0.00013238886174890083
-0.00020127015144113337
6.790425012212995e-05
-0.0002540302882266732
7.865168539325843e-05
-0.00028138739618954566
6.0087933561309233e-05
-0.00021152906692721056
0.00011333659013190034
-0.0002838299951148022
0.0001265266243282853
-0.0001695163654127992
2.3937469467513433e-05
-0.0002408402540302882
0.00010405471421592574
-0.0002882266731802638
0.0001265266243282853
-0.00026819736199316073
8.98876404494382e-05
-0.0002808988764044944
0.00010210063507572057
-0.00023644357596482656
0.0001084513922813874
-0.00019394235466536395
2.8822667318026378e-05
-0.00024377137274059598
5.471421592574499e-05
-0.0002423058133854421
7.425500732779678e-05
-0.0003063019052271617
9.86809965803615e-05
-0.00020517830972154372
0.00015144113336590132
-0.00022960429897410844
8.15828041035662e-05
-0.00030679042501221296
1.6609672691744016e-05
-0.0002506106497313141
0.00010307767464582315
-0.00023742061553492917
0.0001436248168050806
-0.00020371275036638984
7.23009281875916e-05
-0.0002540302882266732
7.767464582315583e-05
-0.0002432828529555447
1.2212994626282365e-05
-0.0002237420615534929
0.00010112359550561798
-0.0002672203224230582
0.0001245725451880801
-0.0002247191011235955
0.00010454323400097703
-0.00022911577918905714
8.304836345872008e-05
-0.00024377137274059598
4.0547142159257446e-05
-0.00024719101123595505
0.00010014655593551538
-0.00027650219833903273
7.523204689789937e-05
-0.00029897410845139226
5.42256961406937e-05
-0.00021787982413287737
0.00010356619443087445
-0.00023546653639472398
8.451392281387396e-05
-0.00023009281875915975
0.00010454323400097703
-0.0002510991695163654
0.00011431362970200293
-0.00013190034196384952
7.23009281875916e-05
-0.00016365412799218367
0.00011871030776746458
-0.00022667318026380068
8.597948216902785e-05
-0.0002432828529555447
5.666829506595017e-05
-0.0002848070346849048
0.00015583781143136297
-0.0002554958475818271
3.517342452369321e-05
-0.00025598436736687835
9.03761602344895e-05
-0.000298485588666341
4.689789936492428e-05
-0.00017782120175867123
0.00012115290669272105
-0.00028334147532975087
0.00011089399120664386
-0.0002061553492916463
0.00016805080605764532
-0.00025744992672203226
7.865168539325843e-05
-0.00023937469467513433
0.0001265266243282853
-0.0002506106497313141
0.0001245725451880801
-0.0002804103566194431
0.0001460674157303371
-0.0002066438690766976
7.523204689789937e-05
-0.00020029311187103076
8.597948216902785e-05
-0.0002711284807034685
6.839276990718124e-05
-0.00022276502198339033
0.00010942843185148998
-0.00030385930630190525
0.0001172447484123107
-0.00021152906692721056
0.00011822178798241328
-0.0002506106497313141
9.526135808500244e-05
-0.0002530532486565706
6.0087933561309233e-05
-0.0003014167073766488
0.00011138251099169516
-0.00028578407425500734
9.135319980459208e-05
-0.00023693209574987786
0.00010649731314118222
-0.0002442598925256473
6.204201270151441e-05
-0.0003326819736199316
7.767464582315583e-05
-0.00024572545188080114
0.00015681485100146555
-0.00028285295554469957
0.00014313629702002932
-0.0002232535417684416
0.00011871030776746458
-0.00023937469467513433
0.00010014655593551538
-0.00023790913531998044
8.891060087933561e-05
-0.00026624328285295557
0.0001255495847581827
-0.00026868588177821203
8.793356130923302e-05
-0.00026819736199316073
8.793356130923302e-05
-0.00016902784562774793
0.00011577918905715682
-0.0002882266731802638
9.526135808500244e-05
-0.0003102100635075721
0.00010112359550561798
-0.00029555446995603325
0.00011968734733756716
-0.0002496336101612115
0.0001074743527112848
-0.00023986321446018563
8.011724474841231e-05
-0.00025744992672203226
3.175378602833415e-05
-0.0002432828529555447
0.00013287738153395213
-0.00027650219833903273
0.0002408402540302882
-0.00019931607230092818
5.617977528089887e-05
-0.0002432828529555447
7.474352711284807e-05
-0.00027357107962872496
7.327796775769418e-05
-0.00024767953102100635
0.00010454323400097703
-0.0002755251587689301
0.00011382510991695163
-0.0002237420615534929
4.0058622374206156e-05
-0.0002677088422081094
0.00010210063507572057
-0.00030434782608695655
0.00010552027357107963
-0.00022227650219833902
0.00018612603810454323
-0.00028676111382510994
0.00012066438690766976
-0.00023790913531998044
7.620908646800195e-05
-0.00018172936003908158
9.574987787005373e-05
-0.00025989252564728873
4.2989741084513923e-05
-0.00027015144113336594
0.00014118221787982413
-0.00030288226673180264
0.00013727405959941378
-0.0002423058133854421
0.00015925744992672202
-0.00026868588177821203
0.00011382510991695163
-0.00022813873961895456
5.37371763556424e-05
-0.0002628236443575965
0.00010405471421592574
-0.0002085979482169028
0.0002154372252076209
-0.00023839765510503175
1.954079140205178e-05
-0.00021250610649731314
8.695652173913043e-05
-0.0002677088422081094
7.18124084025403e-05
-0.00022765021983390326
8.255984367366878e-05
-0.00029457743038593064
0.0001353199804592086
-0.00020420127015144114
6.35075720566683e-05
-0.00023742061553492917
3.468490473864192e-05
-0.00029408891060087933
0.0001250610649731314
-0.00021250610649731314
0.00011431362970200293
-0.00033365901319003423
4.2501221299462627e-05
-0.0002530532486565706
0.00010649731314118222
-0.00021152906692721056
9.03761602344895e-05
-0.0002491450903761602
0.00011040547142159257
-0.00019101123595505618
0.00011529066927210551
-0.00026917440156326334
0.00010991695163654128
-0.00019491939423546653
5.5202735710796285e-05
-0.00018368343917928677
0.00010893991206643869
-0.00026575476306790426
5.324865657059111e-05
-0.00024719101123595505
0.00012994626282364436
-0.00024132877381533951
0.00015974596971177332
-0.00022911577918905714
6.497313141182218e-05
-0.0002340009770395701
0.00010942843185148998
-0.00032046897899364925
9.379579872984856e-05
-0.00024572545188080114
8.402540302882266e-05
-0.00029653150952613585
8.98876404494382e-05
-0.00025696140693698096
0.00010112359550561798
-0.00026868588177821203
2.1494870542256962e-05
-0.0002677088422081094
7.572056668295066e-05
-0.00021006350757205668
0.00013922813873961894
-0.00031998045920859794
0.0001524181729360039
-0.00023497801660967267
2.9799706888128968e-05
-0.00019394235466536395
8.744504152418173e-05
-0.00028627259404005864
8.109428431851489e-05
-0.0002887151929653151
0.00016463116756228627
-0.0002501221299462628
0.00014997557401074744
-0.0002066438690766976
0.00011919882755251587
-0.00020273571079628726
0.00010942843185148998
-0.0003082559843673669
3.224230581338544e-05
-0.0002501221299462628
8.500244259892525e-05
-0.0002760136785539815
0.00019491939423546653
-0.00021104054714215926
7.718612603810454e-05
-0.0002340009770395701
8.207132388861749e-05
-0.0002721055202735711
4.9829018075232046e-05
-0.00026575476306790426
0.0001787982413287738
-0.00021152906692721056
0.0001436248168050806
-0.00027503663898387887
8.500244259892525e-05
-0.0001871030776746458
0.0001529066927210552
-0.0001875915974596971
9.233023937469467e-05
-0.00022716170004885198
9.03761602344895e-05
-0.0002677088422081094
0.00011431362970200293
-0.0002921348314606742
5.9599413776257937e-05
-0.0001792867611138251
9.233023937469467e-05
-0.00029897410845139226
6.155349291646311e-05
-0.00021201758671226184
0.0001353199804592086
-0.00030434782608695655
0.00015534929164631167
-0.00021397166585246702
0.00010307767464582315
-0.0002081094284318515
9.379579872984856e-05
-0.00027796775769418664
5.617977528089887e-05
-0.0002442598925256473
0.00011333659013190034
-0.00023595505617977528
0.00017733268197361993
-0.00022765021983390326
6.741573033707865e-05
-0.0002320468978993649
4.934049829018075e-05
-0.0002530532486565706
4.885197850512946e-05
-0.00023497801660967267
0.00016853932584269662
-0.0002442598925256473
0.00013238886174890083
-0.00023790913531998044
7.914020517830972e-05
-0.00021836834391792868
0.00010014655593551538
-0.00028578407425500734
7.23009281875916e-05
-0.00019101123595505618
7.816316560820712e-05
-0.0002721055202735711
0.00015192965315095262
-0.00019345383488031265
7.914020517830972e-05
-0.00021885686370297995
9.184171958964338e-05
-0.00024767953102100635
0.00010649731314118222
-0.00024035173424523693
0.00013434294088910602
-0.0002667318026380068
0.00012359550561797752
-0.00022081094284318514
0.0001172447484123107
-0.0002594040058622374
6.643869076697607e-05
-0.00025647288715192966
4.640937957987298e-05
-0.00029653150952613585
7.034684904738641e-05
-0.00022178798241328772
0.00019394235466536395
-0.00014802149487054225
9.086468001954079e-05
-0.00020957498778700537
7.18124084025403e-05
-0.00027405959941377626
0.00011138251099169516
-0.0002667318026380068
0.0001787982413287738
-0.00023790913531998044
0.00010356619443087445
-0.00022276502198339033
0.00012994626282364436
-0.00021739130434782607
5.569125549584758e-05
-0.0002545188080117245
6.0576453346360524e-05
-0.00025256472887151934
0.00013727405959941378
-0.0002623351245725452
0.00015486077186126036
-0.0002344894968246214
0.00010307767464582315
-0.00019296531509526135
0.0001245725451880801
-0.00031069858329262333
9.819247679531021e-05
-0.0002579384465070835
0.00010307767464582315
-0.0002994626282364436
7.669760625305324e-05
-0.00021787982413287737
0.00015779189057156813
-0.00020371275036638984
9.770395701025892e-05
-0.00028236443575964826
6.399609184171959e-05
-0.0002442598925256473
8.011724474841231e-05
-0.00028529555446995603
0.0002242305813385442
-0.00020957498778700537
9.379579872984856e-05
-0.0002232535417684416
0.00010698583292623351
-0.0002447484123106986
6.643869076697607e-05
-0.0002540302882266732
0.00016511968734733755
-0.0002926233512457255
0.00014997557401074744
-0.00022765021983390326
0.00013873961895456767
-0.0002247191011235955
0.00010942843185148998
-0.00027747923790913534
0.00010356619443087445
-0.0002154372252076209
0.00010503175378602834
-0.00029408891060087933
8.402540302882266e-05
-0.00027503663898387887
3.712750366389839e-05
-0.00023644357596482656
0.00015144113336590132
-0.00026819736199316073
5.7156814851001466e-05
-0.00019149975574010746
0.00012066438690766976
-0.00026575476306790426
0.00011919882755251587
-0.0002164142647777235
0.0001436248168050806
-0.00020029311187103076
0.0001245725451880801
-0.00024621397166585244
0.00010405471421592574
-0.00028236443575964826
7.572056668295066e-05
-0.0002799218368343918
0.00015828041035661944
-0.00024816805080605766
4.9829018075232046e-05
-0.0002838299951148022
8.207132388861749e-05
-0.0002872496336101612
7.376648754274549e-05
-0.00020127015144113337
0.0001460674157303371
-0.0002696629213483146
9.330727894479727e-05
-0.00026380068392769905
8.695652173913043e-05
-0.0002447484123106986
0.00011431362970200293
-0.0002711284807034685
7.669760625305324e-05
-0.0002633121641426478
0.00011577918905715682
-0.0002667318026380068
0.00011333659013190034
-0.00026038104543234003
7.669760625305324e-05
-0.00021055202735710795
0.0001460674157303371
-0.0002979970688812897
6.888128969223253e-05
-0.00027796775769418664
0.0001792867611138251
-0.00022032242305813384
0.00011187103077674645
-0.0002496336101612115
0.0001792867611138251
-0.00023644357596482656
0.00010210063507572057
-0.0002711284807034685
0.00013190034196384952
-0.0002452369320957499
0.00014655593551538836
-0.0002623351245725452
0.0001802638006839277
-0.00021397166585246702
0.00011089399120664386
-0.00022032242305813384
9.574987787005373e-05
-0.0002589154860771861
5.7645334636052756e-05
-0.00022032242305813384
0.00015779189057156813
-0.00026868588177821203
0.00017244748412310697
-0.0002633121641426478
7.18124084025403e-05
-0.0002085979482169028
8.597948216902785e-05
-0.00024767953102100635
9.965803615046409e-05
-0.00030288226673180264
0.00014118221787982413
-0.0002887151929653151
0.00014753297508549097
-0.00024719101123595505
0.00011382510991695163
-0.0002320468978993649
0.00011968734733756716
-0.00025500732779677575
0.00012945774303859306
-0.00030532486565705916
5.9599413776257937e-05
-0.0003180263800683928
0.00014069369809477283
-0.00024719101123595505
0.00012359550561797752
-0.0001704934049829018
7.23009281875916e-05
-0.0002623351245725452
7.18124084025403e-05
-0.00024719101123595505
4.201270151441133e-05
-0.00028334147532975087
0.00015876893014167074
-0.00021201758671226184
0.00010161211529066927
-0.00018808011724474842
-7.816316560820713e-06
-0.0002667318026380068
4.201270151441133e-05
-0.00020322423058133853
0.00019052271617000488
-0.0002242305813385442
0.00014851001465559355
-0.00021299462628236444
6.25305324865657e-05
-0.0002252076209086468
0.00010356619443087445
-0.0002432828529555447
0.00011040547142159257
-0.00023839765510503175
0.00011822178798241328
-0.0002760136785539815
8.109428431851489e-05
-0.00023693209574987786
7.962872496336101e-05
-0.00015339521250610648
9.379579872984856e-05
-0.00024767953102100635
3.370786516853932e-05
-0.0002325354176844162
8.793356130923302e-05
-0.00028773815339521255
0.00012261846604787494
-0.00022813873961895456
0.00014020517830972155
-0.00025598436736687835
7.23009281875916e-05
-0.0002535417684416219
1.612115290669272e-05
-0.0002540302882266732
0.0001084513922813874
-0.0002936003908158281
0.00017733268197361993
-0.00020566682950659502
0.00010014655593551538
-0.00023106985832926233
9.184171958964338e-05
-0.0003092330239374695
4.7874938935026865e-05
-0.00026868588177821203
0.00014655593551538836
-0.0002848070346849048
0.00010063507572056669
-0.000252076209086468
8.304836345872008e-05
-0.00025500732779677575
9.281875915974596e-05
-0.0002696629213483146
0.00012896922325354176
-0.0002530532486565706
9.819247679531021e-05
-0.00029408891060087933
0.00013043478260869564
-0.00022178798241328772
8.597948216902785e-05
-0.00019003419638495358
0.0001250610649731314
-0.00030679042501221296
0.00012848070346849048
-0.00023155837811431363
0.00012066438690766976
-0.0002486565705911089
0.00010454323400097703
-0.00023790913531998044
0.000126038104543234
-0.0002427943331704934
0.00012115290669272105
-0.0002535417684416219
4.2989741084513923e-05
-0.00020175867122618465
0.00013825109916951636
-0.00027454811919882757
0.00010600879335613092
-0.00025842696629213487
0.00010063507572056669
-0.0002506106497313141
5.37371763556424e-05
-0.00023106985832926233
6.35075720566683e-05
-0.0002335124572545188
8.891060087933561e-05
-0.00023888617489008305
0.00013825109916951636
-0.0002252076209086468
0.00013776257938446506
-0.00023839765510503175
0.00010014655593551538
-0.00023986321446018563
0.00014264777723497802
-0.0002608695652173913
0.0001529066927210552
-0.00029115779189057157
0.000126038104543234
-0.00022716170004885198
6.0576453346360524e-05
-0.00022227650219833902
9.233023937469467e-05
-0.00028529555446995603
5.324865657059111e-05
-0.00023595505617977528
0.00011382510991695163
-0.00027405959941377626
0.00012848070346849048
-0.00020762090864680018
9.428431851489985e-05
-0.00021299462628236444
0.00012408402540302883
-0.0002872496336101612
7.767464582315583e-05
-0.0002340009770395701
0.00014704445530043967
-0.00024670249145090375
0.00017391304347826085
-0.0002608695652173913
0.00010112359550561798
-0.0002677088422081094
0.00011773326819736199
-0.00030532486565705916
8.109428431851489e-05
-0.00024181729360039082
0.00014948705422569613
-0.00023106985832926233
0.0001460674157303371
-0.0001709819247679531
0.00010063507572056669
-0.00023546653639472398
5.178309721543723e-05
-0.0002496336101612115
0.00011089399120664386
-0.0002320468978993649
8.891060087933561e-05
-0.0002579384465070835
0.00011138251099169516
-0.00026819736199316073
0.00013238886174890083
-0.00021787982413287737
0.00014557889594528578
-0.000298485588666341
5.42256961406937e-05
-0.00021201758671226184
7.865168539325843e-05
-0.0002896922325354177
0.0001436248168050806
-0.0001441133365901319
0.00010161211529066927
-0.00021592574499267218
6.888128969223253e-05
-0.0002896922325354177
6.936980947728383e-05
-0.00027503663898387887
9.623839765510503e-05
-0.00023937469467513433
0.00013776257938446506
-0.00021885686370297995
0.00012212994626282364
-0.00020029311187103076
5.666829506595017e-05
-0.00025500732779677575
4.689789936492428e-05
-0.0002545188080117245
0.0001436248168050806
-0.0002618466047874939
0.0001787982413287738
-0.00022716170004885198
0.00010698583292623351
-0.00020957498778700537
6.643869076697607e-05
-0.00026380068392769905
9.86809965803615e-05
-0.0002618466047874939
9.526135808500244e-05
-0.00026526624328285296
0.00013141182217879825
-0.00020224719101123595
0.00010210063507572057
-0.00017293600390815827
0.00017684416218856862
-0.00029408891060087933
9.135319980459208e-05
-0.00025696140693698096
9.965803615046409e-05
-0.0002896922325354177
0.00016365412799218367
-0.00018124084025403027
0.00016853932584269662
-0.0001797752808988764
0.0001270151441133366
-0.00029457743038593064
2.2960429897410846e-05
-0.00024572545188080114
0.00010893991206643869
-0.0002452369320957499
0.00018319491939423546
-0.00020957498778700537
0.00010014655593551538
-0.0002247191011235955
0.0001250610649731314
-0.0003253541768441622
0.00010112359550561798
-0.00022276502198339033
0.0001460674157303371
-0.00029408891060087933
0.00014704445530043967
-0.00023937469467513433
0.00012212994626282364
-0.00027015144113336594
6.595017098192476e-05
-0.0002696629213483146
0.0001084513922813874
-0.0002554958475818271
0.00012750366389838787
-0.00025842696629213487
0.0001162677088422081
-0.0001885686370297997
0.00010258915486077186
-0.00019491939423546653
0.00010991695163654128
-0.0002623351245725452
5.9599413776257937e-05
-0.0002936003908158281
0.0001172447484123107
-0.0002872496336101612
0.00010405471421592574
-0.00024035173424523693
8.451392281387396e-05
-0.0002154372252076209
9.819247679531021e-05
-0.00023009281875915975
8.304836345872008e-06
-0.0002486565705911089
7.914020517830972e-05
-0.0002535417684416219
0.00017440156326331216
-0.0002335124572545188
8.402540302882266e-05
-0.0002608695652173913
0.00011919882755251587
-0.000315095261358085
6.790425012212995e-05
-0.0002154372252076209
0.00011235955056179774
-0.00030337078651685394
0.00011968734733756716
-0.00020371275036638984
9.770395701025892e-05
-0.00022276502198339033
9.379579872984856e-05
-0.00023888617489008305
5.227161700048852e-05
-0.00021787982413287737
0.00012750366389838787
-0.00023790913531998044
0.00010210063507572057
-0.00021201758671226184
7.620908646800195e-05
-0.0002144601856375183
8.744504152418173e-05
-0.0002589154860771861
9.672691744015632e-05
-0.00024035173424523693
9.428431851489985e-05
-0.00024670249145090375
0.00015486077186126036
-0.00017440156326331216
0.00011480214948705422
-0.00023155837811431363
0.00010356619443087445
-0.0002501221299462628
4.934049829018075e-05
-0.00030434782608695655
8.98876404494382e-05
-0.00023595505617977528
0.0001255495847581827
-0.00019198827552515876
9.281875915974596e-05
-0.00017733268197361993
8.646800195407914e-05
-0.0003497801660967269
6.155349291646311e-05
-0.00023497801660967267
0.0001074743527112848
-0.0002730825598436737
0.00013971665852467025
-0.0002081094284318515
0.00010014655593551538
-0.0002335124572545188
6.497313141182218e-05
-0.00027650219833903273
0.00011431362970200293
-0.00022960429897410844
0.00013238886174890083
-0.00030776746458231557
7.767464582315583e-05
-0.00025989252564728873
5.813385442110405e-05
-0.00019394235466536395
7.620908646800195e-05
-0.0002423058133854421
9.184171958964338e-05
-0.0002623351245725452
0.00017537860283341474
-0.0002730825598436737
0.00013092330239374694
-0.00021348314606741572
0.00011822178798241328
-0.00019394235466536395
8.353688324377137e-05
-0.00023839765510503175
4.934049829018075e-05
-0.00028236443575964826
9.03761602344895e-05
-0.00023790913531998044
0.000189057156814851
-0.00022813873961895456
8.255984367366878e-05
-0.00024719101123595505
4.640937957987298e-05
-0.0002960429897410845
0.00010210063507572057
-0.0002501221299462628
0.0001250610649731314
-0.0003141182217879824
0.000126038104543234
-0.0002491450903761602
9.330727894479727e-05
-0.0002340009770395701
6.399609184171959e-05
-0.00023986321446018563
5.080605764533463e-05
-0.00022813873961895456
0.00010649731314118222
-0.00025598436736687835
6.35075720566683e-05
-0.0002081094284318515
7.620908646800195e-05
-0.0002144601856375183
0.00013043478260869564
-0.00029653150952613585
7.327796775769418e-05
-0.0002491450903761602
3.370786516853932e-05
-0.0002677088422081094
7.718612603810454e-05
-0.00016658524670249143
0.00015828041035661944
-0.00021836834391792868
0.00010942843185148998
-0.0002843185148998534
8.500244259892525e-05
-0.0003023937469467514
0.00010307767464582315
-0.00022911577918905714
6.643869076697607e-05
-0.00024181729360039082
7.034684904738641e-05
-0.0002628236443575965
8.304836345872008e-05
-0.00024719101123595505
7.669760625305324e-05
-0.0002085979482169028
0.00012164142647777235
-0.0002491450903761602
0.0001704934049829018
-0.0002642892037127504
7.962872496336101e-05
-0.0002672203224230582
6.497313141182218e-05
-0.00022667318026380068
0.0001421592574499267
-0.00022227650219833902
0.00016658524670249143
-0.0002510991695163654
0.00015534929164631167
-0.00023058133854421102
8.549096238397654e-05
-0.00020762090864680018
9.672691744015632e-05
-0.00029164631167562287
7.132388861748901e-05
-0.0002496336101612115
7.767464582315583e-05
-0.00031314118221787985
9.281875915974596e-05
-0.0002237420615534929
0.00014509037616023448
-0.00019394235466536395
0.0001358085002442599
-0.00023888617489008305
9.721543722520761e-05
-0.00027699071812408403
0.00015632633121641425
-0.0002799218368343918
0.00020762090864680018
-0.0002061553492916463
8.891060087933561e-05
-0.00023155837811431363
0.0001162677088422081
-0.00026477772349780166
9.86809965803615e-05
-0.00022081094284318514
8.06057645334636e-05
-0.0002540302882266732
0.0001446018563751832
-0.00023986321446018563
6.448461162677088e-05
-0.00021787982413287737
9.721543722520761e-05
-0.00023693209574987786
0.00011284807034684905
-0.00020468978993649242
8.353688324377137e-05
-0.0002843185148998534
0.00011089399120664386
-0.00025500732779677575
4.2501221299462627e-05
-0.0002491450903761602
0.00010796287249633609
-0.0002642892037127504
7.718612603810454e-05
-0.00028334147532975087
9.086468001954079e-05
-0.0002979970688812897
0.00012017586712261847
-0.000197361993160723
0.00011040547142159257
-0.00025696140693698096
5.227161700048852e-05
-0.00026575476306790426
9.135319980459208e-05
-0.00022129946262823644
0.00011529066927210551
-0.00023888617489008305
0.00019540791402051784
-0.0002496336101612115
6.35075720566683e-05
-0.00023058133854421102
9.03761602344895e-05
-0.00023497801660967267
0.00010649731314118222
-0.0002672203224230582
0.00014069369809477283
-0.00026380068392769905
0.0001348314606741573
-0.0002530532486565706
8.109428431851489e-05
-0.0002452369320957499
7.278944797264289e-05
-0.0002442598925256473
0.00011773326819736199
-0.0002696629213483146
0.00015486077186126036
-0.0002882266731802638
0.00011333659013190034
-0.00020322423058133853
9.233023937469467e-05
-0.00020517830972154372
0.0001436248168050806
-0.0003023937469467514
8.93991206643869e-05
-0.00024816805080605766
0.00012799218368343918
-0.00029018075232046896
0.00013092330239374694
-0.00021201758671226184
0.00013678553981436248
-0.00022765021983390326
8.15828041035662e-05
-0.0002970200293111871
2.344894968246214e-05
-0.00025500732779677575
0.00010405471421592574
-0.00029164631167562287
0.0001626770884220811
-0.00021983390327308256
8.597948216902785e-05
-0.00024719101123595505
7.767464582315583e-05
-0.00028334147532975087
8.15828041035662e-05
-0.00025744992672203226
0.00015583781143136297
-0.0002804103566194431
0.00013922813873961894
-0.0002496336101612115
8.353688324377137e-05
-0.00020566682950659502
5.080605764533463e-05
-0.0002081094284318515
9.574987787005373e-05
-0.00025989252564728873
0.00018319491939423546
-0.0003268197361993161
0.00013629702002931118
-0.0002340009770395701
3.126526624328285e-05
-0.00022716170004885198
0.00010600879335613092
-0.000298485588666341
0.00010552027357107963
-0.00021250610649731314
2.6380068392769907e-05
-0.00030679042501221296
7.523204689789937e-05
-0.0001998045920859795
0.00016463116756228627
-0.0001983390327308256
0.0001626770884220811
-0.0002872496336101612
7.23009281875916e-05
-0.0002794333170493405
0.00010210063507572057
-0.00025598436736687835
0.00016023448949682462
-0.00023546653639472398
0.00011040547142159257
-0.0002237420615534929
0.0001084513922813874
-0.0002642892037127504
9.233023937469467e-05
-0.0002247191011235955
0.00015339521250610648
-0.00030190522716170003
0.00013238886174890083
-0.0002335124572545188
0.00012017586712261847
-0.00024816805080605766
8.597948216902785e-05
-0.0002799218368343918
0.00011529066927210551
-0.00025989252564728873
6.595017098192476e-05
-0.0002594040058622374
0.00010161211529066927
-0.0002510991695163654
8.793356130923302e-05
-0.00019882755251587688
0.00014753297508549097
-0.00025256472887151934
6.204201270151441e-05
-0.00027503663898387887
0.00012799218368343918
-0.0002921348314606742
0.00013287738153395213
-0.00023644357596482656
0.0001446018563751832
-0.0002061553492916463
6.448461162677088e-05
-0.00029164631167562287
8.793356130923302e-05
-0.00023742061553492917
0.00013629702002931118
-0.0002540302882266732
0.00013190034196384952
-0.0002164142647777235
8.744504152418173e-05
-0.00024132877381533951
0.00010991695163654128
-0.00032193453834880316
4.640937957987298e-05
-0.00023742061553492917
0.0001617000488519785
-0.00025647288715192966
0.00013434294088910602
-0.00021836834391792868
9.672691744015632e-05
-0.0002872496336101612
4.5432340009770394e-05
-0.0002628236443575965
9.03761602344895e-05
-0.00024719101123595505
0.00013922813873961894
-0.00027894479726428925
7.132388861748901e-05
-0.0002335124572545188
6.155349291646311e-05
-0.0002427943331704934
0.0001543722520762091
-0.000298485588666341
7.523204689789937e-05
-0.0002872496336101612
0.00013434294088910602
-0.00026624328285295557
0.0001348314606741573
-0.00023497801660967267
0.00012750366389838787
-0.0002501221299462628
9.526135808500244e-05
-0.00031069858329262333
-4.885197850512945e-06
-0.00025500732779677575
0.00013971665852467025
-0.00025842696629213487
0.00021006350757205668
-0.00022178798241328772
6.35075720566683e-05
-0.0002242305813385442
5.7645334636052756e-05
-0.00030776746458231557
7.278944797264289e-05
-0.00027796775769418664
0.00014753297508549097
-0.00025744992672203226
0.00014313629702002932
-0.00018612603810454323
3.712750366389839e-05
-0.00023790913531998044
6.35075720566683e-05
-0.00027747923790913534
7.425500732779678e-05
-0.00024621397166585244
0.0001245725451880801
-0.0002960429897410845
0.00013190034196384952
-0.0002427943331704934
6.35075720566683e-05
-0.00021885686370297995
0.00011382510991695163
-0.00027894479726428925
6.399609184171959e-05
-0.00021592574499267218
0.0001162677088422081
-0.0002496336101612115
0.00015046409379579874
-0.00018172936003908158
0.0001333659013190034
-0.00021152906692721056
1.6609672691744016e-05
-0.00027454811919882757
7.034684904738641e-05
-0.0002706399609184172
0.00011040547142159257
-0.00027454811919882757
0.00014802149487054225
-0.0002677088422081094
4.7874938935026865e-05
-0.0002530532486565706
0.0001167562286272594
-0.00031949193942354664
3.517342452369321e-05
-0.0002501221299462628
0.00014264777723497802
-0.00028138739618954566
8.646800195407914e-05
-0.0002442598925256473
9.965803615046409e-05
-0.00025256472887151934
8.451392281387396e-05
-0.00024767953102100635
0.00012945774303859306
-0.00026575476306790426
0.00011089399120664386
-0.00027699071812408403
0.0001265266243282853
-0.0002554958475818271
7.474352711284807e-05
-0.00020273571079628726
0.00011138251099169516
-0.00023888617489008305
9.184171958964338e-05
-0.00029457743038593064
6.790425012212995e-05
-0.0002716170004885198
0.00014899853444064485
-0.00014802149487054225
0.00012310698583292622
-0.00019491939423546653
0.00013190034196384952
-0.0002589154860771861
6.106497313141182e-05
-0.0002667318026380068
0.00013238886174890083
-0.0002545188080117245
0.00017684416218856862
-0.00023693209574987786
5.5202735710796285e-05
-0.0002452369320957499
0.00010210063507572057
-0.0003258426966292135
5.7156814851001466e-05
-0.00024767953102100635
0.00018124084025403027
-0.00028334147532975087
0.0001074743527112848
-0.00025256472887151934
5.617977528089887e-05
-0.0002677088422081094
5.129457743038593e-05
-0.0002716170004885198
8.793356130923302e-05
-0.0002618466047874939
0.0001270151441133366
-0.00028676111382510994
0.00013043478260869564
-0.0002618466047874939
4.9829018075232046e-05
-0.0002066438690766976
9.721543722520761e-05
-0.0002970200293111871
5.324865657059111e-05
-0.0002486565705911089
9.819247679531021e-05
-0.0002843185148998534
0.00015730337078651685
-0.00022227650219833902
0.00017293600390815827
-0.0002427943331704934
0.0001167562286272594
-0.00029115779189057157
6.399609184171959e-05
-0.0002589154860771861
0.0001250610649731314
-0.00027650219833903273
0.00016853932584269662
-0.0002344894968246214
7.083536883243772e-05
-0.0002618466047874939
0.0001250610649731314
-0.0002921348314606742
4.49438202247191e-05
-0.00025598436736687835
0.0001172447484123107
-0.00027699071812408403
0.00014509037616023448
-0.00023937469467513433
0.00010454323400097703
-0.0002784562774792379
9.428431851489985e-05
-0.00023595505617977528
8.695652173913043e-05
-0.00023644357596482656
9.184171958964338e-05
-0.0003058133854421104
0.0001167562286272594
-0.00025842696629213487
0.00012115290669272105
-0.00022716170004885198
8.842208109428431e-05
-0.0002535417684416219
6.25305324865657e-05
-0.0002755251587689301
0.00010698583292623351
-0.0002696629213483146
0.00010112359550561798
-0.00022618466047874937
0.00013678553981436248
-0.00020908646800195407
0.00014167073766487544
-0.0002618466047874939
0.00018221787982413288
-0.0002579384465070835
0.00015534929164631167
-0.0002427943331704934
0.00020127015144113337
-0.0001612115290669272
0.00012164142647777235
-0.00020224719101123595
0.00014118221787982413
-0.0002535417684416219
7.425500732779678e-05
-0.0001875915974596971
0.0002486565705911089
-0.00020078163165608207
0.00023790913531998044
-0.00013873961895456767
0.0001783097215437225
-0.00015974596971177332
0.0001631656082071324
-0.0001612115290669272
0.00022862725940400586
-0.00015730337078651685
0.00023155837811431363
-0.00017586712261846604
0.0002423058133854421
-0.00010991695163654128
0.00017635564240351735
-0.0001353199804592086
0.00023106985832926233
-0.00020127015144113337
0.00018661455788959453
-0.00018124084025403027
0.00022276502198339033
-0.0001875915974596971
0.0002427943331704934
-0.00015681485100146555
0.00023888617489008305
-0.00012848070346849048
0.00017586712261846604
-0.00019101123595505618
0.00019394235466536395
-0.0001631656082071324
0.00011871030776746458
-0.0001792867611138251
0.00037567171470444553
-0.00010600879335613092
0.0002530532486565706
-6.25305324865657e-05
0.00028578407425500734
-0.00011235955056179774
0.00029018075232046896
-2.344894968246214e-05
0.0003654127992183683
-8.793356130923302e-05
0.00035710796287249637
-7.523204689789937e-05
0.00035368832437713724
-8.500244259892525e-05
0.00027454811919882757
-0.00010307767464582315
0.0002975085490962384
-8.646800195407914e-05
0.00030532486565705916
-9.135319980459208e-05
0.000378114313629702
-9.91695163654128e-05
0.00024035173424523693
-4.836345872007816e-05
0.00038886174890083046
-0.00017342452369320958
0.0002452369320957499
-0.00010649731314118222
0.0003663898387884709
-0.00014802149487054225
0.00038397655105031753
4.445530043966781e-05
0.0004313629702002931
2.051783097215437e-05
0.00033854421104054716
-2.9311187103077674e-06
0.0004274548119198828
-3.224230581338544e-05
0.0004088910600879336
-2.8334147532975084e-05
0.0004860771861260381
7.962872496336101e-05
0.00038983878847093307
5.7645334636052756e-05
0.0004044943820224719
-4.640937957987298e-05
0.00034587200781631655
-9.77039570102589e-06
0.0004704445530043967
-2.442598925256473e-05
0.0004230581338544211
8.500244259892525e-05
0.00036248168050806055
-5.862237420615535e-06
0.0003595505617977528
-5.7645334636052756e-05
0.0004084025403028823
1.4167073766487542e-05
0.0004142647777234978
-1.3190034196384953e-05
0.0004147532975085491
8.793356130923302e-06
0.00038104543234000976
9.672691744015632e-05
0.0005153883732291158
-3.4196384953590617e-06
0.00039912066438690767
8.011724474841231e-05
0.0004655593551538837
2.247191011235955e-05
0.0004846116267708842
0.00010552027357107963
0.0005686370297997068
0.00011919882755251587
0.0004606741573033708
9.526135808500244e-05
0.00045481191988275526
5.178309721543723e-05
0.0004919394235466536
2.5891548607718613e-05
0.0006042989741084513
8.15828041035662e-05
0.0004777723497801661
4.201270151441133e-05
0.0004860771861260381
2.3937469467513433e-05
0.0004211040547142159
7.132388861748901e-05
0.0005876893014167074
3.5661944308744504e-05
0.0005134342940889106
0.00015192965315095262
0.0005994137762579385
0.00013092330239374694
0.0005642403517342453
0.00015876893014167074
0.0005432340009770396
0.0001265266243282853
0.0005872007816316562
0.00016707376648754274
0.0006047874938935028
0.00013092330239374694
0.0004943820224719101
0.0001998045920859795
0.0006282364435759648
0.00014020517830972155
0.0005085490962383976
0.00015730337078651685
0.0005955056179775281
9.03761602344895e-05
0.0005446995603321935
0.00023155837811431363
0.0005984367366878358
0.00017684416218856862
0.0005598436736687836
0.00010356619443087445
0.000592085979482169
0.00015388373229115778
0.0005280898876404493
0.00012848070346849048
0.00071323888617489
0.00016365412799218367
0.0005691255495847581
0.00024035173424523693
0.0006805080605764533
0.00023839765510503175
0.0006956521739130434
0.0002887151929653151
0.0007718612603810454
0.0002808988764044944
0.0006985832926233512
0.00036492427943331707
0.0007454811919882755
0.0003170493404982902
0.0007484123106985832
0.0002706399609184172
0.0006648754274548119
0.00034587200781631655
0.0007747923790913532
0.0002608695652173913
0.0007327796775769418
0.0003048363458720078
0.0006780654616511968
0.0002960429897410845
0.0007752808988764045
0.00031314118221787985
0.0007020029311187103
0.0002843185148998534
0.000723009281875916
0.00020957498778700537
0.0007655105031753786
0.00033952125061064976
0.0006888128969223254
0.00033610161211529064
0.0006893014167073766
0.0002716170004885198
0.0006321446018563752
0.00028578407425500734
0.0007572056668295066
0.00031656082071323887
0.0008510014655593552
0.00031558378114313626
0.0007049340498290181
0.00032046897899364925
0.0007078651685393258
0.00024181729360039082
0.0006287249633610162
0.00034489496824621394
0.0007728382999511481
0.00023839765510503175
0.0007655105031753786
0.00026868588177821203
0.000723009281875916
0.0003160723009281876
0.0007020029311187103
0.00031216414264777725
0.0006673180263800685
0.0002633121641426478
0.0007278944797264289
0.00021104054714215926
0.0007581827063996092
0.00026868588177821203
0.0007581827063996092
0.00028676111382510994
0.0007733268197361993
0.00030434782608695655
0.000706399609184172
0.0002594040058622374
0.0007303370786516854
0.00022667318026380068
0.0007596482657547631
0.0003136297020029311
0.0007391304347826086
0.00031656082071323887
0.0007703957010258915
0.00027747923790913534
0.0007415730337078652
0.0002633121641426478
0.0006907669760625306
0.00025598436736687835
0.0008265754763067904
0.0003229115779189057
0.0006946751343429409
0.00031167562286272594
0.0007489008304836345
0.0002608695652173913
0.0007024914509037617
0.00031069858329262333
0.0007840742550073277
0.0002535417684416219
0.0007088422081094285
0.00029897410845139226
0.0007435271128480704
0.0002838299951148022
0.0007210552027357108
0.0003072789447972643
0.0007870053737176355
0.0003126526624328285
0.000749389350268686
0.0002711284807034685
0.0008182706399609184
0.0002672203224230582
0.0006946751343429409
0.0002432828529555447
0.0007274059599413776
0.0003058133854421104
0.0007313141182217879
0.0002672203224230582
0.0007567171470444552
0.0002081094284318515
0.0007884709330727895
0.0002994626282364436
0.0006741573033707865
0.0003136297020029311
0.0006873473375671715
0.00023595505617977528
0.0006770884220810943
0.00028529555446995603
0.000764533463605276
0.00026380068392769905
0.0007953102100635075
0.00027650219833903273
0.000747923790913532
0.0003248656570591109
0.000709819247679531
0.0002721055202735711
0.0007278944797264289
0.00027503663898387887
0.0008368343917928675
0.0002642892037127504
0.0007713727405959941
0.00032095749877870055
0.0007332681973619931
0.00022813873961895456
0.0007171470444553005
0.00029506595017098194
0.000723009281875916
0.00030190522716170003
0.0007713727405959941
0.00026135808500244264
0.0007777234978016609
0.0002760136785539815
0.0006331216414264777
0.0003414753297508549
0.0007552515876893015
0.00025744992672203226
0.0007254518808011725
0.0003404982901807523
0.0007703957010258915
0.0002164142647777235
0.00071323888617489
0.00036248168050806055
0.0007723497801660966
0.0002432828529555447
0.0007518319491939423
0.00029311187103077673
0.0006751343429408891
0.00027015144113336594
0.0006990718124084026
0.000323400097703957
0.0008212017586712261
0.0003356130923302394
0.000802638006839277
0.0002848070346849048
0.0007674645823155838
0.0002799218368343918
0.0007195896433805569
0.0003180263800683928
0.0007718612603810454
0.00021787982413287737
0.0007694186614557889
0.00032046897899364925
0.000709819247679531
0.0002721055202735711
0.000789447972642892
0.0002716170004885198
0.0007005373717635565
0.0003190034196384954
0.0007889594528578407
0.0002706399609184172
0.0008036150464093795
0.00031118710307767464
0.0007513434294088911
0.0003072789447972643
0.0007591597459697118
0.00027894479726428925
0.0007117733268197362
0.0002760136785539815
0.0006770884220810943
0.0002149487054225696
0.0007757694186614558
0.0003009281875915975
0.0007264289203712751
0.00030434782608695655
0.0007371763556424034
0.0002730825598436737
0.0007112848070346849
0.0002667318026380068
0.0007318026380068393
0.0002799218368343918
0.0007997068881289692
0.0002794333170493405
0.0007039570102589154
0.00025989252564728873
0.0007112848070346849
0.0002677088422081094
0.0007000488519785051
0.0003082559843673669
0.0007528089887640449
0.0002784562774792379
0.0007503663898387885
0.00029457743038593064
0.0007537860283341475
0.0002618466047874939
0.000709819247679531
0.0002784562774792379
0.0007249633610161211
0.0002721055202735711
0.0007327796775769418
0.00022129946262823644
0.0007254518808011725
0.00030190522716170003
0.0006761113825109917
0.00037567171470444553
0.0007391304347826086
0.0002672203224230582
0.0007122618466047875
0.0002784562774792379
0.0007923790913531998
0.00019247679531021007
0.0007376648754274549
0.0003214460185637518
0.0007616023448949683
0.00033365901319003423
0.0007484123106985832
0.0003351245725451881
0.0006580361504640938
0.00025842696629213487
0.0007195896433805569
0.0002672203224230582
0.0007782120175867122
0.00031949193942354664
0.0007186126038104543
0.0002887151929653151
0.0007884709330727895
0.00025696140693698096
0.0006917440156326331
0.00029897410845139226
0.0007459697117733268
0.00022960429897410844
0.0007855398143624817
0.0002848070346849048
0.0006985832926233512
0.0002882266731802638
0.0007445041524181729
0.00025696140693698096
0.0007435271128480704
0.00025842696629213487
0.0007093307278944797
0.0002501221299462628
0.0007669760625305326
0.00027699071812408403
0.0007415730337078652
0.00032877381533952124
0.0007865168539325843
0.0002608695652173913
0.0007234978016609672
0.00029018075232046896
0.0007449926722032242
0.00023693209574987786
0.0007650219833903273
0.000356619443087445
0.0007156814851001465
0.000298485588666341
0.0007845627747923792
0.0002256961406936981
0.000709819247679531
0.0003175378602833415
0.0007020029311187103
0.00027894479726428925
0.0007948216902784563
0.00033707865168539324
0.000706399609184172
0.0002848070346849048
0.0007005373717635565
0.00024035173424523693
0.0007454811919882755
0.0003072789447972643
0.0007293600390815828
0.00023106985832926233
0.0007401074743527112
0.00029653150952613585
0.000721543722520762
0.00029457743038593064
0.0007078651685393258
0.0002794333170493405
0.0007288715192965315
0.0003126526624328285
0.0007122618466047875
0.00024572545188080114
0.0007655105031753786
0.00031656082071323887
0.0007068881289692232
0.00032193453834880316
0.0008099658036150464
0.0002926233512457255
0.0007308255984367366
0.00026526624328285296
0.0008045920859794821
0.00025744992672203226
0.0007210552027357108
0.0003693209574987787
0.0007889594528578407
0.0002672203224230582
0.0007586712261846605
0.0002979970688812897
0.0006726917440156326
0.0003048363458720078
0.0007161700048851978
0.000298485588666341
0.0007928676111382511
0.00031167562286272594
0.0007445041524181729
0.0002848070346849048
0.0006995603321934538
0.0002432828529555447
0.000680019540791402
0.0003102100635075721
0.0007088422081094285
0.00024181729360039082
0.0007293600390815828
0.0002921348314606742
0.0007122618466047875
0.0003092330239374695
0.000747923790913532
0.0002325354176844162
0.0007972642892037127
0.0002540302882266732
0.0007625793844650708
0.0002496336101612115
0.000789447972642892
0.0002979970688812897
0.0007298485588666341
0.0003502686858817782
0.0008124084025403029
0.00025744992672203226
0.0007557401074743527
0.0003102100635075721
0.0007039570102589154
0.00027259404005862235
0.0007278944797264289
0.0002960429897410845
0.0007635564240351734
0.00032046897899364925
0.0007386419149975574
0.0002633121641426478
0.0007425500732779677
0.0002589154860771861
0.0007445041524181729
0.00031558378114313626
0.0008251099169516365
0.000356619443087445
0.0007093307278944797
0.0003214460185637518
0.0007293600390815828
0.0002677088422081094
0.0007186126038104543
0.00032877381533952124
0.0007718612603810454
0.00027454811919882757
0.0008114313629702003
0.00031314118221787985
0.0006555935515388374
0.00032926233512457255
0.0007616023448949683
0.00029018075232046896
0.0006585246702491451
0.00032193453834880316
0.0007313141182217879
0.00026380068392769905
0.0007962872496336102
0.00026135808500244264
0.0006741573033707865
0.0003160723009281876
0.0008021494870542258
0.00031216414264777725
0.0007616023448949683
0.00026819736199316073
0.0007630679042501221
0.00024035173424523693
0.0007405959941377626
0.00038153395212506107
0.0007234978016609672
0.0003229115779189057
0.0007239863214460186
0.00029457743038593064
0.0007557401074743527
0.0002618466047874939
0.000749389350268686
0.0002594040058622374
0.0007752808988764045
0.00031851489985344403
0.0007161700048851978
0.0002887151929653151
0.0007435271128480704
0.00023155837811431363
0.0006340986809965803
0.0003160723009281876
0.0007557401074743527
0.00025256472887151934
0.0007904250122129947
0.00033756717147044455
0.0007210552027357108
0.00028773815339521255
0.0007503663898387885
0.00028236443575964826
0.0008060576453346361
0.0002921348314606742
0.0007743038593063018
0.0002960429897410845
0.0007743038593063018
0.0003277967757694187
0.0006971177332681974
0.00033610161211529064
0.00075476306790425
0.00024035173424523693
0.0007518319491939423
0.00028334147532975087
0.0007088422081094285
0.00025647288715192966
0.0007313141182217879
0.0002979970688812897
0.000764533463605276
0.000281875915974597
0.0006805080605764533
0.00023497801660967267
0.0006770884220810943
0.0002808988764044944
0.0007322911577918906
0.00030385930630190525
0.0007699071812408403
0.00027747923790913534
0.0007225207620908647
0.0002838299951148022
0.0007508549096238397
0.0002540302882266732
0.0007234978016609672
0.00032437713727405957
0.0007923790913531998
0.00028627259404005864
0.0007767464582315584
0.00032046897899364925
0.0007674645823155838
0.00029506595017098194
0.000714704445530044
0.0003004396678065462
0.0007264289203712751
0.0002979970688812897
0.000706399609184172
0.0002540302882266732
0.0007298485588666341
0.0003136297020029311
0.0006902784562774792
0.00029995114802149487
0.0007274059599413776
0.00024621397166585244
0.0007322911577918906
0.00028578407425500734
0.0007591597459697118
0.00023644357596482656
0.0007327796775769418
0.00033707865168539324
0.0007586712261846605
0.00030190522716170003
0.0007713727405959941
0.0002882266731802638
0.0007122618466047875
0.0002633121641426478
0.0007576941866145578
0.00024767953102100635
0.0007635564240351734
0.0003048363458720078
0.0007420615534929165
0.0003146067415730337
0.0007054225696140694
0.00025647288715192966
0.0007371763556424034
0.00031118710307767464
0.0008207132388861749
0.0003063019052271617
0.0007591597459697118
0.000331704934049829
0.0007347337567171471
0.0002252076209086468
0.0006653639472398632
0.0002545188080117245
0.0007733268197361993
0.00027405959941377626
0.0007225207620908647
0.0002237420615534929
0.0007489008304836345
0.00030190522716170003
0.0006746458231558377
0.00036443575964826576
0.0007083536883243772
0.0002340009770395701
0.0006971177332681974
0.0002696629213483146
0.0007283829995114803
0.0002452369320957499
0.0007655105031753786
0.0003346360527601368
0.0007620908646800195
0.00027015144113336594
0.0006844162188568637
0.0002794333170493405
0.0006746458231558377
0.00025158768930141673
0.0007821201758671226
0.000315095261358085
0.0007635564240351734
0.0003136297020029311
0.000721543722520762
0.00027015144113336594
0.0007523204689789937
0.00021983390327308256
0.0007239863214460186
0.0002872496336101612
0.0007498778700537372
0.000281875915974597
0.0007669760625305326
0.0002838299951148022
0.0006380068392769908
0.00026819736199316073
0.0006863702979970688
0.0002975085490962384
0.0006902784562774792
0.00027259404005862235
0.0007713727405959941
0.00024572545188080114
0.0007200781631656083
0.0003009281875915975
0.000663409868099658
0.0003190034196384954
0.000747923790913532
0.00033365901319003423
0.0007542745481191988
0.00027699071812408403
0.0007357107962872497
0.0002232535417684416
0.0007899364924279432
0.000336590131900342
0.0007371763556424034
0.00031998045920859794
0.0007542745481191988
0.0002423058133854421
0.0007337567171470445
0.00026917440156326334
0.000749389350268686
0.00024816805080605766
0.0008368343917928675
0.000315095261358085
0.0006604787493893502
0.00033805569125549585
0.0007034684904738642
0.00021983390327308256
0.0006868588177821202
0.0003063019052271617
0.0007791890571568149
0.0002804103566194431
0.0007552515876893015
0.0003238886174890083
0.0007254518808011725
0.00026477772349780166
0.0007440156326331217
0.0002804103566194431
0.0006966292134831461
0.0003014167073766488
0.0007464582315583781
0.0002872496336101612
0.0007918905715681485
0.00030776746458231557
0.0007200781631656083
0.00033072789447972646
0.000789447972642892
0.0002970200293111871
0.0007249633610161211
0.00024621397166585244
0.0007503663898387885
0.0002491450903761602
0.0007557401074743527
0.00031851489985344403
0.0007039570102589154
0.00033854421104054716
0.0007498778700537372
0.00026038104543234003
0.0006663409868099657
0.00024572545188080114
0.0007195896433805569
0.0002872496336101612
0.0007747923790913532
0.0003048363458720078
0.0006839276990718123
0.00029115779189057157
0.0006663409868099657
0.0002618466047874939
0.0007156814851001465
0.00030337078651685394
0.0007918905715681485
0.0002848070346849048
0.0007616023448949683
0.0003229115779189057
0.0006770884220810943
0.00026917440156326334
0.0007303370786516854
0.00032437713727405957
0.000673180263800684
0.00034489496824621394
0.0007518319491939423
0.00021104054714215926
0.0006663409868099657
0.00031167562286272594
0.0006976062530532486
0.0003488031265266243
0.0007752808988764045
0.00025989252564728873
0.0006995603321934538
0.0002838299951148022
0.0007171470444553005
0.00023693209574987786
0.0007024914509037617
0.0003326819736199316
0.0007034684904738642
0.00029311187103077673
0.0007454811919882755
0.0002589154860771861
0.0006507083536883243
0.0002706399609184172
0.0007405959941377626
0.00021348314606741572
0.0007806546165119687
0.0003170493404982902
0.0006990718124084026
0.0003126526624328285
0.0007337567171470445
0.00021348314606741572
0.0006560820713238886
0.00030288226673180264
0.0007459697117733268
0.00026477772349780166
0.0007596482657547631
0.00029311187103077673
0.0006790425012212995
0.0002892037127503664
0.0006555935515388374
0.00029115779189057157
0.0007259404005862238
0.0003097215437225207
0.0007484123106985832
0.0002721055202735711
0.0007703957010258915
0.00024621397166585244
0.0006477772349780166
0.00027894479726428925
0.0007576941866145578
0.0002149487054225696
0.0007059110893991206
0.0002848070346849048
0.0007410845139228138
0.0002164142647777235
0.000761113825109917
0.00032926233512457255
0.0007093307278944797
0.0003439179286761114
0.0007332681973619931
0.0002677088422081094
0.0006712261846604788
0.000298485588666341
0.0006697606253053249
0.0002589154860771861
0.0008016609672691743
0.00033707865168539324
0.0007117733268197362
0.00032730825598436733
0.0006487542745481191
0.0002427943331704934
0.0007005373717635565
0.00033365901319003423
0.000749389350268686
0.00029457743038593064
0.0007381533952125061
0.0002808988764044944
0.0007440156326331217
0.0003087445041524182
0.0007176355642403517
0.00024670249145090375
0.0007376648754274549
0.00027747923790913534
0.0007420615534929165
0.00028773815339521255
0.0007484123106985832
0.00030434782608695655
0.0006643869076697606
0.0003175378602833415
0.0007723497801660966
0.00025989252564728873
0.0007244748412310698
0.00025158768930141673
0.0007127503663898388
0.0002486565705911089
0.0007542745481191988
0.000298485588666341
0.0007420615534929165
0.00032730825598436733
0.000676599902296043
0.00025989252564728873
0.000701514411333659
0.00030776746458231557
0.0007293600390815828
0.0003048363458720078
0.0008304836345872007
0.00031069858329262333
0.000659990229604299
0.00031118710307767464
0.0006790425012212995
0.00021787982413287737
0.0006487542745481191
0.00029311187103077673
0.0007318026380068393
0.00025842696629213487
0.0007606253053248656
0.0002896922325354177
0.0007269174401563263
0.00027405959941377626
0.0006961406936980948
0.00029018075232046896
0.0006809965803615046
0.00027747923790913534
0.0007718612603810454
0.0002423058133854421
0.0007449926722032242
0.0002530532486565706
0.0007049340498290181
0.00035466536394723985
0.0007674645823155838
0.00025598436736687835
0.0006536394723986322
0.00026477772349780166
0.0007420615534929165
0.0002432828529555447
0.0007581827063996092
0.0003527112848070347
0.0007684416218856863
0.0003190034196384954
0.0007225207620908647
0.00027405959941377626
0.0007083536883243772
0.00027259404005862235
0.0007581827063996092
0.0002432828529555447
0.0008065461651196873
0.00031558378114313626
0.0007122618466047875
0.00031656082071323887
0.0007449926722032242
0.00020273571079628726
0.000668295065950171
0.0002491450903761602
0.0007083536883243772
0.0002721055202735711
0.0007440156326331217
0.0003136297020029311
0.0006502198339032731
0.0003170493404982902
0.0007181240840254031
0.00028578407425500734
0.0007254518808011725
0.0003072789447972643
0.0007332681973619931
0.0002442598925256473
0.00073961895456766
0.00034489496824621394
0.0006878358573522228
0.000340009770395701
0.0007435271128480704
0.00026477772349780166
0.0006663409868099657
0.00022813873961895456
0.0007445041524181729
0.00023302393746946751
0.000709819247679531
0.0003419638495359062
0.0007630679042501221
0.0003326819736199316
0.0007586712261846605
0.00030776746458231557
0.0007029799706888129
0.00027796775769418664
0.0007205666829506595
0.00027747923790913534
0.0008133854421104054
0.0003224230581338544
0.000709819247679531
0.0003004396678065462
0.0006980947728382999
0.0002427943331704934
0.0006936980947728383
0.0002882266731802638
0.0007449926722032242
0.00027357107962872496
0.0007151929653150952
0.0003263312164142648
0.0006868588177821202
0.00025842696629213487
0.0006560820713238886
0.00026624328285295557
0.0006824621397166585
0.00033805569125549585
0.0007366878358573522
0.0002926233512457255
0.0007244748412310698
0.0003160723009281876
0.0007532975085490963
0.0003014167073766488
0.0007259404005862238
0.00025744992672203226
0.000709819247679531
0.00030776746458231557
0.0007845627747923792
0.0002711284807034685
0.0007972642892037127
0.0003341475329750855
0.0007332681973619931
0.0003805569125549585
0.0007904250122129947
0.00024816805080605766
0.0006849047386419151
0.00027796775769418664
0.0007635564240351734
0.0002667318026380068
0.0007821201758671226
0.0003048363458720078
0.0007181240840254031
0.00029555446995603325
0.000723009281875916
0.0002320468978993649
0.0007039570102589154
0.0002804103566194431
0.0007552515876893015
0.00027015144113336594
0.0007801660967269174
0.00030776746458231557
0.0006790425012212995
0.000323400097703957
0.0006805080605764533
0.0002808988764044944
0.0007708842208109429
0.00029115779189057157
0.0007635564240351734
0.00023644357596482656
0.000743038593063019
0.00032828529555446994
0.0006536394723986322
0.0003136297020029311
0.0007708842208109429
0.0002808988764044944
0.0006360527601367856
0.0002432828529555447
0.000714704445530044
0.000197361993160723
0.0007254518808011725
0.0003170493404982902
0.0007606253053248656
0.00032095749877870055
0.000709819247679531
0.0002794333170493405
0.0006648754274548119
0.00023937469467513433
0.0007620908646800195
0.00031118710307767464
0.0008065461651196873
0.0003102100635075721
0.0006458231558378114
0.0002970200293111871
0.0006961406936980948
0.00022667318026380068
0.0006619443087445042
0.00032828529555446994
0.0007787005373717636
0.00026917440156326334
0.0007151929653150952
0.00032877381533952124
0.0006805080605764533
0.0002667318026380068
0.0006663409868099657
0.00028334147532975087
0.0006770884220810943
0.00030434782608695655
0.0007464582315583781
0.00023937469467513433
0.0006985832926233512
0.0002628236443575965
0.0007254518808011725
0.00032926233512457255
0.0007381533952125061
0.0002672203224230582
0.0006829506595017098
0.0003126526624328285
0.0007127503663898388
0.0002623351245725452
0.000756228627259404
0.00027894479726428925
0.000802638006839277
0.00027747923790913534
0.0007459697117733268
0.00023302393746946751
0.000655105031753786
0.00024816805080605766
0.0006868588177821202
0.00023937469467513433
0.0008006839276990718
0.00029311187103077673
0.0006941866145578896
0.00025158768930141673
0.0006668295065950171
0.0002510991695163654
0.000681485100146556
0.0002926233512457255
0.0007576941866145578
0.0002721055202735711
0.0007523204689789937
0.0003610161211529067
0.00078114313629702
0.0003253541768441622
0.0006834391792867611
0.0002535417684416219
0.0006961406936980948
0.0003048363458720078
0.0008041035661944309
0.0002838299951148022
0.0007186126038104543
0.00027650219833903273
0.0007454811919882755
0.0003575964826575476
0.0007303370786516854
0.00027405959941377626
0.000676599902296043
0.0002672203224230582
0.0006844162188568637
0.00021055202735710795
0.0007454811919882755
0.0002936003908158281
0.0007401074743527112
0.0002921348314606742
0.0006956521739130434
0.0002721055202735711
0.0006746458231558377
0.00030288226673180264
0.0007029799706888129
0.00031216414264777725
0.0007557401074743527
0.0003058133854421104
0.0006834391792867611
0.00031216414264777725
0.0007386419149975574
0.00022765021983390326
0.0006941866145578896
0.00027015144113336594
0.0007303370786516854
0.00026917440156326334
0.0007728382999511481
0.0003224230581338544
0.0006282364435759648
0.0002921348314606742
0.0006980947728382999
0.0002506106497313141
0.0006697606253053249
0.0002799218368343918
0.000756228627259404
0.0002486565705911089
0.0007278944797264289
0.00030532486565705916
0.0006526624328285296
0.00035368832437713724
0.000756228627259404
0.00026477772349780166
0.0007293600390815828
0.0002667318026380068
0.000721543722520762
0.0002633121641426478
0.0007557401074743527
0.0003302393746946751
0.0007371763556424034
0.00031558378114313626
0.0006922325354176843
0.00025158768930141673
0.0006643869076697606
0.0002501221299462628
0.0007449926722032242
0.00030385930630190525
0.000830972154372252
0.00030385930630190525
0.0007171470444553005
0.0003023937469467514
0.0007049340498290181
0.00025500732779677575
0.0007068881289692232
0.00026917440156326334
0.0007303370786516854
0.0002721055202735711
0.0007508549096238397
0.000298485588666341
0.0006546165119687347
0.000281875915974597
0.0006946751343429409
0.0002672203224230582
0.000706399609184172
0.0002506106497313141
0.0007684416218856863
0.0002633121641426478
0.0007508549096238397
0.00025989252564728873
0.0006746458231558377
0.0003263312164142648
0.0007596482657547631
0.0002540302882266732
0.0007117733268197362
0.0002960429897410845
0.000723009281875916
0.000252076209086468
0.0007298485588666341
0.0003453834880312653
0.0007581827063996092
0.0003048363458720078
0.0007117733268197362
0.00018563751831949193
0.0006844162188568637
0.00029995114802149487
0.000810942843185149
0.00027405959941377626
0.0007586712261846605
0.00031949193942354664
0.0006824621397166585
0.00029506595017098194
0.0006736687835857352
0.0002608695652173913
0.0006355642403517342
0.0002843185148998534
0.0007689301416707377
0.0002618466047874939
0.0007259404005862238
0.0003175378602833415
0.0007142159257449927
0.0002730825598436737
0.0006917440156326331
0.00027503663898387887
0.0006902784562774792
0.0002730825598436737
0.0007449926722032242
0.0002496336101612115
0.0007620908646800195
0.0002721055202735711
0.0006936980947728383
0.0003248656570591109
0.00071323888617489
0.00027650219833903273
0.0006604787493893502
0.0002335124572545188
0.0007708842208109429
0.00023058133854421102
0.0007401074743527112
0.0003771372740595994
0.0007274059599413776
0.0003248656570591109
0.0007723497801660966
0.0002554958475818271
0.0007000488519785051
0.00028676111382510994
0.0007303370786516854
0.0002696629213483146
0.000799218368343918
0.00032975085490962385
0.000761113825109917
0.0003063019052271617
0.0006961406936980948
0.00023986321446018563
0.0006482657547630679
0.00030385930630190525
0.0007386419149975574
0.00027357107962872496
0.0007557401074743527
0.00031314118221787985
0.0007117733268197362
0.000281875915974597
0.0007278944797264289
0.00026477772349780166
0.0007410845139228138
0.00028529555446995603
0.0007572056668295066
0.0002623351245725452
0.0007298485588666341
0.000298485588666341
0.0007195896433805569
0.0003097215437225207
0.0007303370786516854
0.00027015144113336594
0.0007733268197361993
0.0002618466047874939
0.0007459697117733268
0.00027357107962872496
0.0007410845139228138
0.0003170493404982902
0.0007024914509037617
0.00023937469467513433
0.0007366878358573522
0.00029995114802149487
0.0006609672691744016
0.00020957498778700537
0.0007234978016609672
0.00023497801660967267
0.0007865168539325843
0.00022862725940400586
0.0007068881289692232
0.0002706399609184172
0.000709819247679531
0.00018319491939423546
0.000655105031753786
0.00029653150952613585
0.0007513434294088911
0.00022716170004885198
0.0007459697117733268
0.00027796775769418664
0.0007039570102589154
0.0002843185148998534
0.0006849047386419151
0.0002423058133854421
0.0007171470444553005
0.00027747923790913534
0.0007415730337078652
0.0002144601856375183
0.0007474352711284807
0.0003097215437225207
0.0006419149975574011
0.00031949193942354664
0.0007254518808011725
0.0002696629213483146
0.0007044455300439668
0.00027894479726428925
0.0007137274059599414
0.00023888617489008305
0.0007313141182217879
0.00029311187103077673
0.00075476306790425
0.00031167562286272594
0.0007005373717635565
0.00027357107962872496
0.0007225207620908647
0.0003009281875915975
0.0007405959941377626
0.0002799218368343918
0.0008422081094284318
0.0003136297020029311
0.0007117733268197362
0.00024767953102100635
0.0007474352711284807
0.00027015144113336594
0.0006985832926233512
0.00027796775769418664
0.0007953102100635075
0.00025647288715192966
0.0007474352711284807
0.0002882266731802638
0.0007210552027357108
0.0003170493404982902
0.0006971177332681974
0.0002716170004885198
0.0007498778700537372
0.00028138739618954566
0.0007107962872496337
0.00027259404005862235
0.0008016609672691743
0.0002936003908158281
0.0006863702979970688
0.00029555446995603325
0.0007425500732779677
0.00024035173424523693
0.0007088422081094285
0.00026917440156326334
0.00071323888617489
0.0002154372252076209
0.0007274059599413776
0.00033317049340498287
0.0007425500732779677
0.0003277967757694187
0.0007107962872496337
0.00024181729360039082
0.000676599902296043
0.0002608695652173913
0.0008153395212506106
0.00027357107962872496
0.0007635564240351734
0.000252076209086468
0.0007083536883243772
0.0002716170004885198
0.0006555935515388374
0.00027015144113336594
0.0006785539814362482
0.0003268197361993161
0.0008236443575964827
0.00027747923790913534
0.0007264289203712751
0.0002677088422081094
0.0007191011235955056
0.00029653150952613585
0.0007376648754274549
0.0003048363458720078
0.000747923790913532
0.00029311187103077673
0.0007874938935026869
0.0002711284807034685
0.0007830972154372252
0.0003097215437225207
0.0006736687835857352
0.00038495359062042014
0.0007484123106985832
0.00023546653639472398
0.0006692721055202736
0.0002149487054225696
0.0007103077674645823
0.00020078163165608207
0.0007728382999511481
0.00028578407425500734
0.0008099658036150464
0.0003414753297508549
0.0007020029311187103
0.00025500732779677575
0.000701514411333659
0.0002804103566194431
0.000706399609184172
0.00025500732779677575
0.0007420615534929165
0.00033756717147044455
0.0007054225696140694
0.0003404982901807523
0.0007254518808011725
0.00024670249145090375
0.0006678065461651197
0.0002906692721055203
0.0007728382999511481
0.0003048363458720078
0.000794333170493405
0.0002808988764044944
0.0007024914509037617
0.0003004396678065462
0.0007024914509037617
0.0002716170004885198
0.0007327796775769418
0.0002618466047874939
0.0007513434294088911
0.0002554958475818271
0.0007337567171470445
0.0003356130923302394
0.000651685393258427
0.00034636052760136785
0.0007244748412310698
0.00027357107962872496
0.0006643869076697606
0.0002716170004885198
0.0006951636541279922
0.0002696629213483146
0.0007635564240351734
0.0003258426966292135
0.00075476306790425
0.00028627259404005864
0.0006844162188568637
0.00022032242305813384
0.0007117733268197362
0.00029653150952613585
0.000706399609184172
0.0002677088422081094
0.000761113825109917
0.0003126526624328285
0.0006912554958475818
0.0003023937469467514
0.0007308255984367366
0.0002081094284318515
0.0006946751343429409
0.00029555446995603325
0.00075476306790425
0.00021299462628236444
0.0007806546165119687
0.00031069858329262333
0.0006604787493893502
0.0003014167073766488
0.0007269174401563263
0.0002427943331704934
0.0006722032242305813
0.00026477772349780166
0.000723009281875916
0.00021397166585246702
0.0007161700048851978
0.0002530532486565706
0.0007332681973619931
0.00031069858329262333
0.0007572056668295066
0.0002491450903761602
0.0006658524670249145
0.0002896922325354177
0.0007234978016609672
0.00021592574499267218
0.000681485100146556
0.0003346360527601368
0.0007259404005862238
0.0002667318026380068
0.0006770884220810943
0.00025598436736687835
0.0006614557889594529
0.00028334147532975087
0.0007674645823155838
0.0002677088422081094
0.0007689301416707377
0.0003429408891060088
0.0006995603321934538
0.00030679042501221296
0.0006951636541279922
0.00016805080605764532
0.0006536394723986322
0.00030385930630190525
0.0007581827063996092
0.00021934538348803126
0.0007342452369320958
0.0002696629213483146
0.0006795310210063508
0.0002896922325354177
0.0006858817782120176
0.00025696140693698096
0.0007469467513434294
0.000281875915974597
0.0007738153395212506
0.0002594040058622374
0.0007020029311187103
0.0002975085490962384
0.0007259404005862238
0.0002721055202735711
0.0007264289203712751
0.00030776746458231557
0.0006511968734733756
0.00025598436736687835
0.000673180263800684
0.00021104054714215926
0.0007747923790913532
0.0003957010258915486
0.0007967757694186615
0.000323400097703957
0.0007298485588666341
0.0002530532486565706
0.0007088422081094285
0.00023790913531998044
0.0007528089887640449
0.0002423058133854421
0.0007884709330727895
0.0002706399609184172
0.0007459697117733268
0.00027357107962872496
0.000680019540791402
0.00026868588177821203
0.000673180263800684
0.0003102100635075721
0.0007816316560820713
0.00023155837811431363
0.0007918905715681485
0.00029164631167562287
0.0006404494382022472
0.00030337078651685394
0.0007361993160723009
0.0002237420615534929
0.000743038593063019
0.0002799218368343918
0.000749389350268686
0.00025989252564728873
0.0007591597459697118
0.0003404982901807523
0.0006795310210063508
0.0003478260869565217
0.0007635564240351734
0.00027796775769418664
0.0006907669760625306
0.00025598436736687835
0.0007635564240351734
0.00024670249145090375
0.0007366878358573522
0.0002975085490962384
0.0007234978016609672
0.0003229115779189057
0.0007332681973619931
0.0002838299951148022
0.000688324377137274
0.00023937469467513433
0.0007288715192965315
0.00023009281875915975
0.0008060576453346361
0.0003097215437225207
0.0006775769418661456
0.0002716170004885198
0.0007181240840254031
0.0002799218368343918
0.0007127503663898388
0.000340009770395701
0.0007669760625305326
0.0002530532486565706
0.0007298485588666341
0.00026380068392769905
0.0007024914509037617
0.00024621397166585244
0.0006858817782120176
0.000298485588666341
0.0007366878358573522
0.00025158768930141673
0.0007449926722032242
0.00026526624328285296
0.0007288715192965315
0.0002896922325354177
0.0007029799706888129
0.0003175378602833415
0.0007679531021006351
0.00026575476306790426
0.000706399609184172
0.0003063019052271617
0.0007616023448949683
0.00028236443575964826
0.0007528089887640449
0.0003072789447972643
0.0007010258915486077
0.00029115779189057157
0.000747923790913532
0.00025256472887151934
0.0006966292134831461
0.00031314118221787985
0.0007156814851001465
0.00027796775769418664
0.0007127503663898388
0.00034684904738641916
0.0006487542745481191
0.00030532486565705916
0.0007225207620908647
0.0002252076209086468
0.000673180263800684
0.0003268197361993161
0.0007972642892037127
0.0002721055202735711
0.0007689301416707377
0.0002667318026380068
0.0006668295065950171
0.00026624328285295557
0.000673180263800684
0.0003072789447972643
0.0007269174401563263
0.00027796775769418664
0.0007557401074743527
0.0002589154860771861
0.0007528089887640449
0.00028285295554469957
0.0006756228627259405
0.0003102100635075721
0.0007332681973619931
0.00027699071812408403
0.00071323888617489
0.0003014167073766488
0.0007679531021006351
0.0002432828529555447
0.0007752808988764045
0.0003444064484611627
0.0007029799706888129
0.00033072789447972646
0.0007171470444553005
0.0002408402540302882
0.0007376648754274549
0.00026868588177821203
0.0007234978016609672
0.00025158768930141673
0.0007630679042501221
0.00032877381533952124
0.000701514411333659
0.000323400097703957
0.0007772349780166097
0.0002149487054225696
0.0006345872007816317
0.0003175378602833415
0.0007386419149975574
0.00025500732779677575
0.0007484123106985832
0.0003136297020029311
0.0006389838788470933
0.0002804103566194431
0.0007342452369320958
0.0002794333170493405
0.0007259404005862238
0.00029115779189057157
0.0008202247191011236
0.00024621397166585244
0.0007620908646800195
0.0003214460185637518
0.0007049340498290181
0.00028285295554469957
0.000799218368343918
0.0002794333170493405
0.0007029799706888129
0.0003419638495359062
0.0007254518808011725
0.00023742061553492917
0.0007884709330727895
0.0003356130923302394
0.000827552515876893
0.0003341475329750855
0.0007288715192965315
0.00025647288715192966
0.0007313141182217879
0.00028627259404005864
0.0007435271128480704
0.0002887151929653151
0.0007816316560820713
0.0003097215437225207
0.0007205666829506595
0.00029115779189057157
0.000706399609184172
0.0002706399609184172
0.0007259404005862238
0.00029164631167562287
0.0007679531021006351
0.00026819736199316073
0.0007625793844650708
0.0003175378602833415
0.0006936980947728383
0.00030190522716170003
0.0006912554958475818
0.00027405959941377626
0.0006663409868099657
0.00026917440156326334
0.0007410845139228138
0.00023302393746946751
0.0007308255984367366
0.0002843185148998534
0.0006736687835857352
0.0003170493404982902
0.0007664875427454811
0.0002237420615534929
0.0007259404005862238
0.0003023937469467514
0.0007308255984367366
0.00022227650219833902
0.0007572056668295066
0.00033072789447972646
0.0007962872496336102
0.0003312164142647777
0.0007024914509037617
0.0002926233512457255
0.000655105031753786
0.0002872496336101612
0.0007161700048851978
0.00024572545188080114
0.0007508549096238397
0.0002848070346849048
0.0007029799706888129
0.0003541768441621886
0.000668295065950171
0.00023497801660967267
0.0006912554958475818
0.0002887151929653151
0.000723009281875916
0.0002589154860771861
0.0008412310698583293
0.0003444064484611627
0.0006692721055202736
0.0003160723009281876
0.0007337567171470445
0.00024377137274059598
0.000761113825109917
0.0002838299951148022
0.0007410845139228138
0.0002633121641426478
0.0007738153395212506
0.0002926233512457255
0.0007010258915486077
0.0003097215437225207
0.0007874938935026869
0.0002755251587689301
0.0007469467513434294
0.0002496336101612115
0.0007303370786516854
0.0002237420615534929
0.0007293600390815828
0.00032975085490962385
0.0007161700048851978
0.0003009281875915975
0.0007039570102589154
0.00024572545188080114
0.0006648754274548119
0.00029653150952613585
0.0007767464582315584
0.0002706399609184172
0.0008089887640449438
0.00031216414264777725
0.0007586712261846605
0.0002979970688812897
0.0006809965803615046
0.0002506106497313141
0.0007415730337078652
0.00032193453834880316
0.0007635564240351734
0.00024719101123595505
0.0007401074743527112
0.00029506595017098194
0.0007669760625305326
0.00025598436736687835
0.0006912554958475818
0.00026526624328285296
0.0007601367855398143
0.00030385930630190525
0.0007640449438202247
0.0002716170004885198
0.000764533463605276
0.0002760136785539815
0.0007205666829506595
0.0003258426966292135
0.0007489008304836345
0.0002340009770395701
0.0006858817782120176
0.0002706399609184172
0.0007386419149975574
0.0002633121641426478
0.0007332681973619931
0.0002843185148998534
0.0007249633610161211
0.0002608695652173913
0.0007156814851001465
0.0002501221299462628
0.0006394723986321445
0.0003175378602833415
0.0007440156326331217
0.0002926233512457255
0.0007616023448949683
0.00029995114802149487
0.0007176355642403517
0.0003102100635075721
0.000714704445530044
0.00025598436736687835
0.0007117733268197362
0.0002799218368343918
0.0008075232046897898
0.00023790913531998044
0.0007850512945774304
0.0002872496336101612
0.0006971177332681974
0.00028676111382510994
0.0006932095749877871
0.00029653150952613585
0.0006966292134831461
0.00030434782608695655
0.0007532975085490963
0.0002618466047874939
0.0007650219833903273
0.0003224230581338544
0.0007420615534929165
0.0003160723009281876
0.0007972642892037127
0.00019687347337567172
0.0007244748412310698
0.0003063019052271617
0.0007161700048851978
0.00023644357596482656
0.0007777234978016609
0.0003522227650219834
0.0007029799706888129
0.00031118710307767464
0.0006805080605764533
0.00023302393746946751
0.0006785539814362482
0.00027650219833903273
0.0006692721055202736
0.0002975085490962384
0.0008143624816805081
0.0003302393746946751
0.0006809965803615046
0.00027454811919882757
0.0007054225696140694
0.00022960429897410844
0.0006751343429408891
0.0003009281875915975
0.000764533463605276
0.00025744992672203226
0.0007630679042501221
0.00031998045920859794
0.0007298485588666341
0.0002711284807034685
0.0007093307278944797
0.00028334147532975087
0.0007049340498290181
0.00029164631167562287
0.0007474352711284807
0.00026477772349780166
0.000747923790913532
0.0003170493404982902
0.0006673180263800685
0.0003175378602833415
0.0007899364924279432
0.00029018075232046896
0.0006638983878847094
0.0002799218368343918
0.0007528089887640449
0.00022129946262823644
0.0007420615534929165
0.0003351245725451881
0.0007303370786516854
0.0003180263800683928
0.000743038593063019
0.0002232535417684416
0.0006917440156326331
0.00026477772349780166
0.0007313141182217879
0.0002491450903761602
0.0007777234978016609
0.0003444064484611627
0.0007557401074743527
0.0002716170004885198
0.0006956521739130434
0.00025158768930141673
0.0007528089887640449
0.0003409868099658036
0.0007728382999511481
0.0002340009770395701
0.0008001954079140206
0.00036443575964826576
0.0006785539814362482
0.00034489496824621394
0.0006971177332681974
0.0003180263800683928
0.0007220322423058134
0.0003009281875915975
0.0007459697117733268
0.0002452369320957499
0.0007581827063996092
0.00027894479726428925
0.0007176355642403517
0.0003326819736199316
0.0007914020517830972
0.00027357107962872496
0.0006936980947728383
0.00028529555446995603
0.0007161700048851978
0.00029457743038593064
0.0007801660967269174
0.00035515388373229116
0.0007366878358573522
0.0003063019052271617
0.0007845627747923792
0.0002628236443575965
0.0007332681973619931
0.00024767953102100635
0.000701514411333659
0.0002501221299462628
0.000852467024914509
0.0003048363458720078
0.0006472887151929653
0.0002994626282364436
0.000668295065950171
0.0002491450903761602
0.0007044455300439668
0.0002838299951148022
0.000797752808988764
0.0002340009770395701
0.0007772349780166097
0.00029408891060087933
0.0006897899364924279
0.0002896922325354177
0.0007332681973619931
0.00029506595017098194
0.0007088422081094285
0.0002892037127503664
0.0007166585246702492
0.0002427943331704934
0.000747923790913532
0.00027650219833903273
0.0006707376648754274
0.0003263312164142648
0.0007117733268197362
0.0002843185148998534
0.0007694186614557889
0.0003390327308255984
0.0007410845139228138
0.0002672203224230582
0.0007508549096238397
0.00031851489985344403
0.0007777234978016609
0.0003429408891060088
0.0007445041524181729
0.0002589154860771861
0.0006770884220810943
0.00026575476306790426
0.0007640449438202247
0.00029457743038593064
0.00078114313629702
0.0003478260869565217
0.0007601367855398143
0.00029555446995603325
0.0007283829995114803
0.0002510991695163654
0.0006643869076697606
0.0002936003908158281
0.0007474352711284807
0.0002149487054225696
0.0007669760625305326
0.0002794333170493405
0.0007576941866145578
0.0002760136785539815
0.0007322911577918906
0.00026868588177821203
0.0007484123106985832
0.0002633121641426478
0.0007259404005862238
0.00021104054714215926
0.0007733268197361993
0.0002711284807034685
0.0007122618466047875
0.0002540302882266732
0.0007865168539325843
0.0002320468978993649
0.0006438690766976063
0.00024816805080605766
0.0007518319491939423
0.0002589154860771861
0.0007078651685393258
0.00032193453834880316
0.0007303370786516854
0.0003126526624328285
0.0007073766487542745
0.00025598436736687835
0.0006951636541279922
0.00023790913531998044
0.0007039570102589154
0.00025500732779677575
0.0007821201758671226
0.0002882266731802638
0.0007361993160723009
0.00028529555446995603
0.0006414264777723497
0.0002447484123106986
0.0007239863214460186
0.00031118710307767464
0.0007498778700537372
0.00030190522716170003
0.0007601367855398143
0.00029995114802149487
0.0007039570102589154
0.0002242305813385442
0.0006736687835857352
0.00030532486565705916
0.0007659990229604298
0.00026917440156326334
0.0006956521739130434
0.00021983390327308256
0.0007508549096238397
0.00027405959941377626
0.0006956521739130434
0.0003404982901807523
0.0007420615534929165
0.00029408891060087933
0.0006907669760625306
0.00026526624328285296
0.0007264289203712751
0.00024377137274059598
0.0007821201758671226
0.0003253541768441622
0.0007391304347826086
0.0003595505617977528
0.0007967757694186615
0.00027357107962872496
0.0007054225696140694
0.00024572545188080114
0.0006980947728382999
0.0002506106497313141
0.0007415730337078652
0.00028138739618954566
0.0007474352711284807
0.00028627259404005864
0.0006893014167073766
0.0003180263800683928
0.0007044455300439668
0.00025647288715192966
0.00078114313629702
0.0002423058133854421
0.0007044455300439668
0.0003229115779189057
0.0007484123106985832
0.0002540302882266732
0.0007010258915486077
0.00022178798241328772
0.0007220322423058134
0.00027699071812408403
0.0007024914509037617
0.0002667318026380068
0.0007391304347826086
0.00031314118221787985
0.0007171470444553005
0.0003478260869565217
0.0007537860283341475
0.0002589154860771861
0.0007024914509037617
0.00031949193942354664
0.0007601367855398143
0.00029164631167562287
0.0007518319491939423
0.00030288226673180264
0.0007484123106985832
0.00028627259404005864
0.0007357107962872497
0.0002838299951148022
0.0006795310210063508
0.0002623351245725452
0.0007850512945774304
0.0003126526624328285
0.0008031265266243283
0.00028627259404005864
0.000709819247679531
0.0003258426966292135
0.0007010258915486077
0.00028285295554469957
0.0006292134831460674
0.00032877381533952124
0.0007166585246702492
0.00027454811919882757
0.0007640449438202247
0.000281875915974597
0.0006805080605764533
0.0002936003908158281
0.0007313141182217879
0.0002530532486565706
0.0007313141182217879
0.0002530532486565706
0.0007928676111382511
0.0001871030776746458
0.0007318026380068393
0.0002447484123106986
0.0007703957010258915
0.00030288226673180264
0.0007640449438202247
0.00027405959941377626
0.0007176355642403517
0.0003004396678065462
0.0007313141182217879
0.00025500732779677575
0.0007445041524181729
0.00031949193942354664
0.0007650219833903273
0.0003160723009281876
0.0007796775769418661
0.0002848070346849048
0.0006932095749877871
0.00022129946262823644
0.0007288715192965315
0.00029653150952613585
0.0008319491939423547
0.00032877381533952124
0.0006941866145578896
0.00037664875427454814
0.0007498778700537372
0.00026038104543234003
0.0007806546165119687
0.00027454811919882757
0.0007322911577918906
0.0002843185148998534
0.0008412310698583293
0.00029164631167562287
0.0007274059599413776
0.00036736687835857353
0.0007088422081094285
0.0002784562774792379
0.0007127503663898388
0.00029506595017098194
0.0008036150464093795
0.00024035173424523693
0.0007191011235955056
0.00030190522716170003
0.0006521739130434783
0.0002979970688812897
0.0007738153395212506
0.00024132877381533951
0.0006946751343429409
0.00023986321446018563
0.0007635564240351734
0.0002554958475818271
0.0007528089887640449
0.000336590131900342
0.000747923790913532
0.0003146067415730337
0.0007308255984367366
0.0002926233512457255
0.0007361993160723009
0.00026135808500244264
0.0006707376648754274
0.0002628236443575965
0.0008426966292134831
0.0003356130923302394
0.0007088422081094285
0.0003180263800683928
0.0006863702979970688
0.00027259404005862235
0.00063019052271617
0.00029555446995603325
0.0007528089887640449
0.0002510991695163654
0.0007078651685393258
0.0003004396678065462
0.0007078651685393258
0.00027894479726428925
0.0007283829995114803
0.00030337078651685394
0.0006897899364924279
0.00031167562286272594
0.000709819247679531
0.00031656082071323887
0.0007357107962872497
0.0003146067415730337
0.0007020029311187103
0.00029457743038593064
0.0007572056668295066
0.00028236443575964826
0.0007552515876893015
0.0003248656570591109
0.0007278944797264289
0.0002554958475818271
0.0007435271128480704
0.00032828529555446994
0.0007777234978016609
0.00031998045920859794
0.0007523204689789937
0.00026819736199316073
0.0006839276990718123
0.00026575476306790426
0.0007303370786516854
0.00029311187103077673
0.0007796775769418661
0.0002799218368343918
0.0007278944797264289
0.00032046897899364925
0.0006805080605764533
0.0002711284807034685
0.0007044455300439668
0.00031216414264777725
0.0007445041524181729
0.00025989252564728873
0.0007728382999511481
0.00037274059599413776
0.0006888128969223254
0.0003136297020029311
0.0006946751343429409
0.00034733756717147046
0.0007068881289692232
0.00030190522716170003
0.0008138739618954568
0.0002799218368343918
0.0007357107962872497
0.00031069858329262333
0.0007137274059599414
0.00032046897899364925
0.0007713727405959941
0.0002672203224230582
0.0006795310210063508
0.0003190034196384954
0.0007694186614557889
0.00027796775769418664
0.0007068881289692232
0.00034684904738641916
0.0007513434294088911
0.0003126526624328285
0.0007181240840254031
0.00027747923790913534
0.0006902784562774792
0.00029018075232046896
0.0007449926722032242
0.00024767953102100635
0.0007391304347826086
0.00030532486565705916
0.0006853932584269663
0.00031998045920859794
0.0007220322423058134
0.00024816805080605766
0.0006687835857352222
0.00036980947728383
0.0007914020517830972
0.00024572545188080114
0.0007674645823155838
0.00029408891060087933
0.0007156814851001465
0.0003058133854421104
0.0007371763556424034
0.0002872496336101612
0.0006951636541279922
0.00029506595017098194
0.0007694186614557889
0.0002696629213483146
0.0007567171470444552
0.00030434782608695655
0.0007567171470444552
0.00031851489985344403
0.0007914020517830972
0.0002540302882266732
0.0007532975085490963
0.00027015144113336594
0.0007537860283341475
0.0002501221299462628
0.0007083536883243772
0.00035564240351734246
0.000747923790913532
0.000323400097703957
0.0007801660967269174
0.00028236443575964826
0.0006858817782120176
0.00028627259404005864
0.0007361993160723009
0.0002960429897410845
0.0008490473864191501
0.00031216414264777725
0.0007454811919882755
0.00033365901319003423
0.0007264289203712751
0.00023595505617977528
0.0006756228627259405
0.00029897410845139226
0.0007835857352222765
0.0002642892037127504
0.0007405959941377626
0.00030532486565705916
0.0007034684904738642
0.0002545188080117245
0.0007616023448949683
0.00034245236932095753
0.0006902784562774792
0.00023302393746946751
0.0007606253053248656
0.00024816805080605766
0.0008138739618954568
0.0003502686858817782
0.0007161700048851978
0.0003160723009281876
0.0007713727405959941
0.00029506595017098194
0.0006990718124084026
0.0002628236443575965
0.0007391304347826086
0.00025744992672203226
0.0007816316560820713
0.00033805569125549585
0.000747923790913532
0.0003619931607230093
0.0006976062530532486
0.00025500732779677575
0.0007220322423058134
0.0003146067415730337
0.0007733268197361993
0.00030385930630190525
0.0007630679042501221
0.000331704934049829
0.0007166585246702492
0.00033854421104054716
0.0007181240840254031
0.00023937469467513433
0.0006692721055202736
0.0002696629213483146
0.0008089887640449438
0.0002408402540302882
0.0007767464582315584
0.0003268197361993161
0.0007005373717635565
0.00033952125061064976
0.000688324377137274
0.00027405959941377626
0.0007410845139228138
0.0002633121641426478
0.0007303370786516854
0.0002452369320957499
0.0007586712261846605
0.00029506595017098194
0.0007308255984367366
0.00031314118221787985
0.0008143624816805081
0.0002320468978993649
0.00071323888617489
0.00033072789447972646
0.0007498778700537372
0.00023009281875915975
0.0007489008304836345
0.000336590131900342
0.0007537860283341475
0.00034489496824621394
0.0006761113825109917
0.00022667318026380068
0.0006624328285295554
0.0002530532486565706
0.0007640449438202247
0.0002921348314606742
0.000797752808988764
0.00034245236932095753
0.0006795310210063508
0.0002618466047874939
0.0007024914509037617
0.0002081094284318515
0.0006663409868099657
0.0003004396678065462
0.0007420615534929165
0.0002447484123106986
0.0007806546165119687
0.0003478260869565217
0.0007498778700537372
0.00028578407425500734
0.0006932095749877871
0.00023986321446018563
0.0007005373717635565
0.0002892037127503664
0.0007454811919882755
0.00025158768930141673
0.0007464582315583781
0.00032046897899364925
0.0007576941866145578
0.0003404982901807523
0.0007625793844650708
0.00026135808500244264
0.0006790425012212995
0.00028627259404005864
0.000782608695652174
0.00023009281875915975
0.0007474352711284807
0.00033317049340498287
0.0007269174401563263
0.00025989252564728873
0.0007386419149975574
0.0003004396678065462
0.0006927210552027357
0.0002848070346849048
0.0007523204689789937
0.0002340009770395701
0.0007928676111382511
0.0003190034196384954
0.0006936980947728383
0.00028529555446995603
0.000709819247679531
0.00027357107962872496
0.0006878358573522228
0.00031216414264777725
0.0007703957010258915
0.0002340009770395701
0.0007801660967269174
0.0003102100635075721
0.000681485100146556
0.0003277967757694187
0.0007537860283341475
0.00029457743038593064
0.0007933561309233024
0.00028773815339521255
0.0006790425012212995
0.00028578407425500734
0.0007337567171470445
0.00029164631167562287
0.0006277479237909135
0.0003321934538348803
0.0008050806057645335
0.00024035173424523693
0.0007269174401563263
0.0002506106497313141
0.0007337567171470445
0.0002628236443575965
0.0007777234978016609
0.00031118710307767464
0.0006829506595017098
0.00027699071812408403
0.000706399609184172
0.00025647288715192966
0.0007044455300439668
0.00027796775769418664
0.0007191011235955056
0.00027796775769418664
0.0008138739618954568
0.0003126526624328285
0.0006902784562774792
0.00030532486565705916
0.0007200781631656083
0.0002696629213483146
0.0006985832926233512
0.00031949193942354664
0.0008016609672691743
0.00021836834391792868
0.0007601367855398143
0.00029311187103077673
0.0006956521739130434
0.0003023937469467514
0.0006643869076697606
0.0002994626282364436
0.0006946751343429409
0.0002887151929653151
0.0007244748412310698
0.00023302393746946751
0.0007938446507083537
0.00030434782608695655
0.0007078651685393258
0.0003453834880312653
0.0007503663898387885
0.00027699071812408403
0.0007415730337078652
0.00024572545188080114
0.0007967757694186615
0.00024377137274059598
0.0007777234978016609
0.00033952125061064976
0.0007039570102589154
0.00027699071812408403
0.0007303370786516854
0.0002975085490962384
0.0006868588177821202
0.00026135808500244264
0.0007616023448949683
0.00025744992672203226
0.0008075232046897898
0.00029653150952613585
0.0007278944797264289
0.00029311187103077673
0.0007401074743527112
0.0002589154860771861
0.0007034684904738642
0.0003146067415730337
0.0007767464582315584
0.0002452369320957499
0.0008114313629702003
0.0003009281875915975
0.0007029799706888129
0.00028138739618954566
0.0007005373717635565
0.0002633121641426478
0.0007923790913531998
0.00028627259404005864
0.0007200781631656083
0.0002506106497313141
0.0007469467513434294
0.0003160723009281876
0.0006780654616511968
0.0003321934538348803
0.0007269174401563263
0.00027650219833903273
0.0007176355642403517
0.00028334147532975087
0.0007210552027357108
0.00025744992672203226
0.0008065461651196873
0.000323400097703957
0.0007865168539325843
0.0003390327308255984
0.0007713727405959941
0.00024719101123595505
0.0007068881289692232
0.0002672203224230582
0.0007371763556424034
0.0002755251587689301
0.0008153395212506106
0.0002892037127503664
0.0006722032242305813
0.00027894479726428925
0.000714704445530044
0.00025989252564728873
0.0007107962872496337
0.0002926233512457255
0.0007806546165119687
0.00030385930630190525
0.000789447972642892
0.00034489496824621394
0.0007117733268197362
0.00032828529555446994
0.0007044455300439668
0.00023155837811431363
0.0007459697117733268
0.00033365901319003423
0.0007830972154372252
0.000252076209086468
0.0006936980947728383
0.0003175378602833415
0.0006497313141182218
0.0003263312164142648
0.0007528089887640449
0.00027259404005862235
0.0007381533952125061
0.00026135808500244264
0.0007415730337078652
0.0002247191011235955
0.0007337567171470445
0.0003302393746946751
0.0007874938935026869
0.00028285295554469957
0.0007738153395212506
0.0002325354176844162
0.0006785539814362482
0.00027747923790913534
0.0006438690766976063
0.0002344894968246214
0.0007733268197361993
0.00029897410845139226
0.0006853932584269663
0.00033707865168539324
0.0007024914509037617
0.0002237420615534929
0.0007112848070346849
0.00034733756717147046
0.0007879824132877381
0.00023595505617977528
0.0007586712261846605
0.00030679042501221296
0.00073961895456766
0.0002408402540302882
0.0006839276990718123
0.0002706399609184172
0.0006858817782120176
0.0002721055202735711
0.0007337567171470445
0.00023693209574987786
0.0007137274059599414
0.0002960429897410845
0.0007449926722032242
0.0002960429897410845
0.0007552515876893015
0.0002804103566194431
0.0007039570102589154
0.0003048363458720078
0.0007503663898387885
0.00023058133854421102
0.0007777234978016609
0.0003595505617977528
0.0007498778700537372
0.00024035173424523693
0.0007576941866145578
0.00026575476306790426
0.0007088422081094285
0.00026380068392769905
0.0007357107962872497
0.0002491450903761602
0.0008031265266243283
0.00030337078651685394
0.0006863702979970688
0.00027796775769418664
0.0007264289203712751
0.0002432828529555447
0.0006902784562774792
0.00028676111382510994
0.0008011724474841231
0.0002642892037127504
0.0007518319491939423
0.0002642892037127504
0.0007352222765021983
0.0002642892037127504
0.0007020029311187103
0.00024670249145090375
0.0007313141182217879
0.0002843185148998534
0.0007762579384465071
0.00023790913531998044
0.0007723497801660966
0.0003136297020029311
0.0007005373717635565
0.0003082559843673669
0.0007405959941377626
0.0003224230581338544
0.0006995603321934538
0.0002730825598436737
0.0007200781631656083
0.00024132877381533951
0.0007269174401563263
0.00027796775769418664
0.0006985832926233512
0.00029164631167562287
0.0007010258915486077
0.00025598436736687835
0.0007391304347826086
0.0002589154860771861
0.0007186126038104543
0.0002554958475818271
0.0007445041524181729
0.00026819736199316073
0.0007234978016609672
0.00031998045920859794
0.0007352222765021983
0.00023058133854421102
0.0007083536883243772
0.0003190034196384954
0.0008207132388861749
0.00027796775769418664
0.0007962872496336102
0.00029555446995603325
0.0007195896433805569
0.00025647288715192966
0.0007044455300439668
0.0002872496336101612
0.0007278944797264289
0.0003175378602833415
0.0007469467513434294
0.00021250610649731314
0.0007435271128480704
0.000336590131900342
0.0007195896433805569
0.00027015144113336594
0.0007313141182217879
0.0002594040058622374
0.0007484123106985832
0.0003390327308255984
0.0008011724474841231
0.00022667318026380068
0.0007801660967269174
0.00026526624328285296
0.0007523204689789937
0.0002808988764044944
0.0007860283341475329
0.0002452369320957499
0.0006648754274548119
0.00028627259404005864
0.0007537860283341475
0.0002994626282364436
0.0007713727405959941
0.00031558378114313626
0.0007313141182217879
0.0003175378602833415
0.0007723497801660966
0.00024181729360039082
0.0007210552027357108
0.00032926233512457255
0.0007767464582315584
0.00021152906692721056
0.0007699071812408403
0.00034636052760136785
0.0007718612603810454
0.00032730825598436733
0.0007005373717635565
0.00029164631167562287
0.0007464582315583781
0.00030679042501221296
0.0007650219833903273
0.0002491450903761602
0.0008006839276990718
0.00031656082071323887
0.0007020029311187103
0.0003453834880312653
0.0007723497801660966
0.0003082559843673669
0.0007044455300439668
0.00027454811919882757
0.0007254518808011725
0.00022276502198339033
0.0007376648754274549
0.00032926233512457255
0.0007865168539325843
0.0003419638495359062
0.0007376648754274549
0.00022618466047874937
0.0006849047386419151
0.00023546653639472398
0.0007747923790913532
0.00023693209574987786
0.0008148510014655593
0.0003277967757694187
0.0007166585246702492
0.0002979970688812897
0.0007440156326331217
0.00021787982413287737
0.0007039570102589154
0.0003419638495359062
0.0007796775769418661
0.0002535417684416219
0.0007537860283341475
0.00026624328285295557
0.0006712261846604788
0.00032437713727405957
0.0007103077674645823
0.00026575476306790426
0.0007620908646800195
0.00024035173424523693
0.0006873473375671715
0.00022178798241328772
0.0007357107962872497
0.00026477772349780166
0.0007361993160723009
0.0003321934538348803
0.000790913531998046
0.00026575476306790426
0.0007361993160723009
0.0002960429897410845
0.0007606253053248656
0.0002975085490962384
0.0007034684904738642
0.00027894479726428925
0.0007264289203712751
0.00029653150952613585
0.0007542745481191988
0.00029311187103077673
0.000673180263800684
0.0003048363458720078
0.0007757694186614558
0.00027405959941377626
0.000797752808988764
0.00024767953102100635
0.000743038593063019
0.0002808988764044944
0.0007210552027357108
0.0002642892037127504
0.0007073766487542745
0.0002936003908158281
0.0007459697117733268
0.00020273571079628726
0.0007879824132877381
0.0002843185148998534
0.0007928676111382511
0.00028334147532975087
0.0007435271128480704
0.00029115779189057157
0.0007059110893991206
0.0002623351245725452
0.0007918905715681485
0.0002242305813385442
0.0007972642892037127
0.00026917440156326334
0.000747923790913532
0.0003224230581338544
0.0007464582315583781
0.0002896922325354177
0.0007537860283341475
0.00021787982413287737
0.0007630679042501221
0.00027503663898387887
0.0007928676111382511
0.0003102100635075721
0.0007801660967269174
0.0002906692721055203
0.0007264289203712751
0.00025158768930141673
0.0007137274059599414
0.00025744992672203226
0.0007850512945774304
0.0002892037127503664
0.0007962872496336102
0.00027650219833903273
0.0007371763556424034
0.0002799218368343918
0.0007234978016609672
0.00023058133854421102
0.0007220322423058134
0.0002975085490962384
0.0007865168539325843
0.00023546653639472398
0.0007865168539325843
0.0003453834880312653
0.0007445041524181729
0.0002994626282364436
0.000706399609184172
0.0002906692721055203
0.0007161700048851978
0.0003023937469467514
0.0007899364924279432
0.00021250610649731314
0.0008290180752320469
0.00028285295554469957
0.0006673180263800685
0.00029506595017098194
0.0007806546165119687
0.00025158768930141673
0.0007166585246702492
0.0002442598925256473
0.0007313141182217879
0.00022911577918905714
0.0007352222765021983
0.00034587200781631655
0.0007156814851001465
0.0003102100635075721
0.0007332681973619931
0.0002808988764044944
0.0006702491450903762
0.0002926233512457255
0.0007220322423058134
0.00027894479726428925
0.0008016609672691743
0.0003009281875915975
0.0007195896433805569
0.0003146067415730337
0.0006912554958475818
0.0002579384465070835
0.0007352222765021983
0.00025842696629213487
0.0007982413287738153
0.00024035173424523693
0.0008085002442598926
0.0003629702002931119
0.0007078651685393258
0.00029311187103077673
0.0006751343429408891
0.0002545188080117245
0.0007156814851001465
0.0002892037127503664
0.0007684416218856863
0.0002325354176844162
0.0007889594528578407
0.000298485588666341
0.0007020029311187103
0.0003146067415730337
0.0007435271128480704
0.00023693209574987786
0.0006927210552027357
0.00029995114802149487
0.0007191011235955056
0.00023790913531998044
0.0008163165608207132
0.0003263312164142648
0.0007782120175867122
0.00031069858329262333
0.0007269174401563263
0.00023790913531998044
0.000663409868099658
0.0002579384465070835
0.000789447972642892
0.0002936003908158281
0.0008070346849047386
0.0003136297020029311
0.0007806546165119687
0.000298485588666341
0.0007054225696140694
0.0002232535417684416
0.0007249633610161211
0.00029018075232046896
0.0007821201758671226
0.00027405959941377626
0.0008070346849047386
0.0002994626282364436
0.0006868588177821202
0.0002730825598436737
0.0006702491450903762
0.0002843185148998534
0.0007186126038104543
0.00020371275036638984
0.0007366878358573522
0.0002594040058622374
0.0007283829995114803
0.0002994626282364436
0.0006492427943331705
0.0003238886174890083
0.0006858817782120176
0.00023497801660967267
0.0006976062530532486
0.0002628236443575965
0.0007318026380068393
0.00025647288715192966
0.0007625793844650708
0.0003429408891060088
0.0007860283341475329
0.00029164631167562287
0.0007117733268197362
0.00022862725940400586
0.0006941866145578896
0.0002535417684416219
0.0007855398143624817
0.00024767953102100635
0.0007650219833903273
0.00027747923790913534
0.0007000488519785051
0.0003175378602833415
0.0007664875427454811
0.00024035173424523693
0.000659990229604299
0.00029897410845139226
0.0007484123106985832
0.00028285295554469957
0.0007874938935026869
0.0003072789447972643
0.0007049340498290181
0.00027405959941377626
0.0006575476306790425
0.0002623351245725452
0.0007669760625305326
0.00032046897899364925
0.0007503663898387885
0.00023986321446018563
0.0007537860283341475
0.00029506595017098194
0.0007181240840254031
0.0003268197361993161
0.0007679531021006351
0.00022765021983390326
0.0006844162188568637
0.0002843185148998534
0.0007532975085490963
0.00023693209574987786
0.0007659990229604298
0.0002706399609184172
0.0006707376648754274
0.0003321934538348803
0.0007386419149975574
0.00021055202735710795
0.0007376648754274549
0.00029311187103077673
0.000701514411333659
0.00026917440156326334
0.0007723497801660966
0.0003063019052271617
0.0007220322423058134
0.0003082559843673669
0.000663409868099658
0.00019540791402051784
0.0006971177332681974
0.0003136297020029311
0.0007342452369320958
0.00028627259404005864
0.0007855398143624817
0.0003126526624328285
0.0006575476306790425
0.00031998045920859794
0.0007474352711284807
0.0002843185148998534
0.0007103077674645823
0.00026038104543234003
0.0007616023448949683
0.00024670249145090375
0.0008119198827552516
0.00030679042501221296
0.0006868588177821202
0.0003404982901807523
0.0007489008304836345
0.00030288226673180264
0.0007039570102589154
0.0003087445041524182
0.0007489008304836345
0.0002423058133854421
0.0007855398143624817
0.0003146067415730337
0.000790913531998046
0.00028285295554469957
0.0007391304347826086
0.00022667318026380068
0.0006868588177821202
0.00026477772349780166
0.0006619443087445042
0.0002730825598436737
0.0008290180752320469
0.000331704934049829
0.0006946751343429409
0.00031851489985344403
0.0007200781631656083
0.00023986321446018563
0.0007122618466047875
0.00032730825598436733
0.0007982413287738153
0.0002623351245725452
0.0007572056668295066
0.0003092330239374695
0.0007283829995114803
0.00028334147532975087
0.0007332681973619931
0.00029115779189057157
0.0007537860283341475
0.00030385930630190525
0.0007757694186614558
0.0002794333170493405
0.0007865168539325843
0.00032877381533952124
0.000701514411333659
0.0002804103566194431
0.0007586712261846605
0.0002755251587689301
0.0007664875427454811
0.0002706399609184172
0.0007503663898387885
0.00019638495359062042
0.0006966292134831461
0.00035906204201270153
0.000723009281875916
0.00029653150952613585
0.0007762579384465071
0.00026575476306790426
0.0006805080605764533
0.0002506106497313141
0.0006932095749877871
0.0002716170004885198
0.0008182706399609184
0.0003268197361993161
0.0006868588177821202
0.0003790913531998046
0.000747923790913532
0.00027015144113336594
0.0007142159257449927
0.00025989252564728873
0.0008422081094284318
0.00029018075232046896
0.0007679531021006351
0.00030190522716170003
0.0007044455300439668
0.00032975085490962385
0.0006629213483146067
0.0002579384465070835
0.0006736687835857352
0.0002667318026380068
0.0007381533952125061
0.00019638495359062042
0.0007410845139228138
0.00035368832437713724
0.0006448461162677088
0.0003258426966292135
0.0007332681973619931
0.00027503663898387887
0.0006946751343429409
0.0002491450903761602
0.0007137274059599414
0.00020273571079628726
0.0007352222765021983
0.000353199804592086
0.0007850512945774304
0.0003146067415730337
0.0007542745481191988
0.00028138739618954566
0.0006961406936980948
0.0002721055202735711
0.0007791890571568149
0.0002808988764044944
0.0007576941866145578
0.0003072789447972643
0.0007332681973619931
0.0002848070346849048
0.0007860283341475329
0.0002642892037127504
0.0006424035173424523
0.00030288226673180264
0.0008280410356619443
0.0003023937469467514
0.0008041035661944309
0.00029164631167562287
0.0006868588177821202
0.00027259404005862235
0.0007342452369320958
0.00029115779189057157
0.0007205666829506595
0.00025696140693698096
0.0007870053737176355
0.00026038104543234003
0.0008280410356619443
0.00027405959941377626
0.000688324377137274
0.0003224230581338544
0.0007899364924279432
0.00027357107962872496
0.0007127503663898388
0.0002594040058622374
0.0007923790913531998
0.00031118710307767464
0.000743038593063019
0.00037762579384465074
0.000756228627259404
0.0003009281875915975
0.0007816316560820713
0.0002721055202735711
0.0006702491450903762
0.0002320468978993649
0.0007200781631656083
0.00029897410845139226
0.0007889594528578407
0.0003248656570591109
0.0006985832926233512
0.0002896922325354177
0.00075476306790425
0.0002882266731802638
0.0007107962872496337
0.0003180263800683928
0.0007464582315583781
0.000252076209086468
0.0008168050806057646
0.00027259404005862235
0.0007078651685393258
0.00031558378114313626
0.0006912554958475818
0.00025696140693698096
0.0007469467513434294
0.0002843185148998534
0.0007464582315583781
0.0002432828529555447
0.0007767464582315584
0.0003160723009281876
0.0007347337567171471
0.000281875915974597
0.0007581827063996092
0.00025696140693698096
0.0006712261846604788
0.00029457743038593064
0.0007860283341475329
0.00025158768930141673
0.0007635564240351734
0.0003429408891060088
0.000747923790913532
0.0003541768441621886
0.0007068881289692232
0.00027015144113336594
0.0006590131900341963
0.00023497801660967267
0.0007923790913531998
0.0002711284807034685
0.0008475818270639961
0.00030679042501221296
0.0007156814851001465
0.00030532486565705916
0.0007567171470444552
0.00026917440156326334
0.0007278944797264289
0.0003092330239374695
0.0007523204689789937
0.00026135808500244264
0.0007586712261846605
0.00025744992672203226
0.0007347337567171471
0.0002442598925256473
0.000747923790913532
0.00030385930630190525
0.0007586712261846605
0.0002486565705911089
0.000799218368343918
0.0002447484123106986
0.0007723497801660966
0.0002979970688812897
0.0006976062530532486
0.00031949193942354664
0.0007747923790913532
0.00025256472887151934
0.0007630679042501221
0.00029457743038593064
0.0007581827063996092
0.00020273571079628726
0.0007669760625305326
0.00033707865168539324
0.0007528089887640449
0.00031069858329262333
0.0007874938935026869
0.0002804103566194431
0.0006995603321934538
0.00027699071812408403
0.0007420615534929165
0.0002540302882266732
0.0007591597459697118
0.0002677088422081094
0.00071323888617489
0.00031656082071323887
0.0006985832926233512
0.0002794333170493405
0.000723009281875916
0.0003023937469467514
0.0007840742550073277
0.00026135808500244264
0.0007318026380068393
0.00027796775769418664
0.0007293600390815828
0.0002838299951148022
0.0007274059599413776
0.0002887151929653151
0.0007386419149975574
0.00028285295554469957
0.0006922325354176843
0.00023302393746946751
0.0007552515876893015
0.00023839765510503175
0.0006409379579872985
0.00035368832437713724
0.0007234978016609672
0.00027650219833903273
0.000651685393258427
0.00031216414264777725
0.0007679531021006351
0.00025842696629213487
0.0007889594528578407
0.0003141182217879824
0.0007591597459697118
0.0003595505617977528
0.0007386419149975574
0.0002154372252076209
0.000723009281875916
0.00029311187103077673
0.0007337567171470445
0.00026477772349780166
0.000789447972642892
0.00030385930630190525
0.0007694186614557889
0.00026575476306790426
0.0007415730337078652
0.00026038104543234003
0.0006844162188568637
0.0002994626282364436
0.0008114313629702003
0.0002579384465070835
0.0007928676111382511
0.000323400097703957
0.0007171470444553005
0.0002642892037127504
0.0006722032242305813
0.00024132877381533951
0.0007156814851001465
0.0002784562774792379
0.0007474352711284807
0.00026575476306790426
0.0007591597459697118
0.0002975085490962384
0.0006555935515388374
0.0003326819736199316
0.0007410845139228138
0.00024767953102100635
0.0007694186614557889
0.0003058133854421104
0.0007537860283341475
0.00024181729360039082
0.0007220322423058134
0.00032926233512457255
0.0007659990229604298
0.0002755251587689301
0.0007449926722032242
0.0002545188080117245
0.0006428920371275036
0.0002623351245725452
0.0007679531021006351
0.0002799218368343918
0.000782608695652174
0.0002804103566194431
0.0007034684904738642
0.0003253541768441622
0.0007474352711284807
0.00023986321446018563
0.0007029799706888129
0.0003160723009281876
0.0007557401074743527
0.00025500732779677575
0.0007938446507083537
0.000323400097703957
0.0007161700048851978
0.0002554958475818271
0.0007498778700537372
0.00025647288715192966
0.0007762579384465071
0.0002760136785539815
0.0007801660967269174
0.00023546653639472398
0.0007073766487542745
0.0002510991695163654
0.0006775769418661456
0.00032877381533952124
0.0007205666829506595
0.0002506106497313141
0.0007205666829506595
0.00027503663898387887
0.0007679531021006351
0.0002906692721055203
0.0007874938935026869
0.0002960429897410845
0.0007586712261846605
0.0003404982901807523
0.0007870053737176355
0.00031069858329262333
0.0007405959941377626
0.0002496336101612115
0.0007572056668295066
0.000298485588666341
0.0007601367855398143
0.00036248168050806055
0.0007484123106985832
0.00030434782608695655
0.0006858817782120176
0.00022911577918905714
0.0007327796775769418
0.000298485588666341
0.0008128969223253541
0.00023839765510503175
0.0008021494870542258
0.0002960429897410845
0.0007357107962872497
0.00030434782608695655
0.0007088422081094285
0.0002706399609184172
0.0007044455300439668
0.0002843185148998534
0.0007923790913531998
0.0002344894968246214
0.0007171470444553005
0.0003326819736199316
0.0007029799706888129
0.0003072789447972643
0.0008065461651196873
0.0002540302882266732
0.0006844162188568637
0.0002711284807034685
0.0006697606253053249
0.00023497801660967267
0.0007821201758671226
0.0003268197361993161
0.0007093307278944797
0.0002921348314606742
0.0007220322423058134
0.00024377137274059598
0.000721543722520762
0.00024621397166585244
0.0007484123106985832
0.0003180263800683928
0.0008045920859794821
0.00031656082071323887
0.0007210552027357108
0.00029995114802149487
0.0007161700048851978
0.0002510991695163654
0.0006653639472398632
0.000336590131900342
0.0007664875427454811
0.00024621397166585244
0.0007659990229604298
0.0003082559843673669
0.0007616023448949683
0.00028285295554469957
0.0007469467513434294
0.0002896922325354177
0.0007073766487542745
0.0002447484123106986
0.0007503663898387885
0.00025989252564728873
0.0007957987298485588
0.0002667318026380068
0.0007703957010258915
0.00033854421104054716
0.0007586712261846605
0.00023790913531998044
0.0007616023448949683
0.0002628236443575965
0.0006980947728382999
0.00022227650219833902
0.0007376648754274549
0.000315095261358085
0.0007918905715681485
0.00030532486565705916
0.0007181240840254031
0.00028578407425500734
0.000638495359062042
0.0003087445041524182
0.0007454811919882755
0.0002804103566194431
0.0008529555446995604
0.00031216414264777725
0.000701514411333659
0.0003453834880312653
0.0007034684904738642
0.0002608695652173913
0.0007176355642403517
0.00029018075232046896
0.0008314606741573035
0.00023497801660967267
0.0007523204689789937
0.0003268197361993161
0.00071323888617489
0.00032975085490962385
0.0006907669760625306
0.00028676111382510994
0.0007371763556424034
0.00033610161211529064
0.0007918905715681485
0.00027454811919882757
0.0007640449438202247
0.00029653150952613585
0.0007210552027357108
0.0003023937469467514
0.0008221787982413287
0.0002979970688812897
0.0007298485588666341
0.00025647288715192966
0.0007200781631656083
0.00026624328285295557
0.0007469467513434294
0.00030776746458231557
0.0007703957010258915
0.0002838299951148022
0.0007513434294088911
0.0002672203224230582
0.0007210552027357108
0.00025598436736687835
0.0007405959941377626
0.0002506106497313141
0.0008036150464093795
0.00031314118221787985
0.000721543722520762
0.00030679042501221296
0.0006726917440156326
0.0002154372252076209
0.0007420615534929165
0.0003214460185637518
0.0007777234978016609
0.00027259404005862235
0.0008378114313629702
0.0002975085490962384
0.0006990718124084026
0.0002554958475818271
0.0007445041524181729
0.00027454811919882757
0.0007650219833903273
0.00023937469467513433
0.0007620908646800195
0.0002510991695163654
0.0007142159257449927
0.0003302393746946751
0.0007210552027357108
0.0003497801660967269
0.0007694186614557889
0.0002432828529555447
0.0007664875427454811
0.0003136297020029311
0.0007601367855398143
0.00024035173424523693
0.0007420615534929165
0.0003341475329750855
0.0007508549096238397
0.0002784562774792379
0.0007523204689789937
0.00023058133854421102
0.0007371763556424034
0.00032926233512457255
0.0007513434294088911
0.0002887151929653151
0.0007933561309233024
0.0003072789447972643
0.0007762579384465071
0.0003619931607230093
0.0007269174401563263
0.00027259404005862235
0.0006961406936980948
0.00032193453834880316
0.0007933561309233024
0.00028285295554469957
0.0007987298485588666
0.00031167562286272594
0.0007200781631656083
0.0002882266731802638
0.0007366878358573522
0.0003072789447972643
0.0007567171470444552
0.00026135808500244264
0.0007357107962872497
0.00026380068392769905
0.0007733268197361993
0.00028627259404005864
0.0007103077674645823
0.0003619931607230093
0.000747923790913532
0.00024377137274059598
0.0007659990229604298
0.00032046897899364925
0.0007674645823155838
0.0002169027845627748
0.0008114313629702003
0.0003146067415730337
0.0007948216902784563
0.00031167562286272594
0.0007361993160723009
0.00023839765510503175
0.0007073766487542745
0.0003014167073766488
0.0008041035661944309
0.0002716170004885198
0.0007914020517830972
0.00031656082071323887
0.0007484123106985832
0.00032975085490962385
0.0006961406936980948
0.00023790913531998044
0.0006873473375671715
0.000323400097703957
0.0008295065950170982
0.0002711284807034685
0.0007405959941377626
0.0003302393746946751
0.0007078651685393258
0.0003092330239374695
0.000764533463605276
0.00024816805080605766
0.000709819247679531
0.0002979970688812897
0.000764533463605276
0.00026868588177821203
0.0007982413287738153
0.00027894479726428925
0.0007054225696140694
0.0003087445041524182
0.0007669760625305326
0.0002721055202735711
0.0007322911577918906
0.0003102100635075721
0.0007361993160723009
0.0002144601856375183
0.0007498778700537372
0.0003522227650219834
0.0007239863214460186
0.00032828529555446994
0.0007567171470444552
0.0002427943331704934
0.0006795310210063508
0.0002427943331704934
0.0006780654616511968
0.00026038104543234003
0.0008133854421104054
0.0003341475329750855
0.0007371763556424034
0.00032095749877870055
0.0007137274059599414
0.00031167562286272594
0.0006893014167073766
0.00029897410845139226
0.0008255984367366879
0.00027454811919882757
0.0007772349780166097
0.0003048363458720078
0.0007523204689789937
0.00026380068392769905
0.0007176355642403517
0.0003063019052271617
0.0007532975085490963
0.0002906692721055203
0.000790913531998046
0.00025500732779677575
0.0007425500732779677
0.0002936003908158281
0.0006702491450903762
0.0003048363458720078
0.0007034684904738642
0.00023644357596482656
0.0007161700048851978
0.00026380068392769905
0.0007024914509037617
0.00025744992672203226
0.000721543722520762
0.0002994626282364436
0.000714704445530044
0.0002882266731802638
0.000676599902296043
0.00023937469467513433
0.0007220322423058134
0.0002501221299462628
0.0007445041524181729
0.0002936003908158281
0.0007659990229604298
0.0003659013190034197
0.0007283829995114803
0.00033317049340498287
0.0007303370786516854
0.00021934538348803126
0.0006780654616511968
0.0002921348314606742
0.0007923790913531998
0.0002320468978993649
0.000764533463605276
0.00032828529555446994
0.0007029799706888129
0.00029653150952613585
0.0007181240840254031
0.0002755251587689301
0.0007107962872496337
0.00029506595017098194
0.0007161700048851978
0.0002642892037127504
0.0007659990229604298
0.00027747923790913534
0.0006331216414264777
0.00032046897899364925
0.0007117733268197362
0.0002838299951148022
0.0006565705911089399
0.0003126526624328285
0.0007225207620908647
0.0002247191011235955
0.0007625793844650708
0.0003527112848070347
0.0007489008304836345
0.0003414753297508549
0.0007591597459697118
0.00029995114802149487
0.0007313141182217879
0.00032437713727405957
0.0007601367855398143
0.0003092330239374695
0.0007845627747923792
0.00029995114802149487
0.0007020029311187103
0.0002882266731802638
0.0007122618466047875
0.00022765021983390326
0.000663409868099658
0.0003048363458720078
0.0008065461651196873
0.0002755251587689301
0.0008182706399609184
0.00034245236932095753
0.0007176355642403517
0.000298485588666341
0.0007616023448949683
0.00029018075232046896
0.0007205666829506595
0.0003082559843673669
0.000747923790913532
0.0002882266731802638
0.0008041035661944309
0.0003341475329750855
0.0006809965803615046
0.0003302393746946751
0.0007679531021006351
0.00031998045920859794
0.0007420615534929165
0.0003668783585735222
0.0007254518808011725
0.0002540302882266732
0.0007161700048851978
0.00035368832437713724
0.0007528089887640449
0.0002760136785539815
0.0007489008304836345
0.00033610161211529064
0.0006917440156326331
0.0002926233512457255
0.0007352222765021983
0.00028773815339521255
0.0007874938935026869
0.0003707865168539326
0.0006853932584269663
0.0003004396678065462
0.0007161700048851978
0.00022862725940400586
0.0007093307278944797
0.0002808988764044944
0.0007528089887640449
0.0002554958475818271
0.0008128969223253541
0.0003341475329750855
0.0007200781631656083
0.00028285295554469957
0.0007327796775769418
0.00028627259404005864
0.000747923790913532
0.0002994626282364436
0.0007293600390815828
0.00027259404005862235
0.0007669760625305326
0.0002887151929653151
0.0007039570102589154
0.00031167562286272594
0.0006668295065950171
0.00023302393746946751
0.0006922325354176843
0.0002926233512457255
0.0007342452369320958
0.00019247679531021007
0.0008368343917928675
0.0003126526624328285
0.000756228627259404
0.00025744992672203226
0.0007445041524181729
0.0002843185148998534
0.0006340986809965803
0.0002427943331704934
0.0007743038593063018
0.00030190522716170003
0.0007889594528578407
0.0003351245725451881
0.000721543722520762
0.00035124572545188083
0.0006839276990718123
0.00021104054714215926
0.0007034684904738642
0.00032046897899364925
0.0008070346849047386
0.0002721055202735711
0.0007772349780166097
0.00030776746458231557
0.0007020029311187103
0.0002696629213483146
0.0007000488519785051
0.0003023937469467514
0.0007259404005862238
0.000315095261358085
0.0007718612603810454
0.00023009281875915975
0.0007572056668295066
0.00029897410845139226
0.0007117733268197362
0.0003175378602833415
0.0007195896433805569
0.0002896922325354177
0.0006643869076697606
0.00031949193942354664
0.0007581827063996092
0.00026380068392769905
0.0007391304347826086
0.000361504640937958
0.0007659990229604298
0.0002926233512457255
0.000749389350268686
0.0002716170004885198
0.000655105031753786
0.0002979970688812897
0.0007371763556424034
0.0002711284807034685
0.0008319491939423547
0.00036394723986321446
0.0006941866145578896
0.000315095261358085
0.0007440156326331217
0.0002442598925256473
0.0007537860283341475
0.0003058133854421104
0.0007782120175867122
0.00026917440156326334
0.0007484123106985832
0.00026868588177821203
0.0007029799706888129
0.0003023937469467514
0.0007210552027357108
0.00031216414264777725
0.0007122618466047875
0.0002730825598436737
0.0007332681973619931
0.0002706399609184172
0.0007366878358573522
0.0002872496336101612
0.0007298485588666341
0.0003351245725451881
0.0007596482657547631
0.00023644357596482656
0.0007078651685393258
0.00027503663898387887
0.0006780654616511968
0.0002501221299462628
0.000782608695652174
0.00036980947728383
0.0008251099169516365
0.00029897410845139226
0.0007860283341475329
0.0002716170004885198
0.0007161700048851978
0.00027454811919882757
0.0007176355642403517
0.0003263312164142648
0.0007640449438202247
0.0002960429897410845
0.0007914020517830972
0.0002906692721055203
0.0007796775769418661
0.00021299462628236444
0.0007274059599413776
0.0002804103566194431
0.0008343917928676112
0.00020468978993649242
0.0007630679042501221
0.00031949193942354664
0.0007288715192965315
0.00032046897899364925
0.000761113825109917
0.00025158768930141673
0.0007283829995114803
0.00030434782608695655
0.0007181240840254031
0.00023595505617977528
0.00075476306790425
0.0002872496336101612
0.0007068881289692232
0.0003087445041524182
0.0007532975085490963
0.0002530532486565706
0.0007557401074743527
0.0002623351245725452
0.0007166585246702492
0.00022813873961895456
0.0008006839276990718
0.0003522227650219834
0.0006956521739130434
0.0003517342452369321
0.0006971177332681974
0.0002926233512457255
0.0006678065461651197
0.00026526624328285296
0.0007689301416707377
0.00028334147532975087
0.0007835857352222765
0.00031069858329262333
0.000668295065950171
0.0003097215437225207
0.0006927210552027357
0.00021885686370297995
0.0006961406936980948
0.0003229115779189057
0.0008055691255495847
0.0002452369320957499
0.0008041035661944309
0.00031314118221787985
0.000714704445530044
0.00029311187103077673
0.0007787005373717636
0.00022667318026380068
0.0007020029311187103
0.00029897410845139226
0.0007552515876893015
0.0002491450903761602
0.0007679531021006351
0.0003238886174890083
0.0006829506595017098
0.0003224230581338544
0.0007156814851001465
0.0002594040058622374
0.0007054225696140694
0.0002252076209086468
0.0007200781631656083
0.00022960429897410844
0.00075476306790425
0.0003214460185637518
0.0007835857352222765
0.0002994626282364436
0.0007655105031753786
0.0002501221299462628
0.0006189545676599902
0.0003009281875915975
0.0007357107962872497
0.0002804103566194431
0.0007445041524181729
0.00034245236932095753
0.0006863702979970688
0.0003497801660967269
0.0007181240840254031
0.00023888617489008305
0.0007205666829506595
0.00031558378114313626
0.0007337567171470445
0.00028138739618954566
0.0007449926722032242
0.00032877381533952124
0.0007357107962872497
0.0003160723009281876
0.0007269174401563263
0.00031998045920859794
0.0007293600390815828
0.00028138739618954566
0.0008021494870542258
0.00024181729360039082
0.0007581827063996092
0.000336590131900342
0.0006643869076697606
0.00036443575964826576
0.0007655105031753786
0.0002672203224230582
0.0006844162188568637
0.000298485588666341
0.0007234978016609672
0.00025598436736687835
0.0007410845139228138
0.0003102100635075721
0.0007166585246702492
0.0002760136785539815
0.0006805080605764533
0.00024572545188080114
0.0006990718124084026
0.00026819736199316073
0.0007532975085490963
0.0002667318026380068
0.0007933561309233024
0.0002554958475818271
0.0007337567171470445
0.0003082559843673669
0.0007552515876893015
0.0002677088422081094
0.0007054225696140694
0.000252076209086468
0.0007464582315583781
0.00024621397166585244
0.0007752808988764045
0.0002848070346849048
0.0007005373717635565
0.00024572545188080114
0.0006951636541279922
0.00024816805080605766
0.0007635564240351734
0.00027747923790913534
0.0007772349780166097
0.00024035173424523693
0.0007518319491939423
0.0002628236443575965
0.000761113825109917
0.00030532486565705916
0.0007787005373717636
0.00025500732779677575
0.0006790425012212995
0.00031167562286272594
0.0007576941866145578
0.00023693209574987786
0.0007542745481191988
0.00037616023448949683
0.0007293600390815828
0.0003258426966292135
0.0007195896433805569
0.00022765021983390326
0.000626770884220811
0.00029408891060087933
0.0007318026380068393
0.00026380068392769905
0.0008236443575964827
0.0003356130923302394
0.0007366878358573522
0.00031949193942354664
0.0007376648754274549
0.0003014167073766488
0.000688324377137274
0.00027454811919882757
0.0008045920859794821
0.00029408891060087933
0.0007674645823155838
0.0002784562774792379
0.0007313141182217879
0.00029311187103077673
0.0007068881289692232
0.00025989252564728873
0.0007191011235955056
0.0002760136785539815
0.0007181240840254031
0.00022960429897410844
0.00073961895456766
0.0002970200293111871
0.0006702491450903762
0.00031949193942354664
0.0007264289203712751
0.00023986321446018563
0.0007068881289692232
0.00027405959941377626
0.0007405959941377626
0.0001871030776746458
0.0007210552027357108
0.00031656082071323887
0.0008124084025403029
0.0002887151929653151
0.0007757694186614558
0.00020762090864680018
0.000714704445530044
0.0002706399609184172
0.0008001954079140206
0.0002545188080117245
0.000743038593063019
0.0002760136785539815
0.0006785539814362482
0.0002589154860771861
0.0007195896433805569
0.00022178798241328772
0.000723009281875916
0.0002882266731802638
0.0008270639960918417
0.0002506106497313141
0.000761113825109917
0.0002667318026380068
0.0007200781631656083
0.00029164631167562287
0.0006936980947728383
0.0002838299951148022
0.0007840742550073277
0.00031851489985344403
0.0007782120175867122
0.00020273571079628726
0.0007855398143624817
0.00024670249145090375
0.0007313141182217879
0.00031118710307767464
0.0007327796775769418
0.00026917440156326334
0.000749389350268686
0.00031069858329262333
0.000706399609184172
0.0002325354176844162
0.0007542745481191988
0.0003097215437225207
0.0007239863214460186
0.00030385930630190525
0.0007381533952125061
0.00023009281875915975
0.0007137274059599414
0.00025256472887151934
0.0007371763556424034
0.0002887151929653151
0.0007513434294088911
0.00029408891060087933
0.0007699071812408403
0.000340009770395701
0.000701514411333659
0.0002784562774792379
0.0007684416218856863
0.00029164631167562287
0.000790913531998046
0.00028578407425500734
0.0007601367855398143
0.0002496336101612115
0.0007777234978016609
0.00026624328285295557
0.0006541279921836834
0.0003048363458720078
0.000749389350268686
0.0003009281875915975
0.0007850512945774304
0.00022129946262823644
0.0008001954079140206
0.00027503663898387887
0.0007029799706888129
0.0003141182217879824
0.0007191011235955056
0.0002496336101612115
0.0007425500732779677
0.00023790913531998044
0.0007581827063996092
0.0002491450903761602
0.0008187591597459697
0.0003517342452369321
0.0007498778700537372
0.00029408891060087933
0.0007684416218856863
0.00025696140693698096
0.0007073766487542745
0.0002491450903761602
0.0007264289203712751
0.00022765021983390326
0.0008138739618954568
0.00031216414264777725
0.0006678065461651197
0.00026917440156326334
0.0007679531021006351
0.00024377137274059598
0.0007122618466047875
0.0003229115779189057
0.0007791890571568149
0.0002589154860771861
0.0007552515876893015
0.0003087445041524182
0.0007352222765021983
0.00028627259404005864
0.0007625793844650708
0.0002554958475818271
0.0007264289203712751
0.0002784562774792379
0.0007865168539325843
0.0003102100635075721
0.0007782120175867122
0.000336590131900342
0.0007669760625305326
0.00033805569125549585
0.0007371763556424034
0.00029311187103077673
0.0007313141182217879
0.00028578407425500734
0.0007591597459697118
0.00024816805080605766
0.0007630679042501221
0.000315095261358085
0.0007117733268197362
0.00029408891060087933
0.0007669760625305326
0.0002667318026380068
0.0006805080605764533
0.0002711284807034685
0.0007186126038104543
0.00027796775769418664
0.0007361993160723009
0.00030190522716170003
0.0007357107962872497
0.0003214460185637518
0.0007259404005862238
0.0002608695652173913
0.0006824621397166585
0.0003082559843673669
0.000799218368343918
0.0002496336101612115
0.0007733268197361993
0.00034245236932095753
0.0007298485588666341
0.0003009281875915975
0.0007513434294088911
0.00025647288715192966
0.0007518319491939423
0.0002882266731802638
0.0007914020517830972
0.00023595505617977528
0.0007747923790913532
0.00028627259404005864
0.0007523204689789937
0.0003439179286761114
0.0007865168539325843
0.00029995114802149487
0.0007601367855398143
0.0002848070346849048
0.0007708842208109429
0.00027894479726428925
0.0007410845139228138
0.000353199804592086
0.0007542745481191988
0.00029164631167562287
0.0007733268197361993
0.0002730825598436737
0.0006663409868099657
0.00023595505617977528
0.0007503663898387885
0.00025598436736687835
0.0008412310698583293
0.0002892037127503664
0.0007318026380068393
0.0002721055202735711
0.0006922325354176843
0.0002721055202735711
0.0007576941866145578
0.0003258426966292135
0.0007679531021006351
0.00026917440156326334
0.0008045920859794821
0.0003058133854421104
0.00073961895456766
0.00031998045920859794
0.0007357107962872497
0.00023546653639472398
0.0007278944797264289
0.0002667318026380068
0.000756228627259404
0.0002882266731802638
0.0007616023448949683
0.0003087445041524182
0.0007039570102589154
0.00034684904738641916
0.0007425500732779677
0.00026819736199316073
0.0007225207620908647
0.00027259404005862235
0.0007865168539325843
0.00026038104543234003
0.0007508549096238397
0.0003541768441621886
0.0007088422081094285
0.0002721055202735711
0.0007601367855398143
0.0002667318026380068
0.0006839276990718123
0.0002423058133854421
0.000764533463605276
0.00023839765510503175
0.0008280410356619443
0.0003346360527601368
0.0007078651685393258
0.00033610161211529064
0.0006673180263800685
0.00022862725940400586
0.0006927210552027357
0.00027747923790913534
0.0007625793844650708
0.00027894479726428925
0.0007606253053248656
0.0003263312164142648
0.0007576941866145578
0.0002838299951148022
0.0007303370786516854
0.00027503663898387887
0.0007151929653150952
0.00027503663898387887
0.0007073766487542745
0.00029555446995603325
0.0007274059599413776
0.00030190522716170003
0.0007581827063996092
0.00032046897899364925
0.0007528089887640449
0.0002936003908158281
0.0007474352711284807
0.00030385930630190525
0.0007513434294088911
0.00024767953102100635
0.0008016609672691743
0.00032828529555446994
0.0007484123106985832
0.0003258426966292135
0.0007264289203712751
0.00025647288715192966
0.0007269174401563263
0.00028138739618954566
0.0007435271128480704
0.0002838299951148022
0.0008021494870542258
0.0003092330239374695
0.00073961895456766
0.0003072789447972643
0.0007420615534929165
0.00027796775769418664
0.00071323888617489
0.00032193453834880316
0.0007997068881289692
0.0002589154860771861
0.0007752808988764045
0.0003136297020029311
0.0007518319491939423
0.000281875915974597
0.0006971177332681974
0.00028676111382510994
0.0007068881289692232
0.0003092330239374695
0.0007938446507083537
0.00023888617489008305
0.0007572056668295066
0.0002535417684416219
0.0006976062530532486
0.0002633121641426478
0.0007513434294088911
0.00025842696629213487
0.0006751343429408891
0.0002960429897410845
0.0007445041524181729
0.0002442598925256473
0.0007000488519785051
0.0003253541768441622
0.0007181240840254031
0.00027894479726428925
0.0007156814851001465
0.0002242305813385442
0.0006990718124084026
0.00030532486565705916
0.0007059110893991206
0.00032046897899364925
0.0007850512945774304
0.0002784562774792379
0.0006722032242305813
0.00028236443575964826
0.0007225207620908647
0.0003058133854421104
0.0007322911577918906
0.0003170493404982902
0.000794333170493405
0.0002642892037127504
0.0007528089887640449
0.00034489496824621394
0.0006941866145578896
0.000356619443087445
0.00073961895456766
0.00022765021983390326
0.0007327796775769418
0.0002784562774792379
0.0007313141182217879
0.00023693209574987786
0.0007801660967269174
0.00027503663898387887
0.0007366878358573522
0.00028529555446995603
0.0007239863214460186
0.0002730825598436737
0.0007005373717635565
0.0002608695652173913
0.0007303370786516854
0.00021348314606741572
0.0007249633610161211
0.0003312164142647777
0.0007601367855398143
0.0003048363458720078
0.0007586712261846605
0.00023106985832926233
0.0007020029311187103
0.00031216414264777725
0.0007767464582315584
0.0002618466047874939
0.0007601367855398143
0.00035613092330239376
0.0006780654616511968
0.00024377137274059598
0.0007088422081094285
0.00024377137274059598
0.0006795310210063508
0.0003146067415730337
0.0007747923790913532
0.00029408891060087933
0.0007835857352222765
0.0003087445041524182
0.0007073766487542745
0.0003268197361993161
0.000723009281875916
0.0003277967757694187
0.0007142159257449927
0.00027454811919882757
0.0007865168539325843
0.00024572545188080114
0.0007459697117733268
0.0003063019052271617
0.0007127503663898388
0.00029164631167562287
0.0007073766487542745
0.00026624328285295557
0.0006775769418661456
0.0003146067415730337
0.0007420615534929165
0.0002408402540302882
0.0007293600390815828
0.0003444064484611627
0.000747923790913532
0.0002892037127503664
0.0007171470444553005
0.0002755251587689301
0.0006941866145578896
0.00024035173424523693
0.0007581827063996092
0.00029164631167562287
0.0008016609672691743
0.00032926233512457255
0.0007401074743527112
0.0003048363458720078
0.0007596482657547631
0.0002242305813385442
0.0006829506595017098
0.0002848070346849048
0.0008016609672691743
0.0002642892037127504
0.0008182706399609184
0.00033072789447972646
0.0007332681973619931
0.00030190522716170003
0.000743038593063019
0.0002882266731802638
0.0007366878358573522
0.00031949193942354664
0.0007454811919882755
0.00024621397166585244
0.0007733268197361993
0.00027894479726428925
0.0007313141182217879
0.0003522227650219834
0.0007259404005862238
0.00028627259404005864
0.0007596482657547631
0.00023644357596482656
0.0007801660967269174
0.0002979970688812897
0.0008119198827552516
0.0003595505617977528
0.0008251099169516365
0.0003248656570591109
0.0007576941866145578
0.00021201758671226184
0.0006888128969223254
0.00025500732779677575
0.0007728382999511481
0.0003087445041524182
0.0008104543234000977
0.0002755251587689301
0.0007029799706888129
0.00026575476306790426
0.0007195896433805569
0.00025696140693698096
0.0007254518808011725
0.0003175378602833415
0.0007821201758671226
0.0002936003908158281
0.0007205666829506595
0.00030190522716170003
0.0007342452369320958
0.00023546653639472398
0.0007532975085490963
0.00026135808500244264
0.0007537860283341475
0.0003058133854421104
0.0007024914509037617
0.0002432828529555447
0.0007449926722032242
0.000281875915974597
0.0006936980947728383
0.00030776746458231557
0.0007552515876893015
0.0003097215437225207
0.0006849047386419151
0.00024572545188080114
0.0007415730337078652
0.00024035173424523693
0.0007557401074743527
0.0003580850024425989
0.000714704445530044
0.0003302393746946751
0.0007523204689789937
0.00022032242305813384
0.0006995603321934538
0.00024816805080605766
0.0007239863214460186
0.000315095261358085
0.0008285295554469956
0.0003346360527601368
0.0007381533952125061
0.0002979970688812897
0.0007264289203712751
0.000252076209086468
0.0006897899364924279
0.00033805569125549585
0.0007855398143624817
0.00028285295554469957
0.0007850512945774304
0.00034587200781631655
0.0007225207620908647
0.00030434782608695655
0.0006834391792867611
0.0002589154860771861
0.0007205666829506595
0.00030532486565705916
0.0007264289203712751
0.0002608695652173913
0.0007796775769418661
0.00032193453834880316
0.0006888128969223254
0.0002540302882266732
0.0007337567171470445
0.00027454811919882757
0.0006893014167073766
0.000281875915974597
0.0007278944797264289
0.00022667318026380068
0.0007625793844650708
0.00029164631167562287
0.0007806546165119687
0.0002672203224230582
0.0007694186614557889
0.00029897410845139226
0.0006707376648754274
0.00030288226673180264
0.0007303370786516854
0.00026624328285295557
0.0007840742550073277
0.000323400097703957
0.0006565705911089399
0.0003829995114802149
0.000747923790913532
0.0002554958475818271
0.0007313141182217879
0.0003004396678065462
0.0008392769907181241
0.0002628236443575965
0.0007747923790913532
0.00030679042501221296
0.0007513434294088911
0.0003048363458720078
0.0007039570102589154
0.00024181729360039082
0.0007674645823155838
0.0002872496336101612
0.0007298485588666341
0.0002325354176844162
0.000688324377137274
0.00026819736199316073
0.0007137274059599414
0.0002677088422081094
0.0007552515876893015
0.00027747923790913534
0.0007332681973619931
0.0002447484123106986
0.0007640449438202247
0.00023302393746946751
0.0007918905715681485
0.0004049829018075232
0.0007557401074743527
0.00030434782608695655
0.000761113825109917
0.0001797752808988764
0.0007376648754274549
0.00023790913531998044
0.000749389350268686
0.0002579384465070835
0.0008334147532975086
0.00031314118221787985
0.0007073766487542745
0.0003136297020029311
0.0007166585246702492
0.0002642892037127504
0.0007347337567171471
0.00031216414264777725
0.0008456277479237909
0.00028773815339521255
0.0007904250122129947
0.0003082559843673669
0.0007210552027357108
0.0002696629213483146
0.0007557401074743527
0.00032095749877870055
0.0007865168539325843
0.00029897410845139226
0.0007596482657547631
0.00027259404005862235
0.0007532975085490963
0.00028529555446995603
0.0006477772349780166
0.0003224230581338544
0.0008016609672691743
0.00027357107962872496
0.0006790425012212995
0.00029457743038593064
0.0007024914509037617
0.00023595505617977528
0.0007435271128480704
0.00034489496824621394
0.0007191011235955056
0.00031656082071323887
0.0007352222765021983
0.00022765021983390326
0.0006692721055202736
0.00024719101123595505
0.00075476306790425
0.0002672203224230582
0.0007782120175867122
0.00027503663898387887
0.0006546165119687347
0.00031949193942354664
0.0007039570102589154
0.00025842696629213487
0.0006819736199316072
0.00027650219833903273
0.0008070346849047386
0.0002804103566194431
0.0007166585246702492
0.00032193453834880316
0.0007630679042501221
0.00028236443575964826
0.0006619443087445042
0.0002799218368343918
0.0007318026380068393
0.0002510991695163654
0.0007225207620908647
0.0002696629213483146
0.0007078651685393258
0.000353199804592086
0.0007039570102589154
0.0002896922325354177
0.0007405959941377626
0.00027405959941377626
0.0006751343429408891
0.00029653150952613585
0.0007371763556424034
0.0002320468978993649
0.0007733268197361993
0.00034684904738641916
0.0007186126038104543
0.0002618466047874939
0.0007454811919882755
0.00028334147532975087
0.0006941866145578896
0.0002799218368343918
0.0007855398143624817
0.0002848070346849048
0.0007889594528578407
0.0003356130923302394
0.0007391304347826086
0.00030434782608695655
0.0007743038593063018
0.0002545188080117245
0.0007010258915486077
0.0002843185148998534
0.0007723497801660966
0.00023497801660967267
0.0007928676111382511
0.00030434782608695655
0.0007523204689789937
0.0003404982901807523
0.0007591597459697118
0.0003102100635075721
0.0007616023448949683
0.00027796775769418664
0.0007816316560820713
0.00025696140693698096
0.0008006839276990718
0.00029164631167562287
0.0006575476306790425
0.0003097215437225207
0.0007166585246702492
0.00029115779189057157
0.0006565705911089399
0.00026917440156326334
0.0007024914509037617
0.0002623351245725452
0.0007166585246702492
0.00024670249145090375
0.0006853932584269663
0.0002545188080117245
0.0006927210552027357
0.0002594040058622374
0.0007088422081094285
0.0002843185148998534
0.0006809965803615046
0.0002730825598436737
0.0007625793844650708
0.0002906692721055203
0.000681485100146556
0.0003326819736199316
0.0007088422081094285
0.0002628236443575965
0.0006565705911089399
0.0003356130923302394
0.0007532975085490963
0.00025744992672203226
0.0007962872496336102
0.0002882266731802638
0.0007762579384465071
0.00029018075232046896
0.0007117733268197362
0.0003097215437225207
0.0007127503663898388
0.0003058133854421104
0.0007782120175867122
0.0002491450903761602
0.0007640449438202247
0.00030190522716170003
0.0007528089887640449
0.0003238886174890083
0.0006893014167073766
0.0002618466047874939
0.0007205666829506595
0.00022178798241328772
0.0007337567171470445
0.00020468978993649242
0.0007762579384465071
0.0003825109916951637
0.0007449926722032242
0.0002887151929653151
0.0007694186614557889
0.00028627259404005864
0.0007156814851001465
0.00026624328285295557
0.0007503663898387885
0.00025744992672203226
0.0007801660967269174
0.00028627259404005864
0.0007186126038104543
0.0003229115779189057
0.0006849047386419151
0.0002633121641426478
0.0006936980947728383
0.00029897410845139226
0.0008387884709330727
0.0002085979482169028
0.0007889594528578407
0.00029457743038593064
0.0007313141182217879
0.00028334147532975087
0.0006927210552027357
0.00030776746458231557
0.0007459697117733268
0.0003390327308255984
0.0008045920859794821
0.0002447484123106986
0.0007870053737176355
0.0002975085490962384
0.0007552515876893015
0.00031656082071323887
0.0007659990229604298
0.0002672203224230582
0.0007191011235955056
0.00030337078651685394
0.0007523204689789937
0.0002496336101612115
0.0008031265266243283
0.0003072789447972643
0.0007078651685393258
0.00026380068392769905
0.0007572056668295066
0.00025256472887151934
0.0006809965803615046
0.0002794333170493405
0.0007464582315583781
0.0002706399609184172
0.0008304836345872007
0.0003439179286761114
0.00063019052271617
0.00026819736199316073
0.0006775769418661456
0.0002256961406936981
0.0006785539814362482
0.0003214460185637518
0.0007889594528578407
0.0002784562774792379
0.000764533463605276
0.00029311187103077673
0.0006477772349780166
0.00035368832437713724
0.0007054225696140694
0.0002501221299462628
0.0007630679042501221
0.000331704934049829
0.000723009281875916
0.00030679042501221296
0.00075476306790425
0.0003404982901807523
0.0007171470444553005
0.0003102100635075721
0.0007366878358573522
0.00023790913531998044
0.0007195896433805569
0.00024670249145090375
0.0007029799706888129
0.00027015144113336594
0.0007420615534929165
0.00031558378114313626
0.0008153395212506106
0.00030190522716170003
0.0007191011235955056
0.00027405959941377626
0.0007537860283341475
0.0002579384465070835
0.0006995603321934538
0.0002447484123106986
0.0007308255984367366
0.00033365901319003423
0.0006946751343429409
0.0003258426966292135
0.0007870053737176355
0.0002730825598436737
0.0007361993160723009
0.0002804103566194431
0.0007664875427454811
0.00024377137274059598
0.0007581827063996092
0.0002633121641426478
0.000764533463605276
0.0002721055202735711
0.0007361993160723009
0.00029457743038593064
0.00073961895456766
0.00030532486565705916
0.0008099658036150464
0.00027503663898387887
0.0007694186614557889
0.00031069858329262333
0.0006678065461651197
0.00029897410845139226
0.0007733268197361993
0.0003224230581338544
0.0007293600390815828
0.0002677088422081094
0.0007391304347826086
0.0002071323888617489
0.000782608695652174
0.00035368832437713724
0.0007772349780166097
0.00024132877381533951
0.0007029799706888129
0.0002340009770395701
0.0007137274059599414
0.0002496336101612115
0.0007557401074743527
0.0002872496336101612
0.0008226673180263801
0.00028138739618954566
0.0007191011235955056
0.0003253541768441622
0.0006526624328285296
0.0002530532486565706
0.0006477772349780166
0.00026477772349780166
0.0008075232046897898
0.00026526624328285296
0.0007586712261846605
0.00030385930630190525
0.0007024914509037617
0.00027357107962872496
0.0006819736199316072
0.0003258426966292135
0.0007254518808011725
0.0003141182217879824
0.0007410845139228138
0.000252076209086468
0.0008016609672691743
0.0003502686858817782
0.0006458231558378114
0.0003492916463116756
0.0007762579384465071
0.00025744992672203226
0.0007469467513434294
0.00027650219833903273
0.0007523204689789937
0.0002320468978993649
0.0007405959941377626
0.00035613092330239376
0.000721543722520762
0.0003141182217879824
0.0007337567171470445
0.00024572545188080114
0.0007327796775769418
0.0003175378602833415
0.0007073766487542745
0.00029506595017098194
0.0008353688324377138
0.00028138739618954566
0.0007445041524181729
0.0002804103566194431
0.0007244748412310698
0.0002589154860771861
0.000761113825109917
0.0002906692721055203
0.0007791890571568149
0.00026135808500244264
0.0007278944797264289
0.0003180263800683928
0.0007689301416707377
0.0002784562774792379
0.0007024914509037617
0.0002838299951148022
0.0007371763556424034
0.00031851489985344403
0.000714704445530044
0.0002843185148998534
0.0007278944797264289
0.00033317049340498287
0.0006761113825109917
0.00031216414264777725
0.0007596482657547631
0.00026526624328285296
0.0007259404005862238
0.00026868588177821203
0.0007703957010258915
0.00020273571079628726
0.0007743038593063018
0.00029408891060087933
0.0007449926722032242
0.0003404982901807523
0.000721543722520762
0.00028334147532975087
0.0006678065461651197
0.00023546653639472398
0.0007386419149975574
0.0002408402540302882
0.0007796775769418661
0.00031216414264777725
0.0007127503663898388
0.00029653150952613585
0.0007161700048851978
0.0002540302882266732
0.0006497313141182218
0.0003058133854421104
0.0007484123106985832
0.0002447484123106986
0.0007787005373717636
0.000298485588666341
0.000749389350268686
0.00032193453834880316
0.0007342452369320958
0.00027015144113336594
0.0007112848070346849
0.00023302393746946751
0.0007674645823155838
0.0002320468978993649
0.0007567171470444552
0.00024621397166585244
0.0006985832926233512
0.0003527112848070347
0.0007938446507083537
0.00032193453834880316
0.0007112848070346849
0.00028285295554469957
0.0007694186614557889
0.0002447484123106986
0.000797752808988764
0.0003102100635075721
0.0007220322423058134
0.000281875915974597
0.0007078651685393258
0.0002501221299462628
0.0007357107962872497
0.00026380068392769905
0.0006956521739130434
0.0003009281875915975
0.0007782120175867122
0.0002838299951148022
0.0007127503663898388
0.00025158768930141673
0.0007191011235955056
0.00019394235466536395
0.0007342452369320958
0.000340009770395701
0.00075476306790425
0.0002970200293111871
0.0007884709330727895
0.0003502686858817782
0.0007772349780166097
0.00036394723986321446
0.0006878358573522228
0.0002696629213483146
0.0007117733268197362
0.00027894479726428925
0.0007557401074743527
0.00024181729360039082
0.0007195896433805569
0.00028138739618954566
0.0006648754274548119
0.0003160723009281876
0.0007327796775769418
0.00027015144113336594
0.0006580361504640938
0.0002730825598436737
0.0007410845139228138
0.0002628236443575965
0.0007703957010258915
0.0003434294088910601
0.0007278944797264289
0.0003248656570591109
0.0007352222765021983
0.0002706399609184172
0.0006834391792867611
0.000315095261358085
0.0007205666829506595
0.000281875915974597
0.0007747923790913532
0.00031998045920859794
0.0007171470444553005
0.00024132877381533951
0.0006805080605764533
0.0002247191011235955
0.0006653639472398632
0.0003072789447972643
0.0007830972154372252
0.0002530532486565706
0.0007537860283341475
0.00033317049340498287
0.00071323888617489
0.0002936003908158281
0.0007234978016609672
0.0002696629213483146
0.0007225207620908647
0.0002706399609184172
0.0007176355642403517
0.00027699071812408403
0.0007244748412310698
0.0002760136785539815
0.0006878358573522228
0.0003102100635075721
0.0007591597459697118
0.00027894479726428925
0.000709819247679531
0.00026819736199316073
0.0007410845139228138
0.0002535417684416219
0.0008016609672691743
0.0003004396678065462
0.0007616023448949683
0.00032437713727405957
0.0006853932584269663
0.0002496336101612115
0.0007405959941377626
0.00028578407425500734
0.0007386419149975574
0.00028236443575964826
0.000761113825109917
0.0003312164142647777
0.0007137274059599414
0.00032095749877870055
0.0007254518808011725
0.0002325354176844162
0.000663409868099658
0.00028529555446995603
0.0007318026380068393
0.00027503663898387887
0.0007537860283341475
0.00034245236932095753
0.0007454811919882755
0.00030190522716170003
0.0007298485588666341
0.00030532486565705916
0.0008045920859794821
0.00032095749877870055
0.0008065461651196873
0.00020566682950659502
0.0008045920859794821
0.00029506595017098194
0.0007200781631656083
0.00030385930630190525
0.0007581827063996092
0.0002618466047874939
0.0007107962872496337
0.0002447484123106986
0.0007274059599413776
0.00024670249145090375
0.0008089887640449438
0.0003585735222276502
0.0007552515876893015
0.0003595505617977528
0.0007655105031753786
0.00032046897899364925
0.0006907669760625306
0.00026917440156326334
0.0008055691255495847
0.00026526624328285296
0.00073961895456766
0.0003063019052271617
0.0006971177332681974
0.00029115779189057157
0.0006907669760625306
0.00027747923790913534
0.0007386419149975574
0.0003136297020029311
0.0008197361993160724
0.00027503663898387887
0.0008216902784562775
0.0003580850024425989
0.0006399609184171959
0.0002794333170493405
0.0007288715192965315
0.00027259404005862235
0.0006971177332681974
0.00029506595017098194
0.0007361993160723009
0.00023790913531998044
0.0007752808988764045
0.0003023937469467514
0.0007405959941377626
0.0003434294088910601
0.000794333170493405
0.0002667318026380068
0.0007386419149975574
0.00023009281875915975
0.0008153395212506106
0.00026624328285295557
0.0007176355642403517
0.00032877381533952124
0.0008251099169516365
0.0002642892037127504
0.0006790425012212995
0.00026526624328285296
0.000681485100146556
0.00028578407425500734
0.0007528089887640449
0.00020908646800195407
0.0007464582315583781
0.0003190034196384954
0.0007059110893991206
0.00035466536394723985
0.0007586712261846605
0.00026477772349780166
0.0006751343429408891
0.0003004396678065462
0.0008114313629702003
0.00029311187103077673
0.0008031265266243283
0.00033610161211529064
0.0007005373717635565
0.00031167562286272594
0.0007205666829506595
0.0002882266731802638
0.0007254518808011725
0.0002794333170493405
0.0007298485588666341
0.0002423058133854421
0.0007532975085490963
0.0003004396678065462
0.0007151929653150952
0.0003390327308255984
0.0007318026380068393
0.00024132877381533951
0.0007020029311187103
0.00026575476306790426
0.0007625793844650708
0.00023009281875915975
0.0007576941866145578
0.0003478260869565217
0.0007508549096238397
0.00030288226673180264
0.0006736687835857352
0.0002716170004885198
0.0007205666829506595
0.000315095261358085
0.0007440156326331217
0.00028627259404005864
0.0007728382999511481
0.00032926233512457255
0.00067171470444553
0.0003268197361993161
0.0007225207620908647
0.0002442598925256473
0.0007664875427454811
0.0002979970688812897
0.0007508549096238397
0.00020908646800195407
0.0007112848070346849
0.0003175378602833415
0.0006980947728382999
0.00028627259404005864
0.0007440156326331217
0.00031069858329262333
0.0007503663898387885
0.0003160723009281876
0.0007459697117733268
0.00025598436736687835
0.0007679531021006351
0.00027259404005862235
0.0007137274059599414
0.00031558378114313626
0.0007161700048851978
0.0002799218368343918
0.0007073766487542745
0.00029506595017098194
0.0007181240840254031
0.0002540302882266732
0.0007713727405959941
0.0003404982901807523
0.000764533463605276
0.0003146067415730337
0.0006966292134831461
0.00024572545188080114
0.0007024914509037617
0.0002628236443575965
0.000706399609184172
0.0002491450903761602
0.0007498778700537372
0.0003160723009281876
0.000655105031753786
0.0003312164142647777
0.0007518319491939423
0.0002325354176844162
0.0007088422081094285
0.0002882266731802638
0.0008075232046897898
0.00027747923790913534
0.0008197361993160724
0.00030532486565705916
0.0007068881289692232
0.0003004396678065462
0.0007405959941377626
0.00029408891060087933
0.0007254518808011725
0.0002887151929653151
0.0008382999511480215
0.0002804103566194431
0.0007342452369320958
0.0002554958475818271
0.000701514411333659
0.00032046897899364925
0.0007576941866145578
0.00023839765510503175
0.000668295065950171
0.0003063019052271617
0.0007576941866145578
0.0002540302882266732
0.00071323888617489
0.00031069858329262333
0.0007117733268197362
0.00033072789447972646
0.0007679531021006351
0.0003063019052271617
0.0008314606741573035
0.00045334636052760135
0.0009794821690278456
0.0005666829506595017
0.0012647777234978017
0.0007161700048851978
0.0011875915974596972
0.0007923790913531998
0.0013761602344894968
0.0007982413287738153
0.0013888617489008306
0.0009731314118221788
0.0016570591108939913
0.001063019052271617
0.0017337567171470446
0.0012100635075720568
0.0018104543234000977
0.0012383976551050317
0.0019228138739618955
0.0013458720078163167
0.002044455300439668
0.001495847581827064
0.0020390815828041035
0.0015212506106497311
0.002237420615534929
0.0016375183194919393
0.0022594040058622374
0.0017914020517830972
0.002511480214948705
0.0018255984367366877
0.0025183194919394234
0.0019311187103077674
0.0027357107962872494
0.0019521250610649733
0.0027928676111382508
0.0021162677088422083
0.0029179286761113823
0.002272105520273571
0.0029565217391304345
0.002269662921348315
0.0030840254030288228
0.0024040058622374206
0.003159745969711773
0.0025041524181729363
0.0033903273082559844
0.0025525158768930144
0.0033961895456766002
0.002680019540791402
0.0035085490962383976
0.002739130434782609
0.003595994137762579
0.002892525647288715
0.003804592085979482
0.0028827552515876893
0.003835368832437714
0.0031006350757205666
0.003968246213971666
0.003161700048851979
0.003992183683439179
0.0032393746946751344
0.004134831460674158
0.0033253541768441626
0.004193453834880312
0.003389838788470933
0.004359550561797753
0.003502686858817782
0.004384465070835369
0.0035764533463605278
0.004574987787005374
0.0036277479237909133
0.004627747923790913
0.0037772349780166095
0.0046956521739130435
0.00383390327308256
0.0048456277479237905
0.00401514411333659
0.005004885197850513
0.00404152418172936
0.005063507572056669
0.004127015144113336
0.005064484611626771
0.0042383976551050315
0.005244259892525647
0.004311675622862726
0.005404494382022472
0.004404982901807524
0.005413776257938446
0.004521250610649731
0.0055383488031265264
0.004594528578407426
0.005592574499267221
0.004767464582315584
0.005783097215437225
0.0047278944797264294
0.005869076697606253
0.004948216902784563
0.006030776746458232
0.005043478260869565
0.006016609672691744
0.005137274059599414
0.00623790913531998
0.00526038104543234
0.006318026380068393
0.00534733756717147
0.006434782608695652
0.005428431851489985
0.006377137274059599
0.00564533463605276
0.006691744015632633
0.005664386907669761
0.006715681485100147
0.005773326819736199
0.0068930141670737665
0.0057982413287738154
0.006944797264289203
0.0060903761602344895
0.007157791890571568
0.0061436248168050805
0.007095749877870054
0.006288226673180263
0.00723400097703957
0.00637762579384465
0.0073883732291157795
0.006445530043966781
0.007542745481191988
0.006613580850024426
0.007505129457743038
0.006845627747923791
0.007677576941866145
0.0067430385930630195
0.0077489008304836345
0.006922813873961896
0.00789838788470933
0.007024425989252565
0.007970688812896922
0.007167073766487543
0.008113825109916952
0.007296042989741084
0.008119687347337567
0.007326331216414265
0.008344894968246214
0.007525647288715193
0.00838495359062042
0.007655593551538838
0.008531509526135808
0.007753786028334147
0.008545676599902295
0.007905227161700048
0.008742550073277969
0.007950170981924768
0.008759648265754762
0.007968734733756717
0.008922813873961896
0.008233512457254517
0.00898143624816805
0.008382510991695163
0.009141670737664876
0.008406448461162678
0.009145090376160235
0.008450903761602345
0.009300439667806547
0.008631656082071323
0.009413287738153395
0.008823644357596482
0.00958817782120176
0.0089057156814851
0.009567171470444552
0.009021006350757206
0.009678065461651198
0.009064484611626771
0.009737664875427456
0.009248168050806058
0.00993551538837323
0.009319980459208597
0.009984367366878358
0.009451392281387395
0.0100942843185149
0.009534440644846116
0.010083536883243772
0.009671226184660478
0.010285784074255008
0.009713727405959941
0.010356130923302393
0.009881289692232535
0.010443087445041525
0.009977039570102588
0.010508060576453346
0.010180263800683927
0.010687347337567172
0.010191011235955056
0.010716170004885199
0.010246702491450904
0.010844650708353689
0.01043380556912555
0.010922325354176844
0.01059599413776258
0.011002931118710308
0.010601367855398143
0.011036150464093796
0.010563751831949193
0.01099218368343918
0.010609184171958963
0.011022960429897411
0.010606741573033707
0.011039081582804103
0.01057401074743527
0.01101514411333659
0.010578407425500733
0.011023448949682463
0.010554958475818272
0.010981924767953101
0.010603321934538348
0.011083048363458721
0.010566682950659502
0.011061553492916463
0.01061504640937958
0.010988764044943821
0.010610649731314118
0.011001465559355154
0.01057352222765022
0.011033219345383488
0.010585246702491452
0.011046409379579873
0.010545676599902295
0.011044943820224718
0.010614557889594528
0.01102247191011236
0.010609184171958963
0.011050317537860285
0.010591597459697118
0.011020517830972154
0.010625793844650708
0.011064973131411821
0.010505129457743038
0.011034196384953591
0.010673668783585735
0.011059110893991206
0.010615534929164632
0.011058622374206156
0.010584269662921348
0.011000488519785051
0.010595505617977528
0.01104543234000977
0.01060429897410845
0.011115290669272106
0.010627259404005862
0.01106008793356131
0.01058085002442599
0.011042989741084513
0.010532975085490962
0.011013190034196384
0.010590131900341963
0.011055691255495848
0.01056228627259404
0.011061064973131411
0.010572545188080117
0.011028822667318026
0.010608207132388862
0.01096580361504641
0.010566682950659502
0.011001465559355154
0.01060771861260381
0.011049340498290181
0.010532486565705912
0.01104885197850513
0.010556424035173425
0.010958964338055693
0.010595017098192477
0.01099951148021495
0.010591108939912067
0.010976062530532486
0.010576941866145578
0.01101123595505618
0.010523693209574988
0.010985832926233513
0.010585735222276503
0.011058622374206156
0.010592085979482168
0.011019052271617001
0.010512457254518808
0.010953102100635074
0.010553004396678067
0.011012212994626281
0.010549584758182707
0.011085979482169028
0.01059648265754763
0.010976551050317538
0.010579384465070837
0.010998045920859794
0.010549584758182707
0.010938446507083538
0.010616023448949683
0.011040547142159256
0.010550073277967758
0.011049340498290181
0.010624328285295555
0.011030776746458231
0.010576941866145578
0.010985832926233513
0.010563751831949193
0.011013190034196384
0.0105847581827064
0.011035661944308744
0.010508060576453346
0.011042989741084513
0.010545676599902295
0.010946751343429408
0.010569125549584758
0.011010258915486076
0.010612603810454323
0.011005373717635564
0.010542745481191988
0.011062042012701515
0.010528578407425502
0.011007816316560821
0.010602344894968245
0.011051294577430386
0.010594528578407425
0.011043966780654616
0.010529066927210552
0.010978993649242794
0.010572056668295065
0.010987298485588668
0.010533463605276013
0.011010747435271128
0.01058085002442599
0.010971665852467024
0.010597459697117733
0.010998045920859794
0.010478260869565216
0.010960918417195898
0.010607230092818758
0.010979970688812896
0.010505129457743038
0.011027357107962873
0.010613092330239375
0.010991695163654128
0.010544211040547142
0.010950170981924768
0.010613580850024427
0.010983390327308256
0.01057352222765022
0.010996580361504641
0.010546165119687347
0.01101514411333659
0.01057401074743527
0.010976551050317538
0.010560820713238887
0.011020517830972154
0.010546165119687347
0.010971177332681974
0.01055056179775281
0.011021006350757206
0.01051636541279922
0.011016609672691744
0.010648265754763069
0.010997557401074744
0.010589643380556913
0.010974108451392281
0.010556424035173425
0.010919882755251588
0.010489008304836346
0.01102198339032731
0.010542745481191988
0.011075232046897898
0.010574499267220322
0.010967269174401563
0.010537860283341475
0.010978016609672691
0.010553981436248168
0.010978016609672691
0.010591108939912067
0.011019052271617001
0.010522227650219835
0.011016121152906693
0.010561309233023938
0.010942843185148998
0.010521250610649732
0.010988764044943821
0.01059648265754763
0.010968734733756718
0.010523693209574988
0.011031265266243283
0.010496336101612115
0.010946262823644358
0.010605764533463605
0.010946751343429408
0.01059990229604299
0.01102979970688813
0.010517830972154373
0.010998045920859794
0.01053981436248168
0.010971665852467024
0.01049780166096727
0.011061553492916463
0.010646311675622864
0.010971665852467024
0.010564240351734245
0.010963361016121153
0.010514899853444063
0.01099218368343918
0.010547630679042502
0.011
0.010552027357107963
0.011026868588177821
0.010575964826575475
0.010958475818270641
0.010601367855398143
0.010956521739130436
0.010515388373229115
0.010958475818270641
0.010576941866145578
0.011027357107962873
0.010562774792379092
0.01102247191011236
0.010585246702491452
0.010952125061064973
0.010589643380556913
0.010919882755251588
0.010533952125061065
0.01096971177332682
0.010546653639472398
0.010993649242794333
0.010518808011724475
0.010994137762579384
0.01060429897410845
0.010934538348803126
0.010606741573033707
0.01098143624816805
0.01047581827063996
0.010983878847093306
0.010542256961406937
0.011005862237420614
0.010495359062042013
0.011014167073766486
0.010562774792379092
0.010961406936980948
0.010561797752808988
0.010978505129457743
0.010522716170004885
0.010996580361504641
0.010540791402051783
0.010965315095261358
0.010490962383976551
0.011040547142159256
0.010544211040547142
0.010967269174401563
0.010572545188080117
0.01093258426966292
0.01052418172936004
0.01095114802149487
0.010557889594528578
0.011046409379579873
0.010481191988275525
0.01098827552515877
0.010560820713238887
0.010934049829018076
0.01055837811431363
0.01097752808988764
0.010570591108939912
0.010916463116756227
0.01058866634098681
0.011042989741084513
0.010482657547630678
0.010979970688812896
0.010546165119687347
0.010993649242794333
0.0106038104543234
0.011004396678065461
0.010518319491939425
0.010932095749877871
0.010527112848070347
0.010962872496336103
0.010494870542256961
0.010974108451392281
0.010632144601856375
0.011017586712261848
0.01055837811431363
0.011031265266243283
0.010523693209574988
0.010937469467513434
0.010509037616023448
0.010978016609672691
0.010565705911089398
0.011011724474841231
0.010544699560332193
0.010961895456766
0.01048656570591109
0.010928676111382511
0.01043771372740596
0.01091695163654128
0.010523693209574988
0.010967757694186614
0.010510991695163653
0.011026868588177821
0.010509037616023448
0.010957498778700538
0.010529066927210552
0.01094723986321446
0.010546165119687347
0.010926722032242306
0.010482169027845626
0.010980459208597948
0.010503663898387885
0.01102198339032731
0.010485588666340988
0.010933561309233024
0.010551050317537862
0.010984855886663411
0.010483634587200781
0.010949682462139716
0.010519785051294578
0.010993649242794333
0.010503175378602833
0.010986809965803616
0.010576453346360527
0.010940400586223743
0.010549096238397657
0.010928676111382511
0.010517830972154373
0.010915486077186126
0.010533952125061065
0.010990718124084026
0.010526624328285297
0.011002931118710308
0.010551050317537862
0.010983390327308256
0.010546653639472398
0.011013678553981436
0.010499267220322423
0.010945774303859306
0.010524670249145092
0.01103761602344895
0.010496336101612115
0.011021006350757206
0.010563751831949193
0.01093160723009282
0.010556912554958477
0.010931118710307768
0.010543234000977038
0.010957498778700538
0.01052027357107963
0.011010258915486076
0.010484611626770885
0.010969223253541768
0.010568637029799707
0.010941377625793844
0.010595505617977528
0.010966292134831461
0.010462139716658525
0.010929653150952614
0.010507572056668295
0.01097752808988764
0.010480703468490473
0.010963849535906204
0.010586712261846605
0.010963361016121153
0.01057743038593063
0.010981924767953101
0.010496336101612115
0.010938935026868588
0.010449926722032241
0.010990718124084026
0.010460674157303371
0.01104152418172936
0.010472887151929653
0.010948705422569614
0.01057010258915486
0.010925256472887153
0.010466047874938935
0.010914509037616022
0.010536883243771373
0.011050317537860285
0.010484611626770885
0.011011724474841231
0.010519785051294578
0.010943820224719101
0.010576941866145578
0.010984855886663411
0.0105095261358085
0.010962383976551051
0.010529555446995603
0.010989252564728873
0.01051636541279922
0.010969223253541768
0.010526624328285297
0.010946751343429408
0.010528578407425502
0.010985832926233513
0.010477772349780166
0.01093942354665364
0.01049389350268686
0.011034196384953591
0.010476795310210063
0.010978993649242794
0.010530043966780655
0.011006350757205666
0.01056228627259404
0.010930141670737666
0.010407914020517831
0.010924767953102101
0.010522716170004885
0.010952613580850024
0.010479726428920371
0.011039570102589154
0.010559355153883733
0.010983878847093306
0.01049438202247191
0.010907669760625306
0.010499267220322423
0.010922325354176844
0.010544211040547142
0.010968734733756718
0.010477283829995115
0.011028822667318026
0.01050561797752809
0.01096971177332682
0.010527112848070347
0.011006350757205666
0.010504152418172936
0.010985344406448463
0.010527112848070347
0.010997068881289693
0.010470933072789448
0.010953590620420128
0.01056619443087445
0.010933072789447973
0.010522227650219835
0.010961406936980948
0.010468978993649243
0.010951636541279921
0.010513922813873961
0.01095114802149487
0.010446995603321935
0.011001465559355154
0.010507572056668295
0.010940889106008793
0.010519785051294578
0.010958475818270641
0.010453346360527603
0.01090962383976551
0.010507572056668295
0.01095114802149487
0.010513922813873961
0.01101514411333659
0.010565217391304348
0.010911089399120664
0.01054372252076209
0.010951636541279921
0.010447972642892036
0.010906692721055202
0.010542256961406937
0.010974108451392281
0.01051343429408891
0.011023937469467514
0.010559355153883733
0.010976551050317538
0.01052418172936004
0.01092134831460674
0.010536394723986322
0.01098143624816805
0.010502686858817781
0.010948705422569614
0.010480703468490473
0.010960918417195898
0.010501221299462628
0.010910600879335612
0.010526135808500245
0.010976062530532486
0.010491939423546655
0.010936492427943333
0.010446995603321935
0.010949682462139716
0.010479726428920371
0.010945774303859306
0.01057791890571568
0.010949682462139716
0.01049780166096727
0.010976551050317538
0.010530043966780655
0.01093258426966292
0.01048656570591109
0.011008793356130923
0.010534440644846117
0.010976062530532486
0.010606741573033707
0.010966780654616513
0.010526135808500245
0.010925256472887153
0.010484123106985831
0.010903761602344896
0.010527112848070347
0.010984367366878358
0.010527601367855398
0.010990229604298974
0.010524670249145092
0.01089350268685882
0.010554958475818272
0.01091304347826087
0.010506595017098191
0.010942843185148998
0.010487054225696141
0.010954567659990231
0.010512457254518808
0.010949193942354664
0.0104714215925745
0.010923790913532
0.010560820713238887
0.010961406936980948
0.010433317049340498
0.010933561309233024
0.010522716170004885
0.010961406936980948
0.010452369320957498
0.010955544699560333
0.010601367855398143
0.01097361993160723
0.010553981436248168
0.010948216902784563
0.010453346360527603
0.010949193942354664
0.0104904738641915
0.010930630190522716
0.010464582315583781
0.011026868588177821
0.010580361504640938
0.010936003908158281
0.010544699560332193
0.010917928676111383
0.010459697117733268
0.010885197850512946
0.010548119198827553
0.010949193942354664
0.010486077186126038
0.010969223253541768
0.010500732779677576
0.010952125061064973
0.010519296531509527
0.01091695163654128
0.010510991695163653
0.010953102100635074
0.010547630679042502
0.010946751343429408
0.010492427943331705
0.010961895456766
0.010518808011724475
0.010948705422569614
0.010538348803126527
0.01095798729848559
0.010517830972154373
0.010934049829018076
0.010483634587200781
0.011029311187103078
0.010466047874938935
0.010915974596971178
0.010582315583781143
0.010979482169027844
0.010568148510014655
0.010958475818270641
0.010483634587200781
0.010898876404494382
0.010491939423546655
0.010963849535906204
0.01047581827063996
0.010970688812896923
0.010537371763556423
0.010946262823644358
0.01051636541279922
0.010957498778700538
0.010453834880312653
0.01089350268685882
0.010485100146555936
0.011008793356130923
0.01047532975085491
0.01095065950170982
0.01052808988764045
0.010902784562774792
0.010502198339032731
0.010969223253541768
0.010462628236443576
0.010899853444064484
0.010481191988275525
0.01097752808988764
0.010443087445041525
0.010935026868588178
0.010469467513434295
0.010922325354176844
0.010491939423546655
0.011020029311187104
0.010473375671714705
0.01092085979482169
0.01047923790913532
0.010972154372252076
0.010432340009770396
0.010955544699560333
0.010521250610649732
0.010950170981924768
0.010535417684416218
0.010959452857840743
0.010449926722032241
0.010914997557401074
0.01044162188568637
0.010963849535906204
0.010431362970200293
0.010988764044943821
0.01051343429408891
0.010946262823644358
0.010529066927210552
0.010881778212017586
0.01045285784074255
0.01092085979482169
0.010527601367855398
0.010983390327308256
0.010486077186126038
0.010936980947728383
0.010532486565705912
0.010938935026868588
0.010511480214948705
0.010930141670737666
0.010484123106985831
0.010953590620420128
0.010533463605276013
0.010941866145578896
0.010469956033219345
0.010983878847093306
0.01049780166096727
0.01091695163654128
0.010512457254518808
0.010959941377625794
0.010467024914509038
0.010914997557401074
0.01043380556912555
0.010958475818270641
0.010455300439667808
0.010963361016121153
0.010571079628724963
0.010956033219345384
0.010545676599902295
0.010974108451392281
0.010453346360527603
0.010958964338055693
0.010424035173424525
0.010911089399120664
0.010519785051294578
0.010992672203224231
0.010526135808500245
0.010930630190522716
0.010459697117733268
0.010890083048363457
0.010394235466536396
0.010918417195896432
0.01049780166096727
0.010959941377625794
0.010447972642892036
0.010974596971177333
0.010517830972154373
0.01090522716170005
0.010510014655593551
0.010933072789447973
0.010504152418172936
0.01090131900341964
0.010495847581827065
0.010940889106008793
0.010455788959452858
0.01099218368343918
0.010529555446995603
0.010891548607718614
0.010488519785051295
0.010968246213971666
0.01047581827063996
0.010908158280410356
0.01047532975085491
0.010907669760625306
0.010463605276013678
0.010978993649242794
0.010511480214948705
0.010964338055691256
0.010466536394723986
0.010936980947728383
0.010440644846116268
0.01088715192965315
0.010476306790425011
0.010934538348803126
0.010464582315583781
0.010996580361504641
0.010536883243771373
0.010915486077186126
0.010490962383976551
0.010922325354176844
0.010453834880312653
0.01087933561309233
0.010480703468490473
0.010974108451392281
0.010500244259892526
0.010985832926233513
0.010450415241817293
0.010895945285784074
0.010501221299462628
0.010858329262335124
0.01045627747923791
0.010936003908158281
0.01044894968246214
0.01091744015632633
0.01044943820224719
0.010945774303859306
0.0104904738641915
0.010902784562774792
0.010547630679042502
0.010954567659990231
0.010468490473864191
0.010966292134831461
0.010425500732779678
0.010920371275036637
0.010398143624816806
0.010953590620420128
0.010561797752808988
0.01100390815828041
0.010468978993649243
0.010945774303859306
0.010460674157303371
0.010904738641914997
0.010446507083536883
0.010962872496336103
0.010457254518808013
0.010952613580850024
0.010514411333659013
0.010882266731802637
0.010437225207620908
0.0108876404494382
0.010430874450415243
0.01087933561309233
0.010492427943331705
0.010985832926233513
0.010467024914509038
0.010958964338055693
0.010530532486565707
0.010917928676111383
0.010495847581827065
0.010938446507083538
0.01049389350268686
0.010915486077186126
0.010465559355153885
0.010944308744504153
0.010401563263312165
0.01094333170493405
0.010482657547630678
0.010884709330727894
0.010499755740107475
0.010926233512457256
0.010461651196873473
0.01090620420127015
0.01045627747923791
0.010933561309233024
0.010433317049340498
0.010917928676111383
0.010525647288715193
0.010918905715681484
0.010510503175378601
0.010945774303859306
0.010452369320957498
0.01092134831460674
0.010450415241817293
0.010959941377625794
0.010455300439667808
0.010995114802149488
0.010547630679042502
0.010919394235466536
0.010538837322911578
0.010946262823644358
0.010446018563751831
0.010862237420615536
0.010454811919882756
0.010976062530532486
0.010469956033219345
0.010898876404494382
0.010530043966780655
0.010925744992672204
0.010479726428920371
0.010919882755251588
0.010462628236443576
0.010900341963849536
0.010461651196873473
0.010956033219345384
0.010489008304836346
0.010926233512457256
0.01047532975085491
0.010874938935026869
0.010485100146555936
0.010888128969223252
0.010459697117733268
0.010921836834391793
0.010511480214948705
0.010921836834391793
0.010431851489985345
0.010941866145578896
0.010540791402051783
0.010934538348803126
0.01049780166096727
0.01091744015632633
0.010454811919882756
0.010851978505129457
0.01049780166096727
0.010942354665363948
0.010400586223742061
0.011016121152906693
0.010485100146555936
0.010896433805569126
0.010482657547630678
0.010937957987298486
0.010469467513434295
0.010922813873961896
0.010466536394723986
0.010979482169027844
0.010458720078163166
0.01093551538837323
0.010499755740107475
0.010893014167073767
0.010482657547630678
0.0109057156814851
0.010443087445041525
0.01091695163654128
0.010536883243771373
0.010933561309233024
0.010418172936003908
0.010945774303859306
0.010495359062042013
0.01091304347826087
0.010544699560332193
0.010908158280410356
0.010442110405471421
0.01091695163654128
0.010426966292134831
0.010938446507083538
0.010446507083536883
0.010941377625793844
0.010532486565705912
0.010919882755251588
0.01051636541279922
0.01093258426966292
0.010462139716658525
0.010920371275036637
0.010477772349780166
0.01091353199804592
0.010441133365901318
0.01094723986321446
0.01045285784074255
0.010896922325354177
0.010509037616023448
0.010911577918905716
0.010431851489985345
0.010854909623839766
0.010495847581827065
0.010962872496336103
0.01044162188568637
0.010926233512457256
0.010395212506106498
0.010884220810942842
0.010476795310210063
0.010912554958475817
0.010488031265266245
0.010933561309233024
0.010468978993649243
0.0109057156814851
0.010426477772349781
0.010928187591597461
0.010433317049340498
0.010893014167073767
0.01046018563751832
0.010960429897410846
0.010415730337078651
0.010902784562774792
0.010461651196873473
0.01090229604298974
0.010415730337078651
0.01092085979482169
0.01048656570591109
0.010939912066438691
0.010463116756228628
0.010900341963849536
0.010453346360527603
0.010891060087933562
0.010461651196873473
0.010926722032242306
0.010477283829995115
0.010963849535906204
0.010473375671714705
0.010919394235466536
0.01049780166096727
0.010922325354176844
0.010408891060087933
0.010896433805569126
0.01050561797752809
0.010928187591597461
0.01042208109428432
0.010962872496336103
0.010480214948705421
0.010870542256961407
0.0105095261358085
0.010931118710307768
0.01049438202247191
0.010869565217391304
0.010446507083536883
0.01091744015632633
0.010510503175378601
0.010919882755251588
0.010473375671714705
0.010903273082559844
0.010462139716658525
0.01091304347826087
0.010399120664386908
0.010863702979970689
0.010492916463116756
0.010951636541279921
0.010402051783097216
0.010935026868588178
0.010527112848070347
0.010952613580850024
0.010557401074743527
0.010890083048363457
0.01040742550073278
0.01090913531998046
0.01047923790913532
0.010928676111382511
0.010394235466536396
0.010985344406448463
0.010499267220322423
0.010893014167073767
0.010481680508060576
0.01089741084513923
0.010451392281387395
0.010842208109428432
0.010478260869565216
0.010941866145578896
0.010400586223742061
0.010949682462139716
0.010481680508060576
0.010895456765999024
0.010461162677088423
0.01090620420127015
0.010432828529555448
0.0109057156814851
0.010463605276013678
0.010937957987298486
0.010410845139228138
0.010920371275036637
0.010495359062042013
0.010895456765999024
0.010479726428920371
0.01099560332193454
0.010420615534929165
0.010912066438690766
0.010479726428920371
0.01090962383976551
0.010423058133854421
0.010942843185148998
0.010490962383976551
0.010904250122129946
0.010500244259892526
0.01091695163654128
0.01044162188568637
0.010889106008793356
0.010427454811919883
0.010910600879335612
0.010468978993649243
0.010934538348803126
0.010474352711284806
0.010927210552027358
0.01048998534440645
0.010886663409868099
0.010435271128480703
0.010892037127503664
0.010454323400097705
0.010908646800195407
0.010466047874938935
0.010941377625793844
0.010465559355153885
0.010924279433317051
0.010464582315583781
0.010925256472887153
0.010479726428920371
0.010889594528578407
0.01049780166096727
0.010919882755251588
0.01041914997557401
0.01090962383976551
0.01050170981924768
0.010906692721055202
0.010492916463116756
0.01090913531998046
0.010459697117733268
0.01088373229115779
0.010450903761602345
0.010893014167073767
0.010400586223742061
0.01096971177332682
0.010469467513434295
0.010966292134831461
0.010488519785051295
0.010949682462139716
0.010428431851489986
0.010884709330727894
0.01047191011235955
0.01091695163654128
0.010454811919882756
0.010944797264289203
0.010455300439667808
0.010918905715681484
0.010504640937957986
0.010914997557401074
0.01044553004396678
0.01091744015632633
0.010469467513434295
0.010928676111382511
0.010437225207620908
0.010923302393746948
0.010545188080117243
0.010903761602344896
0.010435271128480703
0.010911089399120664
0.010434294088910601
0.01092769907181241
0.010489496824621398
0.010942843185148998
0.010439179286761113
0.010962872496336103
0.010496336101612115
0.010893014167073767
0.010488519785051295
0.010962383976551051
0.0104714215925745
0.010902784562774792
0.010461162677088423
0.010925744992672204
0.010441133365901318
0.010999022960429898
0.01055837811431363
0.01091695163654128
0.010472398632144601
0.010916463116756227
0.010431851489985345
0.010888617489008304
0.010444064484611626
0.01091353199804592
0.010477283829995115
0.010910600879335612
0.010476795310210063
0.010882755251587689
0.010519785051294578
0.010832926233512457
0.010417684416218856
0.010908646800195407
0.010480214948705421
0.010914509037616022
0.010401074743527113
0.010914020517830973
0.010458720078163166
0.010893014167073767
0.010446018563751831
0.010869076697606254
0.01041914997557401
0.010932095749877871
0.010478749389350268
0.010917928676111383
0.010446995603321935
0.010928187591597461
0.010506106497313141
0.010878847093307279
0.010512457254518808
0.01094333170493405
0.01044162188568637
0.010877381533952126
0.010517830972154373
0.010929653150952614
0.01035466536394724
0.010915974596971178
0.01052808988764045
0.010923302393746948
0.010433317049340498
0.010931118710307768
0.010425500732779678
0.010866145578895946
0.01043771372740596
0.010938935026868588
0.010450903761602345
0.010948705422569614
0.010491939423546655
0.010859306301905226
0.010501221299462628
0.010894968246213972
0.010427454811919883
0.010843673668783586
0.010490962383976551
0.01095065950170982
0.01043771372740596
0.010950170981924768
0.010553492916463117
0.01091353199804592
0.01047532975085491
0.010888617489008304
0.010446507083536883
0.010917928676111383
0.01045285784074255
0.01095065950170982
0.010434782608695653
0.010899853444064484
0.010510991695163653
0.010874450415241817
0.010527601367855398
0.010918417195896432
0.01044553004396678
0.01088324377137274
0.010461162677088423
0.01092134831460674
0.010393258426966293
0.010982901807523204
0.010499755740107475
0.010927210552027358
0.010488519785051295
0.01089350268685882
0.010444064484611626
0.010875427454811919
0.010465070835368833
0.010898876404494382
0.010463605276013678
0.010951636541279921
0.010464582315583781
0.010889594528578407
0.010507572056668295
0.01088373229115779
0.01038104543234001
0.010888617489008304
0.010508060576453346
0.01097313141182218
0.010440644846116268
0.010963361016121153
0.010510014655593551
0.010878358573522227
0.010497313141182218
0.010895456765999024
0.010437225207620908
0.010908158280410356
0.010454323400097705
0.01092769907181241
0.010402051783097216
0.01090180752320469
0.010444553004396678
0.010886174890083047
0.010485588666340988
0.010920371275036637
0.010480214948705421
0.010894968246213972
0.010426966292134831
0.010914020517830973
0.01041866145578896
0.010942843185148998
0.010534929164631167
0.010869076697606254
0.010489496824621398
0.010925744992672204
0.010454811919882756
0.010877870053737176
0.010436736687835858
0.010936003908158281
0.010413776257938446
0.010965315095261358
0.01057352222765022
0.01089447972642892
0.010519296531509527
0.010899853444064484
0.010401563263312165
0.010885197850512946
0.010453346360527603
0.010937957987298486
0.010469467513434295
0.01094723986321446
0.010552515876893015
0.010875427454811919
0.01044894968246214
0.010922325354176844
0.010416707376648753
0.010862237420615536
0.010457254518808013
0.010903761602344896
0.010423546653639473
0.010931118710307768
0.01043380556912555
0.010874450415241817
0.010510991695163653
0.010867611138251099
0.010458720078163166
0.01089838788470933
0.010457743038593063
0.01090620420127015
0.010417195896433805
0.01091304347826087
0.010497313141182218
0.010941377625793844
0.010488519785051295
0.010908158280410356
0.010425500732779678
0.01088373229115779
0.010447484123106985
0.010890571568148509
0.010414264777723498
0.010970688812896923
0.010479726428920371
0.010886663409868099
0.010525158768930142
0.010881289692232536
0.010415730337078651
0.010846604787493894
0.010456765999022961
0.010965315095261358
0.010402540302882266
0.01092769907181241
0.010484611626770885
0.010861260381045432
0.010459208597948218
0.01088324377137274
0.010452369320957498
0.010894968246213972
0.010469467513434295
0.010953102100635074
0.01046800195407914
0.01097703957010259
0.010466536394723986
0.01086809965803615
0.010462628236443576
0.010884220810942842
0.010404005862237421
0.010914020517830973
0.010484123106985831
0.010932095749877871
0.010436736687835858
0.010955544699560333
0.01051636541279922
0.010880801172447484
0.010479726428920371
0.01087982413287738
0.010404982901807523
0.010852955544699559
0.010423546653639473
0.01089741084513923
0.010455300439667808
0.010951636541279921
0.010518808011724475
0.010927210552027358
0.01049780166096727
0.01087591597459697
0.010422569614069371
0.01086809965803615
0.010466047874938935
0.0109057156814851
0.010446507083536883
0.01094333170493405
0.010526624328285297
0.010878358573522227
0.01047923790913532
0.010884220810942842
0.01043771372740596
0.010855398143624816
0.01046800195407914
0.010881778212017586
0.010379579872984856
0.010859794821690279
0.010532486565705912
0.010866145578895946
0.010506106497313141
0.010904250122129946
0.01038886174890083
0.010928676111382511
0.010442110405471421
0.01090913531998046
0.010395212506106498
0.010951636541279921
0.01047923790913532
0.010904738641914997
0.010426966292134831
0.010899364924279434
0.010450903761602345
0.010830972154372252
0.010461162677088423
0.01089741084513923
0.010469956033219345
0.010930630190522716
0.010469956033219345
0.010904250122129946
0.0105095261358085
0.010889106008793356
0.010424523693209576
0.010878358573522227
0.010473375671714705
0.010910600879335612
0.010401074743527113
0.010930630190522716
0.010513922813873961
0.0108876404494382
0.01046409379579873
0.010860771861260382
0.01046800195407914
0.010889106008793356
0.010466047874938935
0.010949682462139716
0.010414264777723498
0.010890083048363457
0.010485100146555936
0.01087200781631656
0.010532486565705912
0.010914020517830973
0.01042208109428432
0.010929164631167563
0.010506106497313141
0.01092134831460674
0.010431362970200293
0.010920371275036637
0.01052027357107963
0.010946262823644358
0.010522227650219835
0.010844162188568637
0.010457743038593063
0.010832437713727407
0.010469467513434295
0.010937957987298486
0.010476306790425011
0.010979970688812896
0.01052418172936004
0.01090131900341964
0.010525647288715193
0.010878358573522227
0.010404982901807523
0.010878358573522227
0.010469467513434295
0.010952125061064973
0.010397655105031755
0.010972154372252076
0.01049780166096727
0.010869565217391304
0.010453834880312653
0.01090180752320469
0.010426477772349781
0.01091304347826087
0.010462139716658525
0.010957010258915486
0.010414264777723498
0.010941866145578896
0.010463116756228628
0.010885686370297996
0.010525158768930142
0.010945774303859306
0.010444064484611626
0.010841231069858329
0.01045627747923791
0.010892037127503664
0.01044943820224719
0.010897899364924279
0.010500244259892526
0.010936003908158281
0.01048656570591109
0.010915974596971178
0.010420127015144113
0.01089350268685882
0.010413287738153395
0.010888128969223252
0.010426966292134831
0.010984855886663411
0.010470444553004396
0.010892037127503664
0.010467024914509038
0.010897899364924279
0.010419638495359061
0.010842208109428432
0.01048998534440645
0.01091304347826087
0.010429408891060088
0.010919882755251588
0.010457743038593063
0.010911089399120664
0.010485100146555936
0.010925256472887153
0.010491450903761603
0.010906692721055202
0.010490962383976551
0.010938446507083538
0.01046800195407914
0.010961406936980948
0.01046018563751832
0.010859306301905226
0.010508060576453346
0.010929164631167563
0.010462628236443576
0.01090962383976551
0.01048656570591109
0.010908158280410356
0.010451880801172446
0.01089838788470933
0.010517830972154373
0.010918905715681484
0.010473864191499755
0.01089447972642892
0.010447972642892036
0.01087200781631656
0.010444064484611626
0.010930630190522716
0.010440156326331216
0.010923302393746948
0.01048656570591109
0.01089741084513923
0.01047191011235955
0.010897899364924279
0.010436736687835858
0.01088373229115779
0.010439667806546165
0.01096971177332682
0.010399120664386908
0.010924279433317051
0.010453346360527603
0.010904738641914997
0.010510014655593551
0.010929164631167563
0.010461162677088423
0.010918417195896432
0.010419638495359061
0.010919882755251588
0.01033952125061065
0.010978505129457743
0.010529555446995603
0.010890083048363457
0.010496336101612115
0.010946751343429408
0.010404005862237421
0.010860771861260382
0.010449926722032241
0.010908646800195407
0.01036980947728383
0.010922325354176844
0.010497313141182218
0.010938446507083538
0.010473864191499755
0.010925744992672204
0.010426966292134831
0.010888617489008304
0.010451392281387395
0.010908158280410356
0.010422569614069371
0.010903761602344896
0.010451392281387395
0.01087591597459697
0.010472398632144601
0.01089741084513923
0.010459697117733268
0.010918417195896432
0.010472398632144601
0.010969223253541768
0.010385930630190523
0.010935026868588178
0.010455300439667808
0.010878847093307279
0.010494870542256961
0.010857840742550072
0.01043771372740596
0.010873961895456766
0.010438202247191011
0.010936003908158281
0.010446018563751831
0.010948216902784563
0.010448461162677088
0.01086419149975574
0.010464582315583781
0.010882755251587689
0.010391304347826088
0.010865657059110894
0.010461651196873473
0.01093160723009282
0.010438690766976063
0.01094723986321446
0.010540791402051783
0.010986809965803616
0.010500244259892526
0.010869565217391304
0.010374206155349291
0.010839276990718124
0.010413776257938446
0.010922325354176844
0.010401563263312165
0.010951636541279921
0.010499755740107475
0.010871030776746459
0.010440156326331216
0.010904738641914997
0.010423058133854421
0.010904250122129946
0.010530532486565707
0.010924279433317051
0.010477772349780166
0.010969223253541768
0.01048314606741573
0.0108876404494382
0.010457743038593063
0.010896433805569126
0.010477283829995115
0.01087982413287738
0.010485588666340988
0.01090522716170005
0.01036980947728383
0.010934538348803126
0.01046751343429409
0.010810454323400097
0.010510991695163653
0.010871519296531509
0.010417684416218856
0.010884220810942842
0.010430385930630191
0.010933561309233024
0.010413287738153395
0.010936003908158281
0.01048998534440645
0.01090131900341964
0.010439667806546165
0.010925256472887153
0.010396189545676601
0.010831460674157304
0.010446018563751831
0.010915974596971178
0.01044162188568637
0.010932095749877871
0.010491450903761603
0.010870053737176356
0.010486077186126038
0.010872496336101612
0.010457743038593063
0.010865657059110894
0.010439667806546165
0.010914509037616022
0.010380556912554958
0.010945774303859306
0.010483634587200781
0.010846116267708842
0.01047581827063996
0.010875427454811919
0.010439179286761113
0.010890571568148509
0.010481680508060576
0.01092134831460674
0.010374694675134343
0.010944797264289203
0.010429408891060088
0.01088373229115779
0.010540791402051783
0.010915974596971178
0.01044894968246214
0.01090620420127015
0.010436248168050806
0.010914997557401074
0.010421104054714215
0.010921836834391793
0.010502198339032731
0.010896922325354177
0.01047191011235955
0.01089741084513923
0.010462628236443576
0.01087933561309233
0.01044504152418173
0.01089350268685882
0.010473864191499755
0.010940400586223743
0.010489496824621398
0.010852467024914509
0.01048314606741573
0.01087200781631656
0.010414753297508548
0.010865657059110894
0.010496824621397166
0.010960918417195898
0.01043771372740596
0.01089447972642892
0.010499755740107475
0.010863702979970689
0.01048314606741573
0.010856375183194919
0.010458231558378115
0.010877870053737176
0.010469956033219345
0.010903273082559844
0.01043380556912555
0.010933072789447973
0.010443087445041525
0.010859306301905226
0.010485588666340988
0.010947728382999511
0.010421104054714215
0.010870053737176356
0.01044943820224719
0.010929164631167563
0.01040351734245237
0.010912066438690766
0.01051343429408891
0.010859306301905226
0.010468490473864191
0.010878847093307279
0.010416707376648753
0.010844650708353689
0.010408891060087933
0.010876893014167074
0.010424523693209576
0.010980459208597948
0.01049829018075232
0.010875427454811919
0.010451880801172446
0.010884220810942842
0.010396678065461651
0.010872496336101612
0.010460674157303371
0.010940889106008793
0.010427943331704935
0.01091744015632633
0.010474841231069858
0.010873961895456766
0.010444064484611626
0.010849047386419149
0.010466047874938935
0.01087591597459697
0.010433317049340498
0.010924767953102101
0.010425012212994626
0.01090620420127015
0.010488031265266245
0.010877870053737176
0.010530043966780655
0.010975574010747434
0.010477283829995115
0.010855398143624816
0.010452369320957498
0.010866634098680997
0.010409868099658036
0.010929653150952614
0.010525647288715193
0.01091695163654128
0.010485100146555936
0.010867611138251099
0.010433317049340498
0.01083781143136297
0.010437225207620908
0.01087200781631656
0.01042208109428432
0.01091695163654128
0.010470444553004396
0.010847093307278944
0.01046018563751832
0.010895456765999024
0.01040742550073278
0.01087982413287738
0.010463605276013678
0.010895456765999024
0.010447972642892036
0.010907669760625306
0.010507083536883243
0.01087200781631656
0.010423058133854421
0.010846604787493894
0.010381533952125061
0.01091695163654128
0.01044504152418173
0.010896433805569126
0.010416218856863703
0.010878358573522227
0.010433317049340498
0.010852467024914509
0.010530043966780655
0.010921836834391793
0.010457254518808013
0.01088715192965315
0.010433317049340498
0.010876404494382022
0.010394723986321446
0.010915974596971178
0.010463605276013678
0.010939912066438691
0.010381533952125061
0.010873473375671714
0.010461162677088423
0.010876893014167074
0.010446995603321935
0.010907669760625306
0.010440156326331216
0.010953102100635074
0.01047532975085491
0.010947728382999511
0.010512457254518808
0.010881289692232536
0.010413776257938446
0.010872496336101612
0.010483634587200781
0.01089838788470933
0.01046751343429409
0.01092085979482169
0.010488031265266245
0.01091744015632633
0.010467024914509038
0.01091695163654128
0.01044894968246214
0.010903273082559844
0.0104904738641915
0.010911577918905716
0.010432340009770396
0.01093942354665364
0.010524670249145092
0.010854909623839766
0.010476795310210063
0.01091744015632633
0.010470444553004396
0.010874938935026869
0.010461651196873473
0.010923302393746948
0.01041866145578896
0.010895456765999024
0.010540791402051783
0.010873961895456766
0.010489008304836346
0.010851978505129457
0.010421592574499266
0.01087591597459697
0.01044162188568637
0.010843673668783586
0.010390815828041036
0.010927210552027358
0.010484123106985831
0.010851489985344406
0.01052076209086468
0.010899853444064484
0.010438690766976063
0.010832926233512457
0.010457743038593063
0.010937469467513434
0.010409379579872985
0.010907181240840254
0.010469956033219345
0.010890083048363457
0.010436736687835858
0.010892037127503664
0.010469956033219345
0.010893991206643869
0.010468490473864191
0.010914997557401074
0.0104152418172936
0.010952125061064973
0.010457254518808013
0.010836834391792867
0.010500732779677576
0.010845139228138739
0.010462628236443576
0.01087982413287738
0.010435759648265755
0.01089447972642892
0.010402051783097216
0.010929653150952614
0.010492427943331705
0.010874938935026869
0.010465070835368833
0.010904250122129946
0.010449926722032241
0.010880312652662432
0.010443575964826575
0.01093942354665364
0.010432828529555448
0.010945285784074254
0.010453834880312653
0.0108876404494382
0.010473375671714705
0.010866634098680997
0.010443575964826575
0.010835857352222766
0.010424035173424525
0.010980947728383
0.010399120664386908
0.010952125061064973
0.010489008304836346
0.010825598436736687
0.010408891060087933
0.010907669760625306
0.010473864191499755
0.010914997557401074
0.01047532975085491
0.01091304347826087
0.010401563263312165
0.010961406936980948
0.01050170981924768
0.01090522716170005
0.010531509526135808
0.010919394235466536
0.010390815828041036
0.010851489985344406
0.010429408891060088
0.010850512945774304
0.010415730337078651
0.010947728382999511
0.010493404982901808
0.010914020517830973
0.010503663898387885
0.010890083048363457
0.010423546653639473
0.010875427454811919
0.01039570102589155
0.010949682462139716
0.010423546653639473
0.010963361016121153
0.010446995603321935
0.010890083048363457
0.010512457254518808
0.010850024425989252
0.010473864191499755
0.010871519296531509
0.010485588666340988
0.010958475818270641
0.010438202247191011
0.010896433805569126
0.010494870542256961
0.010871519296531509
0.01043771372740596
0.010868588177821202
0.010436736687835858
0.010838788470933072
0.010518808011724475
0.010900830483634587
0.010412310698583293
0.010928676111382511
0.010499267220322423
0.010822667318026379
0.010528578407425502
0.01087933561309233
0.010442598925256473
0.010836345872007817
0.01043771372740596
0.010842696629213484
0.010416707376648753
0.010922813873961896
0.01051343429408891
0.01091304347826087
0.01044943820224719
0.010918417195896432
0.010443087445041525
0.010832437713727407
0.010431362970200293
0.010875427454811919
0.010428920371275036
0.010900341963849536
0.010476795310210063
0.010884220810942842
0.01047923790913532
0.010892525647288716
0.010412310698583293
0.01085735222276502
0.010461651196873473
0.010946751343429408
0.010396189545676601
0.010947728382999511
0.010481191988275525
0.01085735222276502
0.010428920371275036
0.010858329262335124
0.01041866145578896
0.010846116267708842
0.010420615534929165
0.01089838788470933
0.010425012212994626
0.010929164631167563
0.010449926722032241
0.010843673668783586
0.01046800195407914
0.01090913531998046
0.010473375671714705
0.010854909623839766
0.010455788959452858
0.01091695163654128
0.01042989741084514
0.010896922325354177
0.010511480214948705
0.010921836834391793
0.010473864191499755
0.010891548607718614
0.010446995603321935
0.01087982413287738
0.01046800195407914
0.010897899364924279
0.010408891060087933
0.010949682462139716
0.010530532486565707
0.010875427454811919
0.010427943331704935
0.010924767953102101
0.010451880801172446
0.010859306301905226
0.010462628236443576
0.010934538348803126
0.01042989741084514
0.010930630190522716
0.01049780166096727
0.01087200781631656
0.010509037616023448
0.010858817782120176
0.010454811919882756
0.010877381533952126
0.0104152418172936
0.010854421104054714
0.010382022471910111
0.01089838788470933
0.010411822178798241
0.01087982413287738
0.010461651196873473
0.010893991206643869
0.010465070835368833
0.010874450415241817
0.010413287738153395
0.010854421104054714
0.010383976551050318
0.010919394235466536
0.01047923790913532
0.01087200781631656
0.010482657547630678
0.01085735222276502
0.010399120664386908
0.010893991206643869
0.01046751343429409
0.010900830483634587
0.010448461162677088
0.010944797264289203
0.010447972642892036
0.010851489985344406
0.010476306790425011
0.010865168539325844
0.010455300439667808
0.010840742550073277
0.010502686858817781
0.010874450415241817
0.010414264777723498
0.010941377625793844
0.010453834880312653
0.010852467024914509
0.010431851489985345
0.010826086956521739
0.01042989741084514
0.010871519296531509
0.010450903761602345
0.01093160723009282
0.010451392281387395
0.01090962383976551
0.010447972642892036
0.010832926233512457
0.010447484123106985
0.010893991206643869
0.010396678065461651
0.010874938935026869
0.010405471421592575
0.010904738641914997
0.010418172936003908
0.010948705422569614
0.010494870542256961
0.010876893014167074
0.010464582315583781
0.010882755251587689
0.010425012212994626
0.010842696629213484
0.010415730337078651
0.010893991206643869
0.010417195896433805
0.01093160723009282
0.010443087445041525
0.010867122618466049
0.010430385930630191
0.010900830483634587
0.010436248168050806
0.010837322911577919
0.010450903761602345
0.010912066438690766
0.010409379579872985
0.01091011235955056
0.010468978993649243
0.010854421104054714
0.010434782608695653
0.010780654616511969
0.010426966292134831
0.010925744992672204
0.010457254518808013
0.010899364924279434
0.010419638495359061
0.010904738641914997
0.010457743038593063
0.010855886663409867
0.010553981436248168
0.010892037127503664
0.01041866145578896
0.010888128969223252
0.010455300439667808
0.010899853444064484
0.010382022471910111
0.010899364924279434
0.010477772349780166
0.01089741084513923
0.010498778700537371
0.010875427454811919
0.010446018563751831
0.010854421104054714
0.010430385930630191
0.010886663409868099
0.010408891060087933
0.010912554958475817
0.010472398632144601
0.010859794821690279
0.01047923790913532
0.010884709330727894
0.010419638495359061
0.010849047386419149
0.01043771372740596
0.01094333170493405
0.010402540302882266
0.010906692721055202
0.010456765999022961
0.010862725940400587
0.010507572056668295
0.010880801172447484
0.010481680508060576
0.010876404494382022
0.010453346360527603
0.010939912066438691
0.010374694675134343
0.010899853444064484
0.010456765999022961
0.010850512945774304
0.010459697117733268
0.010920371275036637
0.010455788959452858
0.010862237420615536
0.010430874450415243
0.01091744015632633
0.010403028822667318
0.01094723986321446
0.010525647288715193
0.010967269174401563
0.010511480214948705
0.010924767953102101
0.010443087445041525
0.010861260381045432
0.010417195896433805
0.010869565217391304
0.01043771372740596
0.010946262823644358
0.01047191011235955
0.010873473375671714
0.010463605276013678
0.01086419149975574
0.010393258426966293
0.010862237420615536
0.010498778700537371
0.010957010258915486
0.010432340009770396
0.010925256472887153
0.010489008304836346
0.010878358573522227
0.010430874450415243
0.010857840742550072
0.010477283829995115
0.010890083048363457
0.010440156326331216
0.01089838788470933
0.010442110405471421
0.010908646800195407
0.010434782608695653
0.010851489985344406
0.01049389350268686
0.010861748900830484
0.010385930630190523
0.010851489985344406
0.010441133365901318
0.01093942354665364
0.01044162188568637
0.010912554958475817
0.010524670249145092
0.010946751343429408
0.0104152418172936
0.010933561309233024
0.010402051783097216
0.010857840742550072
0.010436736687835858
0.010880312652662432
0.010467024914509038
0.010899853444064484
0.010526135808500245
0.010851001465559354
0.010481680508060576
0.010915486077186126
0.01045285784074255
0.010851489985344406
0.010473864191499755
0.01096971177332682
0.01044943820224719
0.010897899364924279
0.010499755740107475
0.010853932584269662
0.010456765999022961
0.010899364924279434
0.010404494382022471
0.010873961895456766
0.010485100146555936
0.010922813873961896
0.010393258426966293
0.010884709330727894
0.010481680508060576
0.01084562774792379
0.010502198339032731
0.010874938935026869
0.010461162677088423
0.010912554958475817
0.010484123106985831
0.01086809965803615
0.010383488031265266
0.010934538348803126
0.010510503175378601
0.010891060087933562
0.010457254518808013
0.010895456765999024
0.010372252076209086
0.010870542256961407
0.010441133365901318
0.01089838788470933
0.010388373229115778
0.010938446507083538
0.010470444553004396
0.010820224719101124
0.010469956033219345
0.010859794821690279
0.010432828529555448
0.010874450415241817
0.010429408891060088
0.01089447972642892
0.010379091353199804
0.010893991206643869
0.010478260869565216
0.010849047386419149
0.010482169027845626
0.0108495359062042
0.010487054225696141
0.010884220810942842
0.010470444553004396
0.010896922325354177
0.010446507083536883
0.010840254030288227
0.010457254518808013
0.010844650708353689
0.010479726428920371
0.01087982413287738
0.01044162188568637
0.010900830483634587
0.01040351734245237
0.01088715192965315
0.010406448461162678
0.01091695163654128
0.01047581827063996
0.010911577918905716
0.010466047874938935
0.010895945285784074
0.010444064484611626
0.01087200781631656
0.01036980947728383
0.010890083048363457
0.010454323400097705
0.010981924767953101
0.010463116756228628
0.01089447972642892
0.010459208597948218
0.010825109916951636
0.010417195896433805
0.010851001465559354
0.010483634587200781
0.010892525647288716
0.010401074743527113
0.010917928676111383
0.010496824621397166
0.01088373229115779
0.010430385930630191
0.010886174890083047
0.010430385930630191
0.01088715192965315
0.010437225207620908
0.010912066438690766
0.010426966292134831
0.01092085979482169
0.010497313141182218
0.010828041035661944
0.010461162677088423
0.010924279433317051
0.010403028822667318
0.010850024425989252
0.010472887151929653
0.010912554958475817
0.010422569614069371
0.010916463116756227
0.010485588666340988
0.010888617489008304
0.01046751343429409
0.010869565217391304
0.010454811919882756
0.010848558866634099
0.010462139716658525
0.01089350268685882
0.010436736687835858
0.010945285784074254
0.010484123106985831
0.010889594528578407
0.010526135808500245
0.010855398143624816
0.010416707376648753
0.010873473375671714
0.010502686858817781
0.01090229604298974
0.010409379579872985
0.010978505129457743
0.010462139716658525
0.01090913531998046
0.010458720078163166
0.010872984855886664
0.010443087445041525
0.010871030776746459
0.010443575964826575
0.010884220810942842
0.010439667806546165
0.010925256472887153
0.010425012212994626
0.010863214460185637
0.010523204689789937
0.010889106008793356
0.01042989741084514
0.010889594528578407
0.010397166585246703
0.010888617489008304
0.010394723986321446
0.010927210552027358
0.010509037616023448
0.010843673668783586
0.010534929164631167
0.01090131900341964
0.010446018563751831
0.010872984855886664
0.010418172936003908
0.010890083048363457
0.010408402540302883
0.010998534440644846
0.010484123106985831
0.010852955544699559
0.010489496824621398
0.010866145578895946
0.010386907669760624
0.01086809965803615
0.010453346360527603
0.010964338055691256
0.010409868099658036
0.010943820224719101
0.010435759648265755
0.010875427454811919
0.010480214948705421
0.01090620420127015
0.010463116756228628
0.010880312652662432
0.010439179286761113
0.01089838788470933
0.010401074743527113
0.010882266731802637
0.010406936980947728
0.010874450415241817
0.010487542745481193
0.010912066438690766
0.010443087445041525
0.01084171958964338
0.01049438202247191
0.010846116267708842
0.010387884709330728
0.01090620420127015
0.010517830972154373
0.010908646800195407
0.010448461162677088
0.010953590620420128
0.010382510991695163
0.010810454323400097
0.010427454811919883
0.010928187591597461
0.010436248168050806
0.010950170981924768
0.010526624328285297
0.010892525647288716
0.010450415241817293
0.010869565217391304
0.010413776257938446
0.01086809965803615
0.010473375671714705
0.010907181240840254
0.010400097703957011
0.010964338055691256
0.01049829018075232
0.010831460674157304
0.010446018563751831
0.010881289692232536
0.01044553004396678
0.010915486077186126
0.01046018563751832
0.010882755251587689
0.0104152418172936
0.010923302393746948
0.010492427943331705
0.010865657059110894
0.010522227650219835
0.01090913531998046
0.010432340009770396
0.010884709330727894
0.010461162677088423
0.010912554958475817
0.010382510991695163
0.010871519296531509
0.010474352711284806
0.010877870053737176
0.01048998534440645
0.010881289692232536
0.010417684416218856
0.01086028334147533
0.010454811919882756
0.010866634098680997
0.010424523693209576
0.010959941377625794
0.010491939423546655
0.010863702979970689
0.010430874450415243
0.010884220810942842
0.010436248168050806
0.01088324377137274
0.010465559355153885
0.010917928676111383
0.010438202247191011
0.010919394235466536
0.010492916463116756
0.010871030776746459
0.010428431851489986
0.010816805080605764
0.010486077186126038
0.010836834391792867
0.010434294088910601
0.010922813873961896
0.010423058133854421
0.01091353199804592
0.010408891060087933
0.010867122618466049
0.010506106497313141
0.010896922325354177
0.010401563263312165
0.010872984855886664
0.010430385930630191
0.01090522716170005
0.010421592574499266
0.01094333170493405
0.010499755740107475
0.010900830483634587
0.010500732779677576
0.010855886663409867
0.010411822178798241
0.010844650708353689
0.010390815828041036
0.010878358573522227
0.010463605276013678
0.010974596971177333
0.010457743038593063
0.010869076697606254
0.010444553004396678
0.010939912066438691
0.010397655105031755
0.010848070346849047
0.01044894968246214
0.010904250122129946
0.010429408891060088
0.01094333170493405
0.010469956033219345
0.01085344406448461
0.010404494382022471
0.01085344406448461
0.010443575964826575
0.01089350268685882
0.010440156326331216
0.010915974596971178
0.010453346360527603
0.01091744015632633
0.010484611626770885
0.01084562774792379
0.010505129457743038
0.010902784562774792
0.010398632144601856
0.010885686370297996
0.01043771372740596
0.01094333170493405
0.010417684416218856
0.01090522716170005
0.01050170981924768
0.010936492427943333
0.010474841231069858
0.010925256472887153
0.010407914020517831
0.010836345872007817
0.010428920371275036
0.010882755251587689
0.01047923790913532
0.01089838788470933
0.0105095261358085
0.0108876404494382
0.010491450903761603
0.01081924767953102
0.01038886174890083
0.01091353199804592
0.010493404982901808
0.010971177332681974
0.01042208109428432
0.010930630190522716
0.010428920371275036
0.010893991206643869
0.010447484123106985
0.01086419149975574
0.01046018563751832
0.010926233512457256
0.010476795310210063
0.01090962383976551
0.010411822178798241
0.010938935026868588
0.010495359062042013
0.010846116267708842
0.010417684416218856
0.010921836834391793
0.010427943331704935
0.010856375183194919
0.010441133365901318
0.010923790913532
0.010438690766976063
0.010942354665363948
0.010525158768930142
0.010934538348803126
0.01044894968246214
0.010904738641914997
0.010397166585246703
0.010864680019540792
0.010443575964826575
0.010893014167073767
0.010425012212994626
0.010947728382999511
0.010513922813873961
0.01085735222276502
0.010489496824621398
0.010886174890083047
0.010397655105031755
0.010866145578895946
0.010443575964826575
0.010916463116756227
0.010415730337078651
0.010906692721055202
0.010450903761602345
0.010865657059110894
0.01044162188568637
0.010892037127503664
0.01044504152418173
0.010899364924279434
0.010435271128480703
0.010907669760625306
0.010385442110405471
0.010904250122129946
0.010468978993649243
0.0108876404494382
0.010546653639472398
0.010923790913532
0.010406448461162678
0.010841231069858329
0.010450415241817293
0.010970688812896923
0.010375671714704446
0.010888617489008304
0.010502198339032731
0.010917928676111383
0.010440644846116268
0.01091011235955056
0.010432340009770396
0.010830972154372252
0.010401074743527113
0.010916463116756227
0.010474352711284806
0.010969223253541768
0.010524670249145092
0.010914020517830973
0.010427454811919883
0.010899853444064484
0.010387396189545676
0.010865168539325844
0.010447484123106985
0.01090131900341964
0.010383488031265266
0.010922813873961896
0.010488031265266245
0.01088715192965315
0.010454323400097705
0.010871519296531509
0.010477283829995115
0.010882755251587689
0.010415730337078651
0.010924767953102101
0.010423058133854421
0.010957498778700538
0.010480214948705421
0.010835857352222766
0.010440156326331216
0.01090620420127015
0.010436736687835858
0.010866145578895946
0.010435759648265755
0.010944308744504153
0.010404982901807523
0.010912554958475817
0.010504640937957986
0.010894968246213972
0.010467024914509038
0.010884709330727894
0.010407914020517831
0.010837322911577919
0.010419638495359061
0.010930630190522716
0.010446018563751831
0.010899364924279434
0.01052076209086468
0.010871519296531509
0.010496824621397166
0.01092134831460674
0.010412310698583293
0.010847581827063996
0.01043380556912555
0.010881289692232536
0.010409379579872985
0.010968734733756718
0.010456765999022961
0.010903761602344896
0.010424523693209576
0.010840742550073277
0.010446995603321935
0.010892037127503664
0.010383976551050318
0.010886174890083047
0.010401563263312165
0.010870542256961407
0.010409379579872985
0.010855886663409867
0.01049389350268686
0.010888128969223252
0.010430874450415243
0.010912066438690766
0.010470444553004396
0.010916463116756227
0.010434294088910601
0.010948216902784563
0.010502686858817781
0.010955056179775281
0.010456765999022961
0.010842208109428432
0.010466536394723986
0.010871519296531509
0.010438690766976063
0.0108876404494382
0.010410356619443088
0.010978016609672691
0.010448461162677088
0.010823644357596482
0.01044162188568637
0.010877870053737176
0.010333659013190034
0.010848070346849047
0.010440644846116268
0.010912066438690766
0.010425500732779678
0.010959452857840743
0.01050170981924768
0.010856375183194919
0.010485588666340988
0.010867611138251099
0.01042598925256473
0.01090131900341964
0.010510014655593551
0.010881289692232536
0.010398143624816806
0.010862237420615536
0.010443575964826575
0.010907669760625306
0.010476306790425011
0.010904250122129946
0.010466536394723986
0.010889106008793356
0.01045285784074255
0.010937957987298486
0.010394235466536396
0.010862725940400587
0.010508060576453346
0.01086028334147533
0.01044943820224719
0.010884709330727894
0.010415730337078651
0.01087982413287738
0.010474352711284806
0.01091744015632633
0.010435271128480703
0.01092769907181241
0.01046751343429409
0.01086419149975574
0.010493404982901808
0.01085686370297997
0.010417684416218856
0.01088324377137274
0.010484123106985831
0.010934538348803126
0.010431362970200293
0.010937957987298486
0.01048998534440645
0.010882266731802637
0.01042598925256473
0.010843185148998534
0.010461651196873473
0.010870053737176356
0.01049389350268686
0.010918417195896432
0.010414753297508548
0.01087591597459697
0.01052418172936004
0.010870542256961407
0.010512945774303858
0.010918905715681484
0.010405959941377626
0.010893014167073767
0.010477283829995115
0.010872496336101612
0.01038886174890083
0.010885197850512946
0.01046751343429409
0.01090522716170005
0.010459208597948218
0.01089838788470933
0.010432828529555448
0.010867122618466049
0.010439179286761113
0.01091011235955056
0.010439179286761113
0.01095407914020518
0.010458231558378115
0.010852955544699559
0.010480214948705421
0.010855886663409867
0.010404494382022471
0.010889594528578407
0.010446507083536883
0.010916463116756227
0.010450903761602345
0.010940889106008793
0.010491450903761603
0.010859794821690279
0.010492427943331705
0.01085344406448461
0.010472887151929653
0.01089838788470933
0.010420615534929165
0.010942354665363948
0.010390815828041036
0.01090229604298974
0.010525158768930142
0.010900341963849536
0.010477283829995115
0.010928187591597461
0.010472398632144601
0.010880312652662432
0.010451392281387395
0.010891060087933562
0.010359550561797755
0.01089741084513923
0.010477283829995115
0.010900341963849536
0.010505129457743038
0.010930630190522716
0.010438202247191011
0.010858817782120176
0.010482657547630678
0.010922325354176844
0.010480703468490473
0.01093551538837323
0.010489496824621398
0.010885686370297996
0.010470933072789448
0.01087591597459697
0.01041133365901319
0.010838788470933072
0.010410845139228138
0.010914997557401074
0.010400586223742061
0.010896433805569126
0.01043771372740596
0.010844650708353689
0.010519785051294578
0.01089447972642892
0.010478260869565216
0.010875427454811919
0.010414753297508548
0.010931118710307768
0.010425500732779678
0.010915974596971178
0.010467024914509038
0.010891060087933562
0.010522227650219835
0.010936003908158281
0.010476795310210063
0.010861260381045432
0.01043771372740596
0.010899364924279434
0.010349291646311676
0.010885686370297996
0.010481191988275525
0.010902784562774792
0.010494870542256961
0.010896922325354177
0.010382510991695163
0.010861748900830484
0.010406448461162678
0.010876893014167074
0.010436736687835858
0.010930141670737666
0.010505129457743038
0.010886174890083047
0.010436736687835858
0.010902784562774792
0.010389838788470933
0.010869076697606254
0.010517830972154373
0.010962872496336103
0.010382022471910111
0.01090913531998046
0.010454811919882756
0.010878358573522227
0.01043380556912555
0.010914509037616022
0.010413287738153395
0.010924767953102101
0.010436248168050806
0.01092085979482169
0.010401563263312165
0.010930141670737666
0.010456765999022961
0.010875427454811919
0.010519296531509527
0.010894968246213972
0.01044894968246214
0.010838299951148022
0.010440156326331216
0.01092085979482169
0.010406936980947728
0.01093551538837323
0.010466536394723986
0.010871030776746459
0.01049389350268686
0.010896922325354177
0.01039570102589155
0.01085735222276502
0.01042208109428432
0.010891548607718614
0.01042598925256473
0.010944797264289203
0.010489496824621398
0.010865168539325844
0.010510014655593551
0.010865657059110894
0.010440644846116268
0.010866145578895946
0.0104904738641915
0.010912066438690766
0.01038495359062042
0.010904250122129946
0.010461162677088423
0.010898876404494382
0.01040742550073278
0.010855398143624816
0.010409868099658036
0.010912066438690766
0.010496336101612115
0.010863214460185637
0.010412799218368343
0.010880801172447484
0.01044894968246214
0.010867122618466049
0.010488519785051295
0.01090229604298974
0.010444064484611626
0.01086809965803615
0.010406448461162678
0.010923790913532
0.010419638495359061
0.010895945285784074
0.010506106497313141
0.010882755251587689
0.010484611626770885
0.010889106008793356
0.010456765999022961
0.010791402051783097
0.010428431851489986
0.010947728382999511
0.01043771372740596
0.010976062530532486
0.010465559355153885
0.010895456765999024
0.010464582315583781
0.010869565217391304
0.010402051783097216
0.010876893014167074
0.010446995603321935
0.010931118710307768
0.010353688324377136
0.01089741084513923
0.010478260869565216
0.010847093307278944
0.010428431851489986
0.010888617489008304
0.010435759648265755
0.010889594528578407
0.010492427943331705
0.010915486077186126
0.010397655105031755
0.01088715192965315
0.010450415241817293
0.010911089399120664
0.010502686858817781
0.010892037127503664
0.010427454811919883
0.010878847093307279
0.01050561797752809
0.01091011235955056
0.010423058133854421
0.01089838788470933
0.01049829018075232
0.01090522716170005
0.010504640937957986
0.01086028334147533
0.010428431851489986
0.010891060087933562
0.01042598925256473
0.010922325354176844
0.0104152418172936
0.010921836834391793
0.01047191011235955
0.010832437713727407
0.010492916463116756
0.010867122618466049
0.010394235466536396
0.010880801172447484
0.010469956033219345
0.010939912066438691
0.0104714215925745
0.010906692721055202
0.01047923790913532
0.010880312652662432
0.010468978993649243
0.010844650708353689
0.010398143624816806
0.01088715192965315
0.010487542745481193
0.01090229604298974
0.010424523693209576
0.01086809965803615
0.010470933072789448
0.01090229604298974
0.01046409379579873
0.010866634098680997
0.01044894968246214
0.010900830483634587
0.010401074743527113
0.010867611138251099
0.010353688324377136
0.010892037127503664
0.010499755740107475
0.010928676111382511
0.010482169027845626
0.010866145578895946
0.010434294088910601
0.010854421104054714
0.010396678065461651
0.010898876404494382
0.010474352711284806
0.010915974596971178
0.010463116756228628
0.010859794821690279
0.010488519785051295
0.010877870053737176
0.010425012212994626
0.010870542256961407
0.010442110405471421
0.010968246213971666
0.010465070835368833
0.01094723986321446
0.01046751343429409
0.010828529555446996
0.010501221299462628
0.010848070346849047
0.010412799218368343
0.010865168539325844
0.010439667806546165
0.0109057156814851
0.010434782608695653
0.010937469467513434
0.010457254518808013
0.010869076697606254
0.010495359062042013
0.010948705422569614
0.0104152418172936
0.010911089399120664
0.010424523693209576
0.010933561309233024
0.010424523693209576
0.010893991206643869
0.01048656570591109
0.0108876404494382
0.010463605276013678
0.010871519296531509
0.010427943331704935
0.010863702979970689
0.010426477772349781
0.010925744992672204
0.010421104054714215
0.010938935026868588
0.010456765999022961
0.010866145578895946
0.01045627747923791
0.01091011235955056
0.01044504152418173
0.01088373229115779
0.010461162677088423
0.010920371275036637
0.010382510991695163
0.010890571568148509
0.010511480214948705
0.010893991206643869
0.010508060576453346
0.010853932584269662
0.010407914020517831
0.010919394235466536
0.010476795310210063
0.01091695163654128
0.010447484123106985
0.010936492427943333
0.010428431851489986
0.010867122618466049
0.010479726428920371
0.010872496336101612
0.01044553004396678
0.010875427454811919
0.01041866145578896
0.01089741084513923
0.010398143624816806
0.010896433805569126
0.010496824621397166
0.010889594528578407
0.010504640937957986
0.010888128969223252
0.010427943331704935
0.010892525647288716
0.01039228138739619
0.010903273082559844
0.010432340009770396
0.010899853444064484
0.010502198339032731
0.010851978505129457
0.010416707376648753
0.01088715192965315
0.010400586223742061
0.010854909623839766
0.010416707376648753
0.010914997557401074
0.01046018563751832
0.01089838788470933
0.0104714215925745
0.010878847093307279
0.010423546653639473
0.010915974596971178
0.010463116756228628
0.010870053737176356
0.010487542745481193
0.010886174890083047
0.010453346360527603
0.01089447972642892
0.010467024914509038
0.010869076697606254
0.010480214948705421
0.010938446507083538
0.010431362970200293
0.010832926233512457
0.010416218856863703
0.010895945285784074
0.010393746946751345
0.010893991206643869
0.01049780166096727
0.010925744992672204
0.010480703468490473
0.01090522716170005
0.010352711284807034
0.010810454323400097
0.01043380556912555
0.010874938935026869
0.010408891060087933
0.010934538348803126
0.010513922813873961
0.010868588177821202
0.01047532975085491
0.010897899364924279
0.010386907669760624
0.0108495359062042
0.010469956033219345
0.010915974596971178
0.010409379579872985
0.010886663409868099
0.010458720078163166
0.01090229604298974
0.010459697117733268
0.010876893014167074
0.010477283829995115
0.010912554958475817
0.01051636541279922
0.01090131900341964
0.010414264777723498
0.010859306301905226
0.010413776257938446
0.010844162188568637
0.010479726428920371
0.010873473375671714
0.010409379579872985
0.01085686370297997
0.01042989741084514
0.010906692721055202
0.010393746946751345
0.01091304347826087
0.010509037616023448
0.01086028334147533
0.010455300439667808
0.010893014167073767
0.010402051783097216
0.010840742550073277
0.01039570102589155
0.01087200781631656
0.010443575964826575
0.01091695163654128
0.010498778700537371
0.010834391792867612
0.010429408891060088
0.010840742550073277
0.010404982901807523
0.010878358573522227
0.010462628236443576
0.010936980947728383
0.010417195896433805
0.01091304347826087
0.010467024914509038
0.010895456765999024
0.010440156326331216
0.01083390327308256
0.010478749389350268
0.010884220810942842
0.010443087445041525
0.01092085979482169
0.010430874450415243
0.010904738641914997
0.010467024914509038
0.010842208109428432
0.010481680508060576
0.010917928676111383
0.010423058133854421
0.010844650708353689
0.01044943820224719
0.010898876404494382
0.010409379579872985
0.010914997557401074
0.010457254518808013
0.010884220810942842
0.01046018563751832
0.010891548607718614
0.010395212506106498
0.010860771861260382
0.010435759648265755
0.010859794821690279
0.010461651196873473
0.01093160723009282
0.010494870542256961
0.01084171958964338
0.010492427943331705
0.010896922325354177
0.010447972642892036
0.010821690278456277
0.01043380556912555
0.010904738641914997
0.01043380556912555
0.010907181240840254
0.010495847581827065
0.010884709330727894
0.010427454811919883
0.010872984855886664
0.010428431851489986
0.010876893014167074
0.0104904738641915
0.010941866145578896
0.010404005862237421
0.01092085979482169
0.010441133365901318
0.010843185148998534
0.010496336101612115
0.01088324377137274
0.010408402540302883
0.010884709330727894
0.01043380556912555
0.010876893014167074
0.01036541279921837
0.010888128969223252
0.01047532975085491
0.01089447972642892
0.010443087445041525
0.01090962383976551
0.010418172936003908
0.010881778212017586
0.010418172936003908
0.010847093307278944
0.010491939423546655
0.010958964338055693
0.010454811919882756
0.010876404494382022
0.01047191011235955
0.010851001465559354
0.010408402540302883
0.010863214460185637
0.010456765999022961
0.010974108451392281
0.010443087445041525
0.010884220810942842
0.010478260869565216
0.010869565217391304
0.010429408891060088
0.010880312652662432
0.010433317049340498
0.010922813873961896
0.01044504152418173
0.010916463116756227
0.010423058133854421
0.010903273082559844
0.010491450903761603
0.010869076697606254
0.010512945774303858
0.010926233512457256
0.010439179286761113
0.010850512945774304
0.010449926722032241
0.010880312652662432
0.010398143624816806
0.01090180752320469
0.010526135808500245
0.010906692721055202
0.010450903761602345
0.01085344406448461
0.01042989741084514
0.010859794821690279
0.010477772349780166
0.010891548607718614
0.010424523693209576
0.010914509037616022
0.010477772349780166
0.010850512945774304
0.010503175378602833
0.010855398143624816
0.010408891060087933
0.010891060087933562
0.010469467513434295
0.010900341963849536
0.010415730337078651
0.010874938935026869
0.010442598925256473
0.010853932584269662
0.010402051783097216
0.010863702979970689
0.010457743038593063
0.010891060087933562
0.01043380556912555
0.010908646800195407
0.010407914020517831
0.01087591597459697
0.010492916463116756
0.010889594528578407
0.010508549096238396
0.01090131900341964
0.010387396189545676
0.01085344406448461
0.010427454811919883
0.010916463116756227
0.010378602833414753
0.010890571568148509
0.010479726428920371
0.010869565217391304
0.010491939423546655
0.010896433805569126
0.010421104054714215
0.010866634098680997
0.01040742550073278
0.01089741084513923
0.010418172936003908
0.010936492427943333
0.010470933072789448
0.01090913531998046
0.010440644846116268
0.010884709330727894
0.01038495359062042
0.01089350268685882
0.010465559355153885
0.01091011235955056
0.010439667806546165
0.010916463116756227
0.010489496824621398
0.010870542256961407
0.010464582315583781
0.01086028334147533
0.010456765999022961
0.010843673668783586
0.010432340009770396
0.010871519296531509
0.010427943331704935
0.010884220810942842
0.010457743038593063
0.010768441621885687
0.010447484123106985
0.010855398143624816
0.01042208109428432
0.010870053737176356
0.010462139716658525
0.010919882755251588
0.010397166585246703
0.010886174890083047
0.010506106497313141
0.01091695163654128
0.01044504152418173
0.01087591597459697
0.010418172936003908
0.01082315583781143
0.010456765999022961
0.010880312652662432
0.010416707376648753
0.010930630190522716
0.010459208597948218
0.010862725940400587
0.010451392281387395
0.010852955544699559
0.010373717635564241
0.010870542256961407
0.010438202247191011
0.010939912066438691
0.010443575964826575
0.01094723986321446
0.01050170981924768
0.01089350268685882
0.010465070835368833
0.010866145578895946
0.010470933072789448
0.010941377625793844
0.010439667806546165
0.01090913531998046
0.010406448461162678
0.010874938935026869
0.010477772349780166
0.010851001465559354
0.010511968734733756
0.010940400586223743
0.010420615534929165
0.010866634098680997
0.01039179286761114
0.01087933561309233
0.010367855398143624
0.010902784562774792
0.010501221299462628
0.010910600879335612
0.010485588666340988
0.010869565217391304
0.01036980947728383
0.010806546165119687
0.010408891060087933
0.01084171958964338
0.01043380556912555
0.010915486077186126
0.010496824621397166
0.01089447972642892
0.010462628236443576
0.010895456765999024
0.010396189545676601
0.010873961895456766
0.010442110405471421
0.010928187591597461
0.010412310698583293
0.010891548607718614
0.010425012212994626
0.010812408402540302
0.010463116756228628
0.010839276990718124
0.010446995603321935
0.010896433805569126
0.010412799218368343
0.010889106008793356
0.010400097703957011
0.010919394235466536
0.010428431851489986
0.010783097215437226
0.010457743038593063
0.01092085979482169
0.010436248168050806
0.010873961895456766
0.010405959941377626
0.010895945285784074
0.010375671714704446
0.010907669760625306
0.010522227650219835
0.01092769907181241
0.010454811919882756
0.010895945285784074
0.010413287738153395
0.010829018075232047
0.010439667806546165
0.010912066438690766
0.010396678065461651
0.010930630190522716
0.010482657547630678
0.010852467024914509
0.010454323400097705
0.010926722032242306
0.010380556912554958
0.010846604787493894
0.01046018563751832
0.010934538348803126
0.010385442110405471
0.010938935026868588
0.0104714215925745
0.010866634098680997
0.010470933072789448
0.010842696629213484
0.010381533952125061
0.010866634098680997
0.010466536394723986
0.010889594528578407
0.010378602833414753
0.010911089399120664
0.010450903761602345
0.010890571568148509
0.0104714215925745
0.0109057156814851
0.010404494382022471
0.010850024425989252
0.010407914020517831
0.010919394235466536
0.010379091353199804
0.010933561309233024
0.010495359062042013
0.010876893014167074
0.010443087445041525
0.01085344406448461
0.010434294088910601
0.010866145578895946
0.010390327308255983
0.010900341963849536
0.010394723986321446
0.010917928676111383
0.010428920371275036
0.010881289692232536
0.01043771372740596
0.010878358573522227
0.010390327308255983
0.01088715192965315
0.010453346360527603
0.010971177332681974
0.010443575964826575
0.010915486077186126
0.010450415241817293
0.010880801172447484
0.010461162677088423
0.01085686370297997
0.010416218856863703
0.010892037127503664
0.010430874450415243
0.01090229604298974
0.010430874450415243
0.01090913531998046
0.0104714215925745
0.010851978505129457
0.010444064484611626
0.010869076697606254
0.010439667806546165
0.010880801172447484
0.010473375671714705
0.01091695163654128
0.010397655105031755
0.01089838788470933
0.010551538837322912
0.010875427454811919
0.01052027357107963
0.01088373229115779
0.010382999511480214
0.010839765510503176
0.010423058133854421
0.010881289692232536
0.010387396189545676
0.01095065950170982
0.010510014655593551
0.010832926233512457
0.010457254518808013
0.010848558866634099
0.010443575964826575
0.010889594528578407
0.010503663898387885
0.010928676111382511
0.010411822178798241
0.01094723986321446
0.0104714215925745
0.01088324377137274
0.010435759648265755
0.010839276990718124
0.010402051783097216
0.01090962383976551
0.010449926722032241
0.010925744992672204
0.010388373229115778
0.010893991206643869
0.010488519785051295
0.010858329262335124
0.010453834880312653
0.010884709330727894
0.010401563263312165
0.010897899364924279
0.010496336101612115
0.010915486077186126
0.010420127015144113
0.010929653150952614
0.010461651196873473
0.01090962383976551
0.010420127015144113
0.010888617489008304
0.010428431851489986
0.01087591597459697
0.0103771372740596
0.010856375183194919
0.010437225207620908
0.01090229604298974
0.010434782608695653
0.010922325354176844
0.010473864191499755
0.01090180752320469
0.010417684416218856
0.010885686370297996
0.010453346360527603
0.010939912066438691
0.010396678065461651
0.01093551538837323
0.010496824621397166
0.010854909623839766
0.010430385930630191
0.010881778212017586
0.010431362970200293
0.010876404494382022
0.010447484123106985
0.01090962383976551
0.010413776257938446
0.010923790913532
0.010454323400097705
0.01089838788470933
0.010525158768930142
0.010964338055691256
0.010427943331704935
0.01087933561309233
0.010428920371275036
0.010881289692232536
0.010375671714704446
0.01088715192965315
0.010463605276013678
0.010884220810942842
0.010473864191499755
0.010880801172447484
0.010422569614069371
0.010850024425989252
0.010439179286761113
0.010860771861260382
0.010397655105031755
0.01088715192965315
0.010474352711284806
0.010834391792867612
0.010500732779677576
0.010872984855886664
0.01038495359062042
0.010842696629213484
0.01047532975085491
0.010855398143624816
0.010380556912554958
0.010918417195896432
0.010482657547630678
0.010874450415241817
0.01044504152418173
0.010868588177821202
0.010429408891060088
0.010902784562774792
0.010469467513434295
0.01091304347826087
0.010389838788470933
0.01090522716170005
0.010511968734733756
0.010830972154372252
0.010491939423546655
0.010874938935026869
0.010455788959452858
0.010876893014167074
0.010406448461162678
0.010889594528578407
0.01034342940889106
0.010891548607718614
0.010489496824621398
0.010848070346849047
0.01044553004396678
0.01089447972642892
0.010427943331704935
0.010874450415241817
0.010380068392769906
0.010908646800195407
0.010380068392769906
0.010925744992672204
0.010473375671714705
0.010871519296531509
0.01049780166096727
0.010869565217391304
0.01043380556912555
0.010876893014167074
0.010466047874938935
0.010919882755251588
0.0104152418172936
0.01093160723009282
0.010440644846116268
0.010880312652662432
0.01046018563751832
0.01089350268685882
0.010431362970200293
0.01091353199804592
0.010463605276013678
0.01091304347826087
0.01039228138739619
0.010956033219345384
0.010490962383976551
0.010844650708353689
0.010476795310210063
0.010884220810942842
0.010377625793844651
0.010903273082559844
0.010438202247191011
0.010899853444064484
0.01035075720566683
0.010881778212017586
0.010495359062042013
0.010898876404494382
0.01047532975085491
0.010891548607718614
0.01044894968246214
0.010855398143624816
0.010466047874938935
0.010919394235466536
0.01038886174890083
0.010948216902784563
0.010492427943331705
0.01085735222276502
0.010459697117733268
0.010867611138251099
0.010396189545676601
0.01084562774792379
0.01049389350268686
0.010960429897410846
0.010452369320957498
0.010892525647288716
0.01043771372740596
0.010889106008793356
0.010461651196873473
0.010855886663409867
0.010398632144601856
0.010896922325354177
0.010465559355153885
0.010908646800195407
0.010397166585246703
0.010878847093307279
0.01045627747923791
0.010852467024914509
0.010457743038593063
0.010934538348803126
0.010422569614069371
0.010886174890083047
0.010456765999022961
0.010898876404494382
0.010386419149975573
0.010915974596971178
0.010499267220322423
0.01087591597459697
0.01047923790913532
0.010870053737176356
0.010429408891060088
0.010902784562774792
0.010414753297508548
0.010877381533952126
0.010393746946751345
0.010933561309233024
0.010446507083536883
0.010891548607718614
0.010406448461162678
0.010934538348803126
0.010420127015144113
0.010903273082559844
0.010517830972154373
0.010922813873961896
0.010382510991695163
0.010894968246213972
0.010482169027845626
0.010925256472887153
0.01048314606741573
0.010826575476306789
0.010435759648265755
0.010890083048363457
0.010477283829995115
0.010869076697606254
0.010416707376648753
0.010871519296531509
0.010469956033219345
0.010838788470933072
0.01047581827063996
0.01091353199804592
0.01044894968246214
0.01090522716170005
0.010416707376648753
0.010841231069858329
0.010399120664386908
0.010931118710307768
0.01049438202247191
0.010880801172447484
0.010461162677088423
0.010911089399120664
0.010427943331704935
0.010871030776746459
0.010385930630190523
0.01094723986321446
0.010478260869565216
0.010895945285784074
0.010416218856863703
0.010886174890083047
0.010410356619443088
0.010853932584269662
0.010407914020517831
0.010891548607718614
0.010482169027845626
0.010914020517830973
0.010343917928676111
0.010925256472887153
0.010448461162677088
0.010855398143624816
0.01043771372740596
0.010866145578895946
0.010507572056668295
0.0108876404494382
0.010428431851489986
0.010930630190522716
0.010401074743527113
0.010899364924279434
0.010432828529555448
0.010839765510503176
0.01048656570591109
0.010884220810942842
0.01043771372740596
0.01085735222276502
0.01042598925256473
0.010926233512457256
0.010394235466536396
0.010929653150952614
0.010540302882266732
0.010915974596971178
0.010486077186126038
0.010925256472887153
0.01039960918417196
0.010820224719101124
0.010378602833414753
0.01091304347826087
0.01042598925256473
0.010924767953102101
0.010484123106985831
0.01085686370297997
0.010454323400097705
0.010880801172447484
0.010359550561797755
0.010832437713727407
0.010414264777723498
0.010921836834391793
0.010479726428920371
0.010923790913532
0.010533463605276013
0.010859306301905226
0.010434294088910601
0.010830483634587202
0.010438690766976063
0.01086419149975574
0.010477283829995115
0.010884220810942842
0.010398143624816806
0.010956033219345384
0.010423546653639473
0.010854421104054714
0.01050561797752809
0.01089741084513923
0.01041866145578896
0.01089741084513923
0.010466047874938935
0.01092134831460674
0.01036932095749878
0.010934538348803126
0.010530043966780655
0.01090131900341964
0.010496824621397166
0.010895945285784074
0.010418172936003908
0.010853932584269662
0.010401563263312165
0.010881778212017586
0.010412310698583293
0.010925256472887153
0.010466536394723986
0.010873961895456766
0.010473375671714705
0.010907669760625306
0.010401074743527113
0.01088373229115779
0.010462628236443576
0.01091304347826087
0.010438202247191011
0.010945774303859306
0.010452369320957498
0.010873961895456766
0.010452369320957498
0.010898876404494382
0.010416218856863703
0.010895456765999024
0.010424523693209576
0.01090962383976551
0.010414264777723498
0.010912554958475817
0.010474352711284806
0.010858817782120176
0.010461651196873473
0.010915486077186126
0.010409379579872985
0.010851489985344406
0.0104152418172936
0.010926233512457256
0.010397166585246703
0.010934049829018076
0.010492916463116756
0.010930630190522716
0.010415730337078651
0.01088324377137274
0.010415730337078651
0.01087933561309233
0.010417195896433805
0.010899853444064484
0.010441133365901318
0.010930630190522716
0.010448461162677088
0.010895456765999024
0.010440644846116268
0.01091695163654128
0.01036590131900342
0.010873961895456766
0.010458720078163166
0.010945285784074254
0.010383488031265266
0.010872984855886664
0.010398143624816806
0.010865168539325844
0.010440644846116268
0.010885197850512946
0.010425500732779678
0.010869565217391304
0.010451880801172446
0.010867611138251099
0.010396678065461651
0.010925744992672204
0.010440644846116268
0.010843673668783586
0.010446995603321935
0.010914997557401074
0.010376648754274548
0.010861748900830484
0.010451880801172446
0.010865168539325844
0.010457743038593063
0.010923302393746948
0.010530532486565707
0.010870053737176356
0.010481191988275525
0.01084171958964338
0.01043771372740596
0.010867122618466049
0.010407914020517831
0.010852955544699559
0.010428920371275036
0.010952613580850024
0.010488519785051295
0.010890083048363457
0.010463116756228628
0.010940400586223743
0.01041866145578896
0.010872984855886664
0.01051685393258427
0.010925256472887153
0.01038886174890083
0.010919394235466536
0.01045627747923791
0.01085686370297997
0.010431362970200293
0.010870053737176356
0.010466536394723986
0.010874938935026869
0.01045285784074255
0.010908646800195407
0.010383976551050318
0.01089350268685882
0.010449926722032241
0.01086028334147533
0.010482169027845626
0.010928676111382511
0.010442110405471421
0.010860771861260382
0.010421104054714215
0.01085686370297997
0.010388373229115778
0.010911089399120664
0.010489496824621398
0.010922325354176844
0.010463605276013678
0.010835857352222766
0.010388373229115778
0.010835857352222766
0.010387884709330728
0.01084171958964338
0.010447972642892036
0.010902784562774792
0.010494870542256961
0.010847093307278944
0.010454811919882756
0.010814362481680507
0.010374206155349291
0.010885686370297996
0.010453346360527603
0.010931118710307768
0.010402540302882266
0.010914020517830973
0.01047581827063996
0.010914020517830973
0.010412799218368343
0.01082706399609184
0.010472398632144601
0.010915974596971178
0.010464582315583781
0.010925744992672204
0.010432828529555448
0.01087200781631656
0.010423058133854421
0.010865657059110894
0.010481191988275525
0.010891548607718614
0.010438690766976063
0.010878847093307279
0.010387884709330728
0.010899853444064484
0.010404494382022471
0.010898876404494382
0.010469956033219345
0.010896922325354177
0.010421104054714215
0.010841231069858329
0.01039179286761114
0.010827552515876892
0.010485100146555936
0.010889594528578407
0.010417684416218856
0.010968734733756718
0.010477772349780166
0.010854909623839766
0.010417195896433805
0.010828041035661944
0.010410845139228138
0.010851978505129457
0.010436248168050806
0.010966292134831461
0.010427454811919883
0.010924279433317051
0.010461162677088423
0.010828041035661944
0.01046409379579873
0.010866145578895946
0.01040742550073278
0.010900830483634587
0.010431851489985345
0.010904250122129946
0.010420615534929165
0.010896433805569126
0.010461162677088423
0.010873473375671714
0.01046751343429409
0.010929653150952614
0.010461162677088423
0.010903761602344896
0.010434294088910601
0.010881289692232536
0.010374694675134343
0.010917928676111383
0.010489496824621398
0.010917928676111383
0.010484123106985831
0.010919394235466536
0.010389838788470933
0.010853932584269662
0.010425500732779678
0.010908646800195407
0.01038886174890083
0.010911089399120664
0.010495359062042013
0.010873961895456766
0.010404005862237421
0.010891548607718614
0.010372740595994138
0.010859306301905226
0.010436736687835858
0.010922813873961896
0.010370297997068881
0.010907669760625306
0.010481191988275525
0.010840254030288227
0.010424523693209576
0.010871030776746459
0.010410845139228138
0.010863214460185637
0.010417684416218856
0.010918905715681484
0.01038495359062042
0.010924279433317051
0.01044162188568637
0.010871519296531509
0.010468490473864191
0.010897899364924279
0.01039960918417196
0.010808500244259892
0.010435759648265755
0.010889594528578407
0.01036590131900342
0.010911577918905716
0.010452369320957498
0.010919394235466536
0.0104904738641915
0.010862237420615536
0.010386419149975573
0.010840742550073277
0.010376160234489496
0.01089838788470933
0.010461162677088423
0.01090229604298974
0.01048656570591109
0.010865657059110894
0.010488519785051295
0.010878358573522227
0.010391304347826088
0.010873473375671714
0.01048998534440645
0.01091744015632633
0.010413287738153395
0.010926722032242306
0.010538837322911578
0.01087591597459697
0.010420615534929165
0.010870053737176356
0.010430874450415243
0.010915486077186126
0.010487542745481193
0.010907181240840254
0.010352222765021983
0.010864680019540792
0.01041866145578896
0.01086809965803615
0.010481680508060576
0.010891548607718614
0.0104152418172936
0.010834391792867612
0.010465070835368833
0.010886174890083047
0.010394235466536396
0.010902784562774792
0.010542745481191988
0.010888128969223252
0.010468978993649243
0.010892525647288716
0.010404005862237421
0.010867122618466049
0.010403028822667318
0.010870053737176356
0.010401563263312165
0.01093258426966292
0.01047923790913532
0.010805080605764534
0.010436248168050806
0.010911089399120664
0.010420615534929165
0.010859306301905226
0.01046409379579873
0.010886174890083047
0.010425012212994626
0.010920371275036637
0.01044943820224719
0.010859306301905226
0.010453346360527603
0.010876893014167074
0.010423058133854421
0.010900341963849536
0.010413287738153395
0.010886174890083047
0.010381533952125061
0.010914509037616022
0.010444553004396678
0.010880801172447484
0.010463116756228628
0.010885686370297996
0.010412799218368343
0.01085686370297997
0.010472887151929653
0.010914997557401074
0.0103771372740596
0.010907181240840254
0.010473375671714705
0.010863214460185637
0.010491450903761603
0.010849047386419149
0.010440644846116268
0.0108495359062042
0.010440156326331216
0.010881289692232536
0.010442598925256473
0.01097361993160723
0.010446507083536883
0.01086809965803615
0.010449926722032241
0.010873961895456766
0.010356619443087444
0.010830972154372252
0.010444064484611626
0.010875427454811919
0.010383488031265266
0.010880801172447484
0.010459697117733268
0.01087933561309233
0.01044894968246214
0.010844650708353689
0.010420127015144113
0.010885686370297996
0.01043771372740596
0.010907181240840254
0.010438202247191011
0.010923302393746948
0.0104714215925745
0.010869076697606254
0.010495359062042013
0.010910600879335612
0.010375671714704446
0.01087591597459697
0.010439667806546165
0.010878847093307279
0.010383488031265266
0.01092134831460674
0.010442598925256473
0.010944797264289203
0.010394723986321446
0.010919882755251588
0.010442598925256473
0.010870053737176356
0.010371763556424036
0.010846604787493894
0.010409379579872985
0.01093551538837323
0.010524670249145092
0.010850512945774304
0.010458231558378115
0.010925256472887153
0.010423058133854421
0.01084171958964338
0.010421592574499266
0.010925256472887153
0.010387884709330728
0.010930630190522716
0.01046409379579873
0.010858329262335124
0.010458720078163166
0.010832437713727407
0.010420127015144113
0.010878358573522227
0.010481191988275525
0.01094333170493405
0.010397655105031755
0.010907181240840254
0.01047532975085491
0.010848558866634099
0.010450903761602345
0.010882755251587689
0.010441133365901318
0.010862725940400587
0.010412799218368343
0.010880801172447484
0.01036541279921837
0.010890083048363457
0.010458231558378115
0.010918905715681484
0.010502686858817781
0.010875427454811919
0.010383488031265266
0.010838299951148022
0.010400586223742061
0.010892037127503664
0.010410845139228138
0.010919882755251588
0.01046018563751832
0.010836834391792867
0.010468490473864191
0.010845139228138739
0.010352711284807034
0.010874450415241817
0.010455788959452858
0.010878847093307279
0.010400586223742061
0.010914020517830973
0.01043380556912555
0.010831949193942356
0.010460674157303371
0.010872496336101612
0.010438690766976063
0.010907669760625306
0.010452369320957498
0.010902784562774792
0.01034684904738642
0.010914020517830973
0.0104904738641915
0.010890571568148509
0.0105095261358085
0.0108876404494382
0.010403028822667318
0.01086419149975574
0.010453834880312653
0.010855886663409867
0.01043380556912555
0.010894968246213972
0.010469956033219345
0.010929164631167563
0.010453834880312653
0.010893014167073767
0.01038886174890083
0.010835857352222766
0.010372740595994138
0.010900830483634587
0.01039570102589155
0.010938446507083538
0.010472887151929653
0.01091304347826087
0.010454811919882756
0.010922813873961896
0.010381533952125061
0.01087591597459697
0.010451392281387395
0.010923790913532
0.010420127015144113
0.01093551538837323
0.010442598925256473
0.0108876404494382
0.010440644846116268
0.010871519296531509
0.010420615534929165
0.010878847093307279
0.010477283829995115
0.010907181240840254
0.010465070835368833
0.010918417195896432
0.010462628236443576
0.010863214460185637
0.010461651196873473
0.010957498778700538
0.010434294088910601
0.010896433805569126
0.010424035173424525
0.01090180752320469
0.010413287738153395
0.010958964338055693
0.010504152418172936
0.01090180752320469
0.01047191011235955
0.010863702979970689
0.01038886174890083
0.01085686370297997
0.01036932095749878
0.010914020517830973
0.010428920371275036
0.010942354665363948
0.010502198339032731
0.010871519296531509
0.010410356619443088
0.010877870053737176
0.010423058133854421
0.01084171958964338
0.010410356619443088
0.01089838788470933
0.010401563263312165
0.01092134831460674
0.010436736687835858
0.010846604787493894
0.010421104054714215
0.010889594528578407
0.010415730337078651
0.01088373229115779
0.01042598925256473
0.010956521739130436
0.01037322911577919
0.01093160723009282
0.010461651196873473
0.010858329262335124
0.010469956033219345
0.010919394235466536
0.010429408891060088
0.010863214460185637
0.010371275036638984
0.01088324377137274
0.010386907669760624
0.010960918417195898
0.010473375671714705
0.010920371275036637
0.010435271128480703
0.01085735222276502
0.010402540302882266
0.010862725940400587
0.01041133365901319
0.010889594528578407
0.010393746946751345
0.010944308744504153
0.010492916463116756
0.010859306301905226
0.010420127015144113
0.010871519296531509
0.010397166585246703
0.010890083048363457
0.010443575964826575
0.010891060087933562
0.010425500732779678
0.010912066438690766
0.010491939423546655
0.010826086956521739
0.010480703468490473
0.01089350268685882
0.010478749389350268
0.010885686370297996
0.010438690766976063
0.010869565217391304
0.010385442110405471
0.010919394235466536
0.010502686858817781
0.01087200781631656
0.010441133365901318
0.010895945285784074
0.01042989741084514
0.010846116267708842
0.010417195896433805
0.010872984855886664
0.010400586223742061
0.010900830483634587
0.010514899853444063
0.010923302393746948
0.010450415241817293
0.010871519296531509
0.01038886174890083
0.010855398143624816
0.010414753297508548
0.010922325354176844
0.010442598925256473
0.010918417195896432
0.010488519785051295
0.010865657059110894
0.010492427943331705
0.010884220810942842
0.010390815828041036
0.010847581827063996
0.010454323400097705
0.010917928676111383
0.010418172936003908
0.010890571568148509
0.010436248168050806
0.010803126526624329
0.010437225207620908
0.010867122618466049
0.010404494382022471
0.01087200781631656
0.010457743038593063
0.010865168539325844
0.010440156326331216
0.010894968246213972
0.010416218856863703
0.010847581827063996
0.01047532975085491
0.01090962383976551
0.010396678065461651
0.010862237420615536
0.010439667806546165
0.010898876404494382
0.010375183194919394
0.01092134831460674
0.010496336101612115
0.01087200781631656
0.010466047874938935
0.01091304347826087
0.01041914997557401
0.010831949193942356
0.010414753297508548
0.010874938935026869
0.010443575964826575
0.010937957987298486
0.010449926722032241
0.01086028334147533
0.010440644846116268
0.010850024425989252
0.010406936980947728
0.010852955544699559
0.010470933072789448
0.010899853444064484
0.0104152418172936
0.010896433805569126
0.010457254518808013
0.010870542256961407
0.010458720078163166
0.010825598436736687
0.010414264777723498
0.01090620420127015
0.010454323400097705
0.010900830483634587
0.010376160234489496
0.010846116267708842
0.010433317049340498
0.010880312652662432
0.010463116756228628
0.010911577918905716
0.010443575964826575
0.010846604787493894
0.010455788959452858
0.01091744015632633
0.010347826086956521
0.01085735222276502
0.010499755740107475
0.010890083048363457
0.01049438202247191
0.010907181240840254
0.010412799218368343
0.010859306301905226
0.010383488031265266
0.010903761602344896
0.010443575964826575
0.010917928676111383
0.010453346360527603
0.010835368832437714
0.010423546653639473
0.01085686370297997
0.010383976551050318
0.010843673668783586
0.010451880801172446
0.010910600879335612
0.010432340009770396
0.010893991206643869
0.010476795310210063
0.010890083048363457
0.010455788959452858
0.010878847093307279
0.01041133365901319
0.010853932584269662
0.01039179286761114
0.010863214460185637
0.010383976551050318
0.010922325354176844
0.010447484123106985
0.010844162188568637
0.010476306790425011
0.010836345872007817
0.010421592574499266
0.010891548607718614
0.010412310698583293
0.01090962383976551
0.0103771372740596
0.010876893014167074
0.01048998534440645
0.010877870053737176
0.01044553004396678
0.01090229604298974
0.010423058133854421
0.010878358573522227
0.010424035173424525
0.010818270639960919
0.010431851489985345
0.010972642892037128
0.010500732779677576
0.010885686370297996
0.010442598925256473
0.010875427454811919
0.010404982901807523
0.010819736199316072
0.010408402540302883
0.010891548607718614
0.010336101612115291
0.01094723986321446
0.010457743038593063
0.010866634098680997
0.01047532975085491
0.010876893014167074
0.010427454811919883
0.01088715192965315
0.010457743038593063
0.010936492427943333
0.010360527601367856
0.010907181240840254
0.010410845139228138
0.010831949193942356
0.010489008304836346
0.01091304347826087
0.010383488031265266
0.01087200781631656
0.010387884709330728
0.010914509037616022
0.010372740595994138
0.01091744015632633
0.01052418172936004
0.010915486077186126
0.010490962383976551
0.010882266731802637
0.010451880801172446
0.01084171958964338
0.010434782608695653
0.010885686370297996
0.010404005862237421
0.01091695163654128
0.010466536394723986
0.010867122618466049
0.010437225207620908
0.010885686370297996
0.010420615534929165
0.010881289692232536
0.010434294088910601
0.010911089399120664
0.010406936980947728
0.01092134831460674
0.010433317049340498
0.010894968246213972
0.010438690766976063
0.010889594528578407
0.010429408891060088
0.010912554958475817
0.010427943331704935
0.010928676111382511
0.010405959941377626
0.01093942354665364
0.010385930630190523
0.010853932584269662
0.010446018563751831
0.010890571568148509
0.010418172936003908
0.010872496336101612
0.010399120664386908
0.010880801172447484
0.01036980947728383
0.010866145578895946
0.010492916463116756
0.01088715192965315
0.010451392281387395
0.010808500244259892
0.010394723986321446
0.01086028334147533
0.010431851489985345
0.010875427454811919
0.010412799218368343
0.01091744015632633
0.010432828529555448
0.01089447972642892
0.01042208109428432
0.01089741084513923
0.01040742550073278
0.010893991206643869
0.010432340009770396
0.010941866145578896
0.010375183194919394
0.010949193942354664
0.01047923790913532
0.010906692721055202
0.010426966292134831
0.01086419149975574
0.010440156326331216
0.010886663409868099
0.010424035173424525
0.010920371275036637
0.010353688324377136
0.010919882755251588
0.010466047874938935
0.010857840742550072
0.010469956033219345
0.010917928676111383
0.010371275036638984
0.01085735222276502
0.010442110405471421
0.010894968246213972
0.010370786516853933
0.010889106008793356
0.010541768441621885
0.010910600879335612
0.010482169027845626
0.010844162188568637
0.010390815828041036
0.010839276990718124
0.010389838788470933
0.01090620420127015
0.01039179286761114
0.010926233512457256
0.010465559355153885
0.010854421104054714
0.010482169027845626
0.010872984855886664
0.010379579872984856
0.010841231069858329
0.010398632144601856
0.010911089399120664
0.01035466536394724
0.010942354665363948
0.010435759648265755
0.010863702979970689
0.01042208109428432
0.010861260381045432
0.010440644846116268
0.010859794821690279
0.0103771372740596
0.010931118710307768
0.010410356619443088
0.010899364924279434
0.01047191011235955
0.010826086956521739
0.01044943820224719
0.010895945285784074
0.010437225207620908
0.010868588177821202
0.010402051783097216
0.010886663409868099
0.010382510991695163
0.01088373229115779
0.010432340009770396
0.010850024425989252
0.010461162677088423
0.010851489985344406
0.010367855398143624
0.010861260381045432
0.010407914020517831
0.010908158280410356
0.010398143624816806
0.01090180752320469
0.010478749389350268
0.010881778212017586
0.010465559355153885
0.010847581827063996
0.010374694675134343
0.010850024425989252
0.010467024914509038
0.01087933561309233
0.010420615534929165
0.010937469467513434
0.010495359062042013
0.01087933561309233
0.010469956033219345
0.01090962383976551
0.010417684416218856
0.010881289692232536
0.0104714215925745
0.010896433805569126
0.010385930630190523
0.010869076697606254
0.01045627747923791
0.010845139228138739
0.010438690766976063
0.010852467024914509
0.010359062042012701
0.010852955544699559
0.010452369320957498
0.01088715192965315
0.0104152418172936
0.010896433805569126
0.010462628236443576
0.010888617489008304
0.010483634587200781
0.010868588177821202
0.010399120664386908
0.010847093307278944
0.010412799218368343
0.010873473375671714
0.010415730337078651
0.010885686370297996
0.0104714215925745
0.010808011724474842
0.01044504152418173
0.010896922325354177
0.01041914997557401
0.010833414753297509
0.01044894968246214
0.010916463116756227
0.01036541279921837
0.010920371275036637
0.01046018563751832
0.010895456765999024
0.010394723986321446
0.010891548607718614
0.010432828529555448
0.01087933561309233
0.010433317049340498
0.01090962383976551
0.010350268685881778
0.010899853444064484
0.010436248168050806
0.010829018075232047
0.010491939423546655
0.010918905715681484
0.010409868099658036
0.010907669760625306
0.010461651196873473
0.010889594528578407
0.010412799218368343
0.010882755251587689
0.010430874450415243
0.010914020517830973
0.010429408891060088
0.010867611138251099
0.01039570102589155
0.010835368832437714
0.01042208109428432
0.010863214460185637
0.010416218856863703
0.010945285784074254
0.010495359062042013
0.010874450415241817
0.010456765999022961
0.010908646800195407
0.010398632144601856
0.010839276990718124
0.010446995603321935
0.010885197850512946
0.010390327308255983
0.01087982413287738
0.010480703468490473
0.010864680019540792
0.010432340009770396
0.010884709330727894
0.010405959941377626
0.010863702979970689
0.01041914997557401
0.010847581827063996
0.010400097703957011
0.01090620420127015
0.010447972642892036
0.010835368832437714
0.010522716170004885
0.010917928676111383
0.010390327308255983
0.010896433805569126
0.010450415241817293
0.010894968246213972
0.010379091353199804
0.010934049829018076
0.010513922813873961
0.010900341963849536
0.010443575964826575
0.010854421104054714
0.010392769907181241
0.01083781143136297
0.010392769907181241
0.01087982413287738
0.010424523693209576
0.010964338055691256
0.010462139716658525
0.010918417195896432
0.010438690766976063
0.010918417195896432
0.01040351734245237
0.010877870053737176
0.010454811919882756
0.010958475818270641
0.010423546653639473
0.010921836834391793
0.010464582315583781
0.010835368832437714
0.010469467513434295
0.010877381533952126
0.01047923790913532
0.0109057156814851
0.010486077186126038
0.010907669760625306
0.010413776257938446
0.010895456765999024
0.01044162188568637
0.010866634098680997
0.010454323400097705
0.010927210552027358
0.010399120664386908
0.010826086956521739
0.010352222765021983
0.01091011235955056
0.010386419149975573
0.010914997557401074
0.010525158768930142
0.010889106008793356
0.010472887151929653
0.010855398143624816
0.010412799218368343
0.010835368832437714
0.010386419149975573
0.010888128969223252
0.010402051783097216
0.010930141670737666
0.010510014655593551
0.01079970688812897
0.010459697117733268
0.01086809965803615
0.01042208109428432
0.010831949193942356
0.010412310698583293
0.010946262823644358
0.01039570102589155
0.010907181240840254
0.010426966292134831
0.010822178798241329
0.010405959941377626
0.01084562774792379
0.01044504152418173
0.010889594528578407
0.010393258426966293
0.010886174890083047
0.010371763556424036
0.010922325354176844
0.010437225207620908
0.010859306301905226
0.010463116756228628
0.010931118710307768
0.010465559355153885
0.01085735222276502
0.010442110405471421
0.010881289692232536
0.010385442110405471
0.010851978505129457
0.010535417684416218
0.010890571568148509
0.010451392281387395
0.010893014167073767
0.010404494382022471
0.010858817782120176
0.01041866145578896
0.01087200781631656
0.01039228138739619
0.010903761602344896
0.010496824621397166
0.01080361504640938
0.010486077186126038
0.010877381533952126
0.010404005862237421
0.010851001465559354
0.010476795310210063
0.01092134831460674
0.010451880801172446
0.010908158280410356
0.010423058133854421
0.01086419149975574
0.010391304347826088
0.010828529555446996
0.010473375671714705
0.01092085979482169
0.01041866145578896
0.010882266731802637
0.010427943331704935
0.01091695163654128
0.0104152418172936
0.010822667318026379
0.010440156326331216
0.010868588177821202
0.010394235466536396
0.01090962383976551
0.010453834880312653
0.010874938935026869
0.010388373229115778
0.010867122618466049
0.010470444553004396
0.010886663409868099
0.010461651196873473
0.01083781143136297
0.010376160234489496
0.010806057645334637
0.010370297997068881
0.010881289692232536
0.010390327308255983
0.010919882755251588
0.01046409379579873
0.01083390327308256
0.010389350268685881
0.01090229604298974
0.0104152418172936
0.010848070346849047
0.010461162677088423
0.010923790913532
0.010380556912554958
0.010959452857840743
0.010490962383976551
0.010854909623839766
0.010448461162677088
0.010861260381045432
0.010453834880312653
0.010869565217391304
0.010403028822667318
0.010885686370297996
0.010404982901807523
0.01090962383976551
0.010444064484611626
0.010842208109428432
0.010503175378602833
0.01087591597459697
0.010382999511480214
0.010830483634587202
0.010405471421592575
0.010842696629213484
0.010394235466536396
0.010888128969223252
0.010508060576453346
0.010831949193942356
0.010455788959452858
0.010889594528578407
0.010416707376648753
0.010873473375671714
0.010425500732779678
0.010885686370297996
0.01041866145578896
0.01093942354665364
0.010488031265266245
0.010869076697606254
0.01048998534440645
0.010862725940400587
0.010426477772349781
0.010789936492427942
0.010474841231069858
0.010928676111382511
0.010376160234489496
0.010910600879335612
0.010472887151929653
0.010859306301905226
0.010446018563751831
0.010810454323400097
0.010436248168050806
0.010904738641914997
0.010405471421592575
0.01090131900341964
0.010406448461162678
0.010870542256961407
0.010481191988275525
0.010866634098680997
0.010451392281387395
0.010875427454811919
0.010427454811919883
0.010832437713727407
0.010455788959452858
0.01089741084513923
0.010370786516853933
0.010892037127503664
0.010515388373229115
0.010896433805569126
0.010416707376648753
0.01084562774792379
0.010416218856863703
0.010805080605764534
0.010364924279433318
0.010876404494382022
0.010450903761602345
0.01088324377137274
0.010438690766976063
0.01090180752320469
0.010504152418172936
0.01087591597459697
0.010431851489985345
0.01085686370297997
0.010434294088910601
0.010961406936980948
0.010450415241817293
0.010886663409868099
0.010476795310210063
0.010924279433317051
0.010432340009770396
0.010882266731802637
0.010474841231069858
0.010908158280410356
0.010434782608695653
0.010897899364924279
0.010417195896433805
0.010888128969223252
0.010406936980947728
0.010857840742550072
0.010503175378602833
0.010867122618466049
0.010440156326331216
0.01089838788470933
0.01041866145578896
0.010858817782120176
0.010424035173424525
0.01088324377137274
0.010482169027845626
0.01090180752320469
0.010436736687835858
0.010816316560820712
0.010423058133854421
0.010844162188568637
0.01042208109428432
0.010891548607718614
0.010451392281387395
0.010937957987298486
0.010466536394723986
0.010858329262335124
0.010458720078163166
0.01086028334147533
0.010391304347826088
0.010854421104054714
0.010449926722032241
0.010891060087933562
0.01039179286761114
0.010874938935026869
0.010454811919882756
0.010824132877381534
0.010470444553004396
0.01078505129457743
0.010388373229115778
0.010836834391792867
0.010447484123106985
0.01089447972642892
0.01039570102589155
0.01088324377137274
0.010451392281387395
0.010814362481680507
0.010498778700537371
0.010861260381045432
0.010442598925256473
0.010860771861260382
0.010442110405471421
0.010844650708353689
0.010439667806546165
0.010904250122129946
0.01045627747923791
0.010890571568148509
0.01050170981924768
0.01088324377137274
0.010418172936003908
0.010839276990718124
0.010480214948705421
0.010897899364924279
0.010455300439667808
0.010912066438690766
0.01048314606741573
0.010867122618466049
0.01048656570591109
0.01086419149975574
0.010404494382022471
0.010841231069858329
0.010447484123106985
0.010934538348803126
0.010378602833414753
0.010904250122129946
0.010427943331704935
0.010857840742550072
0.010432828529555448
0.010836834391792867
0.010426966292134831
0.01090229604298974
0.01044162188568637
0.010929164631167563
0.0104152418172936
0.01088715192965315
0.010453834880312653
0.01088715192965315
0.010460674157303371
0.010848070346849047
0.01039228138739619
0.010859306301905226
0.010405471421592575
0.01088715192965315
0.010382999511480214
0.010868588177821202
0.010481680508060576
0.010770884220810944
0.010297997068881291
0.01065266243282853
0.010153883732291157
0.010541768441621885
0.010012212994626282
0.010512457254518808
0.009959941377625795
0.010421592574499266
0.009819736199316071
0.010238886174890084
0.009674645823155838
0.01019296531509526
0.00954714215925745
0.010008793356130924
0.009519785051294577
0.009985832926233514
0.009296531509526135
0.009927699071812408
0.009257938446507083
0.009692721055202736
0.009104054714215925
0.009608695652173913
0.008929653150952614
0.00953248656570591
0.008849047386419149
0.009507572056668294
0.008706399609184172
0.00939228138739619
0.008658524670249145
0.009196873473375672
0.008510991695163653
0.009191011235955057
0.008325354176844161
0.009063507572056668
0.00827112848070347
0.008926233512457256
0.008070835368832437
0.00889838788470933
0.008077186126038104
0.008743038593063019
0.008001465559355153
0.008590620420127015
0.007755740107474352
0.008504152418172936
0.007633610161211529
0.008404982901807523
0.007522716170004885
0.008308744504152418
0.007472887151929653
0.008149975574010747
0.007368343917928676
0.008080605764533464
0.007181240840254031
0.007961895456766
0.007093795798729849
0.007903273082559843
0.006877381533952125
0.007802638006839276
0.006873473375671715
0.007649731314118222
0.0067640449438202245
0.007567659990229604
0.006514899853444065
0.007457254518808011
0.006470933072789448
0.007348314606741573
0.006274059599413777
0.007238886174890082
0.006184171958964338
0.007091353199804592
0.006172447484123107
0.007017586712261847
0.005965315095261358
0.006854421104054715
0.005815828041035662
0.006790425012212995
0.005677576941866145
0.006662432828529555
0.005763067904250122
0.006542256961406937
0.0054621397166585255
0.006463116756228628
0.0053996091841719595
0.006262823644357597
0.005277479237909136
0.0062042012701514415
0.005189545676599902
0.006110893991206644
0.005093795798729849
0.005964338055691256
0.004962872496336102
0.005885686370297997
0.004812408402540303
0.0057107962872496336
0.0047659990229604295
0.005697117733268198
0.00462628236443576
0.005531509526135808
0.0045437225207620915
0.0054680019540791405
0.004453346360527601
0.005316560820713238
0.004317537860283341
0.0051436248168050805
0.004196873473375672
0.0050850024425989244
0.00412457254518808
0.005038104543234
0.004046409379579873
0.0048172936003908155
0.00394723986321446
0.0048246213971665855
0.00385295554469956
0.004604787493893503
0.0037088422081094285
0.00457743038593063
0.003558866634098681
0.004478260869565218
0.003574987787005374
0.004368343917928677
0.003466047874938935
0.004258426966292135
0.003291646311675623
0.004028822667318027
0.003242794333170493
0.004044455300439668
0.0031235955056179775
0.00394723986321446
0.003097703957010259
0.0037630679042501224
0.0029447972642892037
0.003721543722520762
0.002774303859306302
0.0035930630190522716
0.002766487542745481
0.0035197850512945776
0.0026360527601367854
0.0033986321446018565
0.002598436736687836
0.003240351734245237
0.0024416218856863703
0.0031504640937957988
0.002304836345872008
0.0030806057645334636
0.0022725940400586224
0.0029672691744015633
0.0021035661944308745
0.002859306301905227
0.002111382510991695
0.002764533463605276
0.0019912066438690767
0.0026287249633610158
0.0018426966292134832
0.0024728871519296533
0.0017308255984367367
0.002403028822667318
0.0016458231558378114
0.002281875915974597
0.0016042989741084515
0.002208597948216903
0.0014704445530043966
0.002014655593551539
0.0012901807523204689
0.001921836834391793
0.0011993160723009282
0.001799218368343918
0.0011284807034684906
0.0017318026380068392
0.0010791402051783096
0.0015803615046409382
0.0010385930630190522
0.0014528578407425501
0.0008128969223253541
0.0013219345383488031
0.0007557401074743527
0.0012115290669272106
0.0006707376648754274
0.0010991695163654128
0.0005246702491450904
0.0010053737176355642
0.00045432340009770396
0.000835857352222765
0.0003478260869565217
0.0007191011235955056
0.00021152906692721056
0.0006702491450903762
4.9829018075232046e-05
0.00046213971665852465
4.3478260869565214e-05
0.00031069858329262333
-9.330727894479727e-05
0.0002960429897410845
-0.00021739130434782607
6.0087933561309233e-05
-0.0003004396678065462
1.5632633121641426e-05
-0.00048119198827552517
-0.00011187103077674645
-0.0004147532975085491
-6.448461162677088e-05
-0.00035124572545188083
-0.00013922813873961894
-0.00040254030288226674
-0.00018172936003908158
-0.00043624816805080605
-8.304836345872008e-05
-0.0004333170493404983
6.8392769907181235e-06
-0.0003893502686858818
-9.428431851489985e-05
-0.00043624816805080605
-8.597948216902785e-05
-0.00043673668783585735
-0.00010893991206643869
-0.0003453834880312653
-2.442598925256473e-05
-0.0004582315583781143
-4.2989741084513923e-05
-0.0004010747435271129
-0.0001436248168050806
-0.0004054714215925745
-9.672691744015632e-05
-0.0004035173424523693
-0.00011773326819736199
-0.000394723986321446
-6.106497313141182e-05
-0.00039863214460185637
-0.00010503175378602834
-0.00037567171470444553
-0.00010161211529066927
-0.00038544211040547144
-9.623839765510503e-05
-0.0004274548119198828
-8.597948216902785e-05
-0.0003883732291157792
-6.985832926233512e-05
-0.0004313629702002931
-5.7645334636052756e-05
-0.000336590131900342
-8.255984367366878e-05
-0.0003575964826575476
-7.865168539325843e-05
-0.00040644846116267706
-0.00013922813873961894
-0.0004377137274059599
-0.0001441133365901319
-0.00036345872007816316
-2.0029311187103078e-05
-0.00032437713727405957
-8.646800195407914e-05
-0.00039374694675134344
-7.132388861748901e-05
-0.0004049829018075232
-0.00014948705422569613
-0.0003502686858817782
-3.957010258915486e-05
-0.00037616023448949683
1.5632633121641426e-05
-0.0003434294088910601
-6.35075720566683e-05
-0.00038495359062042014
-6.692721055202736e-05
-0.0003478260869565217
-9.623839765510503e-05
-0.00038153395212506107
-8.451392281387396e-05
-0.00036394723986321446
3.9081582804103565e-06
-0.0004250122129946263
-0.00010600879335613092
-0.0002896922325354177
-1.954079140205178e-05
-0.00039863214460185637
-8.304836345872008e-05
-0.0003893502686858818
-5.9599413776257937e-05
-0.00040937957987298483
-2.9799706888128968e-05
-0.0003961895456765999
1.5632633121641426e-05
-0.00037616023448949683
-4.49438202247191e-05
-0.0003873961895456766
-7.278944797264289e-05
-0.0004000977039570103
-4.201270151441133e-05
-0.00035466536394723985
-2.9311187103077674e-06
-0.0003883732291157792
-6.204201270151441e-05
-0.0003507572056668295
-8.646800195407914e-05
-0.0004123106985832926
-0.00012017586712261847
-0.00034245236932095753
3.370786516853932e-05
-0.00042012701514411335
-5.813385442110405e-05
-0.0003434294088910601
-5.031753786028334e-05
-0.00033072789447972646
-5.862237420615535e-06
-0.00034684904738641916
-5.178309721543723e-05
-0.000356619443087445
-4.103566194430874e-05
-0.00041279921836834396
-2.3937469467513433e-05
-0.00029897410845139226
-2.784562774792379e-05
-0.0003321934538348803
-2.9311187103077675e-05
-0.00038104543234000976
-6.546165119687347e-05
-0.0003444064484611627
-6.692721055202736e-05
-0.0004084025403028823
-1.0258915486077186e-05
-0.00029018075232046896
-1.9052271617000487e-05
-0.0003253541768441622
-6.546165119687347e-05
-0.00041035661944308744
-5.617977528089887e-05
-0.00036003908158280414
2.6380068392769907e-05
-0.0003893502686858818
2.6380068392769907e-05
-0.00033072789447972646
-6.3019052271617e-05
-0.0003238886174890083
1.1235955056179774e-05
-0.0003683439179286761
-7.376648754274549e-05
-0.00032926233512457255
-9.281875915974597e-06
-0.0003414753297508549
4.836345872007816e-05
-0.00030532486565705916
7.816316560820713e-06
-0.00035906204201270153
-6.204201270151441e-05
-0.0003248656570591109
1.5144113336590131e-05
-0.00030288226673180264
-2.442598925256473e-05
-0.0003717635564240352
6.3019052271617e-05
-0.0003302393746946751
-9.477283829995115e-05
-0.00033952125061064976
-1.0747435271128481e-05
-0.000336590131900342
-7.132388861748901e-05
-0.0003390327308255984
2.7357107962872494e-05
-0.00038983878847093307
3.517342452369321e-05
-0.00025744992672203226
1.2701514411333658e-05
-0.00030434782608695655
-9.77039570102589e-06
-0.00036736687835857353
-2.6380068392769907e-05
-0.0003619931607230093
-5.7645334636052756e-05
-0.0003444064484611627
-8.793356130923302e-06
-0.0003175378602833415
-3.370786516853932e-05
-0.00032975085490962385
-2.8822667318026378e-05
-0.00036883243771372744
-5.178309721543723e-05
-0.0003082559843673669
5.666829506595017e-05
-0.0003702979970688813
2.8334147532975084e-05
-0.0002848070346849048
-1.1235955056179774e-05
-0.00036443575964826576
-3.224230581338544e-05
-0.00034684904738641916
-8.304836345872008e-06
-0.00034636052760136785
1.612115290669272e-05
-0.00038153395212506107
4.885197850512946e-07
-0.0003023937469467514
-3.517342452369321e-05
-0.00028236443575964826
-4.885197850512945e-06
-0.00032877381533952124
-1.3678553981436247e-05
-0.0003170493404982902
-8.793356130923302e-06
-0.00035906204201270153
4.0058622374206156e-05
-0.00039081582804103567
-3.9081582804103565e-06
-0.00031558378114313626
0.0
-0.00036736687835857353
-0.0001250610649731314
-0.0003429408891060088
-2.247191011235955e-05
-0.0003873961895456766
3.61504640937958e-05
-0.00035564240351734246
-8.451392281387396e-05
-0.00032193453834880316
0.0
-0.0003092330239374695
-2.247191011235955e-05
-0.0003058133854421104
-1.709819247679531e-05
-0.0003629702002931119
-2.9799706888128968e-05
-0.00035368832437713724
-2.784562774792379e-05
-0.00032926233512457255
-1.2212994626282365e-05
-0.000356619443087445
-3.321934538348803e-05
-0.0003141182217879824
-7.034684904738641e-05
-0.0003717635564240352
-6.350757205666829e-06
-0.00032193453834880316
-9.721543722520761e-05
-0.00031069858329262333
-4.640937957987298e-05
-0.00035906204201270153
-5.471421592574499e-05
-0.0003439179286761114
-4.396678065461651e-05
-0.00038104543234000976
5.080605764533463e-05
-0.00031118710307767464
-1.4167073766487542e-05
-0.00032193453834880316
-4.2989741084513923e-05
-0.00038006839276990715
-5.911089399120664e-05
-0.00033952125061064976
4.885197850512945e-06
-0.00036394723986321446
4.9829018075232046e-05
-0.0003444064484611627
-1.4167073766487542e-05
-0.000281875915974597
-3.61504640937958e-05
-0.00037127503663898385
-2.2960429897410846e-05
-0.00031949193942354664
2.7357107962872494e-05
-0.00036345872007816316
5.178309721543723e-05
-0.0003439179286761114
5.862237420615535e-06
-0.0003160723009281876
3.175378602833415e-05
-0.0003492916463116756
-2.9311187103077674e-06
-0.0003238886174890083
4.5432340009770394e-05
-0.00034831460674157307
5.813385442110405e-05
-0.0002960429897410845
-4.201270151441133e-05
-0.0003092330239374695
2.9799706888128968e-05
-0.00036003908158280414
-2.247191011235955e-05
-0.00033952125061064976
3.4196384953590617e-06
-0.0003790913531998046
5.080605764533463e-05
-0.00028773815339521255
2.247191011235955e-05
-0.00036003908158280414
2.4425989252564726e-06
-0.0003390327308255984
-4.885197850512946e-05
-0.00036248168050806055
1.172447484123107e-05
-0.0003707865168539326
4.396678065461651e-05
-0.00026135808500244264
2.1006350757205665e-05
-0.00027699071812408403
8.793356130923302e-05
-0.00038446507083536883
-3.2730825598436736e-05
-0.0003009281875915975
7.327796775769418e-05
-0.0003434294088910601
3.321934538348803e-05
-0.0002794333170493405
-1.709819247679531e-05
-0.0003014167073766488
-2.9311187103077674e-06
-0.00031216414264777725
-2.051783097215437e-05
-0.0003404982901807523
-3.4196384953590617e-06
-0.00034733756717147046
1.80752320468979e-05
-0.00032095749877870055
-2.4425989252564726e-06
-0.0002642892037127504
3.0776746458231555e-05
-0.00038983878847093307
-5.031753786028334e-05
-0.0003605276013678554
7.816316560820713e-06
-0.00037127503663898385
5.2760136785539814e-05
-0.00026868588177821203
5.666829506595017e-05
-0.00029164631167562287
-3.2730825598436736e-05
-0.00035515388373229116
1.4655593551538837e-06
-0.00031656082071323887
3.224230581338544e-05
-0.00034636052760136785
9.91695163654128e-05
-0.00027650219833903273
-5.862237420615535e-06
-0.00030385930630190525
-2.784562774792379e-05
-0.0004235466536394724
-6.0576453346360524e-05
-0.0003136297020029311
4.2501221299462627e-05
-0.000378114313629702
1.9052271617000487e-05
-0.0002843185148998534
-5.617977528089887e-05
-0.0003302393746946751
-3.4196384953590617e-06
-0.0003312164142647777
-2.8334147532975084e-05
-0.000336590131900342
-5.080605764533463e-05
-0.0003341475329750855
3.321934538348803e-05
-0.0002843185148998534
-9.379579872984856e-05
-0.0003258426966292135
7.816316560820713e-06
-0.000378114313629702
-8.304836345872008e-06
-0.0003009281875915975
2.1983390327308255e-05
-0.00035710796287249637
2.051783097215437e-05
-0.00029311187103077673
-7.816316560820713e-06
-0.0002960429897410845
7.132388861748901e-05
-0.0003439179286761114
2.4425989252564726e-06
-0.00037127503663898385
-6.8392769907181235e-06
-0.0003346360527601368
0.00010014655593551538
-0.0003136297020029311
-2.247191011235955e-05
-0.00028627259404005864
-2.442598925256473e-05
-0.0003160723009281876
1.2212994626282365e-05
-0.0002960429897410845
3.370786516853932e-05
-0.0003517342452369321
4.445530043966781e-05
-0.0003063019052271617
4.2501221299462627e-05
-0.00035613092330239376
3.4196384953590617e-06
-0.0003488031265266243
5.862237420615535e-06
-0.000323400097703957
1.709819247679531e-05
-0.0003346360527601368
6.399609184171959e-05
-0.0003258426966292135
-2.4914509037616023e-05
-0.00022862725940400586
8.98876404494382e-05
-0.00033952125061064976
5.227161700048852e-05
-0.0003072789447972643
-2.247191011235955e-05
-0.00038495359062042014
3.8104543234000975e-05
-0.0003102100635075721
9.965803615046409e-05
-0.00029653150952613585
2.1006350757205665e-05
-0.0003268197361993161
-5.911089399120664e-05
-0.00031851489985344403
5.911089399120664e-05
-0.0003097215437225207
8.891060087933561e-05
-0.00029115779189057157
5.7156814851001466e-05
-0.0003072789447972643
1.612115290669272e-05
-0.00032095749877870055
-2.051783097215437e-05
-0.00023644357596482656
9.770395701025891e-07
-0.0003268197361993161
7.620908646800195e-05
-0.00029995114802149487
-2.1494870542256962e-05
-0.0002677088422081094
2.1006350757205665e-05
-0.00035124572545188083
-6.8392769907181235e-06
-0.0003048363458720078
2.2960429897410846e-05
-0.0003248656570591109
8.304836345872008e-05
-0.00029653150952613585
-4.885197850512946e-07
-0.0002896922325354177
-2.1006350757205665e-05
-0.0003004396678065462
-1.2701514411333658e-05
-0.00029897410845139226
-1.2701514411333658e-05
-0.0003878847093307279
3.957010258915486e-05
-0.0002721055202735711
4.2989741084513923e-05
-0.00025696140693698096
1.5632633121641426e-05
-0.0003082559843673669
-6.399609184171959e-05
-0.00029115779189057157
5.7645334636052756e-05
-0.0003072789447972643
2.68685881778212e-05
-0.0002979970688812897
-5.813385442110405e-05
-0.0002838299951148022
-3.7616023448949685e-05
-0.00033707865168539324
-3.908158280410356e-05
-0.0002506106497313141
8.500244259892525e-05
-0.0002887151929653151
3.61504640937958e-05
-0.00025989252564728873
2.3937469467513433e-05
-0.000315095261358085
-1.4167073766487542e-05
-0.00027796775769418664
9.03761602344895e-05
-0.00031167562286272594
4.2989741084513923e-05
-0.000361504640937958
4.640937957987298e-05
-0.0003146067415730337
3.517342452369321e-05
-0.0003009281875915975
3.0776746458231555e-05
-0.00032046897899364925
3.957010258915486e-05
-0.0003175378602833415
6.692721055202736e-05
-0.00035124572545188083
6.790425012212995e-05
-0.00023888617489008305
5.813385442110405e-05
-0.00026380068392769905
2.8334147532975084e-05
-0.0003072789447972643
-1.0258915486077186e-05
-0.00032046897899364925
3.517342452369321e-05
-0.0003092330239374695
9.184171958964338e-05
-0.0002535417684416219
9.77039570102589e-06
-0.0002887151929653151
-3.8104543234000975e-05
-0.00030776746458231557
-7.327796775769419e-06
-0.0002848070346849048
5.569125549584758e-05
-0.0003771372740595994
5.911089399120664e-05
-0.00028529555446995603
-1.709819247679531e-05
-0.00030385930630190525
2.051783097215437e-05
-0.00029115779189057157
-6.8392769907181235e-06
-0.00029018075232046896
6.25305324865657e-05
-0.00033072789447972646
8.304836345872008e-05
-0.0002799218368343918
1.8563751831949194e-05
-0.00029311187103077673
8.402540302882266e-05
-0.00034831460674157307
-1.3190034196384953e-05
-0.00032046897899364925
-3.4196384953590617e-06
-0.0003263312164142648
5.862237420615535e-05
-0.00028578407425500734
0.00011577918905715682
-0.0002887151929653151
7.669760625305324e-05
-0.00029506595017098194
2.4425989252564726e-06
-0.00033756717147044455
2.5403028822667317e-05
-0.0003248656570591109
0.00010454323400097703
-0.00027503663898387887
0.0
-0.00023986321446018563
9.281875915974596e-05
-0.0003790913531998046
2.0029311187103078e-05
-0.00029457743038593064
6.204201270151441e-05
-0.0003160723009281876
8.744504152418173e-05
-0.0002628236443575965
2.0029311187103078e-05
-0.00027894479726428925
3.663898387884709e-05
-0.00028676111382510994
4.592085979482169e-05
-0.0002667318026380068
-1.6609672691744016e-05
-0.0003136297020029311
6.692721055202736e-05
-0.00031314118221787985
3.468490473864192e-05
-0.0002760136785539815
5.911089399120664e-05
-0.0003404982901807523
2.1983390327308255e-05
-0.0002843185148998534
3.0288226673180262e-05
-0.0003517342452369321
0.00010014655593551538
-0.00024181729360039082
8.793356130923302e-05
-0.0003048363458720078
3.8104543234000975e-05
-0.00034831460674157307
1.5632633121641426e-05
-0.000252076209086468
-1.4655593551538837e-06
-0.0002696629213483146
5.7156814851001466e-05
-0.00026624328285295557
6.936980947728383e-05
-0.00027357107962872496
1.612115290669272e-05
-0.0002882266731802638
3.908158280410356e-05
-0.00023839765510503175
9.428431851489985e-05
-0.0003312164142647777
0.00010405471421592574
-0.00029506595017098194
1.8563751831949194e-05
-0.0003268197361993161
5.3737176355642404e-06
-0.000281875915974597
5.2760136785539814e-05
-0.00029897410845139226
7.23009281875916e-05
-0.00032926233512457255
0.00013092330239374694
-0.00029506595017098194
3.468490473864192e-05
-0.0002896922325354177
0.00010258915486077186
-0.000336590131900342
-3.9081582804103565e-06
-0.0003063019052271617
8.207132388861749e-05
-0.0002804103566194431
6.399609184171959e-05
-0.00027405959941377626
0.00011138251099169516
-0.0003048363458720078
4.2501221299462627e-05
-0.0003419638495359062
3.321934538348803e-05
-0.0002760136785539815
7.816316560820712e-05
-0.00032095749877870055
9.526135808500244e-05
-0.0002936003908158281
3.663898387884709e-05
-0.0002486565705911089
4.836345872007816e-05
-0.0003224230581338544
3.2730825598436736e-05
-0.00027357107962872496
0.00011919882755251587
-0.00030679042501221296
0.00011040547142159257
-0.0002667318026380068
2.442598925256473e-05
-0.0003248656570591109
1.172447484123107e-05
-0.0002784562774792379
4.9829018075232046e-05
-0.0003253541768441622
