7.718612603810454e-05
-0.0003444064484611627
0.00011871030776746458
-0.00033610161211529064
0.00014802149487054225
-0.0003141182217879824
0.00016218856863702978
-0.00024767953102100635
0.00010210063507572057
-0.00025500732779677575
0.0001441133365901319
-0.000298485588666341
9.281875915974596e-05
-0.0002340009770395701
0.0001074743527112848
-0.00036443575964826576
9.281875915974596e-05
-0.0002936003908158281
0.00017586712261846604
-0.0002672203224230582
0.000126038104543234
-0.00034489496824621394
1.612115290669272e-05
-0.0003126526624328285
0.0001162677088422081
-0.00028627259404005864
0.00019394235466536395
-0.0002589154860771861
0.00014704445530043967
-0.00030385930630190525
8.597948216902785e-05
-0.0003146067415730337
4.2501221299462627e-05
-0.00030679042501221296
0.00017733268197361993
-0.0002979970688812897
0.00021836834391792868
-0.0002887151929653151
0.00014704445530043967
-0.00033707865168539324
8.207132388861749e-05
-0.0002896922325354177
9.086468001954079e-05
-0.00027259404005862235
0.00012848070346849048
-0.00030337078651685394
0.00014264777723497802
-0.00033952125061064976
0.00010258915486077186
-0.00026135808500244264
0.00013141182217879825
-0.00032828529555446994
7.816316560820712e-05
-0.0002696629213483146
0.00010942843185148998
-0.0003082559843673669
0.00015192965315095262
-0.0003136297020029311
0.00014264777723497802
-0.00029555446995603325
9.623839765510503e-05
-0.0003341475329750855
9.770395701025892e-05
-0.00032828529555446994
0.00016023448949682462
-0.000336590131900342
0.0002340009770395701
-0.0002808988764044944
0.00013190034196384952
-0.00032193453834880316
0.00011968734733756716
-0.0003693209574987787
0.00012750366389838787
-0.0002936003908158281
0.00012750366389838787
-0.00034684904738641916
0.0002066438690766976
-0.00027357107962872496
7.669760625305324e-05
-0.0003253541768441622
9.965803615046409e-05
-0.0002843185148998534
0.00011480214948705422
-0.00032730825598436733
0.0001875915974596971
-0.0003419638495359062
0.00016756228627259404
-0.00032046897899364925
6.497313141182218e-05
-0.0002721055202735711
0.0001245725451880801
-0.00038446507083536883
0.00011235955056179774
-0.0003277967757694187
0.0001617000488519785
-0.00036492427943331707
0.00015486077186126036
-0.0002872496336101612
0.00014655593551538836
-0.00031118710307767464
0.00013434294088910602
-0.00038153395212506107
8.98876404494382e-05
-0.0002960429897410845
0.00012750366389838787
-0.00029164631167562287
0.00014313629702002932
-0.00029653150952613585
0.00010356619443087445
-0.00024621397166585244
0.00011382510991695163
-0.000340009770395701
3.419638495359062e-05
-0.00027454811919882757
0.00020273571079628726
-0.0003346360527601368
0.00014509037616023448
-0.000281875915974597
9.965803615046409e-05
-0.00027894479726428925
0.00010063507572056669
-0.00027259404005862235
0.00010014655593551538
-0.0003136297020029311
0.0001441133365901319
-0.00031656082071323887
0.00015974596971177332
-0.0002882266731802638
0.00014704445530043967
-0.0002906692721055203
0.00018514899853444065
-0.00029115779189057157
0.00014167073766487544
-0.0003146067415730337
0.00013043478260869564
-0.0003102100635075721
0.00016853932584269662
-0.00023009281875915975
0.0001875915974596971
-0.00027357107962872496
0.00011333659013190034
-0.00028578407425500734
9.721543722520761e-05
-0.0003170493404982902
0.00011773326819736199
-0.0002642892037127504
0.00013238886174890083
-0.0002906692721055203
0.00012066438690766976
-0.00029457743038593064
8.15828041035662e-05
-0.00032095749877870055
9.135319980459208e-05
-0.00026038104543234003
0.0001265266243282853
-0.0003097215437225207
0.00022081094284318514
-0.00023644357596482656
8.402540302882266e-05
-0.0002784562774792379
0.00012359550561797752
-0.0003170493404982902
0.00011871030776746458
-0.0003136297020029311
0.00011968734733756716
-0.0002979970688812897
0.00014948705422569613
-0.00026135808500244264
0.0001074743527112848
-0.0002594040058622374
0.00015486077186126036
-0.00027503663898387887
6.643869076697607e-05
-0.0003419638495359062
0.00016511968734733755
-0.0003517342452369321
0.00016414264777723497
-0.00023790913531998044
0.00013971665852467025
-0.0002677088422081094
0.00016463116756228627
-0.00032926233512457255
0.00014509037616023448
-0.00030532486565705916
0.0001792867611138251
-0.00031656082071323887
0.00021739130434782607
-0.00027259404005862235
0.00010503175378602834
-0.00029311187103077673
0.00014020517830972155
-0.0003419638495359062
9.233023937469467e-05
-0.0002960429897410845
0.00020420127015144114
-0.000331704934049829
0.00017489008304836346
-0.00026868588177821203
0.0001333659013190034
-0.0002506106497313141
7.620908646800195e-05
-0.0002887151929653151
0.00018514899853444065
-0.0002711284807034685
0.0001617000488519785
-0.00032193453834880316
0.00015486077186126036
-0.0002906692721055203
8.402540302882266e-05
-0.00024767953102100635
0.00017293600390815827
-0.00032095749877870055
8.98876404494382e-05
-0.0003253541768441622
0.00016658524670249143
-0.00034587200781631655
0.00015876893014167074
-0.00026380068392769905
0.00011040547142159257
-0.00023155837811431363
9.965803615046409e-05
-0.00029311187103077673
0.00012212994626282364
-0.00032046897899364925
0.00019491939423546653
-0.0003014167073766488
0.00017489008304836346
-0.00029506595017098194
0.0001626770884220811
-0.00025989252564728873
0.00012066438690766976
-0.0003663898387884709
0.00011822178798241328
-0.00032926233512457255
0.00015583781143136297
-0.00035564240351734246
0.00020127015144113337
-0.00027796775769418664
0.00012799218368343918
-0.00031314118221787985
9.477283829995115e-05
-0.00026135808500244264
0.0001700048851978505
-0.0002618466047874939
0.0001875915974596971
-0.0003136297020029311
0.00016414264777723497
-0.0002491450903761602
9.526135808500244e-05
-0.0002716170004885198
0.0001421592574499267
-0.0003238886174890083
0.00010112359550561798
-0.00027357107962872496
0.00012848070346849048
-0.0002799218368343918
0.00019638495359062042
-0.00024621397166585244
0.00017244748412310697
-0.00024132877381533951
0.0001460674157303371
-0.0003082559843673669
0.00013043478260869564
-0.0002994626282364436
0.00011235955056179774
-0.0002755251587689301
0.00017293600390815827
-0.00030532486565705916
0.00010698583292623351
-0.0002423058133854421
9.770395701025892e-05
-0.0002872496336101612
9.184171958964338e-05
-0.00024816805080605766
0.00021983390327308256
-0.00033707865168539324
0.00018417195896433804
-0.0002608695652173913
0.00011040547142159257
-0.00029115779189057157
0.00010698583292623351
-0.00028773815339521255
0.00011968734733756716
-0.00031851489985344403
0.0001612115290669272
-0.00030385930630190525
0.00014655593551538836
-0.00031314118221787985
0.00014069369809477283
-0.00024767953102100635
0.00018124084025403027
-0.00030288226673180264
0.00011138251099169516
-0.0002936003908158281
0.00013678553981436248
-0.0003170493404982902
0.00021299462628236444
-0.0002510991695163654
0.00020322423058133853
-0.00026135808500244264
0.0001270151441133366
-0.00033707865168539324
6.790425012212995e-05
-0.0003009281875915975
0.00014069369809477283
-0.000323400097703957
0.00020127015144113337
-0.00021348314606741572
0.00012994626282364436
-0.00026868588177821203
7.132388861748901e-05
-0.00035564240351734246
0.00012848070346849048
-0.00024767953102100635
0.00021299462628236444
-0.00033365901319003423
0.000197361993160723
-0.00024181729360039082
9.86809965803615e-05
-0.0002872496336101612
0.00015046409379579874
-0.00028138739618954566
0.00012066438690766976
-0.0002530532486565706
0.00016756228627259404
-0.00032046897899364925
0.00010161211529066927
-0.0002432828529555447
0.00017244748412310697
-0.00023790913531998044
0.00014557889594528578
-0.00033707865168539324
0.00010161211529066927
-0.0003160723009281876
0.00020371275036638984
-0.00033365901319003423
0.00017733268197361993
-0.00022911577918905714
0.00014509037616023448
-0.0002784562774792379
0.00016658524670249143
-0.0003170493404982902
2.1494870542256962e-05
-0.00029311187103077673
0.00012994626282364436
-0.00029115779189057157
0.0001436248168050806
-0.00025500732779677575
0.00015828041035661944
-0.0002808988764044944
9.965803615046409e-05
-0.000331704934049829
0.00012945774303859306
-0.0002667318026380068
0.00017342452369320958
-0.00031118710307767464
0.00021006350757205668
-0.00029506595017098194
0.00013092330239374694
-0.00032437713727405957
0.00013678553981436248
-0.00026038104543234003
0.0001172447484123107
-0.00031216414264777725
0.00016902784562774793
-0.00029653150952613585
0.0001607230092818759
-0.00029311187103077673
0.00013043478260869564
-0.00023742061553492917
0.00019687347337567172
-0.0002882266731802638
7.865168539325843e-05
-0.00025500732779677575
0.00012164142647777235
-0.00035368832437713724
0.00015730337078651685
-0.0002623351245725452
0.00010405471421592574
-0.00022667318026380068
0.00010112359550561798
-0.00030190522716170003
0.00010161211529066927
-0.0002716170004885198
0.0001358085002442599
-0.00028773815339521255
0.000197361993160723
-0.00026038104543234003
9.721543722520761e-05
-0.00027259404005862235
0.00017244748412310697
-0.0003409868099658036
5.666829506595017e-05
-0.00026477772349780166
0.00021006350757205668
-0.0003180263800683928
0.00019882755251587688
-0.0002169027845627748
7.425500732779678e-05
-0.0002540302882266732
0.00014069369809477283
-0.0003229115779189057
0.0001802638006839277
-0.00028334147532975087
0.00016511968734733755
-0.00036443575964826576
0.00010893991206643869
-0.0002882266731802638
0.00016365412799218367
-0.00020420127015144114
0.00018661455788959453
-0.00030190522716170003
0.00014948705422569613
-0.00027796775769418664
0.00010503175378602834
-0.00034587200781631655
0.0001338544211040547
-0.00027357107962872496
0.00016853932584269662
-0.0002672203224230582
0.0001172447484123107
-0.0003102100635075721
0.00011235955056179774
-0.00030288226673180264
0.00019101123595505618
-0.00030776746458231557
0.00016218856863702978
-0.00027796775769418664
0.00010942843185148998
-0.0002618466047874939
0.0001543722520762091
-0.00031216414264777725
8.500244259892525e-05
-0.00024035173424523693
0.00013776257938446506
-0.0002594040058622374
0.00016023448949682462
-0.00025842696629213487
0.00015779189057156813
-0.00028676111382510994
8.793356130923302e-05
-0.00029555446995603325
7.962872496336101e-05
-0.00029897410845139226
0.00012750366389838787
-0.0002794333170493405
0.00014851001465559355
-0.0002589154860771861
8.500244259892525e-05
-0.0002540302882266732
0.000180752320468979
-0.00026624328285295557
0.0001695163654127992
-0.00029653150952613585
0.00014118221787982413
-0.000331704934049829
0.00014753297508549097
-0.00024670249145090375
0.00015730337078651685
-0.00028334147532975087
0.00012799218368343918
-0.0002755251587689301
0.00013190034196384952
-0.0003214460185637518
0.00020127015144113337
-0.0002921348314606742
0.0002071323888617489
-0.00031118710307767464
0.00017342452369320958
-0.0002784562774792379
0.00010649731314118222
-0.00029457743038593064
0.0001353199804592086
-0.00029457743038593064
0.00015339521250610648
-0.0003160723009281876
0.0001709819247679531
-0.00022862725940400586
0.00012994626282364436
-0.00025744992672203226
0.00015974596971177332
-0.0002892037127503664
0.00011871030776746458
-0.0002970200293111871
0.00010893991206643869
-0.00032437713727405957
0.00014509037616023448
-0.0002892037127503664
7.18124084025403e-05
-0.00022276502198339033
0.00013971665852467025
-0.0003180263800683928
0.00015486077186126036
-0.00029018075232046896
0.00013092330239374694
-0.00033072789447972646
0.0001700048851978505
-0.00021299462628236444
0.0001524181729360039
-0.0002530532486565706
0.00018172936003908158
-0.00034245236932095753
0.00013092330239374694
-0.00029018075232046896
0.00015681485100146555
-0.0003014167073766488
0.00020762090864680018
-0.00025696140693698096
0.00011871030776746458
-0.00029164631167562287
0.00014997557401074744
-0.00029457743038593064
0.00013727405959941378
-0.00028334147532975087
0.00019931607230092818
-0.00026575476306790426
0.0001626770884220811
-0.00029506595017098194
6.985832926233512e-05
-0.0002510991695163654
0.00010063507572056669
-0.00024132877381533951
0.0001436248168050806
-0.0002896922325354177
0.00015828041035661944
-0.0003048363458720078
0.00020762090864680018
-0.00028138739618954566
0.00017684416218856862
-0.00023742061553492917
4.592085979482169e-05
-0.00032193453834880316
0.0001250610649731314
-0.0002452369320957499
0.00018612603810454323
-0.00031949193942354664
0.0001885686370297997
-0.0002540302882266732
0.00018417195896433804
-0.0002623351245725452
0.00015192965315095262
-0.0002975085490962384
0.00010991695163654128
-0.00028773815339521255
0.00015583781143136297
-0.00030776746458231557
0.00023058133854421102
-0.00020762090864680018
0.00010649731314118222
-0.0002535417684416219
0.00016756228627259404
-0.00029995114802149487
0.00010600879335613092
-0.0002784562774792379
0.00020078163165608207
-0.0002936003908158281
0.00012994626282364436
-0.0002447484123106986
0.0001084513922813874
-0.0003063019052271617
0.0001084513922813874
-0.00030190522716170003
0.00016023448949682462
-0.00028138739618954566
0.00016511968734733755
-0.00032046897899364925
0.00015144113336590132
-0.00027699071812408403
6.25305324865657e-05
-0.00025500732779677575
0.00015974596971177332
-0.00028578407425500734
0.0001704934049829018
-0.0002427943331704934
0.00021983390327308256
-0.00027405959941377626
0.00021201758671226184
-0.00020566682950659502
0.0001695163654127992
-0.0002486565705911089
0.00013922813873961894
-0.0003141182217879824
7.962872496336101e-05
-0.00032730825598436733
0.00011333659013190034
-0.00030337078651685394
0.00018221787982413288
-0.0002696629213483146
0.00012750366389838787
-0.00025647288715192966
0.00020127015144113337
-0.0003126526624328285
0.00011822178798241328
-0.00026868588177821203
0.00024767953102100635
-0.0002784562774792379
0.00021299462628236444
-0.00026575476306790426
0.0001631656082071324
-0.00023644357596482656
0.00011138251099169516
-0.00034245236932095753
0.0001626770884220811
-0.0002921348314606742
0.00018172936003908158
-0.00028529555446995603
0.0001714704445530044
-0.00025744992672203226
8.891060087933561e-05
-0.00023986321446018563
0.00013190034196384952
-0.00027650219833903273
0.00013092330239374694
-0.00024670249145090375
0.0001700048851978505
-0.00029164631167562287
0.00019296531509526135
-0.00024181729360039082
0.0001245725451880801
-0.0002242305813385442
0.00025158768930141673
-0.00033707865168539324
8.255984367366878e-05
-0.0003190034196384954
0.0001983390327308256
-0.00030532486565705916
0.00020127015144113337
-0.0002340009770395701
0.00014313629702002932
-0.00024132877381533951
0.00016414264777723497
-0.00029555446995603325
8.15828041035662e-05
-0.0003082559843673669
0.00019247679531021007
-0.00026526624328285296
0.00020468978993649242
-0.0002892037127503664
0.0001333659013190034
-0.0002672203224230582
0.00015534929164631167
-0.0003087445041524182
0.00016658524670249143
-0.00025696140693698096
0.0001695163654127992
-0.00026868588177821203
0.0002066438690766976
-0.00024572545188080114
0.00014313629702002932
-0.00026917440156326334
0.00015583781143136297
-0.00031118710307767464
8.793356130923302e-05
-0.00025256472887151934
0.00012212994626282364
-0.0003268197361993161
0.0002164142647777235
-0.00024572545188080114
0.00014655593551538836
-0.00027357107962872496
0.00015388373229115778
-0.00028578407425500734
8.109428431851489e-05
-0.0003063019052271617
0.00010893991206643869
-0.0003004396678065462
0.00019638495359062042
-0.00028529555446995603
0.00019052271617000488
-0.00025647288715192966
0.00011187103077674645
-0.0003175378602833415
8.744504152418173e-05
-0.00024719101123595505
0.00011773326819736199
-0.0002896922325354177
0.00018368343917928677
-0.0002906692721055203
1.1235955056179774e-05
-0.0002618466047874939
8.500244259892525e-05
-0.0002926233512457255
0.00011284807034684905
-0.00032046897899364925
0.00015828041035661944
-0.00030434782608695655
0.0001524181729360039
-0.0002423058133854421
0.0001700048851978505
-0.0002164142647777235
7.914020517830972e-05
-0.0003248656570591109
0.0001543722520762091
-0.00034733756717147046
0.00011577918905715682
-0.0002843185148998534
0.0001983390327308256
-0.00024816805080605766
0.00021006350757205668
-0.0002486565705911089
0.00018417195896433804
-0.0003170493404982902
0.00010307767464582315
-0.0003180263800683928
0.00013238886174890083
-0.0002872496336101612
0.00023986321446018563
-0.00024035173424523693
0.00013873961895456767
-0.0002926233512457255
0.0001719589643380557
-0.0003629702002931119
6.399609184171959e-05
-0.00023302393746946751
0.00014802149487054225
-0.0002970200293111871
0.00018808011724474842
-0.0002545188080117245
0.00013238886174890083
-0.0002491450903761602
0.0001631656082071324
-0.0003004396678065462
0.00015974596971177332
-0.0002579384465070835
0.00022765021983390326
-0.0002760136785539815
0.00018221787982413288
-0.00028773815339521255
0.00010161211529066927
-0.0002642892037127504
0.00019687347337567172
-0.0003014167073766488
0.00011968734733756716
-0.00031656082071323887
0.00016560820713238885
-0.0003439179286761114
0.0001709819247679531
-0.0002755251587689301
0.00012164142647777235
-0.0002994626282364436
0.00012164142647777235
-0.000340009770395701
9.623839765510503e-05
-0.00028236443575964826
0.00014313629702002932
-0.000336590131900342
0.00017244748412310697
-0.00026624328285295557
0.00015144113336590132
-0.0002427943331704934
0.00018563751831949193
-0.0003527112848070347
0.00012310698583292622
-0.00024621397166585244
0.00016658524670249143
-0.0003014167073766488
0.00018612603810454323
-0.00027015144113336594
0.00014118221787982413
-0.00032193453834880316
0.00010405471421592574
-0.00030288226673180264
0.00010210063507572057
-0.0003136297020029311
0.0001631656082071324
-0.00027259404005862235
0.00014997557401074744
-0.0003009281875915975
0.00011284807034684905
-0.0002491450903761602
0.00019394235466536395
-0.0002247191011235955
8.451392281387396e-05
-0.00034831460674157307
0.00015779189057156813
-0.0003517342452369321
0.00018514899853444065
-0.00026575476306790426
0.00017733268197361993
-0.0002545188080117245
0.0001348314606741573
-0.0003238886174890083
0.00010552027357107963
-0.0002784562774792379
0.00021397166585246702
-0.0002721055202735711
0.000197361993160723
-0.00024572545188080114
9.233023937469467e-05
-0.00023986321446018563
0.0001167562286272594
-0.00026819736199316073
0.00016707376648754274
-0.00023009281875915975
0.0001871030776746458
-0.0003126526624328285
0.00019296531509526135
-0.000252076209086468
0.0001441133365901319
-0.0002589154860771861
0.00014704445530043967
-0.00032046897899364925
0.0001348314606741573
-0.0002804103566194431
0.00016218856863702978
-0.000281875915974597
0.00017391304347826085
-0.00029408891060087933
0.00010698583292623351
-0.0002794333170493405
0.0001626770884220811
-0.00031949193942354664
0.00012750366389838787
-0.00029408891060087933
0.00011333659013190034
-0.000336590131900342
0.0001529066927210552
-0.00023693209574987786
0.00018172936003908158
-0.0002892037127503664
0.00012115290669272105
-0.0003136297020029311
7.865168539325843e-05
-0.0002994626282364436
0.00016853932584269662
-0.00026380068392769905
0.00019882755251587688
-0.00027796775769418664
0.0001333659013190034
-0.00023009281875915975
0.00018661455788959453
-0.00029653150952613585
0.00010356619443087445
-0.0002506106497313141
0.00012750366389838787
-0.00027699071812408403
0.00014802149487054225
-0.00029506595017098194
0.00010600879335613092
-0.0002540302882266732
0.00015192965315095262
-0.00023888617489008305
0.00013092330239374694
-0.0002442598925256473
0.00018466047874938935
-0.0002667318026380068
0.00019491939423546653
-0.0002882266731802638
9.91695163654128e-05
-0.0002144601856375183
0.00015730337078651685
-0.00025842696629213487
0.0001270151441133366
-0.0002799218368343918
9.721543722520761e-05
-0.0002960429897410845
0.00023058133854421102
-0.0002784562774792379
0.00016560820713238885
-0.00023497801660967267
0.00014069369809477283
-0.00033072789447972646
0.00011773326819736199
-0.000298485588666341
0.00014802149487054225
-0.0002677088422081094
0.00021055202735710795
-0.00023986321446018563
0.00014948705422569613
-0.00027503663898387887
7.865168539325843e-05
-0.00031167562286272594
0.00011919882755251587
-0.00024670249145090375
0.00014313629702002932
-0.0002716170004885198
0.0002501221299462628
-0.0002628236443575965
0.00010503175378602834
-0.0002340009770395701
0.0001358085002442599
-0.0002784562774792379
0.00015876893014167074
-0.000281875915974597
0.00016414264777723497
-0.0003610161211529067
0.00010698583292623351
-0.00027699071812408403
9.623839765510503e-05
-0.00023839765510503175
0.00020468978993649242
-0.0002936003908158281
0.00013190034196384952
-0.0003092330239374695
0.00015730337078651685
-0.0003170493404982902
0.00021104054714215926
-0.0002432828529555447
0.00014118221787982413
-0.0002667318026380068
0.0001709819247679531
-0.00031216414264777725
9.379579872984856e-05
-0.0003087445041524182
0.00021055202735710795
-0.00024670249145090375
0.00018514899853444065
-0.00023155837811431363
0.00012994626282364436
-0.0002672203224230582
0.00013141182217879825
-0.0003141182217879824
0.0001446018563751832
-0.00022618466047874937
0.00022862725940400586
-0.0002696629213483146
0.0001802638006839277
-0.00022862725940400586
0.00014704445530043967
-0.0002432828529555447
0.00013043478260869564
-0.00024670249145090375
0.00016853932584269662
-0.00032730825598436733
0.00016805080605764532
-0.0003170493404982902
0.00016365412799218367
-0.00032046897899364925
0.00013727405959941378
-0.00023790913531998044
0.0001529066927210552
-0.00032095749877870055
0.00015144113336590132
-0.0002594040058622374
0.00018808011724474842
-0.0003321934538348803
0.0001709819247679531
-0.0002716170004885198
0.00015974596971177332
-0.0002716170004885198
0.0001460674157303371
-0.00033072789447972646
0.00014069369809477283
-0.0002799218368343918
0.00019296531509526135
-0.00027454811919882757
0.0002071323888617489
-0.00024719101123595505
8.255984367366878e-05
-0.00024670249145090375
0.00011284807034684905
-0.00025696140693698096
0.00012408402540302883
-0.00022960429897410844
0.0001441133365901319
-0.0003258426966292135
0.00017391304347826085
-0.00024816805080605766
0.00015095261358085002
-0.00027796775769418664
0.0001631656082071324
-0.00031558378114313626
0.00014118221787982413
-0.0002706399609184172
0.00012017586712261847
-0.0002979970688812897
0.0001714704445530044
-0.00026477772349780166
0.00010405471421592574
-0.00022618466047874937
0.00022813873961895456
-0.0003102100635075721
0.00014167073766487544
-0.0002427943331704934
0.00015681485100146555
-0.00031558378114313626
0.00015779189057156813
-0.00029506595017098194
0.0001617000488519785
-0.00024719101123595505
0.0001700048851978505
-0.0003141182217879824
0.00012212994626282364
-0.0003263312164142648
0.00014899853444064485
-0.0002677088422081094
0.00025647288715192966
-0.000252076209086468
9.03761602344895e-05
-0.0002496336101612115
0.00013287738153395213
-0.00030385930630190525
0.00011968734733756716
-0.0002608695652173913
0.00017635564240351735
-0.00030288226673180264
0.00020908646800195407
-0.00026526624328285296
0.00013043478260869564
-0.0002711284807034685
0.00014069369809477283
-0.00026819736199316073
0.000126038104543234
-0.00027650219833903273
0.00015192965315095262
-0.0003253541768441622
0.00013873961895456767
-0.0002491450903761602
0.00012066438690766976
-0.00024719101123595505
0.00017293600390815827
-0.0003302393746946751
0.00014655593551538836
-0.0003277967757694187
0.00013629702002931118
-0.00030679042501221296
0.00015632633121641425
-0.0002672203224230582
0.00019296531509526135
-0.0002423058133854421
0.00013825109916951636
-0.0003175378602833415
7.327796775769418e-05
-0.00029995114802149487
0.00016609672691744016
-0.00026526624328285296
0.00021299462628236444
-0.0002730825598436737
0.0001543722520762091
-0.00023595505617977528
0.00017440156326331216
-0.0003253541768441622
0.0001446018563751832
-0.0002906692721055203
0.0002628236443575965
-0.0002936003908158281
0.00018124084025403027
-0.00024377137274059598
0.00011773326819736199
-0.00031069858329262333
8.011724474841231e-05
-0.0002711284807034685
0.00012896922325354176
-0.0002906692721055203
0.00015876893014167074
-0.0002804103566194431
0.00022276502198339033
-0.00029457743038593064
6.546165119687347e-05
-0.0002633121641426478
0.00017244748412310697
-0.0003248656570591109
0.00011333659013190034
-0.0003014167073766488
0.00014069369809477283
-0.0002540302882266732
0.00018368343917928677
-0.00022813873961895456
0.00020566682950659502
-0.00025598436736687835
9.086468001954079e-05
-0.000281875915974597
4.9829018075232046e-05
-0.00029018075232046896
0.00020224719101123595
-0.0002594040058622374
0.00017733268197361993
-0.00022911577918905714
0.00016560820713238885
-0.0002784562774792379
0.00015046409379579874
-0.00033707865168539324
6.643869076697607e-05
-0.00023693209574987786
0.00024035173424523693
-0.0002804103566194431
0.00019198827552515876
-0.0002432828529555447
0.00017684416218856862
-0.00026917440156326334
8.304836345872008e-05
-0.0002496336101612115
0.00020273571079628726
-0.00026477772349780166
0.0002325354176844162
-0.0002979970688812897
0.00021592574499267218
-0.00031314118221787985
5.7645334636052756e-05
-0.0002545188080117245
0.00016023448949682462
-0.0003009281875915975
0.000126038104543234
-0.0002711284807034685
0.000126038104543234
-0.0003023937469467514
0.00016365412799218367
-0.00026917440156326334
0.00018124084025403027
-0.00023302393746946751
0.0001607230092818759
-0.00027405959941377626
0.00012164142647777235
-0.0002452369320957499
0.00013971665852467025
-0.0003023937469467514
0.00023058133854421102
-0.00022765021983390326
0.00018270639960918416
-0.0002530532486565706
0.00019540791402051784
-0.0003277967757694187
0.0001348314606741573
-0.00021250610649731314
0.00014655593551538836
-0.00031069858329262333
0.00014704445530043967
-0.00025989252564728873
0.0001436248168050806
-0.00026135808500244264
0.00016560820713238885
-0.0002896922325354177
0.0001612115290669272
-0.00022862725940400586
0.00019638495359062042
-0.00027747923790913534
0.00015974596971177332
-0.00027894479726428925
0.0001446018563751832
-0.0002730825598436737
0.0001348314606741573
-0.00025598436736687835
0.00012994626282364436
-0.00032193453834880316
0.00015388373229115778
-0.00030679042501221296
0.00023302393746946751
-0.0002442598925256473
0.0001871030776746458
-0.00026380068392769905
0.00016463116756228627
-0.0002848070346849048
0.00010552027357107963
-0.0002545188080117245
0.0001797752808988764
-0.00025842696629213487
0.0001626770884220811
-0.00028138739618954566
0.00011871030776746458
-0.00025744992672203226
0.0001612115290669272
-0.00027357107962872496
0.00014899853444064485
-0.00025842696629213487
0.0001797752808988764
-0.0003009281875915975
0.00017782120175867123
-0.0002447484123106986
0.00012066438690766976
-0.00021348314606741572
0.0001436248168050806
-0.00027650219833903273
0.00013092330239374694
-0.00030434782608695655
0.00014557889594528578
-0.00026575476306790426
0.00020224719101123595
-0.0002589154860771861
9.770395701025892e-05
-0.00025744992672203226
0.00015534929164631167
-0.0002882266731802638
9.721543722520761e-05
-0.00027894479726428925
0.00016414264777723497
-0.0003414753297508549
0.0001875915974596971
-0.00019345383488031265
0.0001626770884220811
-0.00028334147532975087
0.00015192965315095262
-0.0003224230581338544
0.00010503175378602834
-0.000323400097703957
0.00015095261358085002
-0.0002442598925256473
0.0002081094284318515
-0.0002432828529555447
0.00012261846604787494
-0.0002589154860771861
0.0001270151441133366
-0.0003190034196384954
0.00011138251099169516
-0.00025842696629213487
0.00014313629702002932
-0.00030288226673180264
0.00018661455788959453
-0.00025842696629213487
0.00011431362970200293
-0.0002642892037127504
0.00011333659013190034
-0.000336590131900342
0.00012408402540302883
-0.0002672203224230582
0.00016756228627259404
-0.00027454811919882757
0.0002344894968246214
-0.0002848070346849048
0.0001162677088422081
-0.00020957498778700537
0.00010991695163654128
-0.00028236443575964826
9.965803615046409e-05
-0.00025744992672203226
0.00014020517830972155
-0.00034733756717147046
0.00024719101123595505
-0.0002545188080117245
0.00016853932584269662
-0.0002545188080117245
0.0002237420615534929
-0.0002496336101612115
8.402540302882266e-05
-0.0002628236443575965
0.00013238886174890083
-0.0003409868099658036
0.00024767953102100635
-0.0002642892037127504
0.00015095261358085002
-0.0002794333170493405
0.00017391304347826085
-0.0003341475329750855
0.00016853932584269662
-0.0002804103566194431
0.0002452369320957499
-0.000252076209086468
0.0001983390327308256
-0.00024035173424523693
0.00016902784562774793
-0.00022911577918905714
0.00016707376648754274
-0.0002936003908158281
0.00010210063507572057
-0.00027015144113336594
0.00012896922325354176
-0.00029115779189057157
0.00019394235466536395
-0.00029115779189057157
0.00017244748412310697
-0.00022862725940400586
0.00017635564240351735
-0.0003014167073766488
0.00012017586712261847
-0.00026868588177821203
0.00020127015144113337
-0.0002926233512457255
0.00020029311187103076
-0.00022765021983390326
0.00018124084025403027
-0.00022960429897410844
0.00019003419638495358
-0.0002970200293111871
6.204201270151441e-05
-0.0002808988764044944
0.00018124084025403027
-0.0002794333170493405
0.00020029311187103076
-0.0002887151929653151
0.0001338544211040547
-0.00020908646800195407
0.00011773326819736199
-0.0003082559843673669
5.7156814851001466e-05
-0.00024035173424523693
0.00015339521250610648
-0.0003072789447972643
0.00014509037616023448
-0.0002530532486565706
0.0001172447484123107
-0.0002501221299462628
0.00014557889594528578
-0.0002975085490962384
0.00016511968734733755
-0.0002784562774792379
0.00019296531509526135
-0.0003136297020029311
0.00022227650219833902
-0.0002716170004885198
0.00013922813873961894
-0.0001612115290669272
0.0001875915974596971
-0.00031998045920859794
0.00012994626282364436
-0.00028138739618954566
0.00013238886174890083
-0.00031998045920859794
0.0002408402540302882
-0.00020908646800195407
0.00016707376648754274
-0.00022862725940400586
0.00015095261358085002
-0.0003351245725451881
0.00012115290669272105
-0.00027405959941377626
0.0001446018563751832
-0.00028627259404005864
0.00021983390327308256
-0.0001792867611138251
7.572056668295066e-05
-0.0002936003908158281
0.0001358085002442599
-0.0002730825598436737
0.00015583781143136297
-0.0002677088422081094
0.00020566682950659502
-0.0003023937469467514
0.00021592574499267218
-0.0002579384465070835
0.00010552027357107963
-0.00019491939423546653
0.00013971665852467025
-0.00026575476306790426
0.0002066438690766976
-0.0002906692721055203
0.00016609672691744016
-0.0003082559843673669
0.00016365412799218367
-0.00024719101123595505
0.0001421592574499267
-0.00028529555446995603
0.0002061553492916463
-0.0002579384465070835
0.00016463116756228627
-0.0002486565705911089
0.00019101123595505618
-0.00032730825598436733
0.00018368343917928677
-0.00022081094284318514
0.00019101123595505618
-0.00033072789447972646
0.0001529066927210552
-0.00034684904738641916
6.790425012212995e-05
-0.0002838299951148022
0.00020420127015144114
-0.0002667318026380068
0.00020468978993649242
-0.00024670249145090375
0.00011968734733756716
-0.00024035173424523693
0.00014997557401074744
-0.0002667318026380068
7.18124084025403e-05
-0.00025696140693698096
0.0002149487054225696
-0.0003302393746946751
0.0002423058133854421
-0.00023058133854421102
0.00017782120175867123
-0.0002589154860771861
0.0001446018563751832
-0.00026526624328285296
0.00010014655593551538
-0.0002677088422081094
0.00012066438690766976
-0.0003302393746946751
0.00019003419638495358
-0.00028578407425500734
9.379579872984856e-05
-0.00021787982413287737
0.0001441133365901319
-0.00027894479726428925
9.623839765510503e-05
-0.00027357107962872496
0.00017635564240351735
-0.0003082559843673669
0.00017293600390815827
-0.00021055202735710795
0.00013971665852467025
-0.00022716170004885198
0.0001333659013190034
-0.00028285295554469957
0.00014264777723497802
-0.00028773815339521255
0.00013678553981436248
-0.00027357107962872496
0.0002340009770395701
-0.0002491450903761602
0.00010307767464582315
-0.0003009281875915975
0.0001172447484123107
-0.00030434782608695655
6.839276990718124e-05
-0.00024132877381533951
0.0001617000488519785
-0.00031998045920859794
0.00022960429897410844
-0.0002344894968246214
0.00011333659013190034
-0.00028236443575964826
0.00012359550561797752
-0.0002848070346849048
0.0001617000488519785
-0.00028529555446995603
0.00013922813873961894
-0.000323400097703957
0.00019638495359062042
-0.0002496336101612115
7.914020517830972e-05
-0.00029115779189057157
0.00020175867122618465
-0.0003190034196384954
8.304836345872008e-05
-0.00027503663898387887
0.00010112359550561798
-0.00028773815339521255
0.00018563751831949193
-0.0002169027845627748
0.00015095261358085002
-0.0002633121641426478
0.00014509037616023448
-0.0002618466047874939
0.00011529066927210551
-0.00030190522716170003
9.477283829995115e-05
-0.0002926233512457255
0.00019443087445041523
-0.00027747923790913534
0.00011968734733756716
-0.00022129946262823644
0.00010796287249633609
-0.00031656082071323887
0.00011089399120664386
-0.00024132877381533951
0.0001714704445530044
-0.00027894479726428925
0.00023839765510503175
-0.00026575476306790426
0.00016658524670249143
-0.000298485588666341
0.00011138251099169516
-0.0002247191011235955
0.00011187103077674645
-0.0003063019052271617
0.00020468978993649242
-0.0003390327308255984
0.00017244748412310697
-0.00031314118221787985
0.0001265266243282853
-0.00027259404005862235
0.00015876893014167074
-0.0002696629213483146
0.00016023448949682462
-0.0003023937469467514
0.00017733268197361993
-0.0003312164142647777
0.00018612603810454323
-0.00021104054714215926
0.0001460674157303371
-0.00028773815339521255
0.00015876893014167074
-0.0003126526624328285
0.00013678553981436248
-0.0002721055202735711
0.0001460674157303371
-0.0003146067415730337
0.00017586712261846604
-0.00023742061553492917
0.0001617000488519785
-0.00029506595017098194
0.00018514899853444065
-0.00028578407425500734
0.00012017586712261847
-0.0002960429897410845
0.00016658524670249143
-0.00029457743038593064
0.000180752320468979
-0.0002589154860771861
0.0001626770884220811
-0.0002256961406936981
9.770395701025892e-05
-0.00028138739618954566
0.00012408402540302883
-0.0002970200293111871
0.00018563751831949193
-0.00032193453834880316
0.000189057156814851
-0.0002706399609184172
9.721543722520761e-05
-0.00023790913531998044
0.00015681485100146555
-0.0003009281875915975
0.00010307767464582315
-0.0003160723009281876
0.0001631656082071324
-0.00031851489985344403
0.00015632633121641425
-0.0002535417684416219
9.379579872984856e-05
-0.00023839765510503175
0.0001172447484123107
-0.00029653150952613585
0.00011919882755251587
-0.00027747923790913534
0.00011089399120664386
-0.00027259404005862235
0.0002408402540302882
-0.0002677088422081094
0.00010063507572056669
-0.0002510991695163654
0.0001626770884220811
-0.0003063019052271617
0.00013190034196384952
-0.00026917440156326334
0.00019052271617000488
-0.00032193453834880316
0.00021836834391792868
-0.000281875915974597
0.000180752320468979
-0.0002510991695163654
0.00016463116756228627
-0.0002335124572545188
0.0001875915974596971
-0.0002642892037127504
0.00016756228627259404
-0.00028627259404005864
0.00021836834391792868
-0.0002491450903761602
9.184171958964338e-05
-0.00026380068392769905
0.0001802638006839277
-0.0003004396678065462
0.00017244748412310697
-0.00027796775769418664
0.00015192965315095262
-0.00032926233512457255
0.00015388373229115778
-0.0002242305813385442
0.00017782120175867123
-0.0003214460185637518
0.0001631656082071324
-0.00029164631167562287
0.0001265266243282853
-0.00030288226673180264
0.00011529066927210551
-0.0003009281875915975
0.00020957498778700537
-0.0002711284807034685
0.00015486077186126036
-0.0002340009770395701
0.00013776257938446506
-0.0003268197361993161
8.891060087933561e-05
-0.0002628236443575965
0.0001607230092818759
-0.0002755251587689301
0.00022032242305813384
-0.00027405959941377626
8.597948216902785e-05
-0.0002628236443575965
0.0001524181729360039
-0.0002706399609184172
0.00017733268197361993
-0.00024621397166585244
0.0001714704445530044
-0.0003175378602833415
0.00011382510991695163
-0.000252076209086468
7.474352711284807e-05
-0.0002442598925256473
0.00010210063507572057
-0.0002896922325354177
0.00011187103077674645
-0.00024767953102100635
0.00011968734733756716
-0.0003414753297508549
0.00015095261358085002
-0.0002628236443575965
0.00015730337078651685
-0.00026526624328285296
0.00015779189057156813
-0.00033365901319003423
0.00010258915486077186
-0.00029408891060087933
9.233023937469467e-05
-0.00034587200781631655
0.0001885686370297997
-0.00024572545188080114
0.00010942843185148998
-0.00024181729360039082
0.00010552027357107963
-0.0003190034196384954
0.0001084513922813874
-0.00023937469467513433
0.0001695163654127992
-0.0003136297020029311
0.00018221787982413288
-0.0002501221299462628
9.86809965803615e-05
-0.00027405959941377626
0.00011968734733756716
-0.0003419638495359062
0.00014118221787982413
-0.00025842696629213487
0.0001607230092818759
-0.0002838299951148022
0.0002085979482169028
-0.0002344894968246214
0.00011138251099169516
-0.00021006350757205668
0.00014167073766487544
-0.00026526624328285296
9.135319980459208e-05
-0.0002872496336101612
0.0001875915974596971
-0.0002906692721055203
0.00013287738153395213
-0.00023839765510503175
0.00016511968734733755
-0.00024377137274059598
0.00012359550561797752
-0.00026624328285295557
0.00015095261358085002
-0.0002872496336101612
0.0002237420615534929
-0.0002892037127503664
0.0001704934049829018
-0.00026038104543234003
0.0001631656082071324
-0.00026038104543234003
7.327796775769418e-05
-0.00029408891060087933
5.666829506595017e-05
-0.00022129946262823644
0.00019394235466536395
-0.00029995114802149487
0.00018808011724474842
-0.00024181729360039082
0.00014313629702002932
-0.00026135808500244264
9.91695163654128e-05
-0.00031998045920859794
0.00012261846604787494
-0.0002252076209086468
0.0001617000488519785
-0.000298485588666341
0.00015876893014167074
-0.0002760136785539815
0.0001245725451880801
-0.00024816805080605766
0.00017391304347826085
-0.00028773815339521255
0.0001333659013190034
-0.00030679042501221296
9.477283829995115e-05
-0.0003390327308255984
0.0001338544211040547
-0.00022765021983390326
0.0001358085002442599
-0.00026135808500244264
0.00017684416218856862
-0.0003263312164142648
0.00012359550561797752
-0.00031851489985344403
0.0001436248168050806
-0.0002843185148998534
0.0002335124572545188
-0.00025989252564728873
0.00014851001465559355
-0.0002892037127503664
0.00013043478260869564
-0.0003136297020029311
0.00015486077186126036
-0.0003082559843673669
0.00016902784562774793
-0.0003414753297508549
0.00018368343917928677
-0.0002667318026380068
0.00010649731314118222
-0.0002882266731802638
0.00014069369809477283
-0.00033854421104054716
0.00015876893014167074
-0.0002491450903761602
0.0001421592574499267
-0.0003126526624328285
0.00017537860283341474
-0.00032975085490962385
8.891060087933561e-05
-0.0002706399609184172
0.00015192965315095262
-0.00030288226673180264
7.23009281875916e-05
-0.00025647288715192966
9.770395701025892e-05
-0.0003263312164142648
0.00015534929164631167
-0.00021055202735710795
0.00013092330239374694
-0.0002442598925256473
0.00015388373229115778
-0.00031949193942354664
0.00014557889594528578
-0.00025647288715192966
0.00016609672691744016
-0.0002706399609184172
0.0002169027845627748
-0.00023497801660967267
0.0001074743527112848
-0.00026868588177821203
0.00013922813873961894
-0.0002960429897410845
8.695652173913043e-05
-0.00027699071812408403
0.00016463116756228627
-0.0003175378602833415
0.0001998045920859795
-0.0002486565705911089
0.0001421592574499267
-0.0002491450903761602
0.00015534929164631167
-0.0003063019052271617
9.91695163654128e-05
-0.00031949193942354664
0.00016853932584269662
-0.0002843185148998534
0.00016756228627259404
-0.00023644357596482656
0.00011871030776746458
-0.0002452369320957499
0.00020517830972154372
-0.000315095261358085
0.00011577918905715682
-0.00028138739618954566
0.00016658524670249143
-0.00032437713727405957
0.00020468978993649242
-0.00023497801660967267
0.00013629702002931118
-0.0002423058133854421
0.00012115290669272105
-0.00034831460674157307
0.00013092330239374694
-0.00025842696629213487
0.00015192965315095262
-0.00027796775769418664
0.00022911577918905714
-0.00027796775769418664
0.00014948705422569613
-0.00025842696629213487
0.00013141182217879825
-0.0003346360527601368
8.109428431851489e-05
-0.0002491450903761602
0.00021299462628236444
-0.0002794333170493405
0.0001700048851978505
-0.0002594040058622374
0.00017537860283341474
-0.0002594040058622374
0.00012066438690766976
-0.00025256472887151934
0.0001714704445530044
-0.00023058133854421102
0.00015095261358085002
-0.0002936003908158281
0.000197361993160723
-0.0002721055202735711
0.00011187103077674645
-0.00021299462628236444
0.00014851001465559355
-0.00028334147532975087
0.0001162677088422081
-0.00030288226673180264
0.00015876893014167074
-0.00031118710307767464
0.00016609672691744016
-0.0002423058133854421
0.0001358085002442599
-0.00025842696629213487
3.370786516853932e-05
-0.00029897410845139226
8.646800195407914e-05
-0.000315095261358085
0.00015876893014167074
-0.00028676111382510994
0.0002496336101612115
-0.00023790913531998044
0.00010649731314118222
-0.0002535417684416219
0.00012310698583292622
-0.0003268197361993161
4.0058622374206156e-05
-0.00027503663898387887
0.0001802638006839277
-0.0003414753297508549
0.0001797752808988764
-0.0002325354176844162
0.00011040547142159257
-0.00027650219833903273
0.00015876893014167074
-0.00029311187103077673
0.00015632633121641425
-0.0002633121641426478
0.0001792867611138251
-0.00032193453834880316
0.00019491939423546653
-0.00029018075232046896
0.0001353199804592086
-0.00023106985832926233
0.00017782120175867123
-0.00033805569125549585
0.00014069369809477283
-0.00027454811919882757
0.00020420127015144114
-0.00032193453834880316
0.0001958964338055691
-0.00022081094284318514
0.00017293600390815827
-0.00025256472887151934
0.00011089399120664386
-0.00029555446995603325
0.00010258915486077186
-0.0002623351245725452
0.00016756228627259404
-0.00026477772349780166
0.0002247191011235955
-0.0002320468978993649
0.00015779189057156813
-0.0002921348314606742
0.0001270151441133366
-0.0003092330239374695
0.00015046409379579874
-0.00023644357596482656
0.0001885686370297997
-0.00028529555446995603
0.00023595505617977528
-0.00026868588177821203
0.00013825109916951636
-0.00026624328285295557
9.965803615046409e-05
-0.00024816805080605766
0.0001875915974596971
-0.00023839765510503175
0.00014313629702002932
-0.0003058133854421104
0.00017391304347826085
-0.00025842696629213487
0.00018172936003908158
-0.0002554958475818271
0.00018124084025403027
-0.0003023937469467514
0.00010063507572056669
-0.0002804103566194431
0.00015779189057156813
-0.0003092330239374695
0.00016023448949682462
-0.00024035173424523693
0.00015339521250610648
-0.00027357107962872496
0.0001084513922813874
-0.0002960429897410845
0.0001358085002442599
-0.0002896922325354177
0.00015974596971177332
-0.00029164631167562287
0.00018124084025403027
-0.0002642892037127504
0.00016707376648754274
-0.0002501221299462628
0.0001255495847581827
-0.00031314118221787985
8.011724474841231e-05
-0.0002970200293111871
0.00014753297508549097
-0.0002994626282364436
0.0001695163654127992
-0.0002672203224230582
0.00022667318026380068
-0.00027650219833903273
0.00017440156326331216
-0.00027699071812408403
0.00015828041035661944
-0.0002618466047874939
0.00012115290669272105
-0.00031558378114313626
0.0001626770884220811
-0.0002696629213483146
0.00013043478260869564
-0.0002061553492916463
0.0001172447484123107
-0.0003214460185637518
0.00010552027357107963
-0.00023742061553492917
0.0001626770884220811
-0.0003248656570591109
0.00014753297508549097
-0.00025989252564728873
0.00015046409379579874
-0.0002784562774792379
0.00010698583292623351
-0.0003434294088910601
0.0001709819247679531
-0.00027796775769418664
0.00017244748412310697
-0.00027650219833903273
0.00021104054714215926
-0.00021299462628236444
0.0001270151441133366
-0.00031216414264777725
0.00014118221787982413
-0.00031656082071323887
0.00012945774303859306
-0.0002696629213483146
0.00020566682950659502
-0.00028529555446995603
0.00020420127015144114
-0.0002501221299462628
0.00010552027357107963
-0.00024572545188080114
0.00012994626282364436
-0.00026819736199316073
0.00014020517830972155
-0.00024181729360039082
0.00016609672691744016
-0.00031851489985344403
0.00015534929164631167
-0.0002882266731802638
0.00011187103077674645
-0.00021104054714215926
0.0001885686370297997
-0.0002618466047874939
0.0001250610649731314
-0.00027503663898387887
9.623839765510503e-05
-0.0003160723009281876
0.00021055202735710795
-0.0002618466047874939
0.00017635564240351735
-0.0002623351245725452
0.00014167073766487544
-0.00025989252564728873
9.03761602344895e-05
-0.00029311187103077673
0.00015828041035661944
-0.00028676111382510994
0.00018661455788959453
-0.0002530532486565706
7.865168539325843e-05
-0.0003023937469467514
0.00010649731314118222
-0.0003087445041524182
0.0001348314606741573
-0.0002506106497313141
0.00019491939423546653
-0.00030337078651685394
0.0001626770884220811
-0.00027454811919882757
0.0001255495847581827
-0.00026819736199316073
0.00012799218368343918
-0.00026868588177821203
0.00013190034196384952
-0.00025598436736687835
0.00017733268197361993
-0.00030337078651685394
0.00012994626282364436
-0.00025989252564728873
0.00012799218368343918
-0.0002447484123106986
0.0001265266243282853
-0.00026868588177821203
0.00013434294088910602
-0.00027503663898387887
0.0001983390327308256
-0.00026917440156326334
0.00013727405959941378
-0.00026135808500244264
0.0001612115290669272
-0.0002794333170493405
0.0001338544211040547
-0.0003136297020029311
9.477283829995115e-05
-0.0002979970688812897
0.00017586712261846604
-0.00032975085490962385
0.00024181729360039082
-0.0002633121641426478
0.00014020517830972155
-0.0002667318026380068
0.00012896922325354176
-0.00035906204201270153
0.00010405471421592574
-0.00026477772349780166
0.0002545188080117245
-0.00032437713727405957
0.00022862725940400586
-0.0002554958475818271
0.00016805080605764532
-0.0002594040058622374
8.500244259892525e-05
-0.00029018075232046896
0.00014167073766487544
-0.0002633121641426478
0.00014899853444064485
-0.0002979970688812897
0.00022667318026380068
-0.0002589154860771861
0.00016658524670249143
-0.000252076209086468
0.0001162677088422081
-0.0003248656570591109
0.00013922813873961894
-0.0002633121641426478
0.00010893991206643869
-0.000298485588666341
0.0001524181729360039
-0.00023595505617977528
0.00016756228627259404
-0.00023742061553492917
0.00021055202735710795
-0.00032730825598436733
0.00011431362970200293
-0.0003321934538348803
0.00016707376648754274
-0.00029457743038593064
0.0002486565705911089
-0.0002442598925256473
0.0001626770884220811
-0.0002506106497313141
0.0001265266243282853
-0.0002730825598436737
9.233023937469467e-05
-0.0002320468978993649
0.00018417195896433804
-0.00030532486565705916
0.000180752320468979
-0.0002755251587689301
0.00013873961895456767
-0.0003048363458720078
0.00020468978993649242
-0.00023595505617977528
0.0001162677088422081
-0.0002545188080117245
0.00018417195896433804
-0.0002921348314606742
0.00015095261358085002
-0.0002843185148998534
0.0001172447484123107
-0.00025256472887151934
0.00017391304347826085
-0.00031118710307767464
0.00010161211529066927
-0.00027650219833903273
0.00018808011724474842
-0.0003414753297508549
0.00018270639960918416
-0.00023302393746946751
0.00016805080605764532
-0.0002427943331704934
0.00019931607230092818
-0.0003277967757694187
0.00014557889594528578
-0.0002808988764044944
0.0001626770884220811
-0.0002848070346849048
0.0001885686370297997
-0.0003082559843673669
0.0001704934049829018
-0.00031558378114313626
0.00018466047874938935
-0.0003629702002931119
0.0001255495847581827
-0.00024377137274059598
0.0002085979482169028
-0.0002325354176844162
0.0002252076209086468
-0.0002442598925256473
0.00011235955056179774
-0.00022227650219833902
0.00013629702002931118
-0.0002628236443575965
0.000126038104543234
-0.0002335124572545188
0.000180752320468979
-0.0003102100635075721
0.00017489008304836346
-0.00021885686370297995
0.0001338544211040547
-0.00022032242305813384
0.00013141182217879825
-0.00027454811919882757
0.00010014655593551538
-0.0002936003908158281
0.00012994626282364436
-0.0003004396678065462
0.00015730337078651685
-0.0002452369320957499
0.00017782120175867123
-0.0003136297020029311
0.00016365412799218367
-0.0003009281875915975
8.451392281387396e-05
-0.0002994626282364436
0.00018661455788959453
-0.00026819736199316073
0.0001787982413287738
-0.0002711284807034685
0.00013727405959941378
-0.0002579384465070835
0.00014655593551538836
-0.0003356130923302394
7.865168539325843e-05
-0.00024181729360039082
0.00016511968734733755
-0.00027357107962872496
0.00020224719101123595
-0.0002252076209086468
0.0001162677088422081
-0.00027650219833903273
0.00013141182217879825
-0.00027454811919882757
0.00017733268197361993
-0.0002579384465070835
0.00015192965315095262
-0.0003312164142647777
0.0002071323888617489
-0.00021934538348803126
0.0001255495847581827
-0.00025598436736687835
0.00017635564240351735
-0.00028627259404005864
0.0001084513922813874
-0.0003048363458720078
0.00014899853444064485
-0.0003575964826575476
0.00018466047874938935
-0.00027699071812408403
0.00012848070346849048
-0.00029311187103077673
0.00016609672691744016
-0.0003238886174890083
9.03761602344895e-05
-0.00029897410845139226
0.00014655593551538836
-0.00029408891060087933
0.00019931607230092818
-0.00029311187103077673
0.00011089399120664386
-0.00026819736199316073
0.0001074743527112848
-0.00032193453834880316
6.595017098192476e-05
-0.0002589154860771861
0.00020762090864680018
-0.00028236443575964826
0.00015632633121641425
-0.00027747923790913534
0.00015730337078651685
-0.00023155837811431363
0.00014948705422569613
-0.0003063019052271617
9.477283829995115e-05
-0.00028285295554469957
0.00015583781143136297
-0.00036003908158280414
0.00016902784562774793
-0.0002760136785539815
0.0001172447484123107
-0.0002232535417684416
0.0001446018563751832
-0.0003575964826575476
0.00014997557401074744
-0.0002730825598436737
0.00016511968734733755
-0.0003175378602833415
0.00019101123595505618
-0.00022911577918905714
0.00012066438690766976
-0.0002887151929653151
0.00016511968734733755
-0.0003082559843673669
0.0001270151441133366
-0.00033610161211529064
0.0001460674157303371
-0.0002804103566194431
0.00023839765510503175
-0.00024816805080605766
0.0001358085002442599
-0.0002335124572545188
0.00012848070346849048
-0.0003238886174890083
0.00015828041035661944
-0.0003058133854421104
0.00013922813873961894
-0.0002799218368343918
0.0001983390327308256
-0.00023644357596482656
0.0001084513922813874
-0.0002628236443575965
0.00012261846604787494
-0.0002672203224230582
0.00015192965315095262
-0.00022911577918905714
0.00020078163165608207
-0.00031216414264777725
0.00016511968734733755
-0.0002554958475818271
0.0001172447484123107
-0.0002247191011235955
0.00018221787982413288
-0.00024670249145090375
0.00012310698583292622
-0.0002921348314606742
0.0001709819247679531
-0.00028236443575964826
0.0001617000488519785
-0.0002530532486565706
0.00020127015144113337
-0.00023790913531998044
0.00011529066927210551
-0.0003004396678065462
0.00010649731314118222
-0.00028285295554469957
0.00020175867122618465
-0.0002256961406936981
0.00019540791402051784
-0.00023790913531998044
0.0001172447484123107
-0.0002623351245725452
0.00016805080605764532
-0.00029995114802149487
8.549096238397654e-05
-0.00024132877381533951
0.0001983390327308256
-0.00028773815339521255
0.00021201758671226184
-0.000281875915974597
0.00013287738153395213
-0.00027259404005862235
0.00013971665852467025
-0.00021983390327308256
0.0001714704445530044
-0.0002423058133854421
0.0001700048851978505
-0.0003004396678065462
0.00013141182217879825
-0.00024621397166585244
0.0001162677088422081
-0.00020175867122618465
0.00015730337078651685
-0.00027405959941377626
0.00011284807034684905
-0.0003004396678065462
0.00018221787982413288
-0.00028334147532975087
0.00017293600390815827
-0.00026038104543234003
0.00023937469467513433
-0.00031118710307767464
0.00016218856863702978
-0.0003302393746946751
3.7616023448949685e-05
-0.0003321934538348803
0.00020420127015144114
-0.0003175378602833415
0.00022032242305813384
-0.00024670249145090375
0.0001529066927210552
-0.0002848070346849048
0.00013629702002931118
-0.00027259404005862235
0.00011968734733756716
-0.00030434782608695655
0.00020078163165608207
-0.00030337078651685394
0.0002154372252076209
-0.0002799218368343918
0.00011187103077674645
-0.00027357107962872496
5.080605764533463e-05
-0.0003048363458720078
0.00014167073766487544
-0.00024816805080605766
0.00015144113336590132
-0.0003214460185637518
0.00019882755251587688
-0.0002423058133854421
0.00012945774303859306
-0.0002423058133854421
0.00015583781143136297
-0.00026624328285295557
0.0001631656082071324
-0.0003175378602833415
0.0001871030776746458
-0.0003160723009281876
0.00013873961895456767
-0.00018124084025403027
0.00016560820713238885
-0.00022032242305813384
0.00012750366389838787
-0.0003072789447972643
0.0001524181729360039
-0.00023302393746946751
0.00012017586712261847
-0.00032828529555446994
0.00022227650219833902
-0.00027503663898387887
0.00016707376648754274
-0.0002432828529555447
0.0001353199804592086
-0.00031656082071323887
0.00013922813873961894
-0.00023546653639472398
0.00015876893014167074
-0.00025744992672203226
0.00020175867122618465
-0.0002144601856375183
0.0001162677088422081
-0.0002784562774792379
0.00017635564240351735
-0.0002838299951148022
0.00011480214948705422
-0.0002799218368343918
0.00020029311187103076
-0.0002936003908158281
0.000197361993160723
-0.00025158768930141673
9.770395701025892e-05
-0.0002169027845627748
0.0001617000488519785
-0.0002808988764044944
0.00010112359550561798
-0.0002906692721055203
0.00016609672691744016
-0.00035613092330239376
0.00018466047874938935
-0.00023595505617977528
0.00019882755251587688
-0.0002554958475818271
0.00013727405959941378
-0.00029018075232046896
0.00011089399120664386
-0.0002970200293111871
0.00014118221787982413
-0.00028529555446995603
0.00016902784562774793
-0.00024816805080605766
0.0001704934049829018
-0.00027454811919882757
0.00014948705422569613
-0.00029506595017098194
8.891060087933561e-05
-0.0002667318026380068
0.000189057156814851
-0.00026380068392769905
0.00017635564240351735
-0.000281875915974597
6.25305324865657e-05
-0.0002506106497313141
0.0001167562286272594
-0.0002808988764044944
0.0001353199804592086
-0.00029897410845139226
0.00015828041035661944
-0.0003160723009281876
0.00016707376648754274
-0.00030532486565705916
0.00013922813873961894
-0.00022032242305813384
0.00021006350757205668
-0.00032046897899364925
0.00012359550561797752
-0.0003404982901807523
0.0001626770884220811
-0.00033072789447972646
0.000180752320468979
-0.0002232535417684416
0.00015486077186126036
-0.0002892037127503664
0.00015974596971177332
-0.00030679042501221296
6.985832926233512e-05
-0.0002936003908158281
0.00013922813873961894
-0.0003453834880312653
0.0001704934049829018
-0.00023986321446018563
0.00012945774303859306
-0.0002540302882266732
0.00015388373229115778
-0.00031558378114313626
0.00016414264777723497
-0.0002628236443575965
0.00018124084025403027
-0.0003453834880312653
0.0001695163654127992
-0.0003087445041524182
0.00015339521250610648
-0.00026624328285295557
0.00014753297508549097
-0.0002887151929653151
0.0001460674157303371
-0.0002784562774792379
0.00016902784562774793
-0.0003580850024425989
0.0001885686370297997
-0.0002545188080117245
9.428431851489985e-05
-0.00025598436736687835
0.00013678553981436248
-0.0003175378602833415
0.00016463116756228627
-0.0002872496336101612
0.0002149487054225696
-0.00030776746458231557
0.00016609672691744016
-0.0002896922325354177
0.00021348314606741572
-0.0002506106497313141
0.00015681485100146555
-0.0002892037127503664
7.474352711284807e-05
-0.00024767953102100635
0.00014802149487054225
-0.00022813873961895456
0.00020371275036638984
-0.00027747923790913534
0.00014118221787982413
-0.00022765021983390326
9.672691744015632e-05
-0.000331704934049829
0.00014020517830972155
-0.0002545188080117245
0.00019247679531021007
-0.0002623351245725452
0.0001695163654127992
-0.00031069858329262333
0.00012310698583292622
-0.00027894479726428925
0.0001245725451880801
-0.00025696140693698096
9.477283829995115e-05
-0.0002618466047874939
0.0001797752808988764
-0.0003190034196384954
0.00014948705422569613
-0.0002882266731802638
0.00014655593551538836
-0.00025500732779677575
0.0002085979482169028
-0.00028138739618954566
0.00010454323400097703
-0.000281875915974597
0.0001787982413287738
-0.00031216414264777725
0.0001792867611138251
-0.0002554958475818271
0.00021592574499267218
-0.0002344894968246214
0.0001338544211040547
-0.00032437713727405957
8.15828041035662e-05
-0.00027357107962872496
0.00015095261358085002
-0.000298485588666341
0.00023106985832926233
-0.00023937469467513433
0.00011968734733756716
-0.00022081094284318514
0.0001524181729360039
-0.00029897410845139226
0.00014851001465559355
-0.00022129946262823644
0.00023302393746946751
-0.0002936003908158281
0.00018221787982413288
-0.00022862725940400586
0.00013971665852467025
-0.0002554958475818271
0.00011822178798241328
-0.00027357107962872496
0.00014753297508549097
-0.00026135808500244264
0.0001626770884220811
-0.00028773815339521255
0.00013971665852467025
-0.0002896922325354177
0.0001167562286272594
-0.0002164142647777235
0.00014655593551538836
-0.0002975085490962384
0.0001441133365901319
-0.00023790913531998044
0.00013971665852467025
-0.0003014167073766488
0.0001871030776746458
-0.00022813873961895456
0.00016023448949682462
-0.0002696629213483146
0.00014264777723497802
-0.0003146067415730337
4.885197850512946e-05
-0.0002979970688812897
0.0001441133365901319
-0.0002960429897410845
0.00020957498778700537
-0.00024377137274059598
0.00015046409379579874
-0.00023155837811431363
0.00015925744992672202
-0.00030679042501221296
0.00012848070346849048
-0.0002247191011235955
0.0002545188080117245
-0.0002252076209086468
0.00019052271617000488
-0.0002427943331704934
0.00016805080605764532
-0.0003063019052271617
0.00011284807034684905
-0.00024816805080605766
0.00013434294088910602
-0.0002554958475818271
0.00018808011724474842
-0.00028236443575964826
0.00016609672691744016
-0.00031069858329262333
0.00010063507572056669
-0.0002144601856375183
0.00022081094284318514
-0.0003023937469467514
0.0001265266243282853
-0.00030288226673180264
9.721543722520761e-05
-0.0003492916463116756
0.00018172936003908158
-0.00022032242305813384
0.00016805080605764532
-0.00027650219833903273
0.00010405471421592574
-0.0002799218368343918
0.00012164142647777235
-0.0003063019052271617
0.00012212994626282364
-0.00025696140693698096
0.00019540791402051784
-0.0002256961406936981
0.00013922813873961894
-0.0002540302882266732
0.00010698583292623351
-0.00031558378114313626
6.741573033707865e-05
-0.0002760136785539815
0.00019345383488031265
-0.0002799218368343918
0.0001695163654127992
-0.00022276502198339033
0.0001714704445530044
-0.0002149487054225696
0.00012017586712261847
-0.0002642892037127504
0.0001353199804592086
-0.00023155837811431363
0.00012750366389838787
-0.00027796775769418664
0.0001998045920859795
-0.00028285295554469957
0.00010893991206643869
-0.00020566682950659502
0.0001626770884220811
-0.00028627259404005864
9.03761602344895e-05
-0.00029408891060087933
0.00022129946262823644
-0.0003009281875915975
0.0002169027845627748
-0.0002594040058622374
0.0001245725451880801
-0.0002979970688812897
0.0001885686370297997
-0.00029164631167562287
9.86809965803615e-05
-0.0002808988764044944
0.00017537860283341474
-0.00025989252564728873
0.00016560820713238885
-0.00026868588177821203
9.03761602344895e-05
-0.00025158768930141673
0.0001167562286272594
-0.00030679042501221296
0.00010552027357107963
-0.00026917440156326334
0.0001709819247679531
-0.00031118710307767464
0.00015779189057156813
-0.00029457743038593064
0.00013727405959941378
-0.00022129946262823644
0.00017342452369320958
-0.0002530532486565706
0.00015925744992672202
-0.0002672203224230582
0.0002061553492916463
-0.0003263312164142648
0.00012408402540302883
-0.0002926233512457255
0.00016365412799218367
-0.0002169027845627748
0.00020175867122618465
-0.0002936003908158281
0.00011822178798241328
-0.0002696629213483146
0.00017537860283341474
-0.00033072789447972646
0.00020078163165608207
-0.00021397166585246702
0.00013043478260869564
-0.0002921348314606742
0.00011138251099169516
-0.0002667318026380068
0.00012212994626282364
-0.00029408891060087933
8.93991206643869e-05
-0.0003072789447972643
0.0002432828529555447
-0.0002628236443575965
0.00011187103077674645
-0.00026917440156326334
0.0001245725451880801
-0.0003214460185637518
0.00011333659013190034
-0.00027503663898387887
0.000189057156814851
-0.0003170493404982902
0.00020762090864680018
-0.00028138739618954566
0.00015632633121641425
-0.00028285295554469957
0.00013825109916951636
-0.00025647288715192966
0.00015730337078651685
-0.0002535417684416219
0.00017537860283341474
-0.0003082559843673669
0.0001871030776746458
-0.00023644357596482656
0.00011382510991695163
-0.0002623351245725452
0.00015828041035661944
-0.0003268197361993161
0.00017440156326331216
-0.00025598436736687835
0.0001700048851978505
-0.00025598436736687835
0.00019296531509526135
-0.00020566682950659502
0.00015046409379579874
-0.00022618466047874937
0.00012994626282364436
-0.00026575476306790426
0.000189057156814851
-0.00026624328285295557
0.0002071323888617489
-0.0002755251587689301
0.00016805080605764532
-0.0002335124572545188
0.00012994626282364436
-0.0002408402540302882
0.0001265266243282853
-0.0003175378602833415
0.0001333659013190034
-0.00026624328285295557
0.00019052271617000488
-0.0002921348314606742
0.0001704934049829018
-0.0002486565705911089
0.00010014655593551538
-0.0002921348314606742
7.132388861748901e-05
-0.00030385930630190525
0.00012017586712261847
-0.00026624328285295557
0.0002154372252076209
-0.0003063019052271617
0.00016414264777723497
-0.00031216414264777725
6.35075720566683e-05
-0.00021739130434782607
0.00015681485100146555
-0.00030288226673180264
0.00011040547142159257
-0.00027699071812408403
0.0001524181729360039
-0.0003429408891060088
0.0001172447484123107
-0.00029506595017098194
0.00013873961895456767
-0.0002730825598436737
0.00011382510991695163
-0.0002843185148998534
0.00012359550561797752
-0.0002906692721055203
0.00013238886174890083
-0.0002926233512457255
0.0001978505129457743
-0.00031069858329262333
6.399609184171959e-05
-0.0002344894968246214
0.00011235955056179774
-0.0002838299951148022
9.770395701025892e-05
-0.0002794333170493405
0.00019003419638495358
-0.00027747923790913534
0.00019882755251587688
-0.00027405959941377626
8.93991206643869e-05
-0.0002784562774792379
0.00012994626282364436
-0.00029995114802149487
0.00011968734733756716
-0.00028578407425500734
0.00013092330239374694
-0.0003092330239374695
0.0001348314606741573
-0.0002579384465070835
0.00012848070346849048
-0.0002618466047874939
0.00014655593551538836
-0.00023742061553492917
0.00011382510991695163
-0.0002452369320957499
0.00019491939423546653
-0.0002960429897410845
0.00016707376648754274
-0.0002711284807034685
0.00011089399120664386
-0.00029457743038593064
0.00018270639960918416
-0.00027796775769418664
8.646800195407914e-05
-0.0002804103566194431
0.0001358085002442599
-0.00026135808500244264
0.00020420127015144114
-0.0002838299951148022
0.00015339521250610648
-0.0003229115779189057
0.0001446018563751832
-0.0002979970688812897
0.00011382510991695163
-0.0002335124572545188
0.00021836834391792868
-0.0002970200293111871
0.00013238886174890083
-0.00028334147532975087
0.00010405471421592574
-0.0002906692721055203
9.379579872984856e-05
-0.0002926233512457255
0.00011382510991695163
-0.00027454811919882757
0.00019296531509526135
-0.0003063019052271617
0.00019931607230092818
-0.00023937469467513433
0.00011235955056179774
-0.000252076209086468
0.00014118221787982413
-0.0002872496336101612
0.00012212994626282364
-0.0002618466047874939
0.000180752320468979
-0.0003263312164142648
0.0002144601856375183
-0.0001783097215437225
0.00012994626282364436
-0.0002242305813385442
0.00016853932584269662
-0.00032975085490962385
0.00012945774303859306
-0.00028578407425500734
0.00013873961895456767
-0.0003351245725451881
0.0002256961406936981
-0.000281875915974597
0.00016511968734733755
-0.0002721055202735711
9.672691744015632e-05
-0.0003654127992183683
0.00013238886174890083
-0.0002672203224230582
0.00020762090864680018
-0.0003063019052271617
0.00020420127015144114
-0.00022032242305813384
0.00015779189057156813
-0.0002716170004885198
8.646800195407914e-05
-0.0003023937469467514
0.00018661455788959453
-0.0002618466047874939
0.0001353199804592086
-0.00025744992672203226
0.00013238886174890083
-0.00021152906692721056
7.669760625305324e-05
-0.00021104054714215926
0.00012750366389838787
-0.0002804103566194431
0.00014753297508549097
-0.0002730825598436737
0.00016658524670249143
-0.00025989252564728873
0.00021152906692721056
-0.00023155837811431363
0.0001353199804592086
-0.00022667318026380068
0.00011577918905715682
-0.00027699071812408403
0.00014313629702002932
-0.00026380068392769905
0.00018563751831949193
-0.000323400097703957
0.00021397166585246702
-0.0002501221299462628
0.00014313629702002932
-0.00024816805080605766
0.00011773326819736199
-0.00035124572545188083
0.00016609672691744016
-0.0002672203224230582
0.00019540791402051784
-0.0002892037127503664
0.00019345383488031265
-0.00023546653639472398
0.0001162677088422081
-0.00031998045920859794
0.00012848070346849048
-0.00027796775769418664
0.00014167073766487544
-0.0002408402540302882
0.00013629702002931118
-0.0003160723009281876
0.0001885686370297997
-0.00021006350757205668
0.00013727405959941378
-0.00028773815339521255
0.00016707376648754274
-0.00027454811919882757
0.00013190034196384952
-0.00028236443575964826
0.00014264777723497802
-0.0002804103566194431
0.00018661455788959453
-0.00023546653639472398
0.00017244748412310697
-0.0002808988764044944
0.00011333659013190034
-0.00031118710307767464
5.813385442110405e-05
-0.00028676111382510994
0.00016218856863702978
-0.0003356130923302394
0.00021397166585246702
-0.00027015144113336594
0.0001338544211040547
-0.00024621397166585244
0.00011040547142159257
-0.0003004396678065462
0.00013434294088910602
-0.00022227650219833902
0.00015974596971177332
-0.0003102100635075721
0.00014313629702002932
-0.0002535417684416219
0.00010893991206643869
-0.0002799218368343918
8.549096238397654e-05
-0.0002979970688812897
0.00011773326819736199
-0.00026624328285295557
0.00013727405959941378
-0.000298485588666341
0.0001875915974596971
-0.00025696140693698096
0.0001255495847581827
-0.00018124084025403027
0.0001270151441133366
-0.00030190522716170003
0.00014118221787982413
-0.00027796775769418664
0.00020273571079628726
-0.0003717635564240352
0.00019638495359062042
-0.00026575476306790426
0.0001529066927210552
-0.00026575476306790426
0.0001695163654127992
-0.00029018075232046896
7.132388861748901e-05
-0.0003238886174890083
0.00015486077186126036
-0.00019931607230092818
0.00018270639960918416
-0.00027650219833903273
0.00011871030776746458
-0.00027796775769418664
0.00012164142647777235
-0.0003419638495359062
6.595017098192476e-05
-0.00028285295554469957
0.00018612603810454323
-0.0003390327308255984
0.00019003419638495358
-0.00028773815339521255
8.06057645334636e-05
-0.00027015144113336594
8.597948216902785e-05
-0.0002672203224230582
0.0001358085002442599
-0.00029653150952613585
0.00013727405959941378
-0.0003180263800683928
0.00015388373229115778
-0.00027747923790913534
8.793356130923302e-05
-0.0002442598925256473
0.00020029311187103076
-0.0003023937469467514
9.03761602344895e-05
-0.0002491450903761602
0.00015974596971177332
-0.0003097215437225207
0.0001719589643380557
-0.0002755251587689301
0.00013287738153395213
-0.00025989252564728873
0.00016609672691744016
-0.0003082559843673669
0.00010698583292623351
-0.00023888617489008305
0.00018172936003908158
-0.0003136297020029311
0.00016902784562774793
-0.00021983390327308256
0.00011968734733756716
-0.00024719101123595505
0.00012261846604787494
-0.00031851489985344403
0.00011529066927210551
-0.00029555446995603325
9.672691744015632e-05
-0.0002711284807034685
0.00016365412799218367
-0.0002496336101612115
0.00012115290669272105
-0.00030776746458231557
0.00016414264777723497
-0.0003102100635075721
0.00015046409379579874
-0.0002799218368343918
0.00019687347337567172
-0.0003302393746946751
0.00014020517830972155
-0.0002628236443575965
0.00012994626282364436
-0.00023693209574987786
0.0001162677088422081
-0.0003092330239374695
0.00016902784562774793
-0.00028773815339521255
0.0001441133365901319
-0.0002970200293111871
0.0001626770884220811
-0.00028529555446995603
0.0001524181729360039
-0.0002506106497313141
0.00011284807034684905
-0.00031656082071323887
7.083536883243772e-05
-0.0002896922325354177
0.00015486077186126036
-0.0003180263800683928
0.0002892037127503664
-0.0002760136785539815
6.399609184171959e-05
-0.00021006350757205668
0.00017733268197361993
-0.000331704934049829
0.00015632633121641425
-0.00031949193942354664
0.0001983390327308256
-0.0003238886174890083
0.0002242305813385442
-0.0002496336101612115
0.00017684416218856862
-0.0003048363458720078
0.00015779189057156813
-0.00028578407425500734
0.0001255495847581827
-0.00029018075232046896
0.00014802149487054225
-0.00030190522716170003
0.00014264777723497802
-0.00031167562286272594
0.0001348314606741573
-0.00026575476306790426
9.965803615046409e-05
-0.0002696629213483146
0.00018221787982413288
-0.00028236443575964826
0.00019345383488031265
-0.000331704934049829
0.00016023448949682462
-0.00020762090864680018
0.00019540791402051784
-0.0002085979482169028
0.00012799218368343918
-0.0003170493404982902
0.00013922813873961894
-0.0002633121641426478
0.00010698583292623351
-0.00028236443575964826
0.00019638495359062042
-0.00027699071812408403
0.00013873961895456767
-0.00023790913531998044
0.00011187103077674645
-0.00033365901319003423
8.500244259892525e-05
-0.0002501221299462628
0.00021787982413287737
-0.0003277967757694187
0.0002247191011235955
-0.00026819736199316073
0.00016560820713238885
-0.0002633121641426478
0.00011382510991695163
-0.0003175378602833415
9.721543722520761e-05
-0.00027259404005862235
0.00017391304347826085
-0.0003141182217879824
0.00021885686370297995
-0.0002510991695163654
0.0001167562286272594
-0.0002579384465070835
0.00018563751831949193
-0.0003214460185637518
7.425500732779678e-05
-0.00030532486565705916
0.00010698583292623351
-0.00030776746458231557
0.00020078163165608207
-0.00022862725940400586
0.0001983390327308256
-0.00023595505617977528
0.00013434294088910602
-0.00029311187103077673
0.00012261846604787494
-0.0002926233512457255
0.0001709819247679531
-0.0002848070346849048
0.00024816805080605766
-0.00028334147532975087
0.00014264777723497802
-0.0003023937469467514
0.00015779189057156813
-0.00032730825598436733
0.00017733268197361993
-0.0003023937469467514
0.00020957498778700537
-0.00031314118221787985
0.00021934538348803126
-0.0002506106497313141
0.00015730337078651685
-0.000281875915974597
0.00011089399120664386
-0.0002994626282364436
0.00014509037616023448
-0.00021348314606741572
0.00015144113336590132
-0.0003004396678065462
0.00017635564240351735
-0.0002579384465070835
0.00021006350757205668
-0.00020371275036638984
0.00018124084025403027
-0.0003014167073766488
0.00012164142647777235
-0.00026917440156326334
0.00018124084025403027
-0.0003439179286761114
0.0002320468978993649
-0.0001885686370297997
0.00013190034196384952
-0.00022765021983390326
0.00015388373229115778
-0.00024670249145090375
0.0001436248168050806
-0.00030385930630190525
0.00014802149487054225
-0.00022862725940400586
0.00019345383488031265
-0.00025500732779677575
0.00011968734733756716
-0.00023693209574987786
0.0001524181729360039
-0.00036443575964826576
0.0001245725451880801
-0.00023693209574987786
0.00020420127015144114
-0.00031069858329262333
0.0001524181729360039
-0.00028773815339521255
0.0001441133365901319
-0.0002843185148998534
9.770395701025892e-05
-0.00030776746458231557
0.00010454323400097703
-0.0002906692721055203
0.00017635564240351735
-0.00031118710307767464
0.00018514899853444065
-0.00028236443575964826
0.00014899853444064485
-0.00021397166585246702
0.00015486077186126036
-0.00034684904738641916
0.0001358085002442599
-0.0003097215437225207
0.00012066438690766976
-0.0002926233512457255
0.00015339521250610648
-0.0002510991695163654
0.00020175867122618465
-0.00027015144113336594
0.00018466047874938935
-0.00029995114802149487
0.00012115290669272105
-0.00024719101123595505
0.00021006350757205668
-0.0002623351245725452
0.0002633121641426478
-0.00027699071812408403
0.00016902784562774793
-0.0003321934538348803
0.00018514899853444065
-0.00027357107962872496
0.0001700048851978505
-0.0002760136785539815
0.00021836834391792868
-0.00029018075232046896
0.00016707376648754274
-0.00028627259404005864
0.0001255495847581827
-0.0002442598925256473
0.00012164142647777235
-0.00027503663898387887
0.00019345383488031265
-0.00029555446995603325
0.00021201758671226184
-0.0003502686858817782
0.00014899853444064485
-0.0003009281875915975
0.0001358085002442599
-0.00022862725940400586
0.0001714704445530044
-0.0003238886174890083
9.379579872984856e-05
-0.00028285295554469957
0.00020029311187103076
-0.0003619931607230093
0.00018661455788959453
-0.0002320468978993649
0.00013776257938446506
-0.0002623351245725452
0.0001436248168050806
-0.0003268197361993161
0.0001333659013190034
-0.00032193453834880316
0.0001700048851978505
-0.00032095749877870055
0.00023497801660967267
-0.0002530532486565706
0.0001245725451880801
-0.0002554958475818271
0.00012799218368343918
-0.00028138739618954566
8.15828041035662e-05
-0.0002442598925256473
0.0001802638006839277
-0.0003277967757694187
0.00020371275036638984
-0.0002496336101612115
0.0001084513922813874
-0.00027357107962872496
0.0001524181729360039
-0.0002755251587689301
0.00013190034196384952
-0.0002501221299462628
0.00013238886174890083
-0.00027796775769418664
0.00016609672691744016
-0.0002408402540302882
8.891060087933561e-05
-0.00026624328285295557
0.0002154372252076209
-0.00031558378114313626
0.00015046409379579874
-0.00027796775769418664
0.0001421592574499267
-0.00029311187103077673
0.00019247679531021007
-0.00023937469467513433
0.00013922813873961894
-0.00021934538348803126
0.0001460674157303371
-0.00026526624328285296
6.790425012212995e-05
-0.000298485588666341
0.00018466047874938935
-0.00025842696629213487
0.00023497801660967267
-0.00020957498778700537
0.00012310698583292622
-0.0002794333170493405
0.00014753297508549097
-0.0003048363458720078
7.962872496336101e-05
-0.00027259404005862235
0.00023058133854421102
-0.00029653150952613585
0.00018368343917928677
-0.0002882266731802638
0.00015828041035661944
-0.00030190522716170003
0.00016756228627259404
-0.00026868588177821203
0.0001700048851978505
-0.00022667318026380068
0.0001524181729360039
-0.0002794333170493405
0.0002061553492916463
-0.00029457743038593064
0.00010405471421592574
-0.0002535417684416219
0.00015974596971177332
-0.0002579384465070835
0.00014020517830972155
-0.00026917440156326334
0.00018368343917928677
-0.0003346360527601368
0.00015925744992672202
-0.00027015144113336594
8.793356130923302e-05
-0.000252076209086468
8.695652173913043e-05
-0.00028773815339521255
7.620908646800195e-05
-0.0002760136785539815
0.00017489008304836346
-0.000298485588666341
0.00022765021983390326
-0.0002667318026380068
0.00011089399120664386
-0.0002169027845627748
9.477283829995115e-05
-0.0002970200293111871
9.233023937469467e-05
-0.0002642892037127504
0.0001543722520762091
-0.00030190522716170003
0.00020762090864680018
-0.00027357107962872496
5.666829506595017e-05
-0.0002501221299462628
0.00010552027357107963
-0.0003058133854421104
0.00016414264777723497
-0.0003023937469467514
0.00015779189057156813
-0.0003258426966292135
0.00018612603810454323
-0.00020957498778700537
0.00012261846604787494
-0.00022813873961895456
0.00018808011724474842
-0.0003082559843673669
0.00016560820713238885
-0.00031558378114313626
0.00016707376648754274
-0.0003238886174890083
0.000189057156814851
-0.00026135808500244264
0.00013727405959941378
-0.00028529555446995603
0.00010600879335613092
-0.0002506106497313141
8.207132388861749e-05
-0.00031998045920859794
0.00020566682950659502
-0.0002896922325354177
0.00017342452369320958
-0.000197361993160723
0.00010258915486077186
-0.0002554958475818271
0.00015681485100146555
-0.0003312164142647777
7.523204689789937e-05
-0.000281875915974597
0.00019491939423546653
-0.0002936003908158281
0.00014899853444064485
-0.0002325354176844162
0.00014118221787982413
-0.00027699071812408403
0.00010454323400097703
-0.00026477772349780166
0.00014851001465559355
-0.0002530532486565706
0.00021836834391792868
-0.00033365901319003423
0.00021397166585246702
-0.00024181729360039082
8.695652173913043e-05
-0.0002618466047874939
0.00018270639960918416
-0.00029653150952613585
0.00011577918905715682
-0.0002799218368343918
0.0001978505129457743
-0.00027405959941377626
0.00024035173424523693
-0.00022813873961895456
0.00020468978993649242
-0.0002589154860771861
0.00015095261358085002
-0.00029018075232046896
8.93991206643869e-05
-0.0002706399609184172
0.0001441133365901319
-0.0003097215437225207
0.0002144601856375183
-0.0003072789447972643
0.00015534929164631167
-0.0003087445041524182
0.00011138251099169516
-0.00034636052760136785
0.00014704445530043967
-0.0002491450903761602
0.00021348314606741572
-0.0002706399609184172
0.00018661455788959453
-0.0002579384465070835
0.00014509037616023448
-0.0002442598925256473
0.0001265266243282853
-0.00030776746458231557
0.0001871030776746458
-0.00023595505617977528
0.00013629702002931118
-0.0002970200293111871
0.00015828041035661944
-0.0002501221299462628
0.0001255495847581827
-0.00021885686370297995
0.00016707376648754274
-0.0002794333170493405
0.00012261846604787494
-0.00027699071812408403
0.00021592574499267218
-0.0002784562774792379
0.00015974596971177332
-0.0002642892037127504
0.00018808011724474842
-0.00024767953102100635
0.00018368343917928677
-0.0003058133854421104
0.00010210063507572057
-0.0002677088422081094
0.00015632633121641425
-0.00028334147532975087
0.0001978505129457743
-0.00026038104543234003
0.00013922813873961894
-0.00027405959941377626
0.00014509037616023448
-0.00028285295554469957
6.497313141182218e-05
-0.00027650219833903273
0.00017489008304836346
-0.0002799218368343918
0.000189057156814851
-0.000252076209086468
0.00011333659013190034
-0.0002677088422081094
0.00011822178798241328
-0.00028138739618954566
0.0001709819247679531
-0.00028773815339521255
0.00015730337078651685
-0.00029897410845139226
0.0001709819247679531
-0.0002892037127503664
0.00012994626282364436
-0.00027454811919882757
0.00021055202735710795
-0.00028529555446995603
0.00015046409379579874
-0.00024572545188080114
0.00019101123595505618
-0.00029311187103077673
0.00016902784562774793
-0.00020127015144113337
0.0001245725451880801
-0.00023693209574987786
0.00010552027357107963
-0.00030434782608695655
6.25305324865657e-05
-0.00028676111382510994
0.00015828041035661944
-0.0002960429897410845
0.0002066438690766976
-0.0002633121641426478
6.155349291646311e-05
-0.00025500732779677575
0.00015583781143136297
-0.0003321934538348803
4.9829018075232046e-05
-0.00024572545188080114
0.00014020517830972155
-0.0003263312164142648
0.0001871030776746458
-0.0002545188080117245
0.00012261846604787494
-0.00024621397166585244
0.00013678553981436248
-0.0002882266731802638
0.00012164142647777235
-0.0003014167073766488
0.00016609672691744016
-0.0002427943331704934
0.00013678553981436248
-0.00018612603810454323
0.00011773326819736199
-0.0002081094284318515
0.0001612115290669272
-0.00027650219833903273
0.00011822178798241328
-0.0003023937469467514
0.0001695163654127992
-0.00029408891060087933
0.00017489008304836346
-0.0002486565705911089
0.00014020517830972155
-0.00027894479726428925
0.00014997557401074744
-0.00033365901319003423
9.135319980459208e-05
-0.0003668783585735222
7.669760625305324e-05
-0.00028529555446995603
0.00021397166585246702
-0.00026038104543234003
0.00019443087445041523
-0.0002711284807034685
0.00010063507572056669
-0.0002794333170493405
0.00012066438690766976
-0.0002716170004885198
0.00018514899853444065
-0.00024377137274059598
0.00013434294088910602
-0.00026575476306790426
0.00012066438690766976
-0.000281875915974597
0.000197361993160723
-0.0002872496336101612
0.00014313629702002932
-0.00023790913531998044
0.00020224719101123595
-0.0002808988764044944
0.0001626770884220811
-0.0002843185148998534
5.37371763556424e-05
-0.00026868588177821203
0.00015192965315095262
-0.0002975085490962384
0.000126038104543234
-0.00026917440156326334
0.00013434294088910602
-0.00031949193942354664
0.00017635564240351735
-0.000197361993160723
0.00017537860283341474
-0.00024767953102100635
0.00011968734733756716
-0.0003180263800683928
0.00014655593551538836
-0.00023693209574987786
0.00011871030776746458
-0.0002804103566194431
0.00016853932584269662
-0.00026038104543234003
9.672691744015632e-05
-0.0002594040058622374
0.00014313629702002932
-0.00032730825598436733
7.23009281875916e-05
-0.00022813873961895456
0.00021299462628236444
-0.00031851489985344403
0.00019491939423546653
-0.0002721055202735711
0.00015095261358085002
-0.0002554958475818271
0.0001543722520762091
-0.0002936003908158281
0.00015925744992672202
-0.00020957498778700537
0.00020322423058133853
-0.00026575476306790426
0.0001787982413287738
-0.00026380068392769905
0.00012799218368343918
-0.00025256472887151934
0.00011480214948705422
-0.00028676111382510994
0.0001612115290669272
-0.00028773815339521255
0.00019882755251587688
-0.00030776746458231557
0.00022716170004885198
-0.00021250610649731314
0.00017440156326331216
-0.0002642892037127504
0.00015144113336590132
-0.00025598436736687835
0.00016853932584269662
-0.0002594040058622374
0.00015144113336590132
-0.00027503663898387887
0.00020957498778700537
-0.00020517830972154372
0.00013971665852467025
-0.0002452369320957499
0.00014802149487054225
-0.00029115779189057157
0.000126038104543234
-0.0002975085490962384
0.00018172936003908158
-0.0002936003908158281
0.00013922813873961894
-0.0002452369320957499
0.0001338544211040547
-0.00023106985832926233
8.646800195407914e-05
-0.00023546653639472398
9.184171958964338e-05
-0.00022960429897410844
0.0001607230092818759
-0.0002887151929653151
0.00021983390327308256
-0.0002716170004885198
0.00010600879335613092
-0.00027015144113336594
0.0001787982413287738
-0.00024719101123595505
0.00017489008304836346
-0.00025696140693698096
0.00014802149487054225
-0.000315095261358085
0.00017293600390815827
-0.00022227650219833902
0.00018270639960918416
-0.00027405959941377626
0.00014655593551538836
-0.00028578407425500734
0.0001460674157303371
-0.0002906692721055203
9.233023937469467e-05
-0.0002540302882266732
0.0002247191011235955
-0.00020762090864680018
0.00010942843185148998
-0.00021836834391792868
0.0001802638006839277
-0.0002882266731802638
0.00011822178798241328
-0.00024377137274059598
0.00018368343917928677
-0.0003092330239374695
0.00024132877381533951
-0.00020078163165608207
9.623839765510503e-05
-0.0002496336101612115
0.00013971665852467025
-0.00024816805080605766
0.00015974596971177332
-0.0002706399609184172
0.00018612603810454323
-0.00030288226673180264
0.0001797752808988764
-0.000281875915974597
0.00015339521250610648
-0.0002256961406936981
0.00017635564240351735
-0.0002545188080117245
0.0001704934049829018
-0.0003170493404982902
0.00017733268197361993
-0.0002970200293111871
0.00021201758671226184
-0.00021885686370297995
0.00021885686370297995
-0.0002623351245725452
0.00010405471421592574
-0.00031998045920859794
0.00010112359550561798
-0.00028334147532975087
0.00015388373229115778
-0.0002921348314606742
0.00022032242305813384
-0.0002784562774792379
9.86809965803615e-05
-0.00024572545188080114
0.0001353199804592086
-0.00031314118221787985
0.00011968734733756716
-0.0003014167073766488
0.0002085979482169028
-0.0003341475329750855
0.00014264777723497802
-0.0002432828529555447
0.0001885686370297997
-0.00029506595017098194
0.00015486077186126036
-0.0003160723009281876
6.25305324865657e-05
-0.00027259404005862235
0.00023302393746946751
-0.00030679042501221296
0.00016414264777723497
-0.0002960429897410845
0.00013190034196384952
-0.00022618466047874937
0.00016853932584269662
-0.00027259404005862235
0.0001626770884220811
-0.00027454811919882757
0.00014118221787982413
-0.00033756717147044455
0.00021739130434782607
-0.0002730825598436737
0.00017684416218856862
-0.00022813873961895456
0.00015632633121641425
-0.00035613092330239376
0.00012017586712261847
-0.00032975085490962385
0.00015974596971177332
-0.00028627259404005864
0.00022667318026380068
-0.00020566682950659502
0.00015583781143136297
-0.00024377137274059598
0.00012896922325354176
-0.00029506595017098194
0.0001162677088422081
-0.00023986321446018563
0.0002149487054225696
-0.0002936003908158281
0.00016511968734733755
-0.0002628236443575965
0.0001797752808988764
-0.00030679042501221296
9.477283829995115e-05
-0.00027259404005862235
0.00014313629702002932
-0.00027357107962872496
0.00020078163165608207
-0.0002843185148998534
0.00017586712261846604
-0.00030385930630190525
8.93991206643869e-05
-0.0002540302882266732
0.00019198827552515876
-0.0002540302882266732
0.00010600879335613092
-0.00025696140693698096
0.0001162677088422081
-0.00031998045920859794
0.00018368343917928677
-0.0002071323888617489
0.00012359550561797752
-0.00024621397166585244
0.00018368343917928677
-0.00027259404005862235
8.06057645334636e-05
-0.0002882266731802638
8.891060087933561e-05
-0.00029408891060087933
0.00017684416218856862
-0.00025647288715192966
0.00011333659013190034
-0.0002882266731802638
0.00013434294088910602
-0.0003023937469467514
0.00011577918905715682
-0.0003356130923302394
0.00024816805080605766
-0.00030679042501221296
0.0001978505129457743
-0.0002975085490962384
0.00012164142647777235
-0.0003263312164142648
0.00013678553981436248
-0.00025256472887151934
0.00010600879335613092
-0.0002882266731802638
0.00015583781143136297
-0.00030434782608695655
0.00013287738153395213
-0.00029653150952613585
0.0001871030776746458
-0.0002706399609184172
0.00018124084025403027
-0.0003136297020029311
0.00012017586712261847
-0.00024572545188080114
0.00019198827552515876
-0.0003351245725451881
0.000189057156814851
-0.0002755251587689301
0.0001719589643380557
-0.00023790913531998044
0.000189057156814851
-0.00028773815339521255
6.0576453346360524e-05
-0.00026038104543234003
0.00021250610649731314
-0.0002804103566194431
0.0001978505129457743
-0.00023693209574987786
9.672691744015632e-05
-0.00023888617489008305
0.0001631656082071324
-0.00026819736199316073
0.0001167562286272594
-0.00022667318026380068
0.00020908646800195407
-0.0002882266731802638
0.00022667318026380068
-0.0002672203224230582
8.011724474841231e-05
-0.0003009281875915975
0.00014704445530043967
-0.0002608695652173913
0.00016414264777723497
-0.00026380068392769905
0.00014948705422569613
-0.0002994626282364436
0.0002085979482169028
-0.00030434782608695655
8.744504152418173e-05
-0.0002447484123106986
0.00016463116756228627
-0.0002921348314606742
0.00017440156326331216
-0.00028578407425500734
0.00010454323400097703
-0.00031216414264777725
0.00015876893014167074
-0.00027454811919882757
0.0001441133365901319
-0.00022276502198339033
0.00016805080605764532
-0.00029897410845139226
0.00017537860283341474
-0.00028334147532975087
0.00018417195896433804
-0.0003058133854421104
0.00018172936003908158
-0.00021885686370297995
0.0001446018563751832
-0.00025842696629213487
0.00011089399120664386
-0.00031314118221787985
9.281875915974596e-05
-0.0003160723009281876
0.0001978505129457743
-0.0003419638495359062
0.00014948705422569613
-0.00027259404005862235
0.0001543722520762091
-0.0002716170004885198
0.0001436248168050806
-0.00031167562286272594
0.0001714704445530044
-0.00025158768930141673
0.00019638495359062042
-0.00029457743038593064
0.00020420127015144114
-0.00026575476306790426
6.888128969223253e-05
-0.0002618466047874939
0.00020762090864680018
-0.00028578407425500734
8.93991206643869e-05
-0.0002926233512457255
0.00013776257938446506
-0.00032046897899364925
0.00016658524670249143
-0.00025500732779677575
0.00013922813873961894
-0.0002486565705911089
0.00010307767464582315
-0.0003063019052271617
0.00013922813873961894
-0.00024767953102100635
0.0001612115290669272
-0.0002706399609184172
0.00019345383488031265
-0.00022129946262823644
0.0001709819247679531
-0.00025696140693698096
0.0001524181729360039
-0.0002730825598436737
0.00012994626282364436
-0.0002540302882266732
0.00015974596971177332
-0.00029653150952613585
0.00020517830972154372
-0.0002711284807034685
9.86809965803615e-05
-0.00026917440156326334
0.00011382510991695163
-0.00032046897899364925
0.00012750366389838787
-0.0002804103566194431
0.00018221787982413288
-0.00029995114802149487
0.00015974596971177332
-0.0002716170004885198
0.00011187103077674645
-0.00029653150952613585
0.00015095261358085002
-0.0002838299951148022
0.0001626770884220811
-0.00029408891060087933
0.0001983390327308256
-0.0003224230581338544
0.00019149975574010746
-0.0002506106497313141
0.00013727405959941378
-0.00024377137274059598
0.00013092330239374694
-0.0003063019052271617
0.00011529066927210551
-0.0003253541768441622
0.00014020517830972155
-0.00024719101123595505
0.00022032242305813384
-0.000252076209086468
0.00010503175378602834
-0.0002486565705911089
0.0001255495847581827
-0.0003160723009281876
8.500244259892525e-05
-0.0002589154860771861
0.00012799218368343918
-0.0002896922325354177
0.00017733268197361993
-0.00023595505617977528
0.00013287738153395213
-0.0002872496336101612
0.00014704445530043967
-0.0002892037127503664
0.00011431362970200293
-0.000315095261358085
0.00014020517830972155
-0.0003253541768441622
0.00013971665852467025
-0.0002926233512457255
0.0001524181729360039
-0.00027454811919882757
0.0001885686370297997
-0.00028627259404005864
0.00012261846604787494
-0.0002696629213483146
0.00011577918905715682
-0.000361504640937958
0.00012261846604787494
-0.0002579384465070835
0.00015339521250610648
-0.0002237420615534929
0.00016414264777723497
-0.0003136297020029311
8.842208109428431e-05
-0.0002696629213483146
0.00015192965315095262
-0.00032095749877870055
0.00022716170004885198
-0.0002633121641426478
0.0001719589643380557
-0.00029506595017098194
0.00010307767464582315
-0.0003414753297508549
0.00011822178798241328
-0.0002320468978993649
0.00019101123595505618
-0.00029653150952613585
0.00016805080605764532
-0.0002535417684416219
0.00014118221787982413
-0.00029018075232046896
8.891060087933561e-05
-0.00033317049340498287
0.00015486077186126036
-0.00023839765510503175
0.0001695163654127992
-0.0003356130923302394
0.00020517830972154372
-0.0002247191011235955
0.00012017586712261847
-0.0002144601856375183
0.00016756228627259404
-0.00030434782608695655
0.0001245725451880801
-0.00028578407425500734
0.0002149487054225696
-0.0003082559843673669
0.00021592574499267218
-0.00022032242305813384
0.00018124084025403027
-0.0001871030776746458
0.00013873961895456767
-0.0003146067415730337
9.281875915974596e-05
-0.00027405959941377626
0.000197361993160723
-0.0002667318026380068
0.00020078163165608207
-0.0002618466047874939
0.00012799218368343918
-0.0002633121641426478
0.00012848070346849048
-0.0003238886174890083
0.0001167562286272594
-0.00025744992672203226
0.00020371275036638984
-0.00027894479726428925
0.00018661455788959453
-0.0002755251587689301
0.00013629702002931118
-0.00029995114802149487
0.0001172447484123107
-0.00029457743038593064
0.00013238886174890083
-0.0002936003908158281
0.00015534929164631167
-0.0002872496336101612
0.00019149975574010746
-0.0002706399609184172
0.0001441133365901319
-0.0002579384465070835
0.00017293600390815827
-0.000252076209086468
0.00015730337078651685
-0.000281875915974597
0.00016023448949682462
-0.0002970200293111871
0.00015828041035661944
-0.00026819736199316073
0.00017342452369320958
-0.0002237420615534929
0.000126038104543234
-0.00034636052760136785
9.721543722520761e-05
-0.00032193453834880316
0.00013873961895456767
-0.0002906692721055203
0.0002247191011235955
-0.0002344894968246214
7.718612603810454e-05
-0.00025989252564728873
0.00010649731314118222
-0.0003160723009281876
0.00010796287249633609
-0.0002510991695163654
0.000197361993160723
-0.00031314118221787985
0.00017684416218856862
-0.00028236443575964826
0.00017293600390815827
-0.00022960429897410844
0.00016560820713238885
-0.0002804103566194431
0.00017684416218856862
-0.00028676111382510994
0.00010112359550561798
-0.0003268197361993161
0.0001978505129457743
-0.00022667318026380068
0.00011187103077674645
-0.0002535417684416219
0.00012310698583292622
-0.00030776746458231557
0.00016511968734733755
-0.00029408891060087933
0.0001631656082071324
-0.00026819736199316073
0.00019198827552515876
-0.0002510991695163654
0.00016414264777723497
-0.0002843185148998534
0.00013434294088910602
-0.00027699071812408403
9.477283829995115e-05
-0.0002892037127503664
0.00013043478260869564
-0.00034831460674157307
0.00018808011724474842
-0.00029555446995603325
0.0001084513922813874
-0.00024377137274059598
0.0001421592574499267
-0.0003097215437225207
5.5202735710796285e-05
-0.0002882266731802638
0.0002579384465070835
-0.0003048363458720078
0.0001353199804592086
-0.0002452369320957499
0.00013141182217879825
-0.00030190522716170003
0.00011382510991695163
-0.00027747923790913534
0.00013190034196384952
-0.0002486565705911089
0.00018124084025403027
-0.000298485588666341
0.00019198827552515876
-0.00028138739618954566
0.0001607230092818759
-0.0002491450903761602
0.00016609672691744016
-0.0002960429897410845
8.646800195407914e-05
-0.0002975085490962384
0.00014948705422569613
-0.0003072789447972643
0.0001792867611138251
-0.00028773815339521255
0.00016218856863702978
-0.00026917440156326334
9.86809965803615e-05
-0.00033072789447972646
0.0001714704445530044
-0.0003136297020029311
0.00016023448949682462
-0.0003004396678065462
0.0002071323888617489
-0.0002256961406936981
9.03761602344895e-05
-0.0002423058133854421
0.00016414264777723497
-0.00027015144113336594
9.330727894479727e-05
-0.0002071323888617489
0.00018417195896433804
-0.0003346360527601368
0.00021104054714215926
-0.0002340009770395701
0.00011235955056179774
-0.0002633121641426478
0.00012408402540302883
-0.00026477772349780166
0.00012408402540302883
-0.0002432828529555447
0.00017586712261846604
-0.00032193453834880316
0.00023058133854421102
-0.0003004396678065462
0.0001719589643380557
-0.00021885686370297995
0.00020566682950659502
-0.00029311187103077673
9.330727894479727e-05
-0.00020224719101123595
0.00014997557401074744
-0.00032877381533952124
0.0001338544211040547
-0.00021592574499267218
0.00016853932584269662
-0.0002335124572545188
0.0001436248168050806
-0.00029995114802149487
7.523204689789937e-05
-0.00026819736199316073
0.00013825109916951636
-0.0002887151929653151
0.00024132877381533951
-0.00028334147532975087
0.0001421592574499267
-0.00024816805080605766
0.00012017586712261847
-0.0003004396678065462
5.911089399120664e-05
-0.0002447484123106986
0.00020957498778700537
-0.00029408891060087933
0.00015583781143136297
-0.00025500732779677575
0.00010503175378602834
-0.0002642892037127504
0.00011480214948705422
-0.00025500732779677575
0.00015583781143136297
-0.0003258426966292135
0.00014899853444064485
-0.0003214460185637518
0.00015388373229115778
-0.0002936003908158281
0.00011480214948705422
-0.0002618466047874939
0.00018563751831949193
-0.0003023937469467514
0.00011235955056179774
-0.0002760136785539815
0.00010014655593551538
-0.0003136297020029311
0.00016756228627259404
-0.00020078163165608207
0.00012066438690766976
-0.00021836834391792868
0.00012115290669272105
-0.0003102100635075721
9.477283829995115e-05
-0.00026819736199316073
0.0001421592574499267
-0.00028285295554469957
0.00021348314606741572
-0.0002623351245725452
0.00017782120175867123
-0.0002594040058622374
0.00014557889594528578
-0.0002882266731802638
6.497313141182218e-05
-0.0002452369320957499
0.00011187103077674645
-0.0002887151929653151
0.00018221787982413288
-0.0002794333170493405
0.00018466047874938935
-0.0002882266731802638
9.965803615046409e-05
-0.00031216414264777725
0.0002071323888617489
-0.00024816805080605766
0.0001792867611138251
-0.0002892037127503664
0.00021836834391792868
-0.0002642892037127504
0.00013190034196384952
-0.0002594040058622374
0.00011235955056179774
-0.00029164631167562287
0.00014899853444064485
-0.00022667318026380068
0.00018563751831949193
-0.00035368832437713724
0.00020908646800195407
-0.0002256961406936981
0.00015388373229115778
-0.00026526624328285296
0.00012750366389838787
-0.0003248656570591109
4.689789936492428e-05
-0.00030337078651685394
0.0001421592574499267
-0.0003014167073766488
0.00021739130434782607
-0.0001871030776746458
0.00012261846604787494
-0.00022960429897410844
0.00015486077186126036
-0.00031558378114313626
0.00010161211529066927
-0.0003072789447972643
0.0002325354176844162
-0.0002784562774792379
0.0002071323888617489
-0.00026624328285295557
0.00014020517830972155
-0.00026135808500244264
0.00010942843185148998
-0.0002882266731802638
0.0001695163654127992
-0.0002554958475818271
0.00019247679531021007
-0.00031069858329262333
0.00021201758671226184
-0.00027796775769418664
0.0001245725451880801
-0.00018612603810454323
0.00014753297508549097
-0.00028627259404005864
0.00015876893014167074
-0.00025989252564728873
0.0001167562286272594
-0.0002906692721055203
0.00013922813873961894
-0.00019296531509526135
0.00014802149487054225
-0.0002618466047874939
0.00015192965315095262
-0.0002540302882266732
0.0001421592574499267
-0.0002427943331704934
0.00014851001465559355
-0.0002760136785539815
0.00025598436736687835
-0.0002164142647777235
0.00013678553981436248
-0.00024816805080605766
0.00011773326819736199
-0.00029311187103077673
0.00017635564240351735
-0.0002506106497313141
0.00022716170004885198
-0.0002808988764044944
0.0002081094284318515
-0.0002242305813385442
0.00016218856863702978
-0.0002794333170493405
0.00015730337078651685
-0.00027650219833903273
0.0001617000488519785
-0.00019931607230092818
0.00014997557401074744
-0.00030385930630190525
0.00015681485100146555
-0.00023888617489008305
0.00011919882755251587
-0.00022813873961895456
0.00015534929164631167
-0.00028676111382510994
0.00015974596971177332
-0.0002896922325354177
0.00013727405959941378
-0.0003136297020029311
0.00017244748412310697
-0.0002340009770395701
0.00010356619443087445
-0.0002144601856375183
0.00011382510991695163
-0.0002921348314606742
0.00013238886174890083
-0.0002696629213483146
9.721543722520761e-05
-0.0002872496336101612
0.00027454811919882757
-0.0002711284807034685
0.00014557889594528578
-0.0002325354176844162
0.0001871030776746458
-0.0002618466047874939
6.0576453346360524e-05
-0.0002432828529555447
0.0002066438690766976
-0.00028138739618954566
0.00013434294088910602
-0.0002081094284318515
0.0001607230092818759
-0.00025647288715192966
0.00012310698583292622
-0.00023742061553492917
0.00010161211529066927
-0.0003058133854421104
0.0001797752808988764
-0.0002896922325354177
0.00019443087445041523
-0.0002530532486565706
0.00012115290669272105
-0.00023742061553492917
0.00016560820713238885
-0.0002936003908158281
0.00014899853444064485
-0.0002618466047874939
0.0001245725451880801
-0.00023986321446018563
0.00016756228627259404
-0.00022178798241328772
0.0001792867611138251
-0.0002794333170493405
0.00010454323400097703
-0.00025842696629213487
0.00012896922325354176
-0.0002667318026380068
0.00014997557401074744
-0.00032046897899364925
0.0001958964338055691
-0.00026380068392769905
0.00015192965315095262
-0.0002344894968246214
0.00016218856863702978
-0.0003048363458720078
0.00013825109916951636
-0.00027454811919882757
0.0001446018563751832
-0.0002540302882266732
0.0001998045920859795
-0.00023937469467513433
0.00010258915486077186
-0.00022032242305813384
0.00015144113336590132
-0.0002838299951148022
0.00016756228627259404
-0.00027503663898387887
0.00019882755251587688
-0.000281875915974597
0.00022765021983390326
-0.0002442598925256473
0.0001338544211040547
-0.0002061553492916463
0.0002247191011235955
-0.00028529555446995603
0.00010698583292623351
-0.00026477772349780166
0.00015388373229115778
-0.00029164631167562287
0.0001617000488519785
-0.00027454811919882757
0.0001446018563751832
-0.0002706399609184172
0.00014069369809477283
-0.00028773815339521255
5.324865657059111e-05
-0.0002423058133854421
0.0001084513922813874
-0.00029311187103077673
0.00021201758671226184
-0.00021397166585246702
0.00012799218368343918
-0.00023937469467513433
0.00010600879335613092
-0.00033365901319003423
0.00011577918905715682
-0.0002540302882266732
0.00019052271617000488
-0.00025842696629213487
0.00020175867122618465
-0.00023302393746946751
0.00014118221787982413
-0.00021836834391792868
9.233023937469467e-05
-0.00027015144113336594
0.00012261846604787494
-0.0002325354176844162
0.00015974596971177332
-0.0002721055202735711
0.00016414264777723497
-0.00024132877381533951
0.00014313629702002932
-0.00025842696629213487
0.0001875915974596971
-0.00028676111382510994
0.00011138251099169516
-0.0002579384465070835
0.0001998045920859795
-0.0003097215437225207
0.0001348314606741573
-0.0001704934049829018
0.00015486077186126036
-0.0002447484123106986
0.00011577918905715682
-0.00032730825598436733
0.00014997557401074744
-0.00031656082071323887
0.00017440156326331216
-0.00031069858329262333
0.00020078163165608207
-0.00026135808500244264
8.646800195407914e-05
-0.000252076209086468
0.00011968734733756716
-0.00028578407425500734
0.00011431362970200293
-0.00026868588177821203
0.0002408402540302882
-0.00026624328285295557
0.0002169027845627748
-0.0002252076209086468
0.00017342452369320958
-0.0002838299951148022
0.00016414264777723497
-0.0002642892037127504
0.00016853932584269662
-0.0002618466047874939
0.00017782120175867123
-0.00032437713727405957
0.00020273571079628726
-0.00028676111382510994
0.00012310698583292622
-0.0002085979482169028
0.00019931607230092818
-0.0003097215437225207
0.0001172447484123107
-0.0002975085490962384
0.0001529066927210552
-0.0003610161211529067
0.00018417195896433804
-0.00024132877381533951
0.00013141182217879825
-0.0002169027845627748
0.00013873961895456767
-0.0002892037127503664
0.00014899853444064485
-0.00028676111382510994
0.00015925744992672202
-0.0002486565705911089
0.0002633121641426478
-0.0002608695652173913
0.00014851001465559355
-0.0002730825598436737
0.0001719589643380557
-0.00029311187103077673
7.474352711284807e-05
-0.0002594040058622374
0.0001700048851978505
-0.00028627259404005864
0.0001704934049829018
-0.00026135808500244264
0.00020908646800195407
-0.0002755251587689301
0.0001704934049829018
-0.00027357107962872496
8.93991206643869e-05
-0.0002667318026380068
0.00014313629702002932
-0.0002979970688812897
0.00013971665852467025
-0.00026819736199316073
0.00014509037616023448
-0.00021104054714215926
0.00016560820713238885
-0.0003087445041524182
0.00016414264777723497
-0.0002882266731802638
0.00015876893014167074
-0.0003136297020029311
0.00017293600390815827
-0.00022960429897410844
0.00018661455788959453
-0.00026038104543234003
0.0001719589643380557
-0.00024816805080605766
0.00010258915486077186
-0.0003248656570591109
0.00019345383488031265
-0.0002887151929653151
0.00021348314606741572
-0.0002545188080117245
0.00015534929164631167
-0.0002256961406936981
0.00011822178798241328
-0.0003229115779189057
0.00010210063507572057
-0.0002545188080117245
0.00019491939423546653
-0.0003253541768441622
0.0001626770884220811
-0.0002535417684416219
0.00011968734733756716
-0.0002530532486565706
9.281875915974596e-05
-0.00030776746458231557
0.00019296531509526135
-0.00029018075232046896
0.00013190034196384952
-0.0003346360527601368
0.00016805080605764532
-0.0002252076209086468
0.00012310698583292622
-0.00022276502198339033
0.0001783097215437225
-0.0003302393746946751
0.00011235955056179774
-0.00027454811919882757
0.00015681485100146555
-0.0003341475329750855
0.00019638495359062042
-0.00026135808500244264
0.00020224719101123595
-0.00029311187103077673
0.00012750366389838787
-0.00032975085490962385
0.00013776257938446506
-0.00031949193942354664
0.00017537860283341474
-0.00026819736199316073
0.00020371275036638984
-0.0002496336101612115
0.0001612115290669272
-0.0002530532486565706
0.00012994626282364436
-0.00026624328285295557
8.842208109428431e-05
-0.00030190522716170003
0.00016609672691744016
-0.00027357107962872496
0.00018563751831949193
-0.00024816805080605766
0.0001446018563751832
-0.0002882266731802638
0.00012848070346849048
-0.0002340009770395701
0.00011919882755251587
-0.00025744992672203226
0.00019149975574010746
-0.0003082559843673669
0.00012799218368343918
-0.00023595505617977528
0.0001714704445530044
-0.00028529555446995603
0.00017586712261846604
-0.0002545188080117245
0.00015925744992672202
-0.00026868588177821203
0.00011040547142159257
-0.0003126526624328285
0.00017391304347826085
-0.00024621397166585244
0.00020762090864680018
-0.0002447484123106986
0.0001441133365901319
-0.00034489496824621394
0.00012848070346849048
-0.00027405959941377626
0.00019882755251587688
-0.0003136297020029311
0.00020273571079628726
-0.00026624328285295557
9.574987787005373e-05
-0.0001543722520762091
0.00015828041035661944
-0.0003238886174890083
0.0001612115290669272
-0.0002491450903761602
0.00027357107962872496
-0.00026380068392769905
0.00020908646800195407
-0.0002530532486565706
0.0001441133365901319
-0.00023302393746946751
0.00019198827552515876
-0.00025696140693698096
0.00017391304347826085
-0.00024719101123595505
0.00014948705422569613
-0.00024132877381533951
0.00017440156326331216
-0.00029995114802149487
0.00010454323400097703
-0.00023106985832926233
8.549096238397654e-05
-0.0002799218368343918
0.00015632633121641425
-0.00026477772349780166
0.0001783097215437225
-0.0003229115779189057
0.0001978505129457743
-0.00021934538348803126
0.00017244748412310697
-0.00020468978993649242
0.00016707376648754274
-0.00026477772349780166
9.135319980459208e-05
-0.00028285295554469957
0.0001348314606741573
-0.0003048363458720078
0.00019687347337567172
-0.00020908646800195407
0.00015583781143136297
-0.00025256472887151934
0.00011871030776746458
-0.0003404982901807523
0.00011480214948705422
-0.00022716170004885198
0.00020078163165608207
-0.00030190522716170003
0.0002154372252076209
-0.00023693209574987786
0.00013776257938446506
-0.0002618466047874939
0.00014997557401074744
-0.0002540302882266732
0.0001797752808988764
-0.0002672203224230582
0.00014851001465559355
-0.00021983390327308256
0.00017489008304836346
-0.00023986321446018563
0.00013043478260869564
-0.00023644357596482656
0.00021006350757205668
-0.00023546653639472398
0.00012994626282364436
-0.00026868588177821203
0.00019931607230092818
-0.0002975085490962384
0.00022178798241328772
-0.00019443087445041523
0.00018661455788959453
-0.00026038104543234003
0.0001607230092818759
-0.00030337078651685394
9.428431851489985e-05
-0.00028138739618954566
0.00015974596971177332
-0.0002716170004885198
0.00018417195896433804
-0.00016365412799218367
0.00011333659013190034
-0.00026380068392769905
9.770395701025892e-05
-0.0002799218368343918
0.00011089399120664386
-0.0002882266731802638
0.00015144113336590132
-0.0003160723009281876
9.770395701025892e-05
-0.0002589154860771861
0.0001353199804592086
-0.00024181729360039082
0.00016805080605764532
-0.0002540302882266732
8.93991206643869e-05
-0.0003141182217879824
0.00018808011724474842
-0.0003097215437225207
0.0001709819247679531
-0.00029653150952613585
0.00011138251099169516
-0.0002149487054225696
0.00021739130434782607
-0.00027650219833903273
0.00014899853444064485
-0.00026624328285295557
0.0001250610649731314
-0.00030532486565705916
0.0001719589643380557
-0.0002589154860771861
0.00015192965315095262
-0.00022618466047874937
0.0001617000488519785
-0.00032095749877870055
0.0001172447484123107
-0.00027796775769418664
0.00018417195896433804
-0.0002936003908158281
0.00019687347337567172
-0.00025744992672203226
7.572056668295066e-05
-0.0002432828529555447
0.00016902784562774793
-0.00027015144113336594
0.00012115290669272105
-0.00022813873961895456
0.00019687347337567172
-0.00025500732779677575
0.00019101123595505618
-0.00022960429897410844
0.00014997557401074744
-0.00023986321446018563
0.00012164142647777235
-0.0002755251587689301
0.00013922813873961894
-0.00027650219833903273
0.00015779189057156813
-0.0002960429897410845
0.0001631656082071324
-0.00019443087445041523
0.0001436248168050806
-0.0002232535417684416
0.00023009281875915975
-0.0002501221299462628
0.00015388373229115778
-0.0002677088422081094
0.00017586712261846604
-0.00029457743038593064
0.0001524181729360039
-0.00020566682950659502
0.00017537860283341474
-0.00023497801660967267
0.00017489008304836346
-0.0002667318026380068
0.00010307767464582315
-0.00027357107962872496
0.00012994626282364436
-0.00027503663898387887
0.0002169027845627748
-0.00027357107962872496
0.00016414264777723497
-0.0002501221299462628
0.00016560820713238885
-0.00031118710307767464
0.00010258915486077186
-0.0002335124572545188
0.0001529066927210552
-0.0003175378602833415
0.0002154372252076209
-0.0002594040058622374
0.00018514899853444065
-0.0002594040058622374
0.00011773326819736199
-0.00025598436736687835
0.00015339521250610648
-0.00025989252564728873
0.00019394235466536395
-0.0002975085490962384
0.0001460674157303371
-0.00021201758671226184
0.0001441133365901319
-0.00021983390327308256
0.00011382510991695163
-0.00028334147532975087
0.00013043478260869564
-0.0002340009770395701
0.0001529066927210552
-0.0002882266731802638
0.00022227650219833902
-0.0002325354176844162
0.0002164142647777235
-0.0002642892037127504
0.00013971665852467025
-0.00026380068392769905
5.7645334636052756e-05
-0.00029897410845139226
0.00013629702002931118
-0.0002667318026380068
0.0002540302882266732
-0.00019296531509526135
0.00020420127015144114
-0.00027015144113336594
0.00010258915486077186
-0.0003488031265266243
0.00010552027357107963
-0.0002887151929653151
0.00017342452369320958
-0.0003214460185637518
0.0002242305813385442
-0.0002808988764044944
0.00013825109916951636
-0.0002144601856375183
0.00014753297508549097
-0.000281875915974597
0.0001460674157303371
-0.0002677088422081094
0.00017782120175867123
-0.0002760136785539815
0.0001421592574499267
-0.00025256472887151934
0.00010454323400097703
-0.0002633121641426478
0.00017733268197361993
-0.00028236443575964826
0.00011919882755251587
-0.0002755251587689301
0.00023888617489008305
-0.0003263312164142648
0.00017635564240351735
-0.00021055202735710795
0.00018221787982413288
-0.0002623351245725452
0.00012799218368343918
-0.0002979970688812897
8.402540302882266e-05
-0.0002808988764044944
0.00012896922325354176
-0.0003072789447972643
0.00022765021983390326
-0.00021787982413287737
0.00015632633121641425
-0.0002501221299462628
0.00016902784562774793
-0.0003414753297508549
0.00014948705422569613
-0.0002442598925256473
0.00013971665852467025
-0.00030679042501221296
0.0002432828529555447
-0.0002633121641426478
9.477283829995115e-05
-0.00028773815339521255
0.00012212994626282364
-0.00026917440156326334
0.00011968734733756716
-0.0002530532486565706
0.00016560820713238885
-0.00032095749877870055
0.0001787982413287738
-0.0002711284807034685
0.0001172447484123107
-0.00022716170004885198
0.00020468978993649242
-0.0003263312164142648
0.00012261846604787494
-0.00027747923790913534
0.00015828041035661944
-0.0003312164142647777
0.0001695163654127992
-0.00022618466047874937
0.00017391304347826085
-0.00022667318026380068
0.00013092330239374694
-0.0002799218368343918
0.00013971665852467025
-0.00029115779189057157
0.00013678553981436248
-0.0003453834880312653
0.00021348314606741572
-0.0002237420615534929
0.00019247679531021007
-0.0002535417684416219
0.00014753297508549097
-0.00030190522716170003
0.0001338544211040547
-0.0002252076209086468
0.00016463116756228627
-0.00028285295554469957
0.00020371275036638984
-0.00027503663898387887
0.00020957498778700537
-0.00031998045920859794
0.00013971665852467025
-0.0002633121641426478
0.0001700048851978505
-0.00024572545188080114
0.00019687347337567172
-0.0002408402540302882
0.00018124084025403027
-0.00026624328285295557
0.0001700048851978505
-0.0002252076209086468
0.00017293600390815827
-0.00029018075232046896
0.0001270151441133366
-0.00023790913531998044
0.00013825109916951636
-0.0002994626282364436
0.0001958964338055691
-0.0002530532486565706
0.00021152906692721056
-0.0002760136785539815
0.00014069369809477283
-0.0003312164142647777
0.00012750366389838787
-0.0003063019052271617
0.0001695163654127992
-0.00023986321446018563
0.00021983390327308256
-0.0002427943331704934
0.000126038104543234
-0.00023155837811431363
0.00019052271617000488
-0.00028773815339521255
0.00011480214948705422
-0.0002716170004885198
0.000180752320468979
-0.0002706399609184172
0.0001983390327308256
-0.00021104054714215926
0.0001338544211040547
-0.00025647288715192966
0.00017244748412310697
-0.0002721055202735711
0.00014069369809477283
-0.00027259404005862235
0.0001895456765999023
-0.0003175378602833415
0.00014655593551538836
-0.00022716170004885198
0.00010942843185148998
-0.00022081094284318514
0.0001709819247679531
-0.00028676111382510994
0.0001270151441133366
-0.00029555446995603325
0.00016414264777723497
-0.00031314118221787985
0.00021250610649731314
-0.0002081094284318515
0.00012408402540302883
-0.0002672203224230582
0.00010893991206643869
-0.00021983390327308256
0.00014753297508549097
-0.0002799218368343918
0.00016902784562774793
-0.0002554958475818271
0.00023595505617977528
-0.0002594040058622374
0.00013287738153395213
-0.00019247679531021007
9.819247679531021e-05
-0.0002540302882266732
0.00015144113336590132
-0.0002975085490962384
0.00018368343917928677
-0.00024132877381533951
0.00014899853444064485
-0.00023302393746946751
0.0001529066927210552
-0.0002721055202735711
0.000189057156814851
-0.00023644357596482656
0.00017342452369320958
-0.00023790913531998044
0.00014851001465559355
-0.0003009281875915975
0.00018417195896433804
-0.0002696629213483146
0.00010405471421592574
-0.00024719101123595505
0.00022276502198339033
-0.00029018075232046896
9.526135808500244e-05
-0.00024377137274059598
0.0001607230092818759
-0.0003058133854421104
0.0002061553492916463
-0.00021983390327308256
0.00017391304347826085
-0.00027015144113336594
0.00016511968734733755
-0.00034245236932095753
7.767464582315583e-05
-0.00027747923790913534
0.00017684416218856862
-0.00027259404005862235
0.00022960429897410844
-0.00020224719101123595
0.0001436248168050806
-0.0002320468978993649
0.00010796287249633609
-0.0003058133854421104
0.00012115290669272105
-0.0002926233512457255
0.00019052271617000488
-0.00032095749877870055
0.00018661455788959453
-0.0002506106497313141
9.03761602344895e-05
-0.00026477772349780166
0.00012261846604787494
-0.0002994626282364436
0.00016218856863702978
-0.00028529555446995603
0.00017586712261846604
-0.00028676111382510994
0.0002144601856375183
-0.0002677088422081094
0.00010014655593551538
-0.0001983390327308256
0.00015486077186126036
-0.000281875915974597
8.597948216902785e-05
-0.00024621397166585244
0.00018368343917928677
-0.0002672203224230582
0.0001704934049829018
-0.00025647288715192966
0.00021006350757205668
-0.0002085979482169028
0.0001797752808988764
-0.0002804103566194431
0.00010307767464582315
-0.0003023937469467514
0.00013727405959941378
-0.0002667318026380068
0.0002554958475818271
-0.00023693209574987786
0.00013776257938446506
-0.00023986321446018563
0.00012945774303859306
-0.00033707865168539324
0.00010503175378602834
-0.0002672203224230582
0.00020908646800195407
-0.00030776746458231557
0.00013287738153395213
-0.0002843185148998534
0.00014851001465559355
-0.00023839765510503175
0.00016414264777723497
-0.0003253541768441622
0.00011919882755251587
-0.0002808988764044944
0.00014118221787982413
-0.00027259404005862235
0.00021592574499267218
-0.00025500732779677575
0.00014802149487054225
-0.0002491450903761602
0.00022765021983390326
-0.0002618466047874939
0.000189057156814851
-0.00026575476306790426
0.0001787982413287738
-0.0003009281875915975
0.00019296531509526135
-0.00023595505617977528
0.00017391304347826085
-0.00020224719101123595
0.00010991695163654128
-0.0003136297020029311
0.00010161211529066927
-0.00028627259404005864
0.00015534929164631167
-0.0003302393746946751
0.00027357107962872496
-0.00023106985832926233
0.0001607230092818759
-0.00023693209574987786
0.00010258915486077186
-0.00029653150952613585
6.643869076697607e-05
-0.00023546653639472398
0.0002242305813385442
-0.0003180263800683928
0.0001885686370297997
-0.0002760136785539815
0.00016218856863702978
-0.0002247191011235955
0.00013678553981436248
-0.0002696629213483146
0.00014264777723497802
-0.00024035173424523693
0.0001719589643380557
-0.00025598436736687835
0.00015046409379579874
-0.0002642892037127504
0.00010600879335613092
-0.00021836834391792868
0.000180752320468979
-0.00024572545188080114
0.0001612115290669272
-0.000281875915974597
0.0002071323888617489
-0.0002970200293111871
0.00018417195896433804
-0.0002608695652173913
0.00017782120175867123
-0.0002496336101612115
0.00013287738153395213
-0.0002760136785539815
0.00013922813873961894
-0.00021739130434782607
0.0001529066927210552
-0.00028529555446995603
0.00019687347337567172
-0.0002510991695163654
0.0001353199804592086
-0.00025158768930141673
0.00017635564240351735
-0.00029653150952613585
5.9599413776257937e-05
-0.0002535417684416219
0.0002340009770395701
-0.00028236443575964826
0.00019443087445041523
-0.00022813873961895456
0.0001167562286272594
-0.00029555446995603325
0.0001265266243282853
-0.00027454811919882757
0.00018514899853444065
-0.0002427943331704934
0.0001700048851978505
-0.0003160723009281876
0.00010063507572056669
-0.0002711284807034685
9.086468001954079e-05
-0.00023106985832926233
0.00015730337078651685
-0.00031656082071323887
0.00016414264777723497
-0.00024816805080605766
0.00014997557401074744
-0.0003141182217879824
0.00017293600390815827
-0.00022032242305813384
0.00014557889594528578
-0.0002169027845627748
9.330727894479727e-05
-0.0003146067415730337
9.526135808500244e-05
-0.0002579384465070835
0.0001529066927210552
-0.00023839765510503175
0.00022227650219833902
-0.0002672203224230582
0.00010210063507572057
-0.0002164142647777235
0.00015730337078651685
-0.0003092330239374695
7.425500732779678e-05
-0.00021739130434782607
0.0001802638006839277
-0.00026917440156326334
0.0002232535417684416
-0.00021787982413287737
0.00012945774303859306
-0.00027357107962872496
0.00011333659013190034
-0.0002838299951148022
0.00015339521250610648
-0.00029506595017098194
0.00011284807034684905
-0.00028285295554469957
0.00021055202735710795
-0.0002506106497313141
0.00015144113336590132
-0.0002716170004885198
0.00017586712261846604
-0.00025256472887151934
9.965803615046409e-05
-0.0002804103566194431
0.0001460674157303371
-0.00032095749877870055
0.00015486077186126036
-0.00025696140693698096
0.00012945774303859306
-0.0002452369320957499
0.00012750366389838787
-0.0002510991695163654
0.0001250610649731314
-0.00025647288715192966
0.00015046409379579874
-0.0002452369320957499
0.00022911577918905714
-0.00024670249145090375
0.0001255495847581827
-0.0002491450903761602
0.00010552027357107963
-0.00028676111382510994
0.00012261846604787494
-0.0002247191011235955
0.00022618466047874937
-0.00032046897899364925
0.00015974596971177332
-0.00019101123595505618
0.00019101123595505618
-0.0003082559843673669
1.5632633121641426e-05
-0.0004259892525647289
-3.663898387884709e-05
-0.0003961895456765999
2.1983390327308255e-05
-0.00045432340009770396
3.712750366389839e-05
-0.0004289203712750366
-0.00013141182217879825
-0.00046995603321934535
-0.0001524181729360039
-0.0005295554469956033
-0.00018612603810454323
-0.0005393258426966292
-0.00011480214948705422
-0.0005676599902296043
-0.00019394235466536395
-0.0005842696629213483
-0.00021006350757205668
-0.0005280898876404493
-0.0002579384465070835
-0.0006453346360527601
-0.0002906692721055203
-0.0006805080605764533
-0.0003224230581338544
-0.0006497313141182218
-0.00019149975574010746
-0.0006648754274548119
-0.0004000977039570103
-0.0006951636541279922
-0.00039423546653639474
-0.000794333170493405
-0.00045872007816316564
-0.0007029799706888129
-0.00034733756717147046
-0.0007708842208109429
-0.00039325842696629214
-0.0008221787982413287
-0.000504152418172936
-0.0008221787982413287
-0.0005691255495847581
-0.0008280410356619443
-0.0005051294577430387
-0.0008534440644846116
-0.0005359062042012701
-0.0009027845627747924
-0.000557401074743527
-0.0008895945285784073
-0.0006233512457254519
-0.0008578407425500732
-0.0005622862725940401
-0.000997068881289692
-0.0007327796775769418
-0.0009926722032242306
-0.0006419149975574011
-0.000961895456765999
-0.0006428920371275036
-0.0009267220322423058
-0.0007528089887640449
-0.0010293111871030778
-0.0007596482657547631
-0.0010376160234489497
-0.0007743038593063018
-0.001084513922813874
-0.0007640449438202247
-0.0010884220810942844
-0.0008168050806057646
-0.001117733268197362
-0.0008768930141670738
-0.001134342940889106
-0.000910600879335613
-0.001215437225207621
-0.0009623839765510503
-0.0012159257449926722
-0.0009506595017098193
-0.001228627259404006
-0.0008969223253541768
-0.0011954079140205178
-0.0010112359550561798
-0.0012848070346849047
-0.0011519296531509527
-0.001285295554469956
-0.0010595994137762579
-0.001276990718124084
-0.0009965803615046408
-0.0012896922325354176
-0.0011182217879824132
-0.0013825109916951637
-0.0011455788959452858
-0.0013551538837322911
-0.0010991695163654128
-0.0013790913531998045
-0.0011866145578895947
-0.0014733756717147043
-0.0012232535417684416
-0.0014616511968734733
-0.0011739130434782609
-0.0014318514899853444
-0.0012110405471421593
-0.0014308744504152417
-0.0013014167073766487
-0.001540791402051783
-0.0013414753297508548
-0.0015901319003419638
-0.0013409868099658036
-0.001587200781631656
-0.0012427943331704933
-0.0015466536394723987
-0.0014719101123595506
-0.0015925744992672205
-0.0014215925744992673
-0.0016262823644357595
-0.001495847581827064
-0.001605276013678554
-0.0014000977039570102
-0.0017029799706888128
-0.001441133365901319
-0.001643380556912555
-0.0015276013678553982
-0.0016277479237909137
-0.0015710796287249633
-0.0017835857352222766
-0.0016013678553981436
-0.0017650219833903274
-0.0015525158768930141
-0.001752808988764045
-0.0015319980459208597
-0.0017904250122129945
-0.001720078163165608
-0.0017928676111382512
-0.0016262823644357595
-0.001845627747923791
-0.0017274059599413775
-0.0018231558378114315
-0.0016595017098192477
-0.0019452857840742551
-0.001727894479726429
-0.001873961895456766
-0.0018128969223253542
-0.0018715192965315095
-0.0017840742550073278
-0.0019956033219345384
-0.001855886663409868
-0.002007816316560821
-0.0018519785051294578
-0.002053248656570591
-0.0018353688324377138
-0.0019741084513922812
-0.0018793356130923301
-0.0020879335613092328
-0.001908646800195408
-0.0021358085002442595
-0.0020087933561309234
-0.0020258915486077184
-0.001970200293111871
-0.0021235955056179774
-0.0020239374694675134
-0.0021250610649731316
-0.0020679042501221302
-0.0021822178798241326
-0.0020835368832437715
-0.002213971665852467
-0.0020625305324865656
-0.002171958964338056
-0.0021084513922813874
-0.0022784562774792383
-0.002174401563263312
-0.0022398632144601856
-0.0021753786028334146
-0.00226038104543234
-0.0022037127503663897
-0.00234342940889106
-0.002220322423058134
-0.002333170493404983
-0.002237420615534929
-0.0024176844162188565
-0.0022349780166096727
-0.0023292623351245725
-0.00228676111382511
-0.00240742550073278
-0.002252564728871519
-0.0023986321446018565
-0.0023077674645823154
-0.002404982901807523
-0.002391792867611138
-0.0025466536394723985
-0.0023419638495359063
-0.0024699560332193454
-0.002449438202247191
-0.0024601856375183195
-0.0024255007327796774
-0.00252076209086468
-0.0024474841231069857
-0.0024836345872007817
-0.0023952125061064973
-0.0024797264289203712
-0.0024186614557889594
-0.0024553004396678066
-0.0024601856375183195
-0.0024680019540791404
-0.00235857352222765
-0.00250561797752809
-0.002387396189545677
-0.002507083536883244
-0.002406448461162677
-0.002507572056668295
-0.0024255007327796774
-0.0024372252076209086
-0.0024235466536394724
-0.0024553004396678066
-0.0023458720078163163
-0.0025065950170981926
-0.0024235466536394724
-0.002477772349780166
-0.0024284318514899853
-0.0024855886663409867
-0.0023903273082559844
-0.0024836345872007817
-0.002409868099658036
-0.00247923790913532
-0.002391792867611138
-0.0025398143624816806
-0.0024269662921348315
-0.002505129457743039
-0.002432828529555447
-0.0025627747923790915
-0.0023400097703957013
-0.002457254518808012
-0.002460674157303371
-0.002469467513434294
-0.0023986321446018565
-0.0025564240351734244
-0.002449438202247191
-0.002456277479237909
-0.0023605276013678555
-0.0024836345872007817
-0.0023273082559843675
-0.0024294088910600878
-0.002394723986321446
-0.002468978993649243
-0.002391792867611138
-0.00249438202247191
-0.0024123106985832928
-0.002463116756228627
-0.00234342940889106
-0.0024831460674157304
-0.002379579872984856
-0.002449438202247191
-0.002394723986321446
-0.002440156326331216
-0.0023273082559843675
-0.002440156326331216
-0.0024367366878358574
-0.0024782608695652175
-0.002366389838788471
-0.0024875427454811917
-0.002349780166096727
-0.00243380556912555
-0.0023986321446018565
-0.0024650708353688325
-0.0024118221787982415
-0.0025105031753786026
-0.0024157303370786515
-0.0024347826086956524
-0.002394723986321446
-0.0024723986321446016
-0.002387396189545677
-0.0024235466536394724
-0.0024626282364435758
-0.002460674157303371
-0.002420615534929165
-0.0025373717635564243
-0.0024269662921348315
-0.0025017098192476796
-0.0023273082559843675
-0.0025280898876404497
-0.002364924279433317
-0.0024904738641915
-0.0024084025403028823
-0.002477772349780166
-0.0024142647777234977
-0.0024909623839765513
-0.002366878358573522
-0.002484611626770884
-0.0023488031265266247
-0.002534929164631167
-0.0023776257938446506
-0.0024577430385930633
-0.0024411333659013186
-0.0024680019540791404
-0.0023575964826575476
-0.0024875427454811917
-0.0024132877381533952
-0.0024626282364435758
-0.0023321934538348805
-0.002486565705911089
-0.002333659013190034
-0.00243380556912555
-0.0023908158280410356
-0.0024704445530043966
-0.002374206155349292
-0.0024909623839765513
-0.0024425989252564733
-0.0025319980459208597
-0.002393258426966292
-0.0025041524181729363
-0.002391304347826087
-0.0024421104054714216
-0.002430874450415242
-0.0024816805080605767
-0.002447972642892037
-0.0025031753786028334
-0.002449438202247191
-0.0025393258426966293
-0.0024005862237420615
-0.002513922813873962
-0.002326331216414265
-0.002489985344406449
-0.0024132877381533952
-0.0024909623839765513
-0.0024499267220322424
-0.0024553004396678066
-0.002420615534929165
-0.0025129457743038592
-0.002387396189545677
-0.0025315095261358085
-0.0023776257938446506
-0.0024465070835368832
-0.0024543234000977037
-0.0024963361016121155
-0.0023106985832926233
-0.002492427943331705
-0.0023678553981436247
-0.0025144113336590134
-0.0023595505617977526
-0.0025148998534440647
-0.0023502686858817784
-0.0024196384953590624
-0.00238495359062042
-0.002469467513434294
-0.002389838788470933
-0.0025295554469956035
-0.0024435759648265758
-0.0025315095261358085
-0.002387884709330728
-0.002501221299462628
-0.0023624816805080605
-0.0024484611626770882
-0.002427454811919883
-0.002449438202247191
-0.002383488031265266
-0.00252467024914509
-0.0023155837811431363
-0.0024386907669760624
-0.0024142647777234977
-0.0025105031753786026
-0.002387396189545677
-0.002404982901807523
-0.0023927699071812406
-0.0024953590620420125
-0.0024367366878358574
-0.0024636052760136783
-0.00234342940889106
-0.00245285784074255
-0.0023624816805080605
-0.0025300439667806547
-0.0023732291157791893
-0.002455788959452858
-0.002434294088910601
-0.00242256961406937
-0.0023751831949193943
-0.0025007327796775767
-0.002467513434294089
-0.0025095261358085
-0.0023507572056668297
-0.0025168539325842697
-0.002401563263312164
-0.002421104054714216
-0.0023590620420127014
-0.002486077186126038
-0.0024264777723497803
-0.002501221299462628
-0.0024797264289203712
-0.0025105031753786026
-0.0023522227650219834
-0.002511480214948705
-0.00234733756717147
-0.0024636052760136783
-0.002467513434294089
-0.0024162188568637027
-0.002349291646311676
-0.002502686858817782
-0.0024269662921348315
-0.0024538348803126524
-0.0023488031265266247
-0.0024963361016121155
-0.0023502686858817784
-0.002453346360527601
-0.00243771372740596
-0.0024851001465559354
-0.0024196384953590624
-0.0024719101123595504
-0.002432828529555447
-0.002435759648265755
-0.0023986321446018565
-0.002513922813873962
-0.002338055691255496
-0.00247923790913532
-0.0023971665852467027
-0.0024294088910600878
-0.0023268197361993163
-0.0024767953102100633
-0.002433317049340498
-0.0024523693209574987
-0.0023605276013678555
-0.0025417684416218856
-0.00240009770395701
-0.0024391792867611136
-0.0023961895456766002
-0.0024728871519296533
-0.0024303859306301903
-0.0024645823155837808
-0.0024132877381533952
-0.002474352711284807
-0.002333659013190034
-0.002515876893014167
-0.0022515876893014165
-0.002440156326331216
-0.002449438202247191
-0.002447972642892037
-0.002397655105031754
-0.00252467024914509
-0.00247923790913532
-0.0024548119198827554
-0.002344894968246214
-0.002482169027845628
-0.002370786516853932
-0.00243771372740596
-0.0024113336590131903
-0.0024660478749389354
-0.002451392281387396
-0.002416707376648754
-0.0023776257938446506
-0.0024553004396678066
-0.002378114313629702
-0.0024870542256961404
-0.0023624816805080605
-0.0024885197850512946
-0.0023922813873961894
-0.002394723986321446
-0.0024391792867611136
-0.0025061064973131413
-0.002427454811919883
-0.002446018563751832
-0.0024040058622374206
-0.0025041524181729363
-0.0023619931607230093
-0.0023776257938446506
-0.0023502686858817784
-0.002439667806546165
-0.002410845139228139
-0.002525158768930142
-0.0024665363947239866
-0.0024723986321446016
-0.0023790913531998048
-0.0025183194919394234
-0.0023737176355642406
-0.002430874450415242
-0.0024137762579384465
-0.002480703468490474
-0.002381533952125061
-0.0025442110405471422
-0.0024005862237420615
-0.0025017098192476796
-0.0023444064484611626
-0.002482169027845628
-0.0023771372740595993
-0.0024435759648265758
-0.0024264777723497803
-0.002480703468490474
-0.0023952125061064973
-0.002463116756228627
-0.0023908158280410356
-0.0024523693209574987
-0.0023522227650219834
-0.002491939423546654
-0.002330239374694675
-0.002449438202247191
-0.0024367366878358574
-0.002435759648265755
-0.0024113336590131903
-0.0025095261358085
-0.002461162677088422
-0.00247923790913532
-0.0024767953102100633
-0.0025148998534440647
-0.002386419149975574
-0.0024294088910600878
-0.002351734245236932
-0.002455788959452858
-0.00240742550073278
-0.0024875427454811917
-0.0024421104054714216
-0.0024836345872007817
-0.002370297997068881
-0.00250561797752809
-0.002356619443087445
-0.0024284318514899853
-0.002407914020517831
-0.0024929164631167563
-0.0024484611626770882
-0.0024963361016121155
-0.0024391792867611136
-0.0024626282364435758
-0.0023488031265266247
-0.0024523693209574987
-0.0023146067415730338
-0.002453346360527601
-0.002371763556424035
-0.0024601856375183195
-0.002439667806546165
-0.002486077186126038
-0.002427454811919883
-0.002475818270639961
-0.0023859306301905227
-0.0025095261358085
-0.0023527112848070347
-0.0024621397166585245
-0.0024352711284807036
-0.0024567659990229604
-0.0024289203712750365
-0.002525647288715193
-0.0023825109916951635
-0.0024802149487054225
-0.0023751831949193943
-0.0025183194919394234
-0.0023419638495359063
-0.0024553004396678066
-0.0024040058622374206
-0.0024123106985832928
-0.002389350268685882
-0.0025105031753786026
-0.0024596971177332683
-0.002473864191499756
-0.002402051783097215
-0.002480703468490474
-0.002338544211040547
-0.0023825109916951635
-0.002384465070835369
-0.002407914020517831
-0.0023776257938446506
-0.002463116756228627
-0.0024137762579384465
-0.0024411333659013186
-0.0023458720078163163
-0.002497801660967269
-0.002364435759648266
-0.0024372252076209086
-0.0024010747435271127
-0.002468978993649243
-0.002410845139228139
-0.0025041524181729363
-0.002418172936003908
-0.002427943331704934
-0.0023654127992183685
-0.0025466536394723985
-0.0023829995114802147
-0.0024518808011724474
-0.0024684904738641916
-0.002429897410845139
-0.0023404982901807526
-0.0024616511968734733
-0.0024196384953590624
-0.0024855886663409867
-0.0023678553981436247
-0.002439667806546165
-0.002399609184171959
-0.002431362970200293
-0.0023209574987787004
-0.002439667806546165
-0.002361016121152907
-0.0024914509037616025
-0.0024489496824621395
-0.0025363947239863214
-0.0024269662921348315
-0.0024816805080605767
-0.002346849047386419
-0.0024636052760136783
-0.002403028822667318
-0.0024523693209574987
-0.002446018563751832
-0.0024909623839765513
-0.0024450415241817295
-0.002399609184171959
-0.0022823644357596483
-0.0024601856375183195
-0.0023595505617977526
-0.0024152418172936002
-0.0024054714215925744
-0.0024269662921348315
-0.0023771372740595993
-0.002493893502686859
-0.0024113336590131903
-0.0025046409379579876
-0.002364435759648266
-0.002519296531509526
-0.002404494382022472
-0.002451392281387396
-0.002378602833414753
-0.002407914020517831
-0.0023820224719101122
-0.002493893502686859
-0.002398143624816805
-0.002524181729360039
-0.0024953590620420125
-0.0025442110405471422
-0.002414753297508549
-0.0024010747435271127
-0.002378602833414753
-0.0024416218856863703
-0.00242256961406937
-0.002486077186126038
-0.002387884709330728
-0.002461162677088422
-0.002402540302882267
-0.002505129457743039
-0.0023507572056668297
-0.0024567659990229604
-0.00238495359062042
-0.0024626282364435758
-0.0024118221787982415
-0.0025095261358085
-0.0024469956033219345
-0.002438202247191011
-0.002325842696629214
-0.0024875427454811917
-0.0023575964826575476
-0.002449438202247191
-0.0024836345872007817
-0.002427454811919883
-0.002395701025891549
-0.002461162677088422
-0.002440156326331216
-0.002476306790425012
-0.0023478260869565218
-0.002497313141182218
-0.0023673668783585735
-0.002469467513434294
-0.0024450415241817295
-0.0024352711284807036
-0.0023527112848070347
-0.002486077186126038
-0.002431362970200293
-0.0024728871519296533
-0.002414753297508549
-0.002486565705911089
-0.0023820224719101122
-0.0023927699071812406
-0.0024035173424523694
-0.0024430874450415245
-0.0024352711284807036
-0.00252467024914509
-0.002431362970200293
-0.0024269662921348315
-0.0023903273082559844
-0.0025119687347337567
-0.0023869076697606256
-0.002453346360527601
-0.002395701025891549
-0.0024489496824621395
-0.0024040058622374206
-0.002520273571079629
-0.002427943331704934
-0.0024465070835368832
-0.0023390327308255984
-0.0024958475818270638
-0.002379579872984856
-0.0024518808011724474
-0.0024264777723497803
-0.0024421104054714216
-0.0023800683927699073
-0.002515388373229116
-0.002378602833414753
-0.0024802149487054225
-0.0024103566194430878
-0.0025334636052760135
-0.002379579872984856
-0.0024176844162188565
-0.002381533952125061
-0.002427943331704934
-0.0023751831949193943
-0.0024406448461162674
-0.0024289203712750365
-0.00252467024914509
-0.0024010747435271127
-0.0025280898876404497
-0.002305324865657059
-0.0024284318514899853
-0.002383488031265266
-0.0024284318514899853
-0.0024162188568637027
-0.0025065950170981926
-0.0024455300439667807
-0.0025080605764533463
-0.002351245725451881
-0.0024601856375183195
-0.00234342940889106
-0.0023820224719101122
-0.0023522227650219834
-0.0024655593551538837
-0.002404494382022472
-0.0025041524181729363
-0.0024220810942843186
-0.0024391792867611136
-0.002341475329750855
-0.0025188080117244747
-0.0023483146067415734
-0.0024240351734245236
-0.0024435759648265758
-0.002420615534929165
-0.002372740595994138
-0.0024870542256961404
-0.0023805569125549585
-0.0024553004396678066
-0.0023624816805080605
-0.0024728871519296533
-0.0023463605276013676
-0.0024489496824621395
-0.0024103566194430878
-0.0024294088910600878
-0.0024118221787982415
-0.002480703468490474
-0.002450903761602345
-0.002511480214948705
-0.0023678553981436247
-0.002497801660967269
-0.002387396189545677
-0.0023942354665363944
-0.00242256961406937
-0.002381533952125061
-0.0023952125061064973
-0.0025363947239863214
-0.0024543234000977037
-0.0025266243282852955
-0.0023971665852467027
-0.0024645823155837808
-0.0023595505617977526
-0.0024391792867611136
-0.0024084025403028823
-0.002432828529555447
-0.002401563263312164
-0.002476306790425012
-0.0024577430385930633
-0.002420615534929165
-0.0023341475329750855
-0.0024875427454811917
-0.0023800683927699073
-0.002486565705911089
-0.0024235466536394724
-0.002440156326331216
-0.0023507572056668297
-0.0024430874450415245
-0.002391792867611138
-0.002468978993649243
-0.0023287738153395213
-0.0025510503175378606
-0.0023883732291157794
-0.0024655593551538837
-0.0023942354665363944
-0.0024548119198827554
-0.002362970200293112
-0.0025119687347337567
-0.0024284318514899853
-0.0025002442598925255
-0.002401563263312164
-0.0024987787005373717
-0.0023908158280410356
-0.0024088910600879336
-0.002371763556424035
-0.002425989252564729
-0.002402051783097215
-0.0024816805080605767
-0.0024220810942843186
-0.0024567659990229604
-0.0024137762579384465
-0.0024543234000977037
-0.002368343917928676
-0.0024577430385930633
-0.002378114313629702
-0.0024523693209574987
-0.002389350268685882
-0.0024548119198827554
-0.0024474841231069857
-0.0024538348803126524
-0.002355153883732291
-0.002497313141182218
-0.0023624816805080605
-0.0024347826086956524
-0.00243380556912555
-0.0024665363947239866
-0.0024650708353688325
-0.0024772838299951146
-0.0023732291157791893
-0.0024772838299951146
-0.002389838788470933
-0.0025232046897899364
-0.0023546653639472397
-0.0024538348803126524
-0.002434294088910601
-0.0024875427454811917
-0.0023922813873961894
-0.0024601856375183195
-0.0023805569125549585
-0.002513434294088911
-0.002381533952125061
-0.0024934049829018075
-0.002370786516853932
-0.002425012212994626
-0.0023829995114802147
-0.002431362970200293
-0.0024035173424523694
-0.00250561797752809
-0.0024465070835368832
-0.002434294088910601
-0.002419149975574011
-0.002477772349780166
-0.0023175378602833417
-0.002402051783097215
-0.002475818270639961
-0.0024294088910600878
-0.0024352711284807036
-0.002543722520762091
-0.002435759648265755
-0.0024504152418172937
-0.0023390327308255984
-0.0025373717635564243
-0.002321934538348803
-0.0024215925744992674
-0.0024474841231069857
-0.002456277479237909
-0.002429897410845139
-0.0024650708353688325
-0.0023805569125549585
-0.0024728871519296533
-0.002341475329750855
-0.0024934049829018075
-0.002351734245236932
-0.002455788959452858
-0.0024059599413776256
-0.0024411333659013186
-0.0023805569125549585
-0.0024665363947239866
-0.002366878358573522
-0.0024733756717147046
-0.002404982901807523
-0.0025271128480703468
-0.0024386907669760624
-0.002427943331704934
-0.002416707376648754
-0.0024484611626770882
-0.0024186614557889594
-0.0024885197850512946
-0.0024548119198827554
-0.002511480214948705
-0.002394723986321446
-0.0024645823155837808
-0.002345383488031265
-0.002420615534929165
-0.002455788959452858
-0.002469467513434294
-0.0024059599413776256
-0.0024816805080605767
-0.0024318514899853445
-0.0024538348803126524
-0.002356130923302394
-0.002489496824621397
-0.002366878358573522
-0.0024372252076209086
-0.002370786516853932
-0.0024601856375183195
-0.0024255007327796774
-0.002482169027845628
-0.0024132877381533952
-0.0024831460674157304
-0.002329750854909624
-0.0025212506106497314
-0.002389350268685882
-0.0024372252076209086
-0.0023869076697606256
-0.002447972642892037
-0.002368832437713727
-0.002477772349780166
-0.0024386907669760624
-0.0025163654127992184
-0.002387884709330728
-0.0024772838299951146
-0.002353199804592086
-0.0024474841231069857
-0.002431362970200293
-0.002482169027845628
-0.002404494382022472
-0.002492427943331705
-0.0024157303370786515
-0.002501221299462628
-0.002402540302882267
-0.0024870542256961404
-0.002372740595994138
-0.0024499267220322424
-0.002453346360527601
-0.0024626282364435758
-0.0023483146067415734
-0.0024929164631167563
-0.002404494382022472
-0.0024469956033219345
-0.002361504640937958
-0.002522716170004885
-0.002361016121152907
-0.0024132877381533952
-0.0024176844162188565
-0.002425012212994626
-0.0024386907669760624
-0.002489008304836346
-0.002393746946751343
-0.0024455300439667807
-0.0023439179286761113
-0.002538837322911578
-0.0023800683927699073
-0.0024303859306301903
-0.0024323400097703957
-0.002404982901807523
-0.0023888617489008306
-0.002492427943331705
-0.002429897410845139
-0.002507083536883244
-0.0024323400097703957
-0.0025276013678553985
-0.0023654127992183685
-0.002409868099658036
-0.0023800683927699073
-0.002475818270639961
-0.0023922813873961894
-0.0024553004396678066
-0.002401563263312164
-0.0025007327796775767
-0.0023502686858817784
-0.0024958475818270638
-0.0023522227650219834
-0.0024616511968734733
-0.0024455300439667807
-0.002459208597948217
-0.002401563263312164
-0.0025373717635564243
-0.0024469956033219345
-0.0024636052760136783
-0.002372252076209087
-0.0024753297508549096
-0.002331704934049829
-0.0024665363947239866
-0.0024748412310698583
-0.0024684904738641916
-0.0024748412310698583
-0.0024811919882755254
-0.0023810454323400097
-0.002450903761602345
-0.0023776257938446506
-0.002540791402051783
-0.002374694675134343
-0.002432828529555447
-0.002423058133854421
-0.0024318514899853445
-0.0023966780654616515
-0.0024934049829018075
-0.0023991206643869077
-0.0024499267220322424
-0.002409379579872985
-0.0024982901807523205
-0.002353199804592086
-0.002412799218368344
-0.0024386907669760624
-0.00247923790913532
-0.002374206155349292
-0.002534440644846116
-0.0024787493893502687
-0.0024723986321446016
-0.0023546653639472397
-0.002459208597948217
-0.0023820224719101122
-0.0024005862237420615
-0.002406448461162677
-0.0024269662921348315
-0.0024518808011724474
-0.0024782608695652175
-0.002394723986321446
-0.002425989252564729
-0.002372740595994138
-0.0024640937957987295
-0.0023404982901807526
-0.0024650708353688325
-0.0024450415241817295
-0.0024132877381533952
-0.0024084025403028823
-0.0024421104054714216
-0.002381533952125061
-0.002460674157303371
-0.0023698094772838297
-0.0025036638983878846
-0.002374206155349292
-0.0024816805080605767
-0.0024323400097703957
-0.002404494382022472
-0.0023927699071812406
-0.002453346360527601
-0.002376648754274548
-0.002421104054714216
-0.0023522227650219834
-0.0025119687347337567
-0.002386419149975574
-0.0024152418172936002
-0.0023575964826575476
-0.0024767953102100633
-0.0023991206643869077
-0.0024948705422569613
-0.002435759648265755
-0.0025100146555935513
-0.0023805569125549585
-0.0024416218856863703
-0.0023292623351245725
-0.002420615534929165
-0.0024489496824621395
-0.0024391792867611136
-0.002391792867611138
-0.0024953590620420125
-0.002409868099658036
-0.00250561797752809
-0.0024553004396678066
-0.0025295554469956035
-0.002384465070835369
-0.002484611626770884
-0.0024416218856863703
-0.0024201270151441136
-0.0023639472398632147
-0.002409868099658036
-0.0023307278944797263
-0.002416707376648754
-0.002358085002442599
-0.0025319980459208597
-0.002374206155349292
-0.0024553004396678066
-0.0024303859306301903
-0.002419149975574011
-0.0023961895456766002
-0.0024953590620420125
-0.0024548119198827554
-0.0024699560332193454
-0.002394723986321446
-0.002517342452369321
-0.0023654127992183685
-0.0024010747435271127
-0.002383488031265266
-0.0024137762579384465
-0.0024132877381533952
-0.002497313141182218
-0.0024318514899853445
-0.002515876893014167
-0.0023825109916951635
-0.0024640937957987295
-0.0023790913531998048
-0.002482657547630679
-0.002409379579872985
-0.002457254518808012
-0.002436248168050806
-0.0025217391304347826
-0.002427454811919883
-0.0024650708353688325
-0.0023810454323400097
-0.0025446995603321935
-0.002374694675134343
-0.0025129457743038592
-0.002406448461162677
-0.0024948705422569613
-0.002404494382022472
-0.0024885197850512946
-0.0024294088910600878
-0.0024782608695652175
-0.0023571079628724964
-0.0024723986321446016
-0.0023732291157791893
-0.002420615534929165
-0.0024567659990229604
-0.0024303859306301903
-0.0024157303370786515
-0.0024391792867611136
-0.002376648754274548
-0.0024435759648265758
-0.0023488031265266247
-0.002501221299462628
-0.00240742550073278
-0.002446018563751832
-0.002387884709330728
-0.0024596971177332683
-0.002418172936003908
-0.002489008304836346
-0.0024465070835368832
-0.002456277479237909
-0.0023942354665363944
-0.0024797264289203712
-0.0023590620420127014
-0.002402540302882267
-0.002425989252564729
-0.002470933072789448
-0.0023820224719101122
-0.00245285784074255
-0.002404982901807523
-0.002474352711284807
-0.0023273082559843675
-0.002489496824621397
-0.0023825109916951635
-0.002435759648265755
-0.002425012212994626
-0.002424523693209575
-0.0023903273082559844
-0.002491939423546654
-0.0023776257938446506
-0.0024855886663409867
-0.002361016121152907
-0.002505129457743039
-0.002368343917928676
-0.0024753297508549096
-0.002444064484611627
-0.0024215925744992674
-0.0023404982901807526
-0.0025510503175378606
-0.0024176844162188565
-0.0024802149487054225
-0.0023361016121152905
-0.0025720566682950656
-0.0024186614557889594
-0.0023971665852467027
-0.0024445530043966783
-0.002410845139228139
-0.002374206155349292
-0.00249438202247191
-0.0024255007327796774
-0.0024567659990229604
-0.0024347826086956524
-0.0024284318514899853
-0.002333659013190034
-0.00242256961406937
-0.0023370786516853934
-0.0024269662921348315
-0.0024220810942843186
-0.002486565705911089
-0.0024235466536394724
-0.002372252076209087
-0.002353199804592086
-0.002476306790425012
-0.0023595505617977526
-0.002444064484611627
-0.002427454811919883
-0.0024680019540791404
-0.002366878358573522
-0.0024445530043966783
-0.0024054714215925744
-0.0024201270151441136
-0.0023639472398632147
-0.002519296531509526
-0.0023883732291157794
-0.0024621397166585245
-0.0024518808011724474
-0.002471421592574499
-0.002435759648265755
-0.0024548119198827554
-0.00243380556912555
-0.0024748412310698583
-0.0023595505617977526
-0.0024958475818270638
-0.002387884709330728
-0.0024137762579384465
-0.0023478260869565218
-0.002434294088910601
-0.0023737176355642406
-0.0025095261358085
-0.0024728871519296533
-0.0024582315583781145
-0.0023693209574987785
-0.0024318514899853445
-0.0023639472398632147
-0.0024445530043966783
-0.002432828529555447
-0.0024543234000977037
-0.002444064484611627
-0.002486565705911089
-0.002450903761602345
-0.0024137762579384465
-0.0023556424035173426
-0.002497801660967269
-0.002329750854909624
-0.0024621397166585245
-0.0023986321446018565
-0.0024235466536394724
-0.002418172936003908
-0.002459208597948217
-0.0023732291157791893
-0.0024684904738641916
-0.0023659013190034197
-0.002488031265266243
-0.0023903273082559844
-0.0024660478749389354
-0.0023693209574987785
-0.002451392281387396
-0.002389838788470933
-0.0024240351734245236
-0.002370786516853932
-0.002501221299462628
-0.002398143624816805
-0.0024948705422569613
-0.002322423058133854
-0.0024289203712750365
-0.0023922813873961894
-0.0024123106985832928
-0.002370297997068881
-0.0024636052760136783
-0.002402051783097215
-0.002534440644846116
-0.002374206155349292
-0.0024811919882755254
-0.0023825109916951635
-0.0024719101123595504
-0.0024421104054714216
-0.00242256961406937
-0.002430874450415242
-0.0024968246213971667
-0.002406936980947728
-0.002424523693209575
-0.0023502686858817784
-0.0024831460674157304
-0.002349291646311676
-0.00240009770395701
-0.0024284318514899853
-0.0024435759648265758
-0.0023961895456766002
-0.002456277479237909
-0.002368832437713727
-0.0024616511968734733
-0.0023654127992183685
-0.0024870542256961404
-0.0023751831949193943
-0.0024680019540791404
-0.002450903761602345
-0.0024264777723497803
-0.0023541768441621884
-0.0024484611626770882
-0.0024176844162188565
-0.0024601856375183195
-0.0024196384953590624
-0.002499755740107474
-0.0023595505617977526
-0.0024303859306301903
-0.002361504640937958
-0.002459208597948217
-0.002438202247191011
-0.0024987787005373717
-0.002456277479237909
-0.002484123106985833
-0.0023673668783585735
-0.002482657547630679
-0.0023194919394235467
-0.002425012212994626
-0.002398143624816805
-0.002486077186126038
-0.002368343917928676
-0.00252467024914509
-0.002423058133854421
-0.002444064484611627
-0.0023209574987787004
-0.002461162677088422
-0.0023424523693209576
-0.00245285784074255
-0.002423058133854421
-0.002482169027845628
-0.0024054714215925744
-0.0024289203712750365
-0.002393746946751343
-0.002488031265266243
-0.0023942354665363944
-0.0024499267220322424
-0.0024123106985832928
-0.0024303859306301903
-0.002394723986321446
-0.0024142647777234977
-0.0022994626282364433
-0.002463116756228627
-0.0024406448461162674
-0.0024982901807523205
-0.0023678553981436247
-0.0025002442598925255
-0.0023800683927699073
-0.002399609184171959
-0.002387884709330728
-0.002374694675134343
-0.0024352711284807036
-0.002511480214948705
-0.002402540302882267
-0.0024484611626770882
-0.0023805569125549585
-0.002468978993649243
-0.002376160234489497
-0.0024240351734245236
-0.002429897410845139
-0.002468978993649243
-0.002391304347826087
-0.0025412799218368343
-0.002404982901807523
-0.0024455300439667807
-0.002316560820713239
-0.0024782608695652175
-0.0023287738153395213
-0.002502686858817782
-0.0024391792867611136
-0.0024875427454811917
-0.0023927699071812406
-0.0024010747435271127
-0.0023829995114802147
-0.0025334636052760135
-0.0023737176355642406
-0.002507083536883244
-0.002427943331704934
-0.002491939423546654
-0.0024411333659013186
-0.002406448461162677
-0.0023502686858817784
-0.0025232046897899364
-0.0023810454323400097
-0.0024538348803126524
-0.0023673668783585735
-0.0024870542256961404
-0.002340986809965804
-0.0024386907669760624
-0.002340986809965804
-0.0023839765510503177
-0.002349780166096727
-0.002475818270639961
-0.0024416218856863703
-0.0024626282364435758
-0.002374694675134343
-0.002482169027845628
-0.002338055691255496
-0.0024255007327796774
-0.002372740595994138
-0.00240742550073278
-0.002349780166096727
-0.002475818270639961
-0.0023488031265266247
-0.002427943331704934
-0.002358085002442599
-0.002489008304836346
-0.0022994626282364433
-0.0024162188568637027
-0.002391304347826087
-0.002449438202247191
-0.0023952125061064973
-0.0024753297508549096
-0.0023810454323400097
-0.0024601856375183195
-0.002361504640937958
-0.0024802149487054225
-0.002364435759648266
-0.002484123106985833
-0.002362970200293112
-0.0023966780654616515
-0.0023839765510503177
-0.0024904738641915
-0.002397655105031754
-0.0024465070835368832
-0.002379579872984856
-0.0025183194919394234
-0.0023942354665363944
-0.00240742550073278
-0.0023888617489008306
-0.002425012212994626
-0.0023483146067415734
-0.0024802149487054225
-0.0024347826086956524
-0.002491939423546654
-0.0023605276013678555
-0.0024787493893502687
-0.002265754763067904
-0.0024157303370786515
-0.0023971665852467027
-0.002447972642892037
-0.002360039081582804
-0.002515388373229116
-0.002412799218368344
-0.002455788959452858
-0.002349780166096727
-0.002467024914509038
-0.002366878358573522
-0.0024347826086956524
-0.002424523693209575
-0.002522227650219834
-0.0023966780654616515
-0.0025065950170981926
-0.002406936980947728
-0.0024372252076209086
-0.0023111871030776746
-0.002531021006350757
-0.002387396189545677
-0.002486077186126038
-0.0024582315583781145
-0.002370297997068881
-0.0023346360527601367
-0.002532975085490962
-0.0024176844162188565
-0.0025017098192476796
-0.0024123106985832928
-0.002502198339032731
-0.0023624816805080605
-0.0023825109916951635
-0.0023463605276013676
-0.0024553004396678066
-0.0023971665852467027
-0.0025393258426966293
-0.0024118221787982415
-0.002473864191499756
-0.0023903273082559844
-0.0024548119198827554
-0.0023248656570591113
-0.002427454811919883
-0.0023883732291157794
-0.002416707376648754
-0.0023952125061064973
-0.002480703468490474
-0.0024118221787982415
-0.002434294088910601
-0.002368343917928676
-0.0024767953102100633
-0.002360039081582804
-0.00243771372740596
-0.002427943331704934
-0.0024523693209574987
-0.002402051783097215
-0.002444064484611627
-0.002397655105031754
-0.0024870542256961404
-0.002378602833414753
-0.0024958475818270638
-0.002391792867611138
-0.002404494382022472
-0.0024084025403028823
-0.0024504152418172937
-0.0023883732291157794
-0.0024645823155837808
-0.0024215925744992674
-0.002493893502686859
-0.0023292623351245725
-0.0024855886663409867
-0.0023361016121152905
-0.0024411333659013186
-0.002383488031265266
-0.002489008304836346
-0.002389350268685882
-0.0024616511968734733
-0.0024660478749389354
-0.0024885197850512946
-0.0023595505617977526
-0.0024982901807523205
-0.002366878358573522
-0.0024040058622374206
-0.0023732291157791893
-0.0024553004396678066
-0.0023927699071812406
-0.002473864191499756
-0.0023483146067415734
-0.0024626282364435758
-0.0022877381533952124
-0.0025119687347337567
-0.0022940889106008795
-0.0024157303370786515
-0.0024054714215925744
-0.0024455300439667807
-0.002403028822667318
-0.0024660478749389354
-0.0024118221787982415
-0.0024455300439667807
-0.0023087445041524183
-0.002552027357107963
-0.002389838788470933
-0.0024636052760136783
-0.002414753297508549
-0.0023805569125549585
-0.002323888617489008
-0.0024767953102100633
-0.002371763556424035
-0.002419149975574011
-0.0023654127992183685
-0.0025261358085002443
-0.0023810454323400097
-0.002407914020517831
-0.002371275036638984
-0.0025041524181729363
-0.002386419149975574
-0.002488031265266243
-0.002425012212994626
-0.0024553004396678066
-0.0023654127992183685
-0.002482657547630679
-0.0023082559843673666
-0.0024406448461162674
-0.0024255007327796774
-0.0024450415241817295
-0.0023756717147044456
-0.002459208597948217
-0.002381533952125061
-0.0024596971177332683
-0.0023693209574987785
-0.002463116756228627
-0.002353199804592086
-0.0023903273082559844
-0.0024162188568637027
-0.002446018563751832
-0.002432828529555447
-0.002484611626770884
-0.0023839765510503177
-0.0024650708353688325
-0.0023678553981436247
-0.0024616511968734733
-0.002364435759648266
-0.0024142647777234977
-0.0024323400097703957
-0.00235857352222765
-0.002345383488031265
-0.0024704445530043966
-0.002389350268685882
-0.002469467513434294
-0.0024294088910600878
-0.002489496824621397
-0.0023312164142647775
-0.0024054714215925744
-0.0023737176355642406
-0.002425012212994626
-0.002397655105031754
-0.0025080605764533463
-0.002402051783097215
-0.0024323400097703957
-0.0023673668783585735
-0.0025095261358085
-0.002341475329750855
-0.002444064484611627
-0.002364435759648266
-0.0024455300439667807
-0.0023756717147044456
-0.00250561797752809
-0.002418172936003908
-0.0024518808011724474
-0.0023346360527601367
-0.0024626282364435758
-0.0023732291157791893
-0.0024323400097703957
-0.0024010747435271127
-0.002425989252564729
-0.0023908158280410356
-0.002467513434294089
-0.002407914020517831
-0.002435759648265755
-0.002342940889106009
-0.002492427943331705
-0.002335124572545188
-0.0024469956033219345
-0.002449438202247191
-0.002423058133854421
-0.0023639472398632147
-0.0024684904738641916
-0.002407914020517831
-0.0024318514899853445
-0.002376648754274548
-0.00247923790913532
-0.002318026380068393
-0.002421104054714216
-0.002387884709330728
-0.002447972642892037
-0.0023507572056668297
-0.002447972642892037
-0.0024352711284807036
-0.0024118221787982415
-0.0023326819736199317
-0.0024772838299951146
-0.0023502686858817784
-0.0023737176355642406
-0.002409379579872985
-0.0024601856375183195
-0.0023820224719101122
-0.0024543234000977037
-0.002406448461162677
-0.0024655593551538837
-0.0023146067415730338
-0.0024284318514899853
-0.002298974108451392
-0.002404494382022472
-0.002383488031265266
-0.0024318514899853445
-0.002391304347826087
-0.0024411333659013186
-0.002386419149975574
-0.0024372252076209086
-0.0023307278944797263
-0.0024836345872007817
-0.002355153883732291
-0.002461162677088422
-0.002419149975574011
-0.00243380556912555
-0.002423058133854421
-0.0024797264289203712
-0.0024010747435271127
-0.0024523693209574987
-0.002356130923302394
-0.0024753297508549096
-0.0023732291157791893
-0.002386419149975574
-0.0023214460185637517
-0.0024391792867611136
-0.002358085002442599
-0.002520273571079629
-0.002372252076209087
-0.002492427943331705
-0.0023546653639472397
-0.00249438202247191
-0.002349780166096727
-0.0024465070835368832
-0.0024010747435271127
-0.0024142647777234977
-0.0023776257938446506
-0.0025144113336590134
-0.0024040058622374206
-0.0024435759648265758
-0.0023092330239374696
-0.002522227650219834
-0.0023375671714704446
-0.0024665363947239866
-0.002409868099658036
-0.0024640937957987295
-0.0023346360527601367
-0.0024968246213971667
-0.002361016121152907
-0.002435759648265755
-0.0023507572056668297
-0.0024445530043966783
-0.002368832437713727
-0.0024220810942843186
-0.0023737176355642406
-0.002389350268685882
-0.002403028822667318
-0.002434294088910601
-0.0023942354665363944
-0.0024553004396678066
-0.0023776257938446506
-0.0024347826086956524
-0.002389838788470933
-0.002387396189545677
-0.0023737176355642406
-0.00243771372740596
-0.0023654127992183685
-0.002456277479237909
-0.002435759648265755
-0.0024797264289203712
-0.00238495359062042
-0.0024787493893502687
-0.0023624816805080605
-0.002414753297508549
-0.002423058133854421
-0.002418172936003908
-0.0024753297508549096
-0.002468978993649243
-0.0023971665852467027
-0.002393258426966292
-0.0023287738153395213
-0.0024596971177332683
-0.0023478260869565218
-0.002412799218368344
-0.0024132877381533952
-0.00247923790913532
-0.002394723986321446
-0.0024005862237420615
-0.0023751831949193943
-0.002467024914509038
-0.0023106985832926233
-0.0024904738641915
-0.0023854421104054714
-0.0024386907669760624
-0.0023825109916951635
-0.0024269662921348315
-0.0023243771372740596
-0.002458720078163166
-0.0023903273082559844
-0.002418172936003908
-0.002403028822667318
-0.0025481191988275522
-0.0023619931607230093
-0.002398143624816805
-0.002384465070835369
-0.0024548119198827554
-0.002370297997068881
-0.0024851001465559354
-0.002419149975574011
-0.002511480214948705
-0.002412799218368344
-0.002482657547630679
-0.0023155837811431363
-0.002416707376648754
-0.0023634587200781635
-0.002431362970200293
-0.002372252076209087
-0.0025188080117244747
-0.002432828529555447
-0.0023961895456766002
-0.0023346360527601367
-0.0024875427454811917
-0.0022955544699560333
-0.0023922813873961894
-0.00238495359062042
-0.002440156326331216
-0.002404982901807523
-0.0024469956033219345
-0.0023869076697606256
-0.0024157303370786515
-0.0023390327308255984
-0.002459208597948217
-0.0023463605276013676
-0.0024352711284807036
-0.002433317049340498
-0.0024084025403028823
-0.0023624816805080605
-0.002497313141182218
-0.0023678553981436247
-0.002484123106985833
-0.002378602833414753
-0.0025002442598925255
-0.0023160723009281875
-0.002414753297508549
-0.0023595505617977526
-0.002453346360527601
-0.0023634587200781635
-0.0024733756717147046
-0.002407914020517831
-0.0024484611626770882
-0.0023541768441621884
-0.0024665363947239866
-0.0023190034196384954
-0.0024811919882755254
-0.0023903273082559844
-0.00242256961406937
-0.002414753297508549
-0.002515876893014167
-0.002397655105031754
-0.0024421104054714216
-0.0023209574987787004
-0.002484611626770884
-0.002351734245236932
-0.0024421104054714216
-0.0024269662921348315
-0.002449438202247191
-0.0023942354665363944
-0.002449438202247191
-0.002370786516853932
-0.0024523693209574987
-0.0023639472398632147
-0.002444064484611627
-0.0023009281875915975
-0.0023800683927699073
-0.0024347826086956524
-0.002423058133854421
-0.002356130923302394
-0.0025095261358085
-0.0024303859306301903
-0.0024567659990229604
-0.002356130923302394
-0.0025295554469956035
-0.002403028822667318
-0.0023439179286761113
-0.0023541768441621884
-0.0023756717147044456
-0.002351245725451881
-0.0024499267220322424
-0.0024142647777234977
-0.0023820224719101122
-0.002356619443087445
-0.0024816805080605767
-0.0022994626282364433
-0.002403028822667318
-0.0023888617489008306
-0.0024196384953590624
-0.0023952125061064973
-0.0025261358085002443
-0.0023942354665363944
-0.0024421104054714216
-0.002298974108451392
-0.0024465070835368832
-0.002361016121152907
-0.0024523693209574987
-0.0024352711284807036
-0.0023869076697606256
-0.0023942354665363944
-0.002427454811919883
-0.002371275036638984
-0.002402051783097215
-0.0023732291157791893
-0.0024215925744992674
-0.0023619931607230093
-0.0023952125061064973
-0.0024567659990229604
-0.0024059599413776256
-0.002340986809965804
-0.0024523693209574987
-0.0023737176355642406
-0.00240009770395701
-0.0023321934538348805
-0.0024753297508549096
-0.002335124572545188
-0.0023810454323400097
-0.0023673668783585735
-0.002412799218368344
-0.0023869076697606256
-0.002451392281387396
-0.0024255007327796774
-0.0024699560332193454
-0.002406936980947728
-0.0024811919882755254
-0.002316560820713239
-0.0023986321446018565
-0.002404982901807523
-0.002477772349780166
-0.0023942354665363944
-0.002497801660967269
-0.0023659013190034197
-0.0024215925744992674
-0.0023234000977039567
-0.0024474841231069857
-0.0023312164142647775
-0.0024240351734245236
-0.002432828529555447
-0.002410845139228139
-0.0023883732291157794
-0.0024523693209574987
-0.0023634587200781635
-0.0024484611626770882
-0.002386419149975574
-0.0024948705422569613
-0.002361016121152907
-0.002425012212994626
-0.002425012212994626
-0.0023859306301905227
-0.002335613092330239
-0.002449438202247191
-0.0024255007327796774
-0.0024723986321446016
-0.002329750854909624
-0.0024797264289203712
-0.0023756717147044456
-0.0024411333659013186
-0.0023439179286761113
-0.002436248168050806
-0.0024352711284807036
-0.002463116756228627
-0.002406936980947728
-0.002489985344406449
-0.002360039081582804
-0.002461162677088422
-0.002349291646311676
-0.0024220810942843186
-0.0023732291157791893
-0.002416707376648754
-0.0023590620420127014
-0.002489985344406449
-0.0024430874450415245
-0.0024425989252564733
-0.0023541768441621884
-0.002482657547630679
-0.002322423058133854
-0.0024430874450415245
-0.00243771372740596
-0.002439667806546165
-0.002370297997068881
-0.002421104054714216
-0.0023859306301905227
-0.0024425989252564733
-0.002355153883732291
-0.002489008304836346
-0.0023483146067415734
-0.0023829995114802147
-0.0024176844162188565
-0.002399609184171959
-0.0023458720078163163
-0.00245285784074255
-0.0024445530043966783
-0.0024650708353688325
-0.0023790913531998048
-0.0024733756717147046
-0.00235857352222765
-0.002378602833414753
-0.002342940889106009
-0.0024303859306301903
-0.0023810454323400097
-0.0025002442598925255
-0.002372740595994138
-0.0024474841231069857
-0.002378602833414753
-0.002507572056668295
-0.002340986809965804
-0.002404982901807523
-0.0023546653639472397
-0.002453346360527601
-0.002389838788470933
-0.0024626282364435758
-0.00240009770395701
-0.002432828529555447
-0.0023341475329750855
-0.0024851001465559354
-0.0023634587200781635
-0.0024416218856863703
-0.002389350268685882
-0.0024465070835368832
-0.002364924279433317
-0.0024284318514899853
-0.0023654127992183685
-0.0024626282364435758
-0.0023214460185637517
-0.0024684904738641916
-0.0023634587200781635
-0.0023859306301905227
-0.0023859306301905227
-0.0024425989252564733
-0.0023375671714704446
-0.002480703468490474
-0.002358085002442599
-0.0024489496824621395
-0.0023307278944797263
-0.0025007327796775767
-0.002360039081582804
-0.0024523693209574987
-0.002362970200293112
-0.0024523693209574987
-0.002356619443087445
-0.0024982901807523205
-0.002370297997068881
-0.0024137762579384465
-0.002335613092330239
-0.002476306790425012
-0.0023077674645823154
-0.002429897410845139
-0.002449438202247191
-0.0024255007327796774
-0.0023136297020029313
-0.0025041524181729363
-0.0024220810942843186
-0.0024469956033219345
-0.002309721543722521
-0.0024645823155837808
-0.0023365901319003417
-0.0024186614557889594
-0.002394723986321446
-0.0024465070835368832
-0.0023966780654616515
-0.0024499267220322424
-0.002418172936003908
-0.0024406448461162674
-0.002370297997068881
-0.002446018563751832
-0.0023478260869565218
-0.0024367366878358574
-0.002423058133854421
-0.0024010747435271127
-0.002406448461162677
-0.0025100146555935513
-0.0023966780654616515
-0.002438202247191011
-0.002371763556424035
-0.002493893502686859
-0.0023478260869565218
-0.002402540302882267
-0.002338055691255496
-0.0024445530043966783
-0.002407914020517831
-0.002502198339032731
-0.002399609184171959
-0.0024430874450415245
-0.0023800683927699073
-0.002461162677088422
-0.0022955544699560333
-0.002402051783097215
-0.0024123106985832928
-0.0024176844162188565
-0.0024088910600879336
-0.0024430874450415245
-0.0024215925744992674
-0.002409868099658036
-0.002368343917928676
-0.00250561797752809
-0.0023478260869565218
-0.002453346360527601
-0.0024318514899853445
-0.0024196384953590624
-0.002371763556424035
-0.002414753297508549
-0.0023624816805080605
-0.0024323400097703957
-0.0023556424035173426
-0.0025148998534440647
-0.002368343917928676
-0.0024240351734245236
-0.0024010747435271127
-0.0023942354665363944
-0.002435759648265755
-0.002471421592574499
-0.002436248168050806
-0.002423058133854421
-0.00235857352222765
-0.0024645823155837808
-0.0023522227650219834
-0.002360039081582804
-0.002368832437713727
-0.00240009770395701
-0.0023805569125549585
-0.002455788959452858
-0.002389350268685882
-0.0024723986321446016
-0.002341475329750855
-0.002501221299462628
-0.0023170493404982904
-0.002360039081582804
-0.002420615534929165
-0.002381533952125061
-0.002386419149975574
-0.0024855886663409867
-0.0024201270151441136
-0.0024186614557889594
-0.0023361016121152905
-0.002502686858817782
-0.002368343917928676
-0.002416707376648754
-0.0024171958964338052
-0.002406936980947728
-0.0023825109916951635
-0.0024450415241817295
-0.0024323400097703957
-0.0024372252076209086
-0.0023546653639472397
-0.0024968246213971667
-0.0023634587200781635
-0.0024421104054714216
-0.00240009770395701
-0.0024123106985832928
-0.002335124572545188
-0.0024704445530043966
-0.002430874450415242
-0.002460674157303371
-0.002376648754274548
-0.002499755740107474
-0.002330239374694675
-0.0024518808011724474
-0.0023776257938446506
-0.0024391792867611136
-0.002381533952125061
-0.0024909623839765513
-0.0024171958964338052
-0.002447972642892037
-0.0023390327308255984
-0.002499267220322423
-0.0023146067415730338
-0.0023883732291157794
-0.002394723986321446
-0.002366389838788471
-0.002397655105031754
-0.00252467024914509
-0.002364924279433317
-0.0024303859306301903
-0.002320468978993649
-0.002492427943331705
-0.002338544211040547
-0.002407914020517831
-0.002368832437713727
-0.0024294088910600878
-0.002394723986321446
-0.002491939423546654
-0.002381533952125061
-0.0024372252076209086
-0.0022789447972642895
-0.002480703468490474
-0.002273571079628725
-0.0024553004396678066
-0.002366389838788471
-0.002418172936003908
-0.002372252076209087
-0.0024753297508549096
-0.0023991206643869077
-0.00247923790913532
-0.00235857352222765
-0.002484123106985833
-0.002335613092330239
-0.002433317049340498
-0.00232828529555447
-0.0023756717147044456
-0.0023590620420127014
-0.002510991695163654
-0.0024220810942843186
-0.002451392281387396
-0.002291646311675623
-0.002480703468490474
-0.0023043478260869566
-0.0024504152418172937
-0.002440156326331216
-0.0024118221787982415
-0.0023458720078163163
-0.0024797264289203712
-0.00242256961406937
-0.002435759648265755
-0.0023634587200781635
-0.0024723986321446016
-0.0023595505617977526
-0.002391792867611138
-0.002410845139228139
-0.0024347826086956524
-0.002346849047386419
-0.0024416218856863703
-0.0023991206643869077
-0.0024372252076209086
-0.0023502686858817784
-0.0024548119198827554
-0.002338544211040547
-0.0024323400097703957
-0.0023942354665363944
-0.002421104054714216
-0.0023678553981436247
-0.002489985344406449
-0.0023527112848070347
-0.002475818270639961
-0.0023659013190034197
-0.002510991695163654
-0.0023155837811431363
-0.0024054714215925744
-0.002393258426966292
-0.002436248168050806
-0.002387884709330728
-0.0024660478749389354
-0.002430874450415242
-0.0024294088910600878
-0.002376160234489497
-0.0024909623839765513
-0.0023312164142647775
-0.0024113336590131903
-0.002370786516853932
-0.00242256961406937
-0.0023541768441621884
-0.002476306790425012
-0.0023903273082559844
-0.0024616511968734733
-0.0023908158280410356
-0.002463116756228627
-0.002374694675134343
-0.002444064484611627
-0.002384465070835369
-0.002409868099658036
-0.002395701025891549
-0.0024728871519296533
-0.0023732291157791893
-0.0024201270151441136
-0.0023575964826575476
-0.0025046409379579876
-0.0022994626282364433
-0.0024123106985832928
-0.0023883732291157794
-0.0024220810942843186
-0.002364435759648266
-0.0024430874450415245
-0.0024171958964338052
-0.002429897410845139
-0.0023624816805080605
-0.00247923790913532
-0.0023732291157791893
-0.0024352711284807036
-0.0023678553981436247
-0.002451392281387396
-0.0023370786516853934
-0.0024904738641915
-0.0024406448461162674
-0.002482657547630679
-0.0023395212506106496
-0.0024215925744992674
-0.0023019052271617004
-0.0024484611626770882
-0.00240742550073278
-0.0024430874450415245
-0.002378602833414753
-0.0024934049829018075
-0.0023639472398632147
-0.002433317049340498
-0.0023175378602833417
-0.0024831460674157304
-0.0022848070346849045
-0.0024005862237420615
-0.002391792867611138
-0.0024157303370786515
-0.00235857352222765
-0.0024684904738641916
-0.0023058133854421104
-0.002427943331704934
-0.0023273082559843675
-0.002482169027845628
-0.0023639472398632147
-0.0024489496824621395
-0.0024323400097703957
-0.002386419149975574
-0.002370297997068881
-0.002468978993649243
-0.0024010747435271127
-0.002435759648265755
-0.002329750854909624
-0.002461162677088422
-0.002292134831460674
-0.002349780166096727
-0.002295065950170982
-0.0024162188568637027
-0.0023698094772838297
-0.002433317049340498
-0.0024435759648265758
-0.0024616511968734733
-0.0023698094772838297
-0.0024802149487054225
-0.0023483146067415734
-0.002370297997068881
-0.002361504640937958
-0.0024870542256961404
-0.0024318514899853445
-0.0024728871519296533
-0.002427454811919883
-0.0024430874450415245
-0.002402051783097215
-0.0024665363947239866
-0.002303370786516854
-0.0023810454323400097
-0.0024352711284807036
-0.0024289203712750365
-0.002364435759648266
-0.002497801660967269
-0.0023595505617977526
-0.002482657547630679
-0.0024137762579384465
-0.002512457254518808
-0.0023634587200781635
-0.0024655593551538837
-0.0024186614557889594
-0.002393746946751343
-0.002351734245236932
-0.0024836345872007817
-0.0023488031265266247
-0.0024797264289203712
-0.0023820224719101122
-0.002486077186126038
-0.0023639472398632147
-0.0023888617489008306
-0.0023326819736199317
-0.002374694675134343
-0.0023292623351245725
-0.0024372252076209086
-0.002364435759648266
-0.002489496824621397
-0.0023800683927699073
-0.002438202247191011
-0.0022999511480214945
-0.0023908158280410356
-0.002397655105031754
-0.0024465070835368832
-0.0023541768441621884
-0.0025061064973131413
-0.0024484611626770882
-0.0024196384953590624
-0.002368343917928676
-0.002436248168050806
-0.0023106985832926233
-0.0024035173424523694
-0.0023463605276013676
-0.0024425989252564733
-0.002353199804592086
-0.0024103566194430878
-0.002391304347826087
-0.002461162677088422
-0.002358085002442599
-0.00247923790913532
-0.002289692232535418
-0.0024421104054714216
-0.002477772349780166
-0.0024484611626770882
-0.0023605276013678555
-0.002471421592574499
-0.002391304347826087
-0.002431362970200293
-0.002321934538348803
-0.002492427943331705
-0.0023478260869565218
-0.002403028822667318
-0.002374206155349292
-0.002434294088910601
-0.0023619931607230093
-0.0024411333659013186
-0.0024118221787982415
-0.002459208597948217
-0.002335613092330239
-0.002430874450415242
-0.002258915486077186
-0.0024435759648265758
-0.0023424523693209576
-0.00243771372740596
-0.0023654127992183685
-0.002482169027845628
-0.002419149975574011
-0.002401563263312164
-0.0022784562774792383
-0.0024421104054714216
-0.002309721543722521
-0.002419149975574011
-0.002345383488031265
-0.0024416218856863703
-0.002349291646311676
-0.0024162188568637027
-0.0023483146067415734
-0.0023859306301905227
-0.0023229115779189054
-0.002460674157303371
-0.002326331216414265
-0.002431362970200293
-0.002376648754274548
-0.002393258426966292
-0.0023375671714704446
-0.002474352711284807
-0.002409379579872985
-0.002473864191499756
-0.0023370786516853934
-0.002497313141182218
-0.002364924279433317
-0.0024103566194430878
-0.002376648754274548
-0.002368343917928676
-0.0023214460185637517
-0.002423058133854421
-0.0024411333659013186
-0.0024303859306301903
-0.0023639472398632147
-0.0024909623839765513
-0.0022857840742550074
-0.002394723986321446
-0.002335124572545188
-0.002407914020517831
-0.0023654127992183685
-0.0024445530043966783
-0.0023820224719101122
-0.0024294088910600878
-0.002265266243282853
-0.0025295554469956035
-0.0022882266731802637
-0.0024118221787982415
-0.002395701025891549
-0.002482657547630679
-0.0024504152418172937
-0.0024660478749389354
-0.002368343917928676
-0.002459208597948217
-0.002342940889106009
-0.002525158768930142
-0.0023063019052271616
-0.002467513434294089
-0.002372252076209087
-0.002412799218368344
-0.002322423058133854
-0.002433317049340498
-0.0023639472398632147
-0.002403028822667318
-0.002344894968246214
-0.002489985344406449
-0.002368832437713727
-0.0024152418172936002
-0.0023961895456766002
-0.0024621397166585245
-0.002379579872984856
-0.0025031753786028334
-0.002456277479237909
-0.0024518808011724474
-0.0023634587200781635
-0.002484123106985833
-0.00234342940889106
-0.0024010747435271127
-0.0023522227650219834
-0.002439667806546165
-0.0023693209574987785
-0.0024982901807523205
-0.002389838788470933
-0.0024215925744992674
-0.002293111871030777
-0.0024621397166585245
-0.0023292623351245725
-0.0023571079628724964
-0.0023922813873961894
-0.002419149975574011
-0.002370786516853932
-0.0024035173424523694
-0.0023307278944797263
-0.0023952125061064973
-0.00238495359062042
-0.002470933072789448
-0.002374206155349292
-0.002425012212994626
-0.0023829995114802147
-0.002391792867611138
-0.002346849047386419
-0.002449438202247191
-0.0024235466536394724
-0.0024465070835368832
-0.002371275036638984
-0.002463116756228627
-0.002327796775769419
-0.002371275036638984
-0.002325842696629214
-0.0024523693209574987
-0.002378114313629702
-0.0024680019540791404
-0.002383488031265266
-0.0024284318514899853
-0.002312164142647777
-0.0024582315583781145
-0.0022393746946751344
-0.0023961895456766002
-0.0023839765510503177
-0.0024469956033219345
-0.002345383488031265
-0.0024870542256961404
-0.002378602833414753
-0.0024323400097703957
-0.0023419638495359063
-0.0024797264289203712
-0.002351734245236932
-0.0024421104054714216
-0.0024421104054714216
-0.002440156326331216
-0.0023776257938446506
-0.0024499267220322424
-0.0023522227650219834
-0.0024059599413776256
-0.002342940889106009
-0.0024596971177332683
-0.0023214460185637517
-0.0024455300439667807
-0.002399609184171959
-0.0024142647777234977
-0.002345383488031265
-0.002453346360527601
-0.002356130923302394
-0.0024240351734245236
-0.0023370786516853934
-0.0024616511968734733
-0.002345383488031265
-0.0024040058622374206
-0.0022999511480214945
-0.0024103566194430878
-0.0024152418172936002
-0.002470933072789448
-0.002416707376648754
-0.0024870542256961404
-0.002368832437713727
-0.0024640937957987295
-0.002283829995114802
-0.002389838788470933
-0.002395701025891549
-0.002458720078163166
-0.0023571079628724964
-0.0024680019540791404
-0.002372740595994138
-0.0024499267220322424
-0.0023400097703957013
-0.0024802149487054225
-0.0023903273082559844
-0.0024240351734245236
-0.0023810454323400097
-0.002455788959452858
-0.0023624816805080605
-0.002383488031265266
-0.002370786516853932
-0.0024596971177332683
-0.002307278944797264
-0.002486565705911089
-0.0023160723009281875
-0.0023903273082559844
-0.0023751831949193943
-0.002402540302882267
-0.0023507572056668297
-0.0024386907669760624
-0.002351245725451881
-0.0025041524181729363
-0.0023458720078163163
-0.0025217391304347826
-0.002287249633610161
-0.0023698094772838297
-0.0023023937469467516
-0.0024088910600879336
-0.0023883732291157794
-0.0024787493893502687
-0.002368343917928676
-0.0024548119198827554
-0.0023160723009281875
-0.0024474841231069857
-0.0022882266731802637
-0.0024650708353688325
-0.0024240351734245236
-0.00243380556912555
-0.0023502686858817784
-0.0024626282364435758
-0.002427943331704934
-0.002430874450415242
-0.002304836345872008
-0.0024655593551538837
-0.0023375671714704446
-0.0024123106985832928
-0.002353199804592086
-0.002453346360527601
-0.0024054714215925744
-0.0024367366878358574
-0.0023966780654616515
-0.002412799218368344
-0.0023654127992183685
-0.002491939423546654
-0.002370297997068881
-0.0024469956033219345
-0.002444064484611627
-0.002416707376648754
-0.002349291646311676
-0.0024294088910600878
-0.0023839765510503177
-0.0024958475818270638
-0.002361016121152907
-0.0025080605764533463
-0.002316560820713239
-0.0023590620420127014
-0.002353199804592086
-0.002425989252564729
-0.002431362970200293
-0.002460674157303371
-0.00240009770395701
-0.0024484611626770882
-0.0023253541768441625
-0.00247923790913532
-0.0022681973619931607
-0.0024294088910600878
-0.0024235466536394724
-0.002439667806546165
-0.0023541768441621884
-0.002491939423546654
-0.002484611626770884
-0.002449438202247191
-0.00232828529555447
-0.002486077186126038
-0.002361016121152907
-0.002459208597948217
-0.002393746946751343
-0.00243771372740596
-0.002389350268685882
-0.0024523693209574987
-0.0023624816805080605
-0.002418172936003908
-0.002306790425012213
-0.0024411333659013186
-0.0023341475329750855
-0.0023961895456766002
-0.002387884709330728
-0.002356130923302394
-0.0023483146067415734
-0.0024421104054714216
-0.002393258426966292
-0.0024601856375183195
-0.002361504640937958
-0.002489985344406449
-0.0023082559843673666
-0.0023839765510503177
-0.002381533952125061
-0.0023991206643869077
-0.0023194919394235467
-0.0024802149487054225
-0.0024269662921348315
-0.002455788959452858
-0.0023400097703957013
-0.0024303859306301903
-0.0023019052271617004
-0.002438202247191011
-0.002393746946751343
-0.0024655593551538837
-0.00234733756717147
-0.0024450415241817295
-0.002360039081582804
-0.0024372252076209086
-0.0023038593063019054
-0.002510991695163654
-0.0023595505617977526
-0.0024640937957987295
-0.0023556424035173426
-0.002460674157303371
-0.0023771372740595993
-0.0024264777723497803
-0.002346849047386419
-0.0024548119198827554
-0.0023507572056668297
-0.0025095261358085
-0.0023106985832926233
-0.0024240351734245236
-0.00240009770395701
-0.0023541768441621884
-0.0023527112848070347
-0.0025261358085002443
-0.0024186614557889594
-0.0024294088910600878
-0.0023375671714704446
-0.002493893502686859
-0.0023194919394235467
-0.0024445530043966783
-0.002353199804592086
-0.0024284318514899853
-0.002356619443087445
-0.0025095261358085
-0.0024054714215925744
-0.0024577430385930633
-0.0023507572056668297
-0.0024289203712750365
-0.0022559843673668786
-0.002407914020517831
-0.002399609184171959
-0.0024132877381533952
-0.002351734245236932
-0.0025105031753786026
-0.0023756717147044456
-0.0024157303370786515
-0.00234733756717147
-0.002486565705911089
-0.002333659013190034
-0.0024347826086956524
-0.002414753297508549
-0.0024782608695652175
-0.002412799218368344
-0.002450903761602345
-0.002364924279433317
-0.0024934049829018075
-0.0023619931607230093
-0.0024465070835368832
-0.0023209574987787004
-0.0024284318514899853
-0.002394723986321446
-0.0023839765510503177
-0.0023771372740595993
-0.0024640937957987295
-0.0024162188568637027
-0.0024538348803126524
-0.0023106985832926233
-0.0024929164631167563
-0.0023698094772838297
-0.002370786516853932
-0.002333170493404983
-0.0024255007327796774
-0.002355153883732291
-0.002423058133854421
-0.0024518808011724474
-0.002439667806546165
-0.002362970200293112
-0.002469467513434294
-0.002321934538348803
-0.0023908158280410356
-0.0023590620420127014
-0.0023805569125549585
-0.002368343917928676
-0.0025041524181729363
-0.00242256961406937
-0.002416707376648754
-0.00227161700048852
-0.0025188080117244747
-0.00227552515876893
-0.0024264777723497803
-0.00243771372740596
-0.0024465070835368832
-0.0023732291157791893
-0.0024543234000977037
-0.002372740595994138
-0.002453346360527601
-0.0023541768441621884
-0.0024733756717147046
-0.0023619931607230093
-0.0024372252076209086
-0.0023952125061064973
-0.0024215925744992674
-0.002318026380068393
-0.0024797264289203712
-0.002338544211040547
-0.0024680019540791404
-0.002383488031265266
-0.0025061064973131413
-0.0023375671714704446
-0.0023888617489008306
-0.002361504640937958
-0.002401563263312164
-0.002368343917928676
-0.0024303859306301903
-0.0023839765510503177
-0.002436248168050806
-0.0023693209574987785
-0.0024284318514899853
-0.0023170493404982904
-0.002393746946751343
-0.002370297997068881
-0.0023966780654616515
-0.0023287738153395213
-0.0024816805080605767
-0.0023986321446018565
-0.0024294088910600878
-0.0023155837811431363
-0.0024421104054714216
-0.0023209574987787004
-0.002412799218368344
-0.0023639472398632147
-0.002432828529555447
-0.0023771372740595993
-0.002457254518808012
-0.002364435759648266
-0.0025095261358085
-0.002325842696629214
-0.0024616511968734733
-0.0023942354665363944
-0.002407914020517831
-0.002364924279433317
-0.0023751831949193943
-0.0023400097703957013
-0.002434294088910601
-0.002372740595994138
-0.002406936980947728
-0.0023971665852467027
-0.0025168539325842697
-0.0023346360527601367
-0.0024421104054714216
-0.0023805569125549585
-0.002414753297508549
-0.002361016121152907
-0.002511480214948705
-0.0024284318514899853
-0.0024650708353688325
-0.0023463605276013676
-0.0024802149487054225
-0.0023507572056668297
-0.002424523693209575
-0.0023922813873961894
-0.0023883732291157794
-0.0023312164142647775
-0.0024553004396678066
-0.002364924279433317
-0.0023859306301905227
-0.0022765021983390324
-0.002446018563751832
-0.002338055691255496
-0.002430874450415242
-0.0023888617489008306
-0.0023825109916951635
-0.002326331216414265
-0.0024142647777234977
-0.002340986809965804
-0.002449438202247191
-0.002345383488031265
-0.0024636052760136783
-0.0022662432828529557
-0.0024430874450415245
-0.00238495359062042
-0.00240742550073278
-0.002269662921348315
-0.002522716170004885
-0.002379579872984856
-0.0024406448461162674
-0.0023463605276013676
-0.002505129457743039
-0.002331704934049829
-0.002406448461162677
-0.0024040058622374206
-0.002410845139228139
-0.002378114313629702
-0.0025276013678553985
-0.0024538348803126524
-0.002444064484611627
-0.0023419638495359063
-0.0024680019540791404
-0.0022784562774792383
-0.002393746946751343
-0.0023756717147044456
-0.0024294088910600878
-0.0023321934538348805
-0.002471421592574499
-0.002406448461162677
-0.0024352711284807036
-0.0023136297020029313
-0.002455788959452858
-0.002333170493404983
-0.0024196384953590624
-0.002379579872984856
-0.002427454811919883
-0.002356130923302394
-0.002409868099658036
-0.0023859306301905227
-0.002427454811919883
-0.0023136297020029313
-0.0024596971177332683
-0.0023400097703957013
-0.0024870542256961404
-0.002451392281387396
-0.0024372252076209086
-0.002329750854909624
-0.0024797264289203712
-0.002407914020517831
-0.002456277479237909
-0.0023624816805080605
-0.002499755740107474
-0.0023693209574987785
-0.0023922813873961894
-0.002372740595994138
-0.0024240351734245236
-0.002389350268685882
-0.002469467513434294
-0.0023839765510503177
-0.0024445530043966783
-0.002364435759648266
-0.0024567659990229604
-0.0023488031265266247
-0.002395701025891549
-0.0023952125061064973
-0.002418172936003908
-0.002419149975574011
-0.0024504152418172937
-0.0023839765510503177
-0.002425989252564729
-0.002315095261358085
-0.002519296531509526
-0.0022994626282364433
-0.0024294088910600878
-0.0023659013190034197
-0.002424523693209575
-0.0023903273082559844
-0.0024543234000977037
-0.002394723986321446
-0.002474352711284807
-0.0023698094772838297
-0.0024914509037616025
-0.002366878358573522
-0.0024103566194430878
-0.002391304347826087
-0.00234342940889106
-0.002306790425012213
-0.0024152418172936002
-0.002458720078163166
-0.002383488031265266
-0.002321934538348803
-0.0024636052760136783
-0.0023146067415730338
-0.00232828529555447
-0.0023483146067415734
-0.002376648754274548
-0.002345383488031265
-0.0024504152418172937
-0.0024084025403028823
-0.002427454811919883
-0.002398143624816805
-0.0024836345872007817
-0.002331704934049829
-0.002456277479237909
-0.0023869076697606256
-0.0024318514899853445
-0.002371275036638984
-0.0024836345872007817
-0.002407914020517831
-0.002414753297508549
-0.0023287738153395213
-0.0024855886663409867
-0.002353199804592086
-0.002433317049340498
-0.00240742550073278
-0.002389838788470933
-0.002387396189545677
-0.002440156326331216
-0.002371275036638984
-0.002376648754274548
-0.002319980459208598
-0.002467024914509038
-0.002333170493404983
-0.0024186614557889594
-0.0023619931607230093
-0.0023776257938446506
-0.002295065950170982
-0.002489496824621397
-0.002372252076209087
-0.0024772838299951146
-0.002383488031265266
-0.0024303859306301903
-0.002353199804592086
-0.002425012212994626
-0.0023805569125549585
-0.0024103566194430878
-0.002330239374694675
-0.0024523693209574987
-0.002386419149975574
-0.002409379579872985
-0.0023571079628724964
-0.0025129457743038592
-0.0022857840742550074
-0.002368343917928676
-0.002349780166096727
-0.002401563263312164
-0.0023507572056668297
-0.0024636052760136783
-0.002376648754274548
-0.0024391792867611136
-0.002331704934049829
-0.002453346360527601
-0.0023038593063019054
-0.0024284318514899853
-0.0023859306301905227
-0.0024040058622374206
-0.0023444064484611626
-0.0024802149487054225
-0.002419149975574011
-0.0024816805080605767
-0.0023732291157791893
-0.002501221299462628
-0.002353199804592086
-0.0024059599413776256
-0.0024005862237420615
-0.0024425989252564733
-0.0023321934538348805
-0.002450903761602345
-0.0024010747435271127
-0.0024548119198827554
-0.0023361016121152905
-0.002517342452369321
-0.0023478260869565218
-0.0023605276013678555
-0.0023698094772838297
-0.0024103566194430878
-0.002346849047386419
-0.0024772838299951146
-0.0023546653639472397
-0.0024372252076209086
-0.0023248656570591113
-0.002425012212994626
-0.0023321934538348805
-0.002420615534929165
-0.0023790913531998048
-0.0024372252076209086
-0.0023678553981436247
-0.002489496824621397
-0.002366878358573522
-0.0024059599413776256
-0.002338055691255496
-0.002461162677088422
-0.0023077674645823154
-0.0024372252076209086
-0.002384465070835369
-0.0023922813873961894
-0.002374694675134343
-0.002467024914509038
-0.002326331216414265
-0.0024616511968734733
-0.002361016121152907
-0.0024543234000977037
-0.0023136297020029313
-0.0024284318514899853
-0.002430874450415242
-0.002432828529555447
-0.0023488031265266247
-0.002436248168050806
-0.002356130923302394
-0.002486565705911089
-0.0023654127992183685
-0.002480703468490474
-0.0023092330239374696
-0.0023952125061064973
-0.0022906692721055204
-0.002430874450415242
-0.0023678553981436247
-0.0024645823155837808
-0.002412799218368344
-0.002446018563751832
-0.002356130923302394
-0.0024723986321446016
-0.0023082559843673666
-0.0023869076697606256
-0.002378602833414753
-0.0024240351734245236
-0.0024059599413776256
-0.0024240351734245236
-0.002351245725451881
-0.002424523693209575
-0.002289203712750366
-0.002476306790425012
-0.002295065950170982
-0.0024596971177332683
-0.002386419149975574
-0.002391792867611138
-0.002358085002442599
-0.0024538348803126524
-0.0023395212506106496
-0.0024655593551538837
-0.002329750854909624
-0.0024934049829018075
-0.002356130923302394
-0.0024421104054714216
-0.0024220810942843186
-0.002419149975574011
-0.0023605276013678555
-0.0024294088910600878
-0.002311675622862726
-0.0024220810942843186
-0.002297020029311187
-0.002456277479237909
-0.0023439179286761113
-0.0024103566194430878
-0.0023375671714704446
-0.0024650708353688325
-0.002366878358573522
-0.002499755740107474
-0.0023854421104054714
-0.0024123106985832928
-0.0023483146067415734
-0.0024723986321446016
-0.0023253541768441625
-0.002435759648265755
-0.0024264777723497803
-0.0024289203712750365
-0.002374206155349292
-0.0025168539325842697
-0.002427454811919883
-0.002435759648265755
-0.0022813873961895458
-0.0025168539325842697
-0.002309721543722521
-0.0024372252076209086
-0.0023404982901807526
-0.002406936980947728
-0.002349291646311676
-0.0024934049829018075
-0.00232828529555447
-0.0024504152418172937
-0.0023693209574987785
-0.002492427943331705
-0.0023111871030776746
-0.002404494382022472
-0.002356619443087445
-0.0024113336590131903
-0.0023732291157791893
-0.0025065950170981926
-0.002374694675134343
-0.0024445530043966783
-0.0023639472398632147
-0.0025017098192476796
-0.0022413287738153394
-0.0024152418172936002
-0.002327796775769419
-0.0023961895456766002
-0.0023756717147044456
-0.0025095261358085
-0.0024176844162188565
-0.0024831460674157304
-0.0023287738153395213
-0.002438202247191011
-0.002274059599413776
-0.002420615534929165
-0.002349780166096727
-0.0024411333659013186
-0.00238495359062042
-0.002505129457743039
-0.002389838788470933
-0.002403028822667318
-0.0023507572056668297
-0.002511480214948705
-0.0023087445041524183
-0.0024303859306301903
-0.0023942354665363944
-0.002436248168050806
-0.0023312164142647775
-0.0024284318514899853
-0.0024084025403028823
-0.0024733756717147046
-0.0023556424035173426
-0.0024372252076209086
-0.002325842696629214
-0.002471421592574499
-0.002356130923302394
-0.00234733756717147
-0.002340986809965804
-0.002432828529555447
-0.002381533952125061
-0.0024450415241817295
-0.0023483146067415734
-0.002505129457743039
-0.0023243771372740596
-0.002402540302882267
-0.0023527112848070347
-0.002435759648265755
-0.0023639472398632147
-0.002430874450415242
-0.0023673668783585735
-0.0024294088910600878
-0.0023082559843673666
-0.002469467513434294
-0.002305324865657059
-0.002398143624816805
-0.002391304347826087
-0.002374694675134343
-0.0023575964826575476
-0.002491939423546654
-0.002406936980947728
-0.0024367366878358574
-0.002287249633610161
-0.0024596971177332683
-0.002315095261358085
-0.0024318514899853445
-0.0023991206643869077
-0.002430874450415242
-0.00238495359062042
-0.0024484611626770882
-0.0023575964826575476
-0.002435759648265755
-0.002312164142647777
-0.002502686858817782
-0.00240009770395701
-0.002409868099658036
-0.002449438202247191
-0.0024186614557889594
-0.0023575964826575476
-0.0024435759648265758
-0.0023361016121152905
-0.0024220810942843186
-0.002370297997068881
-0.0024748412310698583
-0.0023253541768441625
-0.0024323400097703957
-0.0023175378602833417
-0.002421104054714216
-0.0023527112848070347
-0.0024855886663409867
-0.002407914020517831
-0.0024132877381533952
-0.0023507572056668297
-0.0024909623839765513
-0.0022789447972642895
-0.0024176844162188565
-0.0024215925744992674
-0.002424523693209575
-0.0023575964826575476
-0.0024499267220322424
-0.0023673668783585735
-0.002432828529555447
-0.0022843185148998532
-0.0025183194919394234
-0.0022936003908158283
-0.0024269662921348315
-0.0023888617489008306
-0.0024430874450415245
-0.002338055691255496
-0.0024538348803126524
-0.002353688324377137
-0.0024474841231069857
-0.002298974108451392
-0.0025119687347337567
-0.002311675622862726
-0.002432828529555447
-0.002330239374694675
-0.0023756717147044456
-0.002338055691255496
-0.002468978993649243
-0.002384465070835369
-0.0024567659990229604
-0.0023287738153395213
-0.0025163654127992184
-0.0023546653639472397
-0.0023966780654616515
-0.0023077674645823154
-0.0024123106985832928
-0.0023590620420127014
-0.0024797264289203712
-0.002398143624816805
-0.0024171958964338052
-0.002340986809965804
-0.002387884709330728
-0.002260869565217391
-0.002421104054714216
-0.002364924279433317
-0.002402540302882267
-0.002366878358573522
-0.002502686858817782
-0.0023756717147044456
-0.0024323400097703957
-0.002291646311675623
-0.0024699560332193454
-0.002268685881778212
-0.0024499267220322424
-0.0023971665852467027
-0.0024142647777234977
-0.002340986809965804
-0.002438202247191011
-0.002364435759648266
-0.002425012212994626
-0.002326331216414265
-0.0024909623839765513
-0.00234733756717147
-0.0024142647777234977
-0.002371763556424035
-0.002376160234489497
-0.0023463605276013676
-0.0024753297508549096
-0.0023370786516853934
-0.002432828529555447
-0.0023082559843673666
-0.0024616511968734733
-0.002321934538348803
-0.002383488031265266
-0.002283829995114802
-0.0023952125061064973
-0.002340986809965804
-0.002427454811919883
-0.0023732291157791893
-0.0024621397166585245
-0.00232828529555447
-0.0024831460674157304
-0.0022520762090864677
-0.0023839765510503177
-0.0023961895456766002
-0.002492427943331705
-0.0023571079628724964
-0.002480703468490474
-0.002406936980947728
-0.0024499267220322424
-0.0022955544699560333
-0.002502198339032731
-0.0023312164142647775
-0.002381533952125061
-0.002371763556424035
-0.0023942354665363944
-0.0023488031265266247
-0.0024855886663409867
-0.0023571079628724964
-0.002439667806546165
-0.002322423058133854
-0.002475818270639961
-0.0023419638495359063
-0.0024088910600879336
-0.00238495359062042
-0.002424523693209575
-0.0023595505617977526
-0.0024753297508549096
-0.002403028822667318
-0.002387884709330728
-0.0023634587200781635
-0.002456277479237909
-0.002338055691255496
-0.0023869076697606256
-0.002316560820713239
-0.002399609184171959
-0.0023365901319003417
-0.0024660478749389354
-0.002407914020517831
-0.0024538348803126524
-0.002330239374694675
-0.002425989252564729
-0.0022789447972642895
-0.002360039081582804
-0.002333170493404983
-0.002412799218368344
-0.0023839765510503177
-0.0025031753786028334
-0.0024176844162188565
-0.002403028822667318
-0.0023038593063019054
-0.0024640937957987295
-0.002338055691255496
-0.0024142647777234977
-0.002361504640937958
-0.0024406448461162674
-0.002409379579872985
-0.00245285784074255
-0.002402540302882267
-0.0024201270151441136
-0.002318514899853444
-0.0024704445530043966
-0.0022975085490962383
-0.0024215925744992674
-0.002383488031265266
-0.0023869076697606256
-0.002356130923302394
-0.002451392281387396
-0.0023820224719101122
-0.0024684904738641916
-0.0023439179286761113
-0.0024958475818270638
-0.0023253541768441625
-0.0023546653639472397
-0.002338055691255496
-0.0024162188568637027
-0.0023341475329750855
-0.002515876893014167
-0.0024035173424523694
-0.002458720078163166
-0.002341475329750855
-0.002444064484611627
-0.0023229115779189054
-0.002389350268685882
-0.0023634587200781635
-0.002387396189545677
-0.0023522227650219834
-0.002435759648265755
-0.002355153883732291
-0.00240742550073278
-0.0023365901319003417
-0.002493893502686859
-0.0023194919394235467
-0.0024088910600879336
-0.0023634587200781635
-0.0024084025403028823
-0.002345383488031265
-0.0024616511968734733
-0.0023478260869565218
-0.0024176844162188565
-0.002289203712750366
-0.0024626282364435758
-0.002298485588666341
-0.002389838788470933
-0.00235857352222765
-0.002401563263312164
-0.002315095261358085
-0.002449438202247191
-0.0023478260869565218
-0.0024767953102100633
-0.002356619443087445
-0.0025031753786028334
-0.0023136297020029313
-0.0024137762579384465
-0.0023575964826575476
-0.002384465070835369
-0.0023229115779189054
-0.0024455300439667807
-0.0024489496824621395
-0.002484123106985833
-0.0023502686858817784
-0.0024391792867611136
-0.0023458720078163163
-0.002427454811919883
-0.0023693209574987785
-0.0024596971177332683
-0.0023678553981436247
-0.0024782608695652175
-0.0023326819736199317
-0.002436248168050806
-0.002381533952125061
-0.0024284318514899853
-0.002320468978993649
-0.002433317049340498
-0.002391304347826087
-0.0024186614557889594
-0.0023087445041524183
-0.002449438202247191
-0.002379579872984856
-0.0024465070835368832
-0.002331704934049829
-0.0024816805080605767
-0.002307278944797264
-0.0024171958964338052
-0.0023732291157791893
-0.00242256961406937
-0.002279921836834392
-0.0024450415241817295
-0.0023732291157791893
-0.002489985344406449
-0.0023243771372740596
-0.0024538348803126524
-0.002289692232535418
-0.0024186614557889594
-0.0023400097703957013
-0.00240009770395701
-0.0023507572056668297
-0.0025266243282852955
-0.00240742550073278
-0.002416707376648754
-0.0023444064484611626
-0.0024162188568637027
-0.0022442598925256473
-0.002402051783097215
-0.00238495359062042
-0.0024489496824621395
-0.0023693209574987785
-0.002532975085490962
-0.0024548119198827554
-0.002425989252564729
-0.0023141182217879825
-0.0024430874450415245
-0.0022774792379091353
-0.002360039081582804
-0.0023595505617977526
-0.002436248168050806
-0.0024176844162188565
-0.002473864191499756
-0.0023825109916951635
-0.0024176844162188565
-0.002372740595994138
-0.0024728871519296533
-0.0023023937469467516
-0.0024504152418172937
-0.002402051783097215
-0.0023527112848070347
-0.0023370786516853934
-0.0024577430385930633
-0.0023678553981436247
-0.0024347826086956524
-0.0022794333170493408
-0.002486077186126038
-0.0023507572056668297
-0.0023971665852467027
-0.0023502686858817784
-0.002399609184171959
-0.0023527112848070347
-0.002460674157303371
-0.0024059599413776256
-0.0024352711284807036
-0.002296531509526136
-0.002444064484611627
-0.0023136297020029313
-0.0023986321446018565
-0.002372740595994138
-0.0024035173424523694
-0.0023673668783585735
-0.0024680019540791404
-0.0023605276013678555
-0.0024215925744992674
-0.0023170493404982904
-0.002406448461162677
-0.0023209574987787004
-0.0024059599413776256
-0.002374206155349292
-0.002402051783097215
-0.002372252076209087
-0.0024142647777234977
-0.002353688324377137
-0.0024220810942843186
-0.0023527112848070347
-0.002486077186126038
-0.0023400097703957013
-0.00245285784074255
-0.002366389838788471
-0.0023810454323400097
-0.002379579872984856
-0.0024347826086956524
-0.0023678553981436247
-0.002453346360527601
-0.002366878358573522
-0.002446018563751832
-0.0022994626282364433
-0.002394723986321446
-0.002387884709330728
-0.0024118221787982415
-0.0023141182217879825
-0.002463116756228627
-0.0023922813873961894
-0.002430874450415242
-0.002338544211040547
-0.002475818270639961
-0.0022129946262823643
-0.002364435759648266
-0.00234342940889106
-0.002378602833414753
-0.002389838788470933
-0.0024518808011724474
-0.0023253541768441625
-0.0024123106985832928
-0.0023111871030776746
-0.0024582315583781145
-0.002303370786516854
-0.002407914020517831
-0.002398143624816805
-0.002406448461162677
-0.002395701025891549
-0.002432828529555447
-0.002304836345872008
-0.0023790913531998048
-0.002345383488031265
-0.0024948705422569613
-0.002374694675134343
-0.002391304347826087
-0.0023790913531998048
-0.0023971665852467027
-0.0023209574987787004
-0.002476306790425012
-0.002387884709330728
-0.002438202247191011
-0.0023463605276013676
-0.0024963361016121155
-0.0022936003908158283
-0.002383488031265266
-0.002351245725451881
-0.002391304347826087
-0.0023942354665363944
-0.0024958475818270638
-0.002393746946751343
-0.0024650708353688325
-0.002307278944797264
-0.002406448461162677
-0.0023273082559843675
-0.0024137762579384465
-0.0023243771372740596
-0.0023800683927699073
-0.0023571079628724964
-0.0024665363947239866
-0.002402540302882267
-0.0024010747435271127
-0.002296531509526136
-0.002453346360527601
-0.00234733756717147
-0.0024123106985832928
-0.002360039081582804
-0.002409868099658036
-0.002389350268685882
-0.0024684904738641916
-0.0023825109916951635
-0.0024553004396678066
-0.002268685881778212
-0.0024499267220322424
-0.0023541768441621884
-0.002412799218368344
-0.002370786516853932
-0.0024171958964338052
-0.0023659013190034197
-0.002482169027845628
-0.0023693209574987785
-0.002424523693209575
-0.0022955544699560333
-0.0024836345872007817
-0.002320468978993649
-0.002387884709330728
-0.0023077674645823154
-0.002370786516853932
-0.002342940889106009
-0.0023839765510503177
-0.002353688324377137
-0.00243771372740596
-0.0023058133854421104
-0.0024367366878358574
-0.0022769907181240836
-0.002403028822667318
-0.002342940889106009
-0.002446018563751832
-0.0023590620420127014
-0.002467024914509038
-0.002404494382022472
-0.0023751831949193943
-0.002346849047386419
-0.0024953590620420125
-0.0023404982901807526
-0.0024220810942843186
-0.002416707376648754
-0.0024372252076209086
-0.0023483146067415734
-0.0024538348803126524
-0.0023971665852467027
-0.0024284318514899853
-0.0023522227650219834
-0.0025046409379579876
-0.002351734245236932
-0.0024303859306301903
-0.0023605276013678555
-0.002378114313629702
-0.002333170493404983
-0.0024196384953590624
-0.0023986321446018565
-0.0024176844162188565
-0.002307278944797264
-0.0024787493893502687
-0.002401563263312164
-0.002393258426966292
-0.002312164142647777
-0.002446018563751832
-0.00234342940889106
-0.0024875427454811917
-0.002368343917928676
-0.0024284318514899853
-0.0022975085490962383
-0.0024372252076209086
-0.0023365901319003417
-0.0023756717147044456
-0.0023659013190034197
-0.0024352711284807036
-0.002335613092330239
-0.0024665363947239866
-0.0023888617489008306
-0.0024005862237420615
-0.0022706399609184174
-0.002501221299462628
-0.002295065950170982
-0.002381533952125061
-0.002414753297508549
-0.002387396189545677
-0.0023341475329750855
-0.0024445530043966783
-0.0023693209574987785
-0.00243380556912555
-0.0023463605276013676
-0.002473864191499756
-0.0023058133854421104
-0.002451392281387396
-0.0023732291157791893
-0.0023756717147044456
-0.0023077674645823154
-0.0024465070835368832
-0.002311675622862726
-0.0024450415241817295
-0.0023043478260869566
-0.0024499267220322424
-0.0022882266731802637
-0.0023273082559843675
-0.0023527112848070347
-0.0024176844162188565
-0.002361016121152907
-0.002451392281387396
-0.0023698094772838297
-0.002473864191499756
-0.0023390327308255984
-0.0024455300439667807
-0.002265754763067904
-0.002403028822667318
-0.002358085002442599
-0.0024347826086956524
-0.002372252076209087
-0.0024836345872007817
-0.0023639472398632147
-0.0024084025403028823
-0.002304836345872008
-0.002451392281387396
-0.0022789447972642895
-0.002376648754274548
-0.0023800683927699073
-0.002402540302882267
-0.002366389838788471
-0.002444064484611627
-0.002344894968246214
-0.0024284318514899853
-0.002273571079628725
-0.0024577430385930633
-0.0023126526624328283
-0.0024406448461162674
-0.002402051783097215
-0.0023927699071812406
-0.0022955544699560333
-0.0024435759648265758
-0.002421104054714216
-0.00250561797752809
-0.002333659013190034
-0.002459208597948217
-0.0023776257938446506
-0.00240742550073278
-0.0023478260869565218
-0.0024347826086956524
-0.0023273082559843675
-0.0024035173424523694
-0.0023903273082559844
-0.0024640937957987295
-0.0023038593063019054
-0.002432828529555447
-0.002235955056179775
-0.002401563263312164
-0.0023800683927699073
-0.0024113336590131903
-0.002393258426966292
-0.0024699560332193454
-0.002387884709330728
-0.0023751831949193943
-0.002306790425012213
-0.002467024914509038
-0.0023248656570591113
-0.0023771372740595993
-0.002371763556424035
-0.0024352711284807036
-0.002384465070835369
-0.0024220810942843186
-0.0023522227650219834
-0.0023908158280410356
-0.0023273082559843675
-0.002440156326331216
-0.0023419638495359063
-0.0024421104054714216
-0.0024201270151441136
-0.0023922813873961894
-0.00234342940889106
-0.0024255007327796774
-0.002333659013190034
-0.0024289203712750365
-0.002307278944797264
-0.0024958475818270638
-0.002378114313629702
-0.0024084025403028823
-0.002331704934049829
-0.002409868099658036
-0.002371275036638984
-0.00249438202247191
-0.002433317049340498
-0.002438202247191011
-0.0023522227650219834
-0.0024704445530043966
-0.0023400097703957013
-0.002397655105031754
-0.002419149975574011
-0.0023820224719101122
-0.002406448461162677
-0.0025046409379579876
-0.002418172936003908
-0.002484123106985833
-0.0023229115779189054
-0.0025100146555935513
-0.0022936003908158283
-0.002451392281387396
-0.0024040058622374206
-0.002436248168050806
-0.0023634587200781635
-0.0024548119198827554
-0.0023307278944797263
-0.002425012212994626
-0.002285295554469956
-0.0024958475818270638
-0.002345383488031265
-0.0024548119198827554
-0.0023883732291157794
-0.002402051783097215
-0.002333170493404983
-0.0024523693209574987
-0.0023971665852467027
-0.0024567659990229604
-0.0023771372740595993
-0.0024523693209574987
-0.002327796775769419
-0.0024303859306301903
-0.002301416707376649
-0.0023771372740595993
-0.0023365901319003417
-0.002461162677088422
-0.002378602833414753
-0.002461162677088422
-0.00234733756717147
-0.0024870542256961404
-0.0023248656570591113
-0.00242256961406937
-0.0024005862237420615
-0.0024963361016121155
-0.0023971665852467027
-0.0024582315583781145
-0.002349780166096727
-0.0023776257938446506
-0.002312164142647777
-0.0024455300439667807
-0.0023136297020029313
-0.0023922813873961894
-0.0023077674645823154
-0.0024636052760136783
-0.002366878358573522
-0.0024220810942843186
-0.002356130923302394
-0.002457254518808012
-0.0022940889106008795
-0.0024660478749389354
-0.002315095261358085
-0.0024411333659013186
-0.0024196384953590624
-0.0024450415241817295
-0.002331704934049829
-0.0024435759648265758
-0.0023639472398632147
-0.0024450415241817295
-0.002325842696629214
-0.0025163654127992184
-0.002301416707376649
-0.002386419149975574
-0.0022823644357596483
-0.0024240351734245236
-0.0023155837811431363
-0.0024767953102100633
-0.0023986321446018565
-0.0024577430385930633
-0.002333170493404983
-0.0024162188568637027
-0.0023404982901807526
-0.0024430874450415245
-0.0023624816805080605
-0.002384465070835369
-0.002356130923302394
-0.002463116756228627
-0.00234733756717147
-0.0024269662921348315
-0.0023214460185637517
-0.0024704445530043966
-0.002310210063507572
-0.0024142647777234977
-0.0023966780654616515
-0.002439667806546165
-0.002306790425012213
-0.0024684904738641916
-0.002309721543722521
-0.0023810454323400097
-0.0023287738153395213
-0.002476306790425012
-0.002360039081582804
-0.0024289203712750365
-0.0023888617489008306
-0.002402540302882267
-0.002378114313629702
-0.002499755740107474
-0.0023507572056668297
-0.0024162188568637027
-0.002302882266731803
-0.002475818270639961
-0.0023170493404982904
-0.002364924279433317
-0.002330239374694675
-0.0023986321446018565
-0.0024162188568637027
-0.0024982901807523205
-0.002423058133854421
-0.002389838788470933
-0.00234342940889106
-0.0024455300439667807
-0.0023527112848070347
-0.0024171958964338052
-0.002444064484611627
-0.0024455300439667807
-0.002391792867611138
-0.0024548119198827554
-0.0023732291157791893
-0.0024235466536394724
-0.002333170493404983
-0.0025061064973131413
-0.0023390327308255984
-0.0024142647777234977
-0.0023595505617977526
-0.0024113336590131903
-0.002387396189545677
-0.0024577430385930633
-0.002344894968246214
-0.002458720078163166
-0.002320468978993649
-0.0024411333659013186
-0.002364924279433317
-0.002457254518808012
-0.0023991206643869077
-0.002384465070835369
-0.0023292623351245725
-0.0024425989252564733
-0.0023952125061064973
-0.002434294088910601
-0.002376160234489497
-0.0024904738641915
-0.0022911577918905716
-0.002361016121152907
-0.0023790913531998048
-0.0024084025403028823
-0.0023839765510503177
-0.0024577430385930633
-0.0024255007327796774
-0.0024421104054714216
-0.0023590620420127014
-0.0024684904738641916
-0.0023087445041524183
-0.0024391792867611136
-0.0023790913531998048
-0.0024416218856863703
-0.002383488031265266
-0.002510991695163654
-0.002374694675134343
-0.002401563263312164
-0.0022926233512457254
-0.0025065950170981926
-0.0023092330239374696
-0.002421104054714216
-0.0023400097703957013
-0.0024284318514899853
-0.0023659013190034197
-0.002459208597948217
-0.002384465070835369
-0.002409379579872985
-0.002330239374694675
-0.002453346360527601
-0.0023273082559843675
-0.002432828529555447
-0.002389350268685882
-0.00238495359062042
-0.0023424523693209576
-0.0024904738641915
-0.0023575964826575476
-0.002430874450415242
-0.002353199804592086
-0.0025100146555935513
-0.0023087445041524183
-0.002406936980947728
-0.002356130923302394
-0.0023771372740595993
-0.002409868099658036
-0.0024645823155837808
-0.002389838788470933
-0.0024987787005373717
-0.0023458720078163163
-0.002486077186126038
-0.002330239374694675
-0.0024171958964338052
-0.0023922813873961894
-0.0023908158280410356
-0.0023829995114802147
-0.002532975085490962
-0.0023693209574987785
-0.00240742550073278
-0.0023590620420127014
-0.002474352711284807
-0.002298485588666341
-0.002414753297508549
-0.00234342940889106
-0.0024240351734245236
-0.002326331216414265
-0.00242256961406937
-0.0023346360527601367
-0.00242256961406937
-0.002356619443087445
-0.00250561797752809
-0.0023155837811431363
-0.0024489496824621395
-0.0024465070835368832
-0.0024137762579384465
-0.00232828529555447
-0.0024636052760136783
-0.0023522227650219834
-0.0024802149487054225
-0.002366389838788471
-0.0025212506106497314
-0.0023273082559843675
-0.0023619931607230093
-0.00234733756717147
-0.002378114313629702
-0.002364924279433317
-0.002492427943331705
-0.0023825109916951635
-0.0024523693209574987
-0.002356130923302394
-0.002438202247191011
-0.002258426966292135
-0.0023883732291157794
-0.002406936980947728
-0.0024084025403028823
-0.0023986321446018565
-0.0024748412310698583
-0.002395701025891549
-0.0024059599413776256
-0.002346849047386419
-0.0024430874450415245
-0.0023111871030776746
-0.0024176844162188565
-0.002327796775769419
-0.0024367366878358574
-0.0023810454323400097
-0.002457254518808012
-0.0023776257938446506
-0.0024621397166585245
-0.002315095261358085
-0.002467024914509038
-0.0023312164142647775
-0.0024450415241817295
-0.0023883732291157794
-0.0023341475329750855
-0.0023365901319003417
-0.0024660478749389354
-0.00240009770395701
-0.002474352711284807
-0.0023605276013678555
-0.0025007327796775767
-0.002303370786516854
-0.00243771372740596
-0.002345383488031265
-0.002423058133854421
-0.0023922813873961894
-0.0024650708353688325
-0.0024318514899853445
-0.0024318514899853445
-0.0023737176355642406
-0.0024264777723497803
-0.002289203712750366
-0.002406448461162677
-0.002370297997068881
-0.0024255007327796774
-0.002393258426966292
-0.0024748412310698583
-0.002393258426966292
-0.002404494382022472
-0.002290180752320469
-0.002444064484611627
-0.002351734245236932
-0.0023361016121152905
-0.002338055691255496
-0.0023966780654616515
-0.002409379579872985
-0.0024421104054714216
-0.002362970200293112
-0.0024445530043966783
-0.002376648754274548
-0.00245285784074255
-0.0022559843673668786
-0.0024406448461162674
-0.00234342940889106
-0.002370297997068881
-0.002323888617489008
-0.002440156326331216
-0.002372252076209087
-0.0024704445530043966
-0.0023273082559843675
-0.002473864191499756
-0.0023106985832926233
-0.002423058133854421
-0.0024084025403028823
-0.002393746946751343
-0.0024035173424523694
-0.0024411333659013186
-0.00240009770395701
-0.002439667806546165
-0.0023043478260869566
-0.0024450415241817295
-0.0022926233512457254
-0.0024220810942843186
-0.002331704934049829
-0.0023556424035173426
-0.002329750854909624
-0.0024684904738641916
-0.0023839765510503177
-0.0024103566194430878
-0.002353688324377137
-0.0024445530043966783
-0.0023346360527601367
-0.0023903273082559844
-0.002384465070835369
-0.002391304347826087
-0.002366389838788471
-0.002444064484611627
-0.002361504640937958
-0.002434294088910601
-0.002384465070835369
-0.002471421592574499
-0.002316560820713239
-0.0024523693209574987
-0.002381533952125061
-0.00238495359062042
-0.002316560820713239
-0.002427943331704934
-0.002374206155349292
-0.0024347826086956524
-0.0023575964826575476
-0.0024601856375183195
-0.0022725940400586224
-0.0023869076697606256
-0.0023292623351245725
-0.0024103566194430878
-0.002331704934049829
-0.002467513434294089
-0.002371275036638984
-0.0024386907669760624
-0.002349291646311676
-0.0024367366878358574
-0.002295065950170982
-0.0023966780654616515
-0.0023419638495359063
-0.002446018563751832
-0.0023820224719101122
-0.0024904738641915
-0.0023903273082559844
-0.0024176844162188565
-0.0023175378602833417
-0.0024665363947239866
-0.002366389838788471
-0.002427943331704934
-0.0024103566194430878
-0.002430874450415242
-0.002402051783097215
-0.0024616511968734733
-0.002391792867611138
-0.0024469956033219345
-0.0023595505617977526
-0.002467024914509038
-0.0023087445041524183
-0.002402051783097215
-0.0023829995114802147
-0.0023639472398632147
-0.0023194919394235467
-0.0024391792867611136
-0.002370786516853932
-0.0024469956033219345
-0.0023883732291157794
-0.0024782608695652175
-0.0023273082559843675
-0.0023800683927699073
-0.0023673668783585735
-0.0024235466536394724
-0.002355153883732291
-0.002489985344406449
-0.002407914020517831
-0.002451392281387396
-0.002335613092330239
-0.0024914509037616025
-0.002302882266731803
-0.002439667806546165
-0.0023908158280410356
-0.002416707376648754
-0.002309721543722521
-0.00250561797752809
-0.0023854421104054714
-0.0024010747435271127
-0.0022535417684416215
-0.002488031265266243
-0.0022725940400586224
-0.0024240351734245236
-0.002419149975574011
-0.002409868099658036
-0.0023971665852467027
-0.0024577430385930633
-0.002360039081582804
-0.002416707376648754
-0.0022979970688812895
-0.0024968246213971667
-0.0022882266731802637
-0.0023961895456766002
-0.0023820224719101122
-0.0024220810942843186
-0.002344894968246214
-0.0024132877381533952
-0.002307278944797264
-0.002432828529555447
-0.0023243771372740596
-0.0024987787005373717
-0.0023111871030776746
-0.0024269662921348315
-0.0023365901319003417
-0.0024284318514899853
-0.002335124572545188
-0.0024176844162188565
-0.002425012212994626
-0.002449438202247191
-0.002338055691255496
-0.0024987787005373717
-0.0022447484123106986
-0.0024103566194430878
-0.0023619931607230093
-0.0024289203712750365
-0.0023390327308255984
-0.0024567659990229604
-0.0023820224719101122
-0.0023991206643869077
-0.0023214460185637517
-0.0024719101123595504
-0.0022730825598436736
-0.002404494382022472
-0.0023019052271617004
-0.0023829995114802147
-0.002355153883732291
-0.002434294088910601
-0.0024084025403028823
-0.0024240351734245236
-0.0023155837811431363
-0.0025085490962383976
-0.0023273082559843675
-0.0024411333659013186
-0.0023541768441621884
-0.0024626282364435758
-0.002351734245236932
-0.002459208597948217
-0.002391304347826087
-0.0024567659990229604
-0.0023639472398632147
-0.002484611626770884
-0.0023077674645823154
-0.00242256961406937
-0.002265266243282853
-0.002424523693209575
-0.002387396189545677
-0.002447972642892037
-0.0023966780654616515
-0.0024543234000977037
-0.002378602833414753
-0.0024596971177332683
-0.0023082559843673666
-0.0023883732291157794
-0.0024054714215925744
-0.0023971665852467027
-0.002366389838788471
-0.0024650708353688325
-0.00234342940889106
-0.002402540302882267
-0.0023424523693209576
-0.002502686858817782
-0.0023463605276013676
-0.0023400097703957013
-0.002349291646311676
-0.0024391792867611136
-0.002414753297508549
-0.0024719101123595504
-0.002356130923302394
-0.0024596971177332683
-0.0023361016121152905
-0.0024811919882755254
-0.002353199804592086
-0.002421104054714216
-0.002424523693209575
-0.0024084025403028823
-0.0023307278944797263
-0.0024548119198827554
-0.0023654127992183685
-0.0024347826086956524
-0.002376648754274548
-0.0024816805080605767
-0.002318026380068393
-0.002427943331704934
-0.00235857352222765
-0.0023952125061064973
-0.0023527112848070347
-0.0024059599413776256
-0.0023756717147044456
-0.0024425989252564733
-0.0023820224719101122
-0.0024543234000977037
-0.0023234000977039567
-0.0024152418172936002
-0.002371275036638984
-0.002418172936003908
-0.002389350268685882
-0.0024904738641915
-0.002372740595994138
-0.00242256961406937
-0.002307278944797264
-0.00247923790913532
-0.002351245725451881
-0.0024455300439667807
-0.0024289203712750365
-0.0024504152418172937
-0.0023820224719101122
-0.0024733756717147046
-0.002364435759648266
-0.002419149975574011
-0.0023292623351245725
-0.0024851001465559354
-0.0023810454323400097
-0.002424523693209575
-0.0024113336590131903
-0.00240742550073278
-0.0023106985832926233
-0.0024430874450415245
-0.00240742550073278
-0.002468978993649243
-0.002330239374694675
-0.002497801660967269
-0.00238495359062042
-0.002407914020517831
-0.002383488031265266
-0.0024142647777234977
-0.002356619443087445
-0.0024596971177332683
-0.002398143624816805
-0.0024836345872007817
-0.002370786516853932
-0.0024318514899853445
-0.0022906692721055204
-0.00243771372740596
-0.0023810454323400097
-0.0024367366878358574
-0.002414753297508549
-0.002467513434294089
-0.00234733756717147
-0.002427454811919883
-0.0023634587200781635
-0.0024782608695652175
-0.002312164142647777
-0.002427943331704934
-0.002370786516853932
-0.002459208597948217
-0.002355153883732291
-0.0024294088910600878
-0.002389838788470933
-0.0024303859306301903
-0.0023619931607230093
-0.002451392281387396
-0.002330239374694675
-0.002420615534929165
-0.002416707376648754
-0.002389838788470933
-0.002353199804592086
-0.0024601856375183195
-0.002376160234489497
-0.002425012212994626
-0.0023825109916951635
-0.002456277479237909
-0.0022765021983390324
-0.0023790913531998048
-0.0024088910600879336
-0.002416707376648754
-0.002419149975574011
-0.0024548119198827554
-0.0024235466536394724
-0.00243380556912555
-0.002366878358573522
-0.0024728871519296533
-0.0022730825598436736
-0.002409379579872985
-0.0023678553981436247
-0.0024269662921348315
-0.002360039081582804
-0.002476306790425012
-0.00240742550073278
-0.002429897410845139
-0.002301416707376649
-0.0024660478749389354
-0.002331704934049829
-0.00245285784074255
-0.002389350268685882
-0.0024435759648265758
-0.0023243771372740596
-0.0024548119198827554
-0.002355153883732291
-0.002458720078163166
-0.002361016121152907
-0.002476306790425012
-0.002296531509526136
-0.00245285784074255
-0.002378114313629702
-0.0024235466536394724
-0.0023312164142647775
-0.002455788959452858
-0.002362970200293112
-0.002492427943331705
-0.0022926233512457254
-0.0024982901807523205
-0.00234733756717147
-0.0023756717147044456
-0.0023400097703957013
-0.0024318514899853445
-0.0023575964826575476
-0.0025017098192476796
-0.0024157303370786515
-0.002412799218368344
-0.002329750854909624
-0.0024660478749389354
-0.0023023937469467516
-0.0024010747435271127
-0.002376648754274548
-0.0023908158280410356
-0.002376648754274548
-0.002461162677088422
-0.0024040058622374206
-0.0024499267220322424
-0.002335124572545188
-0.0024504152418172937
-0.002309721543722521
-0.0024416218856863703
-0.00243771372740596
-0.002402540302882267
-0.002387396189545677
-0.0024504152418172937
-0.002318026380068393
-0.002432828529555447
-0.0023365901319003417
-0.002486565705911089
-0.0023361016121152905
-0.0024269662921348315
-0.002393746946751343
-0.0024201270151441136
-0.0023268197361993163
-0.0024548119198827554
-0.002420615534929165
-0.0024284318514899853
-0.00234342940889106
-0.0024836345872007817
-0.0023424523693209576
-0.002398143624816805
-0.0023155837811431363
-0.0024010747435271127
-0.002409379579872985
-0.0024411333659013186
-0.002404982901807523
-0.002444064484611627
-0.00227552515876893
-0.0024504152418172937
-0.002342940889106009
-0.0024186614557889594
-0.0023991206643869077
-0.0024435759648265758
-0.0023698094772838297
-0.0024430874450415245
-0.0024054714215925744
-0.0024421104054714216
-0.002297020029311187
-0.002488031265266243
-0.0022843185148998532
-0.0024162188568637027
-0.002384465070835369
-0.0024035173424523694
-0.0023693209574987785
-0.0024284318514899853
-0.002372740595994138
-0.002446018563751832
-0.00228676111382511
-0.0024802149487054225
-0.0023092330239374696
-0.00240009770395701
-0.0024435759648265758
-0.0024421104054714216
-0.0023541768441621884
-0.0024567659990229604
-0.002409379579872985
-0.002427454811919883
-0.0023859306301905227
-0.0024548119198827554
-0.002364924279433317
-0.0023619931607230093
-0.002298485588666341
-0.0024269662921348315
-0.002329750854909624
-0.002457254518808012
-0.0023859306301905227
-0.0024474841231069857
-0.0023590620420127014
-0.0024699560332193454
-0.0022975085490962383
-0.002404494382022472
-0.0023444064484611626
-0.0024171958964338052
-0.002325842696629214
-0.0024577430385930633
-0.002409379579872985
-0.002440156326331216
-0.002287249633610161
-0.0024616511968734733
-0.0023106985832926233
-0.0023961895456766002
-0.002371275036638984
-0.0024406448461162674
-0.002356130923302394
-0.0024367366878358574
-0.0023404982901807526
-0.002406936980947728
-0.0023170493404982904
-0.0024616511968734733
-0.0023522227650219834
-0.0023800683927699073
-0.0024318514899853445
-0.0023888617489008306
-0.00234342940889106
-0.002489496824621397
-0.00240009770395701
-0.0024484611626770882
-0.0023361016121152905
-0.002455788959452858
-0.0023292623351245725
-0.0024176844162188565
-0.0023063019052271616
-0.002387396189545677
-0.002370297997068881
-0.002456277479237909
-0.002340986809965804
-0.002371275036638984
-0.002370786516853932
-0.0024523693209574987
-0.002295065950170982
-0.002450903761602345
-0.0023458720078163163
-0.0024435759648265758
-0.002364924279433317
-0.0024152418172936002
-0.0023527112848070347
-0.002391304347826087
-0.002297020029311187
-0.0024684904738641916
-0.002294577430385931
-0.002432828529555447
-0.0023639472398632147
-0.002451392281387396
-0.002312164142647777
-0.0024548119198827554
-0.002399609184171959
-0.002427943331704934
-0.002351734245236932
-0.002432828529555447
-0.0023326819736199317
-0.0024215925744992674
-0.0023624816805080605
-0.0023575964826575476
-0.002305324865657059
-0.0024553004396678066
-0.0023698094772838297
-0.0024386907669760624
-0.0023590620420127014
-0.002497313141182218
-0.0023253541768441625
-0.002370786516853932
-0.0023043478260869566
-0.0024465070835368832
-0.0023698094772838297
-0.002447972642892037
-0.002402051783097215
-0.0024450415241817295
-0.002351245725451881
-0.0024504152418172937
-0.002297020029311187
-0.00243771372740596
-0.0023639472398632147
-0.002419149975574011
-0.002389838788470933
-0.002447972642892037
-0.002376648754274548
-0.0024255007327796774
-0.0022960429897410845
-0.0024352711284807036
-0.0023341475329750855
-0.0024435759648265758
-0.002340986809965804
-0.0024157303370786515
-0.002355153883732291
-0.002447972642892037
-0.002379579872984856
-0.0024255007327796774
-0.0023458720078163163
-0.0024640937957987295
-0.0023390327308255984
-0.0023869076697606256
-0.00234733756717147
-0.002370297997068881
-0.002306790425012213
-0.0024499267220322424
-0.0023986321446018565
-0.002425012212994626
-0.0023190034196384954
-0.002461162677088422
-0.0023092330239374696
-0.0023776257938446506
-0.0023287738153395213
-0.002436248168050806
-0.002376648754274548
-0.002475818270639961
-0.0024035173424523694
-0.002424523693209575
-0.002318026380068393
-0.0024660478749389354
-0.0022491450903761603
-0.002401563263312164
-0.002346849047386419
-0.0024430874450415245
-0.002394723986321446
-0.0025148998534440647
-0.002409868099658036
-0.0024430874450415245
-0.002318514899853444
-0.002484123106985833
-0.0023229115779189054
-0.002421104054714216
-0.002361016121152907
-0.002461162677088422
-0.002335124572545188
-0.0024430874450415245
-0.0023243771372740596
-0.002404494382022472
-0.0023478260869565218
-0.0024811919882755254
-0.002254030288226673
-0.0024186614557889594
-0.0024123106985832928
-0.0023888617489008306
-0.0023463605276013676
-0.0024660478749389354
-0.0024084025403028823
-0.0024767953102100633
-0.00238495359062042
-0.002491939423546654
-0.002331704934049829
-0.002406448461162677
-0.002338544211040547
-0.0023869076697606256
-0.002335124572545188
-0.002474352711284807
-0.0024005862237420615
-0.0024699560332193454
-0.0023214460185637517
-0.002486077186126038
-0.002323888617489008
-0.002389838788470933
-0.002374206155349292
-0.0024469956033219345
-0.002374206155349292
-0.0024811919882755254
-0.0024054714215925744
-0.002401563263312164
-0.0023234000977039567
-0.0024987787005373717
-0.002333170493404983
-0.0024264777723497803
-0.002399609184171959
-0.0024284318514899853
-0.002387396189545677
-0.0024220810942843186
-0.0023458720078163163
-0.0024626282364435758
-0.002333659013190034
-0.0024577430385930633
-0.0023087445041524183
-0.0023966780654616515
-0.0024054714215925744
-0.0023908158280410356
-0.002326331216414265
-0.00249438202247191
-0.0023751831949193943
-0.0024391792867611136
-0.002301416707376649
-0.0024655593551538837
-0.00234733756717147
-0.0024289203712750365
-0.0023307278944797263
-0.0024010747435271127
-0.0023522227650219834
-0.002453346360527601
-0.0023639472398632147
-0.0024909623839765513
-0.002318026380068393
-0.0024875427454811917
-0.0023248656570591113
-0.0024347826086956524
-0.002372740595994138
-0.002391304347826087
-0.002338055691255496
-0.0024465070835368832
-0.002427943331704934
-0.0023971665852467027
-0.0023346360527601367
-0.0024425989252564733
-0.002360039081582804
-0.002371275036638984
-0.0023991206643869077
-0.0024284318514899853
-0.0023732291157791893
-0.0024411333659013186
-0.0024347826086956524
-0.0024035173424523694
-0.002297020029311187
-0.0024645823155837808
-0.002378114313629702
-0.0024465070835368832
-0.0024255007327796774
-0.002410845139228139
-0.002344894968246214
-0.0024626282364435758
-0.0023273082559843675
-0.0024455300439667807
-0.002366878358573522
-0.002463116756228627
-0.002356619443087445
-0.0023693209574987785
-0.002353199804592086
-0.0023737176355642406
-0.00232828529555447
-0.002484611626770884
-0.002389350268685882
-0.0024538348803126524
-0.0023190034196384954
-0.002451392281387396
-0.0022750366389838786
-0.0023961895456766002
-0.002407914020517831
-0.0024406448461162674
-0.002370297997068881
-0.0024391792867611136
-0.0023624816805080605
-0.002427943331704934
-0.0023175378602833417
-0.00247923790913532
-0.002349780166096727
-0.002391792867611138
-0.0023404982901807526
-0.002401563263312164
-0.00231314118221788
-0.0024469956033219345
-0.0024123106985832928
-0.0024445530043966783
-0.0023575964826575476
-0.0024548119198827554
-0.002366389838788471
-0.002383488031265266
-0.0023488031265266247
-0.0023991206643869077
-0.002327796775769419
-0.0024347826086956524
-0.0023556424035173426
-0.0024264777723497803
-0.002360039081582804
-0.0025041524181729363
-0.002331704934049829
-0.002379579872984856
-0.0023571079628724964
-0.0024084025403028823
-0.002355153883732291
-0.002414753297508549
-0.0023971665852467027
-0.0024318514899853445
-0.0023659013190034197
-0.0024699560332193454
-0.0022843185148998532
-0.0024005862237420615
-0.002364435759648266
-0.0023634587200781635
-0.0024010747435271127
-0.002470933072789448
-0.0024255007327796774
-0.0024240351734245236
-0.002394723986321446
-0.002406936980947728
-0.002353688324377137
-0.0023502686858817784
-0.002383488031265266
-0.002401563263312164
-0.002358085002442599
-0.0024518808011724474
-0.0024435759648265758
-0.002455788959452858
-0.0023365901319003417
-0.002477772349780166
-0.002330239374694675
-0.0024176844162188565
-0.002381533952125061
-0.002387884709330728
-0.0023888617489008306
-0.0024596971177332683
-0.002409868099658036
-0.0024162188568637027
-0.0023678553981436247
-0.002489985344406449
-0.002355153883732291
-0.002399609184171959
-0.002393746946751343
-0.0024196384953590624
-0.002356130923302394
-0.0024704445530043966
-0.002401563263312164
-0.0024215925744992674
-0.0023395212506106496
-0.002449438202247191
-0.0023160723009281875
-0.002461162677088422
-0.0023619931607230093
-0.002425012212994626
-0.0023737176355642406
-0.002458720078163166
-0.0023790913531998048
-0.0023751831949193943
-0.002287249633610161
-0.0024596971177332683
-0.0023321934538348805
-0.002409379579872985
-0.002433317049340498
-0.0024411333659013186
-0.002351734245236932
-0.002427454811919883
-0.002362970200293112
-0.002427943331704934
-0.002309721543722521
-0.0024474841231069857
-0.0022999511480214945
-0.0024196384953590624
-0.0023439179286761113
-0.0023859306301905227
-0.0023146067415730338
-0.0024255007327796774
-0.0023634587200781635
-0.0024577430385930633
-0.0023439179286761113
-0.002486077186126038
-0.002273571079628725
-0.0024186614557889594
-0.002349291646311676
-0.0024645823155837808
-0.002326331216414265
-0.0024782608695652175
-0.002446018563751832
-0.0024132877381533952
-0.0023575964826575476
-0.0025271128480703468
-0.002338544211040547
-0.0024040058622374206
-0.0023527112848070347
-0.002402051783097215
-0.0023253541768441625
-0.0024772838299951146
-0.002360039081582804
-0.0024196384953590624
-0.00231314118221788
-0.0024391792867611136
-0.002281875915974597
-0.0023908158280410356
-0.002316560820713239
-0.002416707376648754
-0.002386419149975574
-0.002391792867611138
-0.002397655105031754
-0.002461162677088422
-0.002330239374694675
-0.0025017098192476796
-0.002312164142647777
-0.0024269662921348315
-0.0024421104054714216
-0.0023790913531998048
-0.0022906692721055204
-0.0024650708353688325
-0.0023839765510503177
-0.0024474841231069857
-0.0023307278944797263
-0.002528578407425501
-0.002341475329750855
-0.002370297997068881
-0.002326331216414265
-0.0024142647777234977
-0.0022975085490962383
-0.002432828529555447
-0.002356130923302394
-0.002444064484611627
-0.0022975085490962383
-0.0023854421104054714
-0.002258915486077186
-0.002371275036638984
-0.00234733756717147
-0.002427943331704934
-0.0023136297020029313
-0.002502686858817782
-0.002379579872984856
-0.0024176844162188565
-0.002342940889106009
-0.0024811919882755254
-0.0023170493404982904
-0.0024264777723497803
-0.002355153883732291
-0.0024255007327796774
-0.00238495359062042
-0.0024567659990229604
-0.0023883732291157794
-0.002450903761602345
-0.0022926233512457254
-0.0024885197850512946
-0.002318026380068393
-0.002434294088910601
-0.0023952125061064973
-0.0023771372740595993
-0.002326331216414265
-0.002473864191499756
-0.0023966780654616515
-0.002456277479237909
-0.002305324865657059
-0.0025212506106497314
-0.0023478260869565218
-0.0024264777723497803
-0.0023268197361993163
-0.0024059599413776256
-0.002371763556424035
-0.0024699560332193454
-0.0023790913531998048
-0.0024489496824621395
-0.002315095261358085
-0.0024455300439667807
-0.002321934538348803
-0.0024113336590131903
-0.0022857840742550074
-0.0024474841231069857
-0.0023522227650219834
-0.0024811919882755254
-0.0023639472398632147
-0.0024162188568637027
-0.0022623351245725453
-0.002470933072789448
-0.0023155837811431363
-0.0023952125061064973
-0.0023942354665363944
-0.0024435759648265758
-0.002395701025891549
-0.002416707376648754
-0.0024010747435271127
-0.002458720078163166
-0.002333170493404983
-0.0024797264289203712
-0.002310210063507572
-0.0024040058622374206
-0.0023859306301905227
-0.0024215925744992674
-0.002355153883732291
-0.0024855886663409867
-0.002356619443087445
-0.0024084025403028823
-0.0023732291157791893
-0.0024723986321446016
-0.0023190034196384954
-0.002379579872984856
-0.002355153883732291
-0.002402540302882267
-0.002383488031265266
-0.0024582315583781145
-0.002368343917928676
-0.00247923790913532
-0.0022979970688812895
-0.0024499267220322424
-0.0022677088422081095
-0.002414753297508549
-0.002362970200293112
-0.0024416218856863703
-0.0023400097703957013
-0.002486565705911089
-0.002416707376648754
-0.00242256961406937
-0.0023009281875915975
-0.0024489496824621395
-0.0022979970688812895
-0.002402540302882267
-0.0023488031265266247
-0.0024215925744992674
-0.002434294088910601
-0.0024650708353688325
-0.002326331216414265
-0.0024665363947239866
-0.002355153883732291
-0.0024665363947239866
-0.0023478260869565218
-0.002402540302882267
-0.002371763556424035
-0.002402540302882267
-0.0023556424035173426
-0.0024650708353688325
-0.002407914020517831
-0.0024655593551538837
-0.0023541768441621884
-0.0025017098192476796
-0.0023155837811431363
-0.002424523693209575
-0.002372252076209087
-0.0024411333659013186
-0.0022960429897410845
-0.0024303859306301903
-0.002370297997068881
-0.002482657547630679
-0.002330239374694675
-0.0024504152418172937
-0.00232828529555447
-0.0024088910600879336
-0.0023004396678065458
-0.0024621397166585245
-0.002356130923302394
-0.002501221299462628
-0.00240009770395701
-0.0024215925744992674
-0.0023908158280410356
-0.0024499267220322424
-0.002338544211040547
-0.002444064484611627
-0.002349291646311676
-0.0024035173424523694
-0.002351245725451881
-0.0024367366878358574
-0.0023605276013678555
-0.0024137762579384465
-0.002338055691255496
-0.00245285784074255
-0.0023395212506106496
-0.002427943331704934
-0.002374206155349292
-0.0024269662921348315
-0.002391304347826087
-0.0024465070835368832
-0.002412799218368344
-0.0024523693209574987
-0.0023234000977039567
-0.00250561797752809
-0.002374206155349292
-0.0024054714215925744
-0.002345383488031265
-0.002378114313629702
-0.0023800683927699073
-0.0024118221787982415
-0.0024294088910600878
-0.002425989252564729
-0.002302882266731803
-0.002404982901807523
-0.0023463605276013676
-0.0024548119198827554
-0.0023751831949193943
-0.002432828529555447
-0.0023927699071812406
-0.002453346360527601
-0.0023952125061064973
-0.0024645823155837808
-0.0023439179286761113
-0.0024504152418172937
-0.002353688324377137
-0.002475818270639961
-0.0024123106985832928
-0.0024040058622374206
-0.002379579872984856
-0.002436248168050806
-0.0023825109916951635
-0.002379579872984856
-0.0022994626282364433
-0.0024538348803126524
-0.0023019052271617004
-0.0023829995114802147
-0.0023361016121152905
-0.002355153883732291
-0.0023678553981436247
-0.0024645823155837808
-0.0024010747435271127
-0.0024235466536394724
-0.0023698094772838297
-0.00249438202247191
-0.0023365901319003417
-0.0023903273082559844
-0.002389838788470933
-0.002401563263312164
-0.002379579872984856
-0.0024660478749389354
-0.0024201270151441136
-0.0024040058622374206
-0.002361016121152907
-0.0024904738641915
-0.002312164142647777
-0.00240009770395701
-0.0023605276013678555
-0.002356130923302394
-0.0023903273082559844
-0.0025446995603321935
-0.002427943331704934
-0.0024323400097703957
-0.0023253541768441625
-0.0024425989252564733
-0.0022975085490962383
-0.0024445530043966783
-0.00242256961406937
-0.0023541768441621884
-0.002389350268685882
-0.0024372252076209086
-0.002361504640937958
-0.002401563263312164
-0.0023092330239374696
-0.002450903761602345
-0.0023732291157791893
-0.002429897410845139
-0.0023839765510503177
-0.002393258426966292
-0.0023341475329750855
-0.0024684904738641916
-0.002370786516853932
-0.0024196384953590624
-0.002297020029311187
-0.002475818270639961
-0.00234342940889106
-0.00235857352222765
-0.0023439179286761113
-0.00240009770395701
-0.0023590620420127014
-0.0024650708353688325
-0.002409379579872985
-0.00243771372740596
-0.0023639472398632147
-0.002416707376648754
-0.002307278944797264
-0.002376648754274548
-0.0023458720078163163
-0.002404494382022472
-0.0024220810942843186
-0.00243380556912555
-0.0023463605276013676
-0.0024176844162188565
-0.0022862725940400587
-0.002455788959452858
-0.0023146067415730338
-0.0024142647777234977
-0.0023424523693209576
-0.00243771372740596
-0.002362970200293112
-0.0024294088910600878
-0.0023805569125549585
-0.002447972642892037
-0.0023273082559843675
-0.002440156326331216
-0.0023194919394235467
-0.002393746946751343
-0.0023829995114802147
-0.0023556424035173426
-0.0023312164142647775
-0.0024963361016121155
-0.002355153883732291
-0.002404982901807523
-0.0022681973619931607
-0.0024650708353688325
-0.0023141182217879825
-0.0023829995114802147
-0.0023404982901807526
-0.00240009770395701
-0.002361016121152907
-0.0024347826086956524
-0.0024010747435271127
-0.0024421104054714216
-0.002370786516853932
-0.002393746946751343
-0.0023248656570591113
-0.0024103566194430878
-0.0023556424035173426
-0.002424523693209575
-0.002370297997068881
-0.002436248168050806
-0.002358085002442599
-0.002459208597948217
-0.002310210063507572
-0.0024484611626770882
-0.0023243771372740596
-0.0023595505617977526
-0.002386419149975574
-0.0023820224719101122
-0.002394723986321446
-0.002397655105031754
-0.002315095261358085
-0.002406936980947728
-0.0023404982901807526
-0.002434294088910601
-0.0023404982901807526
-0.0024123106985832928
-0.002421104054714216
-0.002387884709330728
-0.002356130923302394
-0.002457254518808012
-0.002376648754274548
-0.002410845139228139
-0.0023234000977039567
-0.0025002442598925255
-0.002297020029311187
-0.0023922813873961894
-0.0023839765510503177
-0.0023839765510503177
-0.0023790913531998048
-0.002467513434294089
-0.0024548119198827554
-0.002439667806546165
-0.002360039081582804
-0.002427943331704934
-0.002245725451880801
-0.0023756717147044456
-0.0023575964826575476
-0.002391792867611138
-0.002351245725451881
-0.0024538348803126524
-0.0023790913531998048
-0.0023820224719101122
-0.00231314118221788
-0.0024215925744992674
-0.0023395212506106496
-0.0023820224719101122
-0.0023732291157791893
-0.002433317049340498
-0.002331704934049829
-0.002402051783097215
-0.0023619931607230093
-0.0024567659990229604
-0.00232828529555447
-0.002488031265266243
-0.002399609184171959
-0.002389838788470933
-0.0023810454323400097
-0.002379579872984856
-0.0022975085490962383
-0.002433317049340498
-0.002366389838788471
-0.002444064484611627
-0.002371763556424035
-0.0024855886663409867
-0.0024235466536394724
-0.0024186614557889594
-0.0024059599413776256
-0.0023800683927699073
-0.0023404982901807526
-0.002418172936003908
-0.0023961895456766002
-0.002416707376648754
-0.002356619443087445
-0.002407914020517831
-0.002329750854909624
-0.002370297997068881
-0.002345383488031265
-0.0023908158280410356
-0.002330239374694675
-0.002447972642892037
-0.0023424523693209576
-0.00240742550073278
-0.002293111871030777
-0.0024704445530043966
-0.002322423058133854
-0.0023908158280410356
-0.002384465070835369
-0.002389838788470933
-0.0022647777234978015
-0.0022960429897410845
-0.0021064973131411824
-0.0021651196873473375
-0.002013190034196385
-0.002032730825598437
-0.0018138739618954566
-0.0018993649242794333
-0.0017972642892037127
-0.0017640449438202249
-0.0015036638983878846
-0.0016668295065950171
-0.0014303859306301905
-0.0015456765999022962
-0.0011861260381045434
-0.0014802149487054225
-0.001094772838299951
-0.0011695163654127992
-0.0008905715681485101
-0.0011485100146555935
-0.0008593063019052272
-0.001020029311187103
-0.0006453346360527601
-0.0009228138739618955
-0.0004978016609672692
-0.0007850512945774304
-0.0002994626282364436
-0.0006121152906692721
-0.00029506595017098194
-0.0004894968246213972
-6.888128969223253e-05
-0.000509037616023449
1.7586712261846604e-05
-0.0002799218368343918
0.00025647288715192966
-0.0002237420615534929
0.00041279921836834396
3.859306301905227e-05
0.000495847581827064
8.695652173913043e-05
0.0006326331216414265
0.00026477772349780166
0.0007278944797264289
0.0003346360527601368
0.0009496824621397167
0.0004513922813873962
0.0011514411333659014
0.0006042989741084513
0.0011773326819736198
0.0007703957010258915
0.0014386907669760624
0.0007889594528578407
0.0015803615046409382
0.0009677576941866145
0.0016726917440156325
0.0010825598436736688
0.0019477283829995116
0.0012613580850024426
0.0019408891060087934
0.0012882266731802639
0.002115779189057157
0.0015153883732291157
0.0022261846604787494
0.0015876893014167073
0.002468978993649243
0.0017415730337078652
0.002640449438202247
0.001852467024914509
0.0026609672691744017
0.00201514411333659
0.002808988764044944
0.002038104543234001
0.0029062042012701515
0.0022418172936003906
0.003113825109916952
0.002256961406936981
0.003260869565217391
0.002475818270639961
0.003316560820713239
0.002535417684416219
0.0034699560332193454
0.002692721055202736
0.0036130923302393745
0.0027757694186614557
0.0038212017586712263
0.0029394235466536395
0.003911089399120665
0.0030371275036638985
0.004024914509037616
0.0032594040058622374
0.00419980459208598
0.0032554958475818274
0.004271617000488519
0.003381533952125061
0.004393746946751344
0.0034323400097703957
0.004540791402051783
0.003722032242305813
0.004619443087445042
0.0037093307278944798
0.004844650708353688
0.003837322911577919
0.004881289692232535
0.003937957987298486
0.005106008793356131
0.0041016121152906695
0.005246213971665852
0.004234978016609672
0.005306301905227162
0.00434342940889106
0.005469467513434294
0.004432828529555447
0.005569614069369809
0.004586712261846605
0.0057508549096238395
0.004666340986809966
0.005913531998045921
0.0048949682462139715
0.0060034196384953584
0.004945774303859307
0.006133365901319004
0.005106985832926234
0.006310210063507573
0.005238886174890083
0.0064298974108451395
0.0054298974108451395
0.006657059110893991
0.0055534929164631165
0.006658524670249145
0.005698583292623352
0.0068930141670737665
0.005756717147044455
0.00698485588666341
0.0059594528578407425
0.007084025403028822
0.006072789447972643
0.007304836345872008
0.006373229115779189
0.007445041524181729
0.006381045432340009
0.007560332193453835
0.0065363947239863215
0.007647288715192965
0.006636541279921837
0.00784513922813874
0.00682999511480215
0.007978505129457743
0.007058622374206155
0.008006350757205667
0.00718466047874939
0.008191499755740107
0.007195407914020518
0.008254518808011724
0.007403028822667318
0.008467024914509038
0.007483634587200781
0.008610161211529068
0.007787493893502686
0.008605276013678553
0.007807034684904739
0.008793356130923302
0.008037616023448949
0.008921836834391792
0.008088910600879335
0.009073277967757693
0.008302393746946753
0.009222276502198338
0.008461162677088423
0.009263312164142647
0.0086409379579873
0.009504640937957987
0.008757694186614557
0.00958524670249145
0.008996580361504641
0.009681973619931608
0.00898827552515877
0.009846604787493893
0.009269662921348315
0.009942843185148998
0.009291157791890572
0.010005862237420615
0.009501709819247679
0.010153883732291157
0.009597948216902784
0.010289692232535418
0.009768441621885686
0.010464582315583781
0.009881289692232535
0.010499755740107475
0.010059599413776259
0.010601367855398143
0.010085002442598925
0.010721543722520762
0.010300439667806548
0.010889106008793356
0.010354176844162188
0.01104543234000977
0.010569614069369808
0.011108451392281386
0.010586712261846605
0.011077186126038103
0.010553004396678067
0.011125549584758183
0.010572545188080117
0.011085490962383976
0.010549096238397657
0.011074255007327796
0.010598925256472887
0.011100635075720566
0.010608695652173912
0.011137762579384465
0.010547142159257452
0.011074255007327796
0.010583292623351247
0.011148998534440645
0.010488031265266245
0.011107474352711285
0.010597459697117733
0.011139228138739618
0.010635075720566682
0.011085002442598926
0.010499267220322423
0.011043478260869564
0.010552515876893015
0.011076697606253053
0.01053981436248168
0.011161211529066926
0.010612115290669273
0.01107181240840254
0.010598925256472887
0.011084513922813875
0.01051636541279922
0.011088910600879336
0.01057352222765022
0.011100635075720566
0.010479726428920371
0.011126526624328285
0.010625793844650708
0.011118710307767465
0.010615534929164632
0.011101123595505618
0.010579872984855887
0.011061553492916463
0.010590131900341963
0.011104054714215925
0.010500244259892526
0.01110552027357108
0.010624328285295555
0.01107865168539326
0.010569125549584758
0.011071323888617488
0.010510014655593551
0.011074255007327796
0.010567659990229603
0.011119687347337568
0.010530532486565707
0.01109037616023449
0.01064875427454812
0.01109037616023449
0.010594528578407425
0.011104054714215925
0.010566682950659502
0.011060576453346361
0.010578407425500733
0.011129457743038593
0.010550073277967758
0.01112457254518808
0.01059990229604299
0.011097703957010258
0.010543234000977038
0.011075232046897898
0.010470444553004396
0.01106008793356131
0.010599413776257938
0.011100635075720566
0.010547142159257452
0.011137274059599413
0.01057401074743527
0.01105227161700049
0.010504152418172936
0.011107474352711285
0.010486077186126038
0.01107181240840254
0.010537860283341475
0.011061553492916463
0.010528578407425502
0.011053737176355643
0.01057352222765022
0.011061553492916463
0.010602344894968245
0.011165608207132388
0.010543234000977038
0.011097703957010258
0.010595017098192477
0.011077674645823155
0.010506106497313141
0.011086956521739131
0.010606741573033707
0.01112066438690767
0.010560332193453835
0.011088910600879336
0.010503663898387885
0.01105276013678554
0.0104904738641915
0.011033219345383488
0.010518808011724475
0.01112848070346849
0.010590131900341963
0.011069858329262335
0.010502686858817781
0.011091353199804593
0.010491939423546655
0.011053248656570591
0.010573033707865168
0.011090864680019541
0.0105095261358085
0.011100146555935515
0.010556424035173425
0.011029311187103078
0.010519785051294578
0.011062530532486566
0.010499267220322423
0.011098680996580361
0.010544699560332193
0.01104543234000977
0.010457743038593063
0.011070835368832438
0.010538348803126527
0.011055202735710796
0.010583292623351247
0.01110161211529067
0.010465559355153885
0.011094772838299951
0.01049829018075232
0.011062042012701515
0.010496824621397166
0.01105227161700049
0.010557889594528578
0.0110561797752809
0.010538837322911578
0.011089399120664388
0.01049780166096727
0.011031265266243283
0.010509037616023448
0.011110405471421593
0.010565217391304348
0.011095261358085003
0.010590620420127015
0.011046897899364925
0.010528578407425502
0.011059110893991206
0.010473864191499755
0.011034684904738641
0.01057743038593063
0.011105031753786028
0.010459697117733268
0.011093795798729848
0.010511480214948705
0.01102979970688813
0.01057352222765022
0.011085490962383976
0.01052418172936004
0.011065461651196873
0.010507083536883243
0.01107865168539326
0.010465559355153885
0.011081094284318516
0.010551050317537862
0.011054225696140695
0.010553004396678067
0.011037127503663898
0.010484611626770885
0.011050317537860285
0.010522716170004885
0.011013678553981436
0.010453834880312653
0.011146067415730338
0.01055446995603322
0.011068392769907181
0.010507083536883243
0.011007816316560821
0.010560820713238887
0.01101123595505618
0.010507083536883243
0.011016609672691744
0.010547142159257452
0.011110405471421593
0.010560820713238887
0.011042012701514411
0.010538348803126527
0.011037127503663898
0.010490962383976551
0.010976551050317538
0.010555446995603322
0.011065950170981925
0.010500732779677576
0.011085002442598926
0.01051343429408891
0.011039081582804103
0.010540302882266732
0.011008304836345871
0.010486077186126038
0.011042012701514411
0.010472887151929653
0.01109819247679531
0.010477283829995115
0.011098680996580361
0.010534929164631167
0.011042012701514411
0.010583781143136298
0.011099169516365413
0.010483634587200781
0.011040058622374206
0.010488519785051295
0.01105227161700049
0.010373717635564241
0.01107572056668295
0.010538348803126527
0.011099658036150463
0.010508549096238396
0.010988764044943821
0.010458231558378115
0.011044455300439668
0.010482169027845626
0.011072789447972643
0.010499267220322423
0.011081094284318516
0.010576453346360527
0.011039570102589154
0.010489008304836346
0.011019540791402053
0.010485588666340988
0.0110942843185149
0.010568148510014655
0.011073766487542745
0.010463116756228628
0.011084513922813875
0.010524670249145092
0.010990718124084026
0.010500732779677576
0.011054714215925746
0.010564240351734245
0.011047386419149976
0.010513922813873961
0.01109037616023449
0.01046751343429409
0.011093307278944798
0.010497313141182218
0.011012701514411333
0.010570591108939912
0.011068881289692233
0.01047191011235955
0.011023937469467514
0.010517342452369322
0.011051294577430386
0.010421104054714215
0.010990718124084026
0.010539325842696628
0.01102589154860772
0.010527601367855398
0.01104543234000977
0.010463605276013678
0.011042501221299463
0.010496336101612115
0.011041035661944308
0.010522716170004885
0.011103566194430875
0.01052808988764045
0.011009281875915974
0.010546165119687347
0.011030288226673181
0.01049438202247191
0.01104836345872008
0.01050561797752809
0.011081094284318516
0.010518808011724475
0.011096238397655105
0.010504152418172936
0.011019052271617001
0.010508549096238396
0.011026868588177821
0.010518319491939425
0.01101514411333659
0.010541768441621885
0.01105276013678554
0.010462628236443576
0.011024914509037616
0.010525647288715193
0.010964826575476308
0.010519785051294578
0.011039570102589154
0.010503663898387885
0.011030776746458231
0.010536883243771373
0.011073766487542745
0.010413287738153395
0.011016609672691744
0.010615534929164632
0.011019540791402053
0.010561797752808988
0.011042989741084513
0.010485588666340988
0.010952125061064973
0.010488031265266245
0.011104543234000976
0.010502198339032731
0.011077186126038103
0.010523693209574988
0.011034684904738641
0.01053590620420127
0.011016609672691744
0.010457254518808013
0.011024914509037616
0.010510503175378601
0.011051783097215438
0.010482657547630678
0.011066438690766976
0.010455300439667808
0.011025403028822668
0.010430874450415243
0.011004396678065461
0.010462628236443576
0.010993649242794333
0.010439667806546165
0.011016121152906693
0.010421104054714215
0.011026868588177821
0.010492427943331705
0.011015632633121643
0.010547630679042502
0.01104152418172936
0.010491939423546655
0.011056668295065951
0.010480703468490473
0.011042501221299463
0.010386907669760624
0.011091841719589643
0.010488519785051295
0.01103761602344895
0.010512945774303858
0.011084513922813875
0.010448461162677088
0.011030288226673181
0.010468978993649243
0.011037127503663898
0.010463605276013678
0.011103566194430875
0.010510014655593551
0.011072789447972643
0.010510503175378601
0.01101856375183195
0.010424035173424525
0.010989741084513923
0.010504640937957986
0.0110180752320469
0.01045627747923791
0.011073766487542745
0.01046800195407914
0.010998534440644846
0.010503663898387885
0.011023937469467514
0.01047191011235955
0.011046409379579873
0.010479726428920371
0.011044943820224718
0.010416707376648753
0.011062530532486566
0.010495359062042013
0.010990718124084026
0.010506106497313141
0.011104543234000976
0.010525158768930142
0.011035173424523693
0.010486077186126038
0.011031265266243283
0.010395212506106498
0.0110561797752809
0.010518808011724475
0.011083536883243771
0.010498778700537371
0.01104152418172936
0.010469956033219345
0.011036638983878846
0.010513922813873961
0.011055691255495848
0.010462139716658525
0.011069369809477283
0.01053199804592086
0.011014655593551538
0.010492916463116756
0.011038104543234001
0.010419638495359061
0.011015632633121643
0.010506595017098191
0.011102589154860771
0.010456765999022961
0.011036150464093796
0.010502686858817781
0.010994626282364436
0.0104714215925745
0.01101856375183195
0.010463116756228628
0.011036150464093796
0.010446018563751831
0.011006350757205666
0.0104714215925745
0.011046897899364925
0.010502198339032731
0.011006350757205666
0.010505129457743038
0.011035661944308744
0.010506106497313141
0.011044943820224718
0.010473864191499755
0.011076697606253053
0.010434782608695653
0.011002442598925256
0.010508549096238396
0.010985832926233513
0.010463116756228628
0.010946262823644358
0.010427454811919883
0.010987298485588668
0.010426966292134831
0.01100390815828041
0.010404005862237421
0.01109037616023449
0.010535417684416218
0.010983390327308256
0.010500244259892526
0.011002442598925256
0.010454811919882756
0.011040547142159256
0.010447972642892036
0.01108255984367367
0.01039179286761114
0.011054225696140695
0.010496824621397166
0.011005373717635564
0.010499267220322423
0.01100390815828041
0.010457743038593063
0.011037127503663898
0.010494870542256961
0.011014167073766486
0.010424523693209576
0.011070346849047386
0.010495359062042013
0.010980459208597948
0.010502198339032731
0.011000488519785051
0.010443087445041525
0.011017098192476796
0.010477772349780166
0.011033219345383488
0.010447972642892036
0.011019052271617001
0.010519296531509527
0.011038104543234001
0.010470933072789448
0.010999022960429898
0.010403028822667318
0.010985832926233513
0.010430385930630191
0.011008793356130923
0.010449926722032241
0.011072789447972643
0.010476795310210063
0.010984367366878358
0.010479726428920371
0.011080117244748413
0.010440644846116268
0.010989741084513923
0.01046018563751832
0.011032730825598436
0.010406448461162678
0.011115779189057158
0.010508549096238396
0.011013190034196384
0.010477283829995115
0.011035173424523693
0.010462139716658525
0.011015632633121643
0.010556424035173425
0.011051294577430386
0.010462628236443576
0.011031265266243283
0.010496824621397166
0.011022960429897411
0.010515876893014168
0.011004885197850513
0.010451392281387395
0.011016609672691744
0.010480703468490473
0.011023937469467514
0.010394235466536396
0.011017098192476796
0.010534440644846117
0.011005862237420614
0.010487054225696141
0.010996580361504641
0.010417195896433805
0.010966292134831461
0.01047191011235955
0.01102638006839277
0.01046409379579873
0.011035173424523693
0.010466047874938935
0.011002931118710308
0.010484123106985831
0.011021494870542258
0.010455300439667808
0.010968246213971666
0.010470444553004396
0.011045920859794821
0.010391304347826088
0.011031265266243283
0.010507083536883243
0.01099560332193454
0.010448461162677088
0.011012212994626281
0.010438202247191011
0.010991206643869078
0.010479726428920371
0.011058622374206156
0.010423058133854421
0.011009281875915974
0.010513922813873961
0.01099609184171959
0.010509037616023448
0.011034196384953591
0.010435271128480703
0.010996580361504641
0.010468490473864191
0.010986809965803616
0.010404494382022471
0.011029311187103078
0.010507572056668295
0.011023448949682463
0.010518808011724475
0.01101856375183195
0.010385930630190523
0.01098827552515877
0.010469467513434295
0.011017098192476796
0.010391304347826088
0.011007816316560821
0.010513922813873961
0.010968246213971666
0.010473375671714705
0.010982413287738153
0.010440156326331216
0.010985832926233513
0.010477283829995115
0.011036638983878846
0.010421592574499266
0.01101514411333659
0.010482657547630678
0.011008304836345871
0.010486077186126038
0.01099951148021495
0.010452369320957498
0.010970688812896923
0.010478749389350268
0.010999022960429898
0.010363947239863214
0.01099951148021495
0.010447484123106985
0.011001954079140204
0.010465070835368833
0.010979970688812896
0.010403028822667318
0.010993160723009283
0.010487542745481193
0.011016121152906693
0.010401563263312165
0.011027357107962873
0.010474841231069858
0.011042012701514411
0.010435759648265755
0.010994137762579384
0.010385442110405471
0.010986321446018564
0.010484611626770885
0.011060576453346361
0.010438202247191011
0.011040547142159256
0.010524670249145092
0.010991206643869078
0.010499267220322423
0.011027357107962873
0.010462628236443576
0.01099609184171959
0.010485100146555936
0.011059110893991206
0.01044894968246214
0.011021006350757206
0.010461162677088423
0.011001954079140204
0.010518808011724475
0.010996580361504641
0.01044504152418173
0.01099560332193454
0.010436248168050806
0.011012212994626281
0.010382510991695163
0.011028334147532974
0.010463605276013678
0.011008304836345871
0.010446018563751831
0.01102979970688813
0.010419638495359061
0.010985832926233513
0.01046409379579873
0.01099951148021495
0.010385442110405471
0.01100732779677577
0.010532975085490962
0.011028822667318026
0.01052808988764045
0.010995114802149488
0.01039960918417196
0.010978993649242794
0.010413287738153395
0.011021006350757206
0.010410356619443088
0.011042989741084513
0.010458231558378115
0.010984367366878358
0.010484123106985831
0.010975574010747434
0.010390327308255983
0.010999022960429898
0.010421592574499266
0.011031753786028334
0.01044162188568637
0.011056668295065951
0.010450903761602345
0.010936980947728383
0.010462139716658525
0.011024914509037616
0.010427943331704935
0.010974596971177333
0.010440644846116268
0.011024914509037616
0.010411822178798241
0.011014167073766486
0.010470933072789448
0.010980947728383
0.010503175378602833
0.010998534440644846
0.010469956033219345
0.010982901807523204
0.010453834880312653
0.01102198339032731
0.01041914997557401
0.011030776746458231
0.010465559355153885
0.010989741084513923
0.010488031265266245
0.01097361993160723
0.010406936980947728
0.010915486077186126
0.010438690766976063
0.011010747435271128
0.010404982901807523
0.011009770395701026
0.010482657547630678
0.010970688812896923
0.010438690766976063
0.010994626282364436
0.010400097703957011
0.010936003908158281
0.01041133365901319
0.011010747435271128
0.010392769907181241
0.011043478260869564
0.010466047874938935
0.010935026868588178
0.010412799218368343
0.011017098192476796
0.01043380556912555
0.010960918417195898
0.0104714215925745
0.011014167073766486
0.010424523693209576
0.010982901807523204
0.010484611626770885
0.011006350757205666
0.010478749389350268
0.011007816316560821
0.010461651196873473
0.01099609184171959
0.01042598925256473
0.010971177332681974
0.010459697117733268
0.010968734733756718
0.010503663898387885
0.010992672203224231
0.010470444553004396
0.011014655593551538
0.01039570102589155
0.010991206643869078
0.010444064484611626
0.010986809965803616
0.010402540302882266
0.011021006350757206
0.010468978993649243
0.010963361016121153
0.010437225207620908
0.010989741084513923
0.010444064484611626
0.010978016609672691
0.010446995603321935
0.011053737176355643
0.010409379579872985
0.010997068881289693
0.010427943331704935
0.010928187591597461
0.010483634587200781
0.010976062530532486
0.010455300439667808
0.010967269174401563
0.01042989741084514
0.011010747435271128
0.010364435759648266
0.010992672203224231
0.01046800195407914
0.010996580361504641
0.010463116756228628
0.010984367366878358
0.010380556912554958
0.010959941377625794
0.010435759648265755
0.010971665852467024
0.01036150464093796
0.01102979970688813
0.010509037616023448
0.011002931118710308
0.01045627747923791
0.01095065950170982
0.010444553004396678
0.010988764044943821
0.010426966292134831
0.011011724474841231
0.010457254518808013
0.010986809965803616
0.010470444553004396
0.010968734733756718
0.01044553004396678
0.011027357107962873
0.01038104543234001
0.010931118710307768
0.010426477772349781
0.011032242305813386
0.010413776257938446
0.011019052271617001
0.010498778700537371
0.010968734733756718
0.010441133365901318
0.010984855886663411
0.010463116756228628
0.01097703957010259
0.010478749389350268
0.011019540791402053
0.010413776257938446
0.010993160723009283
0.010449926722032241
0.010999022960429898
0.010476795310210063
0.010993160723009283
0.010446018563751831
0.010980459208597948
0.010430874450415243
0.010956033219345384
0.010368343917928676
0.010978505129457743
0.010529555446995603
0.011004396678065461
0.01043380556912555
0.011037127503663898
0.010367855398143624
0.01097313141182218
0.010441133365901318
0.01102198339032731
0.010436248168050806
0.011049829018075233
0.010479726428920371
0.010975085490962384
0.010440156326331216
0.010979482169027844
0.01042598925256473
0.010937469467513434
0.010455788959452858
0.01099951148021495
0.01041914997557401
0.01099951148021495
0.01043771372740596
0.010958475818270641
0.010446507083536883
0.010984855886663411
0.010444064484611626
0.010975574010747434
0.010430385930630191
0.011040058622374206
0.010388373229115778
0.011000488519785051
0.010499755740107475
0.010981924767953101
0.010498778700537371
0.010991695163654128
0.010423546653639473
0.010995114802149488
0.010430874450415243
0.010983878847093306
0.010404494382022471
0.011008793356130923
0.010460674157303371
0.010972154372252076
0.010426966292134831
0.010982413287738153
0.010376160234489496
0.010957498778700538
0.010403028822667318
0.010967757694186614
0.010389350268685881
0.011034196384953591
0.010461651196873473
0.010957498778700538
0.010452369320957498
0.010923790913532
0.010396678065461651
0.010929653150952614
0.010450903761602345
0.011009770395701026
0.01041866145578896
0.01104836345872008
0.010487054225696141
0.010923302393746948
0.010435271128480703
0.010994137762579384
0.010374694675134343
0.010985344406448463
0.010418172936003908
0.011022960429897411
0.010424523693209576
0.010987298485588668
0.01047191011235955
0.010928676111382511
0.010451392281387395
0.011012212994626281
0.010440156326331216
0.010983878847093306
0.010434782608695653
0.011035661944308744
0.01039179286761114
0.010994137762579384
0.010468490473864191
0.011012701514411333
0.010478749389350268
0.011002442598925256
0.010382999511480214
0.010924767953102101
0.010462628236443576
0.011001954079140204
0.010423546653639473
0.011017586712261848
0.010413776257938446
0.010962872496336103
0.010458231558378115
0.010946751343429408
0.010384465070835368
0.010934049829018076
0.010455300439667808
0.011001954079140204
0.010334636052760138
0.011020517830972154
0.010457254518808013
0.010982901807523204
0.010457743038593063
0.010966292134831461
0.010387396189545676
0.010989741084513923
0.01044162188568637
0.011008304836345871
0.010409868099658036
0.011025403028822668
0.010498778700537371
0.01097361993160723
0.010476306790425011
0.011002931118710308
0.010439667806546165
0.010983878847093306
0.010476795310210063
0.010985344406448463
0.010375671714704446
0.011008304836345871
0.010482169027845626
0.011004396678065461
0.010459208597948218
0.010971177332681974
0.010391304347826088
0.01095114802149487
0.010402051783097216
0.010961406936980948
0.010425012212994626
0.011042501221299463
0.010442110405471421
0.010958475818270641
0.010425500732779678
0.010981924767953101
0.010398143624816806
0.010935026868588178
0.010440156326331216
0.01100732779677577
0.010379579872984856
0.010978505129457743
0.010418172936003908
0.010950170981924768
0.010486077186126038
0.01093258426966292
0.010398632144601856
0.010984855886663411
0.010419638495359061
0.010979970688812896
0.01042989741084514
0.01099951148021495
0.010461162677088423
0.010945285784074254
0.010476306790425011
0.010989741084513923
0.010424035173424525
0.010957010258915486
0.010421592574499266
0.011016609672691744
0.010387396189545676
0.011009281875915974
0.010459208597948218
0.010967757694186614
0.010446995603321935
0.01097313141182218
0.010367366878358574
0.010929653150952614
0.010429408891060088
0.010939912066438691
0.010424035173424525
0.011021494870542258
0.010450415241817293
0.010928676111382511
0.010412799218368343
0.01095407914020518
0.010421104054714215
0.010932095749877871
0.010480214948705421
0.011058622374206156
0.01043380556912555
0.01101514411333659
0.01048314606741573
0.010986321446018564
0.010398632144601856
0.010976062530532486
0.01040742550073278
0.010975085490962384
0.010379091353199804
0.011012212994626281
0.01039179286761114
0.011000488519785051
0.010424523693209576
0.010953590620420128
0.010502198339032731
0.011002931118710308
0.010383488031265266
0.010957498778700538
0.010367366878358574
0.010982413287738153
0.010351734245236931
0.010997068881289693
0.010490962383976551
0.010994626282364436
0.010396189545676601
0.010992672203224231
0.010460674157303371
0.010922325354176844
0.010397166585246703
0.010997068881289693
0.010378602833414753
0.011000488519785051
0.01052076209086468
0.01091011235955056
0.010426966292134831
0.010955056179775281
0.010397166585246703
0.01098827552515877
0.010436736687835858
0.011002931118710308
0.010383488031265266
0.01101514411333659
0.010439667806546165
0.010980459208597948
0.010440644846116268
0.010941866145578896
0.010389838788470933
0.01095114802149487
0.010428431851489986
0.011023937469467514
0.010423546653639473
0.010967269174401563
0.010462628236443576
0.01092085979482169
0.010414264777723498
0.010966780654616513
0.010404494382022471
0.010960429897410846
0.010431851489985345
0.011007816316560821
0.010355642403517341
0.011031753786028334
0.010459208597948218
0.011006839276990718
0.010478749389350268
0.010961406936980948
0.010386907669760624
0.010966780654616513
0.010419638495359061
0.010976062530532486
0.0104152418172936
0.011051783097215438
0.010484123106985831
0.010954567659990231
0.010435759648265755
0.010936003908158281
0.010374206155349291
0.01091304347826087
0.010416707376648753
0.011014655593551538
0.010394235466536396
0.010976062530532486
0.010461162677088423
0.010930141670737666
0.010421104054714215
0.010892525647288716
0.010429408891060088
0.010941866145578896
0.010402051783097216
0.010979970688812896
0.010371763556424036
0.010993649242794333
0.010431851489985345
0.010914020517830973
0.010462139716658525
0.01096580361504641
0.01041866145578896
0.010940889106008793
0.010420127015144113
0.010961895456766
0.010397655105031755
0.011000977039570103
0.010490962383976551
0.010971177332681974
0.010435759648265755
0.010950170981924768
0.010387396189545676
0.010938446507083538
0.010413287738153395
0.010996580361504641
0.010408402540302883
0.010997068881289693
0.010463605276013678
0.010955544699560333
0.010407914020517831
0.010960918417195898
0.010358085002442598
0.010989741084513923
0.01042208109428432
0.010993160723009283
0.010382022471910111
0.010997068881289693
0.010442598925256473
0.010953590620420128
0.010374694675134343
0.010993649242794333
0.010408402540302883
0.010956033219345384
0.010399120664386908
0.010984367366878358
0.01042989741084514
0.010957010258915486
0.010420615534929165
0.010929164631167563
0.010428431851489986
0.01097313141182218
0.010396678065461651
0.010940889106008793
0.010396678065461651
0.011036150464093796
0.010396189545676601
0.011005862237420614
0.010399120664386908
0.010919882755251588
0.010451880801172446
0.010968734733756718
0.01034342940889106
0.010912066438690766
0.010404005862237421
0.011008793356130923
0.010326331216414264
0.01101514411333659
0.010483634587200781
0.010936492427943333
0.010414264777723498
0.010943820224719101
0.010390327308255983
0.010949193942354664
0.010434294088910601
0.01098143624816805
0.01041914997557401
0.011017586712261848
0.010443575964826575
0.010945285784074254
0.010389838788470933
0.011008793356130923
0.010363947239863214
0.010932095749877871
0.010407914020517831
0.010956033219345384
0.010357107962872496
0.010996580361504641
0.010403028822667318
0.010900830483634587
0.010473375671714705
0.011004885197850513
0.010404494382022471
0.010986321446018564
0.01036590131900342
0.010968246213971666
0.010337567171470444
0.010986321446018564
0.01047532975085491
0.01095407914020518
0.010436248168050806
0.010968246213971666
0.010346360527601368
0.010953102100635074
0.010396189545676601
0.010966292134831461
0.010376160234489496
0.011009770395701026
0.010454323400097705
0.010991695163654128
0.010439667806546165
0.010965315095261358
0.010400586223742061
0.010990718124084026
0.010387884709330728
0.010994137762579384
0.010351734245236931
0.010942843185148998
0.010468978993649243
0.010941866145578896
0.010401074743527113
0.01096971177332682
0.01041914997557401
0.010940400586223743
0.010398143624816806
0.010978505129457743
0.010385930630190523
0.010990229604298974
0.010413776257938446
0.010945774303859306
0.010446507083536883
0.010968246213971666
0.010340009770395701
0.010920371275036637
0.01041133365901319
0.010971177332681974
0.010375183194919394
0.010949193942354664
0.0104152418172936
0.011008304836345871
0.010385930630190523
0.010989741084513923
0.01040351734245237
0.01095114802149487
0.01036932095749878
0.010961895456766
0.010400586223742061
0.011055202735710796
0.01040742550073278
0.010953102100635074
0.010414264777723498
0.01095798729848559
0.010329262335124573
0.010892037127503664
0.010446507083536883
0.010981924767953101
0.010393746946751345
0.01102198339032731
0.010481191988275525
0.010919882755251588
0.010426966292134831
0.010961406936980948
0.010437225207620908
0.010995114802149488
0.010386419149975573
0.010966292134831461
0.010367366878358574
0.010978016609672691
0.010439667806546165
0.010930630190522716
0.010437225207620908
0.010976062530532486
0.01036541279921837
0.01093258426966292
0.01041133365901319
0.010967269174401563
0.01035466536394724
0.010974596971177333
0.010436248168050806
0.010953102100635074
0.010425500732779678
0.010989741084513923
0.010412799218368343
0.010938935026868588
0.010402540302882266
0.011010747435271128
0.010341963849535906
0.010986321446018564
0.010432340009770396
0.010918905715681484
0.010431851489985345
0.010952125061064973
0.010374694675134343
0.010960429897410846
0.010425012212994626
0.010971665852467024
0.010360527601367856
0.011013678553981436
0.010448461162677088
0.010959941377625794
0.010410845139228138
0.010967757694186614
0.010375183194919394
0.010960918417195898
0.010425500732779678
0.010982413287738153
0.010338055691255496
0.011016609672691744
0.010400586223742061
0.010922813873961896
0.010425500732779678
0.010978993649242794
0.010385442110405471
0.010943820224719101
0.010417195896433805
0.010998534440644846
0.010391304347826088
0.01100732779677577
0.010458231558378115
0.010928187591597461
0.010381533952125061
0.010983390327308256
0.010404982901807523
0.01095114802149487
0.01042989741084514
0.011021006350757206
0.010357107962872496
0.011000488519785051
0.010420127015144113
0.010954567659990231
0.010455788959452858
0.01097313141182218
0.010370786516853933
0.010940889106008793
0.010443575964826575
0.011044943820224718
0.010380556912554958
0.011015632633121643
0.01042598925256473
0.010929653150952614
0.010384465070835368
0.010961895456766
0.010423058133854421
0.010923790913532
0.010449926722032241
0.010997557401074744
0.010388373229115778
0.010980947728383
0.01044504152418173
0.010932095749877871
0.01046409379579873
0.011012212994626281
0.010383488031265266
0.01095114802149487
0.010379579872984856
0.010975574010747434
0.010368343917928676
0.01096580361504641
0.010490962383976551
0.010937469467513434
0.010424523693209576
0.010930630190522716
0.0104152418172936
0.010956033219345384
0.010363458720078165
0.010981924767953101
0.01038495359062042
0.01099218368343918
0.010451880801172446
0.010928676111382511
0.010464582315583781
0.010949193942354664
0.010377625793844651
0.010948705422569614
0.010407914020517831
0.011002442598925256
0.010380556912554958
0.010986321446018564
0.010458720078163166
0.011015632633121643
0.010463116756228628
0.010961895456766
0.010406936980947728
0.010976062530532486
0.01044504152418173
0.011014167073766486
0.010376648754274548
0.01097752808988764
0.010418172936003908
0.01095114802149487
0.010446507083536883
0.01100341963849536
0.010409379579872985
0.010897899364924279
0.010397166585246703
0.010944308744504153
0.010314118221787983
0.010979970688812896
0.010468490473864191
0.01097361993160723
0.01042989741084514
0.010969223253541768
0.010376160234489496
0.010914020517830973
0.010396189545676601
0.010949193942354664
0.010382022471910111
0.010966780654616513
0.010454811919882756
0.01096580361504641
0.010418172936003908
0.010991695163654128
0.010332681973619933
0.010978016609672691
0.01042208109428432
0.010990229604298974
0.010404982901807523
0.010990229604298974
0.010419638495359061
0.010898876404494382
0.010432340009770396
0.010928187591597461
0.010333659013190034
0.010924279433317051
0.010376648754274548
0.011009281875915974
0.01037322911577919
0.010995114802149488
0.010447972642892036
0.010946751343429408
0.010484123106985831
0.010952613580850024
0.010418172936003908
0.010976062530532486
0.010397166585246703
0.010947728382999511
0.010399120664386908
0.011023937469467514
0.01045627747923791
0.010975574010747434
0.010409379579872985
0.010971177332681974
0.010398143624816806
0.010895456765999024
0.010392769907181241
0.010991695163654128
0.010396189545676601
0.010979970688812896
0.010420127015144113
0.010941866145578896
0.01041866145578896
0.010940889106008793
0.010380556912554958
0.010951636541279921
0.010432828529555448
0.01100732779677577
0.01040351734245237
0.011011724474841231
0.010417195896433805
0.010943820224719101
0.010400097703957011
0.010969223253541768
0.010402540302882266
0.010957498778700538
0.010415730337078651
0.01097313141182218
0.010361016121152908
0.010989741084513923
0.010465559355153885
0.010914020517830973
0.010470933072789448
0.010970200293111871
0.0103771372740596
0.010878847093307279
0.01040742550073278
0.011012212994626281
0.010402540302882266
0.010962872496336103
0.010448461162677088
0.010959452857840743
0.01045285784074255
0.010904250122129946
0.01038495359062042
0.010971665852467024
0.010363947239863214
0.010987298485588668
0.010421104054714215
0.011031753786028334
0.01044162188568637
0.010900341963849536
0.010427454811919883
0.010922813873961896
0.010372252076209086
0.010984367366878358
0.010476795310210063
0.011047386419149976
0.01038104543234001
0.011001465559355154
0.010474841231069858
0.01092085979482169
0.010408402540302883
0.010983878847093306
0.010374694675134343
0.010916463116756227
0.010427454811919883
0.010969223253541768
0.010428920371275036
0.010937957987298486
0.01043771372740596
0.01092085979482169
0.010508549096238396
0.010959452857840743
0.01034294088910601
0.010895945285784074
0.010352222765021983
0.010971665852467024
0.010394235466536396
0.010952125061064973
0.010428431851489986
0.010990229604298974
0.010435759648265755
0.010948705422569614
0.010411822178798241
0.010924279433317051
0.01039570102589155
0.010983878847093306
0.010370786516853933
0.011055202735710796
0.010472887151929653
0.010953102100635074
0.010450415241817293
0.010921836834391793
0.01036590131900342
0.010970200293111871
0.010450903761602345
0.011010258915486076
0.010396189545676601
0.011020517830972154
0.010416707376648753
0.010949193942354664
0.010409379579872985
0.010991206643869078
0.010431851489985345
0.010981924767953101
0.010393746946751345
0.01097313141182218
0.01033952125061065
0.010960429897410846
0.01040742550073278
0.010941377625793844
0.010420127015144113
0.010976551050317538
0.01034684904738642
0.01093160723009282
0.010407914020517831
0.010995114802149488
0.010383488031265266
0.010955544699560333
0.010463116756228628
0.010972642892037128
0.01046409379579873
0.01097752808988764
0.010374694675134343
0.010927210552027358
0.01039960918417196
0.01097703957010259
0.010386419149975573
0.010997557401074744
0.010451392281387395
0.010967269174401563
0.010437225207620908
0.010980947728383
0.01031265266243283
0.010907669760625306
0.01043771372740596
0.01099609184171959
0.010378602833414753
0.010986809965803616
0.01048998534440645
0.010941377625793844
0.010416707376648753
0.010975085490962384
0.010370786516853933
0.010965315095261358
0.010355153883732291
0.010956521739130436
0.010319491939423546
0.010963361016121153
0.010448461162677088
0.010938935026868588
0.010427454811919883
0.010957498778700538
0.010425012212994626
0.010947728382999511
0.010406936980947728
0.010980947728383
0.01033170493404983
0.011008793356130923
0.010470933072789448
0.010970688812896923
0.01044894968246214
0.010985344406448463
0.010372252076209086
0.01096971177332682
0.010349291646311676
0.010980947728383
0.010340498290180753
0.010970200293111871
0.010424523693209576
0.010962383976551051
0.010394235466536396
0.010969223253541768
0.010367855398143624
0.01089350268685882
0.010423058133854421
0.011009770395701026
0.010355153883732291
0.01092085979482169
0.010383488031265266
0.010919882755251588
0.01042208109428432
0.01093942354665364
0.01038886174890083
0.010944308744504153
0.010379091353199804
0.010963849535906204
0.010416218856863703
0.010972642892037128
0.010435759648265755
0.01095407914020518
0.010436736687835858
0.010975574010747434
0.010366878358573523
0.010903761602344896
0.010398143624816806
0.01094723986321446
0.010368343917928676
0.010993649242794333
0.010488031265266245
0.011002931118710308
0.010437225207620908
0.010957010258915486
0.010391304347826088
0.010891548607718614
0.010420615534929165
0.010961895456766
0.010405471421592575
0.011008304836345871
0.01046409379579873
0.010978016609672691
0.010385442110405471
0.010936980947728383
0.0103771372740596
0.010952125061064973
0.010435271128480703
0.01099951148021495
0.010397655105031755
0.010941377625793844
0.010405471421592575
0.010914997557401074
0.010435271128480703
0.010935026868588178
0.010412310698583293
0.01095114802149487
0.010416707376648753
0.010956033219345384
0.010349291646311676
0.010978505129457743
0.010373717635564241
0.010938935026868588
0.010500244259892526
0.011021006350757206
0.010347337567171471
0.010945285784074254
0.010426477772349781
0.010975085490962384
0.0103771372740596
0.010978505129457743
0.010436736687835858
0.010981924767953101
0.010399120664386908
0.010988764044943821
0.010412310698583293
0.010919882755251588
0.01036590131900342
0.010966780654616513
0.010429408891060088
0.011023937469467514
0.010364924279433318
0.010953102100635074
0.010421592574499266
0.01091353199804592
0.010326819736199316
0.010904250122129946
0.010434294088910601
0.010991206643869078
0.010353688324377136
0.010989252564728873
0.01039960918417196
0.010921836834391793
0.010395212506106498
0.010979482169027844
0.010402540302882266
0.010910600879335612
0.010402051783097216
0.010980947728383
0.010351245725451881
0.010984855886663411
0.010443087445041525
0.01095407914020518
0.010461651196873473
0.010970688812896923
0.010461651196873473
0.010893991206643869
0.010399120664386908
0.010998045920859794
0.010410845139228138
0.011005373717635564
0.010504152418172936
0.010966780654616513
0.010432340009770396
0.01093160723009282
0.010399120664386908
0.01090522716170005
0.010404494382022471
0.01090229604298974
0.010420127015144113
0.01099218368343918
0.010469956033219345
0.010941377625793844
0.010399120664386908
0.010935026868588178
0.010357596482657546
0.010894968246213972
0.010388373229115778
0.01100732779677577
0.010395212506106498
0.011004885197850513
0.010436736687835858
0.01097313141182218
0.010434782608695653
0.010952125061064973
0.010377625793844651
0.01097361993160723
0.010397655105031755
0.010967757694186614
0.010358085002442598
0.010958475818270641
0.010414264777723498
0.010969223253541768
0.010435759648265755
0.010971665852467024
0.010344894968246214
0.010946262823644358
0.010360527601367856
0.010966780654616513
0.010366389838788471
0.010964826575476308
0.010444064484611626
0.010940400586223743
0.010446995603321935
0.011000488519785051
0.010379091353199804
0.010896433805569126
0.010391304347826088
0.01094723986321446
0.010423058133854421
0.011023448949682463
0.010399120664386908
0.010943820224719101
0.010417195896433805
0.010948216902784563
0.010296042989741084
0.010893014167073767
0.010428920371275036
0.010958964338055693
0.010390815828041036
0.01097361993160723
0.010436736687835858
0.010944797264289203
0.010434782608695653
0.010934538348803126
0.010370297997068881
0.010941866145578896
0.010403028822667318
0.01098827552515877
0.010344894968246214
0.010953102100635074
0.01038104543234001
0.010925256472887153
0.01043380556912555
0.010962383976551051
0.010356619443087444
0.010968734733756718
0.010370297997068881
0.011014167073766486
0.010425500732779678
0.011014167073766486
0.010451880801172446
0.010953590620420128
0.010444064484611626
0.010963361016121153
0.010360039081582804
0.010942843185148998
0.010407914020517831
0.01096971177332682
0.010414264777723498
0.011001954079140204
0.010440644846116268
0.01092085979482169
0.01041866145578896
0.010904738641914997
0.010345383488031264
0.010919882755251588
0.010387884709330728
0.010975574010747434
0.010402540302882266
0.010967757694186614
0.010443575964826575
0.010950170981924768
0.01038495359062042
0.010974596971177333
0.010376648754274548
0.010984855886663411
0.010404982901807523
0.010970688812896923
0.010327796775769418
0.010984855886663411
0.010415730337078651
0.010935026868588178
0.010447972642892036
0.010976062530532486
0.010429408891060088
0.010937957987298486
0.010411822178798241
0.01099560332193454
0.010373717635564241
0.010986321446018564
0.010435271128480703
0.010939912066438691
0.010383488031265266
0.010953590620420128
0.010360039081582804
0.01090180752320469
0.010393746946751345
0.01095065950170982
0.01042598925256473
0.010997068881289693
0.010477772349780166
0.010910600879335612
0.010356130923302393
0.010928676111382511
0.010372252076209086
0.01091304347826087
0.010427943331704935
0.010976551050317538
0.010393746946751345
0.010986809965803616
0.010437225207620908
0.010978016609672691
0.010393746946751345
0.010932095749877871
0.01040742550073278
0.01098827552515877
0.010396678065461651
0.010969223253541768
0.010351245725451881
0.010964826575476308
0.01041866145578896
0.010936980947728383
0.01044943820224719
0.010959941377625794
0.010357107962872496
0.010949193942354664
0.01039228138739619
0.010979482169027844
0.010357596482657546
0.010991206643869078
0.010465559355153885
0.010978016609672691
0.010435271128480703
0.010950170981924768
0.010387884709330728
0.010933561309233024
0.010340986809965804
0.010954567659990231
0.010376648754274548
0.010994626282364436
0.010447972642892036
0.010925744992672204
0.010430874450415243
0.010949193942354664
0.01036150464093796
0.010888128969223252
0.01043380556912555
0.010964338055691256
0.010378114313629701
0.010994137762579384
0.010428431851489986
0.010956521739130436
0.010417195896433805
0.010929164631167563
0.010396678065461651
0.010976551050317538
0.0104152418172936
0.010975574010747434
0.010362970200293113
0.010967269174401563
0.010378114313629701
0.010936492427943333
0.010420615534929165
0.010980947728383
0.010375671714704446
0.01091744015632633
0.010389838788470933
0.01095798729848559
0.010355153883732291
0.010941866145578896
0.010463605276013678
0.01099609184171959
0.010421592574499266
0.010936492427943333
0.01039960918417196
0.010945774303859306
0.010376160234489496
0.010965315095261358
0.010366389838788471
0.010982413287738153
0.010428431851489986
0.010923790913532
0.010413287738153395
0.010970688812896923
0.010357596482657546
0.010945285784074254
0.010404005862237421
0.010961895456766
0.010372740595994138
0.010975574010747434
0.010372252076209086
0.010933561309233024
0.010395212506106498
0.01091353199804592
0.010440644846116268
0.010924279433317051
0.010410356619443088
0.01102638006839277
0.0103771372740596
0.010971665852467024
0.01042598925256473
0.01090522716170005
0.010466047874938935
0.010987298485588668
0.010356130923302393
0.010918905715681484
0.010409868099658036
0.010971177332681974
0.010388373229115778
0.010994626282364436
0.010427943331704935
0.010942843185148998
0.010427943331704935
0.01095798729848559
0.010326819736199316
0.010914509037616022
0.010405959941377626
0.01098143624816805
0.0103771372740596
0.011001954079140204
0.010417684416218856
0.010975085490962384
0.010371275036638984
0.01089838788470933
0.01036590131900342
0.010921836834391793
0.01040742550073278
0.010953102100635074
0.010385930630190523
0.010971177332681974
0.010443087445041525
0.01095407914020518
0.01041866145578896
0.010933561309233024
0.010398632144601856
0.010955544699560333
0.010410356619443088
0.011014167073766486
0.010356130923302393
0.011036638983878846
0.010402051783097216
0.010934049829018076
0.010443575964826575
0.010999022960429898
0.010402540302882266
0.01090229604298974
0.010362970200293113
0.011027357107962873
0.010303859306301906
0.01100341963849536
0.01045285784074255
0.010968246213971666
0.010394723986321446
0.010972154372252076
0.01036541279921837
0.010936492427943333
0.010356619443087444
0.010943820224719101
0.01035075720566683
0.011026868588177821
0.010407914020517831
0.010938935026868588
0.010417684416218856
0.01091744015632633
0.01041133365901319
0.010929164631167563
0.010407914020517831
0.011010747435271128
0.01032437713727406
0.01096971177332682
0.010425012212994626
0.010917928676111383
0.01040742550073278
0.010939912066438691
0.010382510991695163
0.010917928676111383
0.010387396189545676
0.010908646800195407
0.010321446018563751
0.010998534440644846
0.01036980947728383
0.010964826575476308
0.01039228138739619
0.010971665852467024
0.0104152418172936
0.01095798729848559
0.010354176844162188
0.010982901807523204
0.010385930630190523
0.010900830483634587
0.01046751343429409
0.010981924767953101
0.010389350268685881
0.010939912066438691
0.01036932095749878
0.010867122618466049
0.01039228138739619
0.010908646800195407
0.010345383488031264
0.010989741084513923
0.010439667806546165
0.010903761602344896
0.010455300439667808
0.010945285784074254
0.010341475329750854
0.010924767953102101
0.010389838788470933
0.010938446507083538
0.010359062042012701
0.010934538348803126
0.010378114313629701
0.010961895456766
0.010396189545676601
0.01093942354665364
0.010402540302882266
0.01096971177332682
0.010389838788470933
0.010958475818270641
0.010346360527601368
0.010979482169027844
0.010427454811919883
0.010889106008793356
0.010431851489985345
0.01095065950170982
0.010359550561797755
0.010953590620420128
0.010424035173424525
0.010998045920859794
0.010394235466536396
0.010958475818270641
0.010428431851489986
0.010966292134831461
0.01042598925256473
0.010938446507083538
0.010376648754274548
0.010926722032242306
0.0104152418172936
0.010955544699560333
0.010387396189545676
0.010971177332681974
0.010430874450415243
0.010958964338055693
0.010416707376648753
0.010912554958475817
0.010353199804592086
0.010867611138251099
0.010443087445041525
0.01097361993160723
0.010408891060087933
0.010943820224719101
0.010430385930630191
0.010958475818270641
0.010386907669760624
0.01092769907181241
0.010393258426966293
0.010964338055691256
0.010420615534929165
0.010981924767953101
0.010328773815339523
0.010970688812896923
0.010432828529555448
0.010937957987298486
0.010413287738153395
0.010980947728383
0.010344894968246214
0.010938935026868588
0.010337567171470444
0.010929653150952614
0.010326819736199316
0.010974596971177333
0.010441133365901318
0.010936003908158281
0.010428431851489986
0.010928187591597461
0.010344894968246214
0.010959452857840743
0.01033561309233024
0.010964826575476308
0.010372740595994138
0.010966780654616513
0.010431362970200293
0.010934538348803126
0.01043380556912555
0.010953102100635074
0.010347826086956521
0.01090913531998046
0.010372740595994138
0.01099218368343918
0.01032437713727406
0.011008793356130923
0.010398143624816806
0.010918905715681484
0.010382510991695163
0.01098143624816805
0.010405959941377626
0.01096580361504641
0.010444064484611626
0.01096971177332682
0.010356130923302393
0.011001954079140204
0.010423546653639473
0.010896433805569126
0.01044894968246214
0.010983878847093306
0.010344894968246214
0.010966292134831461
0.010373717635564241
0.010939912066438691
0.01034684904738642
0.010982413287738153
0.01044943820224719
0.010915974596971178
0.01041133365901319
0.010946262823644358
0.010382022471910111
0.010928187591597461
0.010382022471910111
0.010978505129457743
0.01038104543234001
0.010989252564728873
0.01044553004396678
0.010932095749877871
0.010438690766976063
0.010919882755251588
0.010382510991695163
0.010929164631167563
0.010378114313629701
0.010958964338055693
0.010372252076209086
0.010997068881289693
0.010398143624816806
0.010936492427943333
0.0104152418172936
0.010929653150952614
0.0104152418172936
0.010964338055691256
0.010430385930630191
0.010987298485588668
0.010344406448461163
0.01093258426966292
0.010387396189545676
0.010970688812896923
0.010440644846116268
0.010970200293111871
0.010387884709330728
0.010964826575476308
0.010336101612115291
0.010937957987298486
0.010371763556424036
0.011013190034196384
0.01045285784074255
0.010962383976551051
0.010375183194919394
0.010936003908158281
0.01037322911577919
0.01093160723009282
0.010376160234489496
0.01092085979482169
0.01036590131900342
0.010991695163654128
0.010398632144601856
0.010923302393746948
0.010421104054714215
0.010896433805569126
0.01034684904738642
0.010936003908158281
0.010344894968246214
0.010989252564728873
0.010407914020517831
0.011001465559355154
0.010456765999022961
0.01095798729848559
0.010419638495359061
0.010932095749877871
0.010404005862237421
0.010961895456766
0.010423546653639473
0.010971665852467024
0.010324865657059111
0.011013190034196384
0.010422569614069371
0.0108876404494382
0.010406936980947728
0.010930141670737666
0.010378602833414753
0.010960918417195898
0.010396189545676601
0.010982413287738153
0.010308744504152418
0.010976551050317538
0.010468490473864191
0.010963361016121153
0.010420127015144113
0.010957498778700538
0.010403028822667318
0.010918905715681484
0.010374694675134343
0.010961895456766
0.010337078651685394
0.010986321446018564
0.010463116756228628
0.010965315095261358
0.010431851489985345
0.010950170981924768
0.010370786516853933
0.010942843185148998
0.010431362970200293
0.010984855886663411
0.01039179286761114
0.011004396678065461
0.010414264777723498
0.01091011235955056
0.010420127015144113
0.01097752808988764
0.010421104054714215
0.010940400586223743
0.010447972642892036
0.010950170981924768
0.010351734245236931
0.010955544699560333
0.010427943331704935
0.010919394235466536
0.010539325842696628
0.010950170981924768
0.010396189545676601
0.01090620420127015
0.010380068392769906
0.010936980947728383
0.010391304347826088
0.010971665852467024
0.010472398632144601
0.010915486077186126
0.01049829018075232
0.011010258915486076
0.010373717635564241
0.010902784562774792
0.01040742550073278
0.010947728382999511
0.010355642403517341
0.010991206643869078
0.010396678065461651
0.010942354665363948
0.010404982901807523
0.010934538348803126
0.010401563263312165
0.010915486077186126
0.010440644846116268
0.011022960429897411
0.010393258426966293
0.010980947728383
0.010443087445041525
0.010914997557401074
0.010426477772349781
0.01091353199804592
0.010362970200293113
0.010932095749877871
0.010428920371275036
0.010979970688812896
0.010389350268685881
0.010949682462139716
0.010386419149975573
0.010904738641914997
0.010472398632144601
0.010987787005373718
0.010315095261358084
0.010915486077186126
0.010412310698583293
0.010940889106008793
0.010372740595994138
0.010958475818270641
0.010404005862237421
0.010945774303859306
0.010441133365901318
0.010949193942354664
0.010340498290180753
0.01091744015632633
0.010379091353199804
0.010922325354176844
0.010367366878358574
0.010996580361504641
0.01041914997557401
0.010924767953102101
0.010427943331704935
0.010967757694186614
0.010394235466536396
0.010906692721055202
0.010396189545676601
0.010990229604298974
0.010404982901807523
0.010943820224719101
0.010447484123106985
0.010940889106008793
0.01037322911577919
0.01092769907181241
0.010398143624816806
0.010924279433317051
0.010400586223742061
0.011006350757205666
0.010370297997068881
0.010974108451392281
0.010446995603321935
0.010917928676111383
0.010398632144601856
0.01098827552515877
0.010361016121152908
0.010920371275036637
0.010363947239863214
0.010922813873961896
0.010340986809965804
0.010984855886663411
0.010451880801172446
0.010965315095261358
0.010498778700537371
0.01090913531998046
0.010346360527601368
0.010863702979970689
0.010378602833414753
0.01095407914020518
0.010376648754274548
0.010982413287738153
0.010399120664386908
0.010898876404494382
0.010398632144601856
0.01097752808988764
0.01036590131900342
0.010922325354176844
0.010364435759648266
0.011012701514411333
0.010390815828041036
0.01092134831460674
0.010382022471910111
0.01090180752320469
0.01036590131900342
0.01090962383976551
0.010389350268685881
0.010963361016121153
0.0104152418172936
0.010962872496336103
0.010357596482657546
0.010963361016121153
0.010400586223742061
0.010928187591597461
0.010440156326331216
0.01095114802149487
0.010386419149975573
0.010937469467513434
0.010372252076209086
0.010938446507083538
0.010304347826086958
0.010963849535906204
0.010438202247191011
0.010950170981924768
0.010395212506106498
0.01091695163654128
0.010347337567171471
0.010945774303859306
0.010408402540302883
0.010939912066438691
0.010382022471910111
0.010975574010747434
0.010467024914509038
0.010922325354176844
0.010382999511480214
0.010927210552027358
0.01031314118221788
0.01091011235955056
0.010378602833414753
0.010936492427943333
0.010370786516853933
0.010980947728383
0.01035466536394724
0.010917928676111383
0.01039570102589155
0.010908646800195407
0.010371763556424036
0.010969223253541768
0.01038886174890083
0.010983878847093306
0.010372252076209086
0.010975574010747434
0.010425012212994626
0.010938446507083538
0.010432340009770396
0.01093258426966292
0.010394235466536396
0.010956521739130436
0.010393746946751345
0.010936492427943333
0.010344894968246214
0.010958964338055693
0.010414264777723498
0.01094723986321446
0.010351245725451881
0.010927210552027358
0.010355642403517341
0.010921836834391793
0.010368343917928676
0.010941866145578896
0.01034294088910601
0.011024425989252564
0.010442598925256473
0.010948705422569614
0.010415730337078651
0.010946751343429408
0.010373717635564241
0.010959452857840743
0.010423546653639473
0.010987787005373718
0.01036150464093796
0.010972154372252076
0.010453346360527603
0.010911577918905716
0.010387396189545676
0.01090522716170005
0.010379579872984856
0.010950170981924768
0.010371763556424036
0.010978505129457743
0.010349291646311676
0.010987298485588668
0.010401563263312165
0.010930141670737666
0.010410845139228138
0.010954567659990231
0.010363458720078165
0.010960918417195898
0.010349780166096726
0.010967269174401563
0.010332193453834881
0.010974596971177333
0.01042208109428432
0.010959452857840743
0.010435759648265755
0.010927210552027358
0.01036932095749878
0.01088715192965315
0.010419638495359061
0.010953102100635074
0.010345872007816316
0.011007816316560821
0.010440156326331216
0.01090962383976551
0.010351245725451881
0.010920371275036637
0.010389350268685881
0.010912554958475817
0.010430385930630191
0.010984367366878358
0.010360039081582804
0.011000977039570103
0.010432828529555448
0.01092085979482169
0.010405471421592575
0.01093942354665364
0.01038886174890083
0.010931118710307768
0.010387884709330728
0.010946262823644358
0.010386419149975573
0.010925256472887153
0.010457743038593063
0.010949193942354664
0.010451880801172446
0.010960429897410846
0.010434294088910601
0.010959941377625794
0.010420127015144113
0.010938935026868588
0.010363458720078165
0.010946751343429408
0.010436248168050806
0.010917928676111383
0.01042989741084514
0.010989741084513923
0.01036590131900342
0.010865657059110894
0.010383976551050318
0.010928187591597461
0.010385442110405471
0.01099609184171959
0.010430874450415243
0.01093258426966292
0.010394723986321446
0.010897899364924279
0.010366878358573523
0.010895945285784074
0.01039570102589155
0.010948705422569614
0.010362481680508061
0.010963849535906204
0.010435271128480703
0.01089838788470933
0.010397655105031755
0.01091011235955056
0.01036199316072301
0.010876404494382022
0.010368832437713728
0.010947728382999511
0.010380556912554958
0.010986809965803616
0.010431851489985345
0.01091695163654128
0.010426966292134831
0.010967269174401563
0.010367366878358574
0.010925256472887153
0.010389350268685881
0.01097752808988764
0.01036199316072301
0.010954567659990231
0.010459208597948218
0.010955544699560333
0.010412310698583293
0.010928187591597461
0.010353688324377136
0.010880801172447484
0.010371763556424036
0.01095114802149487
0.010347826086956521
0.010951636541279921
0.010443575964826575
0.010931118710307768
0.010370786516853933
0.010940400586223743
0.010362481680508061
0.010907669760625306
0.010421104054714215
0.010980947728383
0.01036932095749878
0.01095065950170982
0.010426477772349781
0.010894968246213972
0.010360039081582804
0.010918417195896432
0.010397655105031755
0.010939912066438691
0.010353199804592086
0.01100341963849536
0.010345383488031264
0.010967269174401563
0.010453834880312653
0.010878847093307279
0.010424035173424525
0.010942843185148998
0.010387884709330728
0.010904250122129946
0.010336590131900343
0.010944308744504153
0.010303859306301906
0.010966292134831461
0.010474352711284806
0.010959452857840743
0.010413287738153395
0.010925256472887153
0.01035075720566683
0.010903761602344896
0.010380068392769906
0.010912066438690766
0.010378602833414753
0.010997557401074744
0.01043380556912555
0.010948705422569614
0.01040742550073278
0.010894968246213972
0.010341475329750854
0.010900341963849536
0.010427454811919883
0.010982413287738153
0.010360039081582804
0.010954567659990231
0.010450903761602345
0.010934049829018076
0.010417684416218856
0.010933072789447973
0.010396189545676601
0.010939912066438691
0.010389838788470933
0.010958964338055693
0.010353199804592086
0.01093258426966292
0.010397655105031755
0.01093551538837323
0.010436736687835858
0.010981924767953101
0.010328773815339523
0.01090913531998046
0.01040742550073278
0.01097361993160723
0.010344406448461163
0.010942843185148998
0.010418172936003908
0.010953590620420128
0.010387884709330728
0.010959941377625794
0.010342452369320958
0.010867611138251099
0.010402540302882266
0.010941377625793844
0.010412310698583293
0.01099951148021495
0.01041914997557401
0.01095407914020518
0.010391304347826088
0.010907669760625306
0.010345383488031264
0.010930141670737666
0.010392769907181241
0.010968246213971666
0.010292134831460674
0.010923790913532
0.010443575964826575
0.01087200781631656
0.010402051783097216
0.010947728382999511
0.010396189545676601
0.010950170981924768
0.010407914020517831
0.010952613580850024
0.010315583781143136
0.010957010258915486
0.01040351734245237
0.010889594528578407
0.0104152418172936
0.010964826575476308
0.010393258426966293
0.010959941377625794
0.010431362970200293
0.01093551538837323
0.010323400097703956
0.010966292134831461
0.010428920371275036
0.010946262823644358
0.0104152418172936
0.010974108451392281
0.010336590131900343
0.010896922325354177
0.01041914997557401
0.010880312652662432
0.010376160234489496
0.011020029311187104
0.01044943820224719
0.01091695163654128
0.010423058133854421
0.010955544699560333
0.010347337567171471
0.010906692721055202
0.010432828529555448
0.010927210552027358
0.010367366878358574
0.010975574010747434
0.010456765999022961
0.010928676111382511
0.010383488031265266
0.010960429897410846
0.010372252076209086
0.01099560332193454
0.01039570102589155
0.010953590620420128
0.010358085002442598
0.010964826575476308
0.010415730337078651
0.010919882755251588
0.010463116756228628
0.010899364924279434
0.010355642403517341
0.01091744015632633
0.010431851489985345
0.010960429897410846
0.01034342940889106
0.01095114802149487
0.010442598925256473
0.010975085490962384
0.010374206155349291
0.010937957987298486
0.010361016121152908
0.010898876404494382
0.01038495359062042
0.01092769907181241
0.010378602833414753
0.011
0.010427943331704935
0.0109057156814851
0.010433317049340498
0.010847581827063996
0.01034294088910601
0.010919394235466536
0.010450903761602345
0.011006839276990718
0.010338055691255496
0.01096971177332682
0.01046409379579873
0.010934049829018076
0.010436736687835858
0.010971177332681974
0.010387884709330728
0.010961895456766
0.010406936980947728
0.010970200293111871
0.010352711284807034
0.011001465559355154
0.010382999511480214
0.010894968246213972
0.010436248168050806
0.0108876404494382
0.010385930630190523
0.01093551538837323
0.01035857352222765
0.010936003908158281
0.010360527601367856
0.010997557401074744
0.010473864191499755
0.01092769907181241
0.010428431851489986
0.010925744992672204
0.010341963849535906
0.010891060087933562
0.01039960918417196
0.010978016609672691
0.010383976551050318
0.010995114802149488
0.010455788959452858
0.01091744015632633
0.010423058133854421
0.010932095749877871
0.010333170493404983
0.010927210552027358
0.010398143624816806
0.010986321446018564
0.010327308255984366
0.010939912066438691
0.010411822178798241
0.010893014167073767
0.01039179286761114
0.010904250122129946
0.010386419149975573
0.010944797264289203
0.010375183194919394
0.010966780654616513
0.010401563263312165
0.010989252564728873
0.010391304347826088
0.01088715192965315
0.01042208109428432
0.010930141670737666
0.010399120664386908
0.01092134831460674
0.010413776257938446
0.010956033219345384
0.01034684904738642
0.01090913531998046
0.010417195896433805
0.010942843185148998
0.010388373229115778
0.01091304347826087
0.010422569614069371
0.010918417195896432
0.010386907669760624
0.010957498778700538
0.010340498290180753
0.010946262823644358
0.010386419149975573
0.010935026868588178
0.01038495359062042
0.010936003908158281
0.010345872007816316
0.010892037127503664
0.010403028822667318
0.010936003908158281
0.010353688324377136
0.010972154372252076
0.010451392281387395
0.010942843185148998
0.010401563263312165
0.010906692721055202
0.010417195896433805
0.010929164631167563
0.010414264777723498
0.010958475818270641
0.010327308255984366
0.010960918417195898
0.010427943331704935
0.010880801172447484
0.010430385930630191
0.010990718124084026
0.010375671714704446
0.010884709330727894
0.010341963849535906
0.010916463116756227
0.010311187103077674
0.01092769907181241
0.010478749389350268
0.010964338055691256
0.010444064484611626
0.010956033219345384
0.010349780166096726
0.010918905715681484
0.010371763556424036
0.010968246213971666
0.010348314606741573
0.010959452857840743
0.01044504152418173
0.010912554958475817
0.01044162188568637
0.010928676111382511
0.010362970200293113
0.01092134831460674
0.01039570102589155
0.010999022960429898
0.010393258426966293
0.011006350757205666
0.010399120664386908
0.010931118710307768
0.010439179286761113
0.010900830483634587
0.010379091353199804
0.010931118710307768
0.010425500732779678
0.010938935026868588
0.01036199316072301
0.010993160723009283
0.010425012212994626
0.01086809965803615
0.010426477772349781
0.010970688812896923
0.010342452369320958
0.010961406936980948
0.010438202247191011
0.010953102100635074
0.010383976551050318
0.01094723986321446
0.010442110405471421
0.010919394235466536
0.01042989741084514
0.010880312652662432
0.010352711284807034
0.010877381533952126
0.010341963849535906
0.010956033219345384
0.010349291646311676
0.010958964338055693
0.010417684416218856
0.01094333170493405
0.01043771372740596
0.01095065950170982
0.010356619443087444
0.010919394235466536
0.010408402540302883
0.010983390327308256
0.010367855398143624
0.010968734733756718
0.010422569614069371
0.010916463116756227
0.010425500732779678
0.010893014167073767
0.010414753297508548
0.010933072789447973
0.010378114313629701
0.010952613580850024
0.010324865657059111
0.010925256472887153
0.010378114313629701
0.01088715192965315
0.010464582315583781
0.010922813873961896
0.010357596482657546
0.010921836834391793
0.01034342940889106
0.010947728382999511
0.010382022471910111
0.010949682462139716
0.010435759648265755
0.010979970688812896
0.010437225207620908
0.010919882755251588
0.010337567171470444
0.010900830483634587
0.010361016121152908
0.010930630190522716
0.010337567171470444
0.011005862237420614
0.010394723986321446
0.010948705422569614
0.010462628236443576
0.010918905715681484
0.010348314606741573
0.01087982413287738
0.010382999511480214
0.010974108451392281
0.010360527601367856
0.01094723986321446
0.010399120664386908
0.010918417195896432
0.010401563263312165
0.010959941377625794
0.010385930630190523
0.010949682462139716
0.010401563263312165
0.01095114802149487
0.010376648754274548
0.01097752808988764
0.010414264777723498
0.010906692721055202
0.01043771372740596
0.010964338055691256
0.010371275036638984
0.01095065950170982
0.010388373229115778
0.01090131900341964
0.010347826086956521
0.010983878847093306
0.010443087445041525
0.01091353199804592
0.010378114313629701
0.010911089399120664
0.010330239374694676
0.010959941377625794
0.010382999511480214
0.010985832926233513
0.010424523693209576
0.011004396678065461
0.010443087445041525
0.0108876404494382
0.010377625793844651
0.01091744015632633
0.010371763556424036
0.010948216902784563
0.010390327308255983
0.01100390815828041
0.010390815828041036
0.010945774303859306
0.010424035173424525
0.010957010258915486
0.01042989741084514
0.010993649242794333
0.010375671714704446
0.010921836834391793
0.010433317049340498
0.010958964338055693
0.010348803126526624
0.010938446507083538
0.010394235466536396
0.010878847093307279
0.010466536394723986
0.010923790913532
0.010393258426966293
0.010888617489008304
0.010407914020517831
0.010987787005373718
0.010323888617489008
0.010930630190522716
0.010451880801172446
0.010963849535906204
0.010435759648265755
0.010948216902784563
0.010338544211040548
0.01089447972642892
0.01036980947728383
0.010908646800195407
0.01035075720566683
0.010999022960429898
0.010431362970200293
0.010911577918905716
0.01042598925256473
0.010896433805569126
0.010348803126526624
0.010923302393746948
0.010397166585246703
0.010966780654616513
0.010319980459208598
0.010996580361504641
0.010410845139228138
0.010923790913532
0.01035466536394724
0.010919394235466536
0.010338055691255496
0.010945774303859306
0.010427943331704935
0.01097313141182218
0.010352222765021983
0.010962383976551051
0.010400097703957011
0.010952125061064973
0.010462139716658525
0.010946751343429408
0.010357596482657546
0.010914509037616022
0.01044162188568637
0.010974108451392281
0.010355153883732291
0.010915974596971178
0.010439179286761113
0.010937957987298486
0.010426477772349781
0.010955544699560333
0.010338544211040548
0.010935026868588178
0.01038495359062042
0.010940889106008793
0.01040742550073278
0.011012212994626281
0.010424523693209576
0.010921836834391793
0.010411822178798241
0.01089447972642892
0.010318514899853444
0.010872984855886664
0.010408402540302883
0.010969223253541768
0.010390327308255983
0.010959941377625794
0.010397655105031755
0.01091353199804592
0.010458231558378115
0.010900830483634587
0.01033561309233024
0.010907181240840254
0.01036150464093796
0.010944797264289203
0.010362481680508061
0.01093551538837323
0.010413287738153395
0.010917928676111383
0.010420127015144113
0.010954567659990231
0.010394235466536396
0.010946262823644358
0.010340498290180753
0.010959452857840743
0.01033170493404983
0.01095798729848559
0.010469467513434295
0.010962872496336103
0.010378114313629701
0.010956033219345384
0.010364435759648266
0.01090522716170005
0.010375183194919394
0.010959941377625794
0.010378602833414753
0.011016609672691744
0.010433317049340498
0.01090620420127015
0.010390327308255983
0.010924279433317051
0.010330239374694676
0.010928676111382511
0.010428920371275036
0.010985344406448463
0.010395212506106498
0.010948216902784563
0.010404494382022471
0.010939912066438691
0.010414753297508548
0.010925256472887153
0.010382022471910111
0.01089447972642892
0.010359062042012701
0.010970688812896923
0.010378602833414753
0.010984367366878358
0.010421104054714215
0.010910600879335612
0.010468490473864191
0.010964826575476308
0.010421104054714215
0.010926722032242306
0.010388373229115778
0.010936980947728383
0.010390815828041036
0.010933561309233024
0.01046018563751832
0.010967269174401563
0.010421592574499266
0.010936003908158281
0.01038104543234001
0.010907669760625306
0.010340009770395701
0.010943820224719101
0.010379579872984856
0.010970688812896923
0.010386419149975573
0.010924279433317051
0.010427454811919883
0.010893991206643869
0.010349780166096726
0.01090962383976551
0.010412799218368343
0.011016121152906693
0.010317537860283341
0.010959452857840743
0.010410356619443088
0.010914020517830973
0.010382022471910111
0.010940889106008793
0.010396189545676601
0.010964826575476308
0.010392769907181241
0.010932095749877871
0.010360527601367856
0.010990229604298974
0.010408402540302883
0.010928676111382511
0.010409379579872985
0.010938446507083538
0.010359550561797755
0.010932095749877871
0.010396189545676601
0.010958475818270641
0.010325354176844161
0.010916463116756227
0.010437225207620908
0.010978505129457743
0.010395212506106498
0.010957498778700538
0.010372740595994138
0.010932095749877871
0.010392769907181241
0.010951636541279921
0.010401074743527113
0.010983878847093306
0.010421592574499266
0.010942354665363948
0.010398632144601856
0.010955056179775281
0.010367366878358574
0.010904738641914997
0.010385930630190523
0.010941866145578896
0.01036932095749878
0.011016121152906693
0.010431362970200293
0.010949682462139716
0.010409868099658036
0.010925744992672204
0.010342452369320958
0.010987298485588668
0.010373717635564241
0.010937957987298486
0.010360039081582804
0.010956521739130436
0.010334636052760138
0.010922325354176844
0.010382999511480214
0.010960918417195898
0.01036541279921837
0.010912554958475817
0.010380556912554958
0.010947728382999511
0.010315583781143136
0.010991206643869078
0.010410845139228138
0.010946262823644358
0.010381533952125061
0.01095407914020518
0.010402051783097216
0.010921836834391793
0.010327308255984366
0.010934538348803126
0.010384465070835368
0.011019052271617001
0.01044162188568637
0.010889106008793356
0.010387396189545676
0.010928187591597461
0.01032437713727406
0.010907181240840254
0.010396678065461651
0.010968246213971666
0.010374694675134343
0.010976062530532486
0.010431851489985345
0.010935026868588178
0.010402051783097216
0.01095114802149487
0.010375671714704446
0.010892525647288716
0.010370297997068881
0.010966780654616513
0.010382999511480214
0.010988764044943821
0.01036980947728383
0.01091011235955056
0.01044943820224719
0.010971177332681974
0.010422569614069371
0.010896922325354177
0.010393746946751345
0.010949193942354664
0.010350268685881778
0.010952613580850024
0.010439179286761113
0.010903761602344896
0.01041133365901319
0.010956521739130436
0.010322911577918904
0.010912554958475817
0.010375183194919394
0.010946751343429408
0.010412799218368343
0.010969223253541768
0.010409379579872985
0.010885197850512946
0.010423546653639473
0.010936492427943333
0.010355153883732291
0.010859794821690279
0.010405959941377626
0.010979970688812896
0.0103390327308256
0.010994137762579384
0.010376648754274548
0.010907181240840254
0.010371763556424036
0.010926233512457256
0.01034684904738642
0.010907669760625306
0.010347337567171471
0.010930630190522716
0.01041133365901319
0.010941866145578896
0.010417684416218856
0.01090962383976551
0.010423546653639473
0.010949193942354664
0.010375671714704446
0.01087933561309233
0.010382510991695163
0.010933561309233024
0.01033952125061065
0.010944797264289203
0.010453346360527603
0.010957010258915486
0.010412310698583293
0.010921836834391793
0.010336590131900343
0.010859306301905226
0.010368832437713728
0.01091304347826087
0.010393258426966293
0.01097361993160723
0.010432340009770396
0.010915486077186126
0.0103771372740596
0.010941377625793844
0.010296531509526134
0.010873473375671714
0.010410845139228138
0.010933072789447973
0.01034342940889106
0.010957010258915486
0.01039179286761114
0.010936492427943333
0.010426966292134831
0.010896433805569126
0.010413287738153395
0.010940400586223743
0.010381533952125061
0.010940889106008793
0.010400586223742061
0.010967757694186614
0.010392769907181241
0.010936003908158281
0.010434294088910601
0.010980459208597948
0.010374694675134343
0.010908646800195407
0.010413287738153395
0.010978016609672691
0.010357107962872496
0.010980459208597948
0.010423058133854421
0.010903761602344896
0.010417684416218856
0.01090620420127015
0.010351245725451881
0.010872984855886664
0.010385930630190523
0.010934049829018076
0.01033512457254519
0.01096580361504641
0.010397166585246703
0.010890083048363457
0.010429408891060088
0.010899364924279434
0.010348314606741573
0.010881778212017586
0.010376160234489496
0.01094333170493405
0.01039179286761114
0.010987298485588668
0.010401563263312165
0.010931118710307768
0.010401563263312165
0.010926233512457256
0.010363458720078165
0.01094723986321446
0.010398632144601856
0.010967757694186614
0.010343917928676111
0.010947728382999511
0.010360039081582804
0.010867122618466049
0.0104152418172936
0.010957010258915486
0.010346360527601368
0.01085735222276502
0.01033512457254519
0.010949193942354664
0.010298974108451393
0.010990229604298974
0.010455300439667808
0.010972642892037128
0.010420615534929165
0.010936980947728383
0.010358085002442598
0.010952125061064973
0.010407914020517831
0.010875427454811919
0.010376648754274548
0.010968246213971666
0.010401563263312165
0.010944797264289203
0.010410356619443088
0.010972642892037128
0.01033170493404983
0.010912066438690766
0.010416707376648753
0.010963849535906204
0.010379091353199804
0.010969223253541768
0.01038886174890083
0.010889594528578407
0.010405959941377626
0.01092085979482169
0.01041133365901319
0.010921836834391793
0.010321446018563751
0.01095798729848559
0.010383488031265266
0.010971665852467024
0.010398632144601856
0.010885686370297996
0.010420127015144113
0.010974596971177333
0.010336101612115291
0.01094723986321446
0.010363458720078165
0.010904738641914997
0.010317537860283341
0.01093942354665364
0.010510014655593551
0.010919882755251588
0.010440644846116268
0.010904250122129946
0.010352711284807034
0.010892525647288716
0.010405471421592575
0.01093160723009282
0.010337078651685394
0.010983390327308256
0.010473375671714705
0.010880312652662432
0.010480703468490473
0.010884220810942842
0.010376648754274548
0.010896433805569126
0.010389350268685881
0.010918417195896432
0.010387884709330728
0.01093551538837323
0.01045285784074255
0.01094723986321446
0.010408402540302883
0.010904250122129946
0.010404494382022471
0.010918905715681484
0.010382510991695163
0.010914509037616022
0.01033512457254519
0.010952613580850024
0.010398143624816806
0.0109057156814851
0.01036590131900342
0.01092769907181241
0.01031656082071324
0.010877870053737176
0.010393258426966293
0.010900830483634587
0.01033170493404983
0.010966292134831461
0.010415730337078651
0.01094723986321446
0.01039570102589155
0.010933072789447973
0.010368343917928676
0.010896922325354177
0.010379091353199804
0.010900830483634587
0.01037322911577919
0.010955544699560333
0.010432828529555448
0.010932095749877871
0.010387884709330728
0.010936003908158281
0.010363947239863214
0.01089741084513923
0.010366389838788471
0.010986321446018564
0.010393746946751345
0.010907181240840254
0.010391304347826088
0.010919882755251588
0.010357107962872496
0.010911577918905716
0.010357596482657546
0.010928187591597461
0.010393258426966293
0.010960918417195898
0.01033170493404983
0.01097703957010259
0.010424523693209576
0.010899364924279434
0.010408891060087933
0.01094333170493405
0.010307278944797264
0.0108876404494382
0.010321446018563751
0.010994137762579384
0.010353199804592086
0.010944308744504153
0.010401074743527113
0.010971665852467024
0.010454811919882756
0.010926722032242306
0.01039960918417196
0.010892037127503664
0.010388373229115778
0.010971665852467024
0.010361016121152908
0.010976551050317538
0.010412799218368343
0.01088373229115779
0.01036541279921837
0.010925256472887153
0.010336590131900343
0.010911089399120664
0.010424523693209576
0.010964338055691256
0.010362481680508061
0.010990229604298974
0.01044504152418173
0.010920371275036637
0.010391304347826088
0.010869565217391304
0.010355153883732291
0.010911577918905716
0.01041914997557401
0.010974596971177333
0.010376648754274548
0.01099609184171959
0.010401563263312165
0.010881778212017586
0.010399120664386908
0.010955056179775281
0.010345872007816316
0.010937957987298486
0.010346360527601368
0.01089447972642892
0.010327308255984366
0.010969223253541768
0.010424035173424525
0.010914020517830973
0.01045627747923791
0.01091353199804592
0.010349780166096726
0.01091011235955056
0.010360039081582804
0.010966780654616513
0.010367855398143624
0.010994137762579384
0.010401563263312165
0.010925744992672204
0.010414753297508548
0.010900341963849536
0.010310698583292623
0.010914997557401074
0.010418172936003908
0.010962872496336103
0.010363947239863214
0.010971177332681974
0.010422569614069371
0.010963849535906204
0.010394723986321446
0.010922325354176844
0.010420127015144113
0.010938935026868588
0.010357596482657546
0.010948705422569614
0.01036199316072301
0.010918417195896432
0.010412310698583293
0.010904738641914997
0.010401563263312165
0.010963849535906204
0.010379579872984856
0.010924279433317051
0.010385930630190523
0.01091695163654128
0.010329262335124573
0.010899364924279434
0.010437225207620908
0.010962383976551051
0.010401563263312165
0.010932095749877871
0.010395212506106498
0.01085735222276502
0.010366389838788471
0.010908158280410356
0.010361016121152908
0.01099218368343918
0.010390327308255983
0.010912554958475817
0.01039228138739619
0.010941377625793844
0.010360527601367856
0.010903761602344896
0.010398143624816806
0.010991695163654128
0.010301905227161701
0.010982901807523204
0.010400097703957011
0.010922813873961896
0.01036980947728383
0.010878358573522227
0.010390815828041036
0.010951636541279921
0.01041866145578896
0.010967757694186614
0.01038886174890083
0.010938446507083538
0.010433317049340498
0.010873961895456766
0.010485588666340988
0.010962383976551051
0.010357596482657546
0.01090913531998046
0.010387396189545676
0.010944308744504153
0.010356130923302393
0.010990229604298974
0.010463605276013678
0.010898876404494382
0.010422569614069371
0.01092085979482169
0.010300439667806548
0.01091011235955056
0.010343917928676111
0.010891548607718614
0.010323400097703956
0.010959941377625794
0.010404494382022471
0.010865657059110894
0.010410356619443088
0.01093551538837323
0.010372252076209086
0.01089350268685882
0.010396678065461651
0.010986321446018564
0.01034342940889106
0.010967269174401563
0.010378114313629701
0.01091695163654128
0.010357596482657546
0.010884220810942842
0.010374694675134343
0.010914509037616022
0.010360527601367856
0.010937957987298486
0.010326819736199316
0.01091744015632633
0.010427454811919883
0.010894968246213972
0.010442598925256473
0.010924279433317051
0.010350268685881778
0.01089447972642892
0.010372252076209086
0.010908646800195407
0.01031314118221788
0.010954567659990231
0.010414753297508548
0.01095065950170982
0.010424523693209576
0.010948216902784563
0.010371275036638984
0.010896433805569126
0.01036980947728383
0.010903761602344896
0.010363458720078165
0.010937957987298486
0.01039179286761114
0.010884220810942842
0.010440644846116268
0.010936492427943333
0.010371275036638984
0.010870542256961407
0.010367366878358574
0.01093942354665364
0.010353688324377136
0.011008304836345871
0.010382999511480214
0.010900341963849536
0.010383976551050318
0.010928187591597461
0.010389350268685881
0.01090131900341964
0.010374206155349291
0.010967269174401563
0.010295065950170981
0.010940889106008793
0.010420127015144113
0.01090913531998046
0.010427454811919883
0.010971665852467024
0.010372252076209086
0.010886174890083047
0.010377625793844651
0.01097703957010259
0.01036980947728383
0.010929164631167563
0.010433317049340498
0.010944797264289203
0.010402051783097216
0.01091304347826087
0.010345383488031264
0.010904250122129946
0.010356130923302393
0.01090522716170005
0.010370786516853933
0.01093258426966292
0.010400586223742061
0.010922325354176844
0.010411822178798241
0.01090229604298974
0.010337567171470444
0.010928676111382511
0.010378114313629701
0.010921836834391793
0.010386907669760624
0.01101856375183195
0.010432340009770396
0.010871030776746459
0.010435271128480703
0.010890083048363457
0.010431851489985345
0.010923302393746948
0.010378602833414753
0.010918417195896432
0.010372740595994138
0.010899853444064484
0.010439667806546165
0.010891060087933562
0.01040351734245237
0.010931118710307768
0.010412310698583293
0.010891548607718614
0.0104152418172936
0.010934049829018076
0.010301905227161701
0.010926233512457256
0.010439179286761113
0.010895945285784074
0.010401563263312165
0.010903761602344896
0.010340009770395701
0.010890571568148509
0.010460674157303371
0.01089350268685882
0.010394235466536396
0.010984367366878358
0.010385442110405471
0.010888617489008304
0.010378602833414753
0.010926233512457256
0.010385930630190523
0.010899364924279434
0.010432828529555448
0.010952613580850024
0.010315095261358084
0.010958475818270641
0.010367366878358574
0.010937469467513434
0.010373717635564241
0.010932095749877871
0.010401074743527113
0.010943820224719101
0.01039960918417196
0.010948216902784563
0.01034294088910601
0.010966780654616513
0.010399120664386908
0.010895945285784074
0.010469956033219345
0.010926233512457256
0.010348314606741573
0.010925256472887153
0.010387396189545676
0.010915486077186126
0.010322423058133854
0.010875427454811919
0.010402051783097216
0.010969223253541768
0.010372252076209086
0.01092769907181241
0.010338055691255496
0.010911577918905716
0.010353688324377136
0.010904738641914997
0.010383976551050318
0.010966292134831461
0.01041866145578896
0.010929164631167563
0.01036199316072301
0.01088324377137274
0.010344894968246214
0.010928187591597461
0.010389838788470933
0.010980947728383
0.010343917928676111
0.010919882755251588
0.01043771372740596
0.01087982413287738
0.010380556912554958
0.010912554958475817
0.010340009770395701
0.010945285784074254
0.010419638495359061
0.010926722032242306
0.01031314118221788
0.010936003908158281
0.010436248168050806
0.010893991206643869
0.010440156326331216
0.010920371275036637
0.010359062042012701
0.010863702979970689
0.010343917928676111
0.010970200293111871
0.0103390327308256
0.010882755251587689
0.010395212506106498
0.010959452857840743
0.01035857352222765
0.010914997557401074
0.010373717635564241
0.010911577918905716
0.010337567171470444
0.010948216902784563
0.010319980459208598
0.010997068881289693
0.010373717635564241
0.010890083048363457
0.010370297997068881
0.010943820224719101
0.010368343917928676
0.010930630190522716
0.010400586223742061
0.010966780654616513
0.0103390327308256
0.010979970688812896
0.01044162188568637
0.010945774303859306
0.010387396189545676
0.01090131900341964
0.010340009770395701
0.010908646800195407
0.010367855398143624
0.010951636541279921
0.010313629702002931
0.010895456765999024
0.010363947239863214
0.010881289692232536
0.010399120664386908
0.010967269174401563
0.010334636052760138
0.010884220810942842
0.01038104543234001
0.010923302393746948
0.010333170493404983
0.010924767953102101
0.010459208597948218
0.01098827552515877
0.01044162188568637
0.010937469467513434
0.010397655105031755
0.010950170981924768
0.010375183194919394
0.010941866145578896
0.010390815828041036
0.010996580361504641
0.010430874450415243
0.010933072789447973
0.010433317049340498
0.010948705422569614
0.010379091353199804
0.010936980947728383
0.010406936980947728
0.011002442598925256
0.010353688324377136
0.010933561309233024
0.010450415241817293
0.01091695163654128
0.010409379579872985
0.01090620420127015
0.010374206155349291
0.010982413287738153
0.010419638495359061
0.010949682462139716
0.010341475329750854
0.01090962383976551
0.010391304347826088
0.0109057156814851
0.010364924279433318
0.010978016609672691
0.01034684904738642
0.010921836834391793
0.010380068392769906
0.010986809965803616
0.010336101612115291
0.01092134831460674
0.010462628236443576
0.010957498778700538
0.010394723986321446
0.010914509037616022
0.010317537860283341
0.010894968246213972
0.01035857352222765
0.01090180752320469
0.010312164142647778
0.010992672203224231
0.010392769907181241
0.01087591597459697
0.010372740595994138
0.010963361016121153
0.010322911577918904
0.01088324377137274
0.010393746946751345
0.010938446507083538
0.010315583781143136
0.01095114802149487
0.010426966292134831
0.010924279433317051
0.010414753297508548
0.01092134831460674
0.010344406448461163
0.010970688812896923
0.0103771372740596
0.010961895456766
0.010355153883732291
0.010908158280410356
0.010430874450415243
0.010911577918905716
0.010404005862237421
0.010936003908158281
0.010364924279433318
0.010939912066438691
0.010391304347826088
0.010980947728383
0.010362481680508061
0.01095407914020518
0.010425012212994626
0.010936492427943333
0.010458720078163166
0.010920371275036637
0.010343917928676111
0.010867122618466049
0.010332681973619933
0.010928676111382511
0.010325842696629213
0.010997557401074744
0.010438202247191011
0.0108876404494382
0.010360527601367856
0.01093258426966292
0.010364924279433318
0.010893991206643869
0.01042208109428432
0.010956521739130436
0.010333659013190034
0.01096580361504641
0.010371275036638984
0.010900341963849536
0.01041133365901319
0.01090522716170005
0.010386907669760624
0.010915486077186126
0.010406448461162678
0.010967269174401563
0.010329750854909624
0.010939912066438691
0.010412799218368343
0.010893014167073767
0.010423058133854421
0.010969223253541768
0.010382999511480214
0.010916463116756227
0.010404005862237421
0.010967269174401563
0.010355642403517341
0.010957010258915486
0.010418172936003908
0.010937469467513434
0.010396678065461651
0.010931118710307768
0.010383976551050318
0.010912066438690766
0.010411822178798241
0.010932095749877871
0.010371275036638984
0.011006839276990718
0.010457254518808013
0.010918905715681484
0.010428920371275036
0.010943820224719101
0.010319980459208598
0.010922813873961896
0.010409379579872985
0.01095798729848559
0.010364924279433318
0.01096580361504641
0.010408402540302883
0.010931118710307768
0.01044162188568637
0.010912066438690766
0.010386907669760624
0.010956033219345384
0.010403028822667318
0.010987787005373718
0.010360039081582804
0.010946751343429408
0.010412310698583293
0.010841231069858329
0.010425500732779678
0.01093258426966292
0.010347337567171471
0.010928676111382511
0.01036199316072301
0.01093551538837323
0.010329750854909624
0.010954567659990231
0.010404005862237421
0.010900341963849536
0.010383488031265266
0.010898876404494382
0.01035466536394724
0.010941866145578896
0.010398632144601856
0.010946751343429408
0.010379579872984856
0.010979970688812896
0.010380068392769906
0.010922325354176844
0.010428920371275036
0.010930630190522716
0.01034342940889106
0.01088373229115779
0.010450903761602345
0.010968734733756718
0.010341475329750854
0.010964338055691256
0.010430874450415243
0.010952613580850024
0.010406448461162678
0.010873961895456766
0.010370297997068881
0.01093258426966292
0.010396678065461651
0.010951636541279921
0.010347337567171471
0.010940400586223743
0.010427454811919883
0.010890083048363457
0.010451392281387395
0.010943820224719101
0.010343917928676111
0.010928187591597461
0.010370297997068881
0.010967757694186614
0.010343917928676111
0.010904250122129946
0.010426966292134831
0.010934538348803126
0.010407914020517831
0.010926722032242306
0.010383488031265266
0.010878358573522227
0.010387396189545676
0.010982901807523204
0.010350268685881778
0.01098143624816805
0.010413287738153395
0.01087933561309233
0.010420127015144113
0.01089447972642892
0.010338055691255496
0.010868588177821202
0.01038104543234001
0.01099951148021495
0.01035857352222765
0.01097703957010259
0.010438202247191011
0.01091353199804592
0.010421592574499266
0.010952125061064973
0.010402540302882266
0.010950170981924768
0.010382510991695163
0.010991206643869078
0.010326819736199316
0.010985832926233513
0.010409868099658036
0.01086809965803615
0.01042208109428432
0.010940889106008793
0.010381533952125061
0.010886663409868099
0.010380556912554958
0.0108876404494382
0.010370786516853933
0.010979970688812896
0.010391304347826088
0.010926722032242306
0.010383488031265266
0.010922325354176844
0.010351245725451881
0.010871030776746459
0.010425012212994626
0.010964826575476308
0.010379091353199804
0.010963849535906204
0.010421104054714215
0.010851001465559354
0.010403028822667318
0.010926233512457256
0.010333659013190034
0.010868588177821202
0.010367855398143624
0.010923302393746948
0.010296531509526134
0.010957010258915486
0.010420127015144113
0.010924767953102101
0.010376160234489496
0.010955056179775281
0.010371275036638984
0.010967269174401563
0.010385930630190523
0.010947728382999511
0.010344894968246214
0.01096971177332682
0.01037322911577919
0.010899853444064484
0.010422569614069371
0.010943820224719101
0.010389350268685881
0.010933072789447973
0.01036150464093796
0.01095065950170982
0.010310210063507573
0.010956033219345384
0.01042598925256473
0.010970688812896923
0.010348803126526624
0.010884220810942842
0.010350268685881778
0.010859306301905226
0.01039570102589155
0.010960918417195898
0.010300439667806548
0.01099951148021495
0.010382022471910111
0.01095114802149487
0.010429408891060088
0.010912066438690766
0.010394723986321446
0.010881778212017586
0.010376160234489496
0.011011724474841231
0.010348314606741573
0.010987298485588668
0.010412310698583293
0.010890083048363457
0.010374694675134343
0.010959452857840743
0.010392769907181241
0.01093160723009282
0.010390327308255983
0.010945285784074254
0.010333659013190034
0.010981924767953101
0.010435759648265755
0.010933072789447973
0.01040742550073278
0.01095065950170982
0.010387884709330728
0.010926722032242306
0.010371275036638984
0.010938446507083538
0.010332681973619933
0.01091353199804592
0.010435759648265755
0.010988764044943821
0.010392769907181241
0.010880801172447484
0.010364435759648266
0.010925256472887153
0.01036932095749878
0.010960429897410846
0.010358085002442598
0.010976551050317538
0.010419638495359061
0.010872496336101612
0.010414264777723498
0.010892525647288716
0.010325354176844161
0.010872496336101612
0.010392769907181241
0.011002931118710308
0.010381533952125061
0.010976551050317538
0.010424035173424525
0.010933072789447973
0.010350268685881778
0.010915974596971178
0.010381533952125061
0.010914509037616022
0.01036199316072301
0.010958475818270641
0.01031265266243283
0.010953590620420128
0.010334147532975086
0.010869076697606254
0.01042598925256473
0.010948216902784563
0.010377625793844651
0.010949193942354664
0.010316072300928188
0.010923790913532
0.010326331216414264
0.01094333170493405
0.010453346360527603
0.010922813873961896
0.010408891060087933
0.010911089399120664
0.01031704934049829
0.010891548607718614
0.010357107962872496
0.010911577918905716
0.010372252076209086
0.010975574010747434
0.010406936980947728
0.010924279433317051
0.010429408891060088
0.010912066438690766
0.01036150464093796
0.01088373229115779
0.010432828529555448
0.01095114802149487
0.010374206155349291
0.010956033219345384
0.01040351734245237
0.010912554958475817
0.01041914997557401
0.010927210552027358
0.01035466536394724
0.01090913531998046
0.010368832437713728
0.01092769907181241
0.01033512457254519
0.01092134831460674
0.010337567171470444
0.010912066438690766
0.010455788959452858
0.010952613580850024
0.0103771372740596
0.010892525647288716
0.010368832437713728
0.010965315095261358
0.010326819736199316
0.010989741084513923
0.010425012212994626
0.010945285784074254
0.010366878358573523
0.01088715192965315
0.010338544211040548
0.0109057156814851
0.010318026380068393
0.010952125061064973
0.010402540302882266
0.010963849535906204
0.010409868099658036
0.010934049829018076
0.010450415241817293
0.010924767953102101
0.010297020029311188
0.010874450415241817
0.010385930630190523
0.010945285784074254
0.010359550561797755
0.010964338055691256
0.01039228138739619
0.010929164631167563
0.010421104054714215
0.01090522716170005
0.010408891060087933
0.010896922325354177
0.010394235466536396
0.010936980947728383
0.01031656082071324
0.010956033219345384
0.010343917928676111
0.010904738641914997
0.010425012212994626
0.010930630190522716
0.010336101612115291
0.010880312652662432
0.010404494382022471
0.01090229604298974
0.010329750854909624
0.010886174890083047
0.010449926722032241
0.010924279433317051
0.010428431851489986
0.010916463116756227
0.010319980459208598
0.010892525647288716
0.010301905227161701
0.010949193942354664
0.010312164142647778
0.010987787005373718
0.01035466536394724
0.010839765510503176
0.010366389838788471
0.010917928676111383
0.010312164142647778
0.010851489985344406
0.01036199316072301
0.011005373717635564
0.01036150464093796
0.010986809965803616
0.010370297997068881
0.010925256472887153
0.01043771372740596
0.01090180752320469
0.010391304347826088
0.010948216902784563
0.010401563263312165
0.010937469467513434
0.01038104543234001
0.010936003908158281
0.010396678065461651
0.01090180752320469
0.010396678065461651
0.010978505129457743
0.010356619443087444
0.010890571568148509
0.010370786516853933
0.010907669760625306
0.01034294088910601
0.010955544699560333
0.010370297997068881
0.01092085979482169
0.010398143624816806
0.010896433805569126
0.010352711284807034
0.010884220810942842
0.010353688324377136
0.010897899364924279
0.010328773815339523
0.010948705422569614
0.010390327308255983
0.010916463116756227
0.010389350268685881
0.010859306301905226
0.010332681973619933
0.010895456765999024
0.010378114313629701
0.010943820224719101
0.01034294088910601
0.01095065950170982
0.01041914997557401
0.010931118710307768
0.010389350268685881
0.010943820224719101
0.010385442110405471
0.010967757694186614
0.010412799218368343
0.010983878847093306
0.010300928187591598
0.010888128969223252
0.010350268685881778
0.010925744992672204
0.010436248168050806
0.010961895456766
0.010374694675134343
0.010934049829018076
0.01040351734245237
0.010890571568148509
0.010299462628236444
0.010948705422569614
0.010402051783097216
0.010874450415241817
0.010413287738153395
0.010866145578895946
0.010336590131900343
0.010940889106008793
0.010341475329750854
0.01099951148021495
0.010360527601367856
0.010958964338055693
0.010412799218368343
0.010903761602344896
0.010425012212994626
0.010869076697606254
0.010390815828041036
0.01092134831460674
0.010382510991695163
0.01096971177332682
0.010334636052760138
0.010936492427943333
0.010389350268685881
0.01090522716170005
0.01038495359062042
0.010915486077186126
0.01036541279921837
0.010926722032242306
0.010357596482657546
0.010982901807523204
0.010366878358573523
0.010979482169027844
0.010401074743527113
0.010891060087933562
0.010439667806546165
0.010942843185148998
0.010415730337078651
0.010877870053737176
0.010400586223742061
0.010936003908158281
0.010360039081582804
0.010972642892037128
0.010469467513434295
0.010891060087933562
0.010446995603321935
0.01095065950170982
0.010355153883732291
0.010891060087933562
0.010376160234489496
0.01095407914020518
0.010376648754274548
0.011002931118710308
0.010410356619443088
0.010906692721055202
0.010427454811919883
0.010895456765999024
0.010324865657059111
0.010895456765999024
0.010359550561797755
0.010935026868588178
0.010321446018563751
0.010955056179775281
0.010400586223742061
0.01091304347826087
0.010378602833414753
0.010919882755251588
0.010408891060087933
0.01091744015632633
0.010375183194919394
0.010918905715681484
0.010338544211040548
0.01097361993160723
0.010402540302882266
0.010874938935026869
0.010430874450415243
0.010921836834391793
0.010305813385442111
0.01089838788470933
0.010393746946751345
0.010948705422569614
0.01036150464093796
0.010963849535906204
0.01038886174890083
0.010982413287738153
0.010402051783097216
0.010895945285784074
0.010367855398143624
0.010862725940400587
0.010381533952125061
0.01094723986321446
0.010382510991695163
0.01097703957010259
0.010408402540302883
0.010924767953102101
0.010379091353199804
0.010886663409868099
0.010306790425012213
0.010935026868588178
0.010412310698583293
0.010959452857840743
0.010368343917928676
0.01098143624816805
0.010413287738153395
0.01090522716170005
0.01035075720566683
0.010941377625793844
0.010362970200293113
0.010894968246213972
0.010398632144601856
0.010943820224719101
0.010338055691255496
0.010930630190522716
0.010355153883732291
0.010874450415241817
0.010401074743527113
0.01092769907181241
0.010347337567171471
0.010893991206643869
0.010347337567171471
0.010956521739130436
0.01030923302393747
0.010978993649242794
0.01041133365901319
0.010929164631167563
0.010401074743527113
0.01090522716170005
0.010372740595994138
0.01087933561309233
0.010383488031265266
0.010930630190522716
0.01033512457254519
0.010964826575476308
0.010424523693209576
0.01091353199804592
0.010383976551050318
0.010895456765999024
0.010340009770395701
0.01087591597459697
0.010403028822667318
0.010988764044943821
0.010304347826086958
0.010982901807523204
0.01039228138739619
0.010916463116756227
0.010429408891060088
0.010935026868588178
0.01033561309233024
0.010896433805569126
0.010366389838788471
0.01097361993160723
0.010305813385442111
0.010935026868588178
0.01047532975085491
0.010921836834391793
0.010428431851489986
0.010943820224719101
0.010341475329750854
0.01090229604298974
0.01041914997557401
0.010920371275036637
0.010302882266731803
0.01094333170493405
0.010430385930630191
0.010877870053737176
0.010447972642892036
0.010899364924279434
0.010347337567171471
0.010880312652662432
0.010374206155349291
0.010926233512457256
0.010319491939423546
0.010982413287738153
0.01038886174890083
0.010915974596971178
0.01035075720566683
0.010911089399120664
0.010336101612115291
0.01085735222276502
0.010382510991695163
0.010978505129457743
0.010378114313629701
0.010937469467513434
0.010384465070835368
0.010885197850512946
0.01036199316072301
0.010928187591597461
0.010360527601367856
0.01091695163654128
0.010401074743527113
0.010925744992672204
0.010340986809965804
0.010924767953102101
0.010401074743527113
0.010869076697606254
0.010443087445041525
0.010947728382999511
0.010333170493404983
0.010894968246213972
0.010348803126526624
0.010907181240840254
0.01031265266243283
0.010945285784074254
0.010405959941377626
0.010919882755251588
0.010382022471910111
0.010928187591597461
0.010288226673180263
0.010900830483634587
0.010390815828041036
0.010896922325354177
0.010427943331704935
0.011005862237420614
0.01040742550073278
0.010903761602344896
0.010424523693209576
0.010885686370297996
0.010318514899853444
0.010902784562774792
0.010397166585246703
0.010936980947728383
0.010370297997068881
0.010956033219345384
0.01037322911577919
0.010911577918905716
0.010382510991695163
0.010923790913532
0.010394235466536396
0.010923790913532
0.010372252076209086
0.010948216902784563
0.010319003419638494
0.010957498778700538
0.010390815828041036
0.01090131900341964
0.010435271128480703
0.010986809965803616
0.01034342940889106
0.010872984855886664
0.01036590131900342
0.01089741084513923
0.010325354176844161
0.01093551538837323
0.01041866145578896
0.010908158280410356
0.01039228138739619
0.01092769907181241
0.010367366878358574
0.010899364924279434
0.01029750854909624
0.010929164631167563
0.010338544211040548
0.010940889106008793
0.010414264777723498
0.010914020517830973
0.010336101612115291
0.010907669760625306
0.010353199804592086
0.010849047386419149
0.010388373229115778
0.010931118710307768
0.010338055691255496
0.010958475818270641
0.010442110405471421
0.010890571568148509
0.010332681973619933
0.010898876404494382
0.010397166585246703
0.010938935026868588
0.010337567171470444
0.01094333170493405
0.010332193453834881
0.010947728382999511
0.010435759648265755
0.010903273082559844
0.010412310698583293
0.010967269174401563
0.010397655105031755
0.01091304347826087
0.010379091353199804
0.01098827552515877
0.010316072300928188
0.010930141670737666
0.010374206155349291
0.01096971177332682
0.010367366878358574
0.010926233512457256
0.010323400097703956
0.01091353199804592
0.010380068392769906
0.010947728382999511
0.010370297997068881
0.010978993649242794
0.010418172936003908
0.010888128969223252
0.010387884709330728
0.010917928676111383
0.010358085002442598
0.010893014167073767
0.010406448461162678
0.010908646800195407
0.01039179286761114
0.010948705422569614
0.010401074743527113
0.010914020517830973
0.010406448461162678
0.010937469467513434
0.010366389838788471
0.010917928676111383
0.010396189545676601
0.010937469467513434
0.0103390327308256
0.01092085979482169
0.010401563263312165
0.010926233512457256
0.0104152418172936
0.010964826575476308
0.010367366878358574
0.010918905715681484
0.010354176844162188
0.010930141670737666
0.010318026380068393
0.010957010258915486
0.010459697117733268
0.010930141670737666
0.010485588666340988
0.01092134831460674
0.010295065950170981
0.010817293600390816
0.010403028822667318
0.010950170981924768
0.010328285295554471
0.010961895456766
0.010385930630190523
0.01093258426966292
0.010423058133854421
0.01091695163654128
0.010340498290180753
0.010886174890083047
0.01038104543234001
0.01095798729848559
0.010314606741573034
0.010968734733756718
0.010394723986321446
0.010911577918905716
0.010392769907181241
0.010902784562774792
0.010346360527601368
0.010945774303859306
0.010404494382022471
0.010949682462139716
0.01033512457254519
0.010961406936980948
0.010404005862237421
0.010903273082559844
0.010419638495359061
0.010965315095261358
0.010364435759648266
0.010896433805569126
0.010371275036638984
0.010919394235466536
0.010376160234489496
0.01096971177332682
0.010404494382022471
0.010927210552027358
0.010398143624816806
0.010934049829018076
0.010323400097703956
0.01089350268685882
0.010416218856863703
0.010945774303859306
0.010372252076209086
0.010986809965803616
0.010404005862237421
0.010928676111382511
0.010378602833414753
0.010932095749877871
0.010319980459208598
0.01088715192965315
0.010374694675134343
0.010947728382999511
0.010376160234489496
0.010928676111382511
0.01033512457254519
0.01094723986321446
0.010454811919882756
0.010971177332681974
0.010330727894479728
0.010925256472887153
0.010360527601367856
0.010957010258915486
0.010308255984367368
0.010942354665363948
0.010413287738153395
0.010880801172447484
0.01040351734245237
0.010959941377625794
0.01036980947728383
0.010851001465559354
0.010390327308255983
0.010918905715681484
0.010350268685881778
0.010942843185148998
0.010429408891060088
0.01092769907181241
0.01042208109428432
0.01088324377137274
0.010333659013190034
0.010881289692232536
0.010323400097703956
0.010934049829018076
0.01030141670737665
0.010971177332681974
0.010397655105031755
0.010896433805569126
0.010390327308255983
0.01094333170493405
0.010347337567171471
0.010912066438690766
0.010378114313629701
0.010974596971177333
0.01036980947728383
0.010946751343429408
0.010327796775769418
0.01093258426966292
0.010402540302882266
0.010895456765999024
0.010377625793844651
0.010928676111382511
0.010384465070835368
0.010936980947728383
0.010344894968246214
0.010951636541279921
0.010385930630190523
0.010858329262335124
0.01041914997557401
0.010914509037616022
0.010379579872984856
0.010915486077186126
0.010355642403517341
0.010978505129457743
0.01033952125061065
0.010969223253541768
0.01045627747923791
0.01095114802149487
0.010436248168050806
0.01093160723009282
0.010353199804592086
0.010880312652662432
0.010353688324377136
0.010896433805569126
0.010348314606741573
0.010983390327308256
0.010447484123106985
0.01089838788470933
0.010425012212994626
0.01092085979482169
0.010334636052760138
0.010912066438690766
0.010401074743527113
0.010925256472887153
0.010398143624816806
0.010926722032242306
0.010415730337078651
0.010899364924279434
0.010351734245236931
0.010931118710307768
0.010371275036638984
0.010963361016121153
0.010422569614069371
0.010960918417195898
0.010317537860283341
0.010968734733756718
0.01038495359062042
0.010903761602344896
0.010438690766976063
0.01093551538837323
0.010308255984367368
0.010895456765999024
0.010412310698583293
0.01093551538837323
0.010323888617489008
0.010928187591597461
0.010413287738153395
0.010957010258915486
0.010359550561797755
0.010944797264289203
0.010352711284807034
0.010875427454811919
0.010338055691255496
0.010952613580850024
0.010413776257938446
0.010983390327308256
0.010399120664386908
0.010912066438690766
0.01035075720566683
0.010902784562774792
0.0103390327308256
0.010914509037616022
0.010423058133854421
0.010964338055691256
0.010386419149975573
0.010985832926233513
0.010389838788470933
0.010890571568148509
0.010381533952125061
0.010940889106008793
0.010363947239863214
0.01089838788470933
0.010385930630190523
0.010967269174401563
0.010364924279433318
0.010972154372252076
0.010421592574499266
0.01090131900341964
0.010396189545676601
0.010924767953102101
0.010298974108451393
0.010854909623839766
0.010387396189545676
0.010924767953102101
0.010314118221787983
0.010928187591597461
0.010446018563751831
0.010900341963849536
0.010463116756228628
0.010936003908158281
0.010341475329750854
0.010898876404494382
0.010382510991695163
0.010938935026868588
0.010416707376648753
0.01099218368343918
0.010462139716658525
0.010882266731802637
0.010408402540302883
0.010900341963849536
0.01033952125061065
0.010869076697606254
0.010354176844162188
0.010933072789447973
0.010362481680508061
0.01093551538837323
0.010446018563751831
0.01093160723009282
0.010377625793844651
0.010908158280410356
0.010367366878358574
0.01092134831460674
0.010406936980947728
0.010946262823644358
0.010311675622862726
0.010968734733756718
0.010417195896433805
0.01088324377137274
0.010401563263312165
0.010940889106008793
0.01031265266243283
0.01094333170493405
0.010378114313629701
0.010925744992672204
0.010372252076209086
0.010960429897410846
0.010412310698583293
0.010942354665363948
0.010436736687835858
0.010918417195896432
0.010345872007816316
0.010890571568148509
0.010385930630190523
0.010926722032242306
0.010332681973619933
0.010997557401074744
0.010394723986321446
0.010888617489008304
0.010352222765021983
0.010917928676111383
0.010372252076209086
0.010890571568148509
0.010366389838788471
0.010960429897410846
0.010343917928676111
0.010975574010747434
0.010362481680508061
0.010893991206643869
0.010340498290180753
0.010933072789447973
0.010387884709330728
0.010926722032242306
0.010396678065461651
0.010983878847093306
0.010362481680508061
0.010972154372252076
0.010419638495359061
0.01090131900341964
0.01044894968246214
0.01092085979482169
0.01033170493404983
0.010907181240840254
0.010374206155349291
0.010937469467513434
0.010333170493404983
0.010940400586223743
0.010442110405471421
0.01093551538837323
0.010366389838788471
0.010929653150952614
0.01034342940889106
0.010893991206643869
0.010376648754274548
0.01091353199804592
0.01038886174890083
0.010962872496336103
0.010391304347826088
0.010924279433317051
0.010385930630190523
0.010943820224719101
0.01036541279921837
0.010880801172447484
0.010380068392769906
0.011005373717635564
0.01039570102589155
0.010955544699560333
0.010424523693209576
0.010900341963849536
0.01040742550073278
0.01085735222276502
0.010401563263312165
0.010902784562774792
0.010338544211040548
0.01099218368343918
0.010367366878358574
0.010906692721055202
0.010388373229115778
0.010871519296531509
0.01041866145578896
0.01095407914020518
0.010298485588666341
0.010902784562774792
0.010327308255984366
0.010886663409868099
0.010328773815339523
0.010961895456766
0.010465559355153885
0.01089838788470933
0.010416218856863703
0.010939912066438691
0.010337078651685394
0.010893991206643869
0.010422569614069371
0.01092769907181241
0.010379579872984856
0.010968246213971666
0.010399120664386908
0.010925744992672204
0.010374206155349291
0.010892525647288716
0.010345872007816316
0.010920371275036637
0.010404005862237421
0.010978505129457743
0.010352222765021983
0.010956521739130436
0.01036199316072301
0.010938446507083538
0.010398143624816806
0.01093942354665364
0.010376648754274548
0.010929653150952614
0.010384465070835368
0.01094333170493405
0.010326819736199316
0.010933072789447973
0.010395212506106498
0.01087933561309233
0.010379579872984856
0.010955056179775281
0.010359062042012701
0.010884220810942842
0.010341475329750854
0.01090131900341964
0.010330727894479728
0.01095407914020518
0.010423546653639473
0.010926233512457256
0.010390815828041036
0.01092085979482169
0.01037322911577919
0.01089741084513923
0.010383488031265266
0.010935026868588178
0.010414264777723498
0.010972154372252076
0.010362481680508061
0.01087200781631656
0.010401563263312165
0.01089350268685882
0.010368832437713728
0.010889594528578407
0.010400586223742061
0.010932095749877871
0.010352222765021983
0.010934538348803126
0.01029066927210552
0.010760625305324865
0.010167073766487542
0.010688324377137274
0.010105031753786027
0.010591108939912067
0.009949682462139717
0.010508060576453346
0.009760136785539815
0.010413776257938446
0.009723497801660968
0.010276990718124084
0.009653639472398633
0.010197361993160722
0.009436248168050805
0.010065461651196874
0.009382999511480215
0.009902784562774793
0.009255495847581827
0.009872496336101612
0.009093795798729848
0.009800683927699073
0.009024914509037616
0.009670737664875426
0.008809965803615047
0.009542745481191987
0.008740107474352712
0.009519785051294577
0.008589154860771862
0.009461162677088422
0.008568148510014655
0.009247679531021007
0.008402051783097216
0.00919638495359062
0.008234978016609674
0.009041035661944308
0.008179286761113826
0.008918905715681484
0.008040547142159257
0.008885686370297996
0.007963361016121153
0.008693209574987787
0.007816316560820713
0.008587689301416708
0.007688324377137274
0.00849389350268686
0.007510503175378603
0.008446507083536883
0.007404494382022472
0.008269174401563264
0.0073238886174890085
0.008208597948216904
0.00724523693209575
0.008130923302393747
0.007034684904738642
0.007945285784074255
0.006939912066438691
0.007847093307278945
0.006790425012212995
0.007823644357596483
0.006775769418661456
0.007729360039081583
0.00657743038593063
0.0074772838299951155
0.006436248168050806
0.007416218856863704
0.006298485588666341
0.007321446018563752
0.0062193453834880315
0.007250610649731314
0.0061739130434782605
0.007077674645823156
0.00599609184171959
0.007010258915486078
0.005858329262335125
0.0068172936003908155
0.0057923790913532005
0.006797752808988764
0.0055456765999022965
0.006680996580361505
0.005554958475818271
0.006502686858817782
0.005435271128480704
0.0064167073766487545
0.005284318514899853
0.006334147532975085
0.005133365901319004
0.00623790913531998
0.00503028822667318
0.006140205178309721
0.005014655593551539
0.005938446507083537
0.0048475818270639955
0.00586028334147533
0.004705422569614069
0.005783097215437225
0.004626770884220811
0.005681973619931608
0.004465070835368833
0.005556424035173425
0.0044924279433317055
0.005421104054714216
0.004332681973619932
0.005327796775769418
0.004167073766487543
0.0051436248168050805
0.004089399120664387
0.005065950170981924
0.003999511480214948
0.00504152418172936
0.003944797264289204
0.0048226673180263805
0.0037826086956521737
0.004747435271128481
0.003702491450903762
0.004606741573033708
0.003659990229604299
0.004625793844650708
0.003466047874938935
0.004503175378602833
0.0034816805080605767
0.00432437713727406
0.0033502686858817785
0.00417733268197362
0.003263312164142648
0.004165119687347338
0.0031797752808988763
0.004043478260869565
0.003032730825598437
0.0038910600879335615
0.0029755740107474354
0.0037361993160723007
0.0029511480214948708
0.0037142159257449927
0.0028075232046897896
0.003502198339032731
0.002707865168539326
0.0034636052760136783
0.002534440644846116
0.003376160234489497
0.0024772838299951146
0.0033106985832926233
0.0024171958964338052
0.0031450903761602346
0.002276013678553981
0.0030063507572056667
0.0021284807034684904
0.002949682462139717
0.0020263800683927697
0.0029193942354665365
0.0019877870053737175
0.0026824621397166584
0.0018729848558866633
0.0026145578895945287
0.0017352222765021983
0.0024323400097703957
0.0016795310210063507
0.002429897410845139
0.0015163654127992184
0.002266731802638007
0.001524181729360039
0.0021294577430385933
0.0013605276013678553
0.0020053737176355642
0.0012217879824132879
0.0018944797264289204
0.0011411822178798241
0.0018363458720078163
0.0010258915486077186
0.0017005373717635564
0.0009956033219345383
0.0015158768930141672
0.0009272105520273571
0.0014973131411822177
0.0007156814851001465
0.0013082559843673668
0.0006692721055202736
0.0012848070346849047
0.000558866634098681
0.0011016121152906692
0.0005319980459208598
0.0009936492427943331
0.00038446507083536883
0.0008827552515876893
0.0002149487054225696
0.0006511968734733756
0.00016902784562774793
0.000601856375183195
8.793356130923302e-06
0.0005676599902296043
-3.7616023448949685e-05
0.0003356130923302394
-0.0001270151441133366
0.00017733268197361993
-0.0003136297020029311
6.741573033707865e-05
-0.00032926233512457255
-1.5144113336590131e-05
-0.0004425989252564729
-1.5144113336590131e-05
-0.0003878847093307279
-4.9829018075232046e-05
-0.00044699560332193456
-5.129457743038593e-05
-0.00043722520762090865
-4.836345872007816e-05
-0.0004338055691255496
-1.172447484123107e-05
-0.0005114802149487055
-1.9540791402051783e-06
-0.00042012701514411335
-5.9599413776257937e-05
-0.00041035661944308744
-2.5403028822667317e-05
-0.00037762579384465074
-0.00010649731314118222
-0.0004059599413776258
-0.00011089399120664386
-0.00047191011235955056
3.126526624328285e-05
-0.0003541768441621886
-6.204201270151441e-05
-0.00039863214460185637
-4.9829018075232046e-05
-0.0003961895456765999
-8.744504152418173e-05
-0.0004235466536394724
3.9081582804103565e-06
-0.0004235466536394724
5.5202735710796285e-05
-0.0003981436248168051
-2.1983390327308255e-05
-0.0003605276013678554
3.712750366389839e-05
-0.000416218856863703
-0.00010698583292623351
-0.00042403517342452367
5.324865657059111e-05
-0.00047874938935026865
4.103566194430874e-05
-0.0003805569125549585
-7.816316560820712e-05
-0.00039521250610649735
-8.98876404494382e-05
-0.0004391792867611138
-1.6609672691744016e-05
-0.0004123106985832926
-9.770395701025891e-07
-0.0004137762579384465
-4.2501221299462627e-05
-0.00038983878847093307
-3.419638495359062e-05
-0.00038446507083536883
2.9311187103077674e-06
-0.0004069369809477284
-8.695652173913043e-05
-0.0004489496824621397
-4.885197850512945e-06
-0.000432828529555447
2.6380068392769907e-05
-0.0003790913531998046
1.4167073766487542e-05
-0.00039325842696629214
-1.9052271617000487e-05
-0.0004377137274059599
-6.0087933561309233e-05
-0.00043575964826575474
-3.0776746458231555e-05
-0.0004421104054714216
0.00011382510991695163
-0.000361504640937958
-1.4655593551538837e-06
-0.0003693209574987787
-5.2760136785539814e-05
-0.00039423546653639474
-6.155349291646311e-05
-0.00039081582804103567
3.663898387884709e-05
-0.0004088910600879336
6.692721055202736e-05
-0.00037127503663898385
-4.885197850512946e-07
-0.00039863214460185637
-1.4655593551538837e-05
-0.0003497801660967269
-1.9052271617000487e-05
-0.00040156326331216414
6.741573033707865e-05
-0.0003795798729848559
-1.4655593551538837e-06
-0.0004123106985832926
-1.172447484123107e-05
-0.00030679042501221296
4.592085979482169e-05
-0.0003771372740595994
1.0258915486077186e-05
-0.0003507572056668295
1.9540791402051783e-06
-0.00042061553492916465
6.692721055202736e-05
-0.0003258426966292135
-2.68685881778212e-05
-0.00035124572545188083
2.1983390327308255e-05
-0.0003961895456765999
-3.126526624328285e-05
-0.00035564240351734246
9.281875915974597e-06
-0.00036345872007816316
5.080605764533463e-05
-0.0003434294088910601
3.7616023448949685e-05
-0.00036492427943331707
9.281875915974597e-06
-0.0003859306301905227
-9.77039570102589e-06
-0.0003869076697606253
9.428431851489985e-05
-0.0003878847093307279
6.106497313141182e-05
-0.00030337078651685394
5.7645334636052756e-05
-0.0003302393746946751
-2.9799706888128968e-05
-0.0003580850024425989
1.954079140205178e-05
-0.00036003908158280414
3.4196384953590617e-06
-0.00035515388373229116
6.692721055202736e-05
-0.00032437713727405957
1.9540791402051783e-06
-0.0003141182217879824
2.4914509037616023e-05
-0.00037274059599413776
-8.304836345872008e-06
-0.0003248656570591109
2.68685881778212e-05
-0.0004132877381533952
5.129457743038593e-05
-0.0002535417684416219
4.592085979482169e-05
-0.0003439179286761114
4.445530043966781e-05
-0.0003659013190034197
1.954079140205178e-05
-0.000336590131900342
4.592085979482169e-05
-0.0003878847093307279
8.695652173913043e-05
-0.000331704934049829
2.784562774792379e-05
-0.00033854421104054716
7.816316560820713e-06
-0.0004250122129946263
-1.2212994626282365e-05
-0.0003580850024425989
0.00010698583292623351
-0.00037225207620908646
4.9829018075232046e-05
-0.00029897410845139226
5.813385442110405e-05
-0.0003453834880312653
4.103566194430874e-05
-0.0003659013190034197
7.523204689789937e-05
-0.00039325842696629214
7.132388861748901e-05
-0.0004235466536394724
5.862237420615535e-05
-0.0003175378602833415
5.3737176355642404e-06
-0.000315095261358085
4.0547142159257446e-05
-0.0003522227650219834
4.836345872007816e-05
-0.0004000977039570103
4.7386419149975575e-05
-0.0003771372740595994
7.620908646800195e-05
-0.0003585735222276502
4.103566194430874e-05
-0.0003102100635075721
4.0058622374206156e-05
-0.00041133365901319005
3.5661944308744504e-05
-0.00043575964826575474
5.617977528089887e-05
-0.00036345872007816316
6.448461162677088e-05
-0.00036785539814362483
4.0547142159257446e-05
-0.00037664875427454814
3.908158280410356e-05
-0.000399609184171959
-1.3678553981436247e-05
-0.00033756717147044455
0.00010063507572056669
-0.0004049829018075232
8.793356130923302e-06
-0.0003175378602833415
5.617977528089887e-05
-0.000361504640937958
-5.3737176355642404e-06
-0.0003346360527601368
2.8822667318026378e-05
-0.000336590131900342
9.86809965803615e-05
-0.0003659013190034197
2.8334147532975084e-05
-0.0004132877381533952
6.3019052271617e-05
-0.0002970200293111871
1.7586712261846604e-05
-0.00039032730825598437
1.3678553981436247e-05
-0.00037567171470444553
6.35075720566683e-05
-0.00038202247191011237
6.0576453346360524e-05
-0.00033317049340498287
7.767464582315583e-05
-0.00030776746458231557
1.3190034196384953e-05
-0.0004049829018075232
-6.692721055202736e-05
-0.000356619443087445
6.106497313141182e-05
-0.00039912066438690767
0.0001441133365901319
-0.0003312164142647777
2.051783097215437e-05
-0.0003141182217879824
3.468490473864192e-05
-0.0003922813873961896
-2.051783097215437e-05
-0.0003263312164142648
0.0001270151441133366
-0.0004298974108451392
0.00015925744992672202
-0.0003390327308255984
3.0288226673180262e-05
-0.000374694675134343
-3.859306301905227e-05
-0.00035124572545188083
5.9599413776257937e-05
-0.0003595505617977528
0.00010649731314118222
-0.00038104543234000976
0.00010600879335613092
-0.00035466536394723985
1.1235955056179774e-05
-0.0003229115779189057
9.477283829995115e-05
-0.00040400586223742066
7.425500732779678e-05
-0.00033756717147044455
8.255984367366878e-05
-0.00039374694675134344
6.936980947728383e-05
-0.00035515388373229116
6.204201270151441e-05
-0.000340009770395701
2.8822667318026378e-05
-0.00040400586223742066
5.178309721543723e-05
-0.0003414753297508549
4.7874938935026865e-05
-0.0003873961895456766
0.00012750366389838787
-0.0003224230581338544
9.477283829995115e-05
-0.0003224230581338544
4.396678065461651e-05
-0.00037762579384465074
1.4655593551538837e-05
-0.0002994626282364436
0.00015192965315095262
-0.00034245236932095753
8.353688324377137e-05
-0.0003404982901807523
4.0058622374206156e-05
-0.00031069858329262333
7.18124084025403e-05
-0.00028773815339521255
2.6380068392769907e-05
-0.0003014167073766488
9.03761602344895e-05
-0.0004044943820224719
5.42256961406937e-05
-0.0003058133854421104
1.80752320468979e-05
-0.00033365901319003423
9.819247679531021e-05
-0.0003302393746946751
1.954079140205178e-05
-0.00039423546653639474
5.42256961406937e-05
-0.00033756717147044455
6.497313141182218e-05
-0.00032975085490962385
7.620908646800195e-05
-0.0003414753297508549
4.689789936492428e-05
-0.00037762579384465074
3.224230581338544e-05
-0.00039081582804103567
5.37371763556424e-05
-0.00037567171470444553
0.00013190034196384952
-0.00031851489985344403
4.7386419149975575e-05
-0.0003488031265266243
9.77039570102589e-06
-0.00039325842696629214
4.592085979482169e-05
-0.00030337078651685394
0.0001250610649731314
-0.0003146067415730337
8.646800195407914e-05
-0.00034245236932095753
5.178309721543723e-05
-0.00037274059599413776
-1.9540791402051783e-06
-0.000378114313629702
3.7616023448949685e-05
-0.0003414753297508549
6.448461162677088e-05
-0.0003478260869565217
0.00014851001465559355
-0.0003263312164142648
3.224230581338544e-05
-0.0003238886174890083
9.233023937469467e-05
-0.00035368832437713724
3.712750366389839e-05
-0.000353199804592086
4.592085979482169e-05
-0.00038886174890083046
0.0001162677088422081
-0.0002506106497313141
4.689789936492428e-05
-0.0003097215437225207
5.031753786028334e-05
-0.00037322911577918907
6.350757205666829e-06
-0.00033805569125549585
7.18124084025403e-05
-0.0002892037127503664
8.304836345872008e-05
-0.0002804103566194431
3.517342452369321e-05
-0.00032975085490962385
3.224230581338544e-05
-0.0003659013190034197
3.0776746458231555e-05
-0.0002926233512457255
8.93991206643869e-05
-0.00044064484611626767
0.00012896922325354176
-0.00031851489985344403
3.5661944308744504e-05
-0.0003527112848070347
5.129457743038593e-05
-0.00033317049340498287
0.00010014655593551538
-0.0003004396678065462
0.0001167562286272594
-0.0003619931607230093
0.00014264777723497802
-0.0003097215437225207
1.6609672691744016e-05
-0.0002892037127503664
0.00010161211529066927
-0.00035906204201270153
5.2760136785539814e-05
-0.0003224230581338544
0.0001270151441133366
-0.0004259892525647289
0.00012164142647777235
-0.0002808988764044944
5.37371763556424e-05
-0.00030337078651685394
5.227161700048852e-05
-0.00035564240351734246
2.442598925256473e-05
-0.0003253541768441622
0.00017342452369320958
-0.0003277967757694187
0.0001074743527112848
-0.00029653150952613585
7.132388861748901e-05
-0.00032926233512457255
2.784562774792379e-05
-0.00040254030288226674
3.0776746458231555e-05
-0.00033365901319003423
9.330727894479727e-05
-0.0003346360527601368
0.0001333659013190034
-0.0002535417684416219
8.597948216902785e-05
-0.0003141182217879824
9.135319980459208e-05
-0.000331704934049829
4.689789936492428e-05
-0.0003341475329750855
0.0001245725451880801
-0.0003957010258915486
0.00014557889594528578
-0.0003014167073766488
-1.4655593551538837e-05
-0.00031998045920859794
8.744504152418173e-05
-0.0003190034196384954
9.184171958964338e-05
-0.00035613092330239376
6.399609184171959e-05
-0.00033756717147044455
0.00010405471421592574
-0.0002936003908158281
0.00013287738153395213
-0.0003048363458720078
6.0087933561309233e-05
-0.0003517342452369321
2.442598925256473e-05
-0.0003136297020029311
5.227161700048852e-05
-0.0003829995114802149
0.00016658524670249143
-0.0002872496336101612
6.3019052271617e-05
-0.00031069858329262333
7.523204689789937e-05
-0.00036492427943331707
0.0
-0.0003214460185637518
0.00012164142647777235
-0.0003659013190034197
9.086468001954079e-05
-0.00028285295554469957
5.42256961406937e-05
-0.00029506595017098194
0.00010405471421592574
-0.0002936003908158281
8.109428431851489e-05
-0.0003253541768441622
0.0001172447484123107
-0.00036736687835857353
8.646800195407914e-05
-0.00033707865168539324
3.663898387884709e-05
-0.0002486565705911089
8.793356130923302e-05
-0.00033365901319003423
0.00010161211529066927
-0.0002794333170493405
8.304836345872008e-05
-0.00036003908158280414
0.0001460674157303371
-0.00025598436736687835
9.428431851489985e-05
-0.00032877381533952124
7.962872496336101e-05
-0.00032926233512457255
5.42256961406937e-05
-0.00033756717147044455
0.00010552027357107963
-0.00034489496824621394
0.00014167073766487544
-0.00029408891060087933
6.839276990718124e-05
-0.00026526624328285296
8.011724474841231e-05
-0.0003351245725451881
4.0058622374206156e-05
-0.00023839765510503175
0.00010600879335613092
-0.0002843185148998534
0.00018417195896433804
-0.00028676111382510994
6.497313141182218e-05
-0.0003268197361993161
5.9599413776257937e-05
-0.0003190034196384954
4.396678065461651e-05
-0.00027357107962872496
3.908158280410356e-05
-0.00034245236932095753
0.0001436248168050806
-0.000281875915974597
4.885197850512946e-05
-0.0003048363458720078
0.00012066438690766976
-0.0003190034196384954
6.692721055202736e-05
-0.0003014167073766488
0.00011089399120664386
-0.00033952125061064976
0.00012848070346849048
-0.00027747923790913534
2.4914509037616023e-05
-0.00028334147532975087
0.00014802149487054225
-0.0003825109916951637
9.721543722520761e-05
-0.0003341475329750855
9.330727894479727e-05
-0.00028627259404005864
0.00013873961895456767
-0.00028138739618954566
0.00011235955056179774
-0.00028676111382510994
6.497313141182218e-05
-0.0003834880312652663
5.471421592574499e-05
-0.00027747923790913534
0.00012994626282364436
-0.0003585735222276502
0.00016805080605764532
-0.00029457743038593064
0.00011577918905715682
-0.0003507572056668295
2.1494870542256962e-05
-0.0002808988764044944
0.00012212994626282364
-0.0003102100635075721
0.00013287738153395213
-0.00031949193942354664
0.00015339521250610648
-0.0002711284807034685
4.640937957987298e-05
-0.0002452369320957499
0.00014948705422569613
-0.0003302393746946751
5.7156814851001466e-05
-0.00029995114802149487
5.569125549584758e-05
-0.00036248168050806055
0.0001607230092818759
-0.00030679042501221296
0.00014704445530043967
-0.00027650219833903273
0.00010063507572056669
-0.000340009770395701
6.204201270151441e-05
-0.0003014167073766488
6.741573033707865e-05
-0.00031069858329262333
0.00019198827552515876
-0.00025989252564728873
6.106497313141182e-05
-0.00028334147532975087
8.793356130923302e-05
-0.00032193453834880316
8.451392281387396e-05
-0.00026038104543234003
8.597948216902785e-05
-0.0002848070346849048
0.0001695163654127992
-0.0003263312164142648
0.0001353199804592086
-0.00034733756717147046
9.77039570102589e-06
-0.00030679042501221296
0.00010600879335613092
-0.0003175378602833415
0.00016658524670249143
-0.0003414753297508549
7.718612603810454e-05
-0.0003072789447972643
0.00014557889594528578
-0.00024767953102100635
0.0001270151441133366
-0.00036883243771372744
5.5202735710796285e-05
-0.00026868588177821203
0.00013629702002931118
-0.00033756717147044455
0.00014509037616023448
-0.00023937469467513433
0.00015583781143136297
-0.00029897410845139226
0.00020224719101123595
-0.00033756717147044455
2.1006350757205665e-05
-0.0003492916463116756
9.574987787005373e-05
-0.0003092330239374695
0.000189057156814851
-0.00026624328285295557
0.00011822178798241328
-0.00031851489985344403
0.00012164142647777235
-0.0003527112848070347
6.546165119687347e-05
-0.00031998045920859794
0.0001895456765999023
-0.0003160723009281876
0.00012408402540302883
-0.00021739130434782607
7.23009281875916e-05
-0.00028285295554469957
7.083536883243772e-05
-0.00029164631167562287
7.083536883243772e-05
-0.00027699071812408403
0.0001446018563751832
-0.000361504640937958
0.00012310698583292622
-0.00030337078651685394
9.281875915974596e-05
-0.00028773815339521255
0.00016707376648754274
-0.0003170493404982902
0.00011040547142159257
-0.00030288226673180264
9.233023937469467e-05
-0.0003356130923302394
0.0001270151441133366
-0.00027259404005862235
0.00010307767464582315
-0.0002618466047874939
0.00012066438690766976
-0.0003277967757694187
0.00011235955056179774
-0.00031216414264777725
